alert_id,timestamp,machine_id,operator_id,task_id,alert_type,severity,source,message,recommended_action,resolved
AL000330,2025-01-01 07:53:00,M0014,OP0023,T00518,SEATBELT,LOW,safety_events,Seatbelt not fastened while machine is moving.,Review seatbelt compliance training with operator.,True
AL000331,2025-01-01 08:11:00,M0014,OP0023,T00518,PROXIMITY,LOW,safety_events,Unsafe reversing maneuver detected.,Reinforce spotter protocol for reversing operations.,False
AL000596,2025-01-01 11:59:00,M0034,OP0031,T00276,UNUSUAL_BEHAVIOR,MEDIUM,operator_behavior,Operator behavior pattern deviates from established baseline.,Review recent shift telemetry and consider targeted training.,False
AL000180,2025-01-01 12:49:00,M0034,OP0031,T00276,SEATBELT,MEDIUM,safety_events,Seatbelt not fastened while machine is moving.,Review seatbelt compliance training with operator.,False
AL001090,2025-01-01 17:32:24,M0014,OP0023,T00518,TASK_DELAY,MEDIUM,tasks,Task completion is trending beyond predicted duration.,Reassess task plan; check environmental and machine factors.,False
AL001015,2025-01-02 03:28:42,M0034,OP0031,T00276,TASK_DELAY,MEDIUM,tasks,Task completion is trending beyond predicted duration.,Reassess task plan; check environmental and machine factors.,True
AL000941,2025-01-02 14:59:18,M0023,OP0010,T00017,TASK_DELAY,MEDIUM,tasks,Task completion is trending beyond predicted duration.,Reassess task plan; check environmental and machine factors.,True
AL001020,2025-01-02 17:41:24,M0012,OP0017,T00283,TASK_DELAY,MEDIUM,tasks,Task completion is trending beyond predicted duration.,Reassess task plan; check environmental and machine factors.,True
AL001127,2025-01-02 17:55:30,M0037,OP0015,T00635,TASK_DELAY,MEDIUM,tasks,Task completion is trending beyond predicted duration.,Reassess task plan; check environmental and machine factors.,True
AL000891,2025-01-05 07:00:00,M0004,OP0045,,HIGH_IDLE,MEDIUM,operator_behavior,Idle ratio is significantly above operator baseline.,Recommend IDLE_MANAGEMENT training module.,False
AL000797,2025-01-06 10:00:00,M0022,OP0045,,HIGH_IDLE,MEDIUM,operator_behavior,Idle ratio is significantly above operator baseline.,Recommend IDLE_MANAGEMENT training module.,False
AL000798,2025-01-06 10:00:00,M0022,OP0045,,UNUSUAL_BEHAVIOR,MEDIUM,operator_behavior,Operator behavior pattern deviates from established baseline.,Review recent shift telemetry and consider targeted training.,True
AL001295,2025-01-06 13:00:00,M0038,,,ENVIRONMENTAL_RISK,MEDIUM,environment,"Hazardous environmental conditions (fog, visibility 165m).",Consider pausing operations until conditions improve.,True
AL000436,2025-01-07 09:10:00,M0007,OP0007,T00721,SEATBELT,MEDIUM,safety_events,Seatbelt not fastened while machine is moving.,Review seatbelt compliance training with operator.,True
AL000313,2025-01-07 11:34:00,M0021,OP0052,T00495,SEATBELT,MEDIUM,safety_events,Seatbelt not fastened while machine is moving.,Review seatbelt compliance training with operator.,True
AL000314,2025-01-07 11:49:00,M0021,OP0052,T00495,SEATBELT,MEDIUM,safety_events,Seatbelt not fastened while machine is moving.,Review seatbelt compliance training with operator.,True
AL000437,2025-01-07 11:49:00,M0007,OP0007,T00721,PROXIMITY,MEDIUM,safety_events,Unsafe reversing maneuver detected.,Reinforce spotter protocol for reversing operations.,True
AL000315,2025-01-07 11:57:00,M0021,OP0052,T00495,SEATBELT,HIGH,safety_events,Seatbelt not fastened while machine is moving.,Review seatbelt compliance training with operator.,True
AL000316,2025-01-07 12:51:00,M0021,OP0052,T00495,SEATBELT,MEDIUM,safety_events,Seatbelt not fastened while machine is moving.,Review seatbelt compliance training with operator.,True
AL000317,2025-01-07 13:08:00,M0021,OP0052,T00495,SEATBELT,LOW,safety_events,Seatbelt not fastened while machine is moving.,Review seatbelt compliance training with operator.,True
AL000318,2025-01-07 13:42:00,M0021,OP0052,T00495,SEATBELT,LOW,safety_events,Seatbelt not fastened while machine is moving.,Review seatbelt compliance training with operator.,True
AL000369,2025-01-07 14:06:00,M0030,OP0032,T00589,SEATBELT,LOW,safety_events,Seatbelt not fastened while machine is moving.,Review seatbelt compliance training with operator.,True
AL000319,2025-01-07 14:44:00,M0021,OP0052,T00495,SEATBELT,MEDIUM,safety_events,Seatbelt not fastened while machine is moving.,Review seatbelt compliance training with operator.,False
AL001114,2025-01-07 15:41:12,M0030,OP0032,T00589,TASK_DELAY,MEDIUM,tasks,Task completion is trending beyond predicted duration.,Reassess task plan; check environmental and machine factors.,False
AL001268,2025-01-07 19:00:00,M0033,,,ENVIRONMENTAL_RISK,MEDIUM,environment,"Hazardous environmental conditions (fog, visibility 134m).",Consider pausing operations until conditions improve.,True
AL000033,2025-01-08 13:38:00,M0035,OP0037,T00047,SEATBELT,MEDIUM,safety_events,Seatbelt not fastened while machine is moving.,Review seatbelt compliance training with operator.,True
AL001243,2025-01-09 06:00:00,M0017,,,ENVIRONMENTAL_RISK,MEDIUM,environment,"Hazardous environmental conditions (fog, visibility 94m).",Consider pausing operations until conditions improve.,True
AL000629,2025-01-09 07:33:00,M0024,OP0039,T00432,HIGH_IDLE,MEDIUM,operator_behavior,Idle ratio is significantly above operator baseline.,Recommend IDLE_MANAGEMENT training module.,False
AL000630,2025-01-09 07:33:00,M0024,OP0039,T00432,UNUSUAL_BEHAVIOR,MEDIUM,operator_behavior,Operator behavior pattern deviates from established baseline.,Review recent shift telemetry and consider targeted training.,True
AL000283,2025-01-09 08:17:00,M0024,OP0039,T00432,SEATBELT,MEDIUM,safety_events,Seatbelt not fastened while machine is moving.,Review seatbelt compliance training with operator.,False
AL000578,2025-01-09 08:54:00,M0002,OP0050,T00170,UNUSUAL_BEHAVIOR,MEDIUM,operator_behavior,Operator behavior pattern deviates from established baseline.,Review recent shift telemetry and consider targeted training.,False
AL000284,2025-01-09 09:41:00,M0024,OP0039,T00432,PROXIMITY,MEDIUM,safety_events,Obstacle detected within the machine operating zone.,Reassess path and clear or route around obstacle.,True
AL000512,2025-01-09 12:04:00,M0042,OP0034,T00829,SEATBELT,MEDIUM,safety_events,Seatbelt not fastened while machine is moving.,Review seatbelt compliance training with operator.,True
AL000513,2025-01-09 13:22:00,M0042,OP0034,T00829,SEATBELT,LOW,safety_events,Seatbelt not fastened while machine is moving.,Review seatbelt compliance training with operator.,True
AL001069,2025-01-09 16:47:54,M0024,OP0039,T00432,TASK_DELAY,MEDIUM,tasks,Task completion is trending beyond predicted duration.,Reassess task plan; check environmental and machine factors.,False
AL001292,2025-01-09 19:00:00,M0024,,,ENVIRONMENTAL_RISK,MEDIUM,environment,"Hazardous environmental conditions (fog, visibility 228m).",Consider pausing operations until conditions improve.,False
AL001206,2025-01-09 19:00:00,M0026,,,ENVIRONMENTAL_RISK,MEDIUM,environment,"Hazardous environmental conditions (fog, visibility 170m).",Consider pausing operations until conditions improve.,True
AL000933,2025-01-10 13:00:00,M0022,OP0020,,UNUSUAL_BEHAVIOR,MEDIUM,operator_behavior,Operator behavior pattern deviates from established baseline.,Review recent shift telemetry and consider targeted training.,True
AL000302,2025-01-10 14:37:00,M0013,OP0007,T00467,SEATBELT,LOW,safety_events,Seatbelt not fastened while machine is moving.,Review seatbelt compliance training with operator.,True
AL000389,2025-01-11 08:23:00,M0007,OP0001,T00621,PROXIMITY,LOW,safety_events,Worker detected within the machine operating zone.,Pause operation and confirm clear zone before resuming.,True
AL000954,2025-01-11 12:00:54,M0024,OP0030,T00058,TASK_DELAY,MEDIUM,tasks,Task completion is trending beyond predicted duration.,Reassess task plan; check environmental and machine factors.,False
AL000584,2025-01-11 13:30:00,M0003,OP0029,T00188,HIGH_IDLE,MEDIUM,operator_behavior,Idle ratio is significantly above operator baseline.,Recommend IDLE_MANAGEMENT training module.,False
AL000118,2025-01-11 14:13:00,M0003,OP0029,T00188,PROXIMITY,LOW,safety_events,Obstacle detected within the machine operating zone.,Reassess path and clear or route around obstacle.,True
AL000119,2025-01-11 14:24:00,M0003,OP0029,T00188,PROXIMITY,LOW,safety_events,Site vehicle detected within unsafe operating distance.,Coordinate with vehicle operator and increase clearance.,False
AL000120,2025-01-11 15:58:00,M0003,OP0029,T00188,PROXIMITY,LOW,safety_events,Obstacle detected within the machine operating zone.,Reassess path and clear or route around obstacle.,True
AL000678,2025-01-12 10:05:00,M0028,OP0049,T00693,HIGH_IDLE,MEDIUM,operator_behavior,Idle ratio is significantly above operator baseline.,Recommend IDLE_MANAGEMENT training module.,True
AL000679,2025-01-12 10:05:00,M0028,OP0049,T00693,UNUSUAL_BEHAVIOR,MEDIUM,operator_behavior,Operator behavior pattern deviates from established baseline.,Review recent shift telemetry and consider targeted training.,False
AL000423,2025-01-12 10:43:00,M0028,OP0049,T00693,SEATBELT,LOW,safety_events,Seatbelt not fastened while machine is moving.,Review seatbelt compliance training with operator.,True
AL001293,2025-01-12 13:00:00,M0011,,,ENVIRONMENTAL_RISK,MEDIUM,environment,"Hazardous environmental conditions (fog, visibility 234m).",Consider pausing operations until conditions improve.,True
AL000794,2025-01-12 14:00:00,M0035,OP0020,,HIGH_IDLE,MEDIUM,operator_behavior,Idle ratio is significantly above operator baseline.,Recommend IDLE_MANAGEMENT training module.,True
AL000888,2025-01-12 15:00:00,M0014,OP0045,,HIGH_IDLE,MEDIUM,operator_behavior,Idle ratio is significantly above operator baseline.,Recommend IDLE_MANAGEMENT training module.,False
AL001145,2025-01-12 16:11:00,M0028,OP0049,T00693,TASK_DELAY,MEDIUM,tasks,Task completion is trending beyond predicted duration.,Reassess task plan; check environmental and machine factors.,False
AL001272,2025-01-12 19:00:00,M0036,,,ENVIRONMENTAL_RISK,MEDIUM,environment,"Hazardous environmental conditions (fog, visibility 273m).",Consider pausing operations until conditions improve.,True
AL001084,2025-01-13 02:08:18,M0010,OP0033,T00490,TASK_DELAY,MEDIUM,tasks,Task completion is trending beyond predicted duration.,Reassess task plan; check environmental and machine factors.,True
AL001250,2025-01-13 06:00:00,M0030,,,ENVIRONMENTAL_RISK,MEDIUM,environment,"Hazardous environmental conditions (fog, visibility 79m).",Consider pausing operations until conditions improve.,False
AL000632,2025-01-13 11:35:00,M0035,OP0050,T00451,HIGH_IDLE,MEDIUM,operator_behavior,Idle ratio is significantly above operator baseline.,Recommend IDLE_MANAGEMENT training module.,True
AL001201,2025-01-13 13:00:00,M0042,,,ENVIRONMENTAL_RISK,MEDIUM,environment,"Hazardous environmental conditions (fog, visibility 104m).",Consider pausing operations until conditions improve.,True
AL000478,2025-01-13 15:50:00,M0031,OP0039,T00781,SEATBELT,HIGH,safety_events,Seatbelt not fastened while machine is moving.,Review seatbelt compliance training with operator.,True
AL000702,2025-01-14 07:14:00,M0031,OP0050,T00824,UNUSUAL_BEHAVIOR,MEDIUM,operator_behavior,Operator behavior pattern deviates from established baseline.,Review recent shift telemetry and consider targeted training.,False
AL000733,2025-01-14 09:00:00,M0009,OP0009,,HIGH_IDLE,MEDIUM,operator_behavior,Idle ratio is significantly above operator baseline.,Recommend IDLE_MANAGEMENT training module.,True
AL001179,2025-01-14 09:49:30,M0031,OP0050,T00824,TASK_DELAY,MEDIUM,tasks,Task completion is trending beyond predicted duration.,Reassess task plan; check environmental and machine factors.,True
AL000044,2025-01-14 11:16:00,M0006,OP0029,T00056,PROXIMITY,MEDIUM,safety_events,Obstacle detected within the machine operating zone.,Reassess path and clear or route around obstacle.,True
AL001226,2025-01-14 13:00:00,M0035,,,ENVIRONMENTAL_RISK,MEDIUM,environment,"Hazardous environmental conditions (fog, visibility 259m).",Consider pausing operations until conditions improve.,False
AL000627,2025-01-14 15:26:00,M0003,OP0001,T00430,UNUSUAL_BEHAVIOR,MEDIUM,operator_behavior,Operator behavior pattern deviates from established baseline.,Review recent shift telemetry and consider targeted training.,False
AL001068,2025-01-14 21:04:36,M0003,OP0001,T00430,TASK_DELAY,MEDIUM,tasks,Task completion is trending beyond predicted duration.,Reassess task plan; check environmental and machine factors.,True
AL000661,2025-01-15 07:10:00,M0018,OP0008,T00600,UNUSUAL_BEHAVIOR,MEDIUM,operator_behavior,Operator behavior pattern deviates from established baseline.,Review recent shift telemetry and consider targeted training.,True
AL000377,2025-01-15 09:23:00,M0018,OP0008,T00600,SEATBELT,MEDIUM,safety_events,Seatbelt not fastened while machine is moving.,Review seatbelt compliance training with operator.,True
AL000378,2025-01-15 10:32:00,M0018,OP0008,T00600,PROXIMITY,LOW,safety_events,Obstacle detected within the machine operating zone.,Reassess path and clear or route around obstacle.,True
AL001161,2025-01-15 13:05:12,M0042,OP0024,T00749,TASK_DELAY,MEDIUM,tasks,Task completion is trending beyond predicted duration.,Reassess task plan; check environmental and machine factors.,True
AL001117,2025-01-15 15:31:30,M0018,OP0008,T00600,TASK_DELAY,MEDIUM,tasks,Task completion is trending beyond predicted duration.,Reassess task plan; check environmental and machine factors.,False
AL000806,2025-01-16 14:00:00,M0024,OP0046,,HIGH_IDLE,MEDIUM,operator_behavior,Idle ratio is significantly above operator baseline.,Recommend IDLE_MANAGEMENT training module.,True
AL000675,2025-01-17 11:54:00,M0003,OP0046,T00683,UNUSUAL_BEHAVIOR,MEDIUM,operator_behavior,Operator behavior pattern deviates from established baseline.,Review recent shift telemetry and consider targeted training.,False
AL000674,2025-01-17 11:54:00,M0003,OP0046,T00683,HIGH_IDLE,MEDIUM,operator_behavior,Idle ratio is significantly above operator baseline.,Recommend IDLE_MANAGEMENT training module.,False
AL000418,2025-01-17 13:32:00,M0003,OP0046,T00683,SEATBELT,HIGH,safety_events,Seatbelt not fastened while machine is moving.,Review seatbelt compliance training with operator.,True
AL000291,2025-01-17 15:05:00,M0007,OP0021,T00448,PROXIMITY,MEDIUM,safety_events,Worker detected within the machine operating zone.,Pause operation and confirm clear zone before resuming.,True
AL001073,2025-01-17 20:57:18,M0007,OP0021,T00448,TASK_DELAY,MEDIUM,tasks,Task completion is trending beyond predicted duration.,Reassess task plan; check environmental and machine factors.,True
AL000706,2025-01-18 10:03:00,M0031,OP0025,T00841,HIGH_IDLE,MEDIUM,operator_behavior,Idle ratio is significantly above operator baseline.,Recommend IDLE_MANAGEMENT training module.,True
AL000707,2025-01-18 10:03:00,M0031,OP0025,T00841,UNUSUAL_BEHAVIOR,HIGH,operator_behavior,Operator behavior pattern deviates from established baseline.,Review recent shift telemetry and consider targeted training.,False
AL000517,2025-01-18 11:16:00,M0031,OP0025,T00841,SEATBELT,MEDIUM,safety_events,Seatbelt not fastened while machine is moving.,Review seatbelt compliance training with operator.,False
AL000518,2025-01-18 12:51:00,M0031,OP0025,T00841,PROXIMITY,MEDIUM,safety_events,Site vehicle detected within unsafe operating distance.,Coordinate with vehicle operator and increase clearance.,True
AL000519,2025-01-18 13:05:00,M0031,OP0025,T00841,SEATBELT,LOW,safety_events,Seatbelt not fastened while machine is moving.,Review seatbelt compliance training with operator.,False
AL000662,2025-01-18 13:07:00,M0029,OP0012,T00605,HIGH_IDLE,MEDIUM,operator_behavior,Idle ratio is significantly above operator baseline.,Recommend IDLE_MANAGEMENT training module.,True
AL000663,2025-01-18 13:07:00,M0029,OP0012,T00605,UNUSUAL_BEHAVIOR,MEDIUM,operator_behavior,Operator behavior pattern deviates from established baseline.,Review recent shift telemetry and consider targeted training.,False
AL000380,2025-01-18 13:45:00,M0029,OP0012,T00605,SEATBELT,MEDIUM,safety_events,Seatbelt not fastened while machine is moving.,Review seatbelt compliance training with operator.,True
AL000106,2025-01-18 16:07:00,M0016,OP0039,T00168,SEATBELT,LOW,safety_events,Seatbelt not fastened while machine is moving.,Review seatbelt compliance training with operator.,True
AL000107,2025-01-18 16:58:00,M0016,OP0039,T00168,SEATBELT,MEDIUM,safety_events,Seatbelt not fastened while machine is moving.,Review seatbelt compliance training with operator.,True
AL001120,2025-01-18 19:43:18,M0029,OP0012,T00605,TASK_DELAY,MEDIUM,tasks,Task completion is trending beyond predicted duration.,Reassess task plan; check environmental and machine factors.,True
AL000114,2025-01-19 07:59:00,M0035,OP0021,T00181,PROXIMITY,LOW,safety_events,Obstacle detected within the machine operating zone.,Reassess path and clear or route around obstacle.,True
AL000115,2025-01-19 08:35:00,M0035,OP0021,T00181,PROXIMITY,MEDIUM,safety_events,Worker detected within the machine operating zone.,Pause operation and confirm clear zone before resuming.,True
AL000844,2025-01-19 09:00:00,M0024,OP0025,,UNUSUAL_BEHAVIOR,MEDIUM,operator_behavior,Operator behavior pattern deviates from established baseline.,Review recent shift telemetry and consider targeted training.,True
AL000931,2025-01-19 09:00:00,M0015,OP0008,,UNUSUAL_BEHAVIOR,MEDIUM,operator_behavior,Operator behavior pattern deviates from established baseline.,Review recent shift telemetry and consider targeted training.,False
AL001171,2025-01-19 09:35:18,M0018,OP0051,T00798,TASK_DELAY,MEDIUM,tasks,Task completion is trending beyond predicted duration.,Reassess task plan; check environmental and machine factors.,False
AL001305,2025-01-19 13:00:00,M0033,,,ENVIRONMENTAL_RISK,HIGH,environment,"Hazardous environmental conditions (storm, visibility 315m).",Consider pausing operations until conditions improve.,False
AL001065,2025-01-19 15:25:30,M0025,OP0035,T00420,TASK_DELAY,MEDIUM,tasks,Task completion is trending beyond predicted duration.,Reassess task plan; check environmental and machine factors.,True
AL000819,2025-01-20 08:00:00,M0026,OP0016,,UNUSUAL_BEHAVIOR,MEDIUM,operator_behavior,Operator behavior pattern deviates from established baseline.,Review recent shift telemetry and consider targeted training.,True
AL000818,2025-01-20 08:00:00,M0026,OP0016,,HIGH_IDLE,MEDIUM,operator_behavior,Idle ratio is significantly above operator baseline.,Recommend IDLE_MANAGEMENT training module.,False
AL000601,2025-01-20 09:53:00,M0007,OP0028,T00314,HIGH_IDLE,MEDIUM,operator_behavior,Idle ratio is significantly above operator baseline.,Recommend IDLE_MANAGEMENT training module.,True
AL000379,2025-01-20 10:58:00,M0025,OP0050,T00603,PROXIMITY,LOW,safety_events,Unsafe reversing maneuver detected.,Reinforce spotter protocol for reversing operations.,True
AL000554,2025-01-20 11:01:00,M0017,OP0038,T00074,UNUSUAL_BEHAVIOR,MEDIUM,operator_behavior,Operator behavior pattern deviates from established baseline.,Review recent shift telemetry and consider targeted training.,True
AL001119,2025-01-20 13:39:06,M0025,OP0050,T00603,TASK_DELAY,MEDIUM,tasks,Task completion is trending beyond predicted duration.,Reassess task plan; check environmental and machine factors.,True
AL001034,2025-01-20 14:15:42,M0007,OP0028,T00314,TASK_DELAY,MEDIUM,tasks,Task completion is trending beyond predicted duration.,Reassess task plan; check environmental and machine factors.,True
AL000082,2025-01-20 16:19:00,M0004,OP0034,T00139,SEATBELT,MEDIUM,safety_events,Seatbelt not fastened while machine is moving.,Review seatbelt compliance training with operator.,True
AL000264,2025-01-20 16:49:00,M0030,OP0007,T00390,PROXIMITY,MEDIUM,safety_events,Unsafe reversing maneuver detected.,Reinforce spotter protocol for reversing operations.,True
AL000083,2025-01-20 18:11:00,M0004,OP0034,T00139,PROXIMITY,HIGH,safety_events,Site vehicle detected within unsafe operating distance.,Coordinate with vehicle operator and increase clearance.,True
AL000977,2025-01-20 18:29:30,M0004,OP0034,T00139,TASK_DELAY,MEDIUM,tasks,Task completion is trending beyond predicted duration.,Reassess task plan; check environmental and machine factors.,True
AL000265,2025-01-20 18:32:00,M0030,OP0007,T00390,SEATBELT,LOW,safety_events,Seatbelt not fastened while machine is moving.,Review seatbelt compliance training with operator.,True
AL001284,2025-01-20 19:00:00,M0032,,,ENVIRONMENTAL_RISK,MEDIUM,environment,"Hazardous environmental conditions (fog, visibility 126m).",Consider pausing operations until conditions improve.,False
AL001301,2025-01-20 19:00:00,M0023,,,ENVIRONMENTAL_RISK,HIGH,environment,"Hazardous environmental conditions (storm, visibility 269m).",Consider pausing operations until conditions improve.,True
AL000593,2025-01-21 14:02:00,M0021,OP0022,T00252,UNUSUAL_BEHAVIOR,HIGH,operator_behavior,Operator behavior pattern deviates from established baseline.,Review recent shift telemetry and consider targeted training.,False
AL000561,2025-01-21 14:04:00,M0029,OP0021,T00095,HIGH_IDLE,MEDIUM,operator_behavior,Idle ratio is significantly above operator baseline.,Recommend IDLE_MANAGEMENT training module.,True
AL000161,2025-01-21 15:34:00,M0021,OP0022,T00252,SEATBELT,LOW,safety_events,Seatbelt not fastened while machine is moving.,Review seatbelt compliance training with operator.,False
AL000162,2025-01-21 16:16:00,M0021,OP0022,T00252,PROXIMITY,LOW,safety_events,Worker detected within the machine operating zone.,Pause operation and confirm clear zone before resuming.,True
AL000965,2025-01-21 17:06:42,M0029,OP0021,T00095,TASK_DELAY,MEDIUM,tasks,Task completion is trending beyond predicted duration.,Reassess task plan; check environmental and machine factors.,False
AL000163,2025-01-21 17:08:00,M0021,OP0022,T00252,PROXIMITY,HIGH,safety_events,Obstacle detected within the machine operating zone.,Reassess path and clear or route around obstacle.,True
AL000559,2025-01-22 07:46:00,M0017,OP0015,T00091,UNUSUAL_BEHAVIOR,MEDIUM,operator_behavior,Operator behavior pattern deviates from established baseline.,Review recent shift telemetry and consider targeted training.,True
AL000558,2025-01-22 07:46:00,M0017,OP0015,T00091,HIGH_IDLE,MEDIUM,operator_behavior,Idle ratio is significantly above operator baseline.,Recommend IDLE_MANAGEMENT training module.,False
AL000059,2025-01-22 09:33:00,M0017,OP0015,T00091,SEATBELT,MEDIUM,safety_events,Seatbelt not fastened while machine is moving.,Review seatbelt compliance training with operator.,False
AL000060,2025-01-22 10:08:00,M0017,OP0015,T00091,SEATBELT,MEDIUM,safety_events,Seatbelt not fastened while machine is moving.,Review seatbelt compliance training with operator.,True
AL000962,2025-01-22 10:24:06,M0017,OP0015,T00091,TASK_DELAY,MEDIUM,tasks,Task completion is trending beyond predicted duration.,Reassess task plan; check environmental and machine factors.,True
AL000147,2025-01-22 13:14:00,M0013,OP0048,T00232,SEATBELT,HIGH,safety_events,Seatbelt not fastened while machine is moving.,Review seatbelt compliance training with operator.,True
AL000148,2025-01-22 13:48:00,M0013,OP0048,T00232,PROXIMITY,LOW,safety_events,Obstacle detected within the machine operating zone.,Reassess path and clear or route around obstacle.,True
AL000149,2025-01-22 14:06:00,M0013,OP0048,T00232,SEATBELT,LOW,safety_events,Seatbelt not fastened while machine is moving.,Review seatbelt compliance training with operator.,True
AL001059,2025-01-23 11:32:48,M0009,OP0052,T00395,TASK_DELAY,MEDIUM,tasks,Task completion is trending beyond predicted duration.,Reassess task plan; check environmental and machine factors.,False
AL000187,2025-01-23 11:51:00,M0021,OP0025,T00292,PROXIMITY,LOW,safety_events,Site vehicle detected within unsafe operating distance.,Coordinate with vehicle operator and increase clearance.,False
AL001025,2025-01-23 15:48:18,M0021,OP0025,T00292,TASK_DELAY,MEDIUM,tasks,Task completion is trending beyond predicted duration.,Reassess task plan; check environmental and machine factors.,True
AL000127,2025-01-25 08:49:00,M0018,OP0054,T00198,PROXIMITY,LOW,safety_events,Unsafe reversing maneuver detected.,Reinforce spotter protocol for reversing operations.,True
AL000889,2025-01-25 09:00:00,M0008,OP0046,,UNUSUAL_BEHAVIOR,HIGH,operator_behavior,Operator behavior pattern deviates from established baseline.,Review recent shift telemetry and consider targeted training.,True
AL000128,2025-01-25 09:07:00,M0018,OP0054,T00198,PROXIMITY,MEDIUM,safety_events,Site vehicle detected within unsafe operating distance.,Coordinate with vehicle operator and increase clearance.,True
AL000732,2025-01-25 14:00:00,M0041,OP0008,,UNUSUAL_BEHAVIOR,HIGH,operator_behavior,Operator behavior pattern deviates from established baseline.,Review recent shift telemetry and consider targeted training.,True
AL001150,2025-01-25 15:01:24,M0029,OP0039,T00704,TASK_DELAY,MEDIUM,tasks,Task completion is trending beyond predicted duration.,Reassess task plan; check environmental and machine factors.,False
AL000903,2025-01-26 08:00:00,M0018,OP0009,,HIGH_IDLE,MEDIUM,operator_behavior,Idle ratio is significantly above operator baseline.,Recommend IDLE_MANAGEMENT training module.,True
AL000912,2025-01-27 09:00:00,M0002,OP0052,,UNUSUAL_BEHAVIOR,MEDIUM,operator_behavior,Operator behavior pattern deviates from established baseline.,Review recent shift telemetry and consider targeted training.,True
AL000490,2025-01-27 12:46:00,M0027,OP0044,T00804,PROXIMITY,LOW,safety_events,Site vehicle detected within unsafe operating distance.,Coordinate with vehicle operator and increase clearance.,True
AL000056,2025-01-28 14:26:00,M0014,OP0013,T00085,PROXIMITY,LOW,safety_events,Obstacle detected within the machine operating zone.,Reassess path and clear or route around obstacle.,True
AL000057,2025-01-28 14:33:00,M0014,OP0013,T00085,UNUSUAL_BEHAVIOR,LOW,safety_events,Harsh braking event detected.,Review braking technique with operator.,True
AL000960,2025-01-28 21:10:42,M0014,OP0013,T00085,TASK_DELAY,MEDIUM,tasks,Task completion is trending beyond predicted duration.,Reassess task plan; check environmental and machine factors.,True
AL000829,2025-01-29 10:00:00,M0001,OP0009,,HIGH_IDLE,MEDIUM,operator_behavior,Idle ratio is significantly above operator baseline.,Recommend IDLE_MANAGEMENT training module.,True
AL000729,2025-01-29 14:00:00,M0002,OP0041,,HIGH_IDLE,MEDIUM,operator_behavior,Idle ratio is significantly above operator baseline.,Recommend IDLE_MANAGEMENT training module.,False
AL001287,2025-01-29 19:00:00,M0021,,,ENVIRONMENTAL_RISK,MEDIUM,environment,"Hazardous environmental conditions (fog, visibility 42m).",Consider pausing operations until conditions improve.,True
AL000895,2025-01-30 14:00:00,M0003,OP0041,,HIGH_IDLE,MEDIUM,operator_behavior,Idle ratio is significantly above operator baseline.,Recommend IDLE_MANAGEMENT training module.,True
AL000667,2025-01-30 14:57:00,M0040,OP0046,T00637,UNUSUAL_BEHAVIOR,MEDIUM,operator_behavior,Operator behavior pattern deviates from established baseline.,Review recent shift telemetry and consider targeted training.,True
AL000009,2025-01-30 15:36:00,M0008,OP0016,T00014,SEATBELT,LOW,safety_events,Seatbelt not fastened while machine is moving.,Review seatbelt compliance training with operator.,True
AL000400,2025-01-30 15:38:00,M0040,OP0046,T00637,SEATBELT,LOW,safety_events,Seatbelt not fastened while machine is moving.,Review seatbelt compliance training with operator.,True
AL000011,2025-01-30 16:38:00,M0038,OP0022,T00023,SEATBELT,MEDIUM,safety_events,Seatbelt not fastened while machine is moving.,Review seatbelt compliance training with operator.,False
AL001128,2025-01-30 16:42:06,M0040,OP0046,T00637,TASK_DELAY,MEDIUM,tasks,Task completion is trending beyond predicted duration.,Reassess task plan; check environmental and machine factors.,True
AL000012,2025-01-30 18:13:00,M0038,OP0022,T00023,UNUSUAL_BEHAVIOR,LOW,safety_events,Harsh braking event detected.,Review braking technique with operator.,True
AL000013,2025-01-30 19:08:00,M0038,OP0022,T00023,PROXIMITY,LOW,safety_events,Obstacle detected within the machine operating zone.,Reassess path and clear or route around obstacle.,True
AL000014,2025-01-30 19:24:00,M0038,OP0022,T00023,PROXIMITY,LOW,safety_events,Obstacle detected within the machine operating zone.,Reassess path and clear or route around obstacle.,True
AL000015,2025-01-30 19:44:00,M0038,OP0022,T00023,SEATBELT,LOW,safety_events,Seatbelt not fastened while machine is moving.,Review seatbelt compliance training with operator.,True
AL000213,2025-01-31 08:43:00,M0017,OP0016,T00321,PROXIMITY,LOW,safety_events,Obstacle detected within the machine operating zone.,Reassess path and clear or route around obstacle.,True
AL000214,2025-01-31 10:30:00,M0017,OP0016,T00321,PROXIMITY,LOW,safety_events,Worker detected within the machine operating zone.,Pause operation and confirm clear zone before resuming.,True
AL000434,2025-01-31 11:06:00,M0013,OP0020,T00720,PROXIMITY,MEDIUM,safety_events,Worker detected within the machine operating zone.,Pause operation and confirm clear zone before resuming.,True
AL000435,2025-01-31 12:28:00,M0013,OP0020,T00720,PROXIMITY,LOW,safety_events,Unsafe reversing maneuver detected.,Reinforce spotter protocol for reversing operations.,True
AL001154,2025-01-31 12:47:36,M0013,OP0020,T00720,TASK_DELAY,MEDIUM,tasks,Task completion is trending beyond predicted duration.,Reassess task plan; check environmental and machine factors.,True
AL001209,2025-01-31 13:00:00,M0041,,,ENVIRONMENTAL_RISK,MEDIUM,environment,"Hazardous environmental conditions (fog, visibility 104m).",Consider pausing operations until conditions improve.,False
AL001055,2025-01-31 17:49:48,M0022,OP0052,T00384,TASK_DELAY,MEDIUM,tasks,Task completion is trending beyond predicted duration.,Reassess task plan; check environmental and machine factors.,True
AL000850,2025-02-01 06:00:00,M0023,OP0045,,HIGH_IDLE,MEDIUM,operator_behavior,Idle ratio is significantly above operator baseline.,Recommend IDLE_MANAGEMENT training module.,True
AL000851,2025-02-01 06:00:00,M0023,OP0045,,UNUSUAL_BEHAVIOR,MEDIUM,operator_behavior,Operator behavior pattern deviates from established baseline.,Review recent shift telemetry and consider targeted training.,True
AL000637,2025-02-01 10:14:00,M0038,OP0050,T00470,UNUSUAL_BEHAVIOR,MEDIUM,operator_behavior,Operator behavior pattern deviates from established baseline.,Review recent shift telemetry and consider targeted training.,False
AL000307,2025-02-01 12:08:00,M0038,OP0050,T00470,SEATBELT,LOW,safety_events,Seatbelt not fastened while machine is moving.,Review seatbelt compliance training with operator.,True
AL000825,2025-02-02 06:00:00,M0027,OP0045,,HIGH_IDLE,MEDIUM,operator_behavior,Idle ratio is significantly above operator baseline.,Recommend IDLE_MANAGEMENT training module.,True
AL000767,2025-02-02 10:00:00,M0026,OP0041,,UNUSUAL_BEHAVIOR,HIGH,operator_behavior,Operator behavior pattern deviates from established baseline.,Review recent shift telemetry and consider targeted training.,False
AL000203,2025-02-02 10:19:00,M0014,OP0003,T00305,UNUSUAL_BEHAVIOR,LOW,safety_events,Harsh braking event detected.,Review braking technique with operator.,True
AL000752,2025-02-02 15:00:00,M0005,OP0028,,HIGH_IDLE,MEDIUM,operator_behavior,Idle ratio is significantly above operator baseline.,Recommend IDLE_MANAGEMENT training module.,False
AL001102,2025-02-02 17:10:18,M0013,OP0028,T00550,TASK_DELAY,MEDIUM,tasks,Task completion is trending beyond predicted duration.,Reassess task plan; check environmental and machine factors.,True
AL000653,2025-02-03 08:23:00,M0022,OP0005,T00564,UNUSUAL_BEHAVIOR,HIGH,operator_behavior,Operator behavior pattern deviates from established baseline.,Review recent shift telemetry and consider targeted training.,True
AL000355,2025-02-03 09:34:00,M0022,OP0005,T00564,PROXIMITY,LOW,safety_events,Obstacle detected within the machine operating zone.,Reassess path and clear or route around obstacle.,True
AL000750,2025-02-03 10:00:00,M0016,OP0016,,UNUSUAL_BEHAVIOR,MEDIUM,operator_behavior,Operator behavior pattern deviates from established baseline.,Review recent shift telemetry and consider targeted training.,True
AL000356,2025-02-03 10:46:00,M0022,OP0005,T00564,UNUSUAL_BEHAVIOR,LOW,safety_events,Harsh braking event detected.,Review braking technique with operator.,True
AL000357,2025-02-03 11:52:00,M0022,OP0005,T00564,SEATBELT,LOW,safety_events,Seatbelt not fastened while machine is moving.,Review seatbelt compliance training with operator.,True
AL000358,2025-02-03 12:03:00,M0022,OP0005,T00564,SEATBELT,LOW,safety_events,Seatbelt not fastened while machine is moving.,Review seatbelt compliance training with operator.,True
AL000359,2025-02-03 12:10:00,M0022,OP0005,T00564,SEATBELT,LOW,safety_events,Seatbelt not fastened while machine is moving.,Review seatbelt compliance training with operator.,True
AL001217,2025-02-03 13:00:00,M0034,,,ENVIRONMENTAL_RISK,MEDIUM,environment,"Hazardous environmental conditions (fog, visibility 124m).",Consider pausing operations until conditions improve.,True
AL000151,2025-02-03 15:34:00,M0030,OP0020,T00236,SEATBELT,MEDIUM,safety_events,Seatbelt not fastened while machine is moving.,Review seatbelt compliance training with operator.,True
AL000152,2025-02-03 17:47:00,M0030,OP0020,T00236,SEATBELT,MEDIUM,safety_events,Seatbelt not fastened while machine is moving.,Review seatbelt compliance training with operator.,True
AL000153,2025-02-03 18:49:00,M0030,OP0020,T00236,SEATBELT,MEDIUM,safety_events,Seatbelt not fastened while machine is moving.,Review seatbelt compliance training with operator.,True
AL000956,2025-02-03 20:38:54,M0036,OP0042,T00064,TASK_DELAY,MEDIUM,tasks,Task completion is trending beyond predicted duration.,Reassess task plan; check environmental and machine factors.,True
AL000281,2025-02-04 09:34:00,M0019,OP0005,T00423,SEATBELT,MEDIUM,safety_events,Seatbelt not fastened while machine is moving.,Review seatbelt compliance training with operator.,True
AL001153,2025-02-04 10:57:36,M0021,OP0030,T00716,TASK_DELAY,MEDIUM,tasks,Task completion is trending beyond predicted duration.,Reassess task plan; check environmental and machine factors.,False
AL000081,2025-02-04 14:15:00,M0012,OP0048,T00137,PROXIMITY,MEDIUM,safety_events,Obstacle detected within the machine operating zone.,Reassess path and clear or route around obstacle.,True
AL000239,2025-02-04 15:08:00,M0005,OP0027,T00353,PROXIMITY,LOW,safety_events,Site vehicle detected within unsafe operating distance.,Coordinate with vehicle operator and increase clearance.,True
AL000206,2025-02-04 15:33:00,M0004,OP0017,T00312,PROXIMITY,LOW,safety_events,Worker detected within the machine operating zone.,Pause operation and confirm clear zone before resuming.,False
AL000976,2025-02-04 16:27:18,M0012,OP0048,T00137,TASK_DELAY,MEDIUM,tasks,Task completion is trending beyond predicted duration.,Reassess task plan; check environmental and machine factors.,True
AL000240,2025-02-04 17:05:00,M0005,OP0027,T00353,PROXIMITY,MEDIUM,safety_events,Site vehicle detected within unsafe operating distance.,Coordinate with vehicle operator and increase clearance.,True
AL000241,2025-02-04 17:37:00,M0005,OP0027,T00353,SEATBELT,MEDIUM,safety_events,Seatbelt not fastened while machine is moving.,Review seatbelt compliance training with operator.,True
AL000186,2025-02-05 15:30:00,M0039,OP0030,T00291,SEATBELT,HIGH,safety_events,Seatbelt not fastened while machine is moving.,Review seatbelt compliance training with operator.,True
AL001024,2025-02-05 19:11:06,M0039,OP0030,T00291,TASK_DELAY,MEDIUM,tasks,Task completion is trending beyond predicted duration.,Reassess task plan; check environmental and machine factors.,True
AL000925,2025-02-06 07:00:00,M0016,OP0037,,UNUSUAL_BEHAVIOR,MEDIUM,operator_behavior,Operator behavior pattern deviates from established baseline.,Review recent shift telemetry and consider targeted training.,False
AL000429,2025-02-06 16:53:00,M0008,OP0050,T00699,PROXIMITY,LOW,safety_events,Unsafe reversing maneuver detected.,Reinforce spotter protocol for reversing operations.,False
AL001118,2025-02-06 18:35:30,M0038,OP0004,T00602,TASK_DELAY,MEDIUM,tasks,Task completion is trending beyond predicted duration.,Reassess task plan; check environmental and machine factors.,False
AL000607,2025-02-07 15:18:00,M0016,OP0023,T00333,UNUSUAL_BEHAVIOR,MEDIUM,operator_behavior,Operator behavior pattern deviates from established baseline.,Review recent shift telemetry and consider targeted training.,False
AL000876,2025-02-08 06:00:00,M0023,OP0029,,UNUSUAL_BEHAVIOR,MEDIUM,operator_behavior,Operator behavior pattern deviates from established baseline.,Review recent shift telemetry and consider targeted training.,True
AL000566,2025-02-08 06:21:00,M0012,OP0027,T00118,HIGH_IDLE,MEDIUM,operator_behavior,Idle ratio is significantly above operator baseline.,Recommend IDLE_MANAGEMENT training module.,False
AL000778,2025-02-08 07:00:00,M0006,OP0045,,HIGH_IDLE,MEDIUM,operator_behavior,Idle ratio is significantly above operator baseline.,Recommend IDLE_MANAGEMENT training module.,False
AL000258,2025-02-08 12:33:00,M0018,OP0045,T00376,SEATBELT,LOW,safety_events,Seatbelt not fastened while machine is moving.,Review seatbelt compliance training with operator.,True
AL000780,2025-02-09 09:00:00,M0035,OP0046,,HIGH_IDLE,MEDIUM,operator_behavior,Idle ratio is significantly above operator baseline.,Recommend IDLE_MANAGEMENT training module.,False
AL000339,2025-02-09 10:48:00,M0018,OP0029,T00527,SEATBELT,MEDIUM,safety_events,Seatbelt not fastened while machine is moving.,Review seatbelt compliance training with operator.,True
AL001054,2025-02-09 14:05:48,M0024,OP0024,T00381,TASK_DELAY,MEDIUM,tasks,Task completion is trending beyond predicted duration.,Reassess task plan; check environmental and machine factors.,False
AL001269,2025-02-10 06:00:00,M0006,,,ENVIRONMENTAL_RISK,HIGH,environment,"Hazardous environmental conditions (storm, visibility 227m).",Consider pausing operations until conditions improve.,True
AL001271,2025-02-10 13:00:00,M0019,,,ENVIRONMENTAL_RISK,HIGH,environment,"Hazardous environmental conditions (storm, visibility 391m).",Consider pausing operations until conditions improve.,True
AL000890,2025-02-10 15:00:00,M0010,OP0029,,UNUSUAL_BEHAVIOR,MEDIUM,operator_behavior,Operator behavior pattern deviates from established baseline.,Review recent shift telemetry and consider targeted training.,False
AL001294,2025-02-11 06:00:00,M0015,,,ENVIRONMENTAL_RISK,MEDIUM,environment,"Hazardous environmental conditions (fog, visibility 169m).",Consider pausing operations until conditions improve.,True
AL000715,2025-02-11 12:00:00,M0020,OP0016,,HIGH_IDLE,MEDIUM,operator_behavior,Idle ratio is significantly above operator baseline.,Recommend IDLE_MANAGEMENT training module.,False
AL001196,2025-02-11 19:00:00,M0032,,,ENVIRONMENTAL_RISK,MEDIUM,environment,"Hazardous environmental conditions (fog, visibility 178m).",Consider pausing operations until conditions improve.,True
AL000917,2025-02-12 10:00:00,M0018,OP0045,,UNUSUAL_BEHAVIOR,MEDIUM,operator_behavior,Operator behavior pattern deviates from established baseline.,Review recent shift telemetry and consider targeted training.,False
AL000916,2025-02-12 10:00:00,M0018,OP0045,,HIGH_IDLE,MEDIUM,operator_behavior,Idle ratio is significantly above operator baseline.,Recommend IDLE_MANAGEMENT training module.,True
AL000049,2025-02-12 10:16:00,M0030,OP0030,T00062,SEATBELT,MEDIUM,safety_events,Seatbelt not fastened while machine is moving.,Review seatbelt compliance training with operator.,True
AL000955,2025-02-12 12:28:54,M0030,OP0030,T00062,TASK_DELAY,MEDIUM,tasks,Task completion is trending beyond predicted duration.,Reassess task plan; check environmental and machine factors.,False
AL000972,2025-02-12 13:58:00,M0016,OP0032,T00126,TASK_DELAY,MEDIUM,tasks,Task completion is trending beyond predicted duration.,Reassess task plan; check environmental and machine factors.,False
AL001245,2025-02-12 19:00:00,M0042,,,ENVIRONMENTAL_RISK,HIGH,environment,"Hazardous environmental conditions (storm, visibility 84m).",Consider pausing operations until conditions improve.,False
AL000205,2025-02-14 11:34:00,M0039,OP0031,T00310,SEATBELT,LOW,safety_events,Seatbelt not fastened while machine is moving.,Review seatbelt compliance training with operator.,True
AL000557,2025-02-14 12:02:00,M0031,OP0015,T00088,UNUSUAL_BEHAVIOR,MEDIUM,operator_behavior,Operator behavior pattern deviates from established baseline.,Review recent shift telemetry and consider targeted training.,False
AL000556,2025-02-14 12:02:00,M0031,OP0015,T00088,HIGH_IDLE,MEDIUM,operator_behavior,Idle ratio is significantly above operator baseline.,Recommend IDLE_MANAGEMENT training module.,False
AL000428,2025-02-14 14:34:00,M0007,OP0009,T00698,SEATBELT,LOW,safety_events,Seatbelt not fastened while machine is moving.,Review seatbelt compliance training with operator.,True
AL000025,2025-02-14 16:03:00,M0030,OP0007,T00038,SEATBELT,LOW,safety_events,Seatbelt not fastened while machine is moving.,Review seatbelt compliance training with operator.,True
AL000026,2025-02-14 16:25:00,M0030,OP0007,T00038,SEATBELT,HIGH,safety_events,Seatbelt not fastened while machine is moving.,Review seatbelt compliance training with operator.,False
AL000961,2025-02-14 22:00:48,M0031,OP0015,T00088,TASK_DELAY,MEDIUM,tasks,Task completion is trending beyond predicted duration.,Reassess task plan; check environmental and machine factors.,True
AL000948,2025-02-15 00:55:30,M0030,OP0007,T00038,TASK_DELAY,MEDIUM,tasks,Task completion is trending beyond predicted duration.,Reassess task plan; check environmental and machine factors.,False
AL000863,2025-02-15 07:00:00,M0030,OP0009,,UNUSUAL_BEHAVIOR,MEDIUM,operator_behavior,Operator behavior pattern deviates from established baseline.,Review recent shift telemetry and consider targeted training.,False
AL000862,2025-02-15 07:00:00,M0030,OP0009,,HIGH_IDLE,MEDIUM,operator_behavior,Idle ratio is significantly above operator baseline.,Recommend IDLE_MANAGEMENT training module.,False
AL000807,2025-02-15 14:00:00,M0024,OP0030,,UNUSUAL_BEHAVIOR,MEDIUM,operator_behavior,Operator behavior pattern deviates from established baseline.,Review recent shift telemetry and consider targeted training.,True
AL000910,2025-02-16 13:00:00,M0037,OP0016,,HIGH_IDLE,MEDIUM,operator_behavior,Idle ratio is significantly above operator baseline.,Recommend IDLE_MANAGEMENT training module.,False
AL000253,2025-02-16 13:17:00,M0035,OP0051,T00367,SEATBELT,HIGH,safety_events,Seatbelt not fastened while machine is moving.,Review seatbelt compliance training with operator.,True
AL000371,2025-02-16 16:54:00,M0036,OP0041,T00594,SEATBELT,HIGH,safety_events,Seatbelt not fastened while machine is moving.,Review seatbelt compliance training with operator.,True
AL000372,2025-02-16 17:10:00,M0036,OP0041,T00594,PROXIMITY,LOW,safety_events,Worker detected within the machine operating zone.,Pause operation and confirm clear zone before resuming.,True
AL000373,2025-02-16 18:49:00,M0036,OP0041,T00594,SEATBELT,MEDIUM,safety_events,Seatbelt not fastened while machine is moving.,Review seatbelt compliance training with operator.,True
AL000098,2025-02-17 15:31:00,M0017,OP0029,T00161,SEATBELT,LOW,safety_events,Seatbelt not fastened while machine is moving.,Review seatbelt compliance training with operator.,False
AL000099,2025-02-17 17:04:00,M0017,OP0029,T00161,UNUSUAL_BEHAVIOR,LOW,safety_events,Harsh braking event detected.,Review braking technique with operator.,True
AL000301,2025-02-18 09:00:00,M0017,OP0039,T00459,SEATBELT,LOW,safety_events,Seatbelt not fastened while machine is moving.,Review seatbelt compliance training with operator.,True
AL000887,2025-02-18 11:00:00,M0028,OP0041,,HIGH_IDLE,MEDIUM,operator_behavior,Idle ratio is significantly above operator baseline.,Recommend IDLE_MANAGEMENT training module.,True
AL000183,2025-02-18 13:47:00,M0012,OP0054,T00286,SEATBELT,MEDIUM,safety_events,Seatbelt not fastened while machine is moving.,Review seatbelt compliance training with operator.,False
AL000990,2025-02-19 00:05:06,M0014,OP0006,T00183,TASK_DELAY,MEDIUM,tasks,Task completion is trending beyond predicted duration.,Reassess task plan; check environmental and machine factors.,False
AL001202,2025-02-19 06:00:00,M0015,,,ENVIRONMENTAL_RISK,MEDIUM,environment,"Hazardous environmental conditions (fog, visibility 242m).",Consider pausing operations until conditions improve.,True
AL000398,2025-02-19 06:41:00,M0021,OP0044,T00636,PROXIMITY,LOW,safety_events,Worker detected within the machine operating zone.,Pause operation and confirm clear zone before resuming.,True
AL000399,2025-02-19 07:20:00,M0021,OP0044,T00636,SEATBELT,MEDIUM,safety_events,Seatbelt not fastened while machine is moving.,Review seatbelt compliance training with operator.,False
AL000029,2025-02-19 09:17:00,M0021,OP0007,T00043,PROXIMITY,MEDIUM,safety_events,Worker detected within the machine operating zone.,Pause operation and confirm clear zone before resuming.,True
AL001165,2025-02-19 09:27:54,M0016,OP0002,T00763,TASK_DELAY,MEDIUM,tasks,Task completion is trending beyond predicted duration.,Reassess task plan; check environmental and machine factors.,False
AL001000,2025-02-19 10:02:18,M0042,OP0026,T00212,TASK_DELAY,MEDIUM,tasks,Task completion is trending beyond predicted duration.,Reassess task plan; check environmental and machine factors.,True
AL001109,2025-02-19 10:52:30,M0007,OP0019,T00571,TASK_DELAY,MEDIUM,tasks,Task completion is trending beyond predicted duration.,Reassess task plan; check environmental and machine factors.,False
AL000572,2025-02-19 12:13:00,M0036,OP0048,T00153,UNUSUAL_BEHAVIOR,HIGH,operator_behavior,Operator behavior pattern deviates from established baseline.,Review recent shift telemetry and consider targeted training.,True
AL000179,2025-02-19 12:26:00,M0028,OP0034,T00275,SEATBELT,HIGH,safety_events,Seatbelt not fastened while machine is moving.,Review seatbelt compliance training with operator.,True
AL000094,2025-02-19 12:54:00,M0036,OP0048,T00153,PROXIMITY,MEDIUM,safety_events,Obstacle detected within the machine operating zone.,Reassess path and clear or route around obstacle.,True
AL000095,2025-02-19 13:00:00,M0036,OP0048,T00153,PROXIMITY,MEDIUM,safety_events,Site vehicle detected within unsafe operating distance.,Coordinate with vehicle operator and increase clearance.,True
AL000740,2025-02-19 14:00:00,M0028,OP0027,,UNUSUAL_BEHAVIOR,MEDIUM,operator_behavior,Operator behavior pattern deviates from established baseline.,Review recent shift telemetry and consider targeted training.,False
AL000979,2025-02-20 09:27:12,M0026,OP0034,T00145,TASK_DELAY,MEDIUM,tasks,Task completion is trending beyond predicted duration.,Reassess task plan; check environmental and machine factors.,False
AL000001,2025-02-20 13:37:00,M0001,OP0026,T00003,SEATBELT,LOW,safety_events,Seatbelt not fastened while machine is moving.,Review seatbelt compliance training with operator.,False
AL000763,2025-02-20 14:00:00,M0032,OP0055,,UNUSUAL_BEHAVIOR,HIGH,operator_behavior,Operator behavior pattern deviates from established baseline.,Review recent shift telemetry and consider targeted training.,True
AL000563,2025-02-21 07:20:00,M0015,OP0045,T00106,HIGH_IDLE,MEDIUM,operator_behavior,Idle ratio is significantly above operator baseline.,Recommend IDLE_MANAGEMENT training module.,False
AL000800,2025-02-21 08:00:00,M0009,OP0009,,HIGH_IDLE,MEDIUM,operator_behavior,Idle ratio is significantly above operator baseline.,Recommend IDLE_MANAGEMENT training module.,True
AL000571,2025-02-22 06:01:00,M0022,OP0020,T00150,UNUSUAL_BEHAVIOR,MEDIUM,operator_behavior,Operator behavior pattern deviates from established baseline.,Review recent shift telemetry and consider targeted training.,True
AL000570,2025-02-22 06:01:00,M0022,OP0020,T00150,HIGH_IDLE,MEDIUM,operator_behavior,Idle ratio is significantly above operator baseline.,Recommend IDLE_MANAGEMENT training module.,True
AL000090,2025-02-22 06:44:00,M0022,OP0020,T00150,UNUSUAL_BEHAVIOR,LOW,safety_events,Harsh braking event detected.,Review braking technique with operator.,True
AL000701,2025-02-22 07:41:00,M0037,OP0025,T00823,UNUSUAL_BEHAVIOR,MEDIUM,operator_behavior,Operator behavior pattern deviates from established baseline.,Review recent shift telemetry and consider targeted training.,True
AL000508,2025-02-22 08:15:00,M0037,OP0025,T00823,PROXIMITY,LOW,safety_events,Site vehicle detected within unsafe operating distance.,Coordinate with vehicle operator and increase clearance.,True
AL000509,2025-02-22 08:49:00,M0037,OP0025,T00823,UNUSUAL_BEHAVIOR,LOW,safety_events,Harsh braking event detected.,Review braking technique with operator.,True
AL000633,2025-02-22 09:15:00,M0019,OP0008,T00452,UNUSUAL_BEHAVIOR,MEDIUM,operator_behavior,Operator behavior pattern deviates from established baseline.,Review recent shift telemetry and consider targeted training.,True
AL000510,2025-02-22 09:17:00,M0037,OP0025,T00823,SEATBELT,MEDIUM,safety_events,Seatbelt not fastened while machine is moving.,Review seatbelt compliance training with operator.,True
AL001178,2025-02-22 09:58:12,M0037,OP0025,T00823,TASK_DELAY,MEDIUM,tasks,Task completion is trending beyond predicted duration.,Reassess task plan; check environmental and machine factors.,True
AL000295,2025-02-22 11:14:00,M0019,OP0008,T00452,PROXIMITY,MEDIUM,safety_events,Worker detected within the machine operating zone.,Pause operation and confirm clear zone before resuming.,True
AL000296,2025-02-22 11:28:00,M0019,OP0008,T00452,SEATBELT,LOW,safety_events,Seatbelt not fastened while machine is moving.,Review seatbelt compliance training with operator.,False
AL000881,2025-02-22 13:00:00,M0012,OP0019,,HIGH_IDLE,MEDIUM,operator_behavior,Idle ratio is significantly above operator baseline.,Recommend IDLE_MANAGEMENT training module.,True
AL000982,2025-02-22 13:23:30,M0022,OP0020,T00150,TASK_DELAY,MEDIUM,tasks,Task completion is trending beyond predicted duration.,Reassess task plan; check environmental and machine factors.,True
AL001074,2025-02-22 15:24:36,M0019,OP0008,T00452,TASK_DELAY,MEDIUM,tasks,Task completion is trending beyond predicted duration.,Reassess task plan; check environmental and machine factors.,False
AL000600,2025-02-23 07:52:00,M0018,OP0007,T00308,HIGH_IDLE,MEDIUM,operator_behavior,Idle ratio is significantly above operator baseline.,Recommend IDLE_MANAGEMENT training module.,False
AL000795,2025-02-23 11:00:00,M0013,OP0045,,UNUSUAL_BEHAVIOR,MEDIUM,operator_behavior,Operator behavior pattern deviates from established baseline.,Review recent shift telemetry and consider targeted training.,False
AL001194,2025-02-23 13:00:00,M0030,,,ENVIRONMENTAL_RISK,HIGH,environment,"Hazardous environmental conditions (storm, visibility 222m).",Consider pausing operations until conditions improve.,True
AL000619,2025-02-24 06:51:00,M0042,OP0037,T00393,UNUSUAL_BEHAVIOR,MEDIUM,operator_behavior,Operator behavior pattern deviates from established baseline.,Review recent shift telemetry and consider targeted training.,True
AL000721,2025-02-24 07:00:00,M0031,OP0011,,HIGH_IDLE,MEDIUM,operator_behavior,Idle ratio is significantly above operator baseline.,Recommend IDLE_MANAGEMENT training module.,False
AL000267,2025-02-24 07:31:00,M0042,OP0037,T00393,PROXIMITY,CRITICAL,safety_events,Obstacle detected within the machine operating zone.,Reassess path and clear or route around obstacle.,True
AL000489,2025-02-24 08:36:00,M0001,OP0055,T00803,PROXIMITY,MEDIUM,safety_events,Obstacle detected within the machine operating zone.,Reassess path and clear or route around obstacle.,True
AL000493,2025-02-24 08:53:00,M0017,OP0020,T00807,SEATBELT,LOW,safety_events,Seatbelt not fastened while machine is moving.,Review seatbelt compliance training with operator.,False
AL001172,2025-02-24 09:37:30,M0001,OP0055,T00803,TASK_DELAY,MEDIUM,tasks,Task completion is trending beyond predicted duration.,Reassess task plan; check environmental and machine factors.,True
AL000178,2025-02-24 09:45:00,M0033,OP0004,T00274,UNUSUAL_BEHAVIOR,LOW,safety_events,Harsh braking event detected.,Review braking technique with operator.,True
AL001014,2025-02-24 10:04:06,M0033,OP0004,T00274,TASK_DELAY,MEDIUM,tasks,Task completion is trending beyond predicted duration.,Reassess task plan; check environmental and machine factors.,True
AL000494,2025-02-24 10:47:00,M0017,OP0020,T00807,PROXIMITY,MEDIUM,safety_events,Unsafe reversing maneuver detected.,Reinforce spotter protocol for reversing operations.,True
AL000587,2025-02-24 13:19:00,M0015,OP0034,T00209,UNUSUAL_BEHAVIOR,HIGH,operator_behavior,Operator behavior pattern deviates from established baseline.,Review recent shift telemetry and consider targeted training.,True
AL000998,2025-02-24 15:21:00,M0015,OP0034,T00209,TASK_DELAY,MEDIUM,tasks,Task completion is trending beyond predicted duration.,Reassess task plan; check environmental and machine factors.,False
AL000134,2025-02-24 15:32:00,M0015,OP0034,T00209,SEATBELT,LOW,safety_events,Seatbelt not fastened while machine is moving.,Review seatbelt compliance training with operator.,True
AL000135,2025-02-24 17:06:00,M0015,OP0034,T00209,SEATBELT,HIGH,safety_events,Seatbelt not fastened while machine is moving.,Review seatbelt compliance training with operator.,False
AL001263,2025-02-24 19:00:00,M0011,,,ENVIRONMENTAL_RISK,MEDIUM,environment,"Hazardous environmental conditions (fog, visibility 111m).",Consider pausing operations until conditions improve.,True
AL000744,2025-02-25 06:00:00,M0033,OP0019,,HIGH_IDLE,MEDIUM,operator_behavior,Idle ratio is significantly above operator baseline.,Recommend IDLE_MANAGEMENT training module.,True
AL000834,2025-02-25 08:00:00,M0033,OP0009,,HIGH_IDLE,MEDIUM,operator_behavior,Idle ratio is significantly above operator baseline.,Recommend IDLE_MANAGEMENT training module.,False
AL001223,2025-02-25 13:00:00,M0036,,,ENVIRONMENTAL_RISK,HIGH,environment,"Hazardous environmental conditions (storm, visibility 52m).",Consider pausing operations until conditions improve.,True
AL000928,2025-02-26 10:00:00,M0029,OP0007,,UNUSUAL_BEHAVIOR,MEDIUM,operator_behavior,Operator behavior pattern deviates from established baseline.,Review recent shift telemetry and consider targeted training.,True
AL000680,2025-02-26 11:12:00,M0025,OP0019,T00696,UNUSUAL_BEHAVIOR,MEDIUM,operator_behavior,Operator behavior pattern deviates from established baseline.,Review recent shift telemetry and consider targeted training.,True
AL000425,2025-02-26 12:16:00,M0025,OP0019,T00696,SEATBELT,MEDIUM,safety_events,Seatbelt not fastened while machine is moving.,Review seatbelt compliance training with operator.,True
AL000426,2025-02-26 13:00:00,M0025,OP0019,T00696,SEATBELT,LOW,safety_events,Seatbelt not fastened while machine is moving.,Review seatbelt compliance training with operator.,True
AL000853,2025-02-26 14:00:00,M0040,OP0045,,HIGH_IDLE,MEDIUM,operator_behavior,Idle ratio is significantly above operator baseline.,Recommend IDLE_MANAGEMENT training module.,True
AL000854,2025-02-26 14:00:00,M0040,OP0045,,UNUSUAL_BEHAVIOR,MEDIUM,operator_behavior,Operator behavior pattern deviates from established baseline.,Review recent shift telemetry and consider targeted training.,True
AL000427,2025-02-26 14:53:00,M0025,OP0019,T00696,PROXIMITY,LOW,safety_events,Site vehicle detected within unsafe operating distance.,Coordinate with vehicle operator and increase clearance.,True
AL001147,2025-02-26 17:37:42,M0025,OP0019,T00696,TASK_DELAY,MEDIUM,tasks,Task completion is trending beyond predicted duration.,Reassess task plan; check environmental and machine factors.,False
AL001079,2025-02-27 10:54:12,M0027,OP0044,T00479,TASK_DELAY,MEDIUM,tasks,Task completion is trending beyond predicted duration.,Reassess task plan; check environmental and machine factors.,False
AL000208,2025-02-27 16:20:00,M0025,OP0026,T00317,SEATBELT,LOW,safety_events,Seatbelt not fastened while machine is moving.,Review seatbelt compliance training with operator.,True
AL001036,2025-02-27 16:39:54,M0025,OP0026,T00317,TASK_DELAY,MEDIUM,tasks,Task completion is trending beyond predicted duration.,Reassess task plan; check environmental and machine factors.,True
AL000720,2025-02-28 09:00:00,M0026,OP0034,,HIGH_IDLE,MEDIUM,operator_behavior,Idle ratio is significantly above operator baseline.,Recommend IDLE_MANAGEMENT training module.,False
AL000565,2025-02-28 12:55:00,M0038,OP0007,T00112,UNUSUAL_BEHAVIOR,HIGH,operator_behavior,Operator behavior pattern deviates from established baseline.,Review recent shift telemetry and consider targeted training.,True
AL000067,2025-02-28 14:05:00,M0038,OP0007,T00112,PROXIMITY,LOW,safety_events,Site vehicle detected within unsafe operating distance.,Coordinate with vehicle operator and increase clearance.,True
AL000068,2025-02-28 16:47:00,M0038,OP0007,T00112,PROXIMITY,MEDIUM,safety_events,Site vehicle detected within unsafe operating distance.,Coordinate with vehicle operator and increase clearance.,True
AL000069,2025-02-28 16:54:00,M0038,OP0007,T00112,UNUSUAL_BEHAVIOR,LOW,safety_events,Harsh braking event detected.,Review braking technique with operator.,True
AL000967,2025-02-28 17:05:42,M0038,OP0007,T00112,TASK_DELAY,MEDIUM,tasks,Task completion is trending beyond predicted duration.,Reassess task plan; check environmental and machine factors.,True
AL000738,2025-03-01 12:00:00,M0023,OP0011,,HIGH_IDLE,MEDIUM,operator_behavior,Idle ratio is significantly above operator baseline.,Recommend IDLE_MANAGEMENT training module.,False
AL000739,2025-03-01 12:00:00,M0023,OP0011,,UNUSUAL_BEHAVIOR,MEDIUM,operator_behavior,Operator behavior pattern deviates from established baseline.,Review recent shift telemetry and consider targeted training.,True
AL000167,2025-03-01 13:14:00,M0012,OP0036,T00260,SEATBELT,MEDIUM,safety_events,Seatbelt not fastened while machine is moving.,Review seatbelt compliance training with operator.,True
AL000940,2025-03-01 14:53:00,M0029,OP0012,T00013,TASK_DELAY,MEDIUM,tasks,Task completion is trending beyond predicted duration.,Reassess task plan; check environmental and machine factors.,True
AL001281,2025-03-02 13:00:00,M0037,,,ENVIRONMENTAL_RISK,HIGH,environment,"Hazardous environmental conditions (storm, visibility 81m).",Consider pausing operations until conditions improve.,True
AL000616,2025-03-02 13:21:00,M0026,OP0015,T00380,HIGH_IDLE,MEDIUM,operator_behavior,Idle ratio is significantly above operator baseline.,Recommend IDLE_MANAGEMENT training module.,True
AL000260,2025-03-02 14:50:00,M0026,OP0015,T00380,SEATBELT,HIGH,safety_events,Seatbelt not fastened while machine is moving.,Review seatbelt compliance training with operator.,True
AL001053,2025-03-02 18:28:30,M0026,OP0015,T00380,TASK_DELAY,MEDIUM,tasks,Task completion is trending beyond predicted duration.,Reassess task plan; check environmental and machine factors.,False
AL001195,2025-03-02 19:00:00,M0006,,,ENVIRONMENTAL_RISK,MEDIUM,environment,"Hazardous environmental conditions (fog, visibility 51m).",Consider pausing operations until conditions improve.,True
AL000467,2025-03-03 11:56:00,M0002,OP0042,T00761,PROXIMITY,LOW,safety_events,Worker detected within the machine operating zone.,Pause operation and confirm clear zone before resuming.,True
AL001257,2025-03-03 13:00:00,M0011,,,ENVIRONMENTAL_RISK,HIGH,environment,"Hazardous environmental conditions (storm, visibility 89m).",Consider pausing operations until conditions improve.,True
AL000813,2025-03-03 15:00:00,M0012,OP0009,,HIGH_IDLE,MEDIUM,operator_behavior,Idle ratio is significantly above operator baseline.,Recommend IDLE_MANAGEMENT training module.,False
AL001098,2025-03-03 15:20:54,M0005,OP0029,T00540,TASK_DELAY,MEDIUM,tasks,Task completion is trending beyond predicted duration.,Reassess task plan; check environmental and machine factors.,True
AL000604,2025-03-04 08:49:00,M0042,OP0008,T00324,UNUSUAL_BEHAVIOR,HIGH,operator_behavior,Operator behavior pattern deviates from established baseline.,Review recent shift telemetry and consider targeted training.,False
AL000217,2025-03-04 11:43:00,M0042,OP0008,T00324,PROXIMITY,LOW,safety_events,Worker detected within the machine operating zone.,Pause operation and confirm clear zone before resuming.,True
AL001038,2025-03-04 16:30:42,M0042,OP0008,T00324,TASK_DELAY,MEDIUM,tasks,Task completion is trending beyond predicted duration.,Reassess task plan; check environmental and machine factors.,False
AL001232,2025-03-04 19:00:00,M0033,,,ENVIRONMENTAL_RISK,HIGH,environment,"Hazardous environmental conditions (storm, visibility 353m).",Consider pausing operations until conditions improve.,True
AL001204,2025-03-05 06:00:00,M0025,,,ENVIRONMENTAL_RISK,MEDIUM,environment,"Hazardous environmental conditions (fog, visibility 98m).",Consider pausing operations until conditions improve.,True
AL000935,2025-03-06 06:00:00,M0011,OP0027,,HIGH_IDLE,MEDIUM,operator_behavior,Idle ratio is significantly above operator baseline.,Recommend IDLE_MANAGEMENT training module.,True
AL000623,2025-03-07 06:22:00,M0042,OP0030,T00410,HIGH_IDLE,MEDIUM,operator_behavior,Idle ratio is significantly above operator baseline.,Recommend IDLE_MANAGEMENT training module.,False
AL000405,2025-03-07 08:13:00,M0034,OP0012,T00645,PROXIMITY,MEDIUM,safety_events,Worker detected within the machine operating zone.,Pause operation and confirm clear zone before resuming.,True
AL000406,2025-03-07 09:17:00,M0034,OP0012,T00645,PROXIMITY,MEDIUM,safety_events,Worker detected within the machine operating zone.,Pause operation and confirm clear zone before resuming.,True
AL000569,2025-03-07 09:30:00,M0027,OP0044,T00142,UNUSUAL_BEHAVIOR,MEDIUM,operator_behavior,Operator behavior pattern deviates from established baseline.,Review recent shift telemetry and consider targeted training.,False
AL000275,2025-03-07 09:47:00,M0042,OP0030,T00410,UNUSUAL_BEHAVIOR,HIGH,safety_events,Machine speed exceeded safe operating threshold.,Coach operator on speed limits for this machine type.,False
AL000407,2025-03-07 10:01:00,M0034,OP0012,T00645,SEATBELT,MEDIUM,safety_events,Seatbelt not fastened while machine is moving.,Review seatbelt compliance training with operator.,True
AL000276,2025-03-07 10:19:00,M0042,OP0030,T00410,PROXIMITY,LOW,safety_events,Unsafe reversing maneuver detected.,Reinforce spotter protocol for reversing operations.,True
AL000285,2025-03-07 10:59:00,M0033,OP0011,T00435,PROXIMITY,LOW,safety_events,Site vehicle detected within unsafe operating distance.,Coordinate with vehicle operator and increase clearance.,True
AL000058,2025-03-07 11:02:00,M0003,OP0036,T00087,SEATBELT,MEDIUM,safety_events,Seatbelt not fastened while machine is moving.,Review seatbelt compliance training with operator.,False
AL001062,2025-03-07 11:59:30,M0030,OP0049,T00404,TASK_DELAY,MEDIUM,tasks,Task completion is trending beyond predicted duration.,Reassess task plan; check environmental and machine factors.,True
AL000286,2025-03-07 12:08:00,M0033,OP0011,T00435,PROXIMITY,MEDIUM,safety_events,Worker detected within the machine operating zone.,Pause operation and confirm clear zone before resuming.,True
AL000287,2025-03-07 12:30:00,M0033,OP0011,T00435,PROXIMITY,LOW,safety_events,Obstacle detected within the machine operating zone.,Reassess path and clear or route around obstacle.,True
AL000084,2025-03-07 12:58:00,M0027,OP0044,T00142,SEATBELT,LOW,safety_events,Seatbelt not fastened while machine is moving.,Review seatbelt compliance training with operator.,True
AL001071,2025-03-07 20:12:54,M0033,OP0011,T00435,TASK_DELAY,MEDIUM,tasks,Task completion is trending beyond predicted duration.,Reassess task plan; check environmental and machine factors.,True
AL001144,2025-03-07 23:08:12,M0029,OP0031,T00691,TASK_DELAY,MEDIUM,tasks,Task completion is trending beyond predicted duration.,Reassess task plan; check environmental and machine factors.,False
AL000725,2025-03-08 07:00:00,M0032,OP0045,,HIGH_IDLE,MEDIUM,operator_behavior,Idle ratio is significantly above operator baseline.,Recommend IDLE_MANAGEMENT training module.,True
AL001211,2025-03-08 13:00:00,M0027,,,ENVIRONMENTAL_RISK,HIGH,environment,"Hazardous environmental conditions (storm, visibility 399m).",Consider pausing operations until conditions improve.,True
AL000884,2025-03-09 06:00:00,M0012,OP0041,,HIGH_IDLE,MEDIUM,operator_behavior,Idle ratio is significantly above operator baseline.,Recommend IDLE_MANAGEMENT training module.,True
AL000655,2025-03-09 10:16:00,M0027,OP0042,T00570,HIGH_IDLE,MEDIUM,operator_behavior,Idle ratio is significantly above operator baseline.,Recommend IDLE_MANAGEMENT training module.,False
AL000656,2025-03-09 10:16:00,M0027,OP0042,T00570,UNUSUAL_BEHAVIOR,MEDIUM,operator_behavior,Operator behavior pattern deviates from established baseline.,Review recent shift telemetry and consider targeted training.,False
AL000992,2025-03-09 11:48:18,M0026,OP0044,T00192,TASK_DELAY,MEDIUM,tasks,Task completion is trending beyond predicted duration.,Reassess task plan; check environmental and machine factors.,False
AL000691,2025-03-09 12:22:00,M0001,OP0005,T00788,HIGH_IDLE,MEDIUM,operator_behavior,Idle ratio is significantly above operator baseline.,Recommend IDLE_MANAGEMENT training module.,False
AL000342,2025-03-09 13:01:00,M0041,OP0007,T00534,SEATBELT,MEDIUM,safety_events,Seatbelt not fastened while machine is moving.,Review seatbelt compliance training with operator.,True
AL000343,2025-03-09 13:03:00,M0041,OP0007,T00534,SEATBELT,MEDIUM,safety_events,Seatbelt not fastened while machine is moving.,Review seatbelt compliance training with operator.,False
AL000742,2025-03-09 15:00:00,M0039,OP0015,,HIGH_IDLE,MEDIUM,operator_behavior,Idle ratio is significantly above operator baseline.,Recommend IDLE_MANAGEMENT training module.,True
AL000822,2025-03-10 07:00:00,M0018,OP0027,,HIGH_IDLE,MEDIUM,operator_behavior,Idle ratio is significantly above operator baseline.,Recommend IDLE_MANAGEMENT training module.,False
AL000334,2025-03-10 08:02:00,M0015,OP0041,T00523,PROXIMITY,LOW,safety_events,Worker detected within the machine operating zone.,Pause operation and confirm clear zone before resuming.,False
AL000048,2025-03-10 08:45:00,M0022,OP0042,T00060,PROXIMITY,MEDIUM,safety_events,Worker detected within the machine operating zone.,Pause operation and confirm clear zone before resuming.,True
AL000335,2025-03-10 09:26:00,M0015,OP0041,T00523,PROXIMITY,MEDIUM,safety_events,Worker detected within the machine operating zone.,Pause operation and confirm clear zone before resuming.,False
AL000336,2025-03-10 09:42:00,M0015,OP0041,T00523,PROXIMITY,LOW,safety_events,Worker detected within the machine operating zone.,Pause operation and confirm clear zone before resuming.,True
AL000337,2025-03-10 10:24:00,M0015,OP0041,T00523,PROXIMITY,MEDIUM,safety_events,Obstacle detected within the machine operating zone.,Reassess path and clear or route around obstacle.,True
AL001092,2025-03-10 11:01:36,M0015,OP0041,T00523,TASK_DELAY,MEDIUM,tasks,Task completion is trending beyond predicted duration.,Reassess task plan; check environmental and machine factors.,True
AL000338,2025-03-10 13:46:00,M0017,OP0016,T00526,SEATBELT,LOW,safety_events,Seatbelt not fastened while machine is moving.,Review seatbelt compliance training with operator.,True
AL001094,2025-03-10 15:00:12,M0017,OP0016,T00526,TASK_DELAY,MEDIUM,tasks,Task completion is trending beyond predicted duration.,Reassess task plan; check environmental and machine factors.,True
AL000924,2025-03-11 08:00:00,M0017,OP0041,,UNUSUAL_BEHAVIOR,MEDIUM,operator_behavior,Operator behavior pattern deviates from established baseline.,Review recent shift telemetry and consider targeted training.,False
AL001159,2025-03-11 11:11:18,M0018,OP0026,T00742,TASK_DELAY,MEDIUM,tasks,Task completion is trending beyond predicted duration.,Reassess task plan; check environmental and machine factors.,False
AL000741,2025-03-11 13:00:00,M0030,OP0009,,HIGH_IDLE,MEDIUM,operator_behavior,Idle ratio is significantly above operator baseline.,Recommend IDLE_MANAGEMENT training module.,False
AL000805,2025-03-11 13:00:00,M0025,OP0027,,HIGH_IDLE,MEDIUM,operator_behavior,Idle ratio is significantly above operator baseline.,Recommend IDLE_MANAGEMENT training module.,False
AL001047,2025-03-11 19:29:18,M0027,OP0013,T00372,TASK_DELAY,MEDIUM,tasks,Task completion is trending beyond predicted duration.,Reassess task plan; check environmental and machine factors.,True
AL000799,2025-03-12 14:00:00,M0004,OP0007,,UNUSUAL_BEHAVIOR,MEDIUM,operator_behavior,Operator behavior pattern deviates from established baseline.,Review recent shift telemetry and consider targeted training.,True
AL000994,2025-03-12 17:34:12,M0006,OP0010,T00196,TASK_DELAY,MEDIUM,tasks,Task completion is trending beyond predicted duration.,Reassess task plan; check environmental and machine factors.,True
AL001237,2025-03-14 13:00:00,M0034,,,ENVIRONMENTAL_RISK,MEDIUM,environment,"Hazardous environmental conditions (fog, visibility 93m).",Consider pausing operations until conditions improve.,True
AL000745,2025-03-14 14:00:00,M0004,OP0034,,UNUSUAL_BEHAVIOR,MEDIUM,operator_behavior,Operator behavior pattern deviates from established baseline.,Review recent shift telemetry and consider targeted training.,True
AL000811,2025-03-15 13:00:00,M0005,OP0049,,HIGH_IDLE,MEDIUM,operator_behavior,Idle ratio is significantly above operator baseline.,Recommend IDLE_MANAGEMENT training module.,False
AL000384,2025-03-16 12:06:00,M0027,OP0011,T00613,SEATBELT,LOW,safety_events,Seatbelt not fastened while machine is moving.,Review seatbelt compliance training with operator.,True
AL000892,2025-03-16 14:00:00,M0038,OP0009,,HIGH_IDLE,MEDIUM,operator_behavior,Idle ratio is significantly above operator baseline.,Recommend IDLE_MANAGEMENT training module.,True
AL000385,2025-03-16 14:26:00,M0027,OP0011,T00613,SEATBELT,HIGH,safety_events,Seatbelt not fastened while machine is moving.,Review seatbelt compliance training with operator.,True
AL001122,2025-03-16 21:28:00,M0027,OP0011,T00613,TASK_DELAY,MEDIUM,tasks,Task completion is trending beyond predicted duration.,Reassess task plan; check environmental and machine factors.,True
AL000694,2025-03-17 14:34:00,M0023,OP0045,T00800,UNUSUAL_BEHAVIOR,MEDIUM,operator_behavior,Operator behavior pattern deviates from established baseline.,Review recent shift telemetry and consider targeted training.,True
AL000981,2025-03-17 17:12:36,M0001,OP0026,T00149,TASK_DELAY,MEDIUM,tasks,Task completion is trending beyond predicted duration.,Reassess task plan; check environmental and machine factors.,False
AL001011,2025-03-17 17:19:36,M0004,OP0035,T00253,TASK_DELAY,MEDIUM,tasks,Task completion is trending beyond predicted duration.,Reassess task plan; check environmental and machine factors.,False
AL000487,2025-03-17 17:35:00,M0023,OP0045,T00800,PROXIMITY,LOW,safety_events,Site vehicle detected within unsafe operating distance.,Coordinate with vehicle operator and increase clearance.,True
AL001081,2025-03-18 03:53:12,M0015,OP0024,T00481,TASK_DELAY,MEDIUM,tasks,Task completion is trending beyond predicted duration.,Reassess task plan; check environmental and machine factors.,True
AL001225,2025-03-18 06:00:00,M0034,,,ENVIRONMENTAL_RISK,MEDIUM,environment,"Hazardous environmental conditions (fog, visibility 148m).",Consider pausing operations until conditions improve.,True
AL000669,2025-03-18 07:32:00,M0025,OP0004,T00647,HIGH_IDLE,MEDIUM,operator_behavior,Idle ratio is significantly above operator baseline.,Recommend IDLE_MANAGEMENT training module.,False
AL000292,2025-03-18 07:33:00,M0033,OP0011,T00449,UNUSUAL_BEHAVIOR,LOW,safety_events,Harsh braking event detected.,Review braking technique with operator.,True
AL000893,2025-03-18 09:00:00,M0038,OP0041,,HIGH_IDLE,MEDIUM,operator_behavior,Idle ratio is significantly above operator baseline.,Recommend IDLE_MANAGEMENT training module.,False
AL001133,2025-03-18 09:49:00,M0025,OP0004,T00647,TASK_DELAY,MEDIUM,tasks,Task completion is trending beyond predicted duration.,Reassess task plan; check environmental and machine factors.,True
AL000293,2025-03-18 10:57:00,M0033,OP0011,T00449,SEATBELT,LOW,safety_events,Seatbelt not fastened while machine is moving.,Review seatbelt compliance training with operator.,True
AL000585,2025-03-18 11:03:00,M0029,OP0014,T00193,UNUSUAL_BEHAVIOR,MEDIUM,operator_behavior,Operator behavior pattern deviates from established baseline.,Review recent shift telemetry and consider targeted training.,False
AL000526,2025-03-18 11:29:00,M0016,OP0008,T00847,PROXIMITY,HIGH,safety_events,Worker detected within the machine operating zone.,Pause operation and confirm clear zone before resuming.,False
AL000121,2025-03-18 13:57:00,M0029,OP0014,T00193,SEATBELT,LOW,safety_events,Seatbelt not fastened while machine is moving.,Review seatbelt compliance training with operator.,True
AL000122,2025-03-18 14:33:00,M0029,OP0014,T00193,PROXIMITY,HIGH,safety_events,Site vehicle detected within unsafe operating distance.,Coordinate with vehicle operator and increase clearance.,True
AL000123,2025-03-18 14:43:00,M0029,OP0014,T00193,UNUSUAL_BEHAVIOR,MEDIUM,safety_events,Machine speed exceeded safe operating threshold.,Coach operator on speed limits for this machine type.,False
AL000124,2025-03-18 14:45:00,M0029,OP0014,T00193,SEATBELT,MEDIUM,safety_events,Seatbelt not fastened while machine is moving.,Review seatbelt compliance training with operator.,True
AL001207,2025-03-18 19:00:00,M0006,,,ENVIRONMENTAL_RISK,MEDIUM,environment,"Hazardous environmental conditions (fog, visibility 148m).",Consider pausing operations until conditions improve.,False
AL001266,2025-03-18 19:00:00,M0018,,,ENVIRONMENTAL_RISK,MEDIUM,environment,"Hazardous environmental conditions (fog, visibility 50m).",Consider pausing operations until conditions improve.,True
AL000413,2025-03-19 16:12:00,M0025,OP0019,T00665,SEATBELT,LOW,safety_events,Seatbelt not fastened while machine is moving.,Review seatbelt compliance training with operator.,True
AL000414,2025-03-19 17:05:00,M0025,OP0019,T00665,PROXIMITY,LOW,safety_events,Site vehicle detected within unsafe operating distance.,Coordinate with vehicle operator and increase clearance.,True
AL001297,2025-03-19 19:00:00,M0038,,,ENVIRONMENTAL_RISK,MEDIUM,environment,"Hazardous environmental conditions (fog, visibility 256m).",Consider pausing operations until conditions improve.,False
AL000072,2025-03-20 07:28:00,M0022,OP0034,T00121,SEATBELT,HIGH,safety_events,Seatbelt not fastened while machine is moving.,Review seatbelt compliance training with operator.,False
AL000724,2025-03-20 08:00:00,M0031,OP0009,,UNUSUAL_BEHAVIOR,MEDIUM,operator_behavior,Operator behavior pattern deviates from established baseline.,Review recent shift telemetry and consider targeted training.,False
AL000837,2025-03-20 11:00:00,M0034,OP0008,,HIGH_IDLE,MEDIUM,operator_behavior,Idle ratio is significantly above operator baseline.,Recommend IDLE_MANAGEMENT training module.,False
AL000869,2025-03-20 15:00:00,M0028,OP0027,,UNUSUAL_BEHAVIOR,MEDIUM,operator_behavior,Operator behavior pattern deviates from established baseline.,Review recent shift telemetry and consider targeted training.,False
AL000974,2025-03-20 15:42:36,M0014,OP0032,T00135,TASK_DELAY,MEDIUM,tasks,Task completion is trending beyond predicted duration.,Reassess task plan; check environmental and machine factors.,True
AL000970,2025-03-20 18:06:18,M0022,OP0034,T00121,TASK_DELAY,MEDIUM,tasks,Task completion is trending beyond predicted duration.,Reassess task plan; check environmental and machine factors.,True
AL000129,2025-03-22 09:34:00,M0014,OP0007,T00201,UNUSUAL_BEHAVIOR,LOW,safety_events,Harsh braking event detected.,Review braking technique with operator.,True
AL000624,2025-03-22 09:45:00,M0024,OP0016,T00421,HIGH_IDLE,MEDIUM,operator_behavior,Idle ratio is significantly above operator baseline.,Recommend IDLE_MANAGEMENT training module.,True
AL000673,2025-03-22 10:15:00,M0027,OP0037,T00679,UNUSUAL_BEHAVIOR,MEDIUM,operator_behavior,Operator behavior pattern deviates from established baseline.,Review recent shift telemetry and consider targeted training.,False
AL000417,2025-03-22 11:05:00,M0027,OP0037,T00679,PROXIMITY,HIGH,safety_events,Obstacle detected within the machine operating zone.,Reassess path and clear or route around obstacle.,False
AL001066,2025-03-22 14:37:06,M0024,OP0016,T00421,TASK_DELAY,MEDIUM,tasks,Task completion is trending beyond predicted duration.,Reassess task plan; check environmental and machine factors.,True
AL001139,2025-03-22 14:58:30,M0027,OP0037,T00679,TASK_DELAY,MEDIUM,tasks,Task completion is trending beyond predicted duration.,Reassess task plan; check environmental and machine factors.,True
AL000728,2025-03-23 11:00:00,M0026,OP0027,,HIGH_IDLE,MEDIUM,operator_behavior,Idle ratio is significantly above operator baseline.,Recommend IDLE_MANAGEMENT training module.,True
AL000855,2025-03-25 06:00:00,M0022,OP0046,,UNUSUAL_BEHAVIOR,MEDIUM,operator_behavior,Operator behavior pattern deviates from established baseline.,Review recent shift telemetry and consider targeted training.,True
AL000611,2025-03-25 14:44:00,M0020,OP0019,T00362,UNUSUAL_BEHAVIOR,MEDIUM,operator_behavior,Operator behavior pattern deviates from established baseline.,Review recent shift telemetry and consider targeted training.,True
AL000251,2025-03-25 14:50:00,M0020,OP0019,T00362,SEATBELT,MEDIUM,safety_events,Seatbelt not fastened while machine is moving.,Review seatbelt compliance training with operator.,True
AL001158,2025-03-25 16:22:24,M0037,OP0004,T00737,TASK_DELAY,MEDIUM,tasks,Task completion is trending beyond predicted duration.,Reassess task plan; check environmental and machine factors.,False
AL000450,2025-03-25 16:24:00,M0037,OP0004,T00737,SEATBELT,MEDIUM,safety_events,Seatbelt not fastened while machine is moving.,Review seatbelt compliance training with operator.,True
AL000252,2025-03-25 18:30:00,M0020,OP0019,T00362,PROXIMITY,LOW,safety_events,Worker detected within the machine operating zone.,Pause operation and confirm clear zone before resuming.,True
AL000937,2025-03-25 19:07:06,M0035,OP0003,T00002,TASK_DELAY,MEDIUM,tasks,Task completion is trending beyond predicted duration.,Reassess task plan; check environmental and machine factors.,False
AL000158,2025-03-27 15:08:00,M0005,OP0007,T00244,SEATBELT,LOW,safety_events,Seatbelt not fastened while machine is moving.,Review seatbelt compliance training with operator.,True
AL000159,2025-03-27 16:33:00,M0005,OP0007,T00244,SEATBELT,LOW,safety_events,Seatbelt not fastened while machine is moving.,Review seatbelt compliance training with operator.,True
AL001169,2025-03-27 18:05:00,M0015,OP0040,T00773,TASK_DELAY,MEDIUM,tasks,Task completion is trending beyond predicted duration.,Reassess task plan; check environmental and machine factors.,True
AL001254,2025-03-27 19:00:00,M0033,,,ENVIRONMENTAL_RISK,MEDIUM,environment,"Hazardous environmental conditions (fog, visibility 76m).",Consider pausing operations until conditions improve.,True
AL000104,2025-03-28 15:05:00,M0026,OP0026,T00166,SEATBELT,HIGH,safety_events,Seatbelt not fastened while machine is moving.,Review seatbelt compliance training with operator.,False
AL000551,2025-03-29 09:44:00,M0019,OP0045,T00055,UNUSUAL_BEHAVIOR,HIGH,operator_behavior,Operator behavior pattern deviates from established baseline.,Review recent shift telemetry and consider targeted training.,False
AL000040,2025-03-29 09:48:00,M0019,OP0045,T00055,SEATBELT,LOW,safety_events,Seatbelt not fastened while machine is moving.,Review seatbelt compliance training with operator.,False
AL000041,2025-03-29 11:38:00,M0019,OP0045,T00055,SEATBELT,LOW,safety_events,Seatbelt not fastened while machine is moving.,Review seatbelt compliance training with operator.,True
AL001240,2025-03-29 13:00:00,M0020,,,ENVIRONMENTAL_RISK,HIGH,environment,"Hazardous environmental conditions (storm, visibility 306m).",Consider pausing operations until conditions improve.,True
AL000042,2025-03-29 13:09:00,M0019,OP0045,T00055,SEATBELT,LOW,safety_events,Seatbelt not fastened while machine is moving.,Review seatbelt compliance training with operator.,True
AL000043,2025-03-29 13:13:00,M0019,OP0045,T00055,SEATBELT,LOW,safety_events,Seatbelt not fastened while machine is moving.,Review seatbelt compliance training with operator.,True
AL000952,2025-03-29 14:04:18,M0019,OP0045,T00055,TASK_DELAY,MEDIUM,tasks,Task completion is trending beyond predicted duration.,Reassess task plan; check environmental and machine factors.,False
AL001148,2025-03-29 14:53:36,M0025,OP0014,T00700,TASK_DELAY,MEDIUM,tasks,Task completion is trending beyond predicted duration.,Reassess task plan; check environmental and machine factors.,True
AL000430,2025-03-29 16:10:00,M0025,OP0014,T00700,SEATBELT,MEDIUM,safety_events,Seatbelt not fastened while machine is moving.,Review seatbelt compliance training with operator.,True
AL001218,2025-03-29 19:00:00,M0026,,,ENVIRONMENTAL_RISK,HIGH,environment,"Hazardous environmental conditions (storm, visibility 368m).",Consider pausing operations until conditions improve.,True
AL000634,2025-03-30 07:19:00,M0031,OP0026,T00453,UNUSUAL_BEHAVIOR,MEDIUM,operator_behavior,Operator behavior pattern deviates from established baseline.,Review recent shift telemetry and consider targeted training.,True
AL000297,2025-03-30 09:37:00,M0031,OP0026,T00453,PROXIMITY,HIGH,safety_events,Site vehicle detected within unsafe operating distance.,Coordinate with vehicle operator and increase clearance.,True
AL000462,2025-03-30 10:41:00,M0037,OP0034,T00752,UNUSUAL_BEHAVIOR,MEDIUM,safety_events,Machine speed exceeded safe operating threshold.,Coach operator on speed limits for this machine type.,True
AL001075,2025-03-30 12:28:36,M0031,OP0026,T00453,TASK_DELAY,MEDIUM,tasks,Task completion is trending beyond predicted duration.,Reassess task plan; check environmental and machine factors.,True
AL001193,2025-03-30 13:00:00,M0005,,,ENVIRONMENTAL_RISK,MEDIUM,environment,"Hazardous environmental conditions (fog, visibility 289m).",Consider pausing operations until conditions improve.,True
AL000138,2025-03-30 14:39:00,M0006,OP0022,T00211,SEATBELT,MEDIUM,safety_events,Seatbelt not fastened while machine is moving.,Review seatbelt compliance training with operator.,False
AL000617,2025-03-30 15:49:00,M0025,OP0011,T00387,UNUSUAL_BEHAVIOR,MEDIUM,operator_behavior,Operator behavior pattern deviates from established baseline.,Review recent shift telemetry and consider targeted training.,True
AL000139,2025-03-30 16:03:00,M0006,OP0022,T00211,SEATBELT,MEDIUM,safety_events,Seatbelt not fastened while machine is moving.,Review seatbelt compliance training with operator.,True
AL000140,2025-03-30 18:04:00,M0006,OP0022,T00211,PROXIMITY,LOW,safety_events,Worker detected within the machine operating zone.,Pause operation and confirm clear zone before resuming.,True
AL000262,2025-03-30 18:19:00,M0025,OP0011,T00387,SEATBELT,HIGH,safety_events,Seatbelt not fastened while machine is moving.,Review seatbelt compliance training with operator.,False
AL000172,2025-03-31 09:00:00,M0029,OP0049,T00264,UNUSUAL_BEHAVIOR,MEDIUM,safety_events,Machine speed exceeded safe operating threshold.,Coach operator on speed limits for this machine type.,True
AL000546,2025-03-31 10:50:00,M0001,OP0033,T00039,UNUSUAL_BEHAVIOR,MEDIUM,operator_behavior,Operator behavior pattern deviates from established baseline.,Review recent shift telemetry and consider targeted training.,True
AL000567,2025-03-31 11:17:00,M0036,OP0031,T00132,UNUSUAL_BEHAVIOR,MEDIUM,operator_behavior,Operator behavior pattern deviates from established baseline.,Review recent shift telemetry and consider targeted training.,False
AL000027,2025-03-31 12:22:00,M0001,OP0033,T00039,PROXIMITY,MEDIUM,safety_events,Site vehicle detected within unsafe operating distance.,Coordinate with vehicle operator and increase clearance.,True
AL000079,2025-03-31 13:27:00,M0036,OP0031,T00132,SEATBELT,HIGH,safety_events,Seatbelt not fastened while machine is moving.,Review seatbelt compliance training with operator.,True
AL001246,2025-03-31 19:00:00,M0004,,,ENVIRONMENTAL_RISK,HIGH,environment,"Hazardous environmental conditions (storm, visibility 312m).",Consider pausing operations until conditions improve.,False
AL000614,2025-04-01 10:36:00,M0027,OP0027,T00375,HIGH_IDLE,MEDIUM,operator_behavior,Idle ratio is significantly above operator baseline.,Recommend IDLE_MANAGEMENT training module.,True
AL000615,2025-04-01 10:36:00,M0027,OP0027,T00375,UNUSUAL_BEHAVIOR,HIGH,operator_behavior,Operator behavior pattern deviates from established baseline.,Review recent shift telemetry and consider targeted training.,True
AL000255,2025-04-01 11:14:00,M0027,OP0027,T00375,PROXIMITY,LOW,safety_events,Worker detected within the machine operating zone.,Pause operation and confirm clear zone before resuming.,True
AL001173,2025-04-01 13:16:24,M0002,OP0024,T00805,TASK_DELAY,MEDIUM,tasks,Task completion is trending beyond predicted duration.,Reassess task plan; check environmental and machine factors.,False
AL000256,2025-04-01 13:42:00,M0027,OP0027,T00375,SEATBELT,LOW,safety_events,Seatbelt not fastened while machine is moving.,Review seatbelt compliance training with operator.,True
AL000257,2025-04-01 13:47:00,M0027,OP0027,T00375,PROXIMITY,MEDIUM,safety_events,Site vehicle detected within unsafe operating distance.,Coordinate with vehicle operator and increase clearance.,True
AL001049,2025-04-01 16:02:42,M0027,OP0027,T00375,TASK_DELAY,MEDIUM,tasks,Task completion is trending beyond predicted duration.,Reassess task plan; check environmental and machine factors.,False
AL000053,2025-04-01 16:57:00,M0033,OP0025,T00081,PROXIMITY,LOW,safety_events,Worker detected within the machine operating zone.,Pause operation and confirm clear zone before resuming.,True
AL000959,2025-04-02 03:19:30,M0033,OP0025,T00081,TASK_DELAY,MEDIUM,tasks,Task completion is trending beyond predicted duration.,Reassess task plan; check environmental and machine factors.,True
AL000804,2025-04-02 06:00:00,M0037,OP0029,,HIGH_IDLE,MEDIUM,operator_behavior,Idle ratio is significantly above operator baseline.,Recommend IDLE_MANAGEMENT training module.,True
AL000024,2025-04-02 11:08:00,M0006,OP0027,T00037,PROXIMITY,MEDIUM,safety_events,Worker detected within the machine operating zone.,Pause operation and confirm clear zone before resuming.,True
AL000612,2025-04-02 11:30:00,M0023,OP0050,T00364,UNUSUAL_BEHAVIOR,MEDIUM,operator_behavior,Operator behavior pattern deviates from established baseline.,Review recent shift telemetry and consider targeted training.,True
AL001264,2025-04-02 13:00:00,M0009,,,ENVIRONMENTAL_RISK,MEDIUM,environment,"Hazardous environmental conditions (fog, visibility 297m).",Consider pausing operations until conditions improve.,False
AL001046,2025-04-02 18:28:54,M0023,OP0050,T00364,TASK_DELAY,MEDIUM,tasks,Task completion is trending beyond predicted duration.,Reassess task plan; check environmental and machine factors.,True
AL000419,2025-04-03 09:10:00,M0011,OP0030,T00684,PROXIMITY,LOW,safety_events,Unsafe reversing maneuver detected.,Reinforce spotter protocol for reversing operations.,True
AL001141,2025-04-03 09:10:42,M0011,OP0030,T00684,TASK_DELAY,MEDIUM,tasks,Task completion is trending beyond predicted duration.,Reassess task plan; check environmental and machine factors.,False
AL000555,2025-04-03 10:13:00,M0032,OP0054,T00083,UNUSUAL_BEHAVIOR,HIGH,operator_behavior,Operator behavior pattern deviates from established baseline.,Review recent shift telemetry and consider targeted training.,False
AL000054,2025-04-03 11:32:00,M0032,OP0054,T00083,PROXIMITY,HIGH,safety_events,Worker detected within the machine operating zone.,Pause operation and confirm clear zone before resuming.,True
AL000055,2025-04-03 11:57:00,M0032,OP0054,T00083,PROXIMITY,MEDIUM,safety_events,Worker detected within the machine operating zone.,Pause operation and confirm clear zone before resuming.,True
AL000814,2025-04-04 06:00:00,M0029,OP0045,,UNUSUAL_BEHAVIOR,HIGH,operator_behavior,Operator behavior pattern deviates from established baseline.,Review recent shift telemetry and consider targeted training.,True
AL000484,2025-04-04 09:02:00,M0007,OP0049,T00789,UNUSUAL_BEHAVIOR,LOW,safety_events,Harsh braking event detected.,Review braking technique with operator.,True
AL000880,2025-04-04 12:00:00,M0017,OP0045,,UNUSUAL_BEHAVIOR,MEDIUM,operator_behavior,Operator behavior pattern deviates from established baseline.,Review recent shift telemetry and consider targeted training.,False
AL000882,2025-04-05 06:00:00,M0006,OP0016,,HIGH_IDLE,MEDIUM,operator_behavior,Idle ratio is significantly above operator baseline.,Recommend IDLE_MANAGEMENT training module.,True
AL000712,2025-04-05 06:00:00,M0006,OP0009,,HIGH_IDLE,MEDIUM,operator_behavior,Idle ratio is significantly above operator baseline.,Recommend IDLE_MANAGEMENT training module.,True
AL000803,2025-04-05 12:00:00,M0041,OP0045,,HIGH_IDLE,MEDIUM,operator_behavior,Idle ratio is significantly above operator baseline.,Recommend IDLE_MANAGEMENT training module.,False
AL000381,2025-04-05 12:20:00,M0022,OP0046,T00608,UNUSUAL_BEHAVIOR,LOW,safety_events,Harsh braking event detected.,Review braking technique with operator.,True
AL000382,2025-04-05 12:34:00,M0022,OP0046,T00608,PROXIMITY,MEDIUM,safety_events,Obstacle detected within the machine operating zone.,Reassess path and clear or route around obstacle.,True
AL001009,2025-04-05 12:39:18,M0041,OP0002,T00245,TASK_DELAY,MEDIUM,tasks,Task completion is trending beyond predicted duration.,Reassess task plan; check environmental and machine factors.,True
AL001129,2025-04-05 14:18:24,M0014,OP0047,T00639,TASK_DELAY,MEDIUM,tasks,Task completion is trending beyond predicted duration.,Reassess task plan; check environmental and machine factors.,True
AL000540,2025-04-05 14:27:00,M0004,OP0028,T00007,HIGH_IDLE,MEDIUM,operator_behavior,Idle ratio is significantly above operator baseline.,Recommend IDLE_MANAGEMENT training module.,False
AL001255,2025-04-05 19:00:00,M0005,,,ENVIRONMENTAL_RISK,MEDIUM,environment,"Hazardous environmental conditions (fog, visibility 96m).",Consider pausing operations until conditions improve.,True
AL001283,2025-04-06 06:00:00,M0039,,,ENVIRONMENTAL_RISK,MEDIUM,environment,"Hazardous environmental conditions (fog, visibility 113m).",Consider pausing operations until conditions improve.,False
AL001265,2025-04-06 13:00:00,M0037,,,ENVIRONMENTAL_RISK,MEDIUM,environment,"Hazardous environmental conditions (fog, visibility 252m).",Consider pausing operations until conditions improve.,True
AL000468,2025-04-06 15:42:00,M0025,OP0017,T00764,PROXIMITY,HIGH,safety_events,Worker detected within the machine operating zone.,Pause operation and confirm clear zone before resuming.,False
AL001125,2025-04-06 16:03:12,M0027,OP0018,T00631,TASK_DELAY,MEDIUM,tasks,Task completion is trending beyond predicted duration.,Reassess task plan; check environmental and machine factors.,True
AL000469,2025-04-06 17:51:00,M0025,OP0017,T00764,SEATBELT,LOW,safety_events,Seatbelt not fastened while machine is moving.,Review seatbelt compliance training with operator.,True
AL000771,2025-04-07 08:00:00,M0025,OP0019,,UNUSUAL_BEHAVIOR,MEDIUM,operator_behavior,Operator behavior pattern deviates from established baseline.,Review recent shift telemetry and consider targeted training.,False
AL000582,2025-04-07 09:42:00,M0024,OP0010,T00184,UNUSUAL_BEHAVIOR,MEDIUM,operator_behavior,Operator behavior pattern deviates from established baseline.,Review recent shift telemetry and consider targeted training.,True
AL000568,2025-04-07 11:11:00,M0036,OP0036,T00136,HIGH_IDLE,MEDIUM,operator_behavior,Idle ratio is significantly above operator baseline.,Recommend IDLE_MANAGEMENT training module.,True
AL000080,2025-04-07 12:41:00,M0036,OP0036,T00136,SEATBELT,LOW,safety_events,Seatbelt not fastened while machine is moving.,Review seatbelt compliance training with operator.,True
AL001192,2025-04-07 13:00:00,M0037,,,ENVIRONMENTAL_RISK,HIGH,environment,"Hazardous environmental conditions (storm, visibility 358m).",Consider pausing operations until conditions improve.,False
AL000689,2025-04-07 14:34:00,M0038,OP0035,T00775,UNUSUAL_BEHAVIOR,MEDIUM,operator_behavior,Operator behavior pattern deviates from established baseline.,Review recent shift telemetry and consider targeted training.,True
AL000790,2025-04-07 15:00:00,M0004,OP0041,,HIGH_IDLE,MEDIUM,operator_behavior,Idle ratio is significantly above operator baseline.,Recommend IDLE_MANAGEMENT training module.,True
AL000975,2025-04-07 16:39:24,M0036,OP0036,T00136,TASK_DELAY,MEDIUM,tasks,Task completion is trending beyond predicted duration.,Reassess task plan; check environmental and machine factors.,False
AL001170,2025-04-07 16:57:36,M0038,OP0035,T00775,TASK_DELAY,MEDIUM,tasks,Task completion is trending beyond predicted duration.,Reassess task plan; check environmental and machine factors.,True
AL001095,2025-04-07 17:51:36,M0025,OP0021,T00531,TASK_DELAY,MEDIUM,tasks,Task completion is trending beyond predicted duration.,Reassess task plan; check environmental and machine factors.,True
AL000885,2025-04-08 07:00:00,M0032,OP0045,,UNUSUAL_BEHAVIOR,MEDIUM,operator_behavior,Operator behavior pattern deviates from established baseline.,Review recent shift telemetry and consider targeted training.,True
AL000826,2025-04-08 08:00:00,M0038,OP0045,,HIGH_IDLE,MEDIUM,operator_behavior,Idle ratio is significantly above operator baseline.,Recommend IDLE_MANAGEMENT training module.,True
AL000883,2025-04-08 14:00:00,M0042,OP0008,,UNUSUAL_BEHAVIOR,MEDIUM,operator_behavior,Operator behavior pattern deviates from established baseline.,Review recent shift telemetry and consider targeted training.,False
AL000016,2025-04-08 14:38:00,M0023,OP0030,T00025,SEATBELT,LOW,safety_events,Seatbelt not fastened while machine is moving.,Review seatbelt compliance training with operator.,True
AL000944,2025-04-08 21:13:54,M0023,OP0030,T00025,TASK_DELAY,MEDIUM,tasks,Task completion is trending beyond predicted duration.,Reassess task plan; check environmental and machine factors.,True
AL000078,2025-04-09 10:15:00,M0025,OP0024,T00131,PROXIMITY,HIGH,safety_events,Worker detected within the machine operating zone.,Pause operation and confirm clear zone before resuming.,True
AL000668,2025-04-09 10:57:00,M0029,OP0019,T00643,UNUSUAL_BEHAVIOR,HIGH,operator_behavior,Operator behavior pattern deviates from established baseline.,Review recent shift telemetry and consider targeted training.,False
AL000401,2025-04-09 12:17:00,M0029,OP0019,T00643,SEATBELT,LOW,safety_events,Seatbelt not fastened while machine is moving.,Review seatbelt compliance training with operator.,True
AL000052,2025-04-09 12:52:00,M0005,OP0001,T00078,PROXIMITY,HIGH,safety_events,Obstacle detected within the machine operating zone.,Reassess path and clear or route around obstacle.,True
AL000402,2025-04-09 13:11:00,M0029,OP0019,T00643,SEATBELT,MEDIUM,safety_events,Seatbelt not fastened while machine is moving.,Review seatbelt compliance training with operator.,False
AL001131,2025-04-09 19:04:06,M0029,OP0019,T00643,TASK_DELAY,MEDIUM,tasks,Task completion is trending beyond predicted duration.,Reassess task plan; check environmental and machine factors.,True
AL000847,2025-04-10 12:00:00,M0002,OP0041,,HIGH_IDLE,MEDIUM,operator_behavior,Idle ratio is significantly above operator baseline.,Recommend IDLE_MANAGEMENT training module.,False
AL000848,2025-04-10 12:00:00,M0002,OP0041,,UNUSUAL_BEHAVIOR,MEDIUM,operator_behavior,Operator behavior pattern deviates from established baseline.,Review recent shift telemetry and consider targeted training.,True
AL000305,2025-04-10 13:59:00,M0031,OP0036,T00469,PROXIMITY,MEDIUM,safety_events,Unsafe reversing maneuver detected.,Reinforce spotter protocol for reversing operations.,True
AL000306,2025-04-10 14:05:00,M0031,OP0036,T00469,SEATBELT,LOW,safety_events,Seatbelt not fastened while machine is moving.,Review seatbelt compliance training with operator.,True
AL001077,2025-04-10 17:34:00,M0031,OP0036,T00469,TASK_DELAY,MEDIUM,tasks,Task completion is trending beyond predicted duration.,Reassess task plan; check environmental and machine factors.,False
AL000039,2025-04-11 10:15:00,M0032,OP0041,T00053,PROXIMITY,LOW,safety_events,Worker detected within the machine operating zone.,Pause operation and confirm clear zone before resuming.,True
AL000332,2025-04-11 17:38:00,M0038,OP0049,T00520,SEATBELT,MEDIUM,safety_events,Seatbelt not fastened while machine is moving.,Review seatbelt compliance training with operator.,True
AL000333,2025-04-11 17:39:00,M0038,OP0049,T00520,SEATBELT,MEDIUM,safety_events,Seatbelt not fastened while machine is moving.,Review seatbelt compliance training with operator.,False
AL000817,2025-04-12 10:00:00,M0020,OP0007,,UNUSUAL_BEHAVIOR,MEDIUM,operator_behavior,Operator behavior pattern deviates from established baseline.,Review recent shift telemetry and consider targeted training.,False
AL000886,2025-04-12 11:00:00,M0026,OP0020,,UNUSUAL_BEHAVIOR,MEDIUM,operator_behavior,Operator behavior pattern deviates from established baseline.,Review recent shift telemetry and consider targeted training.,False
AL000867,2025-04-12 13:00:00,M0019,OP0029,,UNUSUAL_BEHAVIOR,MEDIUM,operator_behavior,Operator behavior pattern deviates from established baseline.,Review recent shift telemetry and consider targeted training.,True
AL001138,2025-04-12 13:34:24,M0020,OP0034,T00677,TASK_DELAY,MEDIUM,tasks,Task completion is trending beyond predicted duration.,Reassess task plan; check environmental and machine factors.,True
AL000747,2025-04-12 14:00:00,M0033,OP0045,,HIGH_IDLE,MEDIUM,operator_behavior,Idle ratio is significantly above operator baseline.,Recommend IDLE_MANAGEMENT training module.,False
AL001137,2025-04-12 14:57:54,M0016,OP0019,T00668,TASK_DELAY,MEDIUM,tasks,Task completion is trending beyond predicted duration.,Reassess task plan; check environmental and machine factors.,False
AL001041,2025-04-12 23:35:54,M0022,OP0049,T00332,TASK_DELAY,MEDIUM,tasks,Task completion is trending beyond predicted duration.,Reassess task plan; check environmental and machine factors.,True
AL001227,2025-04-13 06:00:00,M0007,,,ENVIRONMENTAL_RISK,HIGH,environment,"Hazardous environmental conditions (storm, visibility 171m).",Consider pausing operations until conditions improve.,True
AL000753,2025-04-13 09:00:00,M0006,OP0045,,HIGH_IDLE,MEDIUM,operator_behavior,Idle ratio is significantly above operator baseline.,Recommend IDLE_MANAGEMENT training module.,True
AL000754,2025-04-13 09:00:00,M0006,OP0045,,UNUSUAL_BEHAVIOR,MEDIUM,operator_behavior,Operator behavior pattern deviates from established baseline.,Review recent shift telemetry and consider targeted training.,True
AL000671,2025-04-13 13:19:00,M0032,OP0029,T00659,UNUSUAL_BEHAVIOR,MEDIUM,operator_behavior,Operator behavior pattern deviates from established baseline.,Review recent shift telemetry and consider targeted training.,True
AL000411,2025-04-13 14:52:00,M0032,OP0029,T00659,SEATBELT,HIGH,safety_events,Seatbelt not fastened while machine is moving.,Review seatbelt compliance training with operator.,False
AL000635,2025-04-13 14:55:00,M0036,OP0055,T00455,UNUSUAL_BEHAVIOR,HIGH,operator_behavior,Operator behavior pattern deviates from established baseline.,Review recent shift telemetry and consider targeted training.,True
AL000298,2025-04-13 16:18:00,M0036,OP0055,T00455,PROXIMITY,HIGH,safety_events,Obstacle detected within the machine operating zone.,Reassess path and clear or route around obstacle.,True
AL000066,2025-04-13 16:23:00,M0011,OP0034,T00111,PROXIMITY,LOW,safety_events,Obstacle detected within the machine operating zone.,Reassess path and clear or route around obstacle.,True
AL000299,2025-04-13 17:38:00,M0036,OP0055,T00455,PROXIMITY,LOW,safety_events,Unsafe reversing maneuver detected.,Reinforce spotter protocol for reversing operations.,False
AL000300,2025-04-13 18:42:00,M0036,OP0055,T00455,PROXIMITY,MEDIUM,safety_events,Worker detected within the machine operating zone.,Pause operation and confirm clear zone before resuming.,True
AL000324,2025-04-14 09:16:00,M0030,OP0041,T00509,PROXIMITY,MEDIUM,safety_events,Site vehicle detected within unsafe operating distance.,Coordinate with vehicle operator and increase clearance.,True
AL000543,2025-04-14 11:17:00,M0042,OP0014,T00029,UNUSUAL_BEHAVIOR,MEDIUM,operator_behavior,Operator behavior pattern deviates from established baseline.,Review recent shift telemetry and consider targeted training.,False
AL000325,2025-04-14 12:23:00,M0030,OP0041,T00509,SEATBELT,MEDIUM,safety_events,Seatbelt not fastened while machine is moving.,Review seatbelt compliance training with operator.,True
AL000410,2025-04-14 13:59:00,M0001,OP0010,T00656,PROXIMITY,LOW,safety_events,Worker detected within the machine operating zone.,Pause operation and confirm clear zone before resuming.,False
AL001052,2025-04-14 18:43:18,M0024,OP0026,T00379,TASK_DELAY,MEDIUM,tasks,Task completion is trending beyond predicted duration.,Reassess task plan; check environmental and machine factors.,False
AL001262,2025-04-15 06:00:00,M0023,,,ENVIRONMENTAL_RISK,MEDIUM,environment,"Hazardous environmental conditions (fog, visibility 262m).",Consider pausing operations until conditions improve.,False
AL001296,2025-04-15 06:00:00,M0003,,,ENVIRONMENTAL_RISK,MEDIUM,environment,"Hazardous environmental conditions (fog, visibility 58m).",Consider pausing operations until conditions improve.,True
AL000225,2025-04-15 09:00:00,M0039,OP0040,T00336,PROXIMITY,LOW,safety_events,Obstacle detected within the machine operating zone.,Reassess path and clear or route around obstacle.,False
AL001042,2025-04-15 12:56:54,M0039,OP0040,T00336,TASK_DELAY,MEDIUM,tasks,Task completion is trending beyond predicted duration.,Reassess task plan; check environmental and machine factors.,False
AL000395,2025-04-15 13:49:00,M0005,OP0031,T00632,PROXIMITY,HIGH,safety_events,Worker detected within the machine operating zone.,Pause operation and confirm clear zone before resuming.,True
AL000574,2025-04-15 15:52:00,M0033,OP0020,T00159,HIGH_IDLE,MEDIUM,operator_behavior,Idle ratio is significantly above operator baseline.,Recommend IDLE_MANAGEMENT training module.,True
AL000575,2025-04-15 15:52:00,M0033,OP0020,T00159,UNUSUAL_BEHAVIOR,MEDIUM,operator_behavior,Operator behavior pattern deviates from established baseline.,Review recent shift telemetry and consider targeted training.,False
AL000097,2025-04-15 16:28:00,M0033,OP0020,T00159,SEATBELT,LOW,safety_events,Seatbelt not fastened while machine is moving.,Review seatbelt compliance training with operator.,False
AL001061,2025-04-16 17:01:06,M0016,OP0004,T00403,TASK_DELAY,MEDIUM,tasks,Task completion is trending beyond predicted duration.,Reassess task plan; check environmental and machine factors.,True
AL000682,2025-04-18 08:14:00,M0029,OP0031,T00735,HIGH_IDLE,MEDIUM,operator_behavior,Idle ratio is significantly above operator baseline.,Recommend IDLE_MANAGEMENT training module.,False
AL000448,2025-04-18 09:20:00,M0029,OP0031,T00735,SEATBELT,LOW,safety_events,Seatbelt not fastened while machine is moving.,Review seatbelt compliance training with operator.,True
AL000449,2025-04-18 09:38:00,M0029,OP0031,T00735,SEATBELT,MEDIUM,safety_events,Seatbelt not fastened while machine is moving.,Review seatbelt compliance training with operator.,True
AL000583,2025-04-18 15:47:00,M0035,OP0004,T00185,HIGH_IDLE,MEDIUM,operator_behavior,Idle ratio is significantly above operator baseline.,Recommend IDLE_MANAGEMENT training module.,False
AL000902,2025-04-19 06:00:00,M0019,OP0052,,UNUSUAL_BEHAVIOR,MEDIUM,operator_behavior,Operator behavior pattern deviates from established baseline.,Review recent shift telemetry and consider targeted training.,False
AL000605,2025-04-19 09:02:00,M0032,OP0046,T00328,UNUSUAL_BEHAVIOR,MEDIUM,operator_behavior,Operator behavior pattern deviates from established baseline.,Review recent shift telemetry and consider targeted training.,False
AL000221,2025-04-19 09:20:00,M0032,OP0046,T00328,PROXIMITY,LOW,safety_events,Worker detected within the machine operating zone.,Pause operation and confirm clear zone before resuming.,True
AL000220,2025-04-19 09:20:00,M0032,OP0046,T00328,SEATBELT,MEDIUM,safety_events,Seatbelt not fastened while machine is moving.,Review seatbelt compliance training with operator.,True
AL000870,2025-04-19 11:00:00,M0031,OP0027,,UNUSUAL_BEHAVIOR,MEDIUM,operator_behavior,Operator behavior pattern deviates from established baseline.,Review recent shift telemetry and consider targeted training.,False
AL000222,2025-04-19 11:47:00,M0032,OP0046,T00328,SEATBELT,MEDIUM,safety_events,Seatbelt not fastened while machine is moving.,Review seatbelt compliance training with operator.,True
AL000441,2025-04-19 16:44:00,M0041,OP0031,T00727,SEATBELT,LOW,safety_events,Seatbelt not fastened while machine is moving.,Review seatbelt compliance training with operator.,True
AL000101,2025-04-20 06:26:00,M0011,OP0014,T00163,SEATBELT,LOW,safety_events,Seatbelt not fastened while machine is moving.,Review seatbelt compliance training with operator.,True
AL000625,2025-04-20 06:45:00,M0004,OP0045,T00424,HIGH_IDLE,MEDIUM,operator_behavior,Idle ratio is significantly above operator baseline.,Recommend IDLE_MANAGEMENT training module.,True
AL000282,2025-04-20 07:20:00,M0004,OP0045,T00424,PROXIMITY,MEDIUM,safety_events,Site vehicle detected within unsafe operating distance.,Coordinate with vehicle operator and increase clearance.,True
AL000986,2025-04-20 08:01:00,M0011,OP0014,T00163,TASK_DELAY,MEDIUM,tasks,Task completion is trending beyond predicted duration.,Reassess task plan; check environmental and machine factors.,True
AL001021,2025-04-20 08:59:48,M0027,OP0037,T00287,TASK_DELAY,MEDIUM,tasks,Task completion is trending beyond predicted duration.,Reassess task plan; check environmental and machine factors.,True
AL000703,2025-04-20 12:35:00,M0025,OP0010,T00828,UNUSUAL_BEHAVIOR,MEDIUM,operator_behavior,Operator behavior pattern deviates from established baseline.,Review recent shift telemetry and consider targeted training.,True
AL000511,2025-04-20 15:02:00,M0025,OP0010,T00828,PROXIMITY,HIGH,safety_events,Worker detected within the machine operating zone.,Pause operation and confirm clear zone before resuming.,True
AL001067,2025-04-20 20:10:36,M0004,OP0045,T00424,TASK_DELAY,MEDIUM,tasks,Task completion is trending beyond predicted duration.,Reassess task plan; check environmental and machine factors.,False
AL001180,2025-04-20 21:47:00,M0025,OP0010,T00828,TASK_DELAY,MEDIUM,tasks,Task completion is trending beyond predicted duration.,Reassess task plan; check environmental and machine factors.,True
AL000934,2025-04-21 11:00:00,M0033,OP0045,,UNUSUAL_BEHAVIOR,MEDIUM,operator_behavior,Operator behavior pattern deviates from established baseline.,Review recent shift telemetry and consider targeted training.,True
AL000595,2025-04-21 13:20:00,M0039,OP0028,T00272,HIGH_IDLE,MEDIUM,operator_behavior,Idle ratio is significantly above operator baseline.,Recommend IDLE_MANAGEMENT training module.,True
AL000177,2025-04-21 14:12:00,M0039,OP0028,T00272,UNUSUAL_BEHAVIOR,LOW,safety_events,Harsh braking event detected.,Review braking technique with operator.,True
AL000202,2025-04-21 15:54:00,M0033,OP0027,T00304,UNUSUAL_BEHAVIOR,LOW,safety_events,Harsh braking event detected.,Review braking technique with operator.,True
AL001030,2025-04-21 18:26:30,M0033,OP0027,T00304,TASK_DELAY,MEDIUM,tasks,Task completion is trending beyond predicted duration.,Reassess task plan; check environmental and machine factors.,True
AL001260,2025-04-21 19:00:00,M0032,,,ENVIRONMENTAL_RISK,MEDIUM,environment,"Hazardous environmental conditions (fog, visibility 96m).",Consider pausing operations until conditions improve.,True
AL001013,2025-04-21 19:49:42,M0039,OP0028,T00272,TASK_DELAY,MEDIUM,tasks,Task completion is trending beyond predicted duration.,Reassess task plan; check environmental and machine factors.,False
AL000126,2025-04-22 08:44:00,M0036,OP0011,T00197,PROXIMITY,LOW,safety_events,Worker detected within the machine operating zone.,Pause operation and confirm clear zone before resuming.,True
AL001247,2025-04-22 13:00:00,M0008,,,ENVIRONMENTAL_RISK,MEDIUM,environment,"Hazardous environmental conditions (fog, visibility 80m).",Consider pausing operations until conditions improve.,False
AL000388,2025-04-22 13:43:00,M0023,OP0043,T00617,SEATBELT,MEDIUM,safety_events,Seatbelt not fastened while machine is moving.,Review seatbelt compliance training with operator.,True
AL000995,2025-04-22 15:20:00,M0036,OP0011,T00197,TASK_DELAY,MEDIUM,tasks,Task completion is trending beyond predicted duration.,Reassess task plan; check environmental and machine factors.,False
AL000840,2025-04-23 13:00:00,M0014,OP0008,,UNUSUAL_BEHAVIOR,MEDIUM,operator_behavior,Operator behavior pattern deviates from established baseline.,Review recent shift telemetry and consider targeted training.,True
AL000198,2025-04-24 10:38:00,M0026,OP0020,T00299,PROXIMITY,LOW,safety_events,Unsafe reversing maneuver detected.,Reinforce spotter protocol for reversing operations.,True
AL000757,2025-04-24 13:00:00,M0036,OP0009,,HIGH_IDLE,MEDIUM,operator_behavior,Idle ratio is significantly above operator baseline.,Recommend IDLE_MANAGEMENT training module.,True
AL001029,2025-04-24 15:18:06,M0026,OP0020,T00299,TASK_DELAY,MEDIUM,tasks,Task completion is trending beyond predicted duration.,Reassess task plan; check environmental and machine factors.,False
AL000894,2025-04-25 09:00:00,M0024,OP0011,,UNUSUAL_BEHAVIOR,MEDIUM,operator_behavior,Operator behavior pattern deviates from established baseline.,Review recent shift telemetry and consider targeted training.,True
AL000843,2025-04-25 13:00:00,M0017,OP0020,,HIGH_IDLE,MEDIUM,operator_behavior,Idle ratio is significantly above operator baseline.,Recommend IDLE_MANAGEMENT training module.,True
AL001239,2025-04-25 19:00:00,M0015,,,ENVIRONMENTAL_RISK,MEDIUM,environment,"Hazardous environmental conditions (fog, visibility 237m).",Consider pausing operations until conditions improve.,False
AL000737,2025-04-26 07:00:00,M0002,OP0041,,HIGH_IDLE,MEDIUM,operator_behavior,Idle ratio is significantly above operator baseline.,Recommend IDLE_MANAGEMENT training module.,False
AL001060,2025-04-26 12:13:54,M0006,OP0029,T00396,TASK_DELAY,MEDIUM,tasks,Task completion is trending beyond predicted duration.,Reassess task plan; check environmental and machine factors.,True
AL000603,2025-04-27 06:35:00,M0023,OP0023,T00319,UNUSUAL_BEHAVIOR,MEDIUM,operator_behavior,Operator behavior pattern deviates from established baseline.,Review recent shift telemetry and consider targeted training.,False
AL000211,2025-04-27 08:35:00,M0023,OP0023,T00319,SEATBELT,MEDIUM,safety_events,Seatbelt not fastened while machine is moving.,Review seatbelt compliance training with operator.,True
AL000403,2025-04-27 09:25:00,M0033,OP0046,T00644,PROXIMITY,LOW,safety_events,Site vehicle detected within unsafe operating distance.,Coordinate with vehicle operator and increase clearance.,True
AL000212,2025-04-27 10:18:00,M0023,OP0023,T00319,PROXIMITY,LOW,safety_events,Site vehicle detected within unsafe operating distance.,Coordinate with vehicle operator and increase clearance.,True
AL000247,2025-04-27 10:18:00,M0021,OP0041,T00358,UNUSUAL_BEHAVIOR,HIGH,safety_events,Machine speed exceeded safe operating threshold.,Coach operator on speed limits for this machine type.,True
AL000193,2025-04-27 12:14:00,M0011,OP0046,T00297,SEATBELT,LOW,safety_events,Seatbelt not fastened while machine is moving.,Review seatbelt compliance training with operator.,True
AL000404,2025-04-27 12:18:00,M0033,OP0046,T00644,SEATBELT,MEDIUM,safety_events,Seatbelt not fastened while machine is moving.,Review seatbelt compliance training with operator.,False
AL000548,2025-04-27 12:42:00,M0008,OP0011,T00044,UNUSUAL_BEHAVIOR,MEDIUM,operator_behavior,Operator behavior pattern deviates from established baseline.,Review recent shift telemetry and consider targeted training.,False
AL000194,2025-04-27 13:25:00,M0011,OP0046,T00297,UNUSUAL_BEHAVIOR,LOW,safety_events,Harsh braking event detected.,Review braking technique with operator.,True
AL000195,2025-04-27 13:28:00,M0011,OP0046,T00297,SEATBELT,HIGH,safety_events,Seatbelt not fastened while machine is moving.,Review seatbelt compliance training with operator.,True
AL000196,2025-04-27 13:37:00,M0011,OP0046,T00297,SEATBELT,LOW,safety_events,Seatbelt not fastened while machine is moving.,Review seatbelt compliance training with operator.,True
AL000030,2025-04-27 14:11:00,M0008,OP0011,T00044,SEATBELT,LOW,safety_events,Seatbelt not fastened while machine is moving.,Review seatbelt compliance training with operator.,True
AL000197,2025-04-27 14:45:00,M0011,OP0046,T00297,SEATBELT,MEDIUM,safety_events,Seatbelt not fastened while machine is moving.,Review seatbelt compliance training with operator.,True
AL001132,2025-04-27 16:17:30,M0033,OP0046,T00644,TASK_DELAY,MEDIUM,tasks,Task completion is trending beyond predicted duration.,Reassess task plan; check environmental and machine factors.,True
AL001028,2025-04-28 02:25:36,M0011,OP0046,T00297,TASK_DELAY,MEDIUM,tasks,Task completion is trending beyond predicted duration.,Reassess task plan; check environmental and machine factors.,False
AL000709,2025-04-28 09:00:00,M0015,OP0029,,UNUSUAL_BEHAVIOR,MEDIUM,operator_behavior,Operator behavior pattern deviates from established baseline.,Review recent shift telemetry and consider targeted training.,False
AL000648,2025-04-28 11:08:00,M0012,OP0018,T00539,UNUSUAL_BEHAVIOR,MEDIUM,operator_behavior,Operator behavior pattern deviates from established baseline.,Review recent shift telemetry and consider targeted training.,True
AL000344,2025-04-28 11:16:00,M0012,OP0018,T00539,SEATBELT,MEDIUM,safety_events,Seatbelt not fastened while machine is moving.,Review seatbelt compliance training with operator.,True
AL000345,2025-04-28 14:39:00,M0012,OP0018,T00539,PROXIMITY,LOW,safety_events,Site vehicle detected within unsafe operating distance.,Coordinate with vehicle operator and increase clearance.,True
AL000947,2025-04-28 15:29:18,M0015,OP0003,T00036,TASK_DELAY,MEDIUM,tasks,Task completion is trending beyond predicted duration.,Reassess task plan; check environmental and machine factors.,True
AL001242,2025-04-29 06:00:00,M0003,,,ENVIRONMENTAL_RISK,MEDIUM,environment,"Hazardous environmental conditions (fog, visibility 283m).",Consider pausing operations until conditions improve.,True
AL000219,2025-04-29 09:33:00,M0004,OP0031,T00327,PROXIMITY,LOW,safety_events,Obstacle detected within the machine operating zone.,Reassess path and clear or route around obstacle.,True
AL000160,2025-04-29 09:42:00,M0024,OP0049,T00251,UNUSUAL_BEHAVIOR,LOW,safety_events,Harsh braking event detected.,Review braking technique with operator.,True
AL000594,2025-04-29 15:08:00,M0026,OP0025,T00269,UNUSUAL_BEHAVIOR,HIGH,operator_behavior,Operator behavior pattern deviates from established baseline.,Review recent shift telemetry and consider targeted training.,True
AL001010,2025-04-29 17:02:30,M0024,OP0049,T00251,TASK_DELAY,MEDIUM,tasks,Task completion is trending beyond predicted duration.,Reassess task plan; check environmental and machine factors.,True
AL000175,2025-04-29 18:47:00,M0026,OP0025,T00269,UNUSUAL_BEHAVIOR,MEDIUM,safety_events,Machine speed exceeded safe operating threshold.,Coach operator on speed limits for this machine type.,True
AL000176,2025-04-29 18:59:00,M0026,OP0025,T00269,PROXIMITY,HIGH,safety_events,Site vehicle detected within unsafe operating distance.,Coordinate with vehicle operator and increase clearance.,True
AL000277,2025-04-30 07:41:00,M0010,OP0012,T00412,SEATBELT,MEDIUM,safety_events,Seatbelt not fastened while machine is moving.,Review seatbelt compliance training with operator.,True
AL001063,2025-04-30 08:11:30,M0010,OP0012,T00412,TASK_DELAY,MEDIUM,tasks,Task completion is trending beyond predicted duration.,Reassess task plan; check environmental and machine factors.,True
AL000278,2025-04-30 09:25:00,M0010,OP0012,T00412,SEATBELT,MEDIUM,safety_events,Seatbelt not fastened while machine is moving.,Review seatbelt compliance training with operator.,False
AL000279,2025-04-30 09:43:00,M0010,OP0012,T00412,PROXIMITY,LOW,safety_events,Site vehicle detected within unsafe operating distance.,Coordinate with vehicle operator and increase clearance.,True
AL000761,2025-04-30 14:00:00,M0019,OP0045,,HIGH_IDLE,MEDIUM,operator_behavior,Idle ratio is significantly above operator baseline.,Recommend IDLE_MANAGEMENT training module.,True
AL000897,2025-05-01 11:00:00,M0029,OP0020,,HIGH_IDLE,MEDIUM,operator_behavior,Idle ratio is significantly above operator baseline.,Recommend IDLE_MANAGEMENT training module.,False
AL000541,2025-05-01 12:14:00,M0003,OP0041,T00008,UNUSUAL_BEHAVIOR,MEDIUM,operator_behavior,Operator behavior pattern deviates from established baseline.,Review recent shift telemetry and consider targeted training.,True
AL000849,2025-05-01 13:00:00,M0027,OP0041,,UNUSUAL_BEHAVIOR,MEDIUM,operator_behavior,Operator behavior pattern deviates from established baseline.,Review recent shift telemetry and consider targeted training.,True
AL000911,2025-05-01 13:00:00,M0018,OP0027,,UNUSUAL_BEHAVIOR,MEDIUM,operator_behavior,Operator behavior pattern deviates from established baseline.,Review recent shift telemetry and consider targeted training.,True
AL000005,2025-05-01 14:16:00,M0003,OP0041,T00008,UNUSUAL_BEHAVIOR,LOW,safety_events,Harsh braking event detected.,Review braking technique with operator.,True
AL000581,2025-05-01 14:18:00,M0015,OP0051,T00180,HIGH_IDLE,MEDIUM,operator_behavior,Idle ratio is significantly above operator baseline.,Recommend IDLE_MANAGEMENT training module.,True
AL000006,2025-05-01 14:42:00,M0003,OP0041,T00008,SEATBELT,MEDIUM,safety_events,Seatbelt not fastened while machine is moving.,Review seatbelt compliance training with operator.,True
AL000809,2025-05-01 15:00:00,M0001,OP0009,,HIGH_IDLE,MEDIUM,operator_behavior,Idle ratio is significantly above operator baseline.,Recommend IDLE_MANAGEMENT training module.,True
AL000938,2025-05-01 16:58:54,M0003,OP0041,T00008,TASK_DELAY,MEDIUM,tasks,Task completion is trending beyond predicted duration.,Reassess task plan; check environmental and machine factors.,True
AL000920,2025-05-03 07:00:00,M0003,OP0045,,HIGH_IDLE,MEDIUM,operator_behavior,Idle ratio is significantly above operator baseline.,Recommend IDLE_MANAGEMENT training module.,True
AL000921,2025-05-03 07:00:00,M0003,OP0045,,UNUSUAL_BEHAVIOR,MEDIUM,operator_behavior,Operator behavior pattern deviates from established baseline.,Review recent shift telemetry and consider targeted training.,False
AL000073,2025-05-03 07:47:00,M0001,OP0020,T00122,PROXIMITY,LOW,safety_events,Worker detected within the machine operating zone.,Pause operation and confirm clear zone before resuming.,True
AL000074,2025-05-03 08:54:00,M0001,OP0020,T00122,SEATBELT,LOW,safety_events,Seatbelt not fastened while machine is moving.,Review seatbelt compliance training with operator.,True
AL000704,2025-05-03 09:15:00,M0034,OP0013,T00830,HIGH_IDLE,MEDIUM,operator_behavior,Idle ratio is significantly above operator baseline.,Recommend IDLE_MANAGEMENT training module.,True
AL000248,2025-05-03 13:03:00,M0012,OP0026,T00359,UNUSUAL_BEHAVIOR,MEDIUM,safety_events,Machine speed exceeded safe operating threshold.,Coach operator on speed limits for this machine type.,True
AL000249,2025-05-03 15:08:00,M0012,OP0026,T00359,PROXIMITY,LOW,safety_events,Site vehicle detected within unsafe operating distance.,Coordinate with vehicle operator and increase clearance.,False
AL001051,2025-05-03 15:34:36,M0026,OP0028,T00378,TASK_DELAY,MEDIUM,tasks,Task completion is trending beyond predicted duration.,Reassess task plan; check environmental and machine factors.,True
AL000676,2025-05-04 07:33:00,M0031,OP0024,T00685,HIGH_IDLE,MEDIUM,operator_behavior,Idle ratio is significantly above operator baseline.,Recommend IDLE_MANAGEMENT training module.,False
AL000927,2025-05-04 08:00:00,M0016,OP0015,,HIGH_IDLE,MEDIUM,operator_behavior,Idle ratio is significantly above operator baseline.,Recommend IDLE_MANAGEMENT training module.,False
AL001142,2025-05-04 10:23:54,M0031,OP0024,T00685,TASK_DELAY,MEDIUM,tasks,Task completion is trending beyond predicted duration.,Reassess task plan; check environmental and machine factors.,True
AL000420,2025-05-04 10:55:00,M0031,OP0024,T00685,SEATBELT,LOW,safety_events,Seatbelt not fastened while machine is moving.,Review seatbelt compliance training with operator.,True
AL000613,2025-05-04 12:01:00,M0008,OP0025,T00373,UNUSUAL_BEHAVIOR,MEDIUM,operator_behavior,Operator behavior pattern deviates from established baseline.,Review recent shift telemetry and consider targeted training.,True
AL000254,2025-05-04 14:48:00,M0008,OP0025,T00373,SEATBELT,LOW,safety_events,Seatbelt not fastened while machine is moving.,Review seatbelt compliance training with operator.,True
AL001140,2025-05-04 16:20:24,M0027,OP0014,T00681,TASK_DELAY,MEDIUM,tasks,Task completion is trending beyond predicted duration.,Reassess task plan; check environmental and machine factors.,False
AL001048,2025-05-04 21:44:48,M0008,OP0025,T00373,TASK_DELAY,MEDIUM,tasks,Task completion is trending beyond predicted duration.,Reassess task plan; check environmental and machine factors.,True
AL000765,2025-05-05 07:00:00,M0001,OP0013,,UNUSUAL_BEHAVIOR,MEDIUM,operator_behavior,Operator behavior pattern deviates from established baseline.,Review recent shift telemetry and consider targeted training.,False
AL001216,2025-05-05 13:00:00,M0030,,,ENVIRONMENTAL_RISK,HIGH,environment,"Hazardous environmental conditions (storm, visibility 200m).",Consider pausing operations until conditions improve.,True
AL000830,2025-05-05 14:00:00,M0027,OP0029,,HIGH_IDLE,MEDIUM,operator_behavior,Idle ratio is significantly above operator baseline.,Recommend IDLE_MANAGEMENT training module.,True
AL000527,2025-05-05 14:42:00,M0035,OP0008,T00765,HIGH_FUEL_CONSUMPTION,MEDIUM,fuel_usage,Fuel consumption is higher than expected for this task.,Check for excessive idling or engine load; review with operator.,True
AL000528,2025-05-05 14:54:00,M0035,OP0008,T00765,HIGH_FUEL_CONSUMPTION,MEDIUM,fuel_usage,Fuel consumption is higher than expected for this task.,Check for excessive idling or engine load; review with operator.,True
AL000529,2025-05-05 15:06:00,M0035,OP0008,T00765,HIGH_FUEL_CONSUMPTION,MEDIUM,fuel_usage,Fuel consumption is higher than expected for this task.,Check for excessive idling or engine load; review with operator.,False
AL000530,2025-05-05 15:18:00,M0035,OP0008,T00765,HIGH_FUEL_CONSUMPTION,MEDIUM,fuel_usage,Fuel consumption is higher than expected for this task.,Check for excessive idling or engine load; review with operator.,True
AL000531,2025-05-05 15:30:00,M0035,OP0008,T00765,HIGH_FUEL_CONSUMPTION,MEDIUM,fuel_usage,Fuel consumption is higher than expected for this task.,Check for excessive idling or engine load; review with operator.,True
AL000532,2025-05-05 15:42:00,M0035,OP0008,T00765,HIGH_FUEL_CONSUMPTION,MEDIUM,fuel_usage,Fuel consumption is higher than expected for this task.,Check for excessive idling or engine load; review with operator.,True
AL000470,2025-05-05 15:54:00,M0035,OP0008,T00765,SEATBELT,MEDIUM,safety_events,Seatbelt not fastened while machine is moving.,Review seatbelt compliance training with operator.,True
AL001183,2025-05-05 16:27:06,M0041,OP0004,T00838,TASK_DELAY,MEDIUM,tasks,Task completion is trending beyond predicted duration.,Reassess task plan; check environmental and machine factors.,True
AL000533,2025-05-05 16:42:00,M0035,OP0008,T00765,HIGH_FUEL_CONSUMPTION,MEDIUM,fuel_usage,Fuel consumption is higher than expected for this task.,Check for excessive idling or engine load; review with operator.,True
AL000534,2025-05-05 17:06:00,M0035,OP0008,T00765,HIGH_FUEL_CONSUMPTION,MEDIUM,fuel_usage,Fuel consumption is higher than expected for this task.,Check for excessive idling or engine load; review with operator.,True
AL000471,2025-05-05 17:07:00,M0035,OP0008,T00765,SEATBELT,MEDIUM,safety_events,Seatbelt not fastened while machine is moving.,Review seatbelt compliance training with operator.,False
AL000535,2025-05-05 17:30:00,M0035,OP0008,T00765,HIGH_FUEL_CONSUMPTION,MEDIUM,fuel_usage,Fuel consumption is higher than expected for this task.,Check for excessive idling or engine load; review with operator.,False
AL000472,2025-05-05 17:31:00,M0035,OP0008,T00765,PROXIMITY,HIGH,safety_events,Worker detected within the machine operating zone.,Pause operation and confirm clear zone before resuming.,True
AL000536,2025-05-05 17:42:00,M0035,OP0008,T00765,HIGH_FUEL_CONSUMPTION,MEDIUM,fuel_usage,Fuel consumption is higher than expected for this task.,Check for excessive idling or engine load; review with operator.,True
AL000537,2025-05-05 17:54:00,M0035,OP0008,T00765,HIGH_FUEL_CONSUMPTION,MEDIUM,fuel_usage,Fuel consumption is higher than expected for this task.,Check for excessive idling or engine load; review with operator.,True
AL000597,2025-05-06 08:23:00,M0035,OP0030,T00281,HIGH_IDLE,MEDIUM,operator_behavior,Idle ratio is significantly above operator baseline.,Recommend IDLE_MANAGEMENT training module.,False
AL001019,2025-05-06 09:51:54,M0035,OP0030,T00281,TASK_DELAY,MEDIUM,tasks,Task completion is trending beyond predicted duration.,Reassess task plan; check environmental and machine factors.,True
AL000228,2025-05-06 11:49:00,M0025,OP0046,T00343,SEATBELT,LOW,safety_events,Seatbelt not fastened while machine is moving.,Review seatbelt compliance training with operator.,False
AL000229,2025-05-06 12:01:00,M0025,OP0046,T00343,SEATBELT,MEDIUM,safety_events,Seatbelt not fastened while machine is moving.,Review seatbelt compliance training with operator.,True
AL000230,2025-05-06 12:08:00,M0025,OP0046,T00343,SEATBELT,LOW,safety_events,Seatbelt not fastened while machine is moving.,Review seatbelt compliance training with operator.,True
AL001279,2025-05-06 13:00:00,M0017,,,ENVIRONMENTAL_RISK,MEDIUM,environment,"Hazardous environmental conditions (fog, visibility 65m).",Consider pausing operations until conditions improve.,True
AL000231,2025-05-06 13:10:00,M0025,OP0046,T00343,SEATBELT,HIGH,safety_events,Seatbelt not fastened while machine is moving.,Review seatbelt compliance training with operator.,True
AL000232,2025-05-06 13:44:00,M0025,OP0046,T00343,SEATBELT,LOW,safety_events,Seatbelt not fastened while machine is moving.,Review seatbelt compliance training with operator.,True
AL000560,2025-05-06 15:55:00,M0038,OP0007,T00094,HIGH_IDLE,MEDIUM,operator_behavior,Idle ratio is significantly above operator baseline.,Recommend IDLE_MANAGEMENT training module.,True
AL000061,2025-05-06 16:45:00,M0038,OP0007,T00094,SEATBELT,LOW,safety_events,Seatbelt not fastened while machine is moving.,Review seatbelt compliance training with operator.,False
AL000062,2025-05-06 18:58:00,M0038,OP0007,T00094,PROXIMITY,MEDIUM,safety_events,Obstacle detected within the machine operating zone.,Reassess path and clear or route around obstacle.,True
AL001164,2025-05-06 19:00:42,M0008,OP0020,T00760,TASK_DELAY,MEDIUM,tasks,Task completion is trending beyond predicted duration.,Reassess task plan; check environmental and machine factors.,True
AL000964,2025-05-07 00:14:12,M0038,OP0007,T00094,TASK_DELAY,MEDIUM,tasks,Task completion is trending beyond predicted duration.,Reassess task plan; check environmental and machine factors.,True
AL001166,2025-05-07 01:24:30,M0035,OP0008,T00765,TASK_DELAY,MEDIUM,tasks,Task completion is trending beyond predicted duration.,Reassess task plan; check environmental and machine factors.,True
AL001044,2025-05-07 08:16:24,M0025,OP0046,T00343,TASK_DELAY,MEDIUM,tasks,Task completion is trending beyond predicted duration.,Reassess task plan; check environmental and machine factors.,True
AL000173,2025-05-07 10:05:00,M0006,OP0014,T00265,UNUSUAL_BEHAVIOR,MEDIUM,safety_events,Machine speed exceeded safe operating threshold.,Coach operator on speed limits for this machine type.,True
AL000174,2025-05-07 10:57:00,M0006,OP0014,T00265,PROXIMITY,LOW,safety_events,Worker detected within the machine operating zone.,Pause operation and confirm clear zone before resuming.,True
AL000718,2025-05-07 11:00:00,M0008,OP0055,,UNUSUAL_BEHAVIOR,MEDIUM,operator_behavior,Operator behavior pattern deviates from established baseline.,Review recent shift telemetry and consider targeted training.,False
AL001275,2025-05-07 13:00:00,M0015,,,ENVIRONMENTAL_RISK,HIGH,environment,"Hazardous environmental conditions (storm, visibility 84m).",Consider pausing operations until conditions improve.,False
AL001288,2025-05-07 13:00:00,M0018,,,ENVIRONMENTAL_RISK,MEDIUM,environment,"Hazardous environmental conditions (fog, visibility 298m).",Consider pausing operations until conditions improve.,True
AL001130,2025-05-07 14:50:30,M0023,OP0002,T00641,TASK_DELAY,MEDIUM,tasks,Task completion is trending beyond predicted duration.,Reassess task plan; check environmental and machine factors.,False
AL001198,2025-05-08 19:00:00,M0005,,,ENVIRONMENTAL_RISK,HIGH,environment,"Hazardous environmental conditions (storm, visibility 114m).",Consider pausing operations until conditions improve.,False
AL000988,2025-05-09 10:18:00,M0014,OP0051,T00175,TASK_DELAY,MEDIUM,tasks,Task completion is trending beyond predicted duration.,Reassess task plan; check environmental and machine factors.,True
AL000957,2025-05-09 14:06:48,M0034,OP0033,T00079,TASK_DELAY,MEDIUM,tasks,Task completion is trending beyond predicted duration.,Reassess task plan; check environmental and machine factors.,False
AL000785,2025-05-09 15:00:00,M0010,OP0027,,UNUSUAL_BEHAVIOR,MEDIUM,operator_behavior,Operator behavior pattern deviates from established baseline.,Review recent shift telemetry and consider targeted training.,True
AL000815,2025-05-10 10:00:00,M0035,OP0045,,UNUSUAL_BEHAVIOR,MEDIUM,operator_behavior,Operator behavior pattern deviates from established baseline.,Review recent shift telemetry and consider targeted training.,True
AL000545,2025-05-10 10:33:00,M0023,OP0039,T00033,UNUSUAL_BEHAVIOR,MEDIUM,operator_behavior,Operator behavior pattern deviates from established baseline.,Review recent shift telemetry and consider targeted training.,False
AL000544,2025-05-10 10:33:00,M0023,OP0039,T00033,HIGH_IDLE,MEDIUM,operator_behavior,Idle ratio is significantly above operator baseline.,Recommend IDLE_MANAGEMENT training module.,True
AL000064,2025-05-11 13:23:00,M0010,OP0015,T00103,SEATBELT,LOW,safety_events,Seatbelt not fastened while machine is moving.,Review seatbelt compliance training with operator.,False
AL000031,2025-05-12 08:27:00,M0016,OP0006,T00045,SEATBELT,LOW,safety_events,Seatbelt not fastened while machine is moving.,Review seatbelt compliance training with operator.,True
AL000340,2025-05-12 10:17:00,M0041,OP0050,T00528,PROXIMITY,HIGH,safety_events,Worker detected within the machine operating zone.,Pause operation and confirm clear zone before resuming.,True
AL000665,2025-05-12 11:01:00,M0009,OP0047,T00625,HIGH_IDLE,MEDIUM,operator_behavior,Idle ratio is significantly above operator baseline.,Recommend IDLE_MANAGEMENT training module.,True
AL000591,2025-05-12 14:03:00,M0025,OP0031,T00241,UNUSUAL_BEHAVIOR,HIGH,operator_behavior,Operator behavior pattern deviates from established baseline.,Review recent shift telemetry and consider targeted training.,False
AL000155,2025-05-12 16:24:00,M0025,OP0031,T00241,PROXIMITY,MEDIUM,safety_events,Obstacle detected within the machine operating zone.,Reassess path and clear or route around obstacle.,True
AL000646,2025-05-13 07:28:00,M0027,OP0006,T00519,HIGH_IDLE,MEDIUM,operator_behavior,Idle ratio is significantly above operator baseline.,Recommend IDLE_MANAGEMENT training module.,True
AL000839,2025-05-13 11:00:00,M0035,OP0029,,UNUSUAL_BEHAVIOR,MEDIUM,operator_behavior,Operator behavior pattern deviates from established baseline.,Review recent shift telemetry and consider targeted training.,False
AL000923,2025-05-13 12:00:00,M0039,OP0046,,UNUSUAL_BEHAVIOR,MEDIUM,operator_behavior,Operator behavior pattern deviates from established baseline.,Review recent shift telemetry and consider targeted training.,False
AL001146,2025-05-13 18:37:24,M0020,OP0031,T00695,TASK_DELAY,MEDIUM,tasks,Task completion is trending beyond predicted duration.,Reassess task plan; check environmental and machine factors.,True
AL001235,2025-05-13 19:00:00,M0017,,,ENVIRONMENTAL_RISK,HIGH,environment,"Hazardous environmental conditions (storm, visibility 368m).",Consider pausing operations until conditions improve.,True
AL000169,2025-05-14 10:26:00,M0009,OP0055,T00262,PROXIMITY,MEDIUM,safety_events,Site vehicle detected within unsafe operating distance.,Coordinate with vehicle operator and increase clearance.,True
AL000170,2025-05-14 12:23:00,M0009,OP0055,T00262,SEATBELT,MEDIUM,safety_events,Seatbelt not fastened while machine is moving.,Review seatbelt compliance training with operator.,True
AL000482,2025-05-14 12:28:00,M0017,OP0039,T00786,SEATBELT,MEDIUM,safety_events,Seatbelt not fastened while machine is moving.,Review seatbelt compliance training with operator.,True
AL000483,2025-05-14 12:38:00,M0017,OP0039,T00786,PROXIMITY,MEDIUM,safety_events,Site vehicle detected within unsafe operating distance.,Coordinate with vehicle operator and increase clearance.,True
AL000171,2025-05-14 12:49:00,M0009,OP0055,T00262,PROXIMITY,MEDIUM,safety_events,Site vehicle detected within unsafe operating distance.,Coordinate with vehicle operator and increase clearance.,True
AL001210,2025-05-15 06:00:00,M0011,,,ENVIRONMENTAL_RISK,MEDIUM,environment,"Hazardous environmental conditions (fog, visibility 40m).",Consider pausing operations until conditions improve.,True
AL000649,2025-05-15 12:12:00,M0029,OP0017,T00549,UNUSUAL_BEHAVIOR,MEDIUM,operator_behavior,Operator behavior pattern deviates from established baseline.,Review recent shift telemetry and consider targeted training.,True
AL000346,2025-05-15 12:29:00,M0029,OP0017,T00549,PROXIMITY,HIGH,safety_events,Unsafe reversing maneuver detected.,Reinforce spotter protocol for reversing operations.,True
AL000347,2025-05-15 13:27:00,M0029,OP0017,T00549,SEATBELT,LOW,safety_events,Seatbelt not fastened while machine is moving.,Review seatbelt compliance training with operator.,True
AL000348,2025-05-15 13:39:00,M0029,OP0017,T00549,SEATBELT,LOW,safety_events,Seatbelt not fastened while machine is moving.,Review seatbelt compliance training with operator.,True
AL000349,2025-05-15 14:47:00,M0029,OP0017,T00549,SEATBELT,HIGH,safety_events,Seatbelt not fastened while machine is moving.,Review seatbelt compliance training with operator.,True
AL001101,2025-05-15 16:32:42,M0029,OP0017,T00549,TASK_DELAY,MEDIUM,tasks,Task completion is trending beyond predicted duration.,Reassess task plan; check environmental and machine factors.,True
AL000969,2025-05-16 04:35:18,M0019,OP0004,T00119,TASK_DELAY,MEDIUM,tasks,Task completion is trending beyond predicted duration.,Reassess task plan; check environmental and machine factors.,False
AL000643,2025-05-16 09:59:00,M0038,OP0020,T00510,UNUSUAL_BEHAVIOR,MEDIUM,operator_behavior,Operator behavior pattern deviates from established baseline.,Review recent shift telemetry and consider targeted training.,False
AL000626,2025-05-16 12:06:00,M0003,OP0007,T00426,UNUSUAL_BEHAVIOR,MEDIUM,operator_behavior,Operator behavior pattern deviates from established baseline.,Review recent shift telemetry and consider targeted training.,False
AL001072,2025-05-16 13:42:36,M0021,OP0007,T00444,TASK_DELAY,MEDIUM,tasks,Task completion is trending beyond predicted duration.,Reassess task plan; check environmental and machine factors.,True
AL000326,2025-05-16 13:44:00,M0038,OP0020,T00510,SEATBELT,MEDIUM,safety_events,Seatbelt not fastened while machine is moving.,Review seatbelt compliance training with operator.,True
AL000681,2025-05-17 14:04:00,M0036,OP0011,T00713,UNUSUAL_BEHAVIOR,MEDIUM,operator_behavior,Operator behavior pattern deviates from established baseline.,Review recent shift telemetry and consider targeted training.,True
AL001035,2025-05-17 14:25:30,M0040,OP0003,T00316,TASK_DELAY,MEDIUM,tasks,Task completion is trending beyond predicted duration.,Reassess task plan; check environmental and machine factors.,True
AL001222,2025-05-17 19:00:00,M0033,,,ENVIRONMENTAL_RISK,MEDIUM,environment,"Hazardous environmental conditions (fog, visibility 170m).",Consider pausing operations until conditions improve.,False
AL001152,2025-05-17 20:46:54,M0036,OP0011,T00713,TASK_DELAY,MEDIUM,tasks,Task completion is trending beyond predicted duration.,Reassess task plan; check environmental and machine factors.,True
AL001289,2025-05-18 06:00:00,M0022,,,ENVIRONMENTAL_RISK,HIGH,environment,"Hazardous environmental conditions (storm, visibility 228m).",Consider pausing operations until conditions improve.,True
AL000727,2025-05-18 10:00:00,M0015,OP0011,,HIGH_IDLE,MEDIUM,operator_behavior,Idle ratio is significantly above operator baseline.,Recommend IDLE_MANAGEMENT training module.,False
AL001280,2025-05-18 13:00:00,M0042,,,ENVIRONMENTAL_RISK,HIGH,environment,"Hazardous environmental conditions (storm, visibility 86m).",Consider pausing operations until conditions improve.,True
AL000088,2025-05-18 16:05:00,M0007,OP0005,T00144,SEATBELT,MEDIUM,safety_events,Seatbelt not fastened while machine is moving.,Review seatbelt compliance training with operator.,False
AL000089,2025-05-18 18:10:00,M0007,OP0005,T00144,PROXIMITY,LOW,safety_events,Worker detected within the machine operating zone.,Pause operation and confirm clear zone before resuming.,True
AL000978,2025-05-18 18:12:18,M0007,OP0005,T00144,TASK_DELAY,MEDIUM,tasks,Task completion is trending beyond predicted duration.,Reassess task plan; check environmental and machine factors.,True
AL001212,2025-05-18 19:00:00,M0012,,,ENVIRONMENTAL_RISK,HIGH,environment,"Hazardous environmental conditions (storm, visibility 201m).",Consider pausing operations until conditions improve.,True
AL000915,2025-05-19 11:00:00,M0036,OP0027,,HIGH_IDLE,MEDIUM,operator_behavior,Idle ratio is significantly above operator baseline.,Recommend IDLE_MANAGEMENT training module.,False
AL000154,2025-05-19 11:35:00,M0023,OP0052,T00237,UNUSUAL_BEHAVIOR,LOW,safety_events,Harsh braking event detected.,Review braking technique with operator.,True
AL001005,2025-05-19 15:40:12,M0023,OP0052,T00237,TASK_DELAY,MEDIUM,tasks,Task completion is trending beyond predicted duration.,Reassess task plan; check environmental and machine factors.,True
AL000105,2025-05-20 10:09:00,M0002,OP0004,T00167,SEATBELT,MEDIUM,safety_events,Seatbelt not fastened while machine is moving.,Review seatbelt compliance training with operator.,True
AL000698,2025-05-20 10:41:00,M0017,OP0023,T00810,UNUSUAL_BEHAVIOR,MEDIUM,operator_behavior,Operator behavior pattern deviates from established baseline.,Review recent shift telemetry and consider targeted training.,False
AL000762,2025-05-20 13:00:00,M0014,OP0041,,HIGH_IDLE,MEDIUM,operator_behavior,Idle ratio is significantly above operator baseline.,Recommend IDLE_MANAGEMENT training module.,False
AL000495,2025-05-20 13:46:00,M0017,OP0023,T00810,PROXIMITY,MEDIUM,safety_events,Worker detected within the machine operating zone.,Pause operation and confirm clear zone before resuming.,True
AL000710,2025-05-20 14:00:00,M0036,OP0041,,HIGH_IDLE,MEDIUM,operator_behavior,Idle ratio is significantly above operator baseline.,Recommend IDLE_MANAGEMENT training module.,True
AL001100,2025-05-20 14:41:54,M0015,OP0028,T00545,TASK_DELAY,MEDIUM,tasks,Task completion is trending beyond predicted duration.,Reassess task plan; check environmental and machine factors.,False
AL000987,2025-05-20 16:02:30,M0002,OP0004,T00167,TASK_DELAY,MEDIUM,tasks,Task completion is trending beyond predicted duration.,Reassess task plan; check environmental and machine factors.,True
AL000010,2025-05-20 16:44:00,M0008,OP0027,T00020,PROXIMITY,MEDIUM,safety_events,Obstacle detected within the machine operating zone.,Reassess path and clear or route around obstacle.,True
AL000502,2025-05-20 17:19:00,M0010,OP0033,T00816,SEATBELT,HIGH,safety_events,Seatbelt not fastened while machine is moving.,Review seatbelt compliance training with operator.,False
AL000943,2025-05-20 17:45:42,M0008,OP0027,T00020,TASK_DELAY,MEDIUM,tasks,Task completion is trending beyond predicted duration.,Reassess task plan; check environmental and machine factors.,True
AL001228,2025-05-20 19:00:00,M0001,,,ENVIRONMENTAL_RISK,MEDIUM,environment,"Hazardous environmental conditions (fog, visibility 296m).",Consider pausing operations until conditions improve.,True
AL001208,2025-05-20 19:00:00,M0020,,,ENVIRONMENTAL_RISK,MEDIUM,environment,"Hazardous environmental conditions (fog, visibility 172m).",Consider pausing operations until conditions improve.,True
AL001174,2025-05-20 19:40:06,M0017,OP0023,T00810,TASK_DELAY,MEDIUM,tasks,Task completion is trending beyond predicted duration.,Reassess task plan; check environmental and machine factors.,False
AL000774,2025-05-21 06:00:00,M0001,OP0045,,UNUSUAL_BEHAVIOR,MEDIUM,operator_behavior,Operator behavior pattern deviates from established baseline.,Review recent shift telemetry and consider targeted training.,False
AL000773,2025-05-21 06:00:00,M0001,OP0045,,HIGH_IDLE,MEDIUM,operator_behavior,Idle ratio is significantly above operator baseline.,Recommend IDLE_MANAGEMENT training module.,True
AL000007,2025-05-21 09:59:00,M0036,OP0053,T00010,PROXIMITY,HIGH,safety_events,Obstacle detected within the machine operating zone.,Reassess path and clear or route around obstacle.,True
AL000008,2025-05-21 10:31:00,M0036,OP0053,T00010,UNUSUAL_BEHAVIOR,LOW,safety_events,Harsh braking event detected.,Review braking technique with operator.,True
AL000939,2025-05-21 14:27:54,M0036,OP0053,T00010,TASK_DELAY,MEDIUM,tasks,Task completion is trending beyond predicted duration.,Reassess task plan; check environmental and machine factors.,False
AL001256,2025-05-22 06:00:00,M0021,,,ENVIRONMENTAL_RISK,HIGH,environment,"Hazardous environmental conditions (storm, visibility 105m).",Consider pausing operations until conditions improve.,True
AL000620,2025-05-22 09:29:00,M0021,OP0038,T00394,HIGH_IDLE,MEDIUM,operator_behavior,Idle ratio is significantly above operator baseline.,Recommend IDLE_MANAGEMENT training module.,False
AL000846,2025-05-22 10:00:00,M0042,OP0045,,UNUSUAL_BEHAVIOR,MEDIUM,operator_behavior,Operator behavior pattern deviates from established baseline.,Review recent shift telemetry and consider targeted training.,True
AL000845,2025-05-22 10:00:00,M0042,OP0045,,HIGH_IDLE,MEDIUM,operator_behavior,Idle ratio is significantly above operator baseline.,Recommend IDLE_MANAGEMENT training module.,False
AL001058,2025-05-22 11:08:00,M0021,OP0038,T00394,TASK_DELAY,MEDIUM,tasks,Task completion is trending beyond predicted duration.,Reassess task plan; check environmental and machine factors.,True
AL000268,2025-05-22 11:55:00,M0021,OP0038,T00394,SEATBELT,MEDIUM,safety_events,Seatbelt not fastened while machine is moving.,Review seatbelt compliance training with operator.,True
AL000269,2025-05-22 13:07:00,M0021,OP0038,T00394,PROXIMITY,LOW,safety_events,Site vehicle detected within unsafe operating distance.,Coordinate with vehicle operator and increase clearance.,True
AL000973,2025-05-22 14:47:54,M0034,OP0016,T00127,TASK_DELAY,MEDIUM,tasks,Task completion is trending beyond predicted duration.,Reassess task plan; check environmental and machine factors.,False
AL000415,2025-05-22 16:43:00,M0004,OP0012,T00670,SEATBELT,LOW,safety_events,Seatbelt not fastened while machine is moving.,Review seatbelt compliance training with operator.,True
AL000873,2025-05-23 08:00:00,M0027,OP0029,,UNUSUAL_BEHAVIOR,MEDIUM,operator_behavior,Operator behavior pattern deviates from established baseline.,Review recent shift telemetry and consider targeted training.,True
AL000657,2025-05-23 10:54:00,M0027,OP0019,T00579,UNUSUAL_BEHAVIOR,MEDIUM,operator_behavior,Operator behavior pattern deviates from established baseline.,Review recent shift telemetry and consider targeted training.,False
AL000365,2025-05-23 11:20:00,M0027,OP0019,T00579,PROXIMITY,LOW,safety_events,Unsafe reversing maneuver detected.,Reinforce spotter protocol for reversing operations.,True
AL000812,2025-05-23 14:00:00,M0001,OP0011,,UNUSUAL_BEHAVIOR,MEDIUM,operator_behavior,Operator behavior pattern deviates from established baseline.,Review recent shift telemetry and consider targeted training.,True
AL000366,2025-05-23 14:16:00,M0027,OP0019,T00579,PROXIMITY,LOW,safety_events,Obstacle detected within the machine operating zone.,Reassess path and clear or route around obstacle.,True
AL001111,2025-05-23 22:01:36,M0027,OP0019,T00579,TASK_DELAY,MEDIUM,tasks,Task completion is trending beyond predicted duration.,Reassess task plan; check environmental and machine factors.,True
AL000677,2025-05-24 11:41:00,M0007,OP0040,T00686,UNUSUAL_BEHAVIOR,MEDIUM,operator_behavior,Operator behavior pattern deviates from established baseline.,Review recent shift telemetry and consider targeted training.,False
AL001219,2025-05-24 13:00:00,M0028,,,ENVIRONMENTAL_RISK,HIGH,environment,"Hazardous environmental conditions (storm, visibility 255m).",Consider pausing operations until conditions improve.,False
AL000421,2025-05-24 13:52:00,M0007,OP0040,T00686,UNUSUAL_BEHAVIOR,MEDIUM,safety_events,Machine speed exceeded safe operating threshold.,Coach operator on speed limits for this machine type.,True
AL000705,2025-05-24 14:07:00,M0039,OP0015,T00835,HIGH_IDLE,MEDIUM,operator_behavior,Idle ratio is significantly above operator baseline.,Recommend IDLE_MANAGEMENT training module.,False
AL000516,2025-05-24 14:48:00,M0039,OP0015,T00835,SEATBELT,LOW,safety_events,Seatbelt not fastened while machine is moving.,Review seatbelt compliance training with operator.,True
AL001143,2025-05-24 16:15:42,M0007,OP0040,T00686,TASK_DELAY,MEDIUM,tasks,Task completion is trending beyond predicted duration.,Reassess task plan; check environmental and machine factors.,True
AL001182,2025-05-24 20:44:36,M0039,OP0015,T00835,TASK_DELAY,MEDIUM,tasks,Task completion is trending beyond predicted duration.,Reassess task plan; check environmental and machine factors.,False
AL001070,2025-05-25 14:41:18,M0004,OP0024,T00434,TASK_DELAY,MEDIUM,tasks,Task completion is trending beyond predicted duration.,Reassess task plan; check environmental and machine factors.,True
AL001091,2025-05-25 17:24:48,M0027,OP0003,T00521,TASK_DELAY,MEDIUM,tasks,Task completion is trending beyond predicted duration.,Reassess task plan; check environmental and machine factors.,False
AL000766,2025-05-26 12:00:00,M0041,OP0046,,UNUSUAL_BEHAVIOR,HIGH,operator_behavior,Operator behavior pattern deviates from established baseline.,Review recent shift telemetry and consider targeted training.,False
AL000697,2025-05-26 12:14:00,M0029,OP0014,T00808,HIGH_IDLE,MEDIUM,operator_behavior,Idle ratio is significantly above operator baseline.,Recommend IDLE_MANAGEMENT training module.,True
AL000168,2025-05-26 15:05:00,M0018,OP0055,T00261,SEATBELT,LOW,safety_events,Seatbelt not fastened while machine is moving.,Review seatbelt compliance training with operator.,True
AL001012,2025-05-26 17:22:42,M0018,OP0055,T00261,TASK_DELAY,MEDIUM,tasks,Task completion is trending beyond predicted duration.,Reassess task plan; check environmental and machine factors.,True
AL000696,2025-05-27 06:16:00,M0039,OP0016,T00806,HIGH_IDLE,MEDIUM,operator_behavior,Idle ratio is significantly above operator baseline.,Recommend IDLE_MANAGEMENT training module.,False
AL000491,2025-05-27 06:41:00,M0039,OP0016,T00806,PROXIMITY,LOW,safety_events,Worker detected within the machine operating zone.,Pause operation and confirm clear zone before resuming.,True
AL000858,2025-05-27 08:00:00,M0037,OP0049,,HIGH_IDLE,MEDIUM,operator_behavior,Idle ratio is significantly above operator baseline.,Recommend IDLE_MANAGEMENT training module.,False
AL000492,2025-05-27 08:11:00,M0039,OP0016,T00806,SEATBELT,HIGH,safety_events,Seatbelt not fastened while machine is moving.,Review seatbelt compliance training with operator.,True
AL000602,2025-05-27 14:14:00,M0033,OP0008,T00318,HIGH_IDLE,MEDIUM,operator_behavior,Idle ratio is significantly above operator baseline.,Recommend IDLE_MANAGEMENT training module.,True
AL000209,2025-05-27 15:27:00,M0033,OP0008,T00318,UNUSUAL_BEHAVIOR,LOW,safety_events,Harsh braking event detected.,Review braking technique with operator.,True
AL000210,2025-05-27 15:29:00,M0033,OP0008,T00318,UNUSUAL_BEHAVIOR,LOW,safety_events,Harsh braking event detected.,Review braking technique with operator.,True
AL001057,2025-05-27 16:18:54,M0023,OP0053,T00392,TASK_DELAY,MEDIUM,tasks,Task completion is trending beyond predicted duration.,Reassess task plan; check environmental and machine factors.,True
AL001203,2025-05-27 19:00:00,M0042,,,ENVIRONMENTAL_RISK,HIGH,environment,"Hazardous environmental conditions (storm, visibility 163m).",Consider pausing operations until conditions improve.,True
AL001286,2025-05-28 06:00:00,M0025,,,ENVIRONMENTAL_RISK,MEDIUM,environment,"Hazardous environmental conditions (fog, visibility 210m).",Consider pausing operations until conditions improve.,True
AL000592,2025-05-28 12:59:00,M0031,OP0018,T00242,UNUSUAL_BEHAVIOR,MEDIUM,operator_behavior,Operator behavior pattern deviates from established baseline.,Review recent shift telemetry and consider targeted training.,False
AL000549,2025-05-28 14:42:00,M0023,OP0012,T00048,UNUSUAL_BEHAVIOR,MEDIUM,operator_behavior,Operator behavior pattern deviates from established baseline.,Review recent shift telemetry and consider targeted training.,False
AL000156,2025-05-28 14:49:00,M0031,OP0018,T00242,SEATBELT,LOW,safety_events,Seatbelt not fastened while machine is moving.,Review seatbelt compliance training with operator.,True
AL000796,2025-05-28 15:00:00,M0017,OP0045,,UNUSUAL_BEHAVIOR,HIGH,operator_behavior,Operator behavior pattern deviates from established baseline.,Review recent shift telemetry and consider targeted training.,False
AL000950,2025-05-28 16:58:54,M0023,OP0012,T00048,TASK_DELAY,MEDIUM,tasks,Task completion is trending beyond predicted duration.,Reassess task plan; check environmental and machine factors.,True
AL000034,2025-05-28 18:39:00,M0023,OP0012,T00048,UNUSUAL_BEHAVIOR,HIGH,safety_events,Machine speed exceeded safe operating threshold.,Coach operator on speed limits for this machine type.,True
AL001007,2025-05-28 19:36:06,M0031,OP0018,T00242,TASK_DELAY,MEDIUM,tasks,Task completion is trending beyond predicted duration.,Reassess task plan; check environmental and machine factors.,False
AL000599,2025-05-29 09:46:00,M0036,OP0014,T00306,UNUSUAL_BEHAVIOR,MEDIUM,operator_behavior,Operator behavior pattern deviates from established baseline.,Review recent shift telemetry and consider targeted training.,False
AL000204,2025-05-29 11:02:00,M0036,OP0014,T00306,PROXIMITY,LOW,safety_events,Site vehicle detected within unsafe operating distance.,Coordinate with vehicle operator and increase clearance.,True
AL001031,2025-05-29 14:29:24,M0036,OP0014,T00306,TASK_DELAY,MEDIUM,tasks,Task completion is trending beyond predicted duration.,Reassess task plan; check environmental and machine factors.,False
AL001299,2025-05-30 06:00:00,M0037,,,ENVIRONMENTAL_RISK,HIGH,environment,"Hazardous environmental conditions (storm, visibility 242m).",Consider pausing operations until conditions improve.,False
AL000328,2025-05-30 18:03:00,M0038,OP0027,T00513,SEATBELT,LOW,safety_events,Seatbelt not fastened while machine is moving.,Review seatbelt compliance training with operator.,True
AL001088,2025-05-30 20:44:12,M0038,OP0027,T00513,TASK_DELAY,MEDIUM,tasks,Task completion is trending beyond predicted duration.,Reassess task plan; check environmental and machine factors.,True
AL001290,2025-05-31 06:00:00,M0015,,,ENVIRONMENTAL_RISK,MEDIUM,environment,"Hazardous environmental conditions (fog, visibility 218m).",Consider pausing operations until conditions improve.,False
AL001233,2025-05-31 06:00:00,M0023,,,ENVIRONMENTAL_RISK,HIGH,environment,"Hazardous environmental conditions (storm, visibility 94m).",Consider pausing operations until conditions improve.,True
AL000775,2025-05-31 08:00:00,M0030,OP0046,,UNUSUAL_BEHAVIOR,MEDIUM,operator_behavior,Operator behavior pattern deviates from established baseline.,Review recent shift telemetry and consider targeted training.,True
AL000456,2025-05-31 08:14:00,M0011,OP0044,T00740,SEATBELT,LOW,safety_events,Seatbelt not fastened while machine is moving.,Review seatbelt compliance training with operator.,True
AL000457,2025-05-31 09:35:00,M0011,OP0044,T00740,SEATBELT,MEDIUM,safety_events,Seatbelt not fastened while machine is moving.,Review seatbelt compliance training with operator.,True
AL000802,2025-05-31 12:00:00,M0030,OP0029,,UNUSUAL_BEHAVIOR,MEDIUM,operator_behavior,Operator behavior pattern deviates from established baseline.,Review recent shift telemetry and consider targeted training.,True
AL000146,2025-05-31 12:08:00,M0010,OP0043,T00226,SEATBELT,LOW,safety_events,Seatbelt not fastened while machine is moving.,Review seatbelt compliance training with operator.,True
AL000199,2025-06-01 09:16:00,M0002,OP0029,T00300,SEATBELT,LOW,safety_events,Seatbelt not fastened while machine is moving.,Review seatbelt compliance training with operator.,True
AL000200,2025-06-01 09:20:00,M0002,OP0029,T00300,PROXIMITY,LOW,safety_events,Obstacle detected within the machine operating zone.,Reassess path and clear or route around obstacle.,True
AL000125,2025-06-02 07:54:00,M0015,OP0007,T00195,SEATBELT,LOW,safety_events,Seatbelt not fastened while machine is moving.,Review seatbelt compliance training with operator.,True
AL000792,2025-06-02 09:00:00,M0034,OP0029,,HIGH_IDLE,MEDIUM,operator_behavior,Idle ratio is significantly above operator baseline.,Recommend IDLE_MANAGEMENT training module.,True
AL000908,2025-06-02 09:00:00,M0034,OP0009,,HIGH_IDLE,MEDIUM,operator_behavior,Idle ratio is significantly above operator baseline.,Recommend IDLE_MANAGEMENT training module.,False
AL000993,2025-06-02 09:31:54,M0015,OP0007,T00195,TASK_DELAY,MEDIUM,tasks,Task completion is trending beyond predicted duration.,Reassess task plan; check environmental and machine factors.,False
AL000864,2025-06-02 14:00:00,M0038,OP0045,,UNUSUAL_BEHAVIOR,MEDIUM,operator_behavior,Operator behavior pattern deviates from established baseline.,Review recent shift telemetry and consider targeted training.,False
AL000930,2025-06-03 06:00:00,M0035,OP0045,,HIGH_IDLE,MEDIUM,operator_behavior,Idle ratio is significantly above operator baseline.,Recommend IDLE_MANAGEMENT training module.,True
AL000085,2025-06-03 08:51:00,M0037,OP0006,T00143,SEATBELT,HIGH,safety_events,Seatbelt not fastened while machine is moving.,Review seatbelt compliance training with operator.,True
AL000086,2025-06-03 08:56:00,M0037,OP0006,T00143,SEATBELT,LOW,safety_events,Seatbelt not fastened while machine is moving.,Review seatbelt compliance training with operator.,True
AL000087,2025-06-03 09:15:00,M0037,OP0006,T00143,UNUSUAL_BEHAVIOR,HIGH,safety_events,Machine speed exceeded safe operating threshold.,Coach operator on speed limits for this machine type.,False
AL000431,2025-06-03 09:46:00,M0002,OP0008,T00706,SEATBELT,MEDIUM,safety_events,Seatbelt not fastened while machine is moving.,Review seatbelt compliance training with operator.,True
AL000250,2025-06-03 11:18:00,M0017,OP0011,T00360,UNUSUAL_BEHAVIOR,LOW,safety_events,Harsh braking event detected.,Review braking technique with operator.,True
AL000432,2025-06-03 11:21:00,M0002,OP0008,T00706,PROXIMITY,HIGH,safety_events,Worker detected within the machine operating zone.,Pause operation and confirm clear zone before resuming.,True
AL001151,2025-06-03 13:02:36,M0002,OP0008,T00706,TASK_DELAY,MEDIUM,tasks,Task completion is trending beyond predicted duration.,Reassess task plan; check environmental and machine factors.,True
AL000714,2025-06-04 07:00:00,M0022,OP0046,,UNUSUAL_BEHAVIOR,MEDIUM,operator_behavior,Operator behavior pattern deviates from established baseline.,Review recent shift telemetry and consider targeted training.,False
AL000857,2025-06-04 07:00:00,M0008,OP0011,,UNUSUAL_BEHAVIOR,HIGH,operator_behavior,Operator behavior pattern deviates from established baseline.,Review recent shift telemetry and consider targeted training.,False
AL000836,2025-06-04 14:00:00,M0023,OP0038,,HIGH_IDLE,MEDIUM,operator_behavior,Idle ratio is significantly above operator baseline.,Recommend IDLE_MANAGEMENT training module.,False
AL000713,2025-06-04 14:00:00,M0007,OP0009,,HIGH_IDLE,MEDIUM,operator_behavior,Idle ratio is significantly above operator baseline.,Recommend IDLE_MANAGEMENT training module.,True
AL000207,2025-06-04 17:41:00,M0016,OP0023,T00315,PROXIMITY,LOW,safety_events,Worker detected within the machine operating zone.,Pause operation and confirm clear zone before resuming.,True
AL000684,2025-06-05 08:36:00,M0010,OP0024,T00747,UNUSUAL_BEHAVIOR,MEDIUM,operator_behavior,Operator behavior pattern deviates from established baseline.,Review recent shift telemetry and consider targeted training.,True
AL000458,2025-06-05 09:47:00,M0010,OP0024,T00747,SEATBELT,LOW,safety_events,Seatbelt not fastened while machine is moving.,Review seatbelt compliance training with operator.,False
AL000459,2025-06-05 10:47:00,M0010,OP0024,T00747,SEATBELT,MEDIUM,safety_events,Seatbelt not fastened while machine is moving.,Review seatbelt compliance training with operator.,True
AL000460,2025-06-05 11:39:00,M0010,OP0024,T00747,UNUSUAL_BEHAVIOR,MEDIUM,safety_events,Machine speed exceeded safe operating threshold.,Coach operator on speed limits for this machine type.,True
AL000731,2025-06-05 13:00:00,M0032,OP0038,,UNUSUAL_BEHAVIOR,MEDIUM,operator_behavior,Operator behavior pattern deviates from established baseline.,Review recent shift telemetry and consider targeted training.,False
AL000461,2025-06-05 18:52:00,M0019,OP0025,T00748,SEATBELT,HIGH,safety_events,Seatbelt not fastened while machine is moving.,Review seatbelt compliance training with operator.,True
AL001160,2025-06-05 20:26:54,M0019,OP0025,T00748,TASK_DELAY,MEDIUM,tasks,Task completion is trending beyond predicted duration.,Reassess task plan; check environmental and machine factors.,True
AL000726,2025-06-06 07:00:00,M0038,OP0007,,UNUSUAL_BEHAVIOR,HIGH,operator_behavior,Operator behavior pattern deviates from established baseline.,Review recent shift telemetry and consider targeted training.,True
AL000900,2025-06-06 09:00:00,M0011,OP0036,,UNUSUAL_BEHAVIOR,MEDIUM,operator_behavior,Operator behavior pattern deviates from established baseline.,Review recent shift telemetry and consider targeted training.,False
AL001229,2025-06-07 06:00:00,M0006,,,ENVIRONMENTAL_RISK,HIGH,environment,"Hazardous environmental conditions (storm, visibility 128m).",Consider pausing operations until conditions improve.,True
AL000874,2025-06-07 07:00:00,M0039,OP0011,,UNUSUAL_BEHAVIOR,MEDIUM,operator_behavior,Operator behavior pattern deviates from established baseline.,Review recent shift telemetry and consider targeted training.,False
AL000553,2025-06-07 10:15:00,M0017,OP0010,T00065,HIGH_IDLE,MEDIUM,operator_behavior,Idle ratio is significantly above operator baseline.,Recommend IDLE_MANAGEMENT training module.,False
AL000245,2025-06-07 14:07:00,M0016,OP0036,T00357,SEATBELT,LOW,safety_events,Seatbelt not fastened while machine is moving.,Review seatbelt compliance training with operator.,True
AL000246,2025-06-07 14:30:00,M0016,OP0036,T00357,SEATBELT,MEDIUM,safety_events,Seatbelt not fastened while machine is moving.,Review seatbelt compliance training with operator.,True
AL001300,2025-06-08 06:00:00,M0033,,,ENVIRONMENTAL_RISK,HIGH,environment,"Hazardous environmental conditions (storm, visibility 90m).",Consider pausing operations until conditions improve.,False
AL000777,2025-06-08 06:00:00,M0018,OP0052,,UNUSUAL_BEHAVIOR,MEDIUM,operator_behavior,Operator behavior pattern deviates from established baseline.,Review recent shift telemetry and consider targeted training.,True
AL000719,2025-06-08 14:00:00,M0021,OP0015,,UNUSUAL_BEHAVIOR,MEDIUM,operator_behavior,Operator behavior pattern deviates from established baseline.,Review recent shift telemetry and consider targeted training.,False
AL000748,2025-06-09 11:00:00,M0027,OP0041,,UNUSUAL_BEHAVIOR,MEDIUM,operator_behavior,Operator behavior pattern deviates from established baseline.,Review recent shift telemetry and consider targeted training.,True
AL000835,2025-06-09 12:00:00,M0016,OP0045,,UNUSUAL_BEHAVIOR,MEDIUM,operator_behavior,Operator behavior pattern deviates from established baseline.,Review recent shift telemetry and consider targeted training.,True
AL000660,2025-06-09 14:34:00,M0036,OP0025,T00598,UNUSUAL_BEHAVIOR,MEDIUM,operator_behavior,Operator behavior pattern deviates from established baseline.,Review recent shift telemetry and consider targeted training.,True
AL000659,2025-06-09 14:34:00,M0036,OP0025,T00598,HIGH_IDLE,MEDIUM,operator_behavior,Idle ratio is significantly above operator baseline.,Recommend IDLE_MANAGEMENT training module.,False
AL000234,2025-06-09 15:02:00,M0004,OP0016,T00346,PROXIMITY,MEDIUM,safety_events,Obstacle detected within the machine operating zone.,Reassess path and clear or route around obstacle.,True
AL000375,2025-06-09 16:07:00,M0036,OP0025,T00598,PROXIMITY,MEDIUM,safety_events,Unsafe reversing maneuver detected.,Reinforce spotter protocol for reversing operations.,True
AL000376,2025-06-09 16:39:00,M0036,OP0025,T00598,PROXIMITY,LOW,safety_events,Unsafe reversing maneuver detected.,Reinforce spotter protocol for reversing operations.,True
AL001116,2025-06-09 17:54:36,M0023,OP0017,T00591,TASK_DELAY,MEDIUM,tasks,Task completion is trending beyond predicted duration.,Reassess task plan; check environmental and machine factors.,False
AL000609,2025-06-10 12:33:00,M0033,OP0041,T00344,UNUSUAL_BEHAVIOR,MEDIUM,operator_behavior,Operator behavior pattern deviates from established baseline.,Review recent shift telemetry and consider targeted training.,True
AL001045,2025-06-10 23:55:00,M0033,OP0041,T00344,TASK_DELAY,MEDIUM,tasks,Task completion is trending beyond predicted duration.,Reassess task plan; check environmental and machine factors.,True
AL000184,2025-06-11 09:38:00,M0032,OP0019,T00289,SEATBELT,HIGH,safety_events,Seatbelt not fastened while machine is moving.,Review seatbelt compliance training with operator.,False
AL000091,2025-06-11 11:11:00,M0010,OP0037,T00152,SEATBELT,MEDIUM,safety_events,Seatbelt not fastened while machine is moving.,Review seatbelt compliance training with operator.,True
AL000692,2025-06-11 11:35:00,M0003,OP0012,T00799,HIGH_IDLE,MEDIUM,operator_behavior,Idle ratio is significantly above operator baseline.,Recommend IDLE_MANAGEMENT training module.,True
AL000693,2025-06-11 11:35:00,M0003,OP0012,T00799,UNUSUAL_BEHAVIOR,MEDIUM,operator_behavior,Operator behavior pattern deviates from established baseline.,Review recent shift telemetry and consider targeted training.,True
AL000983,2025-06-11 11:59:18,M0010,OP0037,T00152,TASK_DELAY,MEDIUM,tasks,Task completion is trending beyond predicted duration.,Reassess task plan; check environmental and machine factors.,False
AL000092,2025-06-11 12:02:00,M0010,OP0037,T00152,SEATBELT,MEDIUM,safety_events,Seatbelt not fastened while machine is moving.,Review seatbelt compliance training with operator.,True
AL000093,2025-06-11 12:39:00,M0010,OP0037,T00152,SEATBELT,MEDIUM,safety_events,Seatbelt not fastened while machine is moving.,Review seatbelt compliance training with operator.,False
AL001022,2025-06-11 13:33:48,M0032,OP0019,T00289,TASK_DELAY,MEDIUM,tasks,Task completion is trending beyond predicted duration.,Reassess task plan; check environmental and machine factors.,True
AL000552,2025-06-11 14:27:00,M0016,OP0052,T00059,UNUSUAL_BEHAVIOR,MEDIUM,operator_behavior,Operator behavior pattern deviates from established baseline.,Review recent shift telemetry and consider targeted training.,False
AL000045,2025-06-11 14:42:00,M0016,OP0052,T00059,SEATBELT,HIGH,safety_events,Seatbelt not fastened while machine is moving.,Review seatbelt compliance training with operator.,True
AL000046,2025-06-11 15:15:00,M0016,OP0052,T00059,PROXIMITY,LOW,safety_events,Obstacle detected within the machine operating zone.,Reassess path and clear or route around obstacle.,True
AL000047,2025-06-11 15:16:00,M0016,OP0052,T00059,SEATBELT,MEDIUM,safety_events,Seatbelt not fastened while machine is moving.,Review seatbelt compliance training with operator.,True
AL001188,2025-06-11 19:00:00,M0029,,,ENVIRONMENTAL_RISK,MEDIUM,environment,"Hazardous environmental conditions (fog, visibility 114m).",Consider pausing operations until conditions improve.,True
AL000618,2025-06-12 08:14:00,M0018,OP0012,T00391,HIGH_IDLE,MEDIUM,operator_behavior,Idle ratio is significantly above operator baseline.,Recommend IDLE_MANAGEMENT training module.,True
AL000266,2025-06-12 08:33:00,M0018,OP0012,T00391,SEATBELT,MEDIUM,safety_events,Seatbelt not fastened while machine is moving.,Review seatbelt compliance training with operator.,True
AL001085,2025-06-12 15:53:54,M0031,OP0021,T00493,TASK_DELAY,MEDIUM,tasks,Task completion is trending beyond predicted duration.,Reassess task plan; check environmental and machine factors.,False
AL001221,2025-06-12 19:00:00,M0033,,,ENVIRONMENTAL_RISK,HIGH,environment,"Hazardous environmental conditions (storm, visibility 243m).",Consider pausing operations until conditions improve.,True
AL000688,2025-06-13 10:43:00,M0038,OP0026,T00766,UNUSUAL_BEHAVIOR,HIGH,operator_behavior,Operator behavior pattern deviates from established baseline.,Review recent shift telemetry and consider targeted training.,True
AL000473,2025-06-13 10:54:00,M0038,OP0026,T00766,SEATBELT,HIGH,safety_events,Seatbelt not fastened while machine is moving.,Review seatbelt compliance training with operator.,True
AL000759,2025-06-13 11:00:00,M0020,OP0009,,UNUSUAL_BEHAVIOR,MEDIUM,operator_behavior,Operator behavior pattern deviates from established baseline.,Review recent shift telemetry and consider targeted training.,True
AL000758,2025-06-13 11:00:00,M0020,OP0009,,HIGH_IDLE,MEDIUM,operator_behavior,Idle ratio is significantly above operator baseline.,Recommend IDLE_MANAGEMENT training module.,True
AL000474,2025-06-13 11:01:00,M0038,OP0026,T00766,SEATBELT,MEDIUM,safety_events,Seatbelt not fastened while machine is moving.,Review seatbelt compliance training with operator.,False
AL000936,2025-06-13 15:01:24,M0030,OP0018,T00001,TASK_DELAY,MEDIUM,tasks,Task completion is trending beyond predicted duration.,Reassess task plan; check environmental and machine factors.,False
AL001167,2025-06-13 16:48:30,M0038,OP0026,T00766,TASK_DELAY,MEDIUM,tasks,Task completion is trending beyond predicted duration.,Reassess task plan; check environmental and machine factors.,True
AL000142,2025-06-15 09:05:00,M0006,OP0029,T00218,PROXIMITY,LOW,safety_events,Obstacle detected within the machine operating zone.,Reassess path and clear or route around obstacle.,True
AL000875,2025-06-15 10:00:00,M0032,OP0046,,UNUSUAL_BEHAVIOR,HIGH,operator_behavior,Operator behavior pattern deviates from established baseline.,Review recent shift telemetry and consider targeted training.,False
AL000131,2025-06-16 07:34:00,M0028,OP0006,T00205,SEATBELT,MEDIUM,safety_events,Seatbelt not fastened while machine is moving.,Review seatbelt compliance training with operator.,False
AL000997,2025-06-16 08:07:48,M0028,OP0006,T00205,TASK_DELAY,MEDIUM,tasks,Task completion is trending beyond predicted duration.,Reassess task plan; check environmental and machine factors.,True
AL000828,2025-06-17 07:00:00,M0028,OP0041,,UNUSUAL_BEHAVIOR,MEDIUM,operator_behavior,Operator behavior pattern deviates from established baseline.,Review recent shift telemetry and consider targeted training.,True
AL000827,2025-06-17 07:00:00,M0028,OP0041,,HIGH_IDLE,MEDIUM,operator_behavior,Idle ratio is significantly above operator baseline.,Recommend IDLE_MANAGEMENT training module.,True
AL000717,2025-06-17 09:00:00,M0009,OP0052,,UNUSUAL_BEHAVIOR,MEDIUM,operator_behavior,Operator behavior pattern deviates from established baseline.,Review recent shift telemetry and consider targeted training.,True
AL000017,2025-06-17 11:01:00,M0035,OP0043,T00027,UNUSUAL_BEHAVIOR,HIGH,safety_events,Machine speed exceeded safe operating threshold.,Coach operator on speed limits for this machine type.,True
AL000233,2025-06-18 09:48:00,M0001,OP0006,T00345,SEATBELT,MEDIUM,safety_events,Seatbelt not fastened while machine is moving.,Review seatbelt compliance training with operator.,True
AL000525,2025-06-19 07:57:00,M0040,OP0055,T00846,PROXIMITY,MEDIUM,safety_events,Site vehicle detected within unsafe operating distance.,Coordinate with vehicle operator and increase clearance.,True
AL001186,2025-06-19 12:10:12,M0040,OP0055,T00846,TASK_DELAY,MEDIUM,tasks,Task completion is trending beyond predicted duration.,Reassess task plan; check environmental and machine factors.,False
AL001273,2025-06-19 13:00:00,M0041,,,ENVIRONMENTAL_RISK,MEDIUM,environment,"Hazardous environmental conditions (fog, visibility 239m).",Consider pausing operations until conditions improve.,True
AL001231,2025-06-19 13:00:00,M0018,,,ENVIRONMENTAL_RISK,MEDIUM,environment,"Hazardous environmental conditions (fog, visibility 114m).",Consider pausing operations until conditions improve.,True
AL000711,2025-06-19 14:00:00,M0030,OP0009,,UNUSUAL_BEHAVIOR,MEDIUM,operator_behavior,Operator behavior pattern deviates from established baseline.,Review recent shift telemetry and consider targeted training.,False
AL000445,2025-06-20 10:08:00,M0027,OP0023,T00730,PROXIMITY,HIGH,safety_events,Obstacle detected within the machine operating zone.,Reassess path and clear or route around obstacle.,True
AL000446,2025-06-20 11:07:00,M0027,OP0023,T00730,SEATBELT,LOW,safety_events,Seatbelt not fastened while machine is moving.,Review seatbelt compliance training with operator.,True
AL000562,2025-06-20 13:23:00,M0036,OP0010,T00097,UNUSUAL_BEHAVIOR,MEDIUM,operator_behavior,Operator behavior pattern deviates from established baseline.,Review recent shift telemetry and consider targeted training.,False
AL001157,2025-06-20 13:42:42,M0027,OP0023,T00730,TASK_DELAY,MEDIUM,tasks,Task completion is trending beyond predicted duration.,Reassess task plan; check environmental and machine factors.,True
AL000438,2025-06-20 14:28:00,M0010,OP0017,T00722,PROXIMITY,MEDIUM,safety_events,Worker detected within the machine operating zone.,Pause operation and confirm clear zone before resuming.,True
AL000063,2025-06-20 16:42:00,M0036,OP0010,T00097,PROXIMITY,MEDIUM,safety_events,Site vehicle detected within unsafe operating distance.,Coordinate with vehicle operator and increase clearance.,True
AL000433,2025-06-20 18:27:00,M0022,OP0016,T00709,SEATBELT,LOW,safety_events,Seatbelt not fastened while machine is moving.,Review seatbelt compliance training with operator.,True
AL001187,2025-06-20 19:00:00,M0038,,,ENVIRONMENTAL_RISK,HIGH,environment,"Hazardous environmental conditions (storm, visibility 281m).",Consider pausing operations until conditions improve.,True
AL001191,2025-06-21 06:00:00,M0021,,,ENVIRONMENTAL_RISK,MEDIUM,environment,"Hazardous environmental conditions (fog, visibility 201m).",Consider pausing operations until conditions improve.,True
AL000243,2025-06-21 12:09:00,M0021,OP0030,T00356,SEATBELT,LOW,safety_events,Seatbelt not fastened while machine is moving.,Review seatbelt compliance training with operator.,True
AL000244,2025-06-21 13:10:00,M0021,OP0030,T00356,SEATBELT,LOW,safety_events,Seatbelt not fastened while machine is moving.,Review seatbelt compliance training with operator.,True
AL001006,2025-06-23 11:45:30,M0003,OP0021,T00240,TASK_DELAY,MEDIUM,tasks,Task completion is trending beyond predicted duration.,Reassess task plan; check environmental and machine factors.,True
AL000793,2025-06-24 06:00:00,M0036,OP0045,,UNUSUAL_BEHAVIOR,MEDIUM,operator_behavior,Operator behavior pattern deviates from established baseline.,Review recent shift telemetry and consider targeted training.,False
AL001149,2025-06-24 19:59:30,M0030,OP0049,T00703,TASK_DELAY,MEDIUM,tasks,Task completion is trending beyond predicted duration.,Reassess task plan; check environmental and machine factors.,False
AL000810,2025-06-25 07:00:00,M0013,OP0019,,UNUSUAL_BEHAVIOR,MEDIUM,operator_behavior,Operator behavior pattern deviates from established baseline.,Review recent shift telemetry and consider targeted training.,True
AL000100,2025-06-25 17:32:00,M0015,OP0014,T00162,SEATBELT,MEDIUM,safety_events,Seatbelt not fastened while machine is moving.,Review seatbelt compliance training with operator.,True
AL000985,2025-06-25 17:34:24,M0015,OP0014,T00162,TASK_DELAY,MEDIUM,tasks,Task completion is trending beyond predicted duration.,Reassess task plan; check environmental and machine factors.,False
AL001190,2025-06-25 19:00:00,M0022,,,ENVIRONMENTAL_RISK,MEDIUM,environment,"Hazardous environmental conditions (fog, visibility 199m).",Consider pausing operations until conditions improve.,False
AL001259,2025-06-26 06:00:00,M0023,,,ENVIRONMENTAL_RISK,MEDIUM,environment,"Hazardous environmental conditions (fog, visibility 284m).",Consider pausing operations until conditions improve.,True
AL000464,2025-06-26 12:24:00,M0031,OP0011,T00759,SEATBELT,MEDIUM,safety_events,Seatbelt not fastened while machine is moving.,Review seatbelt compliance training with operator.,True
AL000465,2025-06-26 13:11:00,M0031,OP0011,T00759,PROXIMITY,MEDIUM,safety_events,Site vehicle detected within unsafe operating distance.,Coordinate with vehicle operator and increase clearance.,True
AL000670,2025-06-26 14:37:00,M0017,OP0011,T00653,HIGH_IDLE,MEDIUM,operator_behavior,Idle ratio is significantly above operator baseline.,Recommend IDLE_MANAGEMENT training module.,True
AL000408,2025-06-26 14:41:00,M0017,OP0011,T00653,PROXIMITY,LOW,safety_events,Unsafe reversing maneuver detected.,Reinforce spotter protocol for reversing operations.,True
AL000466,2025-06-26 15:32:00,M0031,OP0011,T00759,PROXIMITY,HIGH,safety_events,Worker detected within the machine operating zone.,Pause operation and confirm clear zone before resuming.,True
AL000409,2025-06-26 16:21:00,M0017,OP0011,T00653,PROXIMITY,HIGH,safety_events,Site vehicle detected within unsafe operating distance.,Coordinate with vehicle operator and increase clearance.,False
AL001163,2025-06-26 21:42:00,M0031,OP0011,T00759,TASK_DELAY,MEDIUM,tasks,Task completion is trending beyond predicted duration.,Reassess task plan; check environmental and machine factors.,False
AL001298,2025-06-27 13:00:00,M0011,,,ENVIRONMENTAL_RISK,HIGH,environment,"Hazardous environmental conditions (storm, visibility 162m).",Consider pausing operations until conditions improve.,True
AL000215,2025-06-27 14:27:00,M0026,OP0008,T00323,SEATBELT,HIGH,safety_events,Seatbelt not fastened while machine is moving.,Review seatbelt compliance training with operator.,True
AL000216,2025-06-27 15:23:00,M0026,OP0008,T00323,PROXIMITY,LOW,safety_events,Site vehicle detected within unsafe operating distance.,Coordinate with vehicle operator and increase clearance.,True
AL001037,2025-06-27 21:59:48,M0026,OP0008,T00323,TASK_DELAY,MEDIUM,tasks,Task completion is trending beyond predicted duration.,Reassess task plan; check environmental and machine factors.,True
AL001220,2025-06-28 06:00:00,M0005,,,ENVIRONMENTAL_RISK,MEDIUM,environment,"Hazardous environmental conditions (fog, visibility 282m).",Consider pausing operations until conditions improve.,False
AL000781,2025-06-28 08:00:00,M0015,OP0013,,UNUSUAL_BEHAVIOR,MEDIUM,operator_behavior,Operator behavior pattern deviates from established baseline.,Review recent shift telemetry and consider targeted training.,True
AL000631,2025-06-29 15:29:00,M0038,OP0045,T00445,UNUSUAL_BEHAVIOR,HIGH,operator_behavior,Operator behavior pattern deviates from established baseline.,Review recent shift telemetry and consider targeted training.,True
AL000644,2025-06-29 15:54:00,M0022,OP0050,T00511,UNUSUAL_BEHAVIOR,MEDIUM,operator_behavior,Operator behavior pattern deviates from established baseline.,Review recent shift telemetry and consider targeted training.,False
AL000289,2025-06-29 16:26:00,M0038,OP0045,T00445,UNUSUAL_BEHAVIOR,LOW,safety_events,Harsh braking event detected.,Review braking technique with operator.,True
AL000290,2025-06-29 17:31:00,M0038,OP0045,T00445,SEATBELT,MEDIUM,safety_events,Seatbelt not fastened while machine is moving.,Review seatbelt compliance training with operator.,False
AL000327,2025-06-29 18:33:00,M0022,OP0050,T00511,SEATBELT,MEDIUM,safety_events,Seatbelt not fastened while machine is moving.,Review seatbelt compliance training with operator.,True
AL000364,2025-06-30 14:14:00,M0039,OP0020,T00577,PROXIMITY,LOW,safety_events,Worker detected within the machine operating zone.,Pause operation and confirm clear zone before resuming.,False
AL000823,2025-07-01 09:00:00,M0031,OP0036,,UNUSUAL_BEHAVIOR,MEDIUM,operator_behavior,Operator behavior pattern deviates from established baseline.,Review recent shift telemetry and consider targeted training.,True
AL001099,2025-07-01 13:23:54,M0037,OP0004,T00544,TASK_DELAY,MEDIUM,tasks,Task completion is trending beyond predicted duration.,Reassess task plan; check environmental and machine factors.,True
AL000980,2025-07-01 17:33:54,M0037,OP0013,T00146,TASK_DELAY,MEDIUM,tasks,Task completion is trending beyond predicted duration.,Reassess task plan; check environmental and machine factors.,False
AL001277,2025-07-02 06:00:00,M0012,,,ENVIRONMENTAL_RISK,MEDIUM,environment,"Hazardous environmental conditions (fog, visibility 289m).",Consider pausing operations until conditions improve.,True
AL000865,2025-07-02 14:00:00,M0011,OP0046,,UNUSUAL_BEHAVIOR,MEDIUM,operator_behavior,Operator behavior pattern deviates from established baseline.,Review recent shift telemetry and consider targeted training.,True
AL001197,2025-07-02 19:00:00,M0042,,,ENVIRONMENTAL_RISK,HIGH,environment,"Hazardous environmental conditions (storm, visibility 276m).",Consider pausing operations until conditions improve.,True
AL000514,2025-07-03 07:13:00,M0033,OP0008,T00834,PROXIMITY,MEDIUM,safety_events,Worker detected within the machine operating zone.,Pause operation and confirm clear zone before resuming.,True
AL001181,2025-07-03 09:08:00,M0033,OP0008,T00834,TASK_DELAY,MEDIUM,tasks,Task completion is trending beyond predicted duration.,Reassess task plan; check environmental and machine factors.,False
AL000308,2025-07-03 10:30:00,M0018,OP0049,T00471,SEATBELT,MEDIUM,safety_events,Seatbelt not fastened while machine is moving.,Review seatbelt compliance training with operator.,True
AL000515,2025-07-03 10:34:00,M0033,OP0008,T00834,PROXIMITY,MEDIUM,safety_events,Obstacle detected within the machine operating zone.,Reassess path and clear or route around obstacle.,False
AL000447,2025-07-03 12:41:00,M0014,OP0034,T00733,UNUSUAL_BEHAVIOR,LOW,safety_events,Harsh braking event detected.,Review braking technique with operator.,True
AL000396,2025-07-03 12:47:00,M0033,OP0031,T00633,UNUSUAL_BEHAVIOR,LOW,safety_events,Harsh braking event detected.,Review braking technique with operator.,True
AL000397,2025-07-03 12:57:00,M0033,OP0031,T00633,SEATBELT,LOW,safety_events,Seatbelt not fastened while machine is moving.,Review seatbelt compliance training with operator.,False
AL000235,2025-07-04 13:31:00,M0003,OP0007,T00347,SEATBELT,MEDIUM,safety_events,Seatbelt not fastened while machine is moving.,Review seatbelt compliance training with operator.,True
AL000730,2025-07-04 14:00:00,M0017,OP0038,,HIGH_IDLE,MEDIUM,operator_behavior,Idle ratio is significantly above operator baseline.,Recommend IDLE_MANAGEMENT training module.,False
AL000791,2025-07-05 07:00:00,M0007,OP0045,,HIGH_IDLE,MEDIUM,operator_behavior,Idle ratio is significantly above operator baseline.,Recommend IDLE_MANAGEMENT training module.,True
AL000734,2025-07-05 14:00:00,M0025,OP0027,,HIGH_IDLE,MEDIUM,operator_behavior,Idle ratio is significantly above operator baseline.,Recommend IDLE_MANAGEMENT training module.,True
AL000590,2025-07-06 09:05:00,M0011,OP0036,T00233,HIGH_IDLE,MEDIUM,operator_behavior,Idle ratio is significantly above operator baseline.,Recommend IDLE_MANAGEMENT training module.,False
AL000479,2025-07-06 09:22:00,M0002,OP0016,T00784,PROXIMITY,LOW,safety_events,Site vehicle detected within unsafe operating distance.,Coordinate with vehicle operator and increase clearance.,True
AL000480,2025-07-06 09:54:00,M0002,OP0016,T00784,SEATBELT,LOW,safety_events,Seatbelt not fastened while machine is moving.,Review seatbelt compliance training with operator.,True
AL000481,2025-07-06 11:24:00,M0002,OP0016,T00784,PROXIMITY,LOW,safety_events,Worker detected within the machine operating zone.,Pause operation and confirm clear zone before resuming.,True
AL000966,2025-07-06 12:18:54,M0033,OP0009,T00101,TASK_DELAY,MEDIUM,tasks,Task completion is trending beyond predicted duration.,Reassess task plan; check environmental and machine factors.,True
AL000070,2025-07-06 14:11:00,M0009,OP0033,T00114,SEATBELT,MEDIUM,safety_events,Seatbelt not fastened while machine is moving.,Review seatbelt compliance training with operator.,True
AL000756,2025-07-07 08:00:00,M0008,OP0027,,HIGH_IDLE,MEDIUM,operator_behavior,Idle ratio is significantly above operator baseline.,Recommend IDLE_MANAGEMENT training module.,False
AL000776,2025-07-07 12:00:00,M0022,OP0028,,HIGH_IDLE,MEDIUM,operator_behavior,Idle ratio is significantly above operator baseline.,Recommend IDLE_MANAGEMENT training module.,True
AL000150,2025-07-07 14:21:00,M0006,OP0033,T00235,UNUSUAL_BEHAVIOR,MEDIUM,safety_events,Machine speed exceeded safe operating threshold.,Coach operator on speed limits for this machine type.,True
AL000477,2025-07-08 11:07:00,M0037,OP0016,T00777,PROXIMITY,LOW,safety_events,Worker detected within the machine operating zone.,Pause operation and confirm clear zone before resuming.,True
AL000751,2025-07-08 13:00:00,M0011,OP0009,,HIGH_IDLE,MEDIUM,operator_behavior,Idle ratio is significantly above operator baseline.,Recommend IDLE_MANAGEMENT training module.,False
AL000628,2025-07-08 14:55:00,M0026,OP0049,T00431,UNUSUAL_BEHAVIOR,MEDIUM,operator_behavior,Operator behavior pattern deviates from established baseline.,Review recent shift telemetry and consider targeted training.,True
AL001093,2025-07-08 16:48:54,M0035,OP0004,T00524,TASK_DELAY,MEDIUM,tasks,Task completion is trending beyond predicted duration.,Reassess task plan; check environmental and machine factors.,True
AL000259,2025-07-09 09:00:00,M0040,OP0036,T00377,SEATBELT,MEDIUM,safety_events,Seatbelt not fastened while machine is moving.,Review seatbelt compliance training with operator.,False
AL000918,2025-07-09 09:00:00,M0014,OP0009,,HIGH_IDLE,MEDIUM,operator_behavior,Idle ratio is significantly above operator baseline.,Recommend IDLE_MANAGEMENT training module.,True
AL001050,2025-07-09 09:40:42,M0040,OP0036,T00377,TASK_DELAY,MEDIUM,tasks,Task completion is trending beyond predicted duration.,Reassess task plan; check environmental and machine factors.,False
AL000860,2025-07-09 11:00:00,M0021,OP0045,,HIGH_IDLE,MEDIUM,operator_behavior,Idle ratio is significantly above operator baseline.,Recommend IDLE_MANAGEMENT training module.,False
AL000861,2025-07-09 11:00:00,M0021,OP0045,,UNUSUAL_BEHAVIOR,MEDIUM,operator_behavior,Operator behavior pattern deviates from established baseline.,Review recent shift telemetry and consider targeted training.,True
AL000383,2025-07-09 14:20:00,M0016,OP0046,T00612,UNUSUAL_BEHAVIOR,MEDIUM,safety_events,Machine speed exceeded safe operating threshold.,Coach operator on speed limits for this machine type.,False
AL000071,2025-07-10 10:51:00,M0011,OP0010,T00117,PROXIMITY,MEDIUM,safety_events,Site vehicle detected within unsafe operating distance.,Coordinate with vehicle operator and increase clearance.,True
AL000968,2025-07-10 12:01:24,M0011,OP0010,T00117,TASK_DELAY,MEDIUM,tasks,Task completion is trending beyond predicted duration.,Reassess task plan; check environmental and machine factors.,False
AL001234,2025-07-10 13:00:00,M0024,,,ENVIRONMENTAL_RISK,HIGH,environment,"Hazardous environmental conditions (storm, visibility 174m).",Consider pausing operations until conditions improve.,True
AL001261,2025-07-11 06:00:00,M0007,,,ENVIRONMENTAL_RISK,HIGH,environment,"Hazardous environmental conditions (storm, visibility 167m).",Consider pausing operations until conditions improve.,False
AL000353,2025-07-11 14:53:00,M0029,OP0012,T00562,SEATBELT,LOW,safety_events,Seatbelt not fastened while machine is moving.,Review seatbelt compliance training with operator.,True
AL000909,2025-07-12 06:00:00,M0040,OP0009,,UNUSUAL_BEHAVIOR,MEDIUM,operator_behavior,Operator behavior pattern deviates from established baseline.,Review recent shift telemetry and consider targeted training.,True
AL000699,2025-07-12 14:27:00,M0025,OP0045,T00812,HIGH_IDLE,MEDIUM,operator_behavior,Idle ratio is significantly above operator baseline.,Recommend IDLE_MANAGEMENT training module.,False
AL000496,2025-07-12 15:26:00,M0025,OP0045,T00812,PROXIMITY,LOW,safety_events,Obstacle detected within the machine operating zone.,Reassess path and clear or route around obstacle.,True
AL000497,2025-07-12 15:30:00,M0025,OP0045,T00812,PROXIMITY,HIGH,safety_events,Worker detected within the machine operating zone.,Pause operation and confirm clear zone before resuming.,True
AL000498,2025-07-12 16:24:00,M0025,OP0045,T00812,SEATBELT,LOW,safety_events,Seatbelt not fastened while machine is moving.,Review seatbelt compliance training with operator.,False
AL001032,2025-07-13 07:52:30,M0020,OP0049,T00307,TASK_DELAY,MEDIUM,tasks,Task completion is trending beyond predicted duration.,Reassess task plan; check environmental and machine factors.,False
AL000896,2025-07-14 07:00:00,M0007,OP0041,,UNUSUAL_BEHAVIOR,MEDIUM,operator_behavior,Operator behavior pattern deviates from established baseline.,Review recent shift telemetry and consider targeted training.,True
AL000640,2025-07-14 08:29:00,M0034,OP0002,T00483,HIGH_IDLE,MEDIUM,operator_behavior,Idle ratio is significantly above operator baseline.,Recommend IDLE_MANAGEMENT training module.,True
AL000958,2025-07-14 12:22:36,M0003,OP0053,T00080,TASK_DELAY,MEDIUM,tasks,Task completion is trending beyond predicted duration.,Reassess task plan; check environmental and machine factors.,True
AL001082,2025-07-14 15:36:36,M0034,OP0002,T00483,TASK_DELAY,MEDIUM,tasks,Task completion is trending beyond predicted duration.,Reassess task plan; check environmental and machine factors.,False
AL000898,2025-07-16 12:00:00,M0007,OP0012,,UNUSUAL_BEHAVIOR,MEDIUM,operator_behavior,Operator behavior pattern deviates from established baseline.,Review recent shift telemetry and consider targeted training.,True
AL000872,2025-07-16 13:00:00,M0025,OP0045,,UNUSUAL_BEHAVIOR,MEDIUM,operator_behavior,Operator behavior pattern deviates from established baseline.,Review recent shift telemetry and consider targeted training.,True
AL000586,2025-07-17 06:05:00,M0042,OP0038,T00200,HIGH_IDLE,MEDIUM,operator_behavior,Idle ratio is significantly above operator baseline.,Recommend IDLE_MANAGEMENT training module.,True
AL000503,2025-07-17 11:50:00,M0007,OP0023,T00817,SEATBELT,MEDIUM,safety_events,Seatbelt not fastened while machine is moving.,Review seatbelt compliance training with operator.,True
AL000504,2025-07-17 12:10:00,M0007,OP0023,T00817,SEATBELT,MEDIUM,safety_events,Seatbelt not fastened while machine is moving.,Review seatbelt compliance training with operator.,True
AL000505,2025-07-17 13:30:00,M0007,OP0023,T00817,SEATBELT,HIGH,safety_events,Seatbelt not fastened while machine is moving.,Review seatbelt compliance training with operator.,True
AL000506,2025-07-17 14:16:00,M0007,OP0023,T00817,PROXIMITY,LOW,safety_events,Obstacle detected within the machine operating zone.,Reassess path and clear or route around obstacle.,True
AL001267,2025-07-18 06:00:00,M0029,,,ENVIRONMENTAL_RISK,MEDIUM,environment,"Hazardous environmental conditions (fog, visibility 150m).",Consider pausing operations until conditions improve.,True
AL000879,2025-07-18 10:00:00,M0017,OP0055,,UNUSUAL_BEHAVIOR,MEDIUM,operator_behavior,Operator behavior pattern deviates from established baseline.,Review recent shift telemetry and consider targeted training.,True
AL001306,2025-07-18 13:00:00,M0010,,,ENVIRONMENTAL_RISK,MEDIUM,environment,"Hazardous environmental conditions (fog, visibility 290m).",Consider pausing operations until conditions improve.,True
AL000769,2025-07-19 06:00:00,M0017,OP0019,,HIGH_IDLE,MEDIUM,operator_behavior,Idle ratio is significantly above operator baseline.,Recommend IDLE_MANAGEMENT training module.,False
AL000963,2025-07-19 06:57:42,M0012,OP0044,T00093,TASK_DELAY,MEDIUM,tasks,Task completion is trending beyond predicted duration.,Reassess task plan; check environmental and machine factors.,False
AL000577,2025-07-20 13:15:00,M0032,OP0018,T00169,UNUSUAL_BEHAVIOR,MEDIUM,operator_behavior,Operator behavior pattern deviates from established baseline.,Review recent shift telemetry and consider targeted training.,False
AL000108,2025-07-20 14:28:00,M0032,OP0018,T00169,SEATBELT,HIGH,safety_events,Seatbelt not fastened while machine is moving.,Review seatbelt compliance training with operator.,True
AL000109,2025-07-20 16:59:00,M0032,OP0018,T00169,SEATBELT,LOW,safety_events,Seatbelt not fastened while machine is moving.,Review seatbelt compliance training with operator.,True
AL000280,2025-07-20 17:06:00,M0001,OP0036,T00415,SEATBELT,LOW,safety_events,Seatbelt not fastened while machine is moving.,Review seatbelt compliance training with operator.,True
AL000788,2025-07-21 08:00:00,M0002,OP0041,,UNUSUAL_BEHAVIOR,HIGH,operator_behavior,Operator behavior pattern deviates from established baseline.,Review recent shift telemetry and consider targeted training.,False
AL000113,2025-07-21 12:27:00,M0001,OP0045,T00179,PROXIMITY,LOW,safety_events,Unsafe reversing maneuver detected.,Reinforce spotter protocol for reversing operations.,False
AL001238,2025-07-21 13:00:00,M0013,,,ENVIRONMENTAL_RISK,MEDIUM,environment,"Hazardous environmental conditions (fog, visibility 65m).",Consider pausing operations until conditions improve.,True
AL000808,2025-07-22 12:00:00,M0040,OP0021,,HIGH_IDLE,MEDIUM,operator_behavior,Idle ratio is significantly above operator baseline.,Recommend IDLE_MANAGEMENT training module.,True
AL000768,2025-07-23 09:00:00,M0017,OP0027,,UNUSUAL_BEHAVIOR,MEDIUM,operator_behavior,Operator behavior pattern deviates from established baseline.,Review recent shift telemetry and consider targeted training.,False
AL000416,2025-07-23 09:58:00,M0029,OP0010,T00673,UNUSUAL_BEHAVIOR,LOW,safety_events,Harsh braking event detected.,Review braking technique with operator.,True
AL000658,2025-07-23 10:54:00,M0018,OP0052,T00580,HIGH_IDLE,MEDIUM,operator_behavior,Idle ratio is significantly above operator baseline.,Recommend IDLE_MANAGEMENT training module.,True
AL001303,2025-07-23 13:00:00,M0023,,,ENVIRONMENTAL_RISK,MEDIUM,environment,"Hazardous environmental conditions (fog, visibility 67m).",Consider pausing operations until conditions improve.,False
AL001112,2025-07-23 15:03:42,M0018,OP0052,T00580,TASK_DELAY,MEDIUM,tasks,Task completion is trending beyond predicted duration.,Reassess task plan; check environmental and machine factors.,True
AL000945,2025-07-23 22:35:48,M0001,OP0018,T00026,TASK_DELAY,MEDIUM,tasks,Task completion is trending beyond predicted duration.,Reassess task plan; check environmental and machine factors.,False
AL000755,2025-07-24 06:00:00,M0012,OP0015,,UNUSUAL_BEHAVIOR,MEDIUM,operator_behavior,Operator behavior pattern deviates from established baseline.,Review recent shift telemetry and consider targeted training.,True
AL001249,2025-07-24 13:00:00,M0033,,,ENVIRONMENTAL_RISK,MEDIUM,environment,"Hazardous environmental conditions (fog, visibility 104m).",Consider pausing operations until conditions improve.,False
AL000294,2025-07-24 15:04:00,M0027,OP0049,T00450,SEATBELT,LOW,safety_events,Seatbelt not fastened while machine is moving.,Review seatbelt compliance training with operator.,True
AL000820,2025-07-25 07:00:00,M0002,OP0029,,UNUSUAL_BEHAVIOR,MEDIUM,operator_behavior,Operator behavior pattern deviates from established baseline.,Review recent shift telemetry and consider targeted training.,True
AL000580,2025-07-25 11:53:00,M0023,OP0014,T00177,UNUSUAL_BEHAVIOR,HIGH,operator_behavior,Operator behavior pattern deviates from established baseline.,Review recent shift telemetry and consider targeted training.,False
AL000110,2025-07-25 12:25:00,M0023,OP0014,T00177,PROXIMITY,LOW,safety_events,Obstacle detected within the machine operating zone.,Reassess path and clear or route around obstacle.,True
AL000746,2025-07-25 15:00:00,M0041,OP0009,,UNUSUAL_BEHAVIOR,MEDIUM,operator_behavior,Operator behavior pattern deviates from established baseline.,Review recent shift telemetry and consider targeted training.,True
AL000111,2025-07-25 15:02:00,M0023,OP0014,T00177,SEATBELT,LOW,safety_events,Seatbelt not fastened while machine is moving.,Review seatbelt compliance training with operator.,True
AL000112,2025-07-25 15:06:00,M0023,OP0014,T00177,UNUSUAL_BEHAVIOR,LOW,safety_events,Harsh braking event detected.,Review braking technique with operator.,True
AL000878,2025-07-26 07:00:00,M0019,OP0041,,HIGH_IDLE,MEDIUM,operator_behavior,Idle ratio is significantly above operator baseline.,Recommend IDLE_MANAGEMENT training module.,True
AL000672,2025-07-26 11:41:00,M0012,OP0016,T00660,HIGH_IDLE,MEDIUM,operator_behavior,Idle ratio is significantly above operator baseline.,Recommend IDLE_MANAGEMENT training module.,True
AL001302,2025-07-26 13:00:00,M0037,,,ENVIRONMENTAL_RISK,MEDIUM,environment,"Hazardous environmental conditions (fog, visibility 285m).",Consider pausing operations until conditions improve.,True
AL000735,2025-07-28 06:00:00,M0022,OP0008,,UNUSUAL_BEHAVIOR,MEDIUM,operator_behavior,Operator behavior pattern deviates from established baseline.,Review recent shift telemetry and consider targeted training.,True
AL001087,2025-07-28 13:48:30,M0034,OP0021,T00500,TASK_DELAY,MEDIUM,tasks,Task completion is trending beyond predicted duration.,Reassess task plan; check environmental and machine factors.,True
AL001199,2025-07-28 19:00:00,M0025,,,ENVIRONMENTAL_RISK,HIGH,environment,"Hazardous environmental conditions (storm, visibility 63m).",Consider pausing operations until conditions improve.,False
AL000716,2025-07-29 06:00:00,M0025,OP0046,,UNUSUAL_BEHAVIOR,MEDIUM,operator_behavior,Operator behavior pattern deviates from established baseline.,Review recent shift telemetry and consider targeted training.,True
AL000801,2025-07-29 10:00:00,M0022,OP0007,,UNUSUAL_BEHAVIOR,MEDIUM,operator_behavior,Operator behavior pattern deviates from established baseline.,Review recent shift telemetry and consider targeted training.,True
AL001002,2025-07-29 21:14:06,M0002,OP0034,T00221,TASK_DELAY,MEDIUM,tasks,Task completion is trending beyond predicted duration.,Reassess task plan; check environmental and machine factors.,True
AL000919,2025-07-30 06:00:00,M0011,OP0020,,UNUSUAL_BEHAVIOR,MEDIUM,operator_behavior,Operator behavior pattern deviates from established baseline.,Review recent shift telemetry and consider targeted training.,True
AL000821,2025-07-30 08:00:00,M0030,OP0041,,HIGH_IDLE,MEDIUM,operator_behavior,Idle ratio is significantly above operator baseline.,Recommend IDLE_MANAGEMENT training module.,True
AL000361,2025-07-30 10:59:00,M0011,OP0046,T00572,SEATBELT,MEDIUM,safety_events,Seatbelt not fastened while machine is moving.,Review seatbelt compliance training with operator.,True
AL000362,2025-07-30 12:19:00,M0011,OP0046,T00572,PROXIMITY,LOW,safety_events,Worker detected within the machine operating zone.,Pause operation and confirm clear zone before resuming.,False
AL000906,2025-07-30 15:00:00,M0041,OP0038,,UNUSUAL_BEHAVIOR,MEDIUM,operator_behavior,Operator behavior pattern deviates from established baseline.,Review recent shift telemetry and consider targeted training.,True
AL001253,2025-07-31 06:00:00,M0016,,,ENVIRONMENTAL_RISK,HIGH,environment,"Hazardous environmental conditions (storm, visibility 204m).",Consider pausing operations until conditions improve.,False
AL000842,2025-07-31 06:00:00,M0041,OP0045,,UNUSUAL_BEHAVIOR,HIGH,operator_behavior,Operator behavior pattern deviates from established baseline.,Review recent shift telemetry and consider targeted training.,True
AL000926,2025-07-31 13:00:00,M0031,OP0027,,HIGH_IDLE,MEDIUM,operator_behavior,Idle ratio is significantly above operator baseline.,Recommend IDLE_MANAGEMENT training module.,True
AL000652,2025-08-01 10:13:00,M0004,OP0011,T00563,HIGH_IDLE,MEDIUM,operator_behavior,Idle ratio is significantly above operator baseline.,Recommend IDLE_MANAGEMENT training module.,True
AL000354,2025-08-01 10:41:00,M0004,OP0011,T00563,PROXIMITY,LOW,safety_events,Obstacle detected within the machine operating zone.,Reassess path and clear or route around obstacle.,True
AL001105,2025-08-01 12:20:42,M0004,OP0011,T00563,TASK_DELAY,MEDIUM,tasks,Task completion is trending beyond predicted duration.,Reassess task plan; check environmental and machine factors.,True
AL000576,2025-08-01 13:17:00,M0038,OP0052,T00165,UNUSUAL_BEHAVIOR,MEDIUM,operator_behavior,Operator behavior pattern deviates from established baseline.,Review recent shift telemetry and consider targeted training.,False
AL000102,2025-08-01 13:30:00,M0038,OP0052,T00165,SEATBELT,LOW,safety_events,Seatbelt not fastened while machine is moving.,Review seatbelt compliance training with operator.,True
AL000103,2025-08-01 14:51:00,M0038,OP0052,T00165,PROXIMITY,MEDIUM,safety_events,Unsafe reversing maneuver detected.,Reinforce spotter protocol for reversing operations.,True
AL000722,2025-08-01 15:00:00,M0007,OP0009,,UNUSUAL_BEHAVIOR,MEDIUM,operator_behavior,Operator behavior pattern deviates from established baseline.,Review recent shift telemetry and consider targeted training.,True
AL000390,2025-08-01 16:24:00,M0037,OP0011,T00622,SEATBELT,MEDIUM,safety_events,Seatbelt not fastened while machine is moving.,Review seatbelt compliance training with operator.,True
AL000422,2025-08-01 16:43:00,M0042,OP0026,T00687,PROXIMITY,LOW,safety_events,Site vehicle detected within unsafe operating distance.,Coordinate with vehicle operator and increase clearance.,True
AL000391,2025-08-01 18:35:00,M0037,OP0011,T00622,PROXIMITY,LOW,safety_events,Worker detected within the machine operating zone.,Pause operation and confirm clear zone before resuming.,True
AL001124,2025-08-01 23:40:48,M0037,OP0011,T00622,TASK_DELAY,MEDIUM,tasks,Task completion is trending beyond predicted duration.,Reassess task plan; check environmental and machine factors.,True
AL000412,2025-08-02 13:16:00,M0020,OP0024,T00662,SEATBELT,HIGH,safety_events,Seatbelt not fastened while machine is moving.,Review seatbelt compliance training with operator.,True
AL001096,2025-08-03 18:53:30,M0029,OP0051,T00535,TASK_DELAY,MEDIUM,tasks,Task completion is trending beyond predicted duration.,Reassess task plan; check environmental and machine factors.,False
AL001285,2025-08-04 06:00:00,M0025,,,ENVIRONMENTAL_RISK,MEDIUM,environment,"Hazardous environmental conditions (fog, visibility 171m).",Consider pausing operations until conditions improve.,True
AL000922,2025-08-04 06:00:00,M0006,OP0046,,UNUSUAL_BEHAVIOR,MEDIUM,operator_behavior,Operator behavior pattern deviates from established baseline.,Review recent shift telemetry and consider targeted training.,True
AL000687,2025-08-04 06:13:00,M0031,OP0037,T00755,UNUSUAL_BEHAVIOR,MEDIUM,operator_behavior,Operator behavior pattern deviates from established baseline.,Review recent shift telemetry and consider targeted training.,True
AL000686,2025-08-04 06:13:00,M0031,OP0037,T00755,HIGH_IDLE,MEDIUM,operator_behavior,Idle ratio is significantly above operator baseline.,Recommend IDLE_MANAGEMENT training module.,False
AL000463,2025-08-04 06:41:00,M0031,OP0037,T00755,PROXIMITY,MEDIUM,safety_events,Worker detected within the machine operating zone.,Pause operation and confirm clear zone before resuming.,False
AL000859,2025-08-04 08:00:00,M0011,OP0027,,UNUSUAL_BEHAVIOR,MEDIUM,operator_behavior,Operator behavior pattern deviates from established baseline.,Review recent shift telemetry and consider targeted training.,True
AL000700,2025-08-04 08:48:00,M0024,OP0044,T00814,HIGH_IDLE,MEDIUM,operator_behavior,Idle ratio is significantly above operator baseline.,Recommend IDLE_MANAGEMENT training module.,False
AL001162,2025-08-04 10:03:12,M0031,OP0037,T00755,TASK_DELAY,MEDIUM,tasks,Task completion is trending beyond predicted duration.,Reassess task plan; check environmental and machine factors.,True
AL000501,2025-08-04 11:12:00,M0024,OP0044,T00814,UNUSUAL_BEHAVIOR,MEDIUM,safety_events,Machine speed exceeded safe operating threshold.,Coach operator on speed limits for this machine type.,True
AL000520,2025-08-04 14:38:00,M0008,OP0016,T00842,PROXIMITY,MEDIUM,safety_events,Site vehicle detected within unsafe operating distance.,Coordinate with vehicle operator and increase clearance.,True
AL001175,2025-08-04 14:55:48,M0024,OP0044,T00814,TASK_DELAY,MEDIUM,tasks,Task completion is trending beyond predicted duration.,Reassess task plan; check environmental and machine factors.,False
AL000685,2025-08-05 11:16:00,M0017,OP0002,T00750,HIGH_IDLE,MEDIUM,operator_behavior,Idle ratio is significantly above operator baseline.,Recommend IDLE_MANAGEMENT training module.,True
AL000914,2025-08-05 15:00:00,M0017,OP0027,,UNUSUAL_BEHAVIOR,MEDIUM,operator_behavior,Operator behavior pattern deviates from established baseline.,Review recent shift telemetry and consider targeted training.,True
AL001258,2025-08-05 19:00:00,M0015,,,ENVIRONMENTAL_RISK,MEDIUM,environment,"Hazardous environmental conditions (fog, visibility 256m).",Consider pausing operations until conditions improve.,True
AL000736,2025-08-06 13:00:00,M0025,OP0009,,HIGH_IDLE,MEDIUM,operator_behavior,Idle ratio is significantly above operator baseline.,Recommend IDLE_MANAGEMENT training module.,False
AL001215,2025-08-07 13:00:00,M0023,,,ENVIRONMENTAL_RISK,MEDIUM,environment,"Hazardous environmental conditions (fog, visibility 294m).",Consider pausing operations until conditions improve.,True
AL000907,2025-08-08 09:00:00,M0024,OP0023,,UNUSUAL_BEHAVIOR,MEDIUM,operator_behavior,Operator behavior pattern deviates from established baseline.,Review recent shift telemetry and consider targeted training.,False
AL000690,2025-08-08 12:18:00,M0033,OP0040,T00787,HIGH_IDLE,MEDIUM,operator_behavior,Idle ratio is significantly above operator baseline.,Recommend IDLE_MANAGEMENT training module.,True
AL000639,2025-08-09 06:07:00,M0042,OP0002,T00480,HIGH_IDLE,MEDIUM,operator_behavior,Idle ratio is significantly above operator baseline.,Recommend IDLE_MANAGEMENT training module.,False
AL000871,2025-08-09 09:00:00,M0013,OP0038,,UNUSUAL_BEHAVIOR,MEDIUM,operator_behavior,Operator behavior pattern deviates from established baseline.,Review recent shift telemetry and consider targeted training.,False
AL001080,2025-08-09 12:43:36,M0042,OP0002,T00480,TASK_DELAY,MEDIUM,tasks,Task completion is trending beyond predicted duration.,Reassess task plan; check environmental and machine factors.,True
AL000038,2025-08-09 17:16:00,M0014,OP0041,T00051,SEATBELT,MEDIUM,safety_events,Seatbelt not fastened while machine is moving.,Review seatbelt compliance training with operator.,False
AL001230,2025-08-09 19:00:00,M0010,,,ENVIRONMENTAL_RISK,MEDIUM,environment,"Hazardous environmental conditions (fog, visibility 84m).",Consider pausing operations until conditions improve.,False
AL001135,2025-08-10 15:06:00,M0030,OP0010,T00654,TASK_DELAY,MEDIUM,tasks,Task completion is trending beyond predicted duration.,Reassess task plan; check environmental and machine factors.,False
AL000218,2025-08-10 16:20:00,M0026,OP0013,T00326,SEATBELT,LOW,safety_events,Seatbelt not fastened while machine is moving.,Review seatbelt compliance training with operator.,True
AL001039,2025-08-10 20:07:18,M0026,OP0013,T00326,TASK_DELAY,MEDIUM,tasks,Task completion is trending beyond predicted duration.,Reassess task plan; check environmental and machine factors.,False
AL000539,2025-08-11 08:54:00,M0032,OP0041,T00004,UNUSUAL_BEHAVIOR,HIGH,operator_behavior,Operator behavior pattern deviates from established baseline.,Review recent shift telemetry and consider targeted training.,True
AL000538,2025-08-11 08:54:00,M0032,OP0041,T00004,HIGH_IDLE,HIGH,operator_behavior,Idle ratio is significantly above operator baseline.,Recommend IDLE_MANAGEMENT training module.,True
AL000002,2025-08-11 10:09:00,M0032,OP0041,T00004,PROXIMITY,LOW,safety_events,Site vehicle detected within unsafe operating distance.,Coordinate with vehicle operator and increase clearance.,True
AL000003,2025-08-11 11:35:00,M0032,OP0041,T00004,PROXIMITY,MEDIUM,safety_events,Site vehicle detected within unsafe operating distance.,Coordinate with vehicle operator and increase clearance.,False
AL000004,2025-08-11 12:09:00,M0032,OP0041,T00004,SEATBELT,MEDIUM,safety_events,Seatbelt not fastened while machine is moving.,Review seatbelt compliance training with operator.,True
AL001236,2025-08-12 06:00:00,M0011,,,ENVIRONMENTAL_RISK,MEDIUM,environment,"Hazardous environmental conditions (fog, visibility 239m).",Consider pausing operations until conditions improve.,False
AL001205,2025-08-13 06:00:00,M0018,,,ENVIRONMENTAL_RISK,HIGH,environment,"Hazardous environmental conditions (storm, visibility 137m).",Consider pausing operations until conditions improve.,True
AL000641,2025-08-13 13:13:00,M0002,OP0031,T00502,UNUSUAL_BEHAVIOR,MEDIUM,operator_behavior,Operator behavior pattern deviates from established baseline.,Review recent shift telemetry and consider targeted training.,False
AL000321,2025-08-13 13:30:00,M0002,OP0031,T00502,UNUSUAL_BEHAVIOR,LOW,safety_events,Harsh braking event detected.,Review braking technique with operator.,True
AL000322,2025-08-13 15:38:00,M0002,OP0031,T00502,SEATBELT,LOW,safety_events,Seatbelt not fastened while machine is moving.,Review seatbelt compliance training with operator.,True
AL001134,2025-08-13 17:39:36,M0021,OP0034,T00651,TASK_DELAY,MEDIUM,tasks,Task completion is trending beyond predicted duration.,Reassess task plan; check environmental and machine factors.,False
AL000598,2025-08-14 08:50:00,M0003,OP0046,T00290,UNUSUAL_BEHAVIOR,MEDIUM,operator_behavior,Operator behavior pattern deviates from established baseline.,Review recent shift telemetry and consider targeted training.,False
AL000185,2025-08-14 11:10:00,M0003,OP0046,T00290,SEATBELT,LOW,safety_events,Seatbelt not fastened while machine is moving.,Review seatbelt compliance training with operator.,False
AL000273,2025-08-14 11:19:00,M0001,OP0012,T00409,SEATBELT,LOW,safety_events,Seatbelt not fastened while machine is moving.,Review seatbelt compliance training with operator.,True
AL000274,2025-08-14 12:43:00,M0001,OP0012,T00409,SEATBELT,MEDIUM,safety_events,Seatbelt not fastened while machine is moving.,Review seatbelt compliance training with operator.,False
AL001023,2025-08-14 16:43:24,M0003,OP0046,T00290,TASK_DELAY,MEDIUM,tasks,Task completion is trending beyond predicted duration.,Reassess task plan; check environmental and machine factors.,True
AL000523,2025-08-15 13:09:00,M0002,OP0021,T00845,PROXIMITY,LOW,safety_events,Site vehicle detected within unsafe operating distance.,Coordinate with vehicle operator and increase clearance.,False
AL000524,2025-08-15 13:59:00,M0002,OP0021,T00845,PROXIMITY,MEDIUM,safety_events,Worker detected within the machine operating zone.,Pause operation and confirm clear zone before resuming.,False
AL000320,2025-08-15 15:56:00,M0007,OP0014,T00499,PROXIMITY,MEDIUM,safety_events,Worker detected within the machine operating zone.,Pause operation and confirm clear zone before resuming.,True
AL001185,2025-08-15 16:14:42,M0002,OP0021,T00845,TASK_DELAY,MEDIUM,tasks,Task completion is trending beyond predicted duration.,Reassess task plan; check environmental and machine factors.,True
AL000901,2025-08-16 09:00:00,M0033,OP0011,,UNUSUAL_BEHAVIOR,MEDIUM,operator_behavior,Operator behavior pattern deviates from established baseline.,Review recent shift telemetry and consider targeted training.,False
AL000374,2025-08-16 11:15:00,M0034,OP0007,T00596,SEATBELT,LOW,safety_events,Seatbelt not fastened while machine is moving.,Review seatbelt compliance training with operator.,True
AL000370,2025-08-16 11:57:00,M0027,OP0031,T00592,PROXIMITY,LOW,safety_events,Worker detected within the machine operating zone.,Pause operation and confirm clear zone before resuming.,True
AL001276,2025-08-17 06:00:00,M0011,,,ENVIRONMENTAL_RISK,HIGH,environment,"Hazardous environmental conditions (storm, visibility 140m).",Consider pausing operations until conditions improve.,True
AL000831,2025-08-17 09:00:00,M0027,OP0041,,UNUSUAL_BEHAVIOR,MEDIUM,operator_behavior,Operator behavior pattern deviates from established baseline.,Review recent shift telemetry and consider targeted training.,False
AL000507,2025-08-17 09:15:00,M0036,OP0054,T00821,SEATBELT,LOW,safety_events,Seatbelt not fastened while machine is moving.,Review seatbelt compliance training with operator.,False
AL001104,2025-08-17 19:04:12,M0039,OP0029,T00555,TASK_DELAY,MEDIUM,tasks,Task completion is trending beyond predicted duration.,Reassess task plan; check environmental and machine factors.,True
AL000723,2025-08-18 08:00:00,M0019,OP0009,,UNUSUAL_BEHAVIOR,MEDIUM,operator_behavior,Operator behavior pattern deviates from established baseline.,Review recent shift telemetry and consider targeted training.,True
AL001155,2025-08-19 14:08:00,M0005,OP0033,T00723,TASK_DELAY,MEDIUM,tasks,Task completion is trending beyond predicted duration.,Reassess task plan; check environmental and machine factors.,True
AL000542,2025-08-19 14:48:00,M0038,OP0049,T00019,HIGH_IDLE,MEDIUM,operator_behavior,Idle ratio is significantly above operator baseline.,Recommend IDLE_MANAGEMENT training module.,False
AL000942,2025-08-19 15:17:18,M0038,OP0049,T00019,TASK_DELAY,MEDIUM,tasks,Task completion is trending beyond predicted duration.,Reassess task plan; check environmental and machine factors.,True
AL001274,2025-08-20 06:00:00,M0005,,,ENVIRONMENTAL_RISK,MEDIUM,environment,"Hazardous environmental conditions (fog, visibility 68m).",Consider pausing operations until conditions improve.,True
AL000579,2025-08-20 07:56:00,M0031,OP0027,T00174,HIGH_IDLE,MEDIUM,operator_behavior,Idle ratio is significantly above operator baseline.,Recommend IDLE_MANAGEMENT training module.,False
AL000588,2025-08-20 14:14:00,M0021,OP0053,T00216,UNUSUAL_BEHAVIOR,MEDIUM,operator_behavior,Operator behavior pattern deviates from established baseline.,Review recent shift telemetry and consider targeted training.,True
AL000141,2025-08-20 14:17:00,M0021,OP0053,T00216,PROXIMITY,LOW,safety_events,Unsafe reversing maneuver detected.,Reinforce spotter protocol for reversing operations.,True
AL000647,2025-08-21 10:03:00,M0036,OP0045,T00533,UNUSUAL_BEHAVIOR,HIGH,operator_behavior,Operator behavior pattern deviates from established baseline.,Review recent shift telemetry and consider targeted training.,True
AL000341,2025-08-21 11:55:00,M0036,OP0045,T00533,PROXIMITY,LOW,safety_events,Obstacle detected within the machine operating zone.,Reassess path and clear or route around obstacle.,True
AL000708,2025-08-21 12:21:00,M0011,OP0053,T00843,HIGH_IDLE,MEDIUM,operator_behavior,Idle ratio is significantly above operator baseline.,Recommend IDLE_MANAGEMENT training module.,True
AL001184,2025-08-21 16:32:30,M0011,OP0053,T00843,TASK_DELAY,MEDIUM,tasks,Task completion is trending beyond predicted duration.,Reassess task plan; check environmental and machine factors.,False
AL000622,2025-08-22 08:05:00,M0027,OP0018,T00407,HIGH_IDLE,MEDIUM,operator_behavior,Idle ratio is significantly above operator baseline.,Recommend IDLE_MANAGEMENT training module.,False
AL000550,2025-08-22 08:14:00,M0032,OP0037,T00050,UNUSUAL_BEHAVIOR,MEDIUM,operator_behavior,Operator behavior pattern deviates from established baseline.,Review recent shift telemetry and consider targeted training.,True
AL000832,2025-08-22 09:00:00,M0022,OP0019,,UNUSUAL_BEHAVIOR,MEDIUM,operator_behavior,Operator behavior pattern deviates from established baseline.,Review recent shift telemetry and consider targeted training.,False
AL000272,2025-08-22 09:23:00,M0027,OP0018,T00407,PROXIMITY,LOW,safety_events,Worker detected within the machine operating zone.,Pause operation and confirm clear zone before resuming.,True
AL000035,2025-08-22 09:31:00,M0032,OP0037,T00050,SEATBELT,LOW,safety_events,Seatbelt not fastened while machine is moving.,Review seatbelt compliance training with operator.,True
AL000312,2025-08-22 09:34:00,M0021,OP0042,T00488,SEATBELT,MEDIUM,safety_events,Seatbelt not fastened while machine is moving.,Review seatbelt compliance training with operator.,True
AL000036,2025-08-22 09:48:00,M0032,OP0037,T00050,SEATBELT,HIGH,safety_events,Seatbelt not fastened while machine is moving.,Review seatbelt compliance training with operator.,False
AL001083,2025-08-22 09:49:36,M0021,OP0042,T00488,TASK_DELAY,MEDIUM,tasks,Task completion is trending beyond predicted duration.,Reassess task plan; check environmental and machine factors.,False
AL000037,2025-08-22 11:17:00,M0032,OP0037,T00050,SEATBELT,LOW,safety_events,Seatbelt not fastened while machine is moving.,Review seatbelt compliance training with operator.,True
AL000852,2025-08-22 12:00:00,M0038,OP0049,,UNUSUAL_BEHAVIOR,MEDIUM,operator_behavior,Operator behavior pattern deviates from established baseline.,Review recent shift telemetry and consider targeted training.,True
AL000499,2025-08-22 14:35:00,M0029,OP0037,T00813,PROXIMITY,LOW,safety_events,Site vehicle detected within unsafe operating distance.,Coordinate with vehicle operator and increase clearance.,True
AL000951,2025-08-22 16:51:06,M0032,OP0037,T00050,TASK_DELAY,MEDIUM,tasks,Task completion is trending beyond predicted duration.,Reassess task plan; check environmental and machine factors.,True
AL000500,2025-08-22 17:06:00,M0029,OP0037,T00813,UNUSUAL_BEHAVIOR,LOW,safety_events,Harsh braking event detected.,Review braking technique with operator.,True
AL000749,2025-08-23 11:00:00,M0009,OP0009,,HIGH_IDLE,MEDIUM,operator_behavior,Idle ratio is significantly above operator baseline.,Recommend IDLE_MANAGEMENT training module.,False
AL000743,2025-08-24 09:00:00,M0026,OP0041,,HIGH_IDLE,MEDIUM,operator_behavior,Idle ratio is significantly above operator baseline.,Recommend IDLE_MANAGEMENT training module.,True
AL001016,2025-08-26 08:48:12,M0018,OP0047,T00277,TASK_DELAY,MEDIUM,tasks,Task completion is trending beyond predicted duration.,Reassess task plan; check environmental and machine factors.,False
AL000363,2025-08-26 11:10:00,M0007,OP0047,T00576,SEATBELT,MEDIUM,safety_events,Seatbelt not fastened while machine is moving.,Review seatbelt compliance training with operator.,True
AL000117,2025-08-26 12:06:00,M0014,OP0051,T00186,UNUSUAL_BEHAVIOR,HIGH,safety_events,Machine speed exceeded safe operating threshold.,Coach operator on speed limits for this machine type.,True
AL000789,2025-08-27 06:00:00,M0005,OP0019,,UNUSUAL_BEHAVIOR,MEDIUM,operator_behavior,Operator behavior pattern deviates from established baseline.,Review recent shift telemetry and consider targeted training.,True
AL000784,2025-08-27 08:00:00,M0029,OP0045,,HIGH_IDLE,MEDIUM,operator_behavior,Idle ratio is significantly above operator baseline.,Recommend IDLE_MANAGEMENT training module.,False
AL000242,2025-08-27 12:08:00,M0025,OP0030,T00354,SEATBELT,HIGH,safety_events,Seatbelt not fastened while machine is moving.,Review seatbelt compliance training with operator.,False
AL000521,2025-08-27 12:14:00,M0025,OP0019,T00844,PROXIMITY,HIGH,safety_events,Obstacle detected within the machine operating zone.,Reassess path and clear or route around obstacle.,True
AL000522,2025-08-27 15:15:00,M0025,OP0019,T00844,PROXIMITY,HIGH,safety_events,Obstacle detected within the machine operating zone.,Reassess path and clear or route around obstacle.,True
AL000303,2025-08-27 15:33:00,M0037,OP0019,T00468,SEATBELT,MEDIUM,safety_events,Seatbelt not fastened while machine is moving.,Review seatbelt compliance training with operator.,False
AL000201,2025-08-27 16:34:00,M0038,OP0034,T00303,UNUSUAL_BEHAVIOR,HIGH,safety_events,Machine speed exceeded safe operating threshold.,Coach operator on speed limits for this machine type.,True
AL000304,2025-08-27 17:35:00,M0037,OP0019,T00468,SEATBELT,MEDIUM,safety_events,Seatbelt not fastened while machine is moving.,Review seatbelt compliance training with operator.,True
AL000238,2025-08-28 08:50:00,M0035,OP0005,T00351,SEATBELT,LOW,safety_events,Seatbelt not fastened while machine is moving.,Review seatbelt compliance training with operator.,True
AL000610,2025-08-28 09:34:00,M0008,OP0027,T00348,UNUSUAL_BEHAVIOR,MEDIUM,operator_behavior,Operator behavior pattern deviates from established baseline.,Review recent shift telemetry and consider targeted training.,True
AL000309,2025-08-28 10:50:00,M0033,OP0010,T00472,UNUSUAL_BEHAVIOR,LOW,safety_events,Harsh braking event detected.,Review braking technique with operator.,True
AL000236,2025-08-28 10:54:00,M0008,OP0027,T00348,SEATBELT,LOW,safety_events,Seatbelt not fastened while machine is moving.,Review seatbelt compliance training with operator.,False
AL001115,2025-08-28 10:58:30,M0035,OP0050,T00590,TASK_DELAY,MEDIUM,tasks,Task completion is trending beyond predicted duration.,Reassess task plan; check environmental and machine factors.,True
AL000237,2025-08-28 12:19:00,M0008,OP0027,T00348,PROXIMITY,LOW,safety_events,Worker detected within the machine operating zone.,Pause operation and confirm clear zone before resuming.,True
AL000683,2025-08-29 09:34:00,M0034,OP0013,T00738,UNUSUAL_BEHAVIOR,HIGH,operator_behavior,Operator behavior pattern deviates from established baseline.,Review recent shift telemetry and consider targeted training.,True
AL000760,2025-08-29 10:00:00,M0007,OP0052,,UNUSUAL_BEHAVIOR,MEDIUM,operator_behavior,Operator behavior pattern deviates from established baseline.,Review recent shift telemetry and consider targeted training.,True
AL000451,2025-08-29 10:09:00,M0034,OP0013,T00738,SEATBELT,MEDIUM,safety_events,Seatbelt not fastened while machine is moving.,Review seatbelt compliance training with operator.,False
AL000452,2025-08-29 10:35:00,M0034,OP0013,T00738,SEATBELT,HIGH,safety_events,Seatbelt not fastened while machine is moving.,Review seatbelt compliance training with operator.,False
AL000453,2025-08-29 10:50:00,M0034,OP0013,T00738,PROXIMITY,LOW,safety_events,Worker detected within the machine operating zone.,Pause operation and confirm clear zone before resuming.,True
AL000075,2025-08-29 10:53:00,M0019,OP0029,T00123,PROXIMITY,MEDIUM,safety_events,Obstacle detected within the machine operating zone.,Reassess path and clear or route around obstacle.,True
AL000856,2025-08-29 12:00:00,M0026,OP0027,,UNUSUAL_BEHAVIOR,MEDIUM,operator_behavior,Operator behavior pattern deviates from established baseline.,Review recent shift telemetry and consider targeted training.,True
AL000076,2025-08-29 12:11:00,M0019,OP0029,T00123,PROXIMITY,HIGH,safety_events,Worker detected within the machine operating zone.,Pause operation and confirm clear zone before resuming.,True
AL000454,2025-08-29 12:23:00,M0034,OP0013,T00738,SEATBELT,LOW,safety_events,Seatbelt not fastened while machine is moving.,Review seatbelt compliance training with operator.,True
AL000455,2025-08-29 12:52:00,M0034,OP0013,T00738,PROXIMITY,LOW,safety_events,Unsafe reversing maneuver detected.,Reinforce spotter protocol for reversing operations.,True
AL000077,2025-08-29 13:24:00,M0019,OP0029,T00123,SEATBELT,HIGH,safety_events,Seatbelt not fastened while machine is moving.,Review seatbelt compliance training with operator.,True
AL000971,2025-08-29 13:56:06,M0019,OP0029,T00123,TASK_DELAY,MEDIUM,tasks,Task completion is trending beyond predicted duration.,Reassess task plan; check environmental and machine factors.,True
AL000050,2025-08-30 12:37:00,M0023,OP0007,T00063,PROXIMITY,LOW,safety_events,Unsafe reversing maneuver detected.,Reinforce spotter protocol for reversing operations.,True
AL000051,2025-08-30 14:54:00,M0023,OP0007,T00063,PROXIMITY,HIGH,safety_events,Worker detected within the machine operating zone.,Pause operation and confirm clear zone before resuming.,True
AL000913,2025-08-31 08:00:00,M0022,OP0048,,UNUSUAL_BEHAVIOR,MEDIUM,operator_behavior,Operator behavior pattern deviates from established baseline.,Review recent shift telemetry and consider targeted training.,True
AL000564,2025-08-31 13:48:00,M0003,OP0038,T00108,HIGH_IDLE,MEDIUM,operator_behavior,Idle ratio is significantly above operator baseline.,Recommend IDLE_MANAGEMENT training module.,True
AL000065,2025-08-31 16:12:00,M0003,OP0038,T00108,SEATBELT,MEDIUM,safety_events,Seatbelt not fastened while machine is moving.,Review seatbelt compliance training with operator.,True
AL000772,2025-09-01 06:00:00,M0035,OP0009,,UNUSUAL_BEHAVIOR,MEDIUM,operator_behavior,Operator behavior pattern deviates from established baseline.,Review recent shift telemetry and consider targeted training.,False
AL000475,2025-09-01 12:48:00,M0042,OP0048,T00769,SEATBELT,LOW,safety_events,Seatbelt not fastened while machine is moving.,Review seatbelt compliance training with operator.,False
AL000439,2025-09-01 13:56:00,M0034,OP0037,T00724,PROXIMITY,HIGH,safety_events,Obstacle detected within the machine operating zone.,Reassess path and clear or route around obstacle.,True
AL000440,2025-09-01 14:17:00,M0034,OP0037,T00724,PROXIMITY,HIGH,safety_events,Obstacle detected within the machine operating zone.,Reassess path and clear or route around obstacle.,False
AL001168,2025-09-01 14:28:00,M0042,OP0048,T00769,TASK_DELAY,MEDIUM,tasks,Task completion is trending beyond predicted duration.,Reassess task plan; check environmental and machine factors.,True
AL001008,2025-09-01 16:14:18,M0026,OP0014,T00243,TASK_DELAY,MEDIUM,tasks,Task completion is trending beyond predicted duration.,Reassess task plan; check environmental and machine factors.,False
AL000157,2025-09-01 16:24:00,M0026,OP0014,T00243,SEATBELT,MEDIUM,safety_events,Seatbelt not fastened while machine is moving.,Review seatbelt compliance training with operator.,True
AL000386,2025-09-02 06:57:00,M0015,OP0054,T00616,PROXIMITY,LOW,safety_events,Site vehicle detected within unsafe operating distance.,Coordinate with vehicle operator and increase clearance.,True
AL000387,2025-09-02 07:05:00,M0015,OP0054,T00616,PROXIMITY,MEDIUM,safety_events,Worker detected within the machine operating zone.,Pause operation and confirm clear zone before resuming.,True
AL001123,2025-09-02 08:53:36,M0015,OP0054,T00616,TASK_DELAY,MEDIUM,tasks,Task completion is trending beyond predicted duration.,Reassess task plan; check environmental and machine factors.,False
AL001177,2025-09-02 10:55:36,M0008,OP0043,T00818,TASK_DELAY,MEDIUM,tasks,Task completion is trending beyond predicted duration.,Reassess task plan; check environmental and machine factors.,False
AL000833,2025-09-02 15:00:00,M0011,OP0041,,HIGH_IDLE,MEDIUM,operator_behavior,Idle ratio is significantly above operator baseline.,Recommend IDLE_MANAGEMENT training module.,True
AL000311,2025-09-02 18:06:00,M0034,OP0006,T00484,SEATBELT,LOW,safety_events,Seatbelt not fastened while machine is moving.,Review seatbelt compliance training with operator.,True
AL000270,2025-09-02 18:12:00,M0011,OP0050,T00398,UNUSUAL_BEHAVIOR,MEDIUM,safety_events,Machine speed exceeded safe operating threshold.,Coach operator on speed limits for this machine type.,True
AL000191,2025-09-03 08:44:00,M0037,OP0042,T00296,PROXIMITY,LOW,safety_events,Site vehicle detected within unsafe operating distance.,Coordinate with vehicle operator and increase clearance.,True
AL000192,2025-09-03 10:15:00,M0037,OP0042,T00296,UNUSUAL_BEHAVIOR,LOW,safety_events,Harsh braking event detected.,Review braking technique with operator.,True
AL000573,2025-09-03 14:44:00,M0006,OP0027,T00158,HIGH_IDLE,MEDIUM,operator_behavior,Idle ratio is significantly above operator baseline.,Recommend IDLE_MANAGEMENT training module.,True
AL000096,2025-09-03 14:52:00,M0006,OP0027,T00158,PROXIMITY,LOW,safety_events,Site vehicle detected within unsafe operating distance.,Coordinate with vehicle operator and increase clearance.,True
AL001001,2025-09-03 15:26:18,M0017,OP0006,T00214,TASK_DELAY,MEDIUM,tasks,Task completion is trending beyond predicted duration.,Reassess task plan; check environmental and machine factors.,False
AL000984,2025-09-03 17:25:00,M0006,OP0027,T00158,TASK_DELAY,MEDIUM,tasks,Task completion is trending beyond predicted duration.,Reassess task plan; check environmental and machine factors.,True
AL001189,2025-09-03 19:00:00,M0009,,,ENVIRONMENTAL_RISK,MEDIUM,environment,"Hazardous environmental conditions (fog, visibility 208m).",Consider pausing operations until conditions improve.,True
AL001106,2025-09-03 22:36:30,M0031,OP0032,T00567,TASK_DELAY,MEDIUM,tasks,Task completion is trending beyond predicted duration.,Reassess task plan; check environmental and machine factors.,True
AL001027,2025-09-04 06:59:24,M0037,OP0042,T00296,TASK_DELAY,MEDIUM,tasks,Task completion is trending beyond predicted duration.,Reassess task plan; check environmental and machine factors.,False
AL000824,2025-09-04 07:00:00,M0037,OP0016,,HIGH_IDLE,MEDIUM,operator_behavior,Idle ratio is significantly above operator baseline.,Recommend IDLE_MANAGEMENT training module.,False
AL000899,2025-09-04 07:00:00,M0005,OP0020,,HIGH_IDLE,MEDIUM,operator_behavior,Idle ratio is significantly above operator baseline.,Recommend IDLE_MANAGEMENT training module.,True
AL000664,2025-09-04 08:00:00,M0033,OP0033,T00610,HIGH_IDLE,MEDIUM,operator_behavior,Idle ratio is significantly above operator baseline.,Recommend IDLE_MANAGEMENT training module.,True
AL001244,2025-09-04 13:00:00,M0009,,,ENVIRONMENTAL_RISK,HIGH,environment,"Hazardous environmental conditions (storm, visibility 148m).",Consider pausing operations until conditions improve.,False
AL001121,2025-09-04 13:48:12,M0033,OP0033,T00610,TASK_DELAY,MEDIUM,tasks,Task completion is trending beyond predicted duration.,Reassess task plan; check environmental and machine factors.,True
AL000589,2025-09-05 10:37:00,M0004,OP0044,T00231,HIGH_IDLE,MEDIUM,operator_behavior,Idle ratio is significantly above operator baseline.,Recommend IDLE_MANAGEMENT training module.,False
AL001107,2025-09-05 11:29:06,M0037,OP0011,T00568,TASK_DELAY,MEDIUM,tasks,Task completion is trending beyond predicted duration.,Reassess task plan; check environmental and machine factors.,True
AL001004,2025-09-05 11:34:06,M0004,OP0044,T00231,TASK_DELAY,MEDIUM,tasks,Task completion is trending beyond predicted duration.,Reassess task plan; check environmental and machine factors.,True
AL000953,2025-09-05 12:23:42,M0008,OP0038,T00057,TASK_DELAY,MEDIUM,tasks,Task completion is trending beyond predicted duration.,Reassess task plan; check environmental and machine factors.,True
AL000188,2025-09-05 12:30:00,M0006,OP0010,T00293,SEATBELT,LOW,safety_events,Seatbelt not fastened while machine is moving.,Review seatbelt compliance training with operator.,True
AL000636,2025-09-05 13:08:00,M0018,OP0005,T00465,HIGH_IDLE,MEDIUM,operator_behavior,Idle ratio is significantly above operator baseline.,Recommend IDLE_MANAGEMENT training module.,False
AL001176,2025-09-05 15:39:48,M0009,OP0018,T00815,TASK_DELAY,MEDIUM,tasks,Task completion is trending beyond predicted duration.,Reassess task plan; check environmental and machine factors.,True
AL000442,2025-09-06 10:47:00,M0012,OP0019,T00729,SEATBELT,LOW,safety_events,Seatbelt not fastened while machine is moving.,Review seatbelt compliance training with operator.,True
AL000904,2025-09-06 11:00:00,M0027,OP0030,,UNUSUAL_BEHAVIOR,MEDIUM,operator_behavior,Operator behavior pattern deviates from established baseline.,Review recent shift telemetry and consider targeted training.,False
AL000443,2025-09-06 12:47:00,M0012,OP0019,T00729,PROXIMITY,LOW,safety_events,Site vehicle detected within unsafe operating distance.,Coordinate with vehicle operator and increase clearance.,True
AL000816,2025-09-06 13:00:00,M0040,OP0015,,HIGH_IDLE,MEDIUM,operator_behavior,Idle ratio is significantly above operator baseline.,Recommend IDLE_MANAGEMENT training module.,False
AL000444,2025-09-06 13:13:00,M0012,OP0019,T00729,PROXIMITY,LOW,safety_events,Site vehicle detected within unsafe operating distance.,Coordinate with vehicle operator and increase clearance.,False
AL001156,2025-09-06 16:45:00,M0012,OP0019,T00729,TASK_DELAY,MEDIUM,tasks,Task completion is trending beyond predicted duration.,Reassess task plan; check environmental and machine factors.,True
AL001278,2025-09-07 06:00:00,M0006,,,ENVIRONMENTAL_RISK,MEDIUM,environment,"Hazardous environmental conditions (fog, visibility 109m).",Consider pausing operations until conditions improve.,False
AL001064,2025-09-07 10:49:36,M0001,OP0018,T00413,TASK_DELAY,MEDIUM,tasks,Task completion is trending beyond predicted duration.,Reassess task plan; check environmental and machine factors.,True
AL000476,2025-09-07 11:22:00,M0017,OP0026,T00771,UNUSUAL_BEHAVIOR,HIGH,safety_events,Machine speed exceeded safe operating threshold.,Coach operator on speed limits for this machine type.,True
AL000695,2025-09-07 12:01:00,M0011,OP0054,T00802,HIGH_IDLE,MEDIUM,operator_behavior,Idle ratio is significantly above operator baseline.,Recommend IDLE_MANAGEMENT training module.,True
AL000488,2025-09-07 12:24:00,M0011,OP0054,T00802,PROXIMITY,MEDIUM,safety_events,Obstacle detected within the machine operating zone.,Reassess path and clear or route around obstacle.,False
AL000838,2025-09-07 14:00:00,M0009,OP0045,,HIGH_IDLE,MEDIUM,operator_behavior,Idle ratio is significantly above operator baseline.,Recommend IDLE_MANAGEMENT training module.,True
AL001136,2025-09-07 15:01:42,M0006,OP0033,T00657,TASK_DELAY,MEDIUM,tasks,Task completion is trending beyond predicted duration.,Reassess task plan; check environmental and machine factors.,True
AL001291,2025-09-07 19:00:00,M0006,,,ENVIRONMENTAL_RISK,MEDIUM,environment,"Hazardous environmental conditions (fog, visibility 202m).",Consider pausing operations until conditions improve.,True
AL000164,2025-09-08 13:17:00,M0036,OP0048,T00255,PROXIMITY,LOW,safety_events,Site vehicle detected within unsafe operating distance.,Coordinate with vehicle operator and increase clearance.,True
AL000165,2025-09-08 14:28:00,M0036,OP0048,T00255,PROXIMITY,LOW,safety_events,Site vehicle detected within unsafe operating distance.,Coordinate with vehicle operator and increase clearance.,True
AL000166,2025-09-08 14:47:00,M0036,OP0048,T00255,SEATBELT,LOW,safety_events,Seatbelt not fastened while machine is moving.,Review seatbelt compliance training with operator.,True
AL001097,2025-09-08 17:42:00,M0029,OP0030,T00538,TASK_DELAY,MEDIUM,tasks,Task completion is trending beyond predicted duration.,Reassess task plan; check environmental and machine factors.,True
AL001251,2025-09-09 06:00:00,M0041,,,ENVIRONMENTAL_RISK,HIGH,environment,"Hazardous environmental conditions (storm, visibility 116m).",Consider pausing operations until conditions improve.,True
AL000020,2025-09-09 10:13:00,M0014,OP0045,T00030,PROXIMITY,HIGH,safety_events,Site vehicle detected within unsafe operating distance.,Coordinate with vehicle operator and increase clearance.,True
AL000021,2025-09-09 10:24:00,M0014,OP0045,T00030,PROXIMITY,LOW,safety_events,Obstacle detected within the machine operating zone.,Reassess path and clear or route around obstacle.,True
AL000022,2025-09-09 10:50:00,M0014,OP0045,T00030,SEATBELT,LOW,safety_events,Seatbelt not fastened while machine is moving.,Review seatbelt compliance training with operator.,True
AL000023,2025-09-09 12:29:00,M0014,OP0045,T00030,PROXIMITY,HIGH,safety_events,Obstacle detected within the machine operating zone.,Reassess path and clear or route around obstacle.,True
AL000779,2025-09-09 13:00:00,M0028,OP0008,,UNUSUAL_BEHAVIOR,MEDIUM,operator_behavior,Operator behavior pattern deviates from established baseline.,Review recent shift telemetry and consider targeted training.,True
AL000018,2025-09-09 15:45:00,M0041,OP0055,T00028,SEATBELT,MEDIUM,safety_events,Seatbelt not fastened while machine is moving.,Review seatbelt compliance training with operator.,False
AL000019,2025-09-09 16:07:00,M0041,OP0055,T00028,PROXIMITY,LOW,safety_events,Worker detected within the machine operating zone.,Pause operation and confirm clear zone before resuming.,True
AL000946,2025-09-09 23:18:42,M0014,OP0045,T00030,TASK_DELAY,MEDIUM,tasks,Task completion is trending beyond predicted duration.,Reassess task plan; check environmental and machine factors.,False
AL000782,2025-09-10 06:00:00,M0022,OP0019,,HIGH_IDLE,MEDIUM,operator_behavior,Idle ratio is significantly above operator baseline.,Recommend IDLE_MANAGEMENT training module.,False
AL000783,2025-09-10 06:00:00,M0022,OP0019,,UNUSUAL_BEHAVIOR,HIGH,operator_behavior,Operator behavior pattern deviates from established baseline.,Review recent shift telemetry and consider targeted training.,True
AL000288,2025-09-10 11:03:00,M0023,OP0016,T00442,PROXIMITY,LOW,safety_events,Site vehicle detected within unsafe operating distance.,Coordinate with vehicle operator and increase clearance.,True
AL001033,2025-09-10 11:49:24,M0021,OP0003,T00309,TASK_DELAY,MEDIUM,tasks,Task completion is trending beyond predicted duration.,Reassess task plan; check environmental and machine factors.,False
AL000905,2025-09-10 12:00:00,M0029,OP0027,,UNUSUAL_BEHAVIOR,MEDIUM,operator_behavior,Operator behavior pattern deviates from established baseline.,Review recent shift telemetry and consider targeted training.,False
AL000367,2025-09-10 12:39:00,M0035,OP0028,T00582,UNUSUAL_BEHAVIOR,LOW,safety_events,Harsh braking event detected.,Review braking technique with operator.,True
AL000764,2025-09-10 14:00:00,M0039,OP0045,,UNUSUAL_BEHAVIOR,MEDIUM,operator_behavior,Operator behavior pattern deviates from established baseline.,Review recent shift telemetry and consider targeted training.,True
AL001200,2025-09-10 19:00:00,M0013,,,ENVIRONMENTAL_RISK,HIGH,environment,"Hazardous environmental conditions (storm, visibility 204m).",Consider pausing operations until conditions improve.,True
AL000132,2025-09-11 15:43:00,M0027,OP0016,T00207,SEATBELT,LOW,safety_events,Seatbelt not fastened while machine is moving.,Review seatbelt compliance training with operator.,False
AL000133,2025-09-11 16:14:00,M0027,OP0016,T00207,SEATBELT,MEDIUM,safety_events,Seatbelt not fastened while machine is moving.,Review seatbelt compliance training with operator.,True
AL000189,2025-09-12 07:50:00,M0022,OP0020,T00294,SEATBELT,LOW,safety_events,Seatbelt not fastened while machine is moving.,Review seatbelt compliance training with operator.,True
AL000190,2025-09-12 09:47:00,M0022,OP0020,T00294,UNUSUAL_BEHAVIOR,HIGH,safety_events,Machine speed exceeded safe operating threshold.,Coach operator on speed limits for this machine type.,True
AL000654,2025-09-12 12:30:00,M0009,OP0027,T00569,UNUSUAL_BEHAVIOR,MEDIUM,operator_behavior,Operator behavior pattern deviates from established baseline.,Review recent shift telemetry and consider targeted training.,False
AL001026,2025-09-12 21:26:12,M0022,OP0020,T00294,TASK_DELAY,MEDIUM,tasks,Task completion is trending beyond predicted duration.,Reassess task plan; check environmental and machine factors.,False
AL001108,2025-09-12 22:48:24,M0009,OP0027,T00569,TASK_DELAY,MEDIUM,tasks,Task completion is trending beyond predicted duration.,Reassess task plan; check environmental and machine factors.,True
AL000606,2025-09-13 06:00:00,M0009,OP0046,T00330,HIGH_IDLE,MEDIUM,operator_behavior,Idle ratio is significantly above operator baseline.,Recommend IDLE_MANAGEMENT training module.,True
AL001040,2025-09-13 07:37:12,M0009,OP0046,T00330,TASK_DELAY,MEDIUM,tasks,Task completion is trending beyond predicted duration.,Reassess task plan; check environmental and machine factors.,True
AL000929,2025-09-13 10:00:00,M0041,OP0042,,UNUSUAL_BEHAVIOR,MEDIUM,operator_behavior,Operator behavior pattern deviates from established baseline.,Review recent shift telemetry and consider targeted training.,True
AL000182,2025-09-13 10:40:00,M0019,OP0045,T00280,SEATBELT,LOW,safety_events,Seatbelt not fastened while machine is moving.,Review seatbelt compliance training with operator.,False
AL001018,2025-09-13 12:35:00,M0019,OP0045,T00280,TASK_DELAY,MEDIUM,tasks,Task completion is trending beyond predicted duration.,Reassess task plan; check environmental and machine factors.,True
AL000650,2025-09-13 14:07:00,M0038,OP0022,T00553,UNUSUAL_BEHAVIOR,MEDIUM,operator_behavior,Operator behavior pattern deviates from established baseline.,Review recent shift telemetry and consider targeted training.,True
AL000350,2025-09-13 15:57:00,M0038,OP0022,T00553,UNUSUAL_BEHAVIOR,MEDIUM,safety_events,Machine speed exceeded safe operating threshold.,Coach operator on speed limits for this machine type.,True
AL000351,2025-09-13 16:57:00,M0038,OP0022,T00553,PROXIMITY,LOW,safety_events,Worker detected within the machine operating zone.,Pause operation and confirm clear zone before resuming.,True
AL000424,2025-09-13 19:04:00,M0012,OP0043,T00694,PROXIMITY,LOW,safety_events,Site vehicle detected within unsafe operating distance.,Coordinate with vehicle operator and increase clearance.,True
AL001103,2025-09-13 20:07:24,M0038,OP0022,T00553,TASK_DELAY,MEDIUM,tasks,Task completion is trending beyond predicted duration.,Reassess task plan; check environmental and machine factors.,True
AL000547,2025-09-14 11:58:00,M0029,OP0052,T00042,HIGH_IDLE,MEDIUM,operator_behavior,Idle ratio is significantly above operator baseline.,Recommend IDLE_MANAGEMENT training module.,True
AL000028,2025-09-14 11:59:00,M0029,OP0052,T00042,SEATBELT,HIGH,safety_events,Seatbelt not fastened while machine is moving.,Review seatbelt compliance training with operator.,False
AL001270,2025-09-14 13:00:00,M0033,,,ENVIRONMENTAL_RISK,HIGH,environment,"Hazardous environmental conditions (storm, visibility 103m).",Consider pausing operations until conditions improve.,True
AL000360,2025-09-14 13:45:00,M0034,OP0024,T00565,UNUSUAL_BEHAVIOR,LOW,safety_events,Harsh braking event detected.,Review braking technique with operator.,True
AL000868,2025-09-15 09:00:00,M0041,OP0028,,HIGH_IDLE,MEDIUM,operator_behavior,Idle ratio is significantly above operator baseline.,Recommend IDLE_MANAGEMENT training module.,False
AL001113,2025-09-15 11:40:12,M0033,OP0049,T00583,TASK_DELAY,MEDIUM,tasks,Task completion is trending beyond predicted duration.,Reassess task plan; check environmental and machine factors.,False
AL000368,2025-09-15 12:15:00,M0033,OP0049,T00583,SEATBELT,LOW,safety_events,Seatbelt not fastened while machine is moving.,Review seatbelt compliance training with operator.,True
AL000651,2025-09-16 10:47:00,M0017,OP0055,T00556,HIGH_IDLE,MEDIUM,operator_behavior,Idle ratio is significantly above operator baseline.,Recommend IDLE_MANAGEMENT training module.,True
AL000991,2025-09-16 12:29:48,M0041,OP0024,T00187,TASK_DELAY,MEDIUM,tasks,Task completion is trending beyond predicted duration.,Reassess task plan; check environmental and machine factors.,True
AL000352,2025-09-16 13:45:00,M0017,OP0055,T00556,UNUSUAL_BEHAVIOR,LOW,safety_events,Harsh braking event detected.,Review braking technique with operator.,True
AL000227,2025-09-16 14:26:00,M0028,OP0046,T00340,SEATBELT,HIGH,safety_events,Seatbelt not fastened while machine is moving.,Review seatbelt compliance training with operator.,True
AL000181,2025-09-17 12:01:00,M0010,OP0001,T00278,UNUSUAL_BEHAVIOR,HIGH,safety_events,Machine speed exceeded safe operating threshold.,Coach operator on speed limits for this machine type.,False
AL001017,2025-09-17 17:30:18,M0010,OP0001,T00278,TASK_DELAY,MEDIUM,tasks,Task completion is trending beyond predicted duration.,Reassess task plan; check environmental and machine factors.,True
AL000786,2025-09-18 11:00:00,M0020,OP0009,,HIGH_IDLE,MEDIUM,operator_behavior,Idle ratio is significantly above operator baseline.,Recommend IDLE_MANAGEMENT training module.,False
AL000787,2025-09-18 11:00:00,M0020,OP0009,,UNUSUAL_BEHAVIOR,MEDIUM,operator_behavior,Operator behavior pattern deviates from established baseline.,Review recent shift telemetry and consider targeted training.,True
AL000485,2025-09-18 16:29:00,M0028,OP0014,T00796,SEATBELT,MEDIUM,safety_events,Seatbelt not fastened while machine is moving.,Review seatbelt compliance training with operator.,True
AL000486,2025-09-18 17:26:00,M0028,OP0014,T00796,SEATBELT,LOW,safety_events,Seatbelt not fastened while machine is moving.,Review seatbelt compliance training with operator.,True
AL001076,2025-09-19 11:17:24,M0040,OP0020,T00460,TASK_DELAY,MEDIUM,tasks,Task completion is trending beyond predicted duration.,Reassess task plan; check environmental and machine factors.,True
AL000932,2025-09-20 12:00:00,M0006,OP0025,,UNUSUAL_BEHAVIOR,MEDIUM,operator_behavior,Operator behavior pattern deviates from established baseline.,Review recent shift telemetry and consider targeted training.,True
AL000263,2025-09-20 12:16:00,M0020,OP0024,T00389,SEATBELT,HIGH,safety_events,Seatbelt not fastened while machine is moving.,Review seatbelt compliance training with operator.,True
AL001056,2025-09-20 12:45:24,M0020,OP0024,T00389,TASK_DELAY,MEDIUM,tasks,Task completion is trending beyond predicted duration.,Reassess task plan; check environmental and machine factors.,True
AL000143,2025-09-21 09:01:00,M0031,OP0027,T00223,PROXIMITY,HIGH,safety_events,Worker detected within the machine operating zone.,Pause operation and confirm clear zone before resuming.,True
AL000144,2025-09-21 09:07:00,M0031,OP0027,T00223,PROXIMITY,LOW,safety_events,Site vehicle detected within unsafe operating distance.,Coordinate with vehicle operator and increase clearance.,True
AL000145,2025-09-21 12:12:00,M0031,OP0027,T00223,PROXIMITY,LOW,safety_events,Worker detected within the machine operating zone.,Pause operation and confirm clear zone before resuming.,True
AL001003,2025-09-21 12:31:36,M0031,OP0027,T00223,TASK_DELAY,MEDIUM,tasks,Task completion is trending beyond predicted duration.,Reassess task plan; check environmental and machine factors.,True
AL000261,2025-09-21 17:37:00,M0040,OP0046,T00385,SEATBELT,MEDIUM,safety_events,Seatbelt not fastened while machine is moving.,Review seatbelt compliance training with operator.,False
AL001213,2025-09-23 13:00:00,M0023,,,ENVIRONMENTAL_RISK,MEDIUM,environment,"Hazardous environmental conditions (fog, visibility 41m).",Consider pausing operations until conditions improve.,False
AL000608,2025-09-23 13:36:00,M0019,OP0009,T00334,UNUSUAL_BEHAVIOR,MEDIUM,operator_behavior,Operator behavior pattern deviates from established baseline.,Review recent shift telemetry and consider targeted training.,False
AL001110,2025-09-23 14:23:30,M0007,OP0003,T00575,TASK_DELAY,MEDIUM,tasks,Task completion is trending beyond predicted duration.,Reassess task plan; check environmental and machine factors.,True
AL000223,2025-09-23 15:22:00,M0019,OP0009,T00334,SEATBELT,MEDIUM,safety_events,Seatbelt not fastened while machine is moving.,Review seatbelt compliance training with operator.,False
AL000224,2025-09-23 16:18:00,M0019,OP0009,T00334,PROXIMITY,MEDIUM,safety_events,Worker detected within the machine operating zone.,Pause operation and confirm clear zone before resuming.,True
AL001252,2025-09-23 19:00:00,M0035,,,ENVIRONMENTAL_RISK,MEDIUM,environment,"Hazardous environmental conditions (fog, visibility 292m).",Consider pausing operations until conditions improve.,True
AL001282,2025-09-24 06:00:00,M0001,,,ENVIRONMENTAL_RISK,MEDIUM,environment,"Hazardous environmental conditions (fog, visibility 116m).",Consider pausing operations until conditions improve.,False
AL001214,2025-09-24 06:00:00,M0023,,,ENVIRONMENTAL_RISK,HIGH,environment,"Hazardous environmental conditions (storm, visibility 313m).",Consider pausing operations until conditions improve.,True
AL000136,2025-09-24 10:44:00,M0030,OP0031,T00210,PROXIMITY,MEDIUM,safety_events,Obstacle detected within the machine operating zone.,Reassess path and clear or route around obstacle.,True
AL000137,2025-09-24 11:46:00,M0030,OP0031,T00210,PROXIMITY,LOW,safety_events,Worker detected within the machine operating zone.,Pause operation and confirm clear zone before resuming.,True
AL000638,2025-09-24 13:56:00,M0001,OP0050,T00474,HIGH_IDLE,MEDIUM,operator_behavior,Idle ratio is significantly above operator baseline.,Recommend IDLE_MANAGEMENT training module.,True
AL000999,2025-09-24 14:48:24,M0030,OP0031,T00210,TASK_DELAY,MEDIUM,tasks,Task completion is trending beyond predicted duration.,Reassess task plan; check environmental and machine factors.,True
AL001078,2025-09-24 16:43:18,M0001,OP0050,T00474,TASK_DELAY,MEDIUM,tasks,Task completion is trending beyond predicted duration.,Reassess task plan; check environmental and machine factors.,True
AL000310,2025-09-24 17:08:00,M0001,OP0050,T00474,UNUSUAL_BEHAVIOR,LOW,safety_events,Harsh braking event detected.,Review braking technique with operator.,True
AL000877,2025-09-25 06:00:00,M0020,OP0012,,UNUSUAL_BEHAVIOR,MEDIUM,operator_behavior,Operator behavior pattern deviates from established baseline.,Review recent shift telemetry and consider targeted training.,True
AL000841,2025-09-25 08:00:00,M0021,OP0011,,UNUSUAL_BEHAVIOR,MEDIUM,operator_behavior,Operator behavior pattern deviates from established baseline.,Review recent shift telemetry and consider targeted training.,True
AL000226,2025-09-25 08:33:00,M0039,OP0028,T00337,PROXIMITY,LOW,safety_events,Obstacle detected within the machine operating zone.,Reassess path and clear or route around obstacle.,True
AL001043,2025-09-25 09:56:30,M0039,OP0028,T00337,TASK_DELAY,MEDIUM,tasks,Task completion is trending beyond predicted duration.,Reassess task plan; check environmental and machine factors.,False
AL000116,2025-09-25 12:26:00,M0035,OP0045,T00182,SEATBELT,HIGH,safety_events,Seatbelt not fastened while machine is moving.,Review seatbelt compliance training with operator.,False
AL000666,2025-09-25 14:50:00,M0031,OP0011,T00629,UNUSUAL_BEHAVIOR,MEDIUM,operator_behavior,Operator behavior pattern deviates from established baseline.,Review recent shift telemetry and consider targeted training.,False
AL000392,2025-09-25 16:03:00,M0031,OP0011,T00629,UNUSUAL_BEHAVIOR,LOW,safety_events,Harsh braking event detected.,Review braking technique with operator.,True
AL000393,2025-09-25 16:12:00,M0031,OP0011,T00629,PROXIMITY,LOW,safety_events,Worker detected within the machine operating zone.,Pause operation and confirm clear zone before resuming.,True
AL000394,2025-09-25 16:34:00,M0031,OP0011,T00629,SEATBELT,LOW,safety_events,Seatbelt not fastened while machine is moving.,Review seatbelt compliance training with operator.,True
AL001126,2025-09-25 18:07:48,M0026,OP0043,T00634,TASK_DELAY,MEDIUM,tasks,Task completion is trending beyond predicted duration.,Reassess task plan; check environmental and machine factors.,False
AL000989,2025-09-26 04:54:42,M0035,OP0045,T00182,TASK_DELAY,MEDIUM,tasks,Task completion is trending beyond predicted duration.,Reassess task plan; check environmental and machine factors.,True
AL001248,2025-09-26 06:00:00,M0018,,,ENVIRONMENTAL_RISK,MEDIUM,environment,"Hazardous environmental conditions (fog, visibility 105m).",Consider pausing operations until conditions improve.,False
AL001304,2025-09-26 13:00:00,M0025,,,ENVIRONMENTAL_RISK,MEDIUM,environment,"Hazardous environmental conditions (fog, visibility 263m).",Consider pausing operations until conditions improve.,False
AL001224,2025-09-27 06:00:00,M0016,,,ENVIRONMENTAL_RISK,HIGH,environment,"Hazardous environmental conditions (storm, visibility 361m).",Consider pausing operations until conditions improve.,True
AL000621,2025-09-27 12:34:00,M0006,OP0041,T00406,UNUSUAL_BEHAVIOR,MEDIUM,operator_behavior,Operator behavior pattern deviates from established baseline.,Review recent shift telemetry and consider targeted training.,True
AL000271,2025-09-27 13:49:00,M0006,OP0041,T00406,PROXIMITY,LOW,safety_events,Worker detected within the machine operating zone.,Pause operation and confirm clear zone before resuming.,True
AL001086,2025-09-27 16:12:00,M0023,OP0034,T00498,TASK_DELAY,MEDIUM,tasks,Task completion is trending beyond predicted duration.,Reassess task plan; check environmental and machine factors.,False
AL001241,2025-09-28 06:00:00,M0009,,,ENVIRONMENTAL_RISK,HIGH,environment,"Hazardous environmental conditions (storm, visibility 375m).",Consider pausing operations until conditions improve.,True
AL000645,2025-09-28 06:25:00,M0041,OP0029,T00517,UNUSUAL_BEHAVIOR,MEDIUM,operator_behavior,Operator behavior pattern deviates from established baseline.,Review recent shift telemetry and consider targeted training.,False
AL000329,2025-09-28 07:37:00,M0041,OP0029,T00517,SEATBELT,LOW,safety_events,Seatbelt not fastened while machine is moving.,Review seatbelt compliance training with operator.,True
AL000032,2025-09-28 08:56:00,M0037,OP0021,T00046,UNUSUAL_BEHAVIOR,LOW,safety_events,Harsh braking event detected.,Review braking technique with operator.,True
AL000770,2025-09-28 09:00:00,M0025,OP0009,,HIGH_IDLE,MEDIUM,operator_behavior,Idle ratio is significantly above operator baseline.,Recommend IDLE_MANAGEMENT training module.,False
AL000866,2025-09-28 10:00:00,M0013,OP0008,,UNUSUAL_BEHAVIOR,MEDIUM,operator_behavior,Operator behavior pattern deviates from established baseline.,Review recent shift telemetry and consider targeted training.,True
AL001089,2025-09-28 11:00:42,M0041,OP0029,T00517,TASK_DELAY,MEDIUM,tasks,Task completion is trending beyond predicted duration.,Reassess task plan; check environmental and machine factors.,True
AL000130,2025-09-28 12:42:00,M0027,OP0034,T00202,PROXIMITY,LOW,safety_events,Unsafe reversing maneuver detected.,Reinforce spotter protocol for reversing operations.,True
AL000949,2025-09-28 14:04:42,M0037,OP0021,T00046,TASK_DELAY,MEDIUM,tasks,Task completion is trending beyond predicted duration.,Reassess task plan; check environmental and machine factors.,False
AL000996,2025-09-28 16:38:12,M0027,OP0034,T00202,TASK_DELAY,MEDIUM,tasks,Task completion is trending beyond predicted duration.,Reassess task plan; check environmental and machine factors.,True
AL000642,2025-09-29 10:21:00,M0011,OP0020,T00507,HIGH_IDLE,MEDIUM,operator_behavior,Idle ratio is significantly above operator baseline.,Recommend IDLE_MANAGEMENT training module.,True
AL000323,2025-09-29 11:22:00,M0011,OP0020,T00507,SEATBELT,MEDIUM,safety_events,Seatbelt not fastened while machine is moving.,Review seatbelt compliance training with operator.,True
