date,operator_id,machine_id,task_id,priority,scheduled_start,scheduled_end,task_type,location_zone,target_quantity,status
2025-01-01,OP0001,M0008,DT00022,HIGH,2025-01-01 12:00:00,2025-01-01 14:50:00,Demolition,ZONE-D,356.0,SCHEDULED
2025-01-01,OP0031,M0034,T00276,MEDIUM,2025-01-01 11:59:00,2025-01-02 03:28:42,Hauling,ZONE-B,1718.1,COMPLETED
2025-01-01,OP0023,M0014,T00518,MEDIUM,2025-01-01 06:03:00,2025-01-01 17:32:24,Road Preparation,ZONE-B,3805.5,DELAYED
2025-01-02,OP0035,M0021,T00461,LOW,2025-01-02 08:18:00,2025-01-02 09:54:24,Earth Excavation,ZONE-B,169.6,COMPLETED
2025-01-02,OP0003,M0001,T00422,MEDIUM,2025-01-02 10:26:00,2025-01-02 15:18:18,Earth Excavation,ZONE-A,998.6,COMPLETED
2025-01-02,OP0010,M0023,T00017,MEDIUM,2025-01-02 13:38:00,2025-01-02 14:59:18,Material Stockpiling,ZONE-D,401.0,COMPLETED
2025-01-02,OP0015,M0037,T00635,LOW,2025-01-02 14:18:00,2025-01-02 17:55:30,Road Preparation,ZONE-D,2245.3,COMPLETED
2025-01-02,OP0017,M0012,T00283,LOW,2025-01-02 15:54:00,2025-01-02 17:41:24,Hauling,ZONE-D,310.9,DELAYED
2025-01-02,OP0013,M0028,T00486,HIGH,2025-01-02 08:30:00,2025-01-02 09:39:30,Earth Excavation,ZONE-D,239.2,SCHEDULED
2025-01-02,OP0018,M0027,DT00112,LOW,2025-01-02 08:00:00,2025-01-02 10:56:00,Earth Excavation,ZONE-C,784.1,COMPLETED
2025-01-02,OP0030,M0008,T00522,HIGH,2025-01-02 09:16:00,2025-01-02 12:55:06,Earth Excavation,ZONE-C,785.5,COMPLETED
2025-01-02,OP0040,M0014,T00710,URGENT,2025-01-02 14:02:00,2025-01-02 16:40:12,Hauling,ZONE-B,471.3,COMPLETED
2025-01-03,OP0002,M0017,T00780,MEDIUM,2025-01-03 06:46:00,2025-01-03 12:18:54,Road Preparation,ZONE-A,5385.8,IN_PROGRESS
2025-01-03,OP0002,M0028,DT00142,LOW,2025-01-03 14:00:00,2025-01-03 18:26:00,Road Preparation,ZONE-D,656.6,COMPLETED
2025-01-03,OP0016,M0035,T00542,HIGH,2025-01-03 13:10:00,2025-01-03 16:33:42,Grading,ZONE-A,3402.9,CANCELLED
2025-01-04,OP0026,M0004,T00675,URGENT,2025-01-04 09:18:00,2025-01-04 10:19:54,Grading,ZONE-B,1209.4,CANCELLED
2025-01-04,OP0044,M0036,T00708,MEDIUM,2025-01-04 07:42:00,2025-01-04 15:21:30,Road Preparation,ZONE-A,5923.2,COMPLETED
2025-01-04,OP0010,M0028,T00052,LOW,2025-01-04 10:42:00,2025-01-04 11:31:06,Trenching,ZONE-B,87.4,COMPLETED
2025-01-05,OP0036,M0038,T00516,HIGH,2025-01-05 13:56:00,2025-01-05 16:13:42,Road Preparation,ZONE-B,1988.5,SCHEDULED
2025-01-05,OP0018,M0013,T00263,MEDIUM,2025-01-05 07:05:00,2025-01-05 11:45:24,Trenching,ZONE-C,502.1,IN_PROGRESS
2025-01-06,OP0002,M0001,DT00077,LOW,2025-01-06 13:00:00,2025-01-06 15:14:00,Trenching,ZONE-A,1584.6,IN_PROGRESS
2025-01-06,OP0014,M0031,T00267,MEDIUM,2025-01-06 09:48:00,2025-01-06 11:17:36,Material Loading,ZONE-B,445.8,COMPLETED
2025-01-07,OP0032,M0030,T00589,MEDIUM,2025-01-07 11:33:00,2025-01-07 15:41:12,Earth Excavation,ZONE-B,1025.9,COMPLETED
2025-01-07,OP0043,M0025,T00128,LOW,2025-01-07 09:52:00,2025-01-07 12:02:12,Road Preparation,ZONE-D,1351.7,SCHEDULED
2025-01-07,OP0052,M0021,T00495,MEDIUM,2025-01-07 11:18:00,2025-01-07 15:49:54,Earth Excavation,ZONE-D,438.3,COMPLETED
2025-01-07,OP0007,M0007,T00721,LOW,2025-01-07 08:29:00,2025-01-07 15:40:00,Road Preparation,ZONE-A,4605.9,IN_PROGRESS
2025-01-07,OP0001,M0003,T00258,LOW,2025-01-07 14:18:00,2025-01-07 16:11:30,Road Preparation,ZONE-A,1789.1,COMPLETED
2025-01-08,OP0036,M0019,DT00041,LOW,2025-01-08 09:00:00,2025-01-08 12:10:00,Material Loading,ZONE-C,1515.8,COMPLETED
2025-01-08,OP0002,M0022,T00599,MEDIUM,2025-01-08 14:56:00,2025-01-08 15:31:24,Hauling,ZONE-B,121.0,CANCELLED
2025-01-08,OP0037,M0035,T00047,LOW,2025-01-08 13:12:00,2025-01-08 13:36:12,Road Preparation,ZONE-B,343.1,COMPLETED
2025-01-08,OP0055,M0035,DT00181,URGENT,2025-01-08 08:00:00,2025-01-08 12:10:00,Grading,ZONE-D,1639.0,SCHEDULED
2025-01-09,OP0034,M0042,T00829,MEDIUM,2025-01-09 12:03:00,2025-01-09 19:01:30,Road Preparation,ZONE-C,5726.5,COMPLETED
2025-01-09,OP0037,M0040,T00593,MEDIUM,2025-01-09 09:10:00,2025-01-09 11:25:12,Material Loading,ZONE-B,581.8,COMPLETED
2025-01-09,OP0050,M0002,T00170,LOW,2025-01-09 08:54:00,2025-01-09 12:22:18,Material Stockpiling,ZONE-B,1112.9,COMPLETED
2025-01-09,OP0039,M0024,T00432,MEDIUM,2025-01-09 07:33:00,2025-01-09 16:47:54,Material Loading,ZONE-A,2284.6,COMPLETED
2025-01-10,OP0007,M0013,T00467,MEDIUM,2025-01-10 13:45:00,2025-01-10 17:44:00,Trenching,ZONE-B,296.0,COMPLETED
2025-01-10,OP0011,M0034,T00100,LOW,2025-01-10 13:17:00,2025-01-10 19:40:12,Trenching,ZONE-D,504.2,COMPLETED
2025-01-11,OP0030,M0024,T00058,HIGH,2025-01-11 10:53:00,2025-01-11 12:00:54,Material Stockpiling,ZONE-D,327.5,DELAYED
2025-01-11,OP0029,M0003,T00188,MEDIUM,2025-01-11 13:30:00,2025-01-11 22:58:12,Material Loading,ZONE-C,985.2,COMPLETED
2025-01-11,OP0017,M0010,T00541,LOW,2025-01-11 09:57:00,2025-01-11 16:50:36,Earth Excavation,ZONE-B,702.8,CANCELLED
2025-01-11,OP0009,M0001,DT00024,HIGH,2025-01-11 06:00:00,2025-01-11 11:55:00,Material Loading,ZONE-B,628.1,SCHEDULED
2025-01-11,OP0001,M0007,T00621,LOW,2025-01-11 07:35:00,2025-01-11 09:42:06,Road Preparation,ZONE-B,2056.9,COMPLETED
2025-01-12,OP0003,M0017,DT00152,MEDIUM,2025-01-12 14:00:00,2025-01-12 19:01:00,Material Loading,ZONE-D,891.5,COMPLETED
2025-01-12,OP0033,M0010,T00490,LOW,2025-01-12 15:04:00,2025-01-13 02:08:18,Hauling,ZONE-D,2291.3,COMPLETED
2025-01-12,OP0049,M0028,T00693,MEDIUM,2025-01-12 10:05:00,2025-01-12 16:11:00,Trenching,ZONE-C,594.8,DELAYED
2025-01-12,OP0028,M0027,DT00079,MEDIUM,2025-01-12 07:00:00,2025-01-12 11:15:00,Soil Compaction,ZONE-B,1720.9,COMPLETED
2025-01-12,OP0023,M0037,DT00145,URGENT,2025-01-12 09:00:00,2025-01-12 13:49:00,Hauling,ZONE-D,380.6,COMPLETED
2025-01-12,OP0024,M0038,T00809,MEDIUM,2025-01-12 11:55:00,2025-01-12 17:41:54,Material Stockpiling,ZONE-C,1959.2,CANCELLED
2025-01-12,OP0005,M0025,T00436,MEDIUM,2025-01-12 12:48:00,2025-01-12 14:12:06,Material Loading,ZONE-C,285.8,SCHEDULED
2025-01-13,OP0039,M0031,T00781,HIGH,2025-01-13 13:37:00,2025-01-13 18:32:30,Material Stockpiling,ZONE-A,1389.9,DELAYED
2025-01-13,OP0050,M0035,T00451,HIGH,2025-01-13 11:35:00,2025-01-13 16:49:36,Road Preparation,ZONE-B,4940.7,IN_PROGRESS
2025-01-13,OP0035,M0021,T00224,URGENT,2025-01-13 14:37:00,2025-01-13 15:45:54,Road Preparation,ZONE-A,1146.2,IN_PROGRESS
2025-01-14,OP0050,M0031,T00824,LOW,2025-01-14 07:14:00,2025-01-14 09:49:30,Material Loading,ZONE-C,763.9,DELAYED
2025-01-14,OP0012,M0009,T00204,URGENT,2025-01-14 10:39:00,2025-01-14 14:29:54,Material Loading,ZONE-B,985.4,IN_PROGRESS
2025-01-14,OP0029,M0006,T00056,MEDIUM,2025-01-14 08:12:00,2025-01-14 13:51:48,Trenching,ZONE-A,436.2,COMPLETED
2025-01-14,OP0001,M0003,T00430,MEDIUM,2025-01-14 15:26:00,2025-01-14 21:04:36,Road Preparation,ZONE-D,5532.1,COMPLETED
2025-01-14,OP0012,M0017,T00428,MEDIUM,2025-01-14 15:04:00,2025-01-14 19:11:36,Road Preparation,ZONE-A,3451.6,COMPLETED
2025-01-14,OP0013,M0036,DT00135,HIGH,2025-01-14 14:00:00,2025-01-14 15:26:00,Hauling,ZONE-A,1760.8,COMPLETED
2025-01-15,OP0027,M0033,T00248,HIGH,2025-01-15 15:44:00,2025-01-16 02:00:12,Hauling,ZONE-A,750.6,SCHEDULED
2025-01-15,OP0008,M0018,T00600,URGENT,2025-01-15 07:10:00,2025-01-15 15:31:30,Demolition,ZONE-D,977.5,COMPLETED
2025-01-15,OP0007,M0021,T00743,HIGH,2025-01-15 07:11:00,2025-01-15 14:44:06,Road Preparation,ZONE-B,4796.6,SCHEDULED
2025-01-15,OP0024,M0042,T00749,LOW,2025-01-15 10:34:00,2025-01-15 13:05:12,Material Stockpiling,ZONE-B,861.6,COMPLETED
2025-01-16,OP0041,M0013,DT00057,HIGH,2025-01-16 12:00:00,2025-01-16 14:21:00,Earth Excavation,ZONE-B,1139.4,IN_PROGRESS
2025-01-17,OP0046,M0003,T00683,MEDIUM,2025-01-17 11:54:00,2025-01-17 15:49:18,Soil Compaction,ZONE-C,2677.0,COMPLETED
2025-01-17,OP0021,M0007,T00448,LOW,2025-01-17 14:02:00,2025-01-17 20:57:18,Road Preparation,ZONE-A,5937.0,COMPLETED
2025-01-17,OP0030,M0006,T00454,URGENT,2025-01-17 06:04:00,2025-01-17 06:50:42,Trenching,ZONE-C,81.0,CANCELLED
2025-01-18,OP0025,M0031,T00841,MEDIUM,2025-01-18 10:03:00,2025-01-18 17:12:12,Road Preparation,ZONE-C,3209.1,IN_PROGRESS
2025-01-18,OP0043,M0026,T00826,LOW,2025-01-18 11:18:00,2025-01-18 11:48:42,Road Preparation,ZONE-D,498.0,COMPLETED
2025-01-18,OP0012,M0029,T00605,HIGH,2025-01-18 13:07:00,2025-01-18 19:43:18,Material Stockpiling,ZONE-C,1880.8,DELAYED
2025-01-18,OP0039,M0016,T00168,LOW,2025-01-18 13:44:00,2025-01-18 18:27:12,Road Preparation,ZONE-C,4051.6,COMPLETED
2025-01-19,OP0051,M0018,T00798,LOW,2025-01-19 07:23:00,2025-01-19 09:35:18,Earth Excavation,ZONE-A,549.2,COMPLETED
2025-01-19,OP0035,M0025,T00420,LOW,2025-01-19 11:22:00,2025-01-19 15:25:30,Material Stockpiling,ZONE-D,1392.3,COMPLETED
2025-01-19,OP0021,M0035,T00181,MEDIUM,2025-01-19 06:31:00,2025-01-19 10:18:18,Grading,ZONE-D,4772.9,COMPLETED
2025-01-19,OP0048,M0042,T00496,URGENT,2025-01-19 11:10:00,2025-01-19 17:23:42,Material Stockpiling,ZONE-D,1829.1,IN_PROGRESS
2025-01-19,OP0052,M0007,T00173,HIGH,2025-01-19 14:57:00,2025-01-19 16:45:48,Soil Compaction,ZONE-C,2390.6,CANCELLED
2025-01-19,OP0027,M0019,T00666,URGENT,2025-01-19 11:28:00,2025-01-19 19:00:06,Trenching,ZONE-B,578.7,SCHEDULED
2025-01-20,OP0034,M0004,T00139,URGENT,2025-01-20 14:12:00,2025-01-20 18:29:30,Road Preparation,ZONE-A,3612.3,DELAYED
2025-01-20,OP0028,M0007,T00314,LOW,2025-01-20 09:53:00,2025-01-20 14:15:42,Road Preparation,ZONE-D,3561.2,DELAYED
2025-01-20,OP0007,M0030,T00390,MEDIUM,2025-01-20 15:42:00,2025-01-20 19:16:54,Trenching,ZONE-B,269.0,COMPLETED
2025-01-20,OP0047,M0009,T00795,MEDIUM,2025-01-20 15:18:00,2025-01-20 17:35:18,Trenching,ZONE-D,266.5,COMPLETED
2025-01-20,OP0050,M0025,T00603,MEDIUM,2025-01-20 08:17:00,2025-01-20 13:39:06,Material Stockpiling,ZONE-C,1841.6,COMPLETED
2025-01-20,OP0038,M0017,T00074,HIGH,2025-01-20 11:01:00,2025-01-20 16:44:36,Road Preparation,ZONE-A,4709.0,COMPLETED
2025-01-21,OP0004,M0022,T00836,MEDIUM,2025-01-21 12:31:00,2025-01-21 16:04:36,Grading,ZONE-B,2602.5,COMPLETED
2025-01-21,OP0022,M0021,T00252,HIGH,2025-01-21 14:02:00,2025-01-21 18:11:54,Grading,ZONE-A,5426.6,COMPLETED
2025-01-21,OP0021,M0029,T00095,HIGH,2025-01-21 14:04:00,2025-01-21 17:06:42,Material Stockpiling,ZONE-C,854.5,COMPLETED
2025-01-21,OP0042,M0032,T00325,HIGH,2025-01-21 06:44:00,2025-01-21 07:40:00,Material Stockpiling,ZONE-C,249.2,SCHEDULED
2025-01-22,OP0015,M0017,T00091,MEDIUM,2025-01-22 07:46:00,2025-01-22 10:24:06,Road Preparation,ZONE-D,1682.1,COMPLETED
2025-01-22,OP0048,M0013,T00232,HIGH,2025-01-22 11:08:00,2025-01-23 01:59:42,Material Stockpiling,ZONE-D,2312.3,COMPLETED
2025-01-22,OP0022,M0039,T00514,LOW,2025-01-22 08:31:00,2025-01-22 17:17:36,Material Loading,ZONE-A,2204.8,IN_PROGRESS
2025-01-23,OP0025,M0021,T00292,MEDIUM,2025-01-23 09:03:00,2025-01-23 15:48:18,Road Preparation,ZONE-B,5750.1,DELAYED
2025-01-23,OP0035,M0042,DT00107,MEDIUM,2025-01-23 10:00:00,2025-01-23 13:46:00,Grading,ZONE-A,879.4,COMPLETED
2025-01-23,OP0052,M0009,T00395,MEDIUM,2025-01-23 08:42:00,2025-01-23 11:32:48,Earth Excavation,ZONE-A,462.1,COMPLETED
2025-01-24,OP0053,M0005,T00298,MEDIUM,2025-01-24 08:07:00,2025-01-24 10:53:48,Hauling,ZONE-A,487.7,CANCELLED
2025-01-25,OP0051,M0042,T00678,MEDIUM,2025-01-25 14:23:00,2025-01-25 19:19:48,Road Preparation,ZONE-D,4892.6,CANCELLED
2025-01-25,OP0050,M0035,DT00002,MEDIUM,2025-01-25 11:00:00,2025-01-25 14:14:00,Earth Excavation,ZONE-C,875.1,COMPLETED
2025-01-25,OP0040,M0042,T00663,LOW,2025-01-25 06:25:00,2025-01-25 13:28:36,Material Loading,ZONE-B,929.7,COMPLETED
2025-01-25,OP0034,M0003,T00682,LOW,2025-01-25 06:40:00,2025-01-25 14:47:06,Trenching,ZONE-D,483.8,COMPLETED
2025-01-25,OP0039,M0029,T00704,HIGH,2025-01-25 11:42:00,2025-01-25 15:01:24,Material Stockpiling,ZONE-A,969.0,COMPLETED
2025-01-25,OP0054,M0018,T00198,HIGH,2025-01-25 07:34:00,2025-01-25 12:42:54,Soil Compaction,ZONE-D,3736.0,COMPLETED
2025-01-26,OP0022,M0023,T00110,HIGH,2025-01-26 12:31:00,2025-01-26 17:55:24,Material Loading,ZONE-A,1366.9,CANCELLED
2025-01-27,OP0044,M0027,T00804,MEDIUM,2025-01-27 11:36:00,2025-01-27 14:58:54,Earth Excavation,ZONE-C,641.3,COMPLETED
2025-01-27,OP0023,M0016,T00155,LOW,2025-01-27 12:21:00,2025-01-27 13:04:54,Soil Compaction,ZONE-D,959.7,SCHEDULED
2025-01-28,OP0027,M0022,T00597,MEDIUM,2025-01-28 07:35:00,2025-01-28 17:25:48,Grading,ZONE-D,5479.6,SCHEDULED
2025-01-28,OP0013,M0014,T00085,MEDIUM,2025-01-28 13:02:00,2025-01-28 21:10:42,Hauling,ZONE-B,1429.9,COMPLETED
2025-01-28,OP0025,M0014,T00462,MEDIUM,2025-01-28 10:04:00,2025-01-28 18:12:48,Hauling,ZONE-D,1403.5,SCHEDULED
2025-01-29,OP0035,M0009,T00648,MEDIUM,2025-01-29 09:41:00,2025-01-29 11:23:12,Trenching,ZONE-C,202.5,COMPLETED
2025-01-29,OP0036,M0002,T00702,LOW,2025-01-29 09:49:00,2025-01-29 18:57:36,Road Preparation,ZONE-B,4808.1,COMPLETED
2025-01-29,OP0042,M0039,T00040,LOW,2025-01-29 12:11:00,2025-01-29 20:26:00,Material Loading,ZONE-B,2039.6,CANCELLED
2025-01-30,OP0025,M0008,T00217,LOW,2025-01-30 15:54:00,2025-01-30 16:48:54,Earth Excavation,ZONE-C,194.2,COMPLETED
2025-01-30,OP0022,M0038,T00023,MEDIUM,2025-01-30 15:47:00,2025-01-30 22:38:30,Demolition,ZONE-B,1057.5,IN_PROGRESS
2025-01-30,OP0046,M0040,T00637,LOW,2025-01-30 14:57:00,2025-01-30 16:42:06,Material Loading,ZONE-A,339.6,DELAYED
2025-01-30,OP0055,M0026,T00770,MEDIUM,2025-01-30 08:29:00,2025-01-30 09:56:42,Road Preparation,ZONE-D,1208.9,SCHEDULED
2025-01-30,OP0032,M0035,DT00099,HIGH,2025-01-30 10:00:00,2025-01-30 14:06:00,Grading,ZONE-A,763.7,SCHEDULED
2025-01-30,OP0016,M0008,T00014,HIGH,2025-01-30 15:11:00,2025-01-30 16:33:06,Trenching,ZONE-B,108.6,IN_PROGRESS
2025-01-31,OP0045,M0023,T00732,MEDIUM,2025-01-31 07:58:00,2025-01-31 13:02:30,Grading,ZONE-A,3177.3,CANCELLED
2025-01-31,OP0010,M0027,DT00147,URGENT,2025-01-31 14:00:00,2025-01-31 19:16:00,Trenching,ZONE-B,1511.7,DELAYED
2025-01-31,OP0016,M0017,T00321,URGENT,2025-01-31 07:12:00,2025-01-31 13:12:18,Grading,ZONE-D,5920.5,COMPLETED
2025-01-31,OP0020,M0013,T00720,LOW,2025-01-31 10:37:00,2025-01-31 12:47:36,Road Preparation,ZONE-C,852.7,DELAYED
2025-01-31,OP0052,M0022,T00384,MEDIUM,2025-01-31 11:37:00,2025-01-31 17:49:48,Hauling,ZONE-B,870.8,DELAYED
2025-02-01,OP0050,M0038,T00470,LOW,2025-02-01 10:14:00,2025-02-01 15:10:54,Material Loading,ZONE-C,701.0,COMPLETED
2025-02-01,OP0003,M0009,T00433,URGENT,2025-02-01 15:39:00,2025-02-01 18:25:36,Demolition,ZONE-B,426.9,SCHEDULED
2025-02-02,OP0003,M0014,T00305,MEDIUM,2025-02-02 10:01:00,2025-02-02 22:23:48,Material Loading,ZONE-B,2041.3,COMPLETED
2025-02-02,OP0028,M0013,T00550,MEDIUM,2025-02-02 12:42:00,2025-02-02 17:10:18,Trenching,ZONE-C,463.4,COMPLETED
2025-02-03,OP0042,M0036,T00064,MEDIUM,2025-02-03 13:27:00,2025-02-03 20:38:54,Material Stockpiling,ZONE-A,1897.6,DELAYED
2025-02-03,OP0020,M0030,T00236,LOW,2025-02-03 15:24:00,2025-02-03 22:53:36,Demolition,ZONE-A,865.1,COMPLETED
2025-02-03,OP0005,M0022,T00564,LOW,2025-02-03 08:23:00,2025-02-03 16:31:42,Hauling,ZONE-D,1112.7,COMPLETED
2025-02-03,OP0009,M0013,T00848,MEDIUM,2025-02-03 08:33:00,2025-02-03 17:53:06,Material Loading,ZONE-D,985.4,SCHEDULED
2025-02-04,OP0017,M0004,T00312,URGENT,2025-02-04 14:15:00,2025-02-04 16:36:18,Grading,ZONE-B,3073.9,COMPLETED
2025-02-04,OP0048,M0012,T00137,HIGH,2025-02-04 14:08:00,2025-02-04 16:27:18,Hauling,ZONE-C,410.9,COMPLETED
2025-02-04,OP0034,M0032,T00680,MEDIUM,2025-02-04 08:57:00,2025-02-04 15:42:36,Material Stockpiling,ZONE-C,1940.0,SCHEDULED
2025-02-04,OP0003,M0032,T00778,URGENT,2025-02-04 12:52:00,2025-02-04 14:12:36,Earth Excavation,ZONE-B,138.9,CANCELLED
2025-02-04,OP0027,M0005,T00353,HIGH,2025-02-04 14:50:00,2025-02-04 17:18:12,Hauling,ZONE-C,322.2,COMPLETED
2025-02-04,OP0036,M0036,DT00076,HIGH,2025-02-04 08:00:00,2025-02-04 13:02:00,Material Stockpiling,ZONE-A,1958.9,SCHEDULED
2025-02-04,OP0005,M0019,T00423,URGENT,2025-02-04 06:13:00,2025-02-04 18:22:18,Material Loading,ZONE-A,1153.1,COMPLETED
2025-02-04,OP0030,M0021,T00716,LOW,2025-02-04 09:40:00,2025-02-04 10:57:36,Grading,ZONE-D,1623.2,DELAYED
2025-02-05,OP0030,M0039,T00291,URGENT,2025-02-05 14:42:00,2025-02-05 19:11:06,Demolition,ZONE-C,664.6,DELAYED
2025-02-05,OP0042,M0033,T00419,LOW,2025-02-05 12:09:00,2025-02-05 18:35:48,Road Preparation,ZONE-D,5053.7,SCHEDULED
2025-02-06,OP0005,M0001,DT00158,MEDIUM,2025-02-06 13:00:00,2025-02-06 18:53:00,Demolition,ZONE-A,1381.0,COMPLETED
2025-02-06,OP0050,M0008,T00699,MEDIUM,2025-02-06 15:12:00,2025-02-06 21:54:24,Material Loading,ZONE-C,1940.4,COMPLETED
2025-02-06,OP0015,M0003,DT00078,MEDIUM,2025-02-06 13:00:00,2025-02-06 16:13:00,Grading,ZONE-B,1774.2,COMPLETED
2025-02-06,OP0004,M0038,T00602,LOW,2025-02-06 11:44:00,2025-02-06 18:35:30,Demolition,ZONE-D,1192.6,COMPLETED
2025-02-06,OP0014,M0026,T00753,URGENT,2025-02-06 11:54:00,2025-02-07 01:13:48,Hauling,ZONE-B,1276.4,CANCELLED
2025-02-06,OP0029,M0037,T00822,HIGH,2025-02-06 09:55:00,2025-02-06 13:36:00,Road Preparation,ZONE-C,2298.5,SCHEDULED
2025-02-07,OP0023,M0016,T00333,MEDIUM,2025-02-07 15:18:00,2025-02-07 23:13:36,Road Preparation,ZONE-C,5292.8,COMPLETED
2025-02-07,OP0043,M0004,T00090,MEDIUM,2025-02-07 10:22:00,2025-02-07 15:47:24,Road Preparation,ZONE-D,5430.7,DELAYED
2025-02-07,OP0020,M0004,DT00072,MEDIUM,2025-02-07 14:00:00,2025-02-07 16:09:00,Demolition,ZONE-B,1145.2,DELAYED
2025-02-08,OP0045,M0018,T00376,HIGH,2025-02-08 12:20:00,2025-02-08 14:47:48,Hauling,ZONE-A,199.9,IN_PROGRESS
2025-02-08,OP0027,M0012,T00118,MEDIUM,2025-02-08 06:21:00,2025-02-08 13:14:24,Soil Compaction,ZONE-A,5165.0,COMPLETED
2025-02-09,OP0024,M0024,T00381,LOW,2025-02-09 12:52:00,2025-02-09 14:05:48,Material Loading,ZONE-C,355.2,COMPLETED
2025-02-09,OP0029,M0018,T00527,MEDIUM,2025-02-09 10:27:00,2025-02-09 18:46:24,Material Loading,ZONE-B,1581.2,IN_PROGRESS
2025-02-09,OP0039,M0026,T00022,MEDIUM,2025-02-09 07:04:00,2025-02-09 08:29:42,Earth Excavation,ZONE-D,134.6,CANCELLED
2025-02-10,OP0008,M0018,T00071,MEDIUM,2025-02-10 14:17:00,2025-02-10 20:00:00,Trenching,ZONE-B,450.4,COMPLETED
2025-02-10,OP0013,M0018,T00115,MEDIUM,2025-02-10 07:33:00,2025-02-10 10:30:24,Earth Excavation,ZONE-C,609.2,COMPLETED
2025-02-10,OP0009,M0006,DT00101,LOW,2025-02-10 12:00:00,2025-02-10 14:34:00,Hauling,ZONE-B,1958.2,IN_PROGRESS
2025-02-10,OP0026,M0017,T00646,LOW,2025-02-10 11:01:00,2025-02-10 13:59:12,Grading,ZONE-B,3587.4,SCHEDULED
2025-02-11,OP0048,M0020,T00457,HIGH,2025-02-11 15:25:00,2025-02-11 16:20:00,Trenching,ZONE-A,96.8,COMPLETED
2025-02-12,OP0030,M0030,T00062,LOW,2025-02-12 08:27:00,2025-02-12 12:28:54,Earth Excavation,ZONE-D,855.3,DELAYED
2025-02-12,OP0021,M0020,T00443,LOW,2025-02-12 11:43:00,2025-02-12 16:12:48,Road Preparation,ZONE-A,1982.7,COMPLETED
2025-02-12,OP0032,M0019,T00561,MEDIUM,2025-02-12 10:52:00,2025-02-12 13:18:00,Trenching,ZONE-B,286.5,CANCELLED
2025-02-12,OP0032,M0016,T00126,MEDIUM,2025-02-12 11:47:00,2025-02-12 13:58:00,Soil Compaction,ZONE-D,4119.7,DELAYED
2025-02-12,OP0038,M0020,DT00048,URGENT,2025-02-12 12:00:00,2025-02-12 16:58:00,Material Stockpiling,ZONE-D,786.8,SCHEDULED
2025-02-12,OP0041,M0018,DT00150,HIGH,2025-02-12 13:00:00,2025-02-12 15:03:00,Trenching,ZONE-B,673.5,SCHEDULED
2025-02-13,OP0002,M0040,T00627,MEDIUM,2025-02-13 08:28:00,2025-02-13 14:11:30,Material Stockpiling,ZONE-D,1875.9,CANCELLED
2025-02-13,OP0038,M0040,T00588,MEDIUM,2025-02-13 06:29:00,2025-02-13 08:14:54,Soil Compaction,ZONE-B,1389.3,IN_PROGRESS
2025-02-14,OP0013,M0018,DT00045,URGENT,2025-02-14 07:00:00,2025-02-14 08:47:00,Road Preparation,ZONE-A,1114.3,COMPLETED
2025-02-14,OP0009,M0007,T00698,MEDIUM,2025-02-14 13:04:00,2025-02-14 20:17:12,Grading,ZONE-A,4315.1,COMPLETED
2025-02-14,OP0031,M0039,T00310,LOW,2025-02-14 10:18:00,2025-02-14 11:53:12,Material Loading,ZONE-D,408.1,COMPLETED
2025-02-14,OP0007,M0030,T00038,HIGH,2025-02-14 13:49:00,2025-02-15 00:55:30,Material Loading,ZONE-B,2122.3,DELAYED
2025-02-14,OP0015,M0031,T00088,HIGH,2025-02-14 12:02:00,2025-02-14 22:00:48,Earth Excavation,ZONE-A,962.2,COMPLETED
2025-02-16,OP0051,M0035,T00367,LOW,2025-02-16 11:27:00,2025-02-16 14:11:06,Road Preparation,ZONE-C,2681.9,COMPLETED
2025-02-16,OP0008,M0012,T00689,MEDIUM,2025-02-16 15:43:00,2025-02-17 04:57:18,Hauling,ZONE-C,1802.7,SCHEDULED
2025-02-16,OP0004,M0006,T00018,LOW,2025-02-16 11:44:00,2025-02-16 15:23:42,Grading,ZONE-C,2934.6,CANCELLED
2025-02-16,OP0041,M0036,T00594,HIGH,2025-02-16 15:51:00,2025-02-17 01:05:36,Hauling,ZONE-A,591.5,IN_PROGRESS
2025-02-17,OP0029,M0017,T00161,LOW,2025-02-17 15:10:00,2025-02-18 14:15:18,Material Loading,ZONE-C,2307.7,COMPLETED
2025-02-17,OP0036,M0015,T00067,LOW,2025-02-17 13:58:00,2025-02-17 17:57:42,Trenching,ZONE-B,415.7,SCHEDULED
2025-02-18,OP0039,M0017,T00459,MEDIUM,2025-02-18 08:23:00,2025-02-18 09:25:42,Trenching,ZONE-B,46.2,DELAYED
2025-02-18,OP0001,M0014,DT00095,LOW,2025-02-18 11:00:00,2025-02-18 12:29:00,Material Stockpiling,ZONE-C,514.0,IN_PROGRESS
2025-02-18,OP0054,M0012,T00286,LOW,2025-02-18 10:47:00,2025-02-18 23:38:36,Hauling,ZONE-C,2228.1,COMPLETED
2025-02-18,OP0006,M0014,T00183,MEDIUM,2025-02-18 13:51:00,2025-02-19 00:05:06,Hauling,ZONE-A,2083.1,DELAYED
2025-02-18,OP0042,M0011,T00839,MEDIUM,2025-02-18 12:55:00,2025-02-18 16:32:00,Demolition,ZONE-A,292.9,SCHEDULED
2025-02-19,OP0026,M0042,T00212,HIGH,2025-02-19 06:00:00,2025-02-19 10:02:18,Material Stockpiling,ZONE-A,1126.9,COMPLETED
2025-02-19,OP0048,M0036,T00153,MEDIUM,2025-02-19 12:13:00,2025-02-19 18:19:18,Road Preparation,ZONE-C,5302.9,IN_PROGRESS
2025-02-19,OP0002,M0016,T00763,HIGH,2025-02-19 08:09:00,2025-02-19 09:27:54,Road Preparation,ZONE-B,1318.6,COMPLETED
2025-02-19,OP0044,M0021,T00636,LOW,2025-02-19 06:18:00,2025-02-19 16:30:06,Material Stockpiling,ZONE-A,1533.3,IN_PROGRESS
2025-02-19,OP0007,M0021,T00043,MEDIUM,2025-02-19 07:43:00,2025-02-19 14:04:00,Road Preparation,ZONE-D,3858.5,COMPLETED
2025-02-19,OP0034,M0028,T00275,HIGH,2025-02-19 10:15:00,2025-02-19 13:04:30,Demolition,ZONE-C,442.3,DELAYED
2025-02-19,OP0041,M0015,T00035,MEDIUM,2025-02-19 14:52:00,2025-02-20 00:32:06,Demolition,ZONE-D,1098.7,CANCELLED
2025-02-19,OP0019,M0007,T00571,HIGH,2025-02-19 08:29:00,2025-02-19 10:52:30,Earth Excavation,ZONE-D,235.5,DELAYED
2025-02-19,OP0047,M0026,DT00042,URGENT,2025-02-19 15:00:00,2025-02-19 17:49:00,Material Stockpiling,ZONE-A,1172.6,COMPLETED
2025-02-20,OP0002,M0027,DT00038,HIGH,2025-02-20 13:00:00,2025-02-20 18:54:00,Material Loading,ZONE-A,1301.8,SCHEDULED
2025-02-20,OP0026,M0001,T00003,HIGH,2025-02-20 12:24:00,2025-02-20 20:07:06,Material Loading,ZONE-A,1942.7,COMPLETED
2025-02-20,OP0034,M0026,T00145,LOW,2025-02-20 08:25:00,2025-02-20 09:27:12,Grading,ZONE-B,1352.4,DELAYED
2025-02-21,OP0005,M0019,DT00200,HIGH,2025-02-21 13:00:00,2025-02-21 16:46:00,Hauling,ZONE-B,518.0,COMPLETED
2025-02-21,OP0045,M0015,T00106,MEDIUM,2025-02-21 07:20:00,2025-02-21 08:01:24,Trenching,ZONE-A,54.1,DELAYED
2025-02-22,OP0025,M0037,T00823,LOW,2025-02-22 07:41:00,2025-02-22 09:58:12,Soil Compaction,ZONE-B,3745.3,COMPLETED
2025-02-22,OP0008,M0019,T00452,MEDIUM,2025-02-22 09:15:00,2025-02-22 15:24:36,Trenching,ZONE-C,500.6,DELAYED
2025-02-22,OP0054,M0021,DT00180,LOW,2025-02-22 06:00:00,2025-02-22 11:12:00,Material Loading,ZONE-A,448.7,CANCELLED
2025-02-22,OP0020,M0022,T00150,LOW,2025-02-22 06:01:00,2025-02-22 13:23:30,Hauling,ZONE-C,954.7,DELAYED
2025-02-22,OP0019,M0033,T00714,LOW,2025-02-22 13:47:00,2025-02-22 15:50:18,Road Preparation,ZONE-D,1291.4,CANCELLED
2025-02-23,OP0019,M0006,DT00030,MEDIUM,2025-02-23 08:00:00,2025-02-23 09:32:00,Material Stockpiling,ZONE-A,801.3,IN_PROGRESS
2025-02-23,OP0054,M0021,T00757,MEDIUM,2025-02-23 09:21:00,2025-02-23 20:58:06,Trenching,ZONE-D,530.2,COMPLETED
2025-02-23,OP0007,M0018,T00308,LOW,2025-02-23 07:52:00,2025-02-23 15:29:36,Demolition,ZONE-B,848.4,IN_PROGRESS
2025-02-24,OP0037,M0042,T00393,HIGH,2025-02-24 06:51:00,2025-02-24 13:52:54,Demolition,ZONE-B,1089.9,COMPLETED
2025-02-24,OP0055,M0001,T00803,HIGH,2025-02-24 08:23:00,2025-02-24 09:37:30,Demolition,ZONE-C,181.9,DELAYED
2025-02-24,OP0020,M0017,T00807,MEDIUM,2025-02-24 08:04:00,2025-02-24 13:22:42,Road Preparation,ZONE-A,3280.9,COMPLETED
2025-02-24,OP0004,M0033,T00274,URGENT,2025-02-24 08:48:00,2025-02-24 10:04:06,Road Preparation,ZONE-D,1259.4,COMPLETED
2025-02-24,OP0032,M0032,T00109,MEDIUM,2025-02-24 09:33:00,2025-02-24 10:38:48,Demolition,ZONE-A,186.6,CANCELLED
2025-02-24,OP0034,M0015,T00209,MEDIUM,2025-02-24 13:19:00,2025-02-24 15:21:00,Demolition,ZONE-B,316.2,COMPLETED
2025-02-24,OP0008,M0017,T00250,LOW,2025-02-24 09:38:00,2025-02-24 16:44:42,Road Preparation,ZONE-D,4553.2,SCHEDULED
2025-02-25,OP0052,M0039,DT00089,URGENT,2025-02-25 08:00:00,2025-02-25 11:08:00,Hauling,ZONE-D,504.6,COMPLETED
2025-02-26,OP0019,M0025,T00696,MEDIUM,2025-02-26 11:12:00,2025-02-26 17:37:42,Material Loading,ZONE-A,1172.6,COMPLETED
2025-02-27,OP0026,M0025,T00317,MEDIUM,2025-02-27 13:55:00,2025-02-27 16:39:54,Material Stockpiling,ZONE-D,750.5,DELAYED
2025-02-27,OP0044,M0027,T00479,MEDIUM,2025-02-27 06:55:00,2025-02-27 10:54:12,Trenching,ZONE-A,392.7,DELAYED
2025-02-28,OP0007,M0038,T00112,MEDIUM,2025-02-28 12:55:00,2025-02-28 17:05:42,Soil Compaction,ZONE-D,2521.9,COMPLETED
2025-03-01,OP0008,M0039,T00350,LOW,2025-03-01 06:49:00,2025-03-01 07:23:06,Trenching,ZONE-A,47.0,IN_PROGRESS
2025-03-01,OP0012,M0029,T00013,MEDIUM,2025-03-01 14:31:00,2025-03-01 14:53:00,Material Stockpiling,ZONE-C,103.5,COMPLETED
2025-03-01,OP0016,M0016,DT00013,MEDIUM,2025-03-01 06:00:00,2025-03-01 08:45:00,Earth Excavation,ZONE-D,1499.5,CANCELLED
2025-03-01,OP0036,M0012,T00260,MEDIUM,2025-03-01 11:17:00,2025-03-01 15:03:24,Hauling,ZONE-D,652.3,COMPLETED
2025-03-01,OP0047,M0013,T00820,LOW,2025-03-01 15:47:00,2025-03-01 19:34:24,Trenching,ZONE-D,440.9,IN_PROGRESS
2025-03-02,OP0009,M0031,T00107,MEDIUM,2025-03-02 10:28:00,2025-03-02 11:44:30,Material Loading,ZONE-D,236.9,CANCELLED
2025-03-02,OP0054,M0031,T00731,MEDIUM,2025-03-02 14:53:00,2025-03-02 22:14:42,Material Loading,ZONE-A,1915.0,COMPLETED
2025-03-02,OP0049,M0041,DT00008,HIGH,2025-03-02 07:00:00,2025-03-02 09:59:00,Soil Compaction,ZONE-C,703.9,IN_PROGRESS
2025-03-02,OP0015,M0026,T00380,MEDIUM,2025-03-02 13:21:00,2025-03-02 18:28:30,Grading,ZONE-B,4820.6,DELAYED
2025-03-02,OP0007,M0036,T00473,MEDIUM,2025-03-02 09:12:00,2025-03-02 23:02:42,Material Loading,ZONE-A,1261.9,SCHEDULED
2025-03-03,OP0047,M0013,DT00130,LOW,2025-03-03 08:00:00,2025-03-03 10:44:00,Demolition,ZONE-C,239.7,CANCELLED
2025-03-03,OP0007,M0017,DT00119,MEDIUM,2025-03-03 10:00:00,2025-03-03 12:43:00,Road Preparation,ZONE-B,1906.2,COMPLETED
2025-03-03,OP0029,M0005,T00540,MEDIUM,2025-03-03 06:36:00,2025-03-03 15:20:54,Material Loading,ZONE-C,1043.2,COMPLETED
2025-03-03,OP0042,M0002,T00761,MEDIUM,2025-03-03 09:19:00,2025-03-03 18:01:54,Material Loading,ZONE-C,2099.5,COMPLETED
2025-03-03,OP0009,M0036,T00655,LOW,2025-03-03 09:27:00,2025-03-03 15:38:00,Demolition,ZONE-D,671.4,CANCELLED
2025-03-04,OP0046,M0008,T00831,LOW,2025-03-04 15:39:00,2025-03-04 16:15:18,Soil Compaction,ZONE-B,482.0,COMPLETED
2025-03-04,OP0048,M0026,T00282,HIGH,2025-03-04 06:06:00,2025-03-04 06:38:18,Grading,ZONE-B,668.7,COMPLETED
2025-03-04,OP0008,M0042,T00324,HIGH,2025-03-04 08:49:00,2025-03-04 16:30:42,Road Preparation,ZONE-B,5056.2,DELAYED
2025-03-05,OP0055,M0038,DT00014,LOW,2025-03-05 06:00:00,2025-03-05 08:43:00,Material Loading,ZONE-C,431.8,DELAYED
2025-03-05,OP0045,M0013,DT00196,MEDIUM,2025-03-05 09:00:00,2025-03-05 14:02:00,Soil Compaction,ZONE-C,1800.6,IN_PROGRESS
2025-03-05,OP0012,M0036,T00768,MEDIUM,2025-03-05 11:10:00,2025-03-05 13:09:12,Demolition,ZONE-C,301.3,CANCELLED
2025-03-06,OP0008,M0027,T00464,URGENT,2025-03-06 12:43:00,2025-03-06 19:22:18,Material Loading,ZONE-D,1331.1,COMPLETED
2025-03-06,OP0014,M0015,T00156,LOW,2025-03-06 14:38:00,2025-03-06 21:13:24,Material Loading,ZONE-D,1936.4,SCHEDULED
2025-03-07,OP0036,M0003,T00087,MEDIUM,2025-03-07 09:31:00,2025-03-07 11:56:48,Demolition,ZONE-B,358.9,COMPLETED
2025-03-07,OP0015,M0002,T00215,LOW,2025-03-07 06:05:00,2025-03-07 09:19:54,Material Loading,ZONE-B,632.0,SCHEDULED
2025-03-07,OP0031,M0029,T00691,HIGH,2025-03-07 14:23:00,2025-03-07 23:08:12,Demolition,ZONE-C,1273.7,DELAYED
2025-03-07,OP0011,M0033,T00435,MEDIUM,2025-03-07 10:41:00,2025-03-07 20:12:54,Road Preparation,ZONE-D,5963.0,COMPLETED
2025-03-07,OP0012,M0034,T00645,URGENT,2025-03-07 07:37:00,2025-03-07 13:39:30,Earth Excavation,ZONE-D,1222.8,COMPLETED
2025-03-07,OP0042,M0023,T00584,LOW,2025-03-07 15:12:00,2025-03-07 17:14:06,Material Stockpiling,ZONE-D,539.2,SCHEDULED
2025-03-07,OP0049,M0030,T00404,MEDIUM,2025-03-07 09:23:00,2025-03-07 11:59:30,Demolition,ZONE-A,369.4,COMPLETED
2025-03-07,OP0044,M0027,T00142,MEDIUM,2025-03-07 09:30:00,2025-03-08 03:39:12,Material Stockpiling,ZONE-C,2271.0,DELAYED
2025-03-07,OP0030,M0042,T00410,HIGH,2025-03-07 06:22:00,2025-03-07 15:01:30,Material Stockpiling,ZONE-C,2437.5,DELAYED
2025-03-08,OP0036,M0022,T00707,MEDIUM,2025-03-08 06:52:00,2025-03-08 08:48:00,Hauling,ZONE-B,337.5,COMPLETED
2025-03-09,OP0014,M0001,DT00166,HIGH,2025-03-09 13:00:00,2025-03-09 14:51:00,Trenching,ZONE-B,1051.5,SCHEDULED
2025-03-09,OP0021,M0020,T00478,MEDIUM,2025-03-09 12:03:00,2025-03-09 12:45:30,Trenching,ZONE-D,73.2,SCHEDULED
2025-03-09,OP0007,M0041,T00534,MEDIUM,2025-03-09 12:07:00,2025-03-10 16:28:00,Hauling,ZONE-A,1870.1,COMPLETED
2025-03-09,OP0042,M0027,T00570,LOW,2025-03-09 10:16:00,2025-03-09 11:41:06,Earth Excavation,ZONE-C,270.3,COMPLETED
2025-03-09,OP0044,M0026,T00192,MEDIUM,2025-03-09 10:35:00,2025-03-09 11:48:18,Grading,ZONE-B,1479.3,DELAYED
2025-03-09,OP0005,M0001,T00788,MEDIUM,2025-03-09 12:22:00,2025-03-10 02:14:54,Road Preparation,ZONE-C,4424.3,IN_PROGRESS
2025-03-09,OP0054,M0006,T00559,HIGH,2025-03-09 07:08:00,2025-03-09 10:34:18,Trenching,ZONE-B,355.0,COMPLETED
2025-03-10,OP0029,M0039,DT00117,MEDIUM,2025-03-10 09:00:00,2025-03-10 11:11:00,Grading,ZONE-D,1351.9,CANCELLED
2025-03-10,OP0042,M0022,T00060,LOW,2025-03-10 06:12:00,2025-03-10 18:40:36,Hauling,ZONE-C,2039.7,COMPLETED
2025-03-10,OP0054,M0038,DT00197,LOW,2025-03-10 15:00:00,2025-03-10 19:19:00,Grading,ZONE-B,442.5,SCHEDULED
2025-03-10,OP0041,M0015,T00523,LOW,2025-03-10 07:37:00,2025-03-10 11:01:36,Trenching,ZONE-B,252.5,COMPLETED
2025-03-10,OP0016,M0017,T00526,LOW,2025-03-10 11:48:00,2025-03-10 15:00:12,Road Preparation,ZONE-B,1991.6,COMPLETED
2025-03-11,OP0026,M0018,T00742,LOW,2025-03-11 10:35:00,2025-03-11 11:11:18,Earth Excavation,ZONE-C,117.3,COMPLETED
2025-03-11,OP0038,M0005,DT00092,MEDIUM,2025-03-11 10:00:00,2025-03-11 15:33:00,Material Stockpiling,ZONE-C,1456.8,CANCELLED
2025-03-11,OP0013,M0027,T00372,MEDIUM,2025-03-11 15:54:00,2025-03-11 19:29:18,Earth Excavation,ZONE-D,700.4,DELAYED
2025-03-12,OP0043,M0015,T00408,LOW,2025-03-12 12:26:00,2025-03-12 12:59:54,Earth Excavation,ZONE-D,134.0,SCHEDULED
2025-03-12,OP0010,M0006,T00196,LOW,2025-03-12 14:59:00,2025-03-12 17:34:12,Trenching,ZONE-D,271.8,COMPLETED
2025-03-13,OP0011,M0009,T00178,LOW,2025-03-13 06:46:00,2025-03-13 08:19:42,Demolition,ZONE-D,178.4,IN_PROGRESS
2025-03-13,OP0034,M0008,T00782,LOW,2025-03-13 10:22:00,2025-03-13 13:47:54,Earth Excavation,ZONE-C,690.9,IN_PROGRESS
2025-03-14,OP0052,M0011,T00016,MEDIUM,2025-03-14 14:28:00,2025-03-15 09:42:54,Material Loading,ZONE-A,1744.9,CANCELLED
2025-03-14,OP0042,M0030,T00405,LOW,2025-03-14 08:46:00,2025-03-14 13:32:36,Material Loading,ZONE-D,1189.7,COMPLETED
2025-03-15,OP0026,M0029,T00075,LOW,2025-03-15 12:57:00,2025-03-15 13:36:24,Road Preparation,ZONE-A,506.7,COMPLETED
2025-03-15,OP0022,M0002,T00739,HIGH,2025-03-15 11:18:00,2025-03-15 16:16:24,Material Loading,ZONE-A,1265.6,CANCELLED
2025-03-15,OP0025,M0007,DT00161,MEDIUM,2025-03-15 06:00:00,2025-03-15 11:32:00,Grading,ZONE-C,1185.4,DELAYED
2025-03-16,OP0049,M0015,DT00098,MEDIUM,2025-03-16 06:00:00,2025-03-16 09:21:00,Hauling,ZONE-D,1120.5,IN_PROGRESS
2025-03-16,OP0020,M0001,DT00046,LOW,2025-03-16 15:00:00,2025-03-16 18:34:00,Material Stockpiling,ZONE-B,399.5,DELAYED
2025-03-16,OP0011,M0027,T00613,LOW,2025-03-16 10:35:00,2025-03-16 21:28:00,Demolition,ZONE-C,1193.2,COMPLETED
2025-03-17,OP0045,M0023,T00800,HIGH,2025-03-17 14:34:00,2025-03-18 00:19:00,Material Loading,ZONE-D,1849.5,COMPLETED
2025-03-17,OP0029,M0013,DT00109,LOW,2025-03-17 15:00:00,2025-03-17 17:47:00,Road Preparation,ZONE-A,1966.9,CANCELLED
2025-03-17,OP0004,M0028,T00762,HIGH,2025-03-17 07:21:00,2025-03-17 09:46:00,Earth Excavation,ZONE-C,597.3,COMPLETED
2025-03-17,OP0032,M0020,T00301,MEDIUM,2025-03-17 12:35:00,2025-03-17 14:17:48,Trenching,ZONE-B,207.7,CANCELLED
2025-03-17,OP0024,M0015,T00481,LOW,2025-03-17 06:56:00,2025-03-18 03:53:12,Hauling,ZONE-D,2425.3,DELAYED
2025-03-17,OP0026,M0001,T00149,HIGH,2025-03-17 15:43:00,2025-03-17 17:12:36,Trenching,ZONE-A,145.9,DELAYED
2025-03-17,OP0035,M0004,T00253,LOW,2025-03-17 12:48:00,2025-03-17 17:19:36,Demolition,ZONE-B,415.9,COMPLETED
2025-03-18,OP0051,M0029,T00501,LOW,2025-03-18 10:01:00,2025-03-18 10:32:18,Road Preparation,ZONE-A,497.8,COMPLETED
2025-03-18,OP0014,M0029,T00193,MEDIUM,2025-03-18 11:03:00,2025-03-18 13:39:00,Grading,ZONE-B,1828.5,COMPLETED
2025-03-18,OP0011,M0033,T00449,MEDIUM,2025-03-18 07:25:00,2025-03-18 17:24:36,Earth Excavation,ZONE-C,921.8,COMPLETED
2025-03-18,OP0008,M0016,T00847,HIGH,2025-03-18 11:21:00,2025-03-18 14:45:18,Road Preparation,ZONE-B,2166.2,COMPLETED
2025-03-18,OP0004,M0025,T00647,URGENT,2025-03-18 07:32:00,2025-03-18 09:49:00,Material Stockpiling,ZONE-D,756.6,DELAYED
2025-03-19,OP0046,M0006,T00751,LOW,2025-03-19 10:14:00,2025-03-19 14:24:54,Trenching,ZONE-D,339.6,COMPLETED
2025-03-19,OP0019,M0025,T00665,MEDIUM,2025-03-19 14:30:00,2025-03-20 00:35:24,Material Loading,ZONE-A,1907.1,IN_PROGRESS
2025-03-20,OP0034,M0022,T00121,MEDIUM,2025-03-20 07:10:00,2025-03-20 18:06:18,Hauling,ZONE-D,1947.5,COMPLETED
2025-03-20,OP0032,M0014,T00135,LOW,2025-03-20 11:13:00,2025-03-20 15:42:36,Hauling,ZONE-C,930.1,DELAYED
2025-03-20,OP0022,M0026,DT00071,MEDIUM,2025-03-20 06:00:00,2025-03-20 07:14:00,Road Preparation,ZONE-B,1864.9,CANCELLED
2025-03-20,OP0046,M0017,DT00133,LOW,2025-03-20 06:00:00,2025-03-20 10:12:00,Material Loading,ZONE-D,1388.9,SCHEDULED
2025-03-21,OP0023,M0040,DT00056,MEDIUM,2025-03-21 10:00:00,2025-03-21 14:14:00,Hauling,ZONE-C,345.1,COMPLETED
2025-03-21,OP0006,M0009,T00129,MEDIUM,2025-03-21 07:18:00,2025-03-21 11:34:18,Trenching,ZONE-D,521.1,CANCELLED
2025-03-22,OP0021,M0042,T00717,URGENT,2025-03-22 10:45:00,2025-03-22 17:14:54,Road Preparation,ZONE-A,5390.2,SCHEDULED
2025-03-22,OP0039,M0001,T00073,MEDIUM,2025-03-22 11:49:00,2025-03-22 17:46:36,Demolition,ZONE-D,936.2,CANCELLED
2025-03-22,OP0037,M0027,T00679,MEDIUM,2025-03-22 10:15:00,2025-03-22 14:58:30,Demolition,ZONE-D,695.4,COMPLETED
2025-03-22,OP0016,M0024,T00421,MEDIUM,2025-03-22 09:45:00,2025-03-22 14:37:06,Material Loading,ZONE-C,925.0,COMPLETED
2025-03-22,OP0007,M0014,T00201,MEDIUM,2025-03-22 08:00:00,2025-03-22 09:55:18,Hauling,ZONE-D,257.8,COMPLETED
2025-03-23,OP0051,M0020,DT00064,MEDIUM,2025-03-23 08:00:00,2025-03-23 13:55:00,Demolition,ZONE-A,1381.5,COMPLETED
2025-03-23,OP0046,M0025,T00772,HIGH,2025-03-23 06:04:00,2025-03-23 10:50:54,Material Stockpiling,ZONE-C,1050.6,IN_PROGRESS
2025-03-23,OP0006,M0016,T00794,HIGH,2025-03-23 15:21:00,2025-03-23 17:53:24,Soil Compaction,ZONE-B,5006.1,SCHEDULED
2025-03-23,OP0022,M0008,T00728,MEDIUM,2025-03-23 13:15:00,2025-03-23 15:14:24,Material Loading,ZONE-C,522.4,IN_PROGRESS
2025-03-24,OP0003,M0022,T00626,HIGH,2025-03-24 07:01:00,2025-03-24 17:52:24,Material Loading,ZONE-D,1427.7,COMPLETED
2025-03-24,OP0010,M0008,T00363,HIGH,2025-03-24 12:46:00,2025-03-24 19:42:24,Demolition,ZONE-A,1025.6,COMPLETED
2025-03-25,OP0004,M0037,T00737,LOW,2025-03-25 14:04:00,2025-03-25 16:22:24,Road Preparation,ZONE-D,2202.8,DELAYED
2025-03-25,OP0028,M0029,T00285,LOW,2025-03-25 06:43:00,2025-03-25 08:37:30,Material Stockpiling,ZONE-B,545.3,SCHEDULED
2025-03-25,OP0042,M0013,DT00169,MEDIUM,2025-03-25 10:00:00,2025-03-25 15:08:00,Soil Compaction,ZONE-A,1840.6,CANCELLED
2025-03-25,OP0044,M0022,DT00194,HIGH,2025-03-25 08:00:00,2025-03-25 12:10:00,Material Loading,ZONE-B,154.3,COMPLETED
2025-03-25,OP0003,M0035,T00002,LOW,2025-03-25 13:58:00,2025-03-25 19:07:06,Soil Compaction,ZONE-D,4822.1,COMPLETED
2025-03-25,OP0019,M0020,T00362,LOW,2025-03-25 14:44:00,2025-03-25 18:31:54,Trenching,ZONE-C,280.5,IN_PROGRESS
2025-03-26,OP0042,M0014,T00609,MEDIUM,2025-03-26 06:03:00,2025-03-26 06:22:54,Soil Compaction,ZONE-B,302.9,SCHEDULED
2025-03-26,OP0025,M0008,DT00015,MEDIUM,2025-03-26 07:00:00,2025-03-26 09:55:00,Grading,ZONE-C,1142.0,COMPLETED
2025-03-27,OP0053,M0019,T00015,HIGH,2025-03-27 12:04:00,2025-03-27 14:46:36,Grading,ZONE-C,2024.8,CANCELLED
2025-03-27,OP0030,M0037,DT00066,LOW,2025-03-27 13:00:00,2025-03-27 18:52:00,Earth Excavation,ZONE-B,1053.7,IN_PROGRESS
2025-03-27,OP0007,M0005,T00244,HIGH,2025-03-27 14:49:00,2025-03-27 21:35:18,Hauling,ZONE-C,880.3,DELAYED
2025-03-27,OP0040,M0015,T00773,LOW,2025-03-27 11:37:00,2025-03-27 18:05:00,Material Loading,ZONE-C,1628.6,DELAYED
2025-03-28,OP0026,M0026,T00166,MEDIUM,2025-03-28 14:03:00,2025-03-28 17:38:42,Grading,ZONE-B,4276.1,IN_PROGRESS
2025-03-28,OP0028,M0024,T00477,MEDIUM,2025-03-28 13:37:00,2025-03-28 14:36:48,Soil Compaction,ZONE-C,907.3,COMPLETED
2025-03-28,OP0046,M0034,T00089,LOW,2025-03-28 06:27:00,2025-03-28 13:45:06,Trenching,ZONE-A,581.9,CANCELLED
2025-03-28,OP0027,M0030,T00672,LOW,2025-03-28 10:59:00,2025-03-28 18:00:30,Soil Compaction,ZONE-D,4490.0,SCHEDULED
2025-03-29,OP0014,M0025,T00700,MEDIUM,2025-03-29 12:15:00,2025-03-29 14:53:36,Material Stockpiling,ZONE-A,880.7,COMPLETED
2025-03-29,OP0045,M0019,T00055,LOW,2025-03-29 09:44:00,2025-03-29 14:04:18,Trenching,ZONE-D,347.1,COMPLETED
2025-03-30,OP0034,M0037,T00752,MEDIUM,2025-03-30 10:37:00,2025-03-30 15:56:18,Road Preparation,ZONE-A,4344.1,IN_PROGRESS
2025-03-30,OP0026,M0031,T00453,MEDIUM,2025-03-30 07:19:00,2025-03-30 12:28:36,Material Stockpiling,ZONE-C,1389.2,COMPLETED
2025-03-30,OP0042,M0017,T00532,MEDIUM,2025-03-30 06:52:00,2025-03-30 13:33:06,Road Preparation,ZONE-A,5179.2,DELAYED
2025-03-30,OP0011,M0025,T00387,LOW,2025-03-30 15:49:00,2025-03-31 01:33:24,Material Loading,ZONE-C,1835.6,IN_PROGRESS
2025-03-30,OP0052,M0032,T00525,MEDIUM,2025-03-30 14:29:00,2025-03-31 00:32:24,Material Stockpiling,ZONE-D,2233.4,SCHEDULED
2025-03-30,OP0022,M0006,T00211,LOW,2025-03-30 14:21:00,2025-03-30 18:51:48,Trenching,ZONE-B,475.1,COMPLETED
2025-03-31,OP0031,M0036,T00132,URGENT,2025-03-31 11:17:00,2025-03-31 19:27:36,Material Stockpiling,ZONE-A,2433.3,IN_PROGRESS
2025-03-31,OP0033,M0001,T00039,URGENT,2025-03-31 10:50:00,2025-03-31 15:31:18,Trenching,ZONE-A,549.8,IN_PROGRESS
2025-03-31,OP0008,M0020,DT00162,MEDIUM,2025-03-31 08:00:00,2025-03-31 11:02:00,Demolition,ZONE-B,389.1,DELAYED
2025-03-31,OP0049,M0029,T00264,MEDIUM,2025-03-31 08:04:00,2025-03-31 15:55:06,Material Stockpiling,ZONE-B,2213.1,COMPLETED
2025-03-31,OP0051,M0035,DT00185,MEDIUM,2025-03-31 07:00:00,2025-03-31 11:16:00,Road Preparation,ZONE-B,987.4,SCHEDULED
2025-04-01,OP0027,M0027,T00375,HIGH,2025-04-01 10:36:00,2025-04-01 16:02:42,Trenching,ZONE-B,431.0,DELAYED
2025-04-01,OP0022,M0033,DT00136,HIGH,2025-04-01 06:00:00,2025-04-01 11:54:00,Soil Compaction,ZONE-A,1554.8,COMPLETED
2025-04-01,OP0025,M0033,T00081,URGENT,2025-04-01 14:16:00,2025-04-02 03:19:30,Demolition,ZONE-D,1237.9,COMPLETED
2025-04-01,OP0014,M0033,T00295,HIGH,2025-04-01 11:01:00,2025-04-01 13:18:48,Grading,ZONE-B,3298.7,SCHEDULED
2025-04-01,OP0024,M0002,T00805,MEDIUM,2025-04-01 12:44:00,2025-04-01 13:16:24,Material Stockpiling,ZONE-D,183.4,DELAYED
2025-04-01,OP0053,M0030,T00425,MEDIUM,2025-04-01 12:34:00,2025-04-01 14:11:48,Material Loading,ZONE-C,418.9,CANCELLED
2025-04-02,OP0045,M0042,DT00143,MEDIUM,2025-04-02 08:00:00,2025-04-02 10:30:00,Soil Compaction,ZONE-D,1076.0,COMPLETED
2025-04-02,OP0027,M0006,T00037,HIGH,2025-04-02 09:19:00,2025-04-02 11:21:18,Demolition,ZONE-A,133.0,IN_PROGRESS
2025-04-02,OP0045,M0013,DT00106,MEDIUM,2025-04-02 06:00:00,2025-04-02 09:20:00,Earth Excavation,ZONE-A,1485.8,SCHEDULED
2025-04-02,OP0050,M0023,T00364,HIGH,2025-04-02 11:30:00,2025-04-02 18:28:54,Material Stockpiling,ZONE-D,2258.9,COMPLETED
2025-04-02,OP0055,M0014,DT00131,LOW,2025-04-02 07:00:00,2025-04-02 11:00:00,Soil Compaction,ZONE-B,1997.1,SCHEDULED
2025-04-03,OP0054,M0032,T00083,HIGH,2025-04-03 10:13:00,2025-04-03 15:01:30,Soil Compaction,ZONE-B,3527.7,DELAYED
2025-04-03,OP0030,M0011,T00684,LOW,2025-04-03 06:00:00,2025-04-03 09:10:42,Trenching,ZONE-A,336.0,COMPLETED
2025-04-04,OP0049,M0007,T00789,LOW,2025-04-04 08:14:00,2025-04-04 11:10:48,Soil Compaction,ZONE-C,4736.1,COMPLETED
2025-04-04,OP0026,M0034,T00620,URGENT,2025-04-04 11:40:00,2025-04-04 12:13:00,Material Loading,ZONE-C,133.5,SCHEDULED
2025-04-04,OP0033,M0006,DT00172,MEDIUM,2025-04-04 09:00:00,2025-04-04 11:16:00,Demolition,ZONE-B,800.9,IN_PROGRESS
2025-04-04,OP0014,M0030,T00157,MEDIUM,2025-04-04 15:25:00,2025-04-04 21:10:00,Earth Excavation,ZONE-C,1341.4,IN_PROGRESS
2025-04-05,OP0009,M0002,T00383,MEDIUM,2025-04-05 11:41:00,2025-04-05 16:07:24,Material Loading,ZONE-B,819.3,SCHEDULED
2025-04-05,OP0047,M0014,T00639,MEDIUM,2025-04-05 06:38:00,2025-04-05 14:18:24,Hauling,ZONE-C,1614.8,COMPLETED
2025-04-05,OP0002,M0041,T00245,LOW,2025-04-05 09:42:00,2025-04-05 12:39:18,Trenching,ZONE-B,360.3,COMPLETED
2025-04-05,OP0013,M0041,DT00049,HIGH,2025-04-05 09:00:00,2025-04-05 11:09:00,Soil Compaction,ZONE-B,1702.3,IN_PROGRESS
2025-04-05,OP0046,M0022,T00608,LOW,2025-04-05 12:03:00,2025-04-05 13:42:30,Grading,ZONE-C,874.1,DELAYED
2025-04-05,OP0005,M0024,T00417,LOW,2025-04-05 07:30:00,2025-04-05 13:10:06,Material Loading,ZONE-C,1090.7,SCHEDULED
2025-04-05,OP0028,M0004,T00007,URGENT,2025-04-05 14:27:00,2025-04-05 15:41:24,Grading,ZONE-C,1543.7,COMPLETED
2025-04-06,OP0018,M0027,T00631,MEDIUM,2025-04-06 12:06:00,2025-04-06 16:03:12,Earth Excavation,ZONE-C,795.8,COMPLETED
2025-04-06,OP0047,M0007,DT00062,MEDIUM,2025-04-06 13:00:00,2025-04-06 18:58:00,Material Loading,ZONE-D,1511.9,CANCELLED
2025-04-06,OP0013,M0008,T00726,LOW,2025-04-06 10:20:00,2025-04-06 15:22:54,Trenching,ZONE-D,508.0,COMPLETED
2025-04-06,OP0026,M0016,DT00069,LOW,2025-04-06 13:00:00,2025-04-06 14:03:00,Road Preparation,ZONE-B,1865.4,SCHEDULED
2025-04-06,OP0017,M0025,T00764,MEDIUM,2025-04-06 14:32:00,2025-04-06 23:41:12,Road Preparation,ZONE-D,4740.5,IN_PROGRESS
2025-04-07,OP0036,M0036,T00136,MEDIUM,2025-04-07 11:11:00,2025-04-07 16:39:24,Road Preparation,ZONE-B,4750.0,COMPLETED
2025-04-07,OP0021,M0025,T00531,LOW,2025-04-07 12:42:00,2025-04-07 17:51:36,Material Stockpiling,ZONE-B,1441.2,COMPLETED
2025-04-07,OP0052,M0029,T00489,LOW,2025-04-07 11:41:00,2025-04-07 14:29:48,Demolition,ZONE-A,329.8,SCHEDULED
2025-04-07,OP0015,M0025,T00116,LOW,2025-04-07 10:20:00,2025-04-07 20:40:12,Material Stockpiling,ZONE-D,2221.3,CANCELLED
2025-04-07,OP0054,M0005,DT00140,MEDIUM,2025-04-07 06:00:00,2025-04-07 09:03:00,Grading,ZONE-B,111.7,CANCELLED
2025-04-07,OP0035,M0038,T00775,LOW,2025-04-07 14:34:00,2025-04-07 16:57:36,Material Stockpiling,ZONE-B,816.6,COMPLETED
2025-04-07,OP0010,M0024,T00184,MEDIUM,2025-04-07 09:42:00,2025-04-07 11:46:24,Soil Compaction,ZONE-A,1600.3,COMPLETED
2025-04-08,OP0015,M0018,DT00039,HIGH,2025-04-08 15:00:00,2025-04-08 19:58:00,Road Preparation,ZONE-D,1794.5,COMPLETED
2025-04-08,OP0030,M0023,T00025,MEDIUM,2025-04-08 13:35:00,2025-04-08 21:13:54,Material Stockpiling,ZONE-B,2167.9,COMPLETED
2025-04-08,OP0041,M0025,DT00018,URGENT,2025-04-08 13:00:00,2025-04-08 17:41:00,Material Loading,ZONE-D,237.1,SCHEDULED
2025-04-08,OP0012,M0025,T00069,HIGH,2025-04-08 08:26:00,2025-04-08 22:31:18,Earth Excavation,ZONE-D,1385.4,CANCELLED
2025-04-09,OP0019,M0029,T00643,LOW,2025-04-09 10:57:00,2025-04-09 19:04:06,Material Stockpiling,ZONE-A,1789.1,DELAYED
2025-04-09,OP0024,M0025,T00131,MEDIUM,2025-04-09 10:04:00,2025-04-09 12:10:06,Material Loading,ZONE-A,602.9,COMPLETED
2025-04-09,OP0001,M0005,T00078,HIGH,2025-04-09 12:37:00,2025-04-09 16:05:12,Hauling,ZONE-B,699.2,COMPLETED
2025-04-10,OP0036,M0031,T00469,HIGH,2025-04-10 13:33:00,2025-04-10 17:34:00,Material Loading,ZONE-B,1040.3,COMPLETED
2025-04-10,OP0019,M0004,T00402,HIGH,2025-04-10 06:32:00,2025-04-10 09:40:06,Grading,ZONE-A,2967.8,SCHEDULED
2025-04-10,OP0033,M0037,DT00021,MEDIUM,2025-04-10 07:00:00,2025-04-10 09:17:00,Trenching,ZONE-A,903.7,COMPLETED
2025-04-10,OP0050,M0041,T00560,HIGH,2025-04-10 12:22:00,2025-04-10 15:47:00,Trenching,ZONE-B,421.6,COMPLETED
2025-04-11,OP0041,M0032,T00053,MEDIUM,2025-04-11 09:43:00,2025-04-11 15:30:36,Grading,ZONE-D,2421.5,COMPLETED
2025-04-11,OP0049,M0038,T00520,LOW,2025-04-11 14:11:00,2025-04-11 17:50:30,Material Stockpiling,ZONE-D,957.3,IN_PROGRESS
2025-04-12,OP0030,M0015,T00270,LOW,2025-04-12 15:35:00,2025-04-12 21:19:30,Soil Compaction,ZONE-D,5110.4,CANCELLED
2025-04-12,OP0006,M0035,DT00026,MEDIUM,2025-04-12 11:00:00,2025-04-12 14:02:00,Trenching,ZONE-C,118.1,IN_PROGRESS
2025-04-12,OP0049,M0022,T00332,MEDIUM,2025-04-12 15:45:00,2025-04-12 23:35:54,Hauling,ZONE-D,1273.8,COMPLETED
2025-04-12,OP0018,M0028,DT00034,MEDIUM,2025-04-12 07:00:00,2025-04-12 10:29:00,Material Loading,ZONE-C,143.2,DELAYED
2025-04-12,OP0046,M0004,DT00116,LOW,2025-04-12 06:00:00,2025-04-12 08:20:00,Soil Compaction,ZONE-A,1922.7,COMPLETED
2025-04-12,OP0034,M0020,T00677,MEDIUM,2025-04-12 11:56:00,2025-04-12 13:34:24,Trenching,ZONE-D,166.4,COMPLETED
2025-04-12,OP0019,M0016,T00668,HIGH,2025-04-12 12:32:00,2025-04-12 14:57:54,Soil Compaction,ZONE-A,3111.5,COMPLETED
2025-04-13,OP0034,M0011,T00111,MEDIUM,2025-04-13 13:52:00,2025-04-13 19:15:18,Trenching,ZONE-D,546.7,COMPLETED
2025-04-13,OP0031,M0008,DT00121,HIGH,2025-04-13 14:00:00,2025-04-13 15:13:00,Grading,ZONE-C,1466.7,DELAYED
2025-04-13,OP0051,M0001,T00416,MEDIUM,2025-04-13 13:24:00,2025-04-13 18:54:24,Material Loading,ZONE-D,1639.3,COMPLETED
2025-04-13,OP0042,M0002,DT00075,HIGH,2025-04-13 06:00:00,2025-04-13 11:15:00,Trenching,ZONE-A,949.6,SCHEDULED
2025-04-13,OP0055,M0036,T00455,LOW,2025-04-13 14:55:00,2025-04-13 20:49:42,Road Preparation,ZONE-B,4768.5,COMPLETED
2025-04-13,OP0029,M0032,T00659,HIGH,2025-04-13 13:19:00,2025-04-13 19:48:24,Demolition,ZONE-B,746.7,IN_PROGRESS
2025-04-14,OP0014,M0042,T00029,HIGH,2025-04-14 11:17:00,2025-04-14 16:28:54,Material Stockpiling,ZONE-A,1678.0,DELAYED
2025-04-14,OP0010,M0001,T00656,HIGH,2025-04-14 10:24:00,2025-04-14 15:25:18,Trenching,ZONE-A,528.3,COMPLETED
2025-04-14,OP0026,M0024,T00379,LOW,2025-04-14 14:28:00,2025-04-14 18:43:18,Material Stockpiling,ZONE-A,1183.3,COMPLETED
2025-04-14,OP0041,M0030,T00509,HIGH,2025-04-14 08:29:00,2025-04-14 15:36:18,Earth Excavation,ZONE-C,1085.8,COMPLETED
2025-04-15,OP0038,M0032,DT00047,MEDIUM,2025-04-15 08:00:00,2025-04-15 12:29:00,Trenching,ZONE-C,1093.1,COMPLETED
2025-04-15,OP0020,M0033,T00159,MEDIUM,2025-04-15 15:52:00,2025-04-16 00:44:06,Road Preparation,ZONE-A,5626.6,COMPLETED
2025-04-15,OP0028,M0028,T00368,HIGH,2025-04-15 06:05:00,2025-04-15 18:54:54,Material Stockpiling,ZONE-D,1931.5,COMPLETED
2025-04-15,OP0040,M0039,T00336,HIGH,2025-04-15 08:01:00,2025-04-15 12:56:54,Earth Excavation,ZONE-A,998.6,COMPLETED
2025-04-15,OP0045,M0019,DT00067,MEDIUM,2025-04-15 14:00:00,2025-04-15 19:53:00,Soil Compaction,ZONE-D,1430.1,COMPLETED
2025-04-15,OP0031,M0005,T00632,MEDIUM,2025-04-15 11:51:00,2025-04-16 02:10:24,Demolition,ZONE-B,992.4,IN_PROGRESS
2025-04-16,OP0004,M0016,T00403,LOW,2025-04-16 14:55:00,2025-04-16 17:01:06,Road Preparation,ZONE-A,1981.8,DELAYED
2025-04-16,OP0050,M0031,DT00137,MEDIUM,2025-04-16 12:00:00,2025-04-16 13:07:00,Material Loading,ZONE-C,723.7,SCHEDULED
2025-04-16,OP0040,M0018,T00607,MEDIUM,2025-04-16 13:34:00,2025-04-16 18:07:12,Trenching,ZONE-D,468.5,COMPLETED
2025-04-17,OP0030,M0036,T00273,MEDIUM,2025-04-17 15:59:00,2025-04-17 21:18:30,Demolition,ZONE-A,812.7,CANCELLED
2025-04-18,OP0031,M0029,T00735,LOW,2025-04-18 08:14:00,2025-04-18 14:13:18,Material Stockpiling,ZONE-A,1725.6,COMPLETED
2025-04-18,OP0004,M0035,T00185,LOW,2025-04-18 15:47:00,2025-04-18 23:16:54,Trenching,ZONE-B,515.0,COMPLETED
2025-04-18,OP0007,M0002,T00171,LOW,2025-04-18 07:58:00,2025-04-18 10:29:12,Material Stockpiling,ZONE-A,536.4,SCHEDULED
2025-04-18,OP0008,M0038,DT00183,LOW,2025-04-18 12:00:00,2025-04-18 13:05:00,Earth Excavation,ZONE-A,1994.5,COMPLETED
2025-04-18,OP0043,M0041,T00711,MEDIUM,2025-04-18 06:36:00,2025-04-18 07:02:54,Trenching,ZONE-D,55.0,IN_PROGRESS
2025-04-19,OP0001,M0009,T00652,HIGH,2025-04-19 10:20:00,2025-04-19 11:16:12,Trenching,ZONE-D,110.0,COMPLETED
2025-04-19,OP0046,M0032,T00328,MEDIUM,2025-04-19 09:02:00,2025-04-19 12:01:30,Trenching,ZONE-D,151.4,COMPLETED
2025-04-19,OP0031,M0041,T00727,LOW,2025-04-19 14:23:00,2025-04-19 20:26:00,Road Preparation,ZONE-B,2339.1,COMPLETED
2025-04-20,OP0027,M0006,DT00011,LOW,2025-04-20 15:00:00,2025-04-20 16:27:00,Material Loading,ZONE-D,1668.6,DELAYED
2025-04-20,OP0014,M0011,T00163,MEDIUM,2025-04-20 06:25:00,2025-04-20 08:01:00,Demolition,ZONE-D,130.3,DELAYED
2025-04-20,OP0005,M0004,DT00007,MEDIUM,2025-04-20 15:00:00,2025-04-20 16:16:00,Trenching,ZONE-A,1413.1,DELAYED
2025-04-20,OP0037,M0027,T00287,MEDIUM,2025-04-20 07:37:00,2025-04-20 08:59:48,Trenching,ZONE-D,147.9,DELAYED
2025-04-20,OP0024,M0017,T00586,URGENT,2025-04-20 12:59:00,2025-04-20 15:18:18,Grading,ZONE-A,3463.2,CANCELLED
2025-04-20,OP0045,M0004,T00424,MEDIUM,2025-04-20 06:45:00,2025-04-20 20:10:36,Trenching,ZONE-B,491.4,COMPLETED
2025-04-20,OP0010,M0025,T00828,MEDIUM,2025-04-20 12:35:00,2025-04-20 21:47:00,Grading,ZONE-D,5756.5,COMPLETED
2025-04-20,OP0039,M0005,DT00065,URGENT,2025-04-20 11:00:00,2025-04-20 12:44:00,Earth Excavation,ZONE-B,1342.1,COMPLETED
2025-04-20,OP0043,M0001,T00302,HIGH,2025-04-20 12:49:00,2025-04-20 21:50:30,Material Stockpiling,ZONE-C,1750.8,SCHEDULED
2025-04-21,OP0010,M0037,T00284,LOW,2025-04-21 06:42:00,2025-04-21 10:58:42,Trenching,ZONE-B,282.6,SCHEDULED
2025-04-21,OP0028,M0039,T00272,MEDIUM,2025-04-21 13:20:00,2025-04-21 19:49:42,Earth Excavation,ZONE-B,1310.2,DELAYED
2025-04-21,OP0019,M0014,DT00108,HIGH,2025-04-21 12:00:00,2025-04-21 17:37:00,Grading,ZONE-B,619.3,IN_PROGRESS
2025-04-21,OP0027,M0033,T00304,LOW,2025-04-21 14:41:00,2025-04-21 18:26:30,Grading,ZONE-C,3557.7,COMPLETED
2025-04-22,OP0011,M0036,T00197,MEDIUM,2025-04-22 06:38:00,2025-04-22 15:20:00,Road Preparation,ZONE-B,5602.4,COMPLETED
2025-04-22,OP0043,M0023,T00617,MEDIUM,2025-04-22 11:26:00,2025-04-22 15:17:18,Material Stockpiling,ZONE-C,1314.7,COMPLETED
2025-04-23,OP0021,M0024,DT00124,LOW,2025-04-23 10:00:00,2025-04-23 13:53:00,Grading,ZONE-A,811.5,CANCELLED
2025-04-24,OP0020,M0026,T00299,MEDIUM,2025-04-24 08:56:00,2025-04-24 15:18:06,Road Preparation,ZONE-C,4049.8,COMPLETED
2025-04-24,OP0054,M0005,DT00170,HIGH,2025-04-24 06:00:00,2025-04-24 11:29:00,Demolition,ZONE-D,665.3,SCHEDULED
2025-04-24,OP0017,M0017,DT00199,HIGH,2025-04-24 09:00:00,2025-04-24 10:04:00,Hauling,ZONE-C,670.6,COMPLETED
2025-04-24,OP0038,M0035,T00021,LOW,2025-04-24 09:48:00,2025-04-24 11:37:00,Grading,ZONE-C,2250.3,COMPLETED
2025-04-24,OP0006,M0021,T00548,MEDIUM,2025-04-24 11:02:00,2025-04-24 19:14:24,Material Loading,ZONE-D,1230.9,COMPLETED
2025-04-25,OP0038,M0033,DT00004,MEDIUM,2025-04-25 06:00:00,2025-04-25 07:43:00,Material Stockpiling,ZONE-D,244.8,DELAYED
2025-04-25,OP0002,M0012,DT00080,LOW,2025-04-25 15:00:00,2025-04-25 19:19:00,Soil Compaction,ZONE-C,861.0,IN_PROGRESS
2025-04-25,OP0002,M0008,T00191,HIGH,2025-04-25 13:42:00,2025-04-25 14:12:30,Earth Excavation,ZONE-D,125.0,CANCELLED
2025-04-25,OP0022,M0038,DT00184,MEDIUM,2025-04-25 14:00:00,2025-04-25 15:02:00,Material Loading,ZONE-C,1782.0,COMPLETED
2025-04-26,OP0029,M0006,T00396,URGENT,2025-04-26 08:48:00,2025-04-26 12:13:54,Trenching,ZONE-A,273.4,DELAYED
2025-04-26,OP0050,M0013,T00313,MEDIUM,2025-04-26 13:19:00,2025-04-26 16:24:36,Trenching,ZONE-B,385.2,COMPLETED
2025-04-26,OP0032,M0010,DT00144,HIGH,2025-04-26 10:00:00,2025-04-26 11:00:00,Earth Excavation,ZONE-B,866.3,COMPLETED
2025-04-27,OP0046,M0011,T00297,MEDIUM,2025-04-27 11:46:00,2025-04-28 02:25:36,Road Preparation,ZONE-C,5574.6,DELAYED
2025-04-27,OP0048,M0036,T00141,LOW,2025-04-27 13:38:00,2025-04-27 14:44:24,Earth Excavation,ZONE-B,143.2,IN_PROGRESS
2025-04-27,OP0041,M0021,T00358,URGENT,2025-04-27 07:58:00,2025-04-27 13:53:42,Grading,ZONE-D,5729.4,COMPLETED
2025-04-27,OP0023,M0023,T00319,URGENT,2025-04-27 06:35:00,2025-04-27 18:36:54,Material Loading,ZONE-D,2315.6,COMPLETED
2025-04-27,OP0046,M0033,T00644,MEDIUM,2025-04-27 08:49:00,2025-04-27 16:17:30,Earth Excavation,ZONE-D,662.9,DELAYED
2025-04-27,OP0011,M0008,T00044,MEDIUM,2025-04-27 12:42:00,2025-04-27 14:47:00,Grading,ZONE-B,1258.2,COMPLETED
2025-04-28,OP0049,M0033,T00160,HIGH,2025-04-28 15:30:00,2025-04-28 18:19:18,Road Preparation,ZONE-B,2207.1,CANCELLED
2025-04-28,OP0018,M0012,T00539,MEDIUM,2025-04-28 11:08:00,2025-04-28 13:48:42,Hauling,ZONE-C,482.0,COMPLETED
2025-04-28,OP0003,M0015,T00036,URGENT,2025-04-28 14:31:00,2025-04-28 15:29:18,Trenching,ZONE-C,99.8,COMPLETED
2025-04-29,OP0016,M0020,DT00100,HIGH,2025-04-29 09:00:00,2025-04-29 11:45:00,Material Loading,ZONE-B,1494.7,SCHEDULED
2025-04-29,OP0013,M0028,T00331,HIGH,2025-04-29 10:36:00,2025-04-29 14:34:06,Material Stockpiling,ZONE-D,644.9,SCHEDULED
2025-04-29,OP0030,M0028,T00530,MEDIUM,2025-04-29 12:48:00,2025-04-29 14:15:06,Earth Excavation,ZONE-B,292.2,SCHEDULED
2025-04-29,OP0031,M0004,T00327,MEDIUM,2025-04-29 06:03:00,2025-04-29 11:07:42,Road Preparation,ZONE-A,4203.6,IN_PROGRESS
2025-04-29,OP0053,M0002,T00734,HIGH,2025-04-29 10:48:00,2025-04-29 19:18:06,Material Stockpiling,ZONE-D,2419.0,IN_PROGRESS
2025-04-29,OP0025,M0026,T00269,HIGH,2025-04-29 15:08:00,2025-04-29 21:21:30,Road Preparation,ZONE-B,5266.5,COMPLETED
2025-04-29,OP0049,M0024,T00251,MEDIUM,2025-04-29 07:36:00,2025-04-29 17:02:30,Material Loading,ZONE-A,2252.4,COMPLETED
2025-04-29,OP0033,M0003,DT00063,LOW,2025-04-29 06:00:00,2025-04-29 10:08:00,Soil Compaction,ZONE-D,1540.4,COMPLETED
2025-04-30,OP0012,M0010,T00412,MEDIUM,2025-04-30 07:19:00,2025-04-30 08:11:30,Hauling,ZONE-A,154.1,DELAYED
2025-05-01,OP0009,M0012,DT00033,HIGH,2025-05-01 07:00:00,2025-05-01 10:42:00,Earth Excavation,ZONE-C,1040.1,COMPLETED
2025-05-01,OP0036,M0009,DT00074,LOW,2025-05-01 09:00:00,2025-05-01 12:11:00,Material Loading,ZONE-C,533.8,IN_PROGRESS
2025-05-01,OP0014,M0008,T00076,LOW,2025-05-01 12:00:00,2025-05-01 17:06:12,Material Loading,ZONE-B,1463.2,IN_PROGRESS
2025-05-01,OP0016,M0014,T00068,HIGH,2025-05-01 15:07:00,2025-05-02 00:24:06,Hauling,ZONE-C,1230.8,SCHEDULED
2025-05-01,OP0041,M0003,T00008,LOW,2025-05-01 12:14:00,2025-05-01 16:58:54,Material Stockpiling,ZONE-D,1045.9,COMPLETED
2025-05-01,OP0028,M0012,T00492,LOW,2025-05-01 15:22:00,2025-05-01 16:31:36,Earth Excavation,ZONE-A,114.3,COMPLETED
2025-05-01,OP0051,M0015,T00180,MEDIUM,2025-05-01 14:18:00,2025-05-01 15:22:06,Trenching,ZONE-C,132.1,IN_PROGRESS
2025-05-01,OP0031,M0004,T00227,MEDIUM,2025-05-01 10:59:00,2025-05-01 14:10:42,Grading,ZONE-A,4204.9,COMPLETED
2025-05-01,OP0022,M0040,T00386,LOW,2025-05-01 07:16:00,2025-05-01 07:48:48,Material Loading,ZONE-A,135.5,COMPLETED
2025-05-01,OP0054,M0015,T00619,MEDIUM,2025-05-01 10:07:00,2025-05-01 14:11:12,Material Loading,ZONE-C,1007.3,CANCELLED
2025-05-02,OP0048,M0008,T00801,MEDIUM,2025-05-02 07:28:00,2025-05-02 13:01:00,Material Loading,ZONE-C,1421.9,COMPLETED
2025-05-02,OP0050,M0033,DT00012,LOW,2025-05-02 06:00:00,2025-05-02 11:09:00,Demolition,ZONE-B,833.3,CANCELLED
2025-05-03,OP0028,M0026,T00378,MEDIUM,2025-05-03 09:54:00,2025-05-03 15:34:36,Demolition,ZONE-D,485.8,COMPLETED
2025-05-03,OP0044,M0015,DT00103,LOW,2025-05-03 10:00:00,2025-05-03 13:15:00,Earth Excavation,ZONE-B,1625.9,COMPLETED
2025-05-03,OP0013,M0034,T00830,LOW,2025-05-03 09:15:00,2025-05-03 19:22:18,Material Loading,ZONE-B,2456.8,IN_PROGRESS
2025-05-03,OP0026,M0012,T00359,HIGH,2025-05-03 12:11:00,2025-05-04 03:33:54,Material Loading,ZONE-B,1879.4,IN_PROGRESS
2025-05-03,OP0020,M0001,T00122,LOW,2025-05-03 07:23:00,2025-05-03 14:22:12,Demolition,ZONE-C,769.2,COMPLETED
2025-05-04,OP0024,M0031,T00685,LOW,2025-05-04 07:33:00,2025-05-04 10:23:54,Material Loading,ZONE-D,849.9,COMPLETED
2025-05-04,OP0005,M0022,T00604,LOW,2025-05-04 12:11:00,2025-05-04 19:07:00,Hauling,ZONE-C,971.2,CANCELLED
2025-05-04,OP0042,M0037,DT00178,MEDIUM,2025-05-04 13:00:00,2025-05-04 17:55:00,Grading,ZONE-B,1586.1,CANCELLED
2025-05-04,OP0014,M0027,T00681,LOW,2025-05-04 12:31:00,2025-05-04 16:20:24,Trenching,ZONE-B,460.3,COMPLETED
2025-05-04,OP0036,M0004,T00658,HIGH,2025-05-04 07:35:00,2025-05-04 11:25:54,Road Preparation,ZONE-D,3196.8,CANCELLED
2025-05-04,OP0015,M0026,T00640,MEDIUM,2025-05-04 11:40:00,2025-05-04 12:18:48,Road Preparation,ZONE-D,396.1,IN_PROGRESS
2025-05-04,OP0025,M0008,T00373,MEDIUM,2025-05-04 12:01:00,2025-05-04 21:44:48,Material Stockpiling,ZONE-B,1378.6,COMPLETED
2025-05-05,OP0008,M0035,T00765,LOW,2025-05-05 14:06:00,2025-05-07 01:24:30,Hauling,ZONE-C,2356.6,COMPLETED
2025-05-05,OP0004,M0041,T00838,MEDIUM,2025-05-05 09:24:00,2025-05-05 16:27:06,Material Stockpiling,ZONE-D,1099.8,COMPLETED
2025-05-06,OP0007,M0038,T00094,MEDIUM,2025-05-06 15:55:00,2025-05-07 00:14:12,Trenching,ZONE-A,398.3,COMPLETED
2025-05-06,OP0042,M0002,DT00082,MEDIUM,2025-05-06 07:00:00,2025-05-06 12:43:00,Grading,ZONE-D,892.6,CANCELLED
2025-05-06,OP0036,M0037,T00259,LOW,2025-05-06 10:17:00,2025-05-06 16:06:54,Grading,ZONE-C,3643.1,SCHEDULED
2025-05-06,OP0005,M0007,T00705,MEDIUM,2025-05-06 11:46:00,2025-05-07 04:15:30,Material Loading,ZONE-C,1472.6,CANCELLED
2025-05-06,OP0049,M0015,DT00094,LOW,2025-05-06 09:00:00,2025-05-06 10:31:00,Trenching,ZONE-B,1983.7,SCHEDULED
2025-05-06,OP0030,M0035,T00281,MEDIUM,2025-05-06 08:23:00,2025-05-06 09:51:54,Road Preparation,ZONE-A,1254.1,COMPLETED
2025-05-06,OP0046,M0025,T00343,MEDIUM,2025-05-06 11:02:00,2025-05-07 08:16:24,Demolition,ZONE-D,1130.1,COMPLETED
2025-05-06,OP0026,M0009,T00439,LOW,2025-05-06 07:52:00,2025-05-06 10:02:18,Trenching,ZONE-B,212.4,COMPLETED
2025-05-06,OP0020,M0008,T00760,MEDIUM,2025-05-06 14:02:00,2025-05-06 19:00:42,Earth Excavation,ZONE-B,791.5,COMPLETED
2025-05-06,OP0041,M0021,T00361,MEDIUM,2025-05-06 10:18:00,2025-05-06 13:32:48,Road Preparation,ZONE-A,1982.1,CANCELLED
2025-05-07,OP0027,M0023,T00756,URGENT,2025-05-07 14:09:00,2025-05-08 00:24:00,Material Loading,ZONE-A,1976.4,SCHEDULED
2025-05-07,OP0014,M0006,T00265,MEDIUM,2025-05-07 09:44:00,2025-05-07 14:50:18,Trenching,ZONE-D,593.9,COMPLETED
2025-05-07,OP0002,M0023,T00641,MEDIUM,2025-05-07 08:37:00,2025-05-07 14:50:30,Material Loading,ZONE-D,1868.4,COMPLETED
2025-05-08,OP0010,M0004,T00374,LOW,2025-05-08 11:02:00,2025-05-08 16:15:24,Road Preparation,ZONE-C,4365.4,IN_PROGRESS
2025-05-08,OP0013,M0021,T00482,LOW,2025-05-08 13:58:00,2025-05-08 17:25:36,Grading,ZONE-A,4425.0,CANCELLED
2025-05-08,OP0001,M0026,T00529,LOW,2025-05-08 13:35:00,2025-05-08 15:05:12,Grading,ZONE-C,2291.9,COMPLETED
2025-05-08,OP0023,M0039,DT00091,MEDIUM,2025-05-08 11:00:00,2025-05-08 13:24:00,Trenching,ZONE-D,1648.6,COMPLETED
2025-05-09,OP0051,M0014,T00175,URGENT,2025-05-09 09:56:00,2025-05-09 10:18:00,Soil Compaction,ZONE-B,406.9,COMPLETED
2025-05-09,OP0033,M0034,T00079,URGENT,2025-05-09 11:19:00,2025-05-09 14:06:48,Earth Excavation,ZONE-A,694.7,DELAYED
2025-05-10,OP0017,M0010,DT00127,MEDIUM,2025-05-10 14:00:00,2025-05-10 18:32:00,Grading,ZONE-A,251.3,COMPLETED
2025-05-10,OP0043,M0023,T00341,LOW,2025-05-10 13:31:00,2025-05-10 21:50:54,Road Preparation,ZONE-B,4431.7,COMPLETED
2025-05-10,OP0039,M0023,T00033,LOW,2025-05-10 10:33:00,2025-05-10 15:30:42,Material Loading,ZONE-A,1301.5,COMPLETED
2025-05-11,OP0014,M0042,T00249,LOW,2025-05-11 15:05:00,2025-05-11 16:59:18,Material Stockpiling,ZONE-A,624.9,CANCELLED
2025-05-11,OP0015,M0010,T00103,MEDIUM,2025-05-11 09:32:00,2025-05-12 02:36:06,Material Loading,ZONE-D,1887.8,COMPLETED
2025-05-11,OP0035,M0019,T00203,LOW,2025-05-11 15:18:00,2025-05-11 17:10:36,Trenching,ZONE-C,220.3,SCHEDULED
2025-05-12,OP0050,M0041,T00528,MEDIUM,2025-05-12 07:51:00,2025-05-12 11:41:42,Trenching,ZONE-A,458.6,COMPLETED
2025-05-12,OP0006,M0016,T00045,MEDIUM,2025-05-12 08:15:00,2025-05-12 12:09:42,Road Preparation,ZONE-C,3674.3,IN_PROGRESS
2025-05-12,OP0001,M0014,T00546,LOW,2025-05-12 13:15:00,2025-05-12 17:29:36,Soil Compaction,ZONE-D,4757.0,DELAYED
2025-05-12,OP0031,M0025,T00241,LOW,2025-05-12 14:03:00,2025-05-12 21:41:48,Material Stockpiling,ZONE-B,2188.8,IN_PROGRESS
2025-05-12,OP0047,M0009,T00625,MEDIUM,2025-05-12 11:01:00,2025-05-12 12:39:36,Material Loading,ZONE-C,496.2,DELAYED
2025-05-13,OP0021,M0013,T00587,HIGH,2025-05-13 11:45:00,2025-05-13 12:27:36,Trenching,ZONE-C,73.9,IN_PROGRESS
2025-05-13,OP0031,M0020,T00695,MEDIUM,2025-05-13 13:02:00,2025-05-13 18:37:24,Trenching,ZONE-A,567.1,DELAYED
2025-05-13,OP0051,M0010,DT00059,LOW,2025-05-13 15:00:00,2025-05-13 16:43:00,Material Stockpiling,ZONE-C,1716.8,COMPLETED
2025-05-13,OP0023,M0034,T00320,LOW,2025-05-13 10:45:00,2025-05-13 16:06:00,Trenching,ZONE-B,447.0,CANCELLED
2025-05-13,OP0054,M0022,DT00153,MEDIUM,2025-05-13 15:00:00,2025-05-13 17:11:00,Grading,ZONE-B,1935.7,COMPLETED
2025-05-13,OP0006,M0027,T00519,HIGH,2025-05-13 07:28:00,2025-05-13 10:49:12,Trenching,ZONE-B,409.4,COMPLETED
2025-05-14,OP0019,M0001,DT00190,HIGH,2025-05-14 12:00:00,2025-05-14 13:13:00,Material Loading,ZONE-A,1439.6,COMPLETED
2025-05-14,OP0039,M0017,T00786,HIGH,2025-05-14 12:20:00,2025-05-14 22:46:18,Trenching,ZONE-D,514.8,IN_PROGRESS
2025-05-14,OP0040,M0014,T00138,MEDIUM,2025-05-14 06:40:00,2025-05-14 16:28:06,Road Preparation,ZONE-D,4136.7,COMPLETED
2025-05-14,OP0055,M0009,T00262,MEDIUM,2025-05-14 09:33:00,2025-05-14 18:30:42,Grading,ZONE-A,5638.0,COMPLETED
2025-05-15,OP0017,M0029,T00549,MEDIUM,2025-05-15 12:12:00,2025-05-15 16:32:42,Demolition,ZONE-A,650.0,DELAYED
2025-05-15,OP0036,M0014,T00628,HIGH,2025-05-15 06:42:00,2025-05-15 13:47:24,Material Stockpiling,ZONE-A,1275.3,CANCELLED
2025-05-15,OP0053,M0004,T00649,LOW,2025-05-15 15:49:00,2025-05-15 20:04:24,Grading,ZONE-B,5238.9,DELAYED
2025-05-15,OP0007,M0021,T00444,MEDIUM,2025-05-15 09:16:00,2025-05-16 13:42:36,Hauling,ZONE-C,2231.2,COMPLETED
2025-05-15,OP0004,M0019,T00119,LOW,2025-05-15 14:33:00,2025-05-16 04:35:18,Material Loading,ZONE-C,2189.9,COMPLETED
2025-05-16,OP0017,M0036,T00125,LOW,2025-05-16 15:43:00,2025-05-17 00:48:06,Demolition,ZONE-A,1344.7,CANCELLED
2025-05-16,OP0014,M0005,T00266,MEDIUM,2025-05-16 13:53:00,2025-05-16 20:09:06,Hauling,ZONE-B,1303.6,CANCELLED
2025-05-16,OP0020,M0038,T00510,LOW,2025-05-16 09:59:00,2025-05-16 13:53:24,Material Stockpiling,ZONE-B,819.2,IN_PROGRESS
2025-05-16,OP0007,M0003,T00426,LOW,2025-05-16 12:06:00,2025-05-16 16:31:00,Demolition,ZONE-A,503.8,COMPLETED
2025-05-16,OP0043,M0030,T00190,LOW,2025-05-16 12:40:00,2025-05-16 16:00:42,Demolition,ZONE-D,593.4,COMPLETED
2025-05-17,OP0022,M0035,T00401,MEDIUM,2025-05-17 10:39:00,2025-05-17 13:26:06,Grading,ZONE-D,3445.1,CANCELLED
2025-05-17,OP0013,M0011,T00208,MEDIUM,2025-05-17 14:31:00,2025-05-17 16:47:54,Trenching,ZONE-D,226.2,CANCELLED
2025-05-17,OP0006,M0002,T00611,MEDIUM,2025-05-17 08:42:00,2025-05-17 16:59:00,Material Loading,ZONE-C,2408.9,IN_PROGRESS
2025-05-17,OP0024,M0013,DT00129,URGENT,2025-05-17 12:00:00,2025-05-17 17:54:00,Hauling,ZONE-A,720.0,COMPLETED
2025-05-17,OP0003,M0040,T00316,LOW,2025-05-17 12:36:00,2025-05-17 14:25:30,Material Loading,ZONE-B,463.8,COMPLETED
2025-05-17,OP0020,M0028,DT00173,HIGH,2025-05-17 06:00:00,2025-05-17 07:39:00,Road Preparation,ZONE-C,1047.0,COMPLETED
2025-05-17,OP0011,M0036,T00713,MEDIUM,2025-05-17 14:04:00,2025-05-17 20:46:54,Demolition,ZONE-D,739.5,DELAYED
2025-05-18,OP0047,M0035,T00254,MEDIUM,2025-05-18 10:56:00,2025-05-18 14:49:24,Road Preparation,ZONE-D,3735.8,COMPLETED
2025-05-18,OP0032,M0031,T00440,MEDIUM,2025-05-18 12:20:00,2025-05-18 14:12:36,Soil Compaction,ZONE-A,1657.6,DELAYED
2025-05-18,OP0037,M0005,T00134,LOW,2025-05-18 06:59:00,2025-05-18 12:29:12,Trenching,ZONE-D,315.9,SCHEDULED
2025-05-18,OP0005,M0007,T00144,HIGH,2025-05-18 15:16:00,2025-05-18 18:12:18,Soil Compaction,ZONE-A,3926.4,COMPLETED
2025-05-18,OP0051,M0013,T00615,HIGH,2025-05-18 15:38:00,2025-05-18 17:57:36,Trenching,ZONE-D,282.8,COMPLETED
2025-05-19,OP0052,M0023,T00237,LOW,2025-05-19 08:16:00,2025-05-19 15:40:12,Material Stockpiling,ZONE-B,1686.5,COMPLETED
2025-05-19,OP0053,M0022,T00441,LOW,2025-05-19 08:03:00,2025-05-19 12:32:30,Hauling,ZONE-B,807.3,CANCELLED
2025-05-20,OP0028,M0015,T00545,LOW,2025-05-20 11:58:00,2025-05-20 14:41:54,Trenching,ZONE-C,281.6,COMPLETED
2025-05-20,OP0048,M0010,DT00087,LOW,2025-05-20 13:00:00,2025-05-20 17:19:00,Hauling,ZONE-A,817.7,COMPLETED
2025-05-20,OP0004,M0002,T00167,HIGH,2025-05-20 09:15:00,2025-05-20 16:02:30,Material Loading,ZONE-B,2016.6,DELAYED
2025-05-20,OP0027,M0008,T00020,LOW,2025-05-20 13:57:00,2025-05-20 17:45:42,Earth Excavation,ZONE-B,621.0,COMPLETED
2025-05-20,OP0023,M0017,T00810,MEDIUM,2025-05-20 10:41:00,2025-05-20 19:40:06,Road Preparation,ZONE-A,5894.9,DELAYED
2025-05-20,OP0033,M0010,T00816,MEDIUM,2025-05-20 13:34:00,2025-05-21 00:28:36,Hauling,ZONE-A,2181.3,COMPLETED
2025-05-20,OP0029,M0024,T00674,LOW,2025-05-20 14:27:00,2025-05-20 17:43:18,Material Loading,ZONE-B,635.1,SCHEDULED
2025-05-20,OP0052,M0015,T00837,HIGH,2025-05-20 12:14:00,2025-05-20 13:25:36,Demolition,ZONE-B,143.8,IN_PROGRESS
2025-05-20,OP0004,M0013,T00690,LOW,2025-05-20 13:05:00,2025-05-20 16:19:18,Trenching,ZONE-A,398.2,CANCELLED
2025-05-21,OP0053,M0036,T00010,MEDIUM,2025-05-21 07:40:00,2025-05-21 14:27:54,Material Stockpiling,ZONE-A,1874.9,COMPLETED
2025-05-21,OP0019,M0020,T00850,HIGH,2025-05-21 13:22:00,2025-05-21 20:03:30,Trenching,ZONE-A,523.6,SCHEDULED
2025-05-22,OP0012,M0004,T00670,HIGH,2025-05-22 15:21:00,2025-05-22 17:11:06,Grading,ZONE-C,2268.3,COMPLETED
2025-05-22,OP0016,M0034,T00127,LOW,2025-05-22 13:24:00,2025-05-22 14:47:54,Demolition,ZONE-D,159.7,COMPLETED
2025-05-22,OP0042,M0016,T00537,LOW,2025-05-22 08:40:00,2025-05-22 11:08:12,Road Preparation,ZONE-C,1943.3,SCHEDULED
2025-05-22,OP0038,M0021,T00394,MEDIUM,2025-05-22 09:29:00,2025-05-22 11:08:00,Grading,ZONE-D,2112.9,COMPLETED
2025-05-23,OP0032,M0014,DT00149,MEDIUM,2025-05-23 11:00:00,2025-05-23 12:25:00,Demolition,ZONE-D,123.4,SCHEDULED
2025-05-23,OP0019,M0027,T00579,MEDIUM,2025-05-23 10:54:00,2025-05-23 22:01:36,Material Stockpiling,ZONE-B,1205.2,COMPLETED
2025-05-24,OP0040,M0007,T00686,MEDIUM,2025-05-24 11:41:00,2025-05-24 16:15:42,Trenching,ZONE-C,244.0,COMPLETED
2025-05-24,OP0004,M0006,T00783,LOW,2025-05-24 15:58:00,2025-05-24 17:25:24,Trenching,ZONE-B,170.2,COMPLETED
2025-05-24,OP0029,M0031,T00515,HIGH,2025-05-24 14:42:00,2025-05-25 00:16:00,Material Loading,ZONE-C,1895.8,CANCELLED
2025-05-24,OP0015,M0039,T00835,HIGH,2025-05-24 14:07:00,2025-05-24 20:44:36,Material Loading,ZONE-A,1229.6,DELAYED
2025-05-25,OP0027,M0038,T00113,LOW,2025-05-25 07:00:00,2025-05-25 16:51:36,Material Stockpiling,ZONE-A,2139.5,SCHEDULED
2025-05-25,OP0026,M0040,T00503,MEDIUM,2025-05-25 10:39:00,2025-05-25 18:43:00,Material Loading,ZONE-B,2006.0,CANCELLED
2025-05-25,OP0024,M0004,T00434,HIGH,2025-05-25 12:28:00,2025-05-25 14:41:18,Grading,ZONE-D,3358.4,COMPLETED
2025-05-25,OP0003,M0027,T00521,URGENT,2025-05-25 13:36:00,2025-05-25 17:24:48,Road Preparation,ZONE-A,1513.0,COMPLETED
2025-05-25,OP0014,M0031,T00497,MEDIUM,2025-05-25 15:13:00,2025-05-25 21:38:18,Material Stockpiling,ZONE-D,2148.7,SCHEDULED
2025-05-25,OP0009,M0023,T00414,MEDIUM,2025-05-25 08:33:00,2025-05-25 11:34:18,Material Stockpiling,ZONE-C,631.5,COMPLETED
2025-05-26,OP0052,M0017,DT00171,MEDIUM,2025-05-26 14:00:00,2025-05-26 19:18:00,Soil Compaction,ZONE-C,861.8,SCHEDULED
2025-05-26,OP0032,M0003,T00005,HIGH,2025-05-26 07:42:00,2025-05-26 13:04:12,Demolition,ZONE-C,912.6,SCHEDULED
2025-05-26,OP0055,M0018,T00261,HIGH,2025-05-26 13:13:00,2025-05-26 17:22:42,Earth Excavation,ZONE-B,835.1,COMPLETED
2025-05-26,OP0016,M0040,T00371,MEDIUM,2025-05-26 08:27:00,2025-05-26 13:33:42,Material Loading,ZONE-C,1013.6,DELAYED
2025-05-26,OP0014,M0029,T00808,MEDIUM,2025-05-26 12:14:00,2025-05-26 17:59:30,Road Preparation,ZONE-C,5621.8,COMPLETED
2025-05-26,OP0055,M0021,DT00037,LOW,2025-05-26 07:00:00,2025-05-26 12:30:00,Trenching,ZONE-C,1198.8,DELAYED
2025-05-27,OP0035,M0017,DT00179,HIGH,2025-05-27 12:00:00,2025-05-27 15:09:00,Road Preparation,ZONE-C,1955.7,COMPLETED
2025-05-27,OP0016,M0039,T00806,HIGH,2025-05-27 06:16:00,2025-05-27 10:08:48,Material Loading,ZONE-A,738.0,COMPLETED
2025-05-27,OP0031,M0004,DT00167,MEDIUM,2025-05-27 06:00:00,2025-05-27 07:00:00,Soil Compaction,ZONE-B,1689.2,COMPLETED
2025-05-27,OP0008,M0033,T00318,LOW,2025-05-27 14:14:00,2025-05-27 16:13:30,Grading,ZONE-C,1892.9,IN_PROGRESS
2025-05-27,OP0053,M0023,T00392,MEDIUM,2025-05-27 06:13:00,2025-05-27 16:18:54,Demolition,ZONE-C,743.0,DELAYED
2025-05-28,OP0039,M0041,T00418,LOW,2025-05-28 11:14:00,2025-05-28 13:07:36,Soil Compaction,ZONE-D,2033.9,CANCELLED
2025-05-28,OP0046,M0017,DT00006,HIGH,2025-05-28 08:00:00,2025-05-28 12:09:00,Earth Excavation,ZONE-B,924.0,COMPLETED
2025-05-28,OP0012,M0023,T00048,LOW,2025-05-28 14:42:00,2025-05-28 16:58:54,Material Loading,ZONE-D,582.9,COMPLETED
2025-05-28,OP0018,M0031,T00242,MEDIUM,2025-05-28 12:59:00,2025-05-28 19:36:06,Material Stockpiling,ZONE-D,1930.4,COMPLETED
2025-05-29,OP0014,M0036,T00306,MEDIUM,2025-05-29 09:46:00,2025-05-29 14:29:24,Demolition,ZONE-B,828.1,DELAYED
2025-05-29,OP0050,M0021,DT00187,URGENT,2025-05-29 15:00:00,2025-05-29 17:24:00,Soil Compaction,ZONE-C,1091.9,SCHEDULED
2025-05-29,OP0047,M0001,T00566,LOW,2025-05-29 08:11:00,2025-05-29 10:22:12,Earth Excavation,ZONE-D,538.5,CANCELLED
2025-05-30,OP0027,M0038,T00513,MEDIUM,2025-05-30 14:22:00,2025-05-30 20:44:12,Demolition,ZONE-C,724.4,DELAYED
2025-05-30,OP0004,M0029,T00606,MEDIUM,2025-05-30 15:43:00,2025-05-30 16:56:06,Material Stockpiling,ZONE-B,394.6,DELAYED
2025-05-30,OP0014,M0018,T00268,HIGH,2025-05-30 08:05:00,2025-05-30 09:36:24,Earth Excavation,ZONE-D,357.2,SCHEDULED
2025-05-31,OP0044,M0011,T00740,MEDIUM,2025-05-31 06:06:00,2025-05-31 11:37:30,Trenching,ZONE-B,519.4,COMPLETED
2025-05-31,OP0043,M0010,T00226,MEDIUM,2025-05-31 09:13:00,2025-05-31 14:10:48,Earth Excavation,ZONE-A,626.8,IN_PROGRESS
2025-06-01,OP0022,M0017,T00349,LOW,2025-06-01 07:18:00,2025-06-01 11:09:12,Road Preparation,ZONE-A,3321.6,COMPLETED
2025-06-01,OP0029,M0002,T00300,MEDIUM,2025-06-01 07:00:00,2025-06-01 19:15:18,Material Loading,ZONE-B,2423.1,COMPLETED
2025-06-02,OP0004,M0008,T00554,MEDIUM,2025-06-02 09:16:00,2025-06-02 13:59:30,Demolition,ZONE-D,816.1,SCHEDULED
2025-06-02,OP0029,M0021,T00746,HIGH,2025-06-02 08:13:00,2025-06-02 18:57:00,Demolition,ZONE-C,573.3,CANCELLED
2025-06-02,OP0016,M0040,T00692,LOW,2025-06-02 07:16:00,2025-06-02 13:23:54,Material Stockpiling,ZONE-A,1376.4,CANCELLED
2025-06-02,OP0007,M0015,T00195,LOW,2025-06-02 07:15:00,2025-06-02 09:31:54,Demolition,ZONE-C,265.6,COMPLETED
2025-06-03,OP0006,M0037,T00143,LOW,2025-06-03 08:47:00,2025-06-03 18:51:24,Material Stockpiling,ZONE-C,2215.3,COMPLETED
2025-06-03,OP0011,M0017,T00360,MEDIUM,2025-06-03 09:52:00,2025-06-03 15:39:06,Road Preparation,ZONE-C,3611.3,DELAYED
2025-06-03,OP0008,M0002,T00706,LOW,2025-06-03 09:19:00,2025-06-03 13:02:36,Material Stockpiling,ZONE-C,818.1,COMPLETED
2025-06-04,OP0035,M0006,DT00058,LOW,2025-06-04 11:00:00,2025-06-04 13:07:00,Trenching,ZONE-A,264.9,COMPLETED
2025-06-04,OP0023,M0016,T00315,MEDIUM,2025-06-04 15:09:00,2025-06-04 22:58:36,Road Preparation,ZONE-A,5179.0,COMPLETED
2025-06-05,OP0025,M0019,T00748,HIGH,2025-06-05 15:34:00,2025-06-05 20:26:54,Trenching,ZONE-A,518.5,COMPLETED
2025-06-05,OP0024,M0010,T00747,HIGH,2025-06-05 08:36:00,2025-06-05 13:37:00,Hauling,ZONE-B,1014.9,IN_PROGRESS
2025-06-06,OP0029,M0004,DT00115,MEDIUM,2025-06-06 11:00:00,2025-06-06 14:32:00,Earth Excavation,ZONE-D,1349.3,COMPLETED
2025-06-06,OP0055,M0020,DT00198,LOW,2025-06-06 08:00:00,2025-06-06 12:10:00,Material Stockpiling,ZONE-C,651.5,DELAYED
2025-06-06,OP0009,M0014,DT00104,MEDIUM,2025-06-06 14:00:00,2025-06-06 18:52:00,Soil Compaction,ZONE-C,1510.1,COMPLETED
2025-06-07,OP0010,M0017,T00065,MEDIUM,2025-06-07 10:15:00,2025-06-07 11:10:12,Grading,ZONE-D,1207.3,COMPLETED
2025-06-07,OP0036,M0016,T00357,MEDIUM,2025-06-07 13:58:00,2025-06-07 17:03:36,Road Preparation,ZONE-D,2531.2,IN_PROGRESS
2025-06-07,OP0054,M0006,T00176,MEDIUM,2025-06-07 11:10:00,2025-06-07 13:04:30,Trenching,ZONE-A,199.5,IN_PROGRESS
2025-06-07,OP0042,M0008,DT00176,LOW,2025-06-07 06:00:00,2025-06-07 07:14:00,Trenching,ZONE-C,241.6,COMPLETED
2025-06-07,OP0031,M0003,T00098,MEDIUM,2025-06-07 07:34:00,2025-06-07 16:23:18,Demolition,ZONE-D,1375.9,COMPLETED
2025-06-08,OP0004,M0013,T00151,HIGH,2025-06-08 11:45:00,2025-06-08 13:03:30,Trenching,ZONE-D,151.0,COMPLETED
2025-06-08,OP0004,M0038,T00832,LOW,2025-06-08 12:04:00,2025-06-08 18:48:24,Demolition,ZONE-D,1142.8,CANCELLED
2025-06-08,OP0033,M0020,T00271,MEDIUM,2025-06-08 06:59:00,2025-06-08 07:34:06,Trenching,ZONE-C,67.6,COMPLETED
2025-06-09,OP0016,M0004,T00346,LOW,2025-06-09 14:24:00,2025-06-09 16:52:24,Road Preparation,ZONE-B,1625.9,COMPLETED
2025-06-09,OP0025,M0036,T00598,MEDIUM,2025-06-09 14:34:00,2025-06-09 20:26:00,Road Preparation,ZONE-C,4962.6,COMPLETED
2025-06-09,OP0046,M0028,T00247,URGENT,2025-06-09 06:17:00,2025-06-09 09:16:24,Trenching,ZONE-B,245.4,IN_PROGRESS
2025-06-09,OP0017,M0023,T00591,LOW,2025-06-09 10:04:00,2025-06-09 17:54:36,Material Loading,ZONE-C,2070.4,COMPLETED
2025-06-10,OP0041,M0017,T00446,HIGH,2025-06-10 15:01:00,2025-06-10 16:29:18,Grading,ZONE-C,1425.3,COMPLETED
2025-06-10,OP0015,M0002,DT00020,HIGH,2025-06-10 07:00:00,2025-06-10 10:02:00,Demolition,ZONE-A,1753.3,SCHEDULED
2025-06-10,OP0035,M0035,T00041,URGENT,2025-06-10 14:53:00,2025-06-10 17:53:12,Grading,ZONE-B,4290.7,COMPLETED
2025-06-10,OP0041,M0033,T00344,LOW,2025-06-10 12:33:00,2025-06-10 23:55:00,Earth Excavation,ZONE-B,1097.6,DELAYED
2025-06-11,OP0019,M0032,T00289,LOW,2025-06-11 07:21:00,2025-06-11 13:33:48,Material Stockpiling,ZONE-C,1364.7,COMPLETED
2025-06-11,OP0037,M0010,T00152,MEDIUM,2025-06-11 09:47:00,2025-06-11 11:59:18,Hauling,ZONE-C,376.8,COMPLETED
2025-06-11,OP0052,M0016,T00059,LOW,2025-06-11 14:27:00,2025-06-11 18:28:48,Road Preparation,ZONE-D,2657.0,COMPLETED
2025-06-11,OP0018,M0028,T00034,URGENT,2025-06-11 12:46:00,2025-06-11 13:56:00,Trenching,ZONE-C,118.1,COMPLETED
2025-06-11,OP0012,M0003,T00799,MEDIUM,2025-06-11 11:35:00,2025-06-11 14:29:12,Road Preparation,ZONE-A,2346.0,COMPLETED
2025-06-11,OP0046,M0034,T00339,MEDIUM,2025-06-11 08:20:00,2025-06-11 10:01:06,Grading,ZONE-A,800.0,COMPLETED
2025-06-12,OP0012,M0008,T00476,MEDIUM,2025-06-12 09:33:00,2025-06-12 12:07:54,Demolition,ZONE-D,375.9,CANCELLED
2025-06-12,OP0054,M0012,T00595,LOW,2025-06-12 06:39:00,2025-06-12 08:16:18,Grading,ZONE-A,1080.0,SCHEDULED
2025-06-12,OP0021,M0031,T00493,MEDIUM,2025-06-12 10:53:00,2025-06-12 15:53:54,Demolition,ZONE-B,433.3,DELAYED
2025-06-12,OP0012,M0018,T00391,MEDIUM,2025-06-12 08:14:00,2025-06-12 09:40:18,Soil Compaction,ZONE-D,1246.0,IN_PROGRESS
2025-06-13,OP0026,M0038,T00766,HIGH,2025-06-13 10:43:00,2025-06-13 16:48:30,Road Preparation,ZONE-A,4707.2,DELAYED
2025-06-13,OP0021,M0029,DT00113,LOW,2025-06-13 13:00:00,2025-06-13 17:43:00,Earth Excavation,ZONE-A,1189.4,DELAYED
2025-06-13,OP0018,M0030,T00001,LOW,2025-06-13 11:39:00,2025-06-13 15:01:24,Trenching,ZONE-C,361.7,DELAYED
2025-06-14,OP0041,M0030,DT00155,MEDIUM,2025-06-14 08:00:00,2025-06-14 13:37:00,Material Loading,ZONE-C,1313.5,IN_PROGRESS
2025-06-14,OP0039,M0038,T00154,MEDIUM,2025-06-14 11:07:00,2025-06-14 17:41:06,Demolition,ZONE-A,1012.9,SCHEDULED
2025-06-15,OP0029,M0006,T00218,MEDIUM,2025-06-15 06:32:00,2025-06-15 10:29:24,Trenching,ZONE-A,313.4,COMPLETED
2025-06-15,OP0033,M0004,T00638,HIGH,2025-06-15 06:06:00,2025-06-15 09:38:48,Grading,ZONE-C,5236.4,SCHEDULED
2025-06-15,OP0010,M0028,T00032,LOW,2025-06-15 07:19:00,2025-06-15 12:27:30,Trenching,ZONE-C,528.1,COMPLETED
2025-06-15,OP0035,M0030,T00397,LOW,2025-06-15 13:33:00,2025-06-15 17:41:18,Trenching,ZONE-D,502.1,IN_PROGRESS
2025-06-16,OP0031,M0020,T00585,LOW,2025-06-16 15:15:00,2025-06-16 17:13:54,Trenching,ZONE-D,204.6,DELAYED
2025-06-16,OP0027,M0032,DT00138,HIGH,2025-06-16 12:00:00,2025-06-16 16:14:00,Earth Excavation,ZONE-C,307.3,DELAYED
2025-06-16,OP0025,M0038,T00133,LOW,2025-06-16 06:57:00,2025-06-16 09:33:12,Material Loading,ZONE-D,324.1,SCHEDULED
2025-06-16,OP0006,M0028,T00205,MEDIUM,2025-06-16 06:50:00,2025-06-16 08:07:48,Hauling,ZONE-B,135.4,COMPLETED
2025-06-17,OP0043,M0035,T00027,MEDIUM,2025-06-17 10:08:00,2025-06-17 14:22:24,Road Preparation,ZONE-B,4024.7,IN_PROGRESS
2025-06-18,OP0020,M0012,DT00017,LOW,2025-06-18 06:00:00,2025-06-18 08:36:00,Trenching,ZONE-B,1640.3,COMPLETED
2025-06-18,OP0044,M0002,T00311,MEDIUM,2025-06-18 07:54:00,2025-06-18 12:17:00,Material Loading,ZONE-B,1006.0,CANCELLED
2025-06-18,OP0049,M0017,T00618,LOW,2025-06-18 08:31:00,2025-06-18 09:38:42,Road Preparation,ZONE-D,866.2,IN_PROGRESS
2025-06-18,OP0049,M0013,T00779,MEDIUM,2025-06-18 09:28:00,2025-06-18 10:05:00,Trenching,ZONE-D,58.2,COMPLETED
2025-06-18,OP0011,M0033,T00774,LOW,2025-06-18 11:11:00,2025-06-18 14:19:00,Grading,ZONE-B,3074.7,CANCELLED
2025-06-18,OP0055,M0029,T00230,MEDIUM,2025-06-18 08:28:00,2025-06-18 09:28:30,Road Preparation,ZONE-A,795.7,IN_PROGRESS
2025-06-18,OP0006,M0001,T00345,LOW,2025-06-18 08:43:00,2025-06-18 12:43:00,Trenching,ZONE-D,472.0,COMPLETED
2025-06-19,OP0004,M0001,T00792,MEDIUM,2025-06-19 11:03:00,2025-06-19 13:06:36,Earth Excavation,ZONE-D,513.3,CANCELLED
2025-06-19,OP0006,M0022,T00557,HIGH,2025-06-19 06:29:00,2025-06-19 09:43:42,Soil Compaction,ZONE-C,3317.5,SCHEDULED
2025-06-19,OP0055,M0040,T00846,MEDIUM,2025-06-19 07:52:00,2025-06-19 12:10:12,Material Stockpiling,ZONE-C,1180.1,COMPLETED
2025-06-20,OP0010,M0036,T00097,MEDIUM,2025-06-20 13:23:00,2025-06-20 19:17:42,Material Stockpiling,ZONE-D,1630.4,COMPLETED
2025-06-20,OP0007,M0030,T00650,URGENT,2025-06-20 08:10:00,2025-06-20 23:11:18,Road Preparation,ZONE-A,5670.6,COMPLETED
2025-06-20,OP0049,M0018,DT00036,LOW,2025-06-20 10:00:00,2025-06-20 11:45:00,Material Stockpiling,ZONE-A,237.6,IN_PROGRESS
2025-06-20,OP0023,M0027,T00730,MEDIUM,2025-06-20 08:08:00,2025-06-20 13:42:42,Demolition,ZONE-A,671.7,COMPLETED
2025-06-20,OP0017,M0010,T00722,URGENT,2025-06-20 11:42:00,2025-06-20 22:07:54,Hauling,ZONE-B,1803.9,COMPLETED
2025-06-20,OP0016,M0022,T00709,MEDIUM,2025-06-20 15:28:00,2025-06-21 02:53:00,Trenching,ZONE-B,550.7,COMPLETED
2025-06-21,OP0030,M0021,T00356,MEDIUM,2025-06-21 11:37:00,2025-06-21 14:07:36,Soil Compaction,ZONE-B,1960.1,COMPLETED
2025-06-21,OP0046,M0002,T00512,MEDIUM,2025-06-21 12:55:00,2025-06-21 13:48:36,Material Loading,ZONE-C,174.2,COMPLETED
2025-06-22,OP0013,M0034,T00322,LOW,2025-06-22 12:23:00,2025-06-22 14:52:18,Earth Excavation,ZONE-A,504.6,SCHEDULED
2025-06-22,OP0028,M0013,T00664,MEDIUM,2025-06-22 11:21:00,2025-06-22 14:38:48,Trenching,ZONE-A,344.4,COMPLETED
2025-06-22,OP0003,M0039,T00661,HIGH,2025-06-22 08:40:00,2025-06-22 13:32:24,Trenching,ZONE-A,522.6,IN_PROGRESS
2025-06-22,OP0003,M0040,DT00027,LOW,2025-06-22 10:00:00,2025-06-22 13:57:00,Road Preparation,ZONE-D,476.6,DELAYED
2025-06-22,OP0043,M0030,T00070,HIGH,2025-06-22 07:36:00,2025-06-22 12:11:30,Earth Excavation,ZONE-D,1082.5,CANCELLED
2025-06-23,OP0021,M0003,T00240,HIGH,2025-06-23 07:52:00,2025-06-23 11:45:30,Material Stockpiling,ZONE-B,1142.5,COMPLETED
2025-06-24,OP0004,M0038,DT00146,LOW,2025-06-24 15:00:00,2025-06-24 19:38:00,Demolition,ZONE-B,253.2,COMPLETED
2025-06-24,OP0027,M0039,T00543,LOW,2025-06-24 07:27:00,2025-06-24 08:28:00,Earth Excavation,ZONE-C,162.9,DELAYED
2025-06-24,OP0049,M0030,T00703,LOW,2025-06-24 15:25:00,2025-06-24 19:59:30,Demolition,ZONE-D,651.2,DELAYED
2025-06-24,OP0003,M0010,DT00031,MEDIUM,2025-06-24 15:00:00,2025-06-24 16:50:00,Material Stockpiling,ZONE-D,816.0,IN_PROGRESS
2025-06-25,OP0048,M0021,T00024,URGENT,2025-06-25 13:56:00,2025-06-25 18:50:06,Soil Compaction,ZONE-D,3621.7,COMPLETED
2025-06-25,OP0014,M0015,T00162,MEDIUM,2025-06-25 15:49:00,2025-06-25 17:34:24,Material Loading,ZONE-B,537.4,COMPLETED
2025-06-25,OP0045,M0005,DT00174,MEDIUM,2025-06-25 06:00:00,2025-06-25 07:18:00,Soil Compaction,ZONE-D,1580.6,COMPLETED
2025-06-25,OP0004,M0041,T00581,LOW,2025-06-25 11:19:00,2025-06-25 11:50:24,Trenching,ZONE-A,60.3,CANCELLED
2025-06-25,OP0041,M0006,T00578,LOW,2025-06-25 06:50:00,2025-06-25 07:37:54,Trenching,ZONE-D,62.7,CANCELLED
2025-06-25,OP0025,M0030,DT00073,MEDIUM,2025-06-25 10:00:00,2025-06-25 12:21:00,Material Loading,ZONE-C,269.1,COMPLETED
2025-06-26,OP0011,M0031,T00759,HIGH,2025-06-26 12:02:00,2025-06-26 21:42:00,Demolition,ZONE-D,553.3,COMPLETED
2025-06-26,OP0038,M0001,T00342,LOW,2025-06-26 13:52:00,2025-06-26 18:30:06,Trenching,ZONE-C,476.0,COMPLETED
2025-06-26,OP0011,M0017,T00653,MEDIUM,2025-06-26 14:37:00,2025-06-26 20:25:06,Grading,ZONE-A,5680.6,COMPLETED
2025-06-27,OP0031,M0040,T00006,HIGH,2025-06-27 12:12:00,2025-06-27 17:22:36,Material Loading,ZONE-A,1332.3,SCHEDULED
2025-06-27,OP0011,M0039,DT00088,MEDIUM,2025-06-27 12:00:00,2025-06-27 16:38:00,Earth Excavation,ZONE-D,1272.9,DELAYED
2025-06-27,OP0032,M0017,DT00139,LOW,2025-06-27 14:00:00,2025-06-27 16:15:00,Soil Compaction,ZONE-D,183.4,IN_PROGRESS
2025-06-27,OP0008,M0026,T00323,LOW,2025-06-27 12:55:00,2025-06-27 21:59:48,Road Preparation,ZONE-A,5690.6,DELAYED
2025-06-28,OP0050,M0006,T00256,MEDIUM,2025-06-28 08:17:00,2025-06-29 00:48:06,Hauling,ZONE-D,1589.9,COMPLETED
2025-06-28,OP0034,M0029,T00411,HIGH,2025-06-28 13:48:00,2025-06-28 16:09:30,Trenching,ZONE-C,116.7,CANCELLED
2025-06-28,OP0055,M0020,T00551,URGENT,2025-06-28 15:04:00,2025-06-28 20:07:00,Trenching,ZONE-A,495.0,COMPLETED
2025-06-28,OP0042,M0021,DT00122,HIGH,2025-06-28 11:00:00,2025-06-28 14:37:00,Material Stockpiling,ZONE-A,1158.2,COMPLETED
2025-06-28,OP0012,M0013,T00148,LOW,2025-06-28 06:22:00,2025-06-28 12:14:30,Trenching,ZONE-A,572.7,DELAYED
2025-06-29,OP0035,M0008,T00382,URGENT,2025-06-29 14:55:00,2025-06-29 18:36:42,Earth Excavation,ZONE-B,863.7,COMPLETED
2025-06-29,OP0045,M0038,T00445,MEDIUM,2025-06-29 15:29:00,2025-06-29 19:14:06,Demolition,ZONE-D,442.0,IN_PROGRESS
2025-06-29,OP0048,M0022,T00487,LOW,2025-06-29 11:14:00,2025-06-29 15:47:54,Hauling,ZONE-D,820.4,COMPLETED
2025-06-29,OP0050,M0022,T00511,HIGH,2025-06-29 15:54:00,2025-06-30 01:05:18,Material Stockpiling,ZONE-A,1721.3,COMPLETED
2025-06-29,OP0002,M0001,T00712,LOW,2025-06-29 07:12:00,2025-06-29 07:57:36,Material Loading,ZONE-D,222.4,COMPLETED
2025-06-30,OP0051,M0029,T00669,HIGH,2025-06-30 08:25:00,2025-06-30 10:29:06,Material Stockpiling,ZONE-B,706.9,SCHEDULED
2025-06-30,OP0020,M0039,T00577,MEDIUM,2025-06-30 13:37:00,2025-06-30 17:47:36,Demolition,ZONE-B,460.6,COMPLETED
2025-07-01,OP0027,M0021,T00463,LOW,2025-07-01 15:03:00,2025-07-01 21:27:12,Road Preparation,ZONE-D,3984.4,CANCELLED
2025-07-01,OP0013,M0037,T00146,MEDIUM,2025-07-01 12:24:00,2025-07-01 17:33:54,Road Preparation,ZONE-C,4185.6,DELAYED
2025-07-01,OP0034,M0033,DT00192,MEDIUM,2025-07-01 09:00:00,2025-07-01 11:37:00,Trenching,ZONE-A,1404.3,DELAYED
2025-07-01,OP0004,M0037,T00544,URGENT,2025-07-01 08:10:00,2025-07-01 13:23:54,Road Preparation,ZONE-A,5166.6,COMPLETED
2025-07-02,OP0049,M0032,T00458,HIGH,2025-07-02 15:54:00,2025-07-02 23:24:30,Demolition,ZONE-B,1103.0,SCHEDULED
2025-07-03,OP0049,M0018,T00471,HIGH,2025-07-03 10:23:00,2025-07-03 11:32:24,Earth Excavation,ZONE-C,219.5,DELAYED
2025-07-03,OP0031,M0033,T00633,LOW,2025-07-03 11:27:00,2025-07-03 14:26:30,Road Preparation,ZONE-D,2403.3,COMPLETED
2025-07-03,OP0008,M0033,T00834,URGENT,2025-07-03 06:46:00,2025-07-03 09:08:00,Road Preparation,ZONE-B,1511.0,DELAYED
2025-07-03,OP0034,M0014,T00733,LOW,2025-07-03 12:09:00,2025-07-03 13:47:42,Hauling,ZONE-A,282.9,COMPLETED
2025-07-04,OP0053,M0014,T00688,LOW,2025-07-04 13:33:00,2025-07-04 17:25:18,Hauling,ZONE-B,673.3,COMPLETED
2025-07-04,OP0038,M0032,DT00055,LOW,2025-07-04 15:00:00,2025-07-04 17:59:00,Material Loading,ZONE-D,999.9,COMPLETED
2025-07-04,OP0007,M0003,T00347,HIGH,2025-07-04 11:19:00,2025-07-04 22:40:36,Demolition,ZONE-A,1251.4,IN_PROGRESS
2025-07-05,OP0027,M0022,T00701,LOW,2025-07-05 12:05:00,2025-07-06 02:24:42,Earth Excavation,ZONE-A,1146.6,SCHEDULED
2025-07-05,OP0027,M0024,DT00154,HIGH,2025-07-05 12:00:00,2025-07-05 16:15:00,Trenching,ZONE-B,859.8,CANCELLED
2025-07-06,OP0032,M0034,T00365,LOW,2025-07-06 07:21:00,2025-07-06 11:18:36,Earth Excavation,ZONE-D,920.1,DELAYED
2025-07-06,OP0009,M0033,T00101,HIGH,2025-07-06 11:36:00,2025-07-06 12:18:54,Road Preparation,ZONE-A,452.7,COMPLETED
2025-07-06,OP0036,M0011,T00233,MEDIUM,2025-07-06 09:05:00,2025-07-06 10:47:06,Trenching,ZONE-B,177.0,COMPLETED
2025-07-06,OP0033,M0009,T00114,LOW,2025-07-06 12:40:00,2025-07-06 20:19:36,Material Loading,ZONE-A,2266.0,COMPLETED
2025-07-06,OP0016,M0002,T00784,MEDIUM,2025-07-06 08:59:00,2025-07-07 00:53:12,Demolition,ZONE-A,842.9,COMPLETED
2025-07-07,OP0033,M0006,T00235,URGENT,2025-07-07 14:07:00,2025-07-07 16:22:54,Trenching,ZONE-D,266.2,COMPLETED
2025-07-07,OP0028,M0009,T00840,MEDIUM,2025-07-07 15:12:00,2025-07-07 19:46:06,Demolition,ZONE-C,698.2,CANCELLED
2025-07-07,OP0024,M0019,T00077,MEDIUM,2025-07-07 10:33:00,2025-07-07 21:05:06,Earth Excavation,ZONE-B,1281.1,SCHEDULED
2025-07-08,OP0032,M0015,T00206,MEDIUM,2025-07-08 13:55:00,2025-07-08 18:56:06,Earth Excavation,ZONE-C,1214.6,CANCELLED
2025-07-08,OP0028,M0040,T00558,MEDIUM,2025-07-08 08:11:00,2025-07-08 11:23:54,Material Stockpiling,ZONE-B,934.3,COMPLETED
2025-07-08,OP0017,M0013,T00061,MEDIUM,2025-07-08 09:13:00,2025-07-08 13:25:48,Trenching,ZONE-A,444.1,CANCELLED
2025-07-08,OP0004,M0035,T00524,MEDIUM,2025-07-08 12:48:00,2025-07-08 16:48:54,Grading,ZONE-D,5913.6,DELAYED
2025-07-08,OP0006,M0019,T00220,HIGH,2025-07-08 07:41:00,2025-07-08 13:38:00,Hauling,ZONE-C,756.7,CANCELLED
2025-07-08,OP0049,M0026,T00431,LOW,2025-07-08 14:55:00,2025-07-08 19:17:54,Grading,ZONE-A,5420.2,COMPLETED
2025-07-08,OP0016,M0037,T00777,MEDIUM,2025-07-08 09:02:00,2025-07-08 11:07:48,Road Preparation,ZONE-C,1354.4,IN_PROGRESS
2025-07-09,OP0040,M0030,DT00134,HIGH,2025-07-09 14:00:00,2025-07-09 15:09:00,Grading,ZONE-C,811.4,COMPLETED
2025-07-09,OP0027,M0035,T00776,LOW,2025-07-09 11:37:00,2025-07-09 13:47:06,Road Preparation,ZONE-D,1436.3,CANCELLED
2025-07-09,OP0046,M0016,T00612,MEDIUM,2025-07-09 13:43:00,2025-07-09 15:05:30,Road Preparation,ZONE-D,868.4,COMPLETED
2025-07-09,OP0036,M0019,DT00159,MEDIUM,2025-07-09 10:00:00,2025-07-09 11:48:00,Demolition,ZONE-B,382.3,CANCELLED
2025-07-09,OP0036,M0040,T00377,LOW,2025-07-09 07:59:00,2025-07-09 09:40:42,Road Preparation,ZONE-D,830.3,COMPLETED
2025-07-10,OP0010,M0011,T00117,MEDIUM,2025-07-10 09:50:00,2025-07-10 12:01:24,Material Loading,ZONE-D,292.9,COMPLETED
2025-07-10,OP0023,M0033,T00614,MEDIUM,2025-07-10 08:50:00,2025-07-10 10:03:24,Road Preparation,ZONE-A,805.3,COMPLETED
2025-07-11,OP0012,M0029,T00562,LOW,2025-07-11 13:39:00,2025-07-11 18:20:00,Road Preparation,ZONE-B,3680.8,COMPLETED
2025-07-11,OP0039,M0016,T00552,MEDIUM,2025-07-11 13:42:00,2025-07-11 17:56:00,Road Preparation,ZONE-B,3622.8,COMPLETED
2025-07-11,OP0050,M0004,T00189,URGENT,2025-07-11 15:12:00,2025-07-11 20:47:42,Road Preparation,ZONE-D,5580.1,COMPLETED
2025-07-11,OP0025,M0023,DT00083,MEDIUM,2025-07-11 12:00:00,2025-07-11 15:49:00,Demolition,ZONE-C,1354.6,SCHEDULED
2025-07-12,OP0045,M0025,T00812,HIGH,2025-07-12 14:27:00,2025-07-13 01:01:36,Material Loading,ZONE-B,2138.7,COMPLETED
2025-07-12,OP0016,M0023,T00754,URGENT,2025-07-12 06:43:00,2025-07-12 13:54:54,Trenching,ZONE-A,335.2,CANCELLED
2025-07-12,OP0010,M0017,T00438,URGENT,2025-07-12 12:54:00,2025-07-12 18:05:54,Trenching,ZONE-D,258.0,CANCELLED
2025-07-12,OP0029,M0027,DT00126,LOW,2025-07-12 08:00:00,2025-07-12 13:11:00,Soil Compaction,ZONE-B,1293.3,IN_PROGRESS
2025-07-13,OP0035,M0015,DT00097,HIGH,2025-07-13 10:00:00,2025-07-13 11:59:00,Trenching,ZONE-B,1471.3,DELAYED
2025-07-13,OP0049,M0020,T00307,MEDIUM,2025-07-13 06:40:00,2025-07-13 07:52:30,Earth Excavation,ZONE-D,121.3,COMPLETED
2025-07-13,OP0001,M0041,T00399,URGENT,2025-07-13 07:56:00,2025-07-13 12:01:06,Trenching,ZONE-A,496.8,SCHEDULED
2025-07-14,OP0053,M0003,T00080,LOW,2025-07-14 10:15:00,2025-07-14 12:22:36,Material Stockpiling,ZONE-D,613.9,COMPLETED
2025-07-14,OP0002,M0034,T00483,LOW,2025-07-14 08:29:00,2025-07-14 15:36:36,Material Loading,ZONE-A,2115.7,COMPLETED
2025-07-14,OP0006,M0022,T00715,LOW,2025-07-14 08:46:00,2025-07-14 12:25:42,Hauling,ZONE-B,738.6,SCHEDULED
2025-07-15,OP0014,M0010,DT00175,HIGH,2025-07-15 14:00:00,2025-07-15 17:15:00,Road Preparation,ZONE-D,288.9,DELAYED
2025-07-15,OP0053,M0021,DT00195,HIGH,2025-07-15 09:00:00,2025-07-15 11:21:00,Road Preparation,ZONE-D,1485.6,DELAYED
2025-07-15,OP0022,M0013,T00745,LOW,2025-07-15 08:07:00,2025-07-15 21:14:06,Material Stockpiling,ZONE-B,2441.0,CANCELLED
2025-07-16,OP0049,M0020,T00213,URGENT,2025-07-16 14:33:00,2025-07-16 16:35:42,Demolition,ZONE-C,132.7,IN_PROGRESS
2025-07-16,OP0033,M0019,T00120,HIGH,2025-07-16 07:17:00,2025-07-16 08:48:54,Trenching,ZONE-C,187.2,CANCELLED
2025-07-17,OP0023,M0007,T00817,LOW,2025-07-17 11:22:00,2025-07-17 15:37:30,Soil Compaction,ZONE-A,5458.2,COMPLETED
2025-07-17,OP0038,M0042,T00200,HIGH,2025-07-17 06:05:00,2025-07-17 14:12:36,Demolition,ZONE-D,1236.3,COMPLETED
2025-07-18,OP0050,M0035,T00744,MEDIUM,2025-07-18 09:19:00,2025-07-18 13:07:12,Road Preparation,ZONE-B,3634.1,IN_PROGRESS
2025-07-18,OP0003,M0006,T00624,MEDIUM,2025-07-18 08:23:00,2025-07-18 10:52:42,Trenching,ZONE-C,257.0,CANCELLED
2025-07-19,OP0004,M0002,DT00023,HIGH,2025-07-19 13:00:00,2025-07-19 17:55:00,Road Preparation,ZONE-C,1113.0,DELAYED
2025-07-19,OP0024,M0031,T00239,LOW,2025-07-19 08:06:00,2025-07-19 12:33:12,Material Stockpiling,ZONE-A,1435.3,CANCELLED
2025-07-19,OP0044,M0012,T00093,HIGH,2025-07-19 06:07:00,2025-07-19 06:57:42,Hauling,ZONE-D,134.9,COMPLETED
2025-07-20,OP0021,M0021,DT00028,LOW,2025-07-20 13:00:00,2025-07-20 15:47:00,Soil Compaction,ZONE-B,1998.7,COMPLETED
2025-07-20,OP0018,M0032,T00169,HIGH,2025-07-20 13:15:00,2025-07-20 18:24:06,Soil Compaction,ZONE-D,5211.0,IN_PROGRESS
2025-07-20,OP0043,M0028,DT00151,MEDIUM,2025-07-20 10:00:00,2025-07-20 13:55:00,Soil Compaction,ZONE-C,1064.6,DELAYED
2025-07-20,OP0001,M0005,DT00068,MEDIUM,2025-07-20 06:00:00,2025-07-20 10:31:00,Road Preparation,ZONE-D,1005.2,SCHEDULED
2025-07-20,OP0036,M0001,T00415,LOW,2025-07-20 15:44:00,2025-07-20 17:46:18,Material Loading,ZONE-D,539.0,IN_PROGRESS
2025-07-20,OP0039,M0019,DT00111,MEDIUM,2025-07-20 11:00:00,2025-07-20 14:22:00,Hauling,ZONE-C,1833.0,IN_PROGRESS
2025-07-20,OP0044,M0039,T00429,LOW,2025-07-20 10:05:00,2025-07-20 15:39:30,Trenching,ZONE-D,531.8,CANCELLED
2025-07-21,OP0044,M0037,DT00005,URGENT,2025-07-21 08:00:00,2025-07-21 09:55:00,Hauling,ZONE-D,1740.1,COMPLETED
2025-07-21,OP0045,M0001,T00179,MEDIUM,2025-07-21 11:58:00,2025-07-21 13:14:36,Earth Excavation,ZONE-A,207.6,COMPLETED
2025-07-21,OP0051,M0037,T00758,LOW,2025-07-21 08:54:00,2025-07-21 17:01:54,Material Loading,ZONE-D,1404.8,DELAYED
2025-07-22,OP0046,M0022,T00031,MEDIUM,2025-07-22 09:54:00,2025-07-23 05:41:18,Material Stockpiling,ZONE-C,2014.0,CANCELLED
2025-07-22,OP0050,M0028,T00504,URGENT,2025-07-22 14:42:00,2025-07-22 15:24:24,Trenching,ZONE-C,83.3,IN_PROGRESS
2025-07-23,OP0015,M0001,T00833,HIGH,2025-07-23 14:45:00,2025-07-24 00:08:30,Material Loading,ZONE-D,1763.9,SCHEDULED
2025-07-23,OP0018,M0001,T00026,HIGH,2025-07-23 14:57:00,2025-07-23 22:35:48,Hauling,ZONE-B,685.2,DELAYED
2025-07-23,OP0010,M0029,T00673,MEDIUM,2025-07-23 07:39:00,2025-07-23 14:57:36,Material Stockpiling,ZONE-A,2107.5,DELAYED
2025-07-23,OP0009,M0001,T00130,LOW,2025-07-23 12:57:00,2025-07-23 19:22:12,Earth Excavation,ZONE-C,1002.6,CANCELLED
2025-07-23,OP0052,M0018,T00580,HIGH,2025-07-23 10:54:00,2025-07-23 15:03:42,Demolition,ZONE-B,497.4,COMPLETED
2025-07-24,OP0049,M0027,T00450,MEDIUM,2025-07-24 14:52:00,2025-07-24 16:38:36,Material Loading,ZONE-B,413.1,IN_PROGRESS
2025-07-24,OP0032,M0014,T00475,LOW,2025-07-24 12:24:00,2025-07-24 12:40:12,Soil Compaction,ZONE-D,324.5,CANCELLED
2025-07-24,OP0012,M0015,DT00081,LOW,2025-07-24 13:00:00,2025-07-24 15:17:00,Material Stockpiling,ZONE-B,1599.4,COMPLETED
2025-07-25,OP0013,M0002,DT00188,HIGH,2025-07-25 08:00:00,2025-07-25 10:13:00,Hauling,ZONE-C,1872.9,DELAYED
2025-07-25,OP0014,M0023,T00177,URGENT,2025-07-25 11:53:00,2025-07-25 16:42:12,Earth Excavation,ZONE-D,680.6,COMPLETED
2025-07-25,OP0054,M0010,DT00035,MEDIUM,2025-07-25 06:00:00,2025-07-25 08:22:00,Material Loading,ZONE-D,1556.5,DELAYED
2025-07-26,OP0031,M0035,T00084,HIGH,2025-07-26 10:02:00,2025-07-26 16:53:12,Road Preparation,ZONE-C,5803.0,CANCELLED
2025-07-26,OP0016,M0012,T00660,MEDIUM,2025-07-26 11:41:00,2025-07-26 14:06:48,Hauling,ZONE-B,323.5,IN_PROGRESS
2025-07-27,OP0016,M0015,DT00054,MEDIUM,2025-07-27 14:00:00,2025-07-27 19:09:00,Earth Excavation,ZONE-C,589.6,COMPLETED
2025-07-27,OP0024,M0019,T00246,MEDIUM,2025-07-27 07:15:00,2025-07-27 08:55:48,Trenching,ZONE-D,205.8,IN_PROGRESS
2025-07-27,OP0051,M0029,T00279,HIGH,2025-07-27 07:08:00,2025-07-27 09:32:54,Grading,ZONE-C,1729.6,DELAYED
2025-07-28,OP0028,M0026,DT00182,LOW,2025-07-28 09:00:00,2025-07-28 11:28:00,Hauling,ZONE-C,469.2,COMPLETED
2025-07-28,OP0021,M0034,T00500,MEDIUM,2025-07-28 11:13:00,2025-07-28 13:48:30,Road Preparation,ZONE-A,1035.9,DELAYED
2025-07-29,OP0022,M0029,DT00168,LOW,2025-07-29 11:00:00,2025-07-29 14:12:00,Grading,ZONE-D,721.8,IN_PROGRESS
2025-07-29,OP0034,M0002,T00221,HIGH,2025-07-29 15:18:00,2025-07-29 21:14:06,Material Loading,ZONE-B,1479.7,DELAYED
2025-07-29,OP0014,M0040,T00099,LOW,2025-07-29 08:57:00,2025-07-29 12:16:00,Material Loading,ZONE-D,1012.5,IN_PROGRESS
2025-07-30,OP0046,M0011,T00572,HIGH,2025-07-30 09:37:00,2025-07-30 18:12:00,Grading,ZONE-A,3926.6,COMPLETED
2025-07-30,OP0042,M0035,T00234,HIGH,2025-07-30 15:45:00,2025-07-30 18:42:06,Road Preparation,ZONE-C,2321.2,DELAYED
2025-07-30,OP0015,M0022,DT00164,MEDIUM,2025-07-30 11:00:00,2025-07-30 12:04:00,Trenching,ZONE-B,140.1,COMPLETED
2025-07-30,OP0019,M0018,T00630,LOW,2025-07-30 15:44:00,2025-07-30 21:55:00,Trenching,ZONE-C,485.8,CANCELLED
2025-07-31,OP0053,M0003,T00667,MEDIUM,2025-07-31 12:56:00,2025-07-31 14:07:54,Material Stockpiling,ZONE-D,356.0,SCHEDULED
2025-07-31,OP0024,M0025,DT00040,LOW,2025-07-31 14:00:00,2025-07-31 16:33:00,Earth Excavation,ZONE-C,1502.6,SCHEDULED
2025-07-31,OP0021,M0042,DT00186,HIGH,2025-07-31 15:00:00,2025-07-31 17:15:00,Material Stockpiling,ZONE-D,1159.5,COMPLETED
2025-08-01,OP0010,M0040,DT00093,MEDIUM,2025-08-01 09:00:00,2025-08-01 13:33:00,Trenching,ZONE-D,867.6,COMPLETED
2025-08-01,OP0011,M0037,T00622,LOW,2025-08-01 15:36:00,2025-08-01 23:40:48,Road Preparation,ZONE-C,5213.7,COMPLETED
2025-08-01,OP0026,M0042,T00687,LOW,2025-08-01 14:26:00,2025-08-01 23:42:18,Demolition,ZONE-D,1371.8,COMPLETED
2025-08-01,OP0051,M0016,T00725,URGENT,2025-08-01 11:39:00,2025-08-01 16:49:36,Road Preparation,ZONE-A,4836.1,COMPLETED
2025-08-01,OP0010,M0007,DT00029,LOW,2025-08-01 12:00:00,2025-08-01 16:37:00,Material Stockpiling,ZONE-D,1534.4,DELAYED
2025-08-01,OP0052,M0038,T00165,HIGH,2025-08-01 13:17:00,2025-08-01 22:25:42,Demolition,ZONE-D,1125.3,DELAYED
2025-08-01,OP0011,M0004,T00563,MEDIUM,2025-08-01 10:13:00,2025-08-01 12:20:42,Road Preparation,ZONE-A,1297.7,DELAYED
2025-08-02,OP0024,M0020,T00662,LOW,2025-08-02 09:46:00,2025-08-02 13:22:48,Trenching,ZONE-A,432.8,COMPLETED
2025-08-03,OP0051,M0029,T00535,LOW,2025-08-03 15:46:00,2025-08-03 18:53:30,Material Stockpiling,ZONE-C,1066.7,COMPLETED
2025-08-03,OP0049,M0031,T00456,MEDIUM,2025-08-03 14:10:00,2025-08-04 05:57:18,Demolition,ZONE-D,1146.0,CANCELLED
2025-08-03,OP0025,M0016,DT00025,HIGH,2025-08-03 07:00:00,2025-08-03 12:28:00,Road Preparation,ZONE-C,1765.1,COMPLETED
2025-08-03,OP0032,M0040,DT00090,MEDIUM,2025-08-03 12:00:00,2025-08-03 17:10:00,Trenching,ZONE-A,1588.4,CANCELLED
2025-08-04,OP0044,M0024,T00814,HIGH,2025-08-04 08:48:00,2025-08-04 14:55:48,Material Stockpiling,ZONE-A,1611.5,COMPLETED
2025-08-04,OP0032,M0027,T00072,MEDIUM,2025-08-04 11:24:00,2025-08-04 18:47:54,Demolition,ZONE-D,1283.5,IN_PROGRESS
2025-08-04,OP0016,M0008,T00842,HIGH,2025-08-04 14:16:00,2025-08-04 21:45:18,Trenching,ZONE-A,597.5,COMPLETED
2025-08-04,OP0037,M0031,T00755,HIGH,2025-08-04 06:13:00,2025-08-04 10:03:12,Material Stockpiling,ZONE-C,1138.8,DELAYED
2025-08-05,OP0002,M0017,T00750,URGENT,2025-08-05 11:16:00,2025-08-05 12:38:24,Road Preparation,ZONE-B,1282.2,COMPLETED
2025-08-05,OP0044,M0007,T00741,MEDIUM,2025-08-05 07:03:00,2025-08-05 09:30:54,Soil Compaction,ZONE-D,3939.8,CANCELLED
2025-08-05,OP0038,M0014,T00225,LOW,2025-08-05 10:00:00,2025-08-06 02:38:06,Demolition,ZONE-C,1101.1,IN_PROGRESS
2025-08-06,OP0030,M0011,T00601,HIGH,2025-08-06 13:18:00,2025-08-06 20:22:00,Earth Excavation,ZONE-D,898.5,SCHEDULED
2025-08-07,OP0012,M0025,T00096,LOW,2025-08-07 07:38:00,2025-08-07 12:35:12,Material Stockpiling,ZONE-B,1384.6,CANCELLED
2025-08-07,OP0034,M0042,T00102,URGENT,2025-08-07 11:05:00,2025-08-07 16:58:54,Material Stockpiling,ZONE-B,1683.4,DELAYED
2025-08-07,OP0028,M0020,DT00085,HIGH,2025-08-07 07:00:00,2025-08-07 08:50:00,Material Stockpiling,ZONE-D,182.5,DELAYED
2025-08-08,OP0040,M0033,T00787,HIGH,2025-08-08 12:18:00,2025-08-08 13:44:54,Grading,ZONE-C,1778.9,COMPLETED
2025-08-08,OP0048,M0028,T00827,HIGH,2025-08-08 06:11:00,2025-08-08 14:04:18,Material Loading,ZONE-D,2013.2,IN_PROGRESS
2025-08-08,OP0052,M0022,T00718,LOW,2025-08-08 15:01:00,2025-08-08 19:14:12,Hauling,ZONE-C,562.1,SCHEDULED
2025-08-09,OP0041,M0014,T00051,LOW,2025-08-09 15:47:00,2025-08-09 18:41:00,Grading,ZONE-B,1235.2,COMPLETED
2025-08-09,OP0002,M0042,T00480,MEDIUM,2025-08-09 06:07:00,2025-08-09 12:43:36,Material Stockpiling,ZONE-C,2188.4,IN_PROGRESS
2025-08-10,OP0010,M0030,T00654,MEDIUM,2025-08-10 12:01:00,2025-08-10 15:06:00,Demolition,ZONE-D,460.9,COMPLETED
2025-08-10,OP0013,M0026,T00326,MEDIUM,2025-08-10 15:35:00,2025-08-10 20:07:18,Grading,ZONE-B,5490.1,DELAYED
2025-08-11,OP0035,M0006,T00054,LOW,2025-08-11 15:35:00,2025-08-11 17:11:54,Trenching,ZONE-D,191.6,COMPLETED
2025-08-11,OP0006,M0008,DT00009,MEDIUM,2025-08-11 11:00:00,2025-08-11 13:16:00,Demolition,ZONE-C,1072.4,IN_PROGRESS
2025-08-11,OP0041,M0032,T00004,MEDIUM,2025-08-11 08:54:00,2025-08-11 13:48:24,Material Stockpiling,ZONE-D,1047.0,COMPLETED
2025-08-11,OP0051,M0004,T00329,LOW,2025-08-11 09:29:00,2025-08-11 14:04:18,Road Preparation,ZONE-B,4385.1,SCHEDULED
2025-08-13,OP0006,M0025,T00573,MEDIUM,2025-08-13 13:41:00,2025-08-13 17:45:36,Material Loading,ZONE-D,1189.1,CANCELLED
2025-08-13,OP0034,M0021,T00651,MEDIUM,2025-08-13 15:05:00,2025-08-13 17:39:36,Demolition,ZONE-A,207.0,IN_PROGRESS
2025-08-13,OP0031,M0002,T00502,HIGH,2025-08-13 13:13:00,2025-08-13 18:01:18,Material Stockpiling,ZONE-C,1396.0,COMPLETED
2025-08-14,OP0007,M0016,DT00125,HIGH,2025-08-14 07:00:00,2025-08-14 08:04:00,Material Loading,ZONE-C,149.7,COMPLETED
2025-08-14,OP0046,M0003,T00290,LOW,2025-08-14 08:50:00,2025-08-14 16:43:24,Material Stockpiling,ZONE-D,1797.9,DELAYED
2025-08-14,OP0012,M0001,T00409,MEDIUM,2025-08-14 09:59:00,2025-08-14 12:26:00,Demolition,ZONE-A,375.3,COMPLETED
2025-08-15,OP0021,M0002,T00845,MEDIUM,2025-08-15 12:57:00,2025-08-15 16:14:42,Material Stockpiling,ZONE-B,948.3,COMPLETED
2025-08-15,OP0034,M0036,DT00110,URGENT,2025-08-15 13:00:00,2025-08-15 16:45:00,Demolition,ZONE-D,941.2,COMPLETED
2025-08-15,OP0014,M0007,T00499,LOW,2025-08-15 15:13:00,2025-08-15 16:36:12,Road Preparation,ZONE-A,1336.0,COMPLETED
2025-08-16,OP0006,M0009,T00222,URGENT,2025-08-16 08:48:00,2025-08-16 10:44:30,Earth Excavation,ZONE-B,460.8,COMPLETED
2025-08-16,OP0048,M0011,T00536,HIGH,2025-08-16 08:43:00,2025-08-16 13:33:12,Trenching,ZONE-B,503.3,COMPLETED
2025-08-16,OP0016,M0003,DT00044,HIGH,2025-08-16 09:00:00,2025-08-16 11:33:00,Material Stockpiling,ZONE-B,761.2,COMPLETED
2025-08-16,OP0007,M0034,T00596,HIGH,2025-08-16 11:14:00,2025-08-17 02:04:24,Material Stockpiling,ZONE-C,1738.2,DELAYED
2025-08-16,OP0031,M0027,T00592,HIGH,2025-08-16 08:08:00,2025-08-16 10:07:54,Earth Excavation,ZONE-B,427.7,DELAYED
2025-08-17,OP0042,M0040,T00369,HIGH,2025-08-17 10:12:00,2025-08-17 12:28:30,Earth Excavation,ZONE-C,204.7,SCHEDULED
2025-08-17,OP0054,M0036,T00821,LOW,2025-08-17 07:55:00,2025-08-17 11:41:54,Demolition,ZONE-B,556.0,COMPLETED
2025-08-17,OP0026,M0024,T00140,HIGH,2025-08-17 10:06:00,2025-08-17 11:56:30,Material Loading,ZONE-C,448.0,COMPLETED
2025-08-17,OP0031,M0006,T00199,MEDIUM,2025-08-17 10:01:00,2025-08-18 07:19:36,Material Loading,ZONE-D,2452.0,SCHEDULED
2025-08-17,OP0032,M0012,T00793,MEDIUM,2025-08-17 10:09:00,2025-08-17 11:55:48,Hauling,ZONE-C,370.3,CANCELLED
2025-08-17,OP0035,M0039,DT00043,MEDIUM,2025-08-17 13:00:00,2025-08-17 16:53:00,Earth Excavation,ZONE-B,1063.9,SCHEDULED
2025-08-17,OP0029,M0039,T00555,MEDIUM,2025-08-17 09:51:00,2025-08-17 19:04:12,Demolition,ZONE-D,1092.6,COMPLETED
2025-08-18,OP0053,M0027,T00355,MEDIUM,2025-08-18 12:39:00,2025-08-18 19:10:12,Demolition,ZONE-C,1000.4,CANCELLED
2025-08-19,OP0042,M0006,DT00032,LOW,2025-08-19 06:00:00,2025-08-19 09:50:00,Soil Compaction,ZONE-B,1725.7,IN_PROGRESS
2025-08-19,OP0049,M0038,T00019,LOW,2025-08-19 14:48:00,2025-08-19 15:17:18,Material Stockpiling,ZONE-A,132.1,DELAYED
2025-08-19,OP0033,M0005,T00723,LOW,2025-08-19 12:00:00,2025-08-19 14:08:00,Soil Compaction,ZONE-D,1982.2,COMPLETED
2025-08-19,OP0048,M0032,DT00141,LOW,2025-08-19 10:00:00,2025-08-19 12:12:00,Hauling,ZONE-A,1477.2,SCHEDULED
2025-08-20,OP0028,M0001,T00676,HIGH,2025-08-20 15:56:00,2025-08-20 20:49:00,Earth Excavation,ZONE-C,1042.8,IN_PROGRESS
2025-08-20,OP0027,M0031,T00174,LOW,2025-08-20 07:56:00,2025-08-20 17:21:48,Material Stockpiling,ZONE-C,2098.5,COMPLETED
2025-08-20,OP0053,M0021,T00216,LOW,2025-08-20 14:14:00,2025-08-20 16:43:24,Grading,ZONE-D,3296.1,DELAYED
2025-08-21,OP0053,M0011,T00843,URGENT,2025-08-21 12:21:00,2025-08-21 16:32:30,Demolition,ZONE-D,380.0,DELAYED
2025-08-21,OP0050,M0025,T00767,MEDIUM,2025-08-21 09:50:00,2025-08-21 12:23:24,Material Stockpiling,ZONE-C,833.6,CANCELLED
2025-08-21,OP0035,M0022,T00494,HIGH,2025-08-21 08:45:00,2025-08-21 12:35:54,Earth Excavation,ZONE-A,443.9,COMPLETED
2025-08-21,OP0045,M0036,T00533,LOW,2025-08-21 10:03:00,2025-08-21 12:59:24,Trenching,ZONE-D,151.4,COMPLETED
2025-08-21,OP0045,M0033,T00819,MEDIUM,2025-08-21 08:21:00,2025-08-21 12:08:54,Grading,ZONE-D,3791.7,SCHEDULED
2025-08-22,OP0017,M0014,T00011,LOW,2025-08-22 11:44:00,2025-08-22 19:45:54,Hauling,ZONE-A,1354.0,SCHEDULED
2025-08-22,OP0012,M0006,DT00189,MEDIUM,2025-08-22 14:00:00,2025-08-22 15:53:00,Trenching,ZONE-D,1501.3,IN_PROGRESS
2025-08-22,OP0037,M0032,T00050,LOW,2025-08-22 08:14:00,2025-08-22 16:51:06,Demolition,ZONE-B,1352.4,DELAYED
2025-08-22,OP0042,M0021,T00488,URGENT,2025-08-22 09:00:00,2025-08-22 09:49:36,Grading,ZONE-C,1019.6,COMPLETED
2025-08-22,OP0018,M0027,T00407,MEDIUM,2025-08-22 08:05:00,2025-08-22 11:48:00,Trenching,ZONE-B,396.3,COMPLETED
2025-08-22,OP0007,M0030,T00066,LOW,2025-08-22 06:47:00,2025-08-22 17:29:18,Material Loading,ZONE-C,2007.2,COMPLETED
2025-08-22,OP0037,M0029,T00813,URGENT,2025-08-22 14:28:00,2025-08-22 16:39:36,Material Stockpiling,ZONE-B,612.5,COMPLETED
2025-08-22,OP0023,M0042,T00849,HIGH,2025-08-22 13:31:00,2025-08-22 20:20:06,Grading,ZONE-A,3061.4,CANCELLED
2025-08-23,OP0017,M0036,DT00156,MEDIUM,2025-08-23 09:00:00,2025-08-23 10:25:00,Soil Compaction,ZONE-C,566.3,COMPLETED
2025-08-23,OP0009,M0036,T00797,LOW,2025-08-23 14:59:00,2025-08-24 01:33:12,Demolition,ZONE-D,1163.1,CANCELLED
2025-08-23,OP0028,M0025,T00238,LOW,2025-08-23 12:00:00,2025-08-23 13:12:24,Material Loading,ZONE-C,305.0,COMPLETED
2025-08-24,OP0033,M0013,T00219,MEDIUM,2025-08-24 06:34:00,2025-08-24 11:16:12,Grading,ZONE-C,3775.3,COMPLETED
2025-08-24,OP0027,M0034,T00785,MEDIUM,2025-08-24 11:56:00,2025-08-24 14:00:48,Road Preparation,ZONE-B,579.2,CANCELLED
2025-08-25,OP0029,M0025,T00049,MEDIUM,2025-08-25 12:35:00,2025-08-25 22:35:00,Hauling,ZONE-C,765.7,CANCELLED
2025-08-25,OP0017,M0009,T00370,LOW,2025-08-25 08:33:00,2025-08-25 18:25:30,Hauling,ZONE-B,842.4,DELAYED
2025-08-26,OP0051,M0014,T00186,MEDIUM,2025-08-26 11:14:00,2025-08-26 14:34:12,Hauling,ZONE-D,703.4,DELAYED
2025-08-26,OP0047,M0007,T00576,MEDIUM,2025-08-26 10:03:00,2025-08-26 14:53:12,Road Preparation,ZONE-B,4724.0,DELAYED
2025-08-26,OP0047,M0018,T00277,MEDIUM,2025-08-26 07:41:00,2025-08-26 08:48:12,Trenching,ZONE-B,133.0,COMPLETED
2025-08-27,OP0031,M0006,T00194,URGENT,2025-08-27 15:19:00,2025-08-27 16:06:24,Trenching,ZONE-D,80.3,COMPLETED
2025-08-27,OP0019,M0025,T00844,HIGH,2025-08-27 11:41:00,2025-08-27 18:51:54,Soil Compaction,ZONE-B,4506.2,COMPLETED
2025-08-27,OP0030,M0025,T00354,MEDIUM,2025-08-27 11:36:00,2025-08-27 15:16:48,Material Loading,ZONE-B,923.5,COMPLETED
2025-08-27,OP0019,M0037,T00468,LOW,2025-08-27 14:44:00,2025-08-27 16:11:12,Soil Compaction,ZONE-B,1867.1,COMPLETED
2025-08-27,OP0039,M0024,DT00118,LOW,2025-08-27 15:00:00,2025-08-27 20:55:00,Road Preparation,ZONE-A,1705.3,SCHEDULED
2025-08-27,OP0034,M0038,T00303,LOW,2025-08-27 13:33:00,2025-08-27 19:17:18,Road Preparation,ZONE-A,4652.4,COMPLETED
2025-08-28,OP0001,M0027,T00335,URGENT,2025-08-28 06:55:00,2025-08-28 11:02:30,Material Loading,ZONE-D,1189.7,CANCELLED
2025-08-28,OP0005,M0035,T00351,LOW,2025-08-28 07:52:00,2025-08-28 11:42:12,Grading,ZONE-D,3700.5,IN_PROGRESS
2025-08-28,OP0053,M0006,T00505,LOW,2025-08-28 14:06:00,2025-08-28 17:00:24,Trenching,ZONE-D,310.9,COMPLETED
2025-08-28,OP0050,M0035,T00590,LOW,2025-08-28 08:31:00,2025-08-28 10:58:30,Grading,ZONE-B,3703.9,COMPLETED
2025-08-28,OP0024,M0001,DT00128,LOW,2025-08-28 06:00:00,2025-08-28 08:06:00,Road Preparation,ZONE-C,421.5,DELAYED
2025-08-28,OP0027,M0008,T00348,LOW,2025-08-28 09:34:00,2025-08-28 12:51:30,Trenching,ZONE-A,261.1,IN_PROGRESS
2025-08-28,OP0010,M0033,T00472,HIGH,2025-08-28 07:27:00,2025-08-28 10:39:24,Grading,ZONE-A,3987.2,COMPLETED
2025-08-29,OP0004,M0022,DT00102,MEDIUM,2025-08-29 09:00:00,2025-08-29 11:26:00,Material Stockpiling,ZONE-C,1353.5,COMPLETED
2025-08-29,OP0037,M0022,T00086,MEDIUM,2025-08-29 13:49:00,2025-08-29 21:46:30,Hauling,ZONE-C,1442.1,CANCELLED
2025-08-29,OP0013,M0034,T00738,MEDIUM,2025-08-29 09:34:00,2025-08-29 13:40:12,Trenching,ZONE-B,431.9,IN_PROGRESS
2025-08-29,OP0030,M0018,T00790,HIGH,2025-08-29 12:23:00,2025-08-29 12:59:12,Earth Excavation,ZONE-A,127.4,SCHEDULED
2025-08-29,OP0029,M0019,T00123,LOW,2025-08-29 09:26:00,2025-08-29 13:56:06,Trenching,ZONE-A,362.0,COMPLETED
2025-08-30,OP0038,M0034,T00009,MEDIUM,2025-08-30 13:01:00,2025-08-30 20:47:00,Material Loading,ZONE-B,1996.7,CANCELLED
2025-08-30,OP0044,M0019,DT00177,LOW,2025-08-30 07:00:00,2025-08-30 10:02:00,Earth Excavation,ZONE-C,1421.2,SCHEDULED
2025-08-30,OP0025,M0005,DT00132,MEDIUM,2025-08-30 07:00:00,2025-08-30 09:08:00,Road Preparation,ZONE-C,1750.2,CANCELLED
2025-08-30,OP0049,M0001,DT00050,LOW,2025-08-30 12:00:00,2025-08-30 14:44:00,Material Loading,ZONE-A,928.3,DELAYED
2025-08-30,OP0007,M0023,T00063,LOW,2025-08-30 12:25:00,2025-08-30 16:01:42,Material Stockpiling,ZONE-D,738.5,COMPLETED
2025-08-31,OP0012,M0005,DT00114,MEDIUM,2025-08-31 13:00:00,2025-08-31 15:26:00,Hauling,ZONE-B,1761.5,COMPLETED
2025-08-31,OP0038,M0003,T00108,LOW,2025-08-31 13:48:00,2025-08-31 20:19:48,Material Loading,ZONE-B,781.0,IN_PROGRESS
2025-08-31,OP0046,M0011,T00257,MEDIUM,2025-08-31 10:40:00,2025-09-01 23:13:24,Hauling,ZONE-B,2456.6,CANCELLED
2025-08-31,OP0004,M0005,T00172,MEDIUM,2025-08-31 06:12:00,2025-08-31 18:38:30,Demolition,ZONE-B,1068.2,SCHEDULED
2025-09-01,OP0040,M0022,DT00163,URGENT,2025-09-01 11:00:00,2025-09-01 12:52:00,Material Stockpiling,ZONE-B,1108.4,SCHEDULED
2025-09-01,OP0037,M0034,T00724,MEDIUM,2025-09-01 13:43:00,2025-09-01 15:15:48,Trenching,ZONE-C,166.2,COMPLETED
2025-09-01,OP0014,M0026,T00243,MEDIUM,2025-09-01 15:30:00,2025-09-01 16:14:18,Road Preparation,ZONE-D,728.2,COMPLETED
2025-09-01,OP0048,M0042,T00769,MEDIUM,2025-09-01 10:24:00,2025-09-01 14:28:00,Material Stockpiling,ZONE-A,1127.4,COMPLETED
2025-09-02,OP0050,M0011,T00398,HIGH,2025-09-02 15:14:00,2025-09-02 18:42:54,Road Preparation,ZONE-B,1536.1,COMPLETED
2025-09-02,OP0006,M0034,T00484,LOW,2025-09-02 14:21:00,2025-09-02 22:29:24,Material Loading,ZONE-B,2433.3,IN_PROGRESS
2025-09-02,OP0043,M0008,T00818,HIGH,2025-09-02 08:54:00,2025-09-02 10:55:36,Trenching,ZONE-B,250.0,COMPLETED
2025-09-02,OP0054,M0015,T00616,MEDIUM,2025-09-02 06:24:00,2025-09-02 08:53:36,Earth Excavation,ZONE-D,528.9,COMPLETED
2025-09-03,OP0027,M0006,T00158,HIGH,2025-09-03 14:44:00,2025-09-03 17:25:00,Trenching,ZONE-C,218.7,COMPLETED
2025-09-03,OP0006,M0017,T00214,LOW,2025-09-03 12:38:00,2025-09-03 15:26:18,Road Preparation,ZONE-A,2799.6,DELAYED
2025-09-03,OP0032,M0031,T00567,LOW,2025-09-03 13:41:00,2025-09-03 22:36:30,Road Preparation,ZONE-B,5014.8,COMPLETED
2025-09-03,OP0042,M0037,T00296,HIGH,2025-09-03 06:44:00,2025-09-04 06:59:24,Hauling,ZONE-D,1979.4,COMPLETED
2025-09-03,OP0023,M0030,T00508,HIGH,2025-09-03 07:52:00,2025-09-03 19:59:12,Material Loading,ZONE-D,2337.5,SCHEDULED
2025-09-04,OP0033,M0033,T00610,MEDIUM,2025-09-04 08:00:00,2025-09-04 13:48:12,Road Preparation,ZONE-B,5828.4,COMPLETED
2025-09-04,OP0010,M0027,DT00061,HIGH,2025-09-04 08:00:00,2025-09-04 09:37:00,Material Loading,ZONE-D,408.8,COMPLETED
2025-09-04,OP0022,M0003,T00491,HIGH,2025-09-04 15:36:00,2025-09-04 16:26:54,Road Preparation,ZONE-A,693.2,CANCELLED
2025-09-04,OP0015,M0011,T00447,URGENT,2025-09-04 12:16:00,2025-09-04 20:43:42,Grading,ZONE-D,3926.9,CANCELLED
2025-09-04,OP0036,M0026,DT00051,LOW,2025-09-04 14:00:00,2025-09-04 19:44:00,Material Stockpiling,ZONE-A,1730.7,CANCELLED
2025-09-04,OP0039,M0017,T00623,HIGH,2025-09-04 15:29:00,2025-09-04 20:20:24,Road Preparation,ZONE-D,4093.3,CANCELLED
2025-09-05,OP0038,M0010,DT00120,MEDIUM,2025-09-05 11:00:00,2025-09-05 15:35:00,Grading,ZONE-D,1056.9,COMPLETED
2025-09-05,OP0044,M0004,T00231,LOW,2025-09-05 10:37:00,2025-09-05 11:34:06,Grading,ZONE-C,1108.6,DELAYED
2025-09-05,OP0046,M0001,DT00123,MEDIUM,2025-09-05 15:00:00,2025-09-05 16:04:00,Trenching,ZONE-C,1137.7,SCHEDULED
2025-09-05,OP0004,M0015,DT00053,URGENT,2025-09-05 08:00:00,2025-09-05 12:42:00,Material Stockpiling,ZONE-B,481.6,COMPLETED
2025-09-05,OP0005,M0018,T00465,MEDIUM,2025-09-05 13:08:00,2025-09-05 18:43:36,Demolition,ZONE-D,638.9,COMPLETED
2025-09-05,OP0038,M0008,T00057,MEDIUM,2025-09-05 10:48:00,2025-09-05 12:23:42,Demolition,ZONE-C,243.1,COMPLETED
2025-09-05,OP0018,M0009,T00815,URGENT,2025-09-05 14:09:00,2025-09-05 15:39:48,Material Loading,ZONE-D,387.4,COMPLETED
2025-09-05,OP0010,M0006,T00293,HIGH,2025-09-05 10:22:00,2025-09-05 15:11:24,Trenching,ZONE-C,506.0,COMPLETED
2025-09-05,OP0011,M0013,DT00016,URGENT,2025-09-05 10:00:00,2025-09-05 13:14:00,Grading,ZONE-A,615.9,COMPLETED
2025-09-05,OP0011,M0037,T00568,MEDIUM,2025-09-05 09:35:00,2025-09-05 11:29:06,Soil Compaction,ZONE-C,2302.0,COMPLETED
2025-09-05,OP0036,M0021,T00437,LOW,2025-09-05 15:16:00,2025-09-05 20:27:12,Road Preparation,ZONE-D,4295.9,CANCELLED
2025-09-06,OP0019,M0012,T00729,LOW,2025-09-06 09:42:00,2025-09-06 16:45:00,Hauling,ZONE-C,952.8,COMPLETED
2025-09-06,OP0039,M0036,DT00157,HIGH,2025-09-06 07:00:00,2025-09-06 10:48:00,Material Loading,ZONE-D,1652.3,IN_PROGRESS
2025-09-06,OP0050,M0023,T00642,MEDIUM,2025-09-06 08:50:00,2025-09-06 12:30:18,Material Stockpiling,ZONE-B,1235.8,CANCELLED
2025-09-07,OP0014,M0039,T00366,HIGH,2025-09-07 14:50:00,2025-09-07 18:55:48,Trenching,ZONE-C,497.3,COMPLETED
2025-09-07,OP0026,M0017,T00771,URGENT,2025-09-07 09:55:00,2025-09-07 12:05:24,Hauling,ZONE-D,192.8,COMPLETED
2025-09-07,OP0053,M0015,DT00001,LOW,2025-09-07 06:00:00,2025-09-07 11:34:00,Hauling,ZONE-C,1261.4,IN_PROGRESS
2025-09-07,OP0010,M0018,T00811,HIGH,2025-09-07 09:33:00,2025-09-07 10:26:42,Earth Excavation,ZONE-B,185.0,CANCELLED
2025-09-07,OP0033,M0006,T00657,LOW,2025-09-07 13:40:00,2025-09-07 15:01:42,Trenching,ZONE-A,158.4,DELAYED
2025-09-07,OP0018,M0001,T00413,LOW,2025-09-07 07:36:00,2025-09-07 10:49:36,Trenching,ZONE-A,333.6,DELAYED
2025-09-07,OP0054,M0011,T00802,LOW,2025-09-07 12:01:00,2025-09-07 12:34:24,Grading,ZONE-B,357.3,IN_PROGRESS
2025-09-07,OP0005,M0015,T00104,URGENT,2025-09-07 06:43:00,2025-09-07 07:53:12,Soil Compaction,ZONE-B,958.9,IN_PROGRESS
2025-09-08,OP0030,M0029,T00538,MEDIUM,2025-09-08 12:06:00,2025-09-08 17:42:00,Material Stockpiling,ZONE-A,1645.7,COMPLETED
2025-09-08,OP0048,M0036,T00255,HIGH,2025-09-08 10:53:00,2025-09-08 16:43:00,Material Loading,ZONE-C,935.4,IN_PROGRESS
2025-09-08,OP0021,M0031,DT00191,LOW,2025-09-08 07:00:00,2025-09-08 08:28:00,Soil Compaction,ZONE-D,1393.8,IN_PROGRESS
2025-09-09,OP0045,M0014,T00030,MEDIUM,2025-09-09 09:28:00,2025-09-09 23:18:42,Hauling,ZONE-D,1899.0,DELAYED
2025-09-09,OP0032,M0011,T00164,MEDIUM,2025-09-09 14:08:00,2025-09-09 15:51:00,Trenching,ZONE-B,205.8,COMPLETED
2025-09-09,OP0055,M0041,T00028,HIGH,2025-09-09 15:33:00,2025-09-09 20:14:42,Trenching,ZONE-D,478.7,COMPLETED
2025-09-09,OP0037,M0031,T00506,MEDIUM,2025-09-09 13:17:00,2025-09-09 21:18:12,Material Loading,ZONE-B,2060.5,CANCELLED
2025-09-09,OP0020,M0030,DT00160,MEDIUM,2025-09-09 08:00:00,2025-09-09 12:29:00,Material Loading,ZONE-C,1735.5,COMPLETED
2025-09-10,OP0029,M0013,T00092,LOW,2025-09-10 15:43:00,2025-09-11 11:21:00,Material Loading,ZONE-C,1937.0,CANCELLED
2025-09-10,OP0055,M0004,T00697,MEDIUM,2025-09-10 06:50:00,2025-09-10 09:46:00,Road Preparation,ZONE-C,2395.4,SCHEDULED
2025-09-10,OP0016,M0023,T00442,LOW,2025-09-10 08:50:00,2025-09-10 12:46:24,Material Loading,ZONE-D,772.4,COMPLETED
2025-09-10,OP0028,M0035,T00582,MEDIUM,2025-09-10 12:28:00,2025-09-10 13:53:42,Grading,ZONE-A,1857.7,COMPLETED
2025-09-10,OP0003,M0021,T00309,HIGH,2025-09-10 10:42:00,2025-09-10 11:49:24,Road Preparation,ZONE-B,915.7,COMPLETED
2025-09-10,OP0032,M0012,T00147,MEDIUM,2025-09-10 08:59:00,2025-09-10 12:37:54,Trenching,ZONE-C,227.2,IN_PROGRESS
2025-09-11,OP0016,M0027,T00207,MEDIUM,2025-09-11 15:22:00,2025-09-11 19:49:06,Demolition,ZONE-C,504.5,COMPLETED
2025-09-11,OP0052,M0001,T00427,URGENT,2025-09-11 09:27:00,2025-09-11 10:28:12,Earth Excavation,ZONE-A,172.5,SCHEDULED
2025-09-12,OP0027,M0025,DT00010,MEDIUM,2025-09-12 09:00:00,2025-09-12 13:44:00,Grading,ZONE-B,494.3,IN_PROGRESS
2025-09-12,OP0016,M0032,T00229,LOW,2025-09-12 11:32:00,2025-09-12 22:41:06,Demolition,ZONE-C,1254.3,SCHEDULED
2025-09-12,OP0027,M0009,T00569,MEDIUM,2025-09-12 12:30:00,2025-09-12 22:48:24,Demolition,ZONE-C,1222.1,COMPLETED
2025-09-12,OP0020,M0022,T00294,MEDIUM,2025-09-12 06:52:00,2025-09-12 21:26:12,Hauling,ZONE-D,1841.6,COMPLETED
2025-09-13,OP0022,M0038,T00553,MEDIUM,2025-09-13 14:07:00,2025-09-13 20:07:24,Demolition,ZONE-A,904.5,COMPLETED
2025-09-13,OP0012,M0015,T00388,LOW,2025-09-13 10:43:00,2025-09-13 19:19:48,Demolition,ZONE-C,1284.7,SCHEDULED
2025-09-13,OP0046,M0009,T00330,LOW,2025-09-13 06:00:00,2025-09-13 07:37:12,Earth Excavation,ZONE-A,264.5,COMPLETED
2025-09-13,OP0043,M0012,T00694,MEDIUM,2025-09-13 15:42:00,2025-09-14 01:30:42,Earth Excavation,ZONE-C,1211.1,COMPLETED
2025-09-13,OP0045,M0019,T00280,LOW,2025-09-13 09:43:00,2025-09-13 12:35:00,Trenching,ZONE-C,229.7,COMPLETED
2025-09-14,OP0025,M0037,T00352,MEDIUM,2025-09-14 15:43:00,2025-09-14 17:23:30,Soil Compaction,ZONE-C,2793.7,COMPLETED
2025-09-14,OP0052,M0029,T00042,HIGH,2025-09-14 11:58:00,2025-09-14 20:53:30,Road Preparation,ZONE-D,5775.9,COMPLETED
2025-09-14,OP0024,M0034,T00565,LOW,2025-09-14 11:08:00,2025-09-14 14:36:12,Trenching,ZONE-C,421.6,COMPLETED
2025-09-14,OP0046,M0031,DT00105,LOW,2025-09-14 11:00:00,2025-09-14 14:45:00,Demolition,ZONE-C,328.8,COMPLETED
2025-09-14,OP0014,M0035,T00400,LOW,2025-09-14 09:16:00,2025-09-14 10:57:18,Grading,ZONE-A,2431.7,SCHEDULED
2025-09-15,OP0037,M0038,DT00019,LOW,2025-09-15 07:00:00,2025-09-15 12:06:00,Demolition,ZONE-C,766.6,COMPLETED
2025-09-15,OP0049,M0033,T00583,HIGH,2025-09-15 10:14:00,2025-09-15 11:40:12,Earth Excavation,ZONE-B,183.3,DELAYED
2025-09-16,OP0046,M0028,T00340,LOW,2025-09-16 13:18:00,2025-09-16 14:53:30,Demolition,ZONE-A,188.7,COMPLETED
2025-09-16,OP0055,M0017,T00556,MEDIUM,2025-09-16 10:47:00,2025-09-16 15:08:00,Grading,ZONE-B,5455.9,COMPLETED
2025-09-16,OP0008,M0015,T00825,MEDIUM,2025-09-16 09:14:00,2025-09-16 11:16:48,Trenching,ZONE-A,161.6,IN_PROGRESS
2025-09-16,OP0003,M0013,T00228,MEDIUM,2025-09-16 12:06:00,2025-09-16 14:47:12,Trenching,ZONE-B,276.7,IN_PROGRESS
2025-09-16,OP0024,M0041,T00187,MEDIUM,2025-09-16 10:06:00,2025-09-16 12:29:48,Trenching,ZONE-D,286.4,DELAYED
2025-09-17,OP0001,M0010,T00278,MEDIUM,2025-09-17 10:12:00,2025-09-17 17:30:18,Hauling,ZONE-A,1540.2,COMPLETED
2025-09-17,OP0037,M0028,DT00084,HIGH,2025-09-17 08:00:00,2025-09-17 12:44:00,Soil Compaction,ZONE-C,1774.1,DELAYED
2025-09-18,OP0050,M0034,T00736,LOW,2025-09-18 06:28:00,2025-09-18 07:02:54,Trenching,ZONE-A,69.0,COMPLETED
2025-09-18,OP0039,M0038,T00466,HIGH,2025-09-18 14:57:00,2025-09-18 18:00:24,Demolition,ZONE-A,465.2,COMPLETED
2025-09-18,OP0045,M0016,T00485,MEDIUM,2025-09-18 06:30:00,2025-09-18 07:22:06,Road Preparation,ZONE-D,580.9,CANCELLED
2025-09-18,OP0014,M0028,T00796,MEDIUM,2025-09-18 15:57:00,2025-09-18 18:06:54,Soil Compaction,ZONE-C,2485.6,COMPLETED
2025-09-19,OP0052,M0010,DT00060,MEDIUM,2025-09-19 10:00:00,2025-09-19 11:08:00,Trenching,ZONE-C,388.0,CANCELLED
2025-09-19,OP0015,M0026,T00338,HIGH,2025-09-19 07:10:00,2025-09-19 09:38:06,Road Preparation,ZONE-D,1542.9,COMPLETED
2025-09-19,OP0020,M0040,T00460,LOW,2025-09-19 09:05:00,2025-09-19 11:17:24,Material Stockpiling,ZONE-A,481.0,COMPLETED
2025-09-19,OP0026,M0024,DT00086,LOW,2025-09-19 07:00:00,2025-09-19 11:09:00,Demolition,ZONE-A,692.0,DELAYED
2025-09-19,OP0037,M0036,DT00165,HIGH,2025-09-19 06:00:00,2025-09-19 10:10:00,Demolition,ZONE-D,1741.1,IN_PROGRESS
2025-09-20,OP0035,M0027,T00547,MEDIUM,2025-09-20 15:32:00,2025-09-20 19:17:30,Road Preparation,ZONE-C,1614.4,COMPLETED
2025-09-20,OP0044,M0034,T00105,URGENT,2025-09-20 08:48:00,2025-09-20 14:52:24,Material Loading,ZONE-A,1411.6,SCHEDULED
2025-09-20,OP0024,M0020,T00389,MEDIUM,2025-09-20 09:43:00,2025-09-20 12:45:24,Earth Excavation,ZONE-D,365.0,DELAYED
2025-09-20,OP0039,M0013,DT00148,HIGH,2025-09-20 09:00:00,2025-09-20 11:11:00,Soil Compaction,ZONE-C,670.2,COMPLETED
2025-09-20,OP0037,M0010,T00574,MEDIUM,2025-09-20 11:33:00,2025-09-20 12:18:18,Grading,ZONE-C,484.9,CANCELLED
2025-09-21,OP0019,M0007,T00082,HIGH,2025-09-21 07:31:00,2025-09-21 13:23:36,Road Preparation,ZONE-B,3588.2,SCHEDULED
2025-09-21,OP0042,M0005,DT00193,HIGH,2025-09-21 10:00:00,2025-09-21 15:29:00,Soil Compaction,ZONE-B,1738.9,DELAYED
2025-09-21,OP0046,M0040,T00385,LOW,2025-09-21 13:48:00,2025-09-22 01:28:00,Material Loading,ZONE-D,2359.8,COMPLETED
2025-09-21,OP0004,M0005,T00288,LOW,2025-09-21 13:53:00,2025-09-21 15:38:06,Hauling,ZONE-B,346.8,IN_PROGRESS
2025-09-21,OP0004,M0024,T00671,MEDIUM,2025-09-21 12:38:00,2025-09-21 19:36:42,Material Loading,ZONE-C,2008.4,SCHEDULED
2025-09-21,OP0027,M0031,T00223,MEDIUM,2025-09-21 08:15:00,2025-09-21 12:31:36,Material Stockpiling,ZONE-C,908.8,COMPLETED
2025-09-22,OP0044,M0041,T00719,HIGH,2025-09-22 14:47:00,2025-09-22 19:01:42,Trenching,ZONE-B,410.9,COMPLETED
2025-09-23,OP0032,M0041,T00012,MEDIUM,2025-09-23 08:51:00,2025-09-23 13:24:54,Trenching,ZONE-A,559.8,CANCELLED
2025-09-23,OP0009,M0019,T00334,HIGH,2025-09-23 13:36:00,2025-09-23 16:45:36,Soil Compaction,ZONE-D,2232.9,COMPLETED
2025-09-23,OP0003,M0007,T00575,LOW,2025-09-23 08:49:00,2025-09-23 14:23:30,Road Preparation,ZONE-D,4656.4,DELAYED
2025-09-24,OP0031,M0030,T00210,LOW,2025-09-24 08:20:00,2025-09-24 14:48:24,Demolition,ZONE-B,943.6,COMPLETED
2025-09-24,OP0050,M0001,T00474,MEDIUM,2025-09-24 13:56:00,2025-09-24 16:43:18,Demolition,ZONE-C,500.2,DELAYED
2025-09-25,OP0011,M0031,T00629,MEDIUM,2025-09-25 14:50:00,2025-09-26 00:20:12,Material Stockpiling,ZONE-A,1987.6,IN_PROGRESS
2025-09-25,OP0007,M0033,DT00052,MEDIUM,2025-09-25 06:00:00,2025-09-25 10:52:00,Material Loading,ZONE-C,1061.7,COMPLETED
2025-09-25,OP0045,M0035,T00182,HIGH,2025-09-25 11:43:00,2025-09-26 04:54:42,Material Loading,ZONE-A,1839.2,DELAYED
2025-09-25,OP0028,M0039,T00337,LOW,2025-09-25 06:10:00,2025-09-25 09:56:30,Material Loading,ZONE-D,967.4,DELAYED
2025-09-25,OP0040,M0018,DT00070,LOW,2025-09-25 08:00:00,2025-09-25 10:34:00,Demolition,ZONE-C,567.6,COMPLETED
2025-09-25,OP0043,M0026,T00634,MEDIUM,2025-09-25 13:20:00,2025-09-25 18:07:48,Road Preparation,ZONE-D,4498.0,DELAYED
2025-09-27,OP0041,M0006,T00406,MEDIUM,2025-09-27 12:34:00,2025-09-27 15:47:36,Material Loading,ZONE-A,324.8,COMPLETED
2025-09-27,OP0034,M0023,T00498,MEDIUM,2025-09-27 11:24:00,2025-09-27 16:12:00,Material Stockpiling,ZONE-B,1331.5,COMPLETED
2025-09-28,OP0029,M0041,T00517,MEDIUM,2025-09-28 06:25:00,2025-09-28 11:00:42,Trenching,ZONE-A,375.6,COMPLETED
2025-09-28,OP0034,M0027,T00202,HIGH,2025-09-28 10:55:00,2025-09-28 16:38:12,Earth Excavation,ZONE-A,1217.4,DELAYED
2025-09-28,OP0021,M0037,T00046,MEDIUM,2025-09-28 07:02:00,2025-09-28 14:04:42,Grading,ZONE-C,3969.8,COMPLETED
2025-09-29,OP0008,M0027,T00124,URGENT,2025-09-29 12:24:00,2025-09-29 19:22:54,Demolition,ZONE-A,794.7,IN_PROGRESS
2025-09-29,OP0021,M0035,T00791,HIGH,2025-09-29 13:44:00,2025-09-29 20:18:42,Soil Compaction,ZONE-C,5669.4,CANCELLED
2025-09-29,OP0040,M0017,DT00003,MEDIUM,2025-09-29 06:00:00,2025-09-29 11:36:00,Earth Excavation,ZONE-C,1246.6,SCHEDULED
2025-09-29,OP0024,M0040,DT00096,HIGH,2025-09-29 14:00:00,2025-09-29 16:42:00,Earth Excavation,ZONE-A,1967.2,COMPLETED
2025-09-29,OP0020,M0011,T00507,LOW,2025-09-29 10:21:00,2025-09-29 14:34:06,Grading,ZONE-A,2389.6,COMPLETED
