timestamp,machine_id,operator_id,task_id,fuel_start_l,fuel_end_l,fuel_used_l,fuel_rate_lph,operating_hours,idle_hours,idle_fuel_l,working_fuel_l,fuel_efficiency_l_per_hour,expected_fuel_rate_lph,fuel_deviation_percent
2025-06-13 11:39:00,M0030,OP0018,T00001,358.4,,2.66,13.3,0.2,0.02,0.14,2.51,13.3,20.0,-33.5
2025-06-13 11:51:00,M0030,OP0018,T00001,,,2.66,13.3,0.2,0.03,0.14,2.51,13.3,20.0,-33.5
2025-06-13 12:03:00,M0030,OP0018,T00001,,,2.66,13.3,0.2,0.03,0.14,2.51,13.3,20.0,-33.5
2025-06-13 12:15:00,M0030,OP0018,T00001,,,2.66,13.3,0.2,0.03,0.14,2.51,13.3,20.0,-33.5
2025-06-13 12:27:00,M0030,OP0018,T00001,,,2.66,13.3,0.2,0.03,0.14,2.51,13.3,20.0,-33.5
2025-06-13 12:39:00,M0030,OP0018,T00001,,,2.66,13.3,0.2,0.03,0.14,2.51,13.3,20.0,-33.5
2025-06-13 12:51:00,M0030,OP0018,T00001,,,2.66,13.3,0.2,0.03,0.14,2.51,13.3,20.0,-33.5
2025-06-13 13:03:00,M0030,OP0018,T00001,,,2.66,13.3,0.2,0.03,0.14,2.51,13.3,20.0,-33.5
2025-06-13 13:15:00,M0030,OP0018,T00001,,,2.66,13.3,0.2,0.03,0.14,2.51,13.3,20.0,-33.5
2025-06-13 13:27:00,M0030,OP0018,T00001,,,2.66,13.3,0.2,0.02,0.14,2.51,13.3,20.0,-33.5
2025-06-13 13:39:00,M0030,OP0018,T00001,,,2.66,13.3,0.2,0.03,0.14,2.51,13.3,20.0,-33.5
2025-06-13 13:51:00,M0030,OP0018,T00001,,,2.66,13.3,0.2,0.04,0.14,2.51,13.3,20.0,-33.5
2025-06-13 14:03:00,M0030,OP0018,T00001,,,2.66,13.3,0.2,0.03,0.14,2.51,13.3,20.0,-33.5
2025-06-13 14:15:00,M0030,OP0018,T00001,,,2.66,13.3,0.2,0.02,0.14,2.51,13.3,20.0,-33.5
2025-06-13 14:27:00,M0030,OP0018,T00001,,,2.66,13.3,0.2,0.02,0.14,2.51,13.3,20.0,-33.5
2025-06-13 14:39:00,M0030,OP0018,T00001,,,2.66,13.3,0.2,0.02,0.14,2.51,13.3,20.0,-33.5
2025-06-13 14:51:00,M0030,OP0018,T00001,,,2.66,13.3,0.2,0.03,0.14,2.51,13.3,20.0,-33.5
2025-06-13 15:03:00,M0030,OP0018,T00001,,,2.66,13.3,0.2,0.03,0.14,2.51,13.3,20.0,-33.5
2025-06-13 15:15:00,M0030,OP0018,T00001,,,2.66,13.3,0.2,0.03,0.14,2.51,13.3,20.0,-33.5
2025-06-13 15:27:00,M0030,OP0018,T00001,,,2.66,13.3,0.2,0.03,0.14,2.51,13.3,20.0,-33.5
2025-03-25 13:58:00,M0035,OP0003,T00002,314.7,,1.95,9.74,0.2,0.05,0.14,1.81,9.74,14.5,-32.8
2025-03-25 14:10:00,M0035,OP0003,T00002,,,1.95,9.74,0.2,0.05,0.14,1.81,9.74,14.5,-32.8
2025-03-25 14:22:00,M0035,OP0003,T00002,,,1.95,9.74,0.2,0.03,0.14,1.81,9.74,14.5,-32.8
2025-03-25 14:34:00,M0035,OP0003,T00002,,,1.95,9.74,0.2,0.03,0.14,1.81,9.74,14.5,-32.8
2025-03-25 14:46:00,M0035,OP0003,T00002,,,1.95,9.74,0.2,0.03,0.14,1.81,9.74,14.5,-32.8
2025-03-25 14:58:00,M0035,OP0003,T00002,,,1.95,9.74,0.2,0.03,0.14,1.81,9.74,14.5,-32.8
2025-03-25 15:10:00,M0035,OP0003,T00002,,,1.95,9.74,0.2,0.04,0.14,1.81,9.74,14.5,-32.8
2025-03-25 15:22:00,M0035,OP0003,T00002,,,1.95,9.74,0.2,0.04,0.14,1.81,9.74,14.5,-32.8
2025-03-25 15:34:00,M0035,OP0003,T00002,,,1.95,9.74,0.2,0.04,0.14,1.81,9.74,14.5,-32.8
2025-03-25 15:46:00,M0035,OP0003,T00002,,,1.95,9.74,0.2,0.04,0.14,1.81,9.74,14.5,-32.8
2025-03-25 15:58:00,M0035,OP0003,T00002,,,1.95,9.74,0.2,0.04,0.14,1.81,9.74,14.5,-32.8
2025-03-25 16:10:00,M0035,OP0003,T00002,,,1.95,9.74,0.2,0.03,0.14,1.81,9.74,14.5,-32.8
2025-03-25 16:22:00,M0035,OP0003,T00002,,,1.95,9.74,0.2,0.04,0.14,1.81,9.74,14.5,-32.8
2025-03-25 16:34:00,M0035,OP0003,T00002,,,1.95,9.74,0.2,0.04,0.14,1.81,9.74,14.5,-32.8
2025-03-25 16:46:00,M0035,OP0003,T00002,,,1.95,9.74,0.2,0.03,0.14,1.81,9.74,14.5,-32.8
2025-03-25 16:58:00,M0035,OP0003,T00002,,,1.95,9.74,0.2,0.05,0.14,1.81,9.74,14.5,-32.8
2025-03-25 17:10:00,M0035,OP0003,T00002,,,1.95,9.74,0.2,0.05,0.14,1.81,9.74,14.5,-32.8
2025-03-25 17:22:00,M0035,OP0003,T00002,,,1.95,9.74,0.2,0.03,0.14,1.81,9.74,14.5,-32.8
2025-03-25 17:34:00,M0035,OP0003,T00002,,,1.95,9.74,0.2,0.05,0.14,1.81,9.74,14.5,-32.8
2025-03-25 17:46:00,M0035,OP0003,T00002,,,1.95,9.74,0.2,0.03,0.14,1.81,9.74,14.5,-32.8
2025-02-20 12:24:00,M0001,OP0026,T00003,425.6,,3.01,15.06,0.2,0.01,0.24,2.77,15.06,20.0,-24.7
2025-02-20 12:36:00,M0001,OP0026,T00003,,,3.01,15.06,0.2,0.01,0.24,2.77,15.06,20.0,-24.7
2025-02-20 12:48:00,M0001,OP0026,T00003,,,3.01,15.06,0.2,0.01,0.24,2.77,15.06,20.0,-24.7
2025-02-20 13:00:00,M0001,OP0026,T00003,,,3.01,15.06,0.2,0.01,0.24,2.77,15.06,20.0,-24.7
2025-02-20 13:12:00,M0001,OP0026,T00003,,,3.01,15.06,0.2,0.01,0.24,2.77,15.06,20.0,-24.7
2025-02-20 13:24:00,M0001,OP0026,T00003,,,3.01,15.06,0.2,0.01,0.24,2.77,15.06,20.0,-24.7
2025-02-20 13:36:00,M0001,OP0026,T00003,,,3.01,15.06,0.2,0.01,0.24,2.77,15.06,20.0,-24.7
2025-02-20 13:48:00,M0001,OP0026,T00003,,,3.01,15.06,0.2,0.01,0.24,2.77,15.06,20.0,-24.7
2025-02-20 14:00:00,M0001,OP0026,T00003,,,3.01,15.06,0.2,0.01,0.24,2.77,15.06,20.0,-24.7
2025-02-20 14:12:00,M0001,OP0026,T00003,,,3.01,15.06,0.2,0.01,0.24,2.77,15.06,20.0,-24.7
2025-02-20 14:24:00,M0001,OP0026,T00003,,,3.01,15.06,0.2,0.01,0.24,2.77,15.06,20.0,-24.7
2025-02-20 14:36:00,M0001,OP0026,T00003,,,3.01,15.06,0.2,0.01,0.24,2.77,15.06,20.0,-24.7
2025-02-20 14:48:00,M0001,OP0026,T00003,,,3.01,15.06,0.2,0.01,0.24,2.77,15.06,20.0,-24.7
2025-02-20 15:00:00,M0001,OP0026,T00003,,,3.01,15.06,0.2,0.01,0.24,2.77,15.06,20.0,-24.7
2025-02-20 15:12:00,M0001,OP0026,T00003,,,3.01,15.06,0.2,0.01,0.24,2.77,15.06,20.0,-24.7
2025-02-20 15:24:00,M0001,OP0026,T00003,,,3.01,15.06,0.2,0.01,0.24,2.77,15.06,20.0,-24.7
2025-02-20 15:36:00,M0001,OP0026,T00003,,,3.01,15.06,0.2,0.01,0.24,2.77,15.06,20.0,-24.7
2025-02-20 15:48:00,M0001,OP0026,T00003,,,3.01,15.06,0.2,0.01,0.24,2.77,15.06,20.0,-24.7
2025-02-20 16:00:00,M0001,OP0026,T00003,,,3.01,15.06,0.2,0.01,0.24,2.77,15.06,20.0,-24.7
2025-02-20 16:12:00,M0001,OP0026,T00003,,,3.01,15.06,0.2,0.01,0.24,2.77,15.06,20.0,-24.7
2025-08-11 08:54:00,M0032,OP0041,T00004,336.9,,2.99,14.93,0.2,0.06,0.44,2.55,14.93,25.0,-40.3
2025-08-11 09:06:00,M0032,OP0041,T00004,,,2.99,14.93,0.2,0.06,0.44,2.55,14.93,25.0,-40.3
2025-08-11 09:18:00,M0032,OP0041,T00004,,,2.99,14.93,0.2,0.05,0.44,2.55,14.93,25.0,-40.3
2025-08-11 09:30:00,M0032,OP0041,T00004,,,2.99,14.93,0.2,0.05,0.44,2.55,14.93,25.0,-40.3
2025-08-11 09:42:00,M0032,OP0041,T00004,,,2.99,14.93,0.2,0.06,0.44,2.55,14.93,25.0,-40.3
2025-08-11 09:54:00,M0032,OP0041,T00004,,,2.99,14.93,0.2,0.04,0.44,2.55,14.93,25.0,-40.3
2025-08-11 10:06:00,M0032,OP0041,T00004,,,2.99,14.93,0.2,0.05,0.44,2.55,14.93,25.0,-40.3
2025-08-11 10:18:00,M0032,OP0041,T00004,,,2.99,14.93,0.2,0.05,0.44,2.55,14.93,25.0,-40.3
2025-08-11 10:30:00,M0032,OP0041,T00004,,,2.99,14.93,0.2,0.06,0.44,2.55,14.93,25.0,-40.3
2025-08-11 10:42:00,M0032,OP0041,T00004,,,2.99,14.93,0.2,0.06,0.44,2.55,14.93,25.0,-40.3
2025-08-11 10:54:00,M0032,OP0041,T00004,,,2.99,14.93,0.2,0.04,0.44,2.55,14.93,25.0,-40.3
2025-08-11 11:06:00,M0032,OP0041,T00004,,,2.99,14.93,0.2,0.05,0.44,2.55,14.93,25.0,-40.3
2025-08-11 11:18:00,M0032,OP0041,T00004,,,2.99,14.93,0.2,0.05,0.44,2.55,14.93,25.0,-40.3
2025-08-11 11:30:00,M0032,OP0041,T00004,,,2.99,14.93,0.2,0.05,0.44,2.55,14.93,25.0,-40.3
2025-08-11 11:42:00,M0032,OP0041,T00004,,,2.99,14.93,0.2,0.06,0.44,2.55,14.93,25.0,-40.3
2025-08-11 11:54:00,M0032,OP0041,T00004,,,2.99,14.93,0.2,0.05,0.44,2.55,14.93,25.0,-40.3
2025-08-11 12:06:00,M0032,OP0041,T00004,,,2.99,14.93,0.2,0.05,0.44,2.55,14.93,25.0,-40.3
2025-08-11 12:18:00,M0032,OP0041,T00004,,,2.99,14.93,0.2,0.04,0.44,2.55,14.93,25.0,-40.3
2025-08-11 12:30:00,M0032,OP0041,T00004,,,2.99,14.93,0.2,0.05,0.44,2.55,14.93,25.0,-40.3
2025-08-11 12:42:00,M0032,OP0041,T00004,,,2.99,14.93,0.2,0.06,0.44,2.55,14.93,25.0,-40.3
2025-04-05 14:27:00,M0004,OP0028,T00007,403.2,,1.64,8.18,0.2,0.04,0.21,1.43,8.18,14.5,-43.6
2025-04-05 14:39:00,M0004,OP0028,T00007,,,1.64,8.18,0.2,0.04,0.21,1.43,8.18,14.5,-43.6
2025-04-05 14:51:00,M0004,OP0028,T00007,,,1.64,8.18,0.2,0.05,0.21,1.43,8.18,14.5,-43.6
2025-04-05 15:03:00,M0004,OP0028,T00007,,,1.64,8.18,0.2,0.04,0.21,1.43,8.18,14.5,-43.6
2025-04-05 15:15:00,M0004,OP0028,T00007,,,1.64,8.18,0.2,0.03,0.21,1.43,8.18,14.5,-43.6
2025-04-05 15:27:00,M0004,OP0028,T00007,,,1.64,8.18,0.2,0.04,0.21,1.43,8.18,14.5,-43.6
2025-04-05 15:39:00,M0004,OP0028,T00007,,,0.14,8.18,0.02,0.0,0.02,0.12,8.18,14.5,-43.6
2025-05-01 12:14:00,M0003,OP0041,T00008,714.5,,3.32,16.6,0.2,0.06,0.31,3.01,16.6,25.0,-33.6
2025-05-01 12:26:00,M0003,OP0041,T00008,,,3.32,16.6,0.2,0.07,0.31,3.01,16.6,25.0,-33.6
2025-05-01 12:38:00,M0003,OP0041,T00008,,,3.32,16.6,0.2,0.05,0.31,3.01,16.6,25.0,-33.6
2025-05-01 12:50:00,M0003,OP0041,T00008,,,3.32,16.6,0.2,0.06,0.31,3.01,16.6,25.0,-33.6
2025-05-01 13:02:00,M0003,OP0041,T00008,,,3.32,16.6,0.2,0.06,0.31,3.01,16.6,25.0,-33.6
2025-05-01 13:14:00,M0003,OP0041,T00008,,,3.32,16.6,0.2,0.07,0.31,3.01,16.6,25.0,-33.6
2025-05-01 13:26:00,M0003,OP0041,T00008,,,3.32,16.6,0.2,0.07,0.31,3.01,16.6,25.0,-33.6
2025-05-01 13:38:00,M0003,OP0041,T00008,,,3.32,16.6,0.2,0.06,0.31,3.01,16.6,25.0,-33.6
2025-05-01 13:50:00,M0003,OP0041,T00008,,,3.32,16.6,0.2,0.07,0.31,3.01,16.6,25.0,-33.6
2025-05-01 14:02:00,M0003,OP0041,T00008,,,3.32,16.6,0.2,0.05,0.31,3.01,16.6,25.0,-33.6
2025-05-01 14:14:00,M0003,OP0041,T00008,,,3.32,16.6,0.2,0.05,0.31,3.01,16.6,25.0,-33.6
2025-05-01 14:26:00,M0003,OP0041,T00008,,,3.32,16.6,0.2,0.07,0.31,3.01,16.6,25.0,-33.6
2025-05-01 14:38:00,M0003,OP0041,T00008,,,3.32,16.6,0.2,0.04,0.31,3.01,16.6,25.0,-33.6
2025-05-01 14:50:00,M0003,OP0041,T00008,,,3.32,16.6,0.2,0.06,0.31,3.01,16.6,25.0,-33.6
2025-05-01 15:02:00,M0003,OP0041,T00008,,,3.32,16.6,0.2,0.06,0.31,3.01,16.6,25.0,-33.6
2025-05-01 15:14:00,M0003,OP0041,T00008,,,3.32,16.6,0.2,0.06,0.31,3.01,16.6,25.0,-33.6
2025-05-01 15:26:00,M0003,OP0041,T00008,,,3.32,16.6,0.2,0.07,0.31,3.01,16.6,25.0,-33.6
2025-05-01 15:38:00,M0003,OP0041,T00008,,,3.32,16.6,0.2,0.05,0.31,3.01,16.6,25.0,-33.6
2025-05-01 15:50:00,M0003,OP0041,T00008,,,3.32,16.6,0.2,0.04,0.31,3.01,16.6,25.0,-33.6
2025-05-01 16:02:00,M0003,OP0041,T00008,,,3.32,16.6,0.2,0.07,0.31,3.01,16.6,25.0,-33.6
2025-05-21 07:40:00,M0036,OP0053,T00010,589.9,,5.29,26.43,0.2,0.04,0.38,4.91,26.43,25.0,5.7
2025-05-21 07:52:00,M0036,OP0053,T00010,,,5.29,26.43,0.2,0.04,0.38,4.91,26.43,25.0,5.7
2025-05-21 08:04:00,M0036,OP0053,T00010,,,5.29,26.43,0.2,0.03,0.38,4.91,26.43,25.0,5.7
2025-05-21 08:16:00,M0036,OP0053,T00010,,,5.29,26.43,0.2,0.03,0.38,4.91,26.43,25.0,5.7
2025-05-21 08:28:00,M0036,OP0053,T00010,,,5.29,26.43,0.2,0.03,0.38,4.91,26.43,25.0,5.7
2025-05-21 08:40:00,M0036,OP0053,T00010,,,5.29,26.43,0.2,0.02,0.38,4.91,26.43,25.0,5.7
2025-05-21 08:52:00,M0036,OP0053,T00010,,,5.29,26.43,0.2,0.03,0.38,4.91,26.43,25.0,5.7
2025-05-21 09:04:00,M0036,OP0053,T00010,,,5.29,26.43,0.2,0.03,0.38,4.91,26.43,25.0,5.7
2025-05-21 09:16:00,M0036,OP0053,T00010,,,5.29,26.43,0.2,0.02,0.38,4.91,26.43,25.0,5.7
2025-05-21 09:28:00,M0036,OP0053,T00010,,,5.29,26.43,0.2,0.04,0.38,4.91,26.43,25.0,5.7
2025-05-21 09:40:00,M0036,OP0053,T00010,,,5.29,26.43,0.2,0.03,0.38,4.91,26.43,25.0,5.7
2025-05-21 09:52:00,M0036,OP0053,T00010,,,5.29,26.43,0.2,0.02,0.38,4.91,26.43,25.0,5.7
2025-05-21 10:04:00,M0036,OP0053,T00010,,,5.29,26.43,0.2,0.03,0.38,4.91,26.43,25.0,5.7
2025-05-21 10:16:00,M0036,OP0053,T00010,,,5.29,26.43,0.2,0.02,0.38,4.91,26.43,25.0,5.7
2025-05-21 10:28:00,M0036,OP0053,T00010,,,5.29,26.43,0.2,0.03,0.38,4.91,26.43,25.0,5.7
2025-05-21 10:40:00,M0036,OP0053,T00010,,,5.29,26.43,0.2,0.02,0.38,4.91,26.43,25.0,5.7
2025-05-21 10:52:00,M0036,OP0053,T00010,,,5.29,26.43,0.2,0.04,0.38,4.91,26.43,25.0,5.7
2025-05-21 11:04:00,M0036,OP0053,T00010,,,5.29,26.43,0.2,0.03,0.38,4.91,26.43,25.0,5.7
2025-05-21 11:16:00,M0036,OP0053,T00010,,,5.29,26.43,0.2,0.04,0.38,4.91,26.43,25.0,5.7
2025-05-21 11:28:00,M0036,OP0053,T00010,,,5.29,26.43,0.2,0.03,0.38,4.91,26.43,25.0,5.7
2025-03-01 14:31:00,M0029,OP0012,T00013,378.2,,3.82,19.09,0.2,0.03,0.25,3.57,19.09,25.0,-23.7
2025-03-01 14:43:00,M0029,OP0012,T00013,,,3.82,19.09,0.2,0.03,0.25,3.57,19.09,25.0,-23.7
2025-03-01 14:55:00,M0029,OP0012,T00013,,,3.82,19.09,0.2,0.03,0.25,3.57,19.09,25.0,-23.7
2025-03-01 15:07:00,M0029,OP0012,T00013,,,2.23,19.09,0.12,0.01,0.15,2.08,19.09,25.0,-23.7
2025-01-30 15:11:00,M0008,OP0016,T00014,548.4,,3.44,17.19,0.2,0.05,0.25,3.19,17.19,20.0,-14.1
2025-01-30 15:23:00,M0008,OP0016,T00014,,,3.44,17.19,0.2,0.06,0.25,3.19,17.19,20.0,-14.1
2025-01-30 15:35:00,M0008,OP0016,T00014,,,3.44,17.19,0.2,0.06,0.25,3.19,17.19,20.0,-14.1
2025-01-30 15:47:00,M0008,OP0016,T00014,,,3.44,17.19,0.2,0.05,0.25,3.19,17.19,20.0,-14.1
2025-01-30 15:59:00,M0008,OP0016,T00014,,,3.44,17.19,0.2,0.05,0.25,3.19,17.19,20.0,-14.1
2025-01-30 16:11:00,M0008,OP0016,T00014,,,3.44,17.19,0.2,0.04,0.25,3.19,17.19,20.0,-14.1
2025-01-30 16:23:00,M0008,OP0016,T00014,,,2.86,17.19,0.17,0.04,0.2,2.66,17.19,20.0,-14.1
2025-01-02 13:38:00,M0023,OP0010,T00017,376.9,,3.72,18.59,0.2,0.02,0.11,3.61,18.59,19.5,-4.6
2025-01-02 13:50:00,M0023,OP0010,T00017,,,3.72,18.59,0.2,0.02,0.11,3.61,18.59,19.5,-4.6
2025-01-02 14:02:00,M0023,OP0010,T00017,,,3.72,18.59,0.2,0.02,0.11,3.61,18.59,19.5,-4.6
2025-01-02 14:14:00,M0023,OP0010,T00017,,,3.72,18.59,0.2,0.03,0.11,3.61,18.59,19.5,-4.6
2025-01-02 14:26:00,M0023,OP0010,T00017,,,3.72,18.59,0.2,0.04,0.11,3.61,18.59,19.5,-4.6
2025-01-02 14:38:00,M0023,OP0010,T00017,,,3.72,18.59,0.2,0.02,0.11,3.61,18.59,19.5,-4.6
2025-01-02 14:50:00,M0023,OP0010,T00017,,,3.72,18.59,0.2,0.02,0.11,3.61,18.59,19.5,-4.6
2025-01-02 15:02:00,M0023,OP0010,T00017,,,3.72,18.59,0.2,0.03,0.11,3.61,18.59,19.5,-4.6
2025-01-02 15:14:00,M0023,OP0010,T00017,,,3.72,18.59,0.2,0.03,0.11,3.61,18.59,19.5,-4.6
2025-01-02 15:26:00,M0023,OP0010,T00017,,,3.72,18.59,0.2,0.02,0.11,3.61,18.59,19.5,-4.6
2025-01-02 15:38:00,M0023,OP0010,T00017,,,3.72,18.59,0.2,0.03,0.11,3.61,18.59,19.5,-4.6
2025-01-02 15:50:00,M0023,OP0010,T00017,,,3.72,18.59,0.2,0.03,0.11,3.61,18.59,19.5,-4.6
2025-01-02 16:02:00,M0023,OP0010,T00017,,,1.86,18.59,0.1,0.01,0.05,1.81,18.59,19.5,-4.6
2025-08-19 14:48:00,M0038,OP0049,T00019,411.6,,3.08,15.41,0.2,0.04,0.41,2.67,15.41,25.0,-38.4
2025-08-19 15:00:00,M0038,OP0049,T00019,,,3.08,15.41,0.2,0.04,0.41,2.67,15.41,25.0,-38.4
2025-08-19 15:12:00,M0038,OP0049,T00019,,,3.08,15.41,0.2,0.04,0.41,2.67,15.41,25.0,-38.4
2025-08-19 15:24:00,M0038,OP0049,T00019,,,3.08,15.41,0.2,0.03,0.41,2.67,15.41,25.0,-38.4
2025-08-19 15:36:00,M0038,OP0049,T00019,,,1.03,15.41,0.07,0.01,0.14,0.89,15.41,25.0,-38.4
2025-05-20 13:57:00,M0008,OP0027,T00020,437.5,,2.54,12.69,0.2,0.05,0.18,2.36,12.69,20.0,-36.6
2025-05-20 14:09:00,M0008,OP0027,T00020,,,2.54,12.69,0.2,0.05,0.18,2.36,12.69,20.0,-36.6
2025-05-20 14:21:00,M0008,OP0027,T00020,,,2.54,12.69,0.2,0.04,0.18,2.36,12.69,20.0,-36.6
2025-05-20 14:33:00,M0008,OP0027,T00020,,,2.54,12.69,0.2,0.06,0.18,2.36,12.69,20.0,-36.6
2025-05-20 14:45:00,M0008,OP0027,T00020,,,2.54,12.69,0.2,0.05,0.18,2.36,12.69,20.0,-36.6
2025-05-20 14:57:00,M0008,OP0027,T00020,,,2.54,12.69,0.2,0.07,0.18,2.36,12.69,20.0,-36.6
2025-05-20 15:09:00,M0008,OP0027,T00020,,,2.54,12.69,0.2,0.05,0.18,2.36,12.69,20.0,-36.6
2025-05-20 15:21:00,M0008,OP0027,T00020,,,2.54,12.69,0.2,0.06,0.18,2.36,12.69,20.0,-36.6
2025-05-20 15:33:00,M0008,OP0027,T00020,,,2.54,12.69,0.2,0.04,0.18,2.36,12.69,20.0,-36.6
2025-05-20 15:45:00,M0008,OP0027,T00020,,,2.54,12.69,0.2,0.04,0.18,2.36,12.69,20.0,-36.6
2025-05-20 15:57:00,M0008,OP0027,T00020,,,2.54,12.69,0.2,0.06,0.18,2.36,12.69,20.0,-36.6
2025-05-20 16:09:00,M0008,OP0027,T00020,,,2.54,12.69,0.2,0.06,0.18,2.36,12.69,20.0,-36.6
2025-05-20 16:21:00,M0008,OP0027,T00020,,,2.54,12.69,0.2,0.07,0.18,2.36,12.69,20.0,-36.6
2025-05-20 16:33:00,M0008,OP0027,T00020,,,2.54,12.69,0.2,0.06,0.18,2.36,12.69,20.0,-36.6
2025-05-20 16:45:00,M0008,OP0027,T00020,,,2.54,12.69,0.2,0.04,0.18,2.36,12.69,20.0,-36.6
2025-05-20 16:57:00,M0008,OP0027,T00020,,,2.54,12.69,0.2,0.05,0.18,2.36,12.69,20.0,-36.6
2025-05-20 17:09:00,M0008,OP0027,T00020,,,2.54,12.69,0.2,0.07,0.18,2.36,12.69,20.0,-36.6
2025-05-20 17:21:00,M0008,OP0027,T00020,,,2.54,12.69,0.2,0.05,0.18,2.36,12.69,20.0,-36.6
2025-05-20 17:33:00,M0008,OP0027,T00020,,,2.54,12.69,0.2,0.05,0.18,2.36,12.69,20.0,-36.6
2025-05-20 17:45:00,M0008,OP0027,T00020,,,2.54,12.69,0.2,0.04,0.18,2.36,12.69,20.0,-36.6
2025-04-24 09:48:00,M0035,OP0038,T00021,222.3,,2.27,11.37,0.2,0.05,0.13,2.15,11.37,14.5,-21.6
2025-04-24 10:00:00,M0035,OP0038,T00021,,,2.27,11.37,0.2,0.04,0.13,2.15,11.37,14.5,-21.6
2025-04-24 10:12:00,M0035,OP0038,T00021,,,2.27,11.37,0.2,0.06,0.13,2.15,11.37,14.5,-21.6
2025-04-24 10:24:00,M0035,OP0038,T00021,,,2.27,11.37,0.2,0.04,0.13,2.15,11.37,14.5,-21.6
2025-04-24 10:36:00,M0035,OP0038,T00021,,,2.27,11.37,0.2,0.05,0.13,2.15,11.37,14.5,-21.6
2025-04-24 10:48:00,M0035,OP0038,T00021,,,2.27,11.37,0.2,0.05,0.13,2.15,11.37,14.5,-21.6
2025-04-24 11:00:00,M0035,OP0038,T00021,,,2.27,11.37,0.2,0.05,0.13,2.15,11.37,14.5,-21.6
2025-04-24 11:12:00,M0035,OP0038,T00021,,,2.27,11.37,0.2,0.06,0.13,2.15,11.37,14.5,-21.6
2025-04-24 11:24:00,M0035,OP0038,T00021,,,1.52,11.37,0.13,0.04,0.08,1.43,11.37,14.5,-21.6
2025-01-30 15:47:00,M0038,OP0022,T00023,430.6,,4.26,21.31,0.2,0.01,0.15,4.11,21.31,25.0,-14.7
2025-01-30 15:59:00,M0038,OP0022,T00023,,,4.26,21.31,0.2,0.01,0.15,4.11,21.31,25.0,-14.7
2025-01-30 16:11:00,M0038,OP0022,T00023,,,4.26,21.31,0.2,0.01,0.15,4.11,21.31,25.0,-14.7
2025-01-30 16:23:00,M0038,OP0022,T00023,,,4.26,21.31,0.2,0.01,0.15,4.11,21.31,25.0,-14.7
2025-01-30 16:35:00,M0038,OP0022,T00023,,,4.26,21.31,0.2,0.01,0.15,4.11,21.31,25.0,-14.7
2025-01-30 16:47:00,M0038,OP0022,T00023,,,4.26,21.31,0.2,0.01,0.15,4.11,21.31,25.0,-14.7
2025-01-30 16:59:00,M0038,OP0022,T00023,,,4.26,21.31,0.2,0.01,0.15,4.11,21.31,25.0,-14.7
2025-01-30 17:11:00,M0038,OP0022,T00023,,,4.26,21.31,0.2,0.01,0.15,4.11,21.31,25.0,-14.7
2025-01-30 17:23:00,M0038,OP0022,T00023,,,4.26,21.31,0.2,0.01,0.15,4.11,21.31,25.0,-14.7
2025-01-30 17:35:00,M0038,OP0022,T00023,,,4.26,21.31,0.2,0.01,0.15,4.11,21.31,25.0,-14.7
2025-01-30 17:47:00,M0038,OP0022,T00023,,,4.26,21.31,0.2,0.01,0.15,4.11,21.31,25.0,-14.7
2025-01-30 17:59:00,M0038,OP0022,T00023,,,4.26,21.31,0.2,0.01,0.15,4.11,21.31,25.0,-14.7
2025-01-30 18:11:00,M0038,OP0022,T00023,,,4.26,21.31,0.2,0.01,0.15,4.11,21.31,25.0,-14.7
2025-01-30 18:23:00,M0038,OP0022,T00023,,,4.26,21.31,0.2,0.01,0.15,4.11,21.31,25.0,-14.7
2025-01-30 18:35:00,M0038,OP0022,T00023,,,4.26,21.31,0.2,0.01,0.15,4.11,21.31,25.0,-14.7
2025-01-30 18:47:00,M0038,OP0022,T00023,,,4.26,21.31,0.2,0.01,0.15,4.11,21.31,25.0,-14.7
2025-01-30 18:59:00,M0038,OP0022,T00023,,,4.26,21.31,0.2,0.01,0.15,4.11,21.31,25.0,-14.7
2025-01-30 19:11:00,M0038,OP0022,T00023,,,4.26,21.31,0.2,0.01,0.15,4.11,21.31,25.0,-14.7
2025-01-30 19:23:00,M0038,OP0022,T00023,,,4.26,21.31,0.2,0.01,0.15,4.11,21.31,25.0,-14.7
2025-01-30 19:35:00,M0038,OP0022,T00023,,,4.26,21.31,0.2,0.01,0.15,4.11,21.31,25.0,-14.7
2025-06-25 13:56:00,M0021,OP0048,T00024,235.7,,2.22,11.09,0.2,0.05,0.12,2.1,11.09,14.5,-23.5
2025-06-25 14:08:00,M0021,OP0048,T00024,,,2.22,11.09,0.2,0.04,0.12,2.1,11.09,14.5,-23.5
2025-06-25 14:20:00,M0021,OP0048,T00024,,,2.22,11.09,0.2,0.05,0.12,2.1,11.09,14.5,-23.5
2025-06-25 14:32:00,M0021,OP0048,T00024,,,2.22,11.09,0.2,0.04,0.12,2.1,11.09,14.5,-23.5
2025-06-25 14:44:00,M0021,OP0048,T00024,,,2.22,11.09,0.2,0.04,0.12,2.1,11.09,14.5,-23.5
2025-06-25 14:56:00,M0021,OP0048,T00024,,,2.22,11.09,0.2,0.04,0.12,2.1,11.09,14.5,-23.5
2025-06-25 15:08:00,M0021,OP0048,T00024,,,2.22,11.09,0.2,0.05,0.12,2.1,11.09,14.5,-23.5
2025-06-25 15:20:00,M0021,OP0048,T00024,,,2.22,11.09,0.2,0.05,0.12,2.1,11.09,14.5,-23.5
2025-06-25 15:32:00,M0021,OP0048,T00024,,,2.22,11.09,0.2,0.05,0.12,2.1,11.09,14.5,-23.5
2025-06-25 15:44:00,M0021,OP0048,T00024,,,2.22,11.09,0.2,0.03,0.12,2.1,11.09,14.5,-23.5
2025-06-25 15:56:00,M0021,OP0048,T00024,,,2.22,11.09,0.2,0.04,0.12,2.1,11.09,14.5,-23.5
2025-06-25 16:08:00,M0021,OP0048,T00024,,,2.22,11.09,0.2,0.04,0.12,2.1,11.09,14.5,-23.5
2025-06-25 16:20:00,M0021,OP0048,T00024,,,2.22,11.09,0.2,0.04,0.12,2.1,11.09,14.5,-23.5
2025-06-25 16:32:00,M0021,OP0048,T00024,,,2.22,11.09,0.2,0.04,0.12,2.1,11.09,14.5,-23.5
2025-06-25 16:44:00,M0021,OP0048,T00024,,,2.22,11.09,0.2,0.05,0.12,2.1,11.09,14.5,-23.5
2025-06-25 16:56:00,M0021,OP0048,T00024,,,2.22,11.09,0.2,0.04,0.12,2.1,11.09,14.5,-23.5
2025-06-25 17:08:00,M0021,OP0048,T00024,,,2.22,11.09,0.2,0.05,0.12,2.1,11.09,14.5,-23.5
2025-06-25 17:20:00,M0021,OP0048,T00024,,,2.22,11.09,0.2,0.04,0.12,2.1,11.09,14.5,-23.5
2025-06-25 17:32:00,M0021,OP0048,T00024,,,2.22,11.09,0.2,0.04,0.12,2.1,11.09,14.5,-23.5
2025-06-25 17:44:00,M0021,OP0048,T00024,,,2.22,11.09,0.2,0.03,0.12,2.1,11.09,14.5,-23.5
2025-04-08 13:35:00,M0023,OP0030,T00025,457.4,,2.74,13.71,0.2,0.04,0.22,2.52,13.71,19.5,-29.7
2025-04-08 13:47:00,M0023,OP0030,T00025,,,2.74,13.71,0.2,0.04,0.22,2.52,13.71,19.5,-29.7
2025-04-08 13:59:00,M0023,OP0030,T00025,,,2.74,13.71,0.2,0.03,0.22,2.52,13.71,19.5,-29.7
2025-04-08 14:11:00,M0023,OP0030,T00025,,,2.74,13.71,0.2,0.04,0.22,2.52,13.71,19.5,-29.7
2025-04-08 14:23:00,M0023,OP0030,T00025,,,2.74,13.71,0.2,0.03,0.22,2.52,13.71,19.5,-29.7
2025-04-08 14:35:00,M0023,OP0030,T00025,,,2.74,13.71,0.2,0.03,0.22,2.52,13.71,19.5,-29.7
2025-04-08 14:47:00,M0023,OP0030,T00025,,,2.74,13.71,0.2,0.03,0.22,2.52,13.71,19.5,-29.7
2025-04-08 14:59:00,M0023,OP0030,T00025,,,2.74,13.71,0.2,0.03,0.22,2.52,13.71,19.5,-29.7
2025-04-08 15:11:00,M0023,OP0030,T00025,,,2.74,13.71,0.2,0.03,0.22,2.52,13.71,19.5,-29.7
2025-04-08 15:23:00,M0023,OP0030,T00025,,,2.74,13.71,0.2,0.03,0.22,2.52,13.71,19.5,-29.7
2025-04-08 15:35:00,M0023,OP0030,T00025,,,2.74,13.71,0.2,0.04,0.22,2.52,13.71,19.5,-29.7
2025-04-08 15:47:00,M0023,OP0030,T00025,,,2.74,13.71,0.2,0.04,0.22,2.52,13.71,19.5,-29.7
2025-04-08 15:59:00,M0023,OP0030,T00025,,,2.74,13.71,0.2,0.04,0.22,2.52,13.71,19.5,-29.7
2025-04-08 16:11:00,M0023,OP0030,T00025,,,2.74,13.71,0.2,0.05,0.22,2.52,13.71,19.5,-29.7
2025-04-08 16:23:00,M0023,OP0030,T00025,,,2.74,13.71,0.2,0.03,0.22,2.52,13.71,19.5,-29.7
2025-04-08 16:35:00,M0023,OP0030,T00025,,,2.74,13.71,0.2,0.04,0.22,2.52,13.71,19.5,-29.7
2025-04-08 16:47:00,M0023,OP0030,T00025,,,2.74,13.71,0.2,0.05,0.22,2.52,13.71,19.5,-29.7
2025-04-08 16:59:00,M0023,OP0030,T00025,,,2.74,13.71,0.2,0.03,0.22,2.52,13.71,19.5,-29.7
2025-04-08 17:11:00,M0023,OP0030,T00025,,,2.74,13.71,0.2,0.03,0.22,2.52,13.71,19.5,-29.7
2025-04-08 17:23:00,M0023,OP0030,T00025,,,2.74,13.71,0.2,0.04,0.22,2.52,13.71,19.5,-29.7
2025-07-23 14:57:00,M0001,OP0018,T00026,529.9,,2.63,13.15,0.2,0.03,0.17,2.46,13.15,20.0,-34.2
2025-07-23 15:09:00,M0001,OP0018,T00026,,,2.63,13.15,0.2,0.03,0.17,2.46,13.15,20.0,-34.2
2025-07-23 15:21:00,M0001,OP0018,T00026,,,2.63,13.15,0.2,0.03,0.17,2.46,13.15,20.0,-34.2
2025-07-23 15:33:00,M0001,OP0018,T00026,,,2.63,13.15,0.2,0.03,0.17,2.46,13.15,20.0,-34.2
2025-07-23 15:45:00,M0001,OP0018,T00026,,,2.63,13.15,0.2,0.03,0.17,2.46,13.15,20.0,-34.2
2025-07-23 15:57:00,M0001,OP0018,T00026,,,2.63,13.15,0.2,0.02,0.17,2.46,13.15,20.0,-34.2
2025-07-23 16:09:00,M0001,OP0018,T00026,,,2.63,13.15,0.2,0.02,0.17,2.46,13.15,20.0,-34.2
2025-07-23 16:21:00,M0001,OP0018,T00026,,,2.63,13.15,0.2,0.03,0.17,2.46,13.15,20.0,-34.2
2025-07-23 16:33:00,M0001,OP0018,T00026,,,2.63,13.15,0.2,0.03,0.17,2.46,13.15,20.0,-34.2
2025-07-23 16:45:00,M0001,OP0018,T00026,,,2.63,13.15,0.2,0.02,0.17,2.46,13.15,20.0,-34.2
2025-07-23 16:57:00,M0001,OP0018,T00026,,,2.63,13.15,0.2,0.03,0.17,2.46,13.15,20.0,-34.2
2025-07-23 17:09:00,M0001,OP0018,T00026,,,2.63,13.15,0.2,0.03,0.17,2.46,13.15,20.0,-34.2
2025-07-23 17:21:00,M0001,OP0018,T00026,,,2.63,13.15,0.2,0.02,0.17,2.46,13.15,20.0,-34.2
2025-07-23 17:33:00,M0001,OP0018,T00026,,,2.63,13.15,0.2,0.03,0.17,2.46,13.15,20.0,-34.2
2025-07-23 17:45:00,M0001,OP0018,T00026,,,2.63,13.15,0.2,0.03,0.17,2.46,13.15,20.0,-34.2
2025-07-23 17:57:00,M0001,OP0018,T00026,,,2.63,13.15,0.2,0.02,0.17,2.46,13.15,20.0,-34.2
2025-07-23 18:09:00,M0001,OP0018,T00026,,,2.63,13.15,0.2,0.03,0.17,2.46,13.15,20.0,-34.2
2025-07-23 18:21:00,M0001,OP0018,T00026,,,2.63,13.15,0.2,0.03,0.17,2.46,13.15,20.0,-34.2
2025-07-23 18:33:00,M0001,OP0018,T00026,,,2.63,13.15,0.2,0.03,0.17,2.46,13.15,20.0,-34.2
2025-07-23 18:45:00,M0001,OP0018,T00026,,,2.63,13.15,0.2,0.03,0.17,2.46,13.15,20.0,-34.2
2025-06-17 10:08:00,M0035,OP0043,T00027,333.9,,2.08,10.38,0.2,0.0,0.1,1.98,10.38,14.5,-28.4
2025-06-17 10:20:00,M0035,OP0043,T00027,,,2.08,10.38,0.2,0.01,0.1,1.98,10.38,14.5,-28.4
2025-06-17 10:32:00,M0035,OP0043,T00027,,,2.08,10.38,0.2,0.01,0.1,1.98,10.38,14.5,-28.4
2025-06-17 10:44:00,M0035,OP0043,T00027,,,2.08,10.38,0.2,0.01,0.1,1.98,10.38,14.5,-28.4
2025-06-17 10:56:00,M0035,OP0043,T00027,,,2.08,10.38,0.2,0.01,0.1,1.98,10.38,14.5,-28.4
2025-06-17 11:08:00,M0035,OP0043,T00027,,,2.08,10.38,0.2,0.01,0.1,1.98,10.38,14.5,-28.4
2025-06-17 11:20:00,M0035,OP0043,T00027,,,2.08,10.38,0.2,0.01,0.1,1.98,10.38,14.5,-28.4
2025-06-17 11:32:00,M0035,OP0043,T00027,,,2.08,10.38,0.2,0.01,0.1,1.98,10.38,14.5,-28.4
2025-06-17 11:44:00,M0035,OP0043,T00027,,,2.08,10.38,0.2,0.01,0.1,1.98,10.38,14.5,-28.4
2025-06-17 11:56:00,M0035,OP0043,T00027,,,2.08,10.38,0.2,0.01,0.1,1.98,10.38,14.5,-28.4
2025-06-17 12:08:00,M0035,OP0043,T00027,,,2.08,10.38,0.2,0.0,0.1,1.98,10.38,14.5,-28.4
2025-06-17 12:20:00,M0035,OP0043,T00027,,,2.08,10.38,0.2,0.01,0.1,1.98,10.38,14.5,-28.4
2025-06-17 12:32:00,M0035,OP0043,T00027,,,2.08,10.38,0.2,0.01,0.1,1.98,10.38,14.5,-28.4
2025-06-17 12:44:00,M0035,OP0043,T00027,,,2.08,10.38,0.2,0.01,0.1,1.98,10.38,14.5,-28.4
2025-06-17 12:56:00,M0035,OP0043,T00027,,,2.08,10.38,0.2,0.01,0.1,1.98,10.38,14.5,-28.4
2025-06-17 13:08:00,M0035,OP0043,T00027,,,2.08,10.38,0.2,0.0,0.1,1.98,10.38,14.5,-28.4
2025-06-17 13:20:00,M0035,OP0043,T00027,,,2.08,10.38,0.2,0.01,0.1,1.98,10.38,14.5,-28.4
2025-06-17 13:32:00,M0035,OP0043,T00027,,,2.08,10.38,0.2,0.01,0.1,1.98,10.38,14.5,-28.4
2025-06-17 13:44:00,M0035,OP0043,T00027,,,2.08,10.38,0.2,0.01,0.1,1.98,10.38,14.5,-28.4
2025-06-17 13:56:00,M0035,OP0043,T00027,,,2.08,10.38,0.2,0.0,0.1,1.98,10.38,14.5,-28.4
2025-09-09 15:33:00,M0041,OP0055,T00028,118.5,,1.66,8.31,0.2,0.03,0.07,1.59,8.31,10.5,-20.8
2025-09-09 15:45:00,M0041,OP0055,T00028,,,1.66,8.31,0.2,0.03,0.07,1.59,8.31,10.5,-20.8
2025-09-09 15:57:00,M0041,OP0055,T00028,,,1.66,8.31,0.2,0.04,0.07,1.59,8.31,10.5,-20.8
2025-09-09 16:09:00,M0041,OP0055,T00028,,,1.66,8.31,0.2,0.03,0.07,1.59,8.31,10.5,-20.8
2025-09-09 16:21:00,M0041,OP0055,T00028,,,1.66,8.31,0.2,0.03,0.07,1.59,8.31,10.5,-20.8
2025-09-09 16:33:00,M0041,OP0055,T00028,,,1.66,8.31,0.2,0.03,0.07,1.59,8.31,10.5,-20.8
2025-09-09 16:45:00,M0041,OP0055,T00028,,,1.66,8.31,0.2,0.03,0.07,1.59,8.31,10.5,-20.8
2025-09-09 16:57:00,M0041,OP0055,T00028,,,1.66,8.31,0.2,0.02,0.07,1.59,8.31,10.5,-20.8
2025-09-09 17:09:00,M0041,OP0055,T00028,,,1.66,8.31,0.2,0.04,0.07,1.59,8.31,10.5,-20.8
2025-09-09 17:21:00,M0041,OP0055,T00028,,,1.66,8.31,0.2,0.03,0.07,1.59,8.31,10.5,-20.8
2025-09-09 17:33:00,M0041,OP0055,T00028,,,1.66,8.31,0.2,0.03,0.07,1.59,8.31,10.5,-20.8
2025-09-09 17:45:00,M0041,OP0055,T00028,,,1.66,8.31,0.2,0.03,0.07,1.59,8.31,10.5,-20.8
2025-09-09 17:57:00,M0041,OP0055,T00028,,,1.66,8.31,0.2,0.03,0.07,1.59,8.31,10.5,-20.8
2025-09-09 18:09:00,M0041,OP0055,T00028,,,1.66,8.31,0.2,0.04,0.07,1.59,8.31,10.5,-20.8
2025-09-09 18:21:00,M0041,OP0055,T00028,,,1.66,8.31,0.2,0.04,0.07,1.59,8.31,10.5,-20.8
2025-09-09 18:33:00,M0041,OP0055,T00028,,,1.66,8.31,0.2,0.03,0.07,1.59,8.31,10.5,-20.8
2025-09-09 18:45:00,M0041,OP0055,T00028,,,1.66,8.31,0.2,0.03,0.07,1.59,8.31,10.5,-20.8
2025-09-09 18:57:00,M0041,OP0055,T00028,,,1.66,8.31,0.2,0.03,0.07,1.59,8.31,10.5,-20.8
2025-09-09 19:09:00,M0041,OP0055,T00028,,,1.66,8.31,0.2,0.03,0.07,1.59,8.31,10.5,-20.8
2025-09-09 19:21:00,M0041,OP0055,T00028,,,1.66,8.31,0.2,0.03,0.07,1.59,8.31,10.5,-20.8
2025-04-14 11:17:00,M0042,OP0014,T00029,290.0,,3.55,17.75,0.2,0.04,0.26,3.29,17.75,25.0,-29.0
2025-04-14 11:29:00,M0042,OP0014,T00029,,,3.55,17.75,0.2,0.03,0.26,3.29,17.75,25.0,-29.0
2025-04-14 11:41:00,M0042,OP0014,T00029,,,3.55,17.75,0.2,0.03,0.26,3.29,17.75,25.0,-29.0
2025-04-14 11:53:00,M0042,OP0014,T00029,,,3.55,17.75,0.2,0.04,0.26,3.29,17.75,25.0,-29.0
2025-04-14 12:05:00,M0042,OP0014,T00029,,,3.55,17.75,0.2,0.03,0.26,3.29,17.75,25.0,-29.0
2025-04-14 12:17:00,M0042,OP0014,T00029,,,3.55,17.75,0.2,0.03,0.26,3.29,17.75,25.0,-29.0
2025-04-14 12:29:00,M0042,OP0014,T00029,,,3.55,17.75,0.2,0.03,0.26,3.29,17.75,25.0,-29.0
2025-04-14 12:41:00,M0042,OP0014,T00029,,,3.55,17.75,0.2,0.03,0.26,3.29,17.75,25.0,-29.0
2025-04-14 12:53:00,M0042,OP0014,T00029,,,3.55,17.75,0.2,0.02,0.26,3.29,17.75,25.0,-29.0
2025-04-14 13:05:00,M0042,OP0014,T00029,,,3.55,17.75,0.2,0.04,0.26,3.29,17.75,25.0,-29.0
2025-04-14 13:17:00,M0042,OP0014,T00029,,,3.55,17.75,0.2,0.03,0.26,3.29,17.75,25.0,-29.0
2025-04-14 13:29:00,M0042,OP0014,T00029,,,3.55,17.75,0.2,0.04,0.26,3.29,17.75,25.0,-29.0
2025-04-14 13:41:00,M0042,OP0014,T00029,,,3.55,17.75,0.2,0.04,0.26,3.29,17.75,25.0,-29.0
2025-04-14 13:53:00,M0042,OP0014,T00029,,,3.55,17.75,0.2,0.03,0.26,3.29,17.75,25.0,-29.0
2025-04-14 14:05:00,M0042,OP0014,T00029,,,3.55,17.75,0.2,0.04,0.26,3.29,17.75,25.0,-29.0
2025-04-14 14:17:00,M0042,OP0014,T00029,,,3.55,17.75,0.2,0.04,0.26,3.29,17.75,25.0,-29.0
2025-04-14 14:29:00,M0042,OP0014,T00029,,,3.55,17.75,0.2,0.03,0.26,3.29,17.75,25.0,-29.0
2025-04-14 14:41:00,M0042,OP0014,T00029,,,3.55,17.75,0.2,0.03,0.26,3.29,17.75,25.0,-29.0
2025-04-14 14:53:00,M0042,OP0014,T00029,,,3.55,17.75,0.2,0.04,0.26,3.29,17.75,25.0,-29.0
2025-04-14 15:05:00,M0042,OP0014,T00029,,,3.55,17.75,0.2,0.03,0.26,3.29,17.75,25.0,-29.0
2025-09-09 09:28:00,M0014,OP0045,T00030,580.4,,4.65,23.24,0.2,0.05,0.27,4.38,23.24,28.0,-17.0
2025-09-09 09:40:00,M0014,OP0045,T00030,,,4.65,23.24,0.2,0.06,0.27,4.38,23.24,28.0,-17.0
2025-09-09 09:52:00,M0014,OP0045,T00030,,,4.65,23.24,0.2,0.04,0.27,4.38,23.24,28.0,-17.0
2025-09-09 10:04:00,M0014,OP0045,T00030,,,4.65,23.24,0.2,0.04,0.27,4.38,23.24,28.0,-17.0
2025-09-09 10:16:00,M0014,OP0045,T00030,,,4.65,23.24,0.2,0.06,0.27,4.38,23.24,28.0,-17.0
2025-09-09 10:28:00,M0014,OP0045,T00030,,,4.65,23.24,0.2,0.07,0.27,4.38,23.24,28.0,-17.0
2025-09-09 10:40:00,M0014,OP0045,T00030,,,4.65,23.24,0.2,0.07,0.27,4.38,23.24,28.0,-17.0
2025-09-09 10:52:00,M0014,OP0045,T00030,,,4.65,23.24,0.2,0.07,0.27,4.38,23.24,28.0,-17.0
2025-09-09 11:04:00,M0014,OP0045,T00030,,,4.65,23.24,0.2,0.07,0.27,4.38,23.24,28.0,-17.0
2025-09-09 11:16:00,M0014,OP0045,T00030,,,4.65,23.24,0.2,0.04,0.27,4.38,23.24,28.0,-17.0
2025-09-09 11:28:00,M0014,OP0045,T00030,,,4.65,23.24,0.2,0.06,0.27,4.38,23.24,28.0,-17.0
2025-09-09 11:40:00,M0014,OP0045,T00030,,,4.65,23.24,0.2,0.05,0.27,4.38,23.24,28.0,-17.0
2025-09-09 11:52:00,M0014,OP0045,T00030,,,4.65,23.24,0.2,0.04,0.27,4.38,23.24,28.0,-17.0
2025-09-09 12:04:00,M0014,OP0045,T00030,,,4.65,23.24,0.2,0.05,0.27,4.38,23.24,28.0,-17.0
2025-09-09 12:16:00,M0014,OP0045,T00030,,,4.65,23.24,0.2,0.06,0.27,4.38,23.24,28.0,-17.0
2025-09-09 12:28:00,M0014,OP0045,T00030,,,4.65,23.24,0.2,0.05,0.27,4.38,23.24,28.0,-17.0
2025-09-09 12:40:00,M0014,OP0045,T00030,,,4.65,23.24,0.2,0.06,0.27,4.38,23.24,28.0,-17.0
2025-09-09 12:52:00,M0014,OP0045,T00030,,,4.65,23.24,0.2,0.06,0.27,4.38,23.24,28.0,-17.0
2025-09-09 13:04:00,M0014,OP0045,T00030,,,4.65,23.24,0.2,0.06,0.27,4.38,23.24,28.0,-17.0
2025-09-09 13:16:00,M0014,OP0045,T00030,,,4.65,23.24,0.2,0.07,0.27,4.38,23.24,28.0,-17.0
2025-06-15 07:19:00,M0028,OP0010,T00032,547.5,,3.56,17.81,0.2,0.01,0.18,3.39,17.81,20.0,-11.0
2025-06-15 07:31:00,M0028,OP0010,T00032,,,3.56,17.81,0.2,0.01,0.18,3.39,17.81,20.0,-11.0
2025-06-15 07:43:00,M0028,OP0010,T00032,,,3.56,17.81,0.2,0.01,0.18,3.39,17.81,20.0,-11.0
2025-06-15 07:55:00,M0028,OP0010,T00032,,,3.56,17.81,0.2,0.01,0.18,3.39,17.81,20.0,-11.0
2025-06-15 08:07:00,M0028,OP0010,T00032,,,3.56,17.81,0.2,0.01,0.18,3.39,17.81,20.0,-11.0
2025-06-15 08:19:00,M0028,OP0010,T00032,,,3.56,17.81,0.2,0.01,0.18,3.39,17.81,20.0,-11.0
2025-06-15 08:31:00,M0028,OP0010,T00032,,,3.56,17.81,0.2,0.02,0.18,3.39,17.81,20.0,-11.0
2025-06-15 08:43:00,M0028,OP0010,T00032,,,3.56,17.81,0.2,0.02,0.18,3.39,17.81,20.0,-11.0
2025-06-15 08:55:00,M0028,OP0010,T00032,,,3.56,17.81,0.2,0.01,0.18,3.39,17.81,20.0,-11.0
2025-06-15 09:07:00,M0028,OP0010,T00032,,,3.56,17.81,0.2,0.01,0.18,3.39,17.81,20.0,-11.0
2025-06-15 09:19:00,M0028,OP0010,T00032,,,3.56,17.81,0.2,0.01,0.18,3.39,17.81,20.0,-11.0
2025-06-15 09:31:00,M0028,OP0010,T00032,,,3.56,17.81,0.2,0.01,0.18,3.39,17.81,20.0,-11.0
2025-06-15 09:43:00,M0028,OP0010,T00032,,,3.56,17.81,0.2,0.01,0.18,3.39,17.81,20.0,-11.0
2025-06-15 09:55:00,M0028,OP0010,T00032,,,3.56,17.81,0.2,0.01,0.18,3.39,17.81,20.0,-11.0
2025-06-15 10:07:00,M0028,OP0010,T00032,,,3.56,17.81,0.2,0.01,0.18,3.39,17.81,20.0,-11.0
2025-06-15 10:19:00,M0028,OP0010,T00032,,,3.56,17.81,0.2,0.01,0.18,3.39,17.81,20.0,-11.0
2025-06-15 10:31:00,M0028,OP0010,T00032,,,3.56,17.81,0.2,0.01,0.18,3.39,17.81,20.0,-11.0
2025-06-15 10:43:00,M0028,OP0010,T00032,,,3.56,17.81,0.2,0.01,0.18,3.39,17.81,20.0,-11.0
2025-06-15 10:55:00,M0028,OP0010,T00032,,,3.56,17.81,0.2,0.01,0.18,3.39,17.81,20.0,-11.0
2025-06-15 11:07:00,M0028,OP0010,T00032,,,3.56,17.81,0.2,0.02,0.18,3.39,17.81,20.0,-11.0
2025-05-10 10:33:00,M0023,OP0039,T00033,336.6,,2.49,12.47,0.2,0.03,0.25,2.24,12.47,19.5,-36.1
2025-05-10 10:45:00,M0023,OP0039,T00033,,,2.49,12.47,0.2,0.02,0.25,2.24,12.47,19.5,-36.1
2025-05-10 10:57:00,M0023,OP0039,T00033,,,2.49,12.47,0.2,0.02,0.25,2.24,12.47,19.5,-36.1
2025-05-10 11:09:00,M0023,OP0039,T00033,,,2.49,12.47,0.2,0.02,0.25,2.24,12.47,19.5,-36.1
2025-05-10 11:21:00,M0023,OP0039,T00033,,,2.49,12.47,0.2,0.02,0.25,2.24,12.47,19.5,-36.1
2025-05-10 11:33:00,M0023,OP0039,T00033,,,2.49,12.47,0.2,0.02,0.25,2.24,12.47,19.5,-36.1
2025-05-10 11:45:00,M0023,OP0039,T00033,,,2.49,12.47,0.2,0.02,0.25,2.24,12.47,19.5,-36.1
2025-05-10 11:57:00,M0023,OP0039,T00033,,,2.49,12.47,0.2,0.03,0.25,2.24,12.47,19.5,-36.1
2025-05-10 12:09:00,M0023,OP0039,T00033,,,2.49,12.47,0.2,0.02,0.25,2.24,12.47,19.5,-36.1
2025-05-10 12:21:00,M0023,OP0039,T00033,,,2.49,12.47,0.2,0.03,0.25,2.24,12.47,19.5,-36.1
2025-05-10 12:33:00,M0023,OP0039,T00033,,,2.49,12.47,0.2,0.02,0.25,2.24,12.47,19.5,-36.1
2025-05-10 12:45:00,M0023,OP0039,T00033,,,2.49,12.47,0.2,0.03,0.25,2.24,12.47,19.5,-36.1
2025-05-10 12:57:00,M0023,OP0039,T00033,,,2.49,12.47,0.2,0.03,0.25,2.24,12.47,19.5,-36.1
2025-05-10 13:09:00,M0023,OP0039,T00033,,,2.49,12.47,0.2,0.03,0.25,2.24,12.47,19.5,-36.1
2025-05-10 13:21:00,M0023,OP0039,T00033,,,2.49,12.47,0.2,0.03,0.25,2.24,12.47,19.5,-36.1
2025-05-10 13:33:00,M0023,OP0039,T00033,,,2.49,12.47,0.2,0.03,0.25,2.24,12.47,19.5,-36.1
2025-05-10 13:45:00,M0023,OP0039,T00033,,,2.49,12.47,0.2,0.03,0.25,2.24,12.47,19.5,-36.1
2025-05-10 13:57:00,M0023,OP0039,T00033,,,2.49,12.47,0.2,0.03,0.25,2.24,12.47,19.5,-36.1
2025-05-10 14:09:00,M0023,OP0039,T00033,,,2.49,12.47,0.2,0.03,0.25,2.24,12.47,19.5,-36.1
2025-05-10 14:21:00,M0023,OP0039,T00033,,,2.49,12.47,0.2,0.03,0.25,2.24,12.47,19.5,-36.1
2025-06-11 12:46:00,M0028,OP0018,T00034,426.0,,3.05,15.24,0.2,0.02,0.08,2.97,15.24,20.0,-23.8
2025-06-11 12:58:00,M0028,OP0018,T00034,,,3.05,15.24,0.2,0.03,0.08,2.97,15.24,20.0,-23.8
2025-06-11 13:10:00,M0028,OP0018,T00034,,,3.05,15.24,0.2,0.02,0.08,2.97,15.24,20.0,-23.8
2025-06-11 13:22:00,M0028,OP0018,T00034,,,3.05,15.24,0.2,0.02,0.08,2.97,15.24,20.0,-23.8
2025-06-11 13:34:00,M0028,OP0018,T00034,,,3.05,15.24,0.2,0.03,0.08,2.97,15.24,20.0,-23.8
2025-06-11 13:46:00,M0028,OP0018,T00034,,,3.05,15.24,0.2,0.02,0.08,2.97,15.24,20.0,-23.8
2025-06-11 13:58:00,M0028,OP0018,T00034,,,0.25,15.24,0.02,0.0,0.01,0.25,15.24,20.0,-23.8
2025-04-28 14:31:00,M0015,OP0003,T00036,239.5,,2.82,14.12,0.2,0.05,0.2,2.62,14.12,20.0,-29.4
2025-04-28 14:43:00,M0015,OP0003,T00036,,,2.82,14.12,0.2,0.04,0.2,2.62,14.12,20.0,-29.4
2025-04-28 14:55:00,M0015,OP0003,T00036,,,2.82,14.12,0.2,0.04,0.2,2.62,14.12,20.0,-29.4
2025-04-28 15:07:00,M0015,OP0003,T00036,,,2.82,14.12,0.2,0.03,0.2,2.62,14.12,20.0,-29.4
2025-04-28 15:19:00,M0015,OP0003,T00036,,,2.82,14.12,0.2,0.03,0.2,2.62,14.12,20.0,-29.4
2025-04-28 15:31:00,M0015,OP0003,T00036,,,2.82,14.12,0.2,0.03,0.2,2.62,14.12,20.0,-29.4
2025-04-28 15:43:00,M0015,OP0003,T00036,,,0.24,14.12,0.02,0.0,0.02,0.22,14.12,20.0,-29.4
2025-04-02 09:19:00,M0006,OP0027,T00037,130.2,,1.59,7.95,0.2,0.05,0.04,1.55,7.95,10.5,-24.3
2025-04-02 09:31:00,M0006,OP0027,T00037,,,1.59,7.95,0.2,0.04,0.04,1.55,7.95,10.5,-24.3
2025-04-02 09:43:00,M0006,OP0027,T00037,,,1.59,7.95,0.2,0.05,0.04,1.55,7.95,10.5,-24.3
2025-04-02 09:55:00,M0006,OP0027,T00037,,,1.59,7.95,0.2,0.06,0.04,1.55,7.95,10.5,-24.3
2025-04-02 10:07:00,M0006,OP0027,T00037,,,1.59,7.95,0.2,0.04,0.04,1.55,7.95,10.5,-24.3
2025-04-02 10:19:00,M0006,OP0027,T00037,,,1.59,7.95,0.2,0.05,0.04,1.55,7.95,10.5,-24.3
2025-04-02 10:31:00,M0006,OP0027,T00037,,,1.59,7.95,0.2,0.04,0.04,1.55,7.95,10.5,-24.3
2025-04-02 10:43:00,M0006,OP0027,T00037,,,1.59,7.95,0.2,0.05,0.04,1.55,7.95,10.5,-24.3
2025-04-02 10:55:00,M0006,OP0027,T00037,,,1.59,7.95,0.2,0.05,0.04,1.55,7.95,10.5,-24.3
2025-04-02 11:07:00,M0006,OP0027,T00037,,,1.59,7.95,0.2,0.05,0.04,1.55,7.95,10.5,-24.3
2025-04-02 11:19:00,M0006,OP0027,T00037,,,0.26,7.95,0.03,0.01,0.01,0.26,7.95,10.5,-24.3
2025-02-14 13:49:00,M0030,OP0007,T00038,262.1,,2.82,14.1,0.2,0.02,0.19,2.64,14.1,20.0,-29.5
2025-02-14 14:01:00,M0030,OP0007,T00038,,,2.82,14.1,0.2,0.02,0.19,2.64,14.1,20.0,-29.5
2025-02-14 14:13:00,M0030,OP0007,T00038,,,2.82,14.1,0.2,0.03,0.19,2.64,14.1,20.0,-29.5
2025-02-14 14:25:00,M0030,OP0007,T00038,,,2.82,14.1,0.2,0.04,0.19,2.64,14.1,20.0,-29.5
2025-02-14 14:37:00,M0030,OP0007,T00038,,,2.82,14.1,0.2,0.04,0.19,2.64,14.1,20.0,-29.5
2025-02-14 14:49:00,M0030,OP0007,T00038,,,2.82,14.1,0.2,0.04,0.19,2.64,14.1,20.0,-29.5
2025-02-14 15:01:00,M0030,OP0007,T00038,,,2.82,14.1,0.2,0.03,0.19,2.64,14.1,20.0,-29.5
2025-02-14 15:13:00,M0030,OP0007,T00038,,,2.82,14.1,0.2,0.04,0.19,2.64,14.1,20.0,-29.5
2025-02-14 15:25:00,M0030,OP0007,T00038,,,2.82,14.1,0.2,0.03,0.19,2.64,14.1,20.0,-29.5
2025-02-14 15:37:00,M0030,OP0007,T00038,,,2.82,14.1,0.2,0.04,0.19,2.64,14.1,20.0,-29.5
2025-02-14 15:49:00,M0030,OP0007,T00038,,,2.82,14.1,0.2,0.04,0.19,2.64,14.1,20.0,-29.5
2025-02-14 16:01:00,M0030,OP0007,T00038,,,2.82,14.1,0.2,0.03,0.19,2.64,14.1,20.0,-29.5
2025-02-14 16:13:00,M0030,OP0007,T00038,,,2.82,14.1,0.2,0.03,0.19,2.64,14.1,20.0,-29.5
2025-02-14 16:25:00,M0030,OP0007,T00038,,,2.82,14.1,0.2,0.04,0.19,2.64,14.1,20.0,-29.5
2025-02-14 16:37:00,M0030,OP0007,T00038,,,2.82,14.1,0.2,0.03,0.19,2.64,14.1,20.0,-29.5
2025-02-14 16:49:00,M0030,OP0007,T00038,,,2.82,14.1,0.2,0.03,0.19,2.64,14.1,20.0,-29.5
2025-02-14 17:01:00,M0030,OP0007,T00038,,,2.82,14.1,0.2,0.04,0.19,2.64,14.1,20.0,-29.5
2025-02-14 17:13:00,M0030,OP0007,T00038,,,2.82,14.1,0.2,0.02,0.19,2.64,14.1,20.0,-29.5
2025-02-14 17:25:00,M0030,OP0007,T00038,,,2.82,14.1,0.2,0.03,0.19,2.64,14.1,20.0,-29.5
2025-02-14 17:37:00,M0030,OP0007,T00038,,,2.82,14.1,0.2,0.03,0.19,2.64,14.1,20.0,-29.5
2025-03-31 10:50:00,M0001,OP0033,T00039,390.4,,2.56,12.79,0.2,0.02,0.18,2.38,12.79,20.0,-36.0
2025-03-31 11:02:00,M0001,OP0033,T00039,,,2.56,12.79,0.2,0.03,0.18,2.38,12.79,20.0,-36.0
2025-03-31 11:14:00,M0001,OP0033,T00039,,,2.56,12.79,0.2,0.03,0.18,2.38,12.79,20.0,-36.0
2025-03-31 11:26:00,M0001,OP0033,T00039,,,2.56,12.79,0.2,0.03,0.18,2.38,12.79,20.0,-36.0
2025-03-31 11:38:00,M0001,OP0033,T00039,,,2.56,12.79,0.2,0.03,0.18,2.38,12.79,20.0,-36.0
2025-03-31 11:50:00,M0001,OP0033,T00039,,,2.56,12.79,0.2,0.02,0.18,2.38,12.79,20.0,-36.0
2025-03-31 12:02:00,M0001,OP0033,T00039,,,2.56,12.79,0.2,0.03,0.18,2.38,12.79,20.0,-36.0
2025-03-31 12:14:00,M0001,OP0033,T00039,,,2.56,12.79,0.2,0.02,0.18,2.38,12.79,20.0,-36.0
2025-03-31 12:26:00,M0001,OP0033,T00039,,,2.56,12.79,0.2,0.02,0.18,2.38,12.79,20.0,-36.0
2025-03-31 12:38:00,M0001,OP0033,T00039,,,2.56,12.79,0.2,0.02,0.18,2.38,12.79,20.0,-36.0
2025-03-31 12:50:00,M0001,OP0033,T00039,,,2.56,12.79,0.2,0.03,0.18,2.38,12.79,20.0,-36.0
2025-03-31 13:02:00,M0001,OP0033,T00039,,,2.56,12.79,0.2,0.03,0.18,2.38,12.79,20.0,-36.0
2025-03-31 13:14:00,M0001,OP0033,T00039,,,2.56,12.79,0.2,0.03,0.18,2.38,12.79,20.0,-36.0
2025-03-31 13:26:00,M0001,OP0033,T00039,,,2.56,12.79,0.2,0.02,0.18,2.38,12.79,20.0,-36.0
2025-03-31 13:38:00,M0001,OP0033,T00039,,,2.56,12.79,0.2,0.02,0.18,2.38,12.79,20.0,-36.0
2025-03-31 13:50:00,M0001,OP0033,T00039,,,2.56,12.79,0.2,0.02,0.18,2.38,12.79,20.0,-36.0
2025-03-31 14:02:00,M0001,OP0033,T00039,,,2.56,12.79,0.2,0.03,0.18,2.38,12.79,20.0,-36.0
2025-03-31 14:14:00,M0001,OP0033,T00039,,,2.56,12.79,0.2,0.03,0.18,2.38,12.79,20.0,-36.0
2025-03-31 14:26:00,M0001,OP0033,T00039,,,2.56,12.79,0.2,0.03,0.18,2.38,12.79,20.0,-36.0
2025-03-31 14:38:00,M0001,OP0033,T00039,,,2.56,12.79,0.2,0.02,0.18,2.38,12.79,20.0,-36.0
2025-06-10 14:53:00,M0035,OP0035,T00041,245.4,,2.13,10.63,0.2,0.01,0.07,2.06,10.63,14.5,-26.7
2025-06-10 15:05:00,M0035,OP0035,T00041,,,2.13,10.63,0.2,0.01,0.07,2.06,10.63,14.5,-26.7
2025-06-10 15:17:00,M0035,OP0035,T00041,,,2.13,10.63,0.2,0.0,0.07,2.06,10.63,14.5,-26.7
2025-06-10 15:29:00,M0035,OP0035,T00041,,,2.13,10.63,0.2,0.0,0.07,2.06,10.63,14.5,-26.7
2025-06-10 15:41:00,M0035,OP0035,T00041,,,2.13,10.63,0.2,0.0,0.07,2.06,10.63,14.5,-26.7
2025-06-10 15:53:00,M0035,OP0035,T00041,,,2.13,10.63,0.2,0.0,0.07,2.06,10.63,14.5,-26.7
2025-06-10 16:05:00,M0035,OP0035,T00041,,,2.13,10.63,0.2,0.01,0.07,2.06,10.63,14.5,-26.7
2025-06-10 16:17:00,M0035,OP0035,T00041,,,2.13,10.63,0.2,0.0,0.07,2.06,10.63,14.5,-26.7
2025-06-10 16:29:00,M0035,OP0035,T00041,,,2.13,10.63,0.2,0.0,0.07,2.06,10.63,14.5,-26.7
2025-06-10 16:41:00,M0035,OP0035,T00041,,,2.13,10.63,0.2,0.0,0.07,2.06,10.63,14.5,-26.7
2025-06-10 16:53:00,M0035,OP0035,T00041,,,2.13,10.63,0.2,0.0,0.07,2.06,10.63,14.5,-26.7
2025-06-10 17:05:00,M0035,OP0035,T00041,,,2.13,10.63,0.2,0.01,0.07,2.06,10.63,14.5,-26.7
2025-06-10 17:17:00,M0035,OP0035,T00041,,,2.13,10.63,0.2,0.01,0.07,2.06,10.63,14.5,-26.7
2025-06-10 17:29:00,M0035,OP0035,T00041,,,2.13,10.63,0.2,0.0,0.07,2.06,10.63,14.5,-26.7
2025-06-10 17:41:00,M0035,OP0035,T00041,,,2.13,10.63,0.2,0.01,0.07,2.06,10.63,14.5,-26.7
2025-06-10 17:53:00,M0035,OP0035,T00041,,,2.13,10.63,0.2,0.01,0.07,2.06,10.63,14.5,-26.7
2025-06-10 18:05:00,M0035,OP0035,T00041,,,2.13,10.63,0.2,0.01,0.07,2.06,10.63,14.5,-26.7
2025-06-10 18:17:00,M0035,OP0035,T00041,,,2.13,10.63,0.2,0.0,0.07,2.06,10.63,14.5,-26.7
2025-06-10 18:29:00,M0035,OP0035,T00041,,,0.89,10.63,0.08,0.0,0.03,0.86,10.63,14.5,-26.7
2025-09-14 11:58:00,M0029,OP0052,T00042,428.6,,3.61,18.03,0.2,0.05,0.38,3.23,18.03,25.0,-27.9
2025-09-14 12:10:00,M0029,OP0052,T00042,,,3.61,18.03,0.2,0.03,0.38,3.23,18.03,25.0,-27.9
2025-09-14 12:22:00,M0029,OP0052,T00042,,,3.61,18.03,0.2,0.06,0.38,3.23,18.03,25.0,-27.9
2025-09-14 12:34:00,M0029,OP0052,T00042,,,3.61,18.03,0.2,0.04,0.38,3.23,18.03,25.0,-27.9
2025-09-14 12:46:00,M0029,OP0052,T00042,,,3.61,18.03,0.2,0.03,0.38,3.23,18.03,25.0,-27.9
2025-09-14 12:58:00,M0029,OP0052,T00042,,,3.61,18.03,0.2,0.05,0.38,3.23,18.03,25.0,-27.9
2025-09-14 13:10:00,M0029,OP0052,T00042,,,3.61,18.03,0.2,0.05,0.38,3.23,18.03,25.0,-27.9
2025-09-14 13:22:00,M0029,OP0052,T00042,,,3.61,18.03,0.2,0.06,0.38,3.23,18.03,25.0,-27.9
2025-09-14 13:34:00,M0029,OP0052,T00042,,,3.61,18.03,0.2,0.04,0.38,3.23,18.03,25.0,-27.9
2025-09-14 13:46:00,M0029,OP0052,T00042,,,3.61,18.03,0.2,0.04,0.38,3.23,18.03,25.0,-27.9
2025-09-14 13:58:00,M0029,OP0052,T00042,,,3.61,18.03,0.2,0.04,0.38,3.23,18.03,25.0,-27.9
2025-09-14 14:10:00,M0029,OP0052,T00042,,,3.61,18.03,0.2,0.05,0.38,3.23,18.03,25.0,-27.9
2025-09-14 14:22:00,M0029,OP0052,T00042,,,3.61,18.03,0.2,0.06,0.38,3.23,18.03,25.0,-27.9
2025-09-14 14:34:00,M0029,OP0052,T00042,,,3.61,18.03,0.2,0.06,0.38,3.23,18.03,25.0,-27.9
2025-09-14 14:46:00,M0029,OP0052,T00042,,,3.61,18.03,0.2,0.04,0.38,3.23,18.03,25.0,-27.9
2025-09-14 14:58:00,M0029,OP0052,T00042,,,3.61,18.03,0.2,0.04,0.38,3.23,18.03,25.0,-27.9
2025-09-14 15:10:00,M0029,OP0052,T00042,,,3.61,18.03,0.2,0.04,0.38,3.23,18.03,25.0,-27.9
2025-09-14 15:22:00,M0029,OP0052,T00042,,,3.61,18.03,0.2,0.04,0.38,3.23,18.03,25.0,-27.9
2025-09-14 15:34:00,M0029,OP0052,T00042,,,3.61,18.03,0.2,0.04,0.38,3.23,18.03,25.0,-27.9
2025-09-14 15:46:00,M0029,OP0052,T00042,,,3.61,18.03,0.2,0.04,0.38,3.23,18.03,25.0,-27.9
2025-02-19 07:43:00,M0021,OP0007,T00043,213.9,,1.75,8.76,0.2,0.04,0.2,1.55,8.76,14.5,-39.6
2025-02-19 07:55:00,M0021,OP0007,T00043,,,1.75,8.76,0.2,0.05,0.2,1.55,8.76,14.5,-39.6
2025-02-19 08:07:00,M0021,OP0007,T00043,,,1.75,8.76,0.2,0.06,0.2,1.55,8.76,14.5,-39.6
2025-02-19 08:19:00,M0021,OP0007,T00043,,,1.75,8.76,0.2,0.05,0.2,1.55,8.76,14.5,-39.6
2025-02-19 08:31:00,M0021,OP0007,T00043,,,1.75,8.76,0.2,0.07,0.2,1.55,8.76,14.5,-39.6
2025-02-19 08:43:00,M0021,OP0007,T00043,,,1.75,8.76,0.2,0.04,0.2,1.55,8.76,14.5,-39.6
2025-02-19 08:55:00,M0021,OP0007,T00043,,,1.75,8.76,0.2,0.07,0.2,1.55,8.76,14.5,-39.6
2025-02-19 09:07:00,M0021,OP0007,T00043,,,1.75,8.76,0.2,0.04,0.2,1.55,8.76,14.5,-39.6
2025-02-19 09:19:00,M0021,OP0007,T00043,,,1.75,8.76,0.2,0.07,0.2,1.55,8.76,14.5,-39.6
2025-02-19 09:31:00,M0021,OP0007,T00043,,,1.75,8.76,0.2,0.07,0.2,1.55,8.76,14.5,-39.6
2025-02-19 09:43:00,M0021,OP0007,T00043,,,1.75,8.76,0.2,0.07,0.2,1.55,8.76,14.5,-39.6
2025-02-19 09:55:00,M0021,OP0007,T00043,,,1.75,8.76,0.2,0.05,0.2,1.55,8.76,14.5,-39.6
2025-02-19 10:07:00,M0021,OP0007,T00043,,,1.75,8.76,0.2,0.04,0.2,1.55,8.76,14.5,-39.6
2025-02-19 10:19:00,M0021,OP0007,T00043,,,1.75,8.76,0.2,0.06,0.2,1.55,8.76,14.5,-39.6
2025-02-19 10:31:00,M0021,OP0007,T00043,,,1.75,8.76,0.2,0.06,0.2,1.55,8.76,14.5,-39.6
2025-02-19 10:43:00,M0021,OP0007,T00043,,,1.75,8.76,0.2,0.07,0.2,1.55,8.76,14.5,-39.6
2025-02-19 10:55:00,M0021,OP0007,T00043,,,1.75,8.76,0.2,0.07,0.2,1.55,8.76,14.5,-39.6
2025-02-19 11:07:00,M0021,OP0007,T00043,,,1.75,8.76,0.2,0.04,0.2,1.55,8.76,14.5,-39.6
2025-02-19 11:19:00,M0021,OP0007,T00043,,,1.75,8.76,0.2,0.07,0.2,1.55,8.76,14.5,-39.6
2025-02-19 11:31:00,M0021,OP0007,T00043,,,1.75,8.76,0.2,0.05,0.2,1.55,8.76,14.5,-39.6
2025-04-27 12:42:00,M0008,OP0011,T00044,500.4,,3.16,15.81,0.2,0.03,0.15,3.02,15.81,20.0,-20.9
2025-04-27 12:54:00,M0008,OP0011,T00044,,,3.16,15.81,0.2,0.04,0.15,3.02,15.81,20.0,-20.9
2025-04-27 13:06:00,M0008,OP0011,T00044,,,3.16,15.81,0.2,0.04,0.15,3.02,15.81,20.0,-20.9
2025-04-27 13:18:00,M0008,OP0011,T00044,,,3.16,15.81,0.2,0.04,0.15,3.02,15.81,20.0,-20.9
2025-04-27 13:30:00,M0008,OP0011,T00044,,,3.16,15.81,0.2,0.03,0.15,3.02,15.81,20.0,-20.9
2025-04-27 13:42:00,M0008,OP0011,T00044,,,3.16,15.81,0.2,0.03,0.15,3.02,15.81,20.0,-20.9
2025-04-27 13:54:00,M0008,OP0011,T00044,,,3.16,15.81,0.2,0.05,0.15,3.02,15.81,20.0,-20.9
2025-04-27 14:06:00,M0008,OP0011,T00044,,,3.16,15.81,0.2,0.03,0.15,3.02,15.81,20.0,-20.9
2025-04-27 14:18:00,M0008,OP0011,T00044,,,3.16,15.81,0.2,0.03,0.15,3.02,15.81,20.0,-20.9
2025-04-27 14:30:00,M0008,OP0011,T00044,,,3.16,15.81,0.2,0.03,0.15,3.02,15.81,20.0,-20.9
2025-04-27 14:42:00,M0008,OP0011,T00044,,,3.16,15.81,0.2,0.05,0.15,3.02,15.81,20.0,-20.9
2025-04-27 14:54:00,M0008,OP0011,T00044,,,2.37,15.81,0.15,0.02,0.11,2.26,15.81,20.0,-20.9
2025-05-12 08:15:00,M0016,OP0006,T00045,319.2,,2.27,11.33,0.2,0.02,0.1,2.17,11.33,12.0,-5.6
2025-05-12 08:27:00,M0016,OP0006,T00045,,,2.27,11.33,0.2,0.02,0.1,2.17,11.33,12.0,-5.6
2025-05-12 08:39:00,M0016,OP0006,T00045,,,2.27,11.33,0.2,0.02,0.1,2.17,11.33,12.0,-5.6
2025-05-12 08:51:00,M0016,OP0006,T00045,,,2.27,11.33,0.2,0.02,0.1,2.17,11.33,12.0,-5.6
2025-05-12 09:03:00,M0016,OP0006,T00045,,,2.27,11.33,0.2,0.02,0.1,2.17,11.33,12.0,-5.6
2025-05-12 09:15:00,M0016,OP0006,T00045,,,2.27,11.33,0.2,0.02,0.1,2.17,11.33,12.0,-5.6
2025-05-12 09:27:00,M0016,OP0006,T00045,,,2.27,11.33,0.2,0.02,0.1,2.17,11.33,12.0,-5.6
2025-05-12 09:39:00,M0016,OP0006,T00045,,,2.27,11.33,0.2,0.02,0.1,2.17,11.33,12.0,-5.6
2025-05-12 09:51:00,M0016,OP0006,T00045,,,2.27,11.33,0.2,0.02,0.1,2.17,11.33,12.0,-5.6
2025-05-12 10:03:00,M0016,OP0006,T00045,,,2.27,11.33,0.2,0.02,0.1,2.17,11.33,12.0,-5.6
2025-05-12 10:15:00,M0016,OP0006,T00045,,,2.27,11.33,0.2,0.02,0.1,2.17,11.33,12.0,-5.6
2025-05-12 10:27:00,M0016,OP0006,T00045,,,2.27,11.33,0.2,0.02,0.1,2.17,11.33,12.0,-5.6
2025-05-12 10:39:00,M0016,OP0006,T00045,,,2.27,11.33,0.2,0.02,0.1,2.17,11.33,12.0,-5.6
2025-05-12 10:51:00,M0016,OP0006,T00045,,,2.27,11.33,0.2,0.02,0.1,2.17,11.33,12.0,-5.6
2025-05-12 11:03:00,M0016,OP0006,T00045,,,2.27,11.33,0.2,0.02,0.1,2.17,11.33,12.0,-5.6
2025-05-12 11:15:00,M0016,OP0006,T00045,,,2.27,11.33,0.2,0.02,0.1,2.17,11.33,12.0,-5.6
2025-05-12 11:27:00,M0016,OP0006,T00045,,,2.27,11.33,0.2,0.02,0.1,2.17,11.33,12.0,-5.6
2025-05-12 11:39:00,M0016,OP0006,T00045,,,2.27,11.33,0.2,0.02,0.1,2.17,11.33,12.0,-5.6
2025-05-12 11:51:00,M0016,OP0006,T00045,,,2.27,11.33,0.2,0.02,0.1,2.17,11.33,12.0,-5.6
2025-05-12 12:03:00,M0016,OP0006,T00045,,,1.32,11.33,0.12,0.01,0.06,1.26,11.33,12.0,-5.6
2025-09-28 07:02:00,M0037,OP0021,T00046,397.6,,2.1,10.52,0.2,0.03,0.06,2.04,10.52,12.0,-12.4
2025-09-28 07:14:00,M0037,OP0021,T00046,,,2.1,10.52,0.2,0.05,0.06,2.04,10.52,12.0,-12.4
2025-09-28 07:26:00,M0037,OP0021,T00046,,,2.1,10.52,0.2,0.04,0.06,2.04,10.52,12.0,-12.4
2025-09-28 07:38:00,M0037,OP0021,T00046,,,2.1,10.52,0.2,0.04,0.06,2.04,10.52,12.0,-12.4
2025-09-28 07:50:00,M0037,OP0021,T00046,,,2.1,10.52,0.2,0.04,0.06,2.04,10.52,12.0,-12.4
2025-09-28 08:02:00,M0037,OP0021,T00046,,,2.1,10.52,0.2,0.04,0.06,2.04,10.52,12.0,-12.4
2025-09-28 08:14:00,M0037,OP0021,T00046,,,2.1,10.52,0.2,0.03,0.06,2.04,10.52,12.0,-12.4
2025-09-28 08:26:00,M0037,OP0021,T00046,,,2.1,10.52,0.2,0.03,0.06,2.04,10.52,12.0,-12.4
2025-09-28 08:38:00,M0037,OP0021,T00046,,,2.1,10.52,0.2,0.04,0.06,2.04,10.52,12.0,-12.4
2025-09-28 08:50:00,M0037,OP0021,T00046,,,2.1,10.52,0.2,0.04,0.06,2.04,10.52,12.0,-12.4
2025-09-28 09:02:00,M0037,OP0021,T00046,,,2.1,10.52,0.2,0.05,0.06,2.04,10.52,12.0,-12.4
2025-09-28 09:14:00,M0037,OP0021,T00046,,,2.1,10.52,0.2,0.05,0.06,2.04,10.52,12.0,-12.4
2025-09-28 09:26:00,M0037,OP0021,T00046,,,2.1,10.52,0.2,0.03,0.06,2.04,10.52,12.0,-12.4
2025-09-28 09:38:00,M0037,OP0021,T00046,,,2.1,10.52,0.2,0.03,0.06,2.04,10.52,12.0,-12.4
2025-09-28 09:50:00,M0037,OP0021,T00046,,,2.1,10.52,0.2,0.03,0.06,2.04,10.52,12.0,-12.4
2025-09-28 10:02:00,M0037,OP0021,T00046,,,2.1,10.52,0.2,0.03,0.06,2.04,10.52,12.0,-12.4
2025-09-28 10:14:00,M0037,OP0021,T00046,,,2.1,10.52,0.2,0.03,0.06,2.04,10.52,12.0,-12.4
2025-09-28 10:26:00,M0037,OP0021,T00046,,,2.1,10.52,0.2,0.03,0.06,2.04,10.52,12.0,-12.4
2025-09-28 10:38:00,M0037,OP0021,T00046,,,2.1,10.52,0.2,0.03,0.06,2.04,10.52,12.0,-12.4
2025-09-28 10:50:00,M0037,OP0021,T00046,,,2.1,10.52,0.2,0.03,0.06,2.04,10.52,12.0,-12.4
2025-01-08 13:12:00,M0035,OP0037,T00047,206.2,,2.37,11.87,0.2,0.02,0.19,2.18,11.87,14.5,-18.1
2025-01-08 13:24:00,M0035,OP0037,T00047,,,2.37,11.87,0.2,0.03,0.19,2.18,11.87,14.5,-18.1
2025-01-08 13:36:00,M0035,OP0037,T00047,,,0.59,11.87,0.05,0.01,0.05,0.55,11.87,14.5,-18.1
2025-05-28 14:42:00,M0023,OP0012,T00048,285.4,,2.87,14.34,0.2,0.04,0.23,2.63,14.34,19.5,-26.5
2025-05-28 14:54:00,M0023,OP0012,T00048,,,2.87,14.34,0.2,0.04,0.23,2.63,14.34,19.5,-26.5
2025-05-28 15:06:00,M0023,OP0012,T00048,,,2.87,14.34,0.2,0.04,0.23,2.63,14.34,19.5,-26.5
2025-05-28 15:18:00,M0023,OP0012,T00048,,,2.87,14.34,0.2,0.02,0.23,2.63,14.34,19.5,-26.5
2025-05-28 15:30:00,M0023,OP0012,T00048,,,2.87,14.34,0.2,0.03,0.23,2.63,14.34,19.5,-26.5
2025-05-28 15:42:00,M0023,OP0012,T00048,,,2.87,14.34,0.2,0.03,0.23,2.63,14.34,19.5,-26.5
2025-05-28 15:54:00,M0023,OP0012,T00048,,,2.87,14.34,0.2,0.04,0.23,2.63,14.34,19.5,-26.5
2025-05-28 16:06:00,M0023,OP0012,T00048,,,2.87,14.34,0.2,0.04,0.23,2.63,14.34,19.5,-26.5
2025-05-28 16:18:00,M0023,OP0012,T00048,,,2.87,14.34,0.2,0.03,0.23,2.63,14.34,19.5,-26.5
2025-05-28 16:30:00,M0023,OP0012,T00048,,,2.87,14.34,0.2,0.03,0.23,2.63,14.34,19.5,-26.5
2025-05-28 16:42:00,M0023,OP0012,T00048,,,2.87,14.34,0.2,0.04,0.23,2.63,14.34,19.5,-26.5
2025-05-28 16:54:00,M0023,OP0012,T00048,,,2.87,14.34,0.2,0.03,0.23,2.63,14.34,19.5,-26.5
2025-05-28 17:06:00,M0023,OP0012,T00048,,,2.87,14.34,0.2,0.04,0.23,2.63,14.34,19.5,-26.5
2025-05-28 17:18:00,M0023,OP0012,T00048,,,2.87,14.34,0.2,0.04,0.23,2.63,14.34,19.5,-26.5
2025-05-28 17:30:00,M0023,OP0012,T00048,,,2.87,14.34,0.2,0.04,0.23,2.63,14.34,19.5,-26.5
2025-05-28 17:42:00,M0023,OP0012,T00048,,,2.87,14.34,0.2,0.04,0.23,2.63,14.34,19.5,-26.5
2025-05-28 17:54:00,M0023,OP0012,T00048,,,2.87,14.34,0.2,0.03,0.23,2.63,14.34,19.5,-26.5
2025-05-28 18:06:00,M0023,OP0012,T00048,,,2.87,14.34,0.2,0.04,0.23,2.63,14.34,19.5,-26.5
2025-05-28 18:18:00,M0023,OP0012,T00048,,,2.87,14.34,0.2,0.04,0.23,2.63,14.34,19.5,-26.5
2025-05-28 18:30:00,M0023,OP0012,T00048,,,2.87,14.34,0.2,0.03,0.23,2.63,14.34,19.5,-26.5
2025-08-22 08:14:00,M0032,OP0037,T00050,445.7,,4.8,24.0,0.2,0.03,0.28,4.52,24.0,25.0,-4.0
2025-08-22 08:26:00,M0032,OP0037,T00050,,,4.8,24.0,0.2,0.02,0.28,4.52,24.0,25.0,-4.0
2025-08-22 08:38:00,M0032,OP0037,T00050,,,4.8,24.0,0.2,0.04,0.28,4.52,24.0,25.0,-4.0
2025-08-22 08:50:00,M0032,OP0037,T00050,,,4.8,24.0,0.2,0.03,0.28,4.52,24.0,25.0,-4.0
2025-08-22 09:02:00,M0032,OP0037,T00050,,,4.8,24.0,0.2,0.03,0.28,4.52,24.0,25.0,-4.0
2025-08-22 09:14:00,M0032,OP0037,T00050,,,4.8,24.0,0.2,0.03,0.28,4.52,24.0,25.0,-4.0
2025-08-22 09:26:00,M0032,OP0037,T00050,,,4.8,24.0,0.2,0.03,0.28,4.52,24.0,25.0,-4.0
2025-08-22 09:38:00,M0032,OP0037,T00050,,,4.8,24.0,0.2,0.04,0.28,4.52,24.0,25.0,-4.0
2025-08-22 09:50:00,M0032,OP0037,T00050,,,4.8,24.0,0.2,0.04,0.28,4.52,24.0,25.0,-4.0
2025-08-22 10:02:00,M0032,OP0037,T00050,,,4.8,24.0,0.2,0.03,0.28,4.52,24.0,25.0,-4.0
2025-08-22 10:14:00,M0032,OP0037,T00050,,,4.8,24.0,0.2,0.03,0.28,4.52,24.0,25.0,-4.0
2025-08-22 10:26:00,M0032,OP0037,T00050,,,4.8,24.0,0.2,0.03,0.28,4.52,24.0,25.0,-4.0
2025-08-22 10:38:00,M0032,OP0037,T00050,,,4.8,24.0,0.2,0.03,0.28,4.52,24.0,25.0,-4.0
2025-08-22 10:50:00,M0032,OP0037,T00050,,,4.8,24.0,0.2,0.03,0.28,4.52,24.0,25.0,-4.0
2025-08-22 11:02:00,M0032,OP0037,T00050,,,4.8,24.0,0.2,0.02,0.28,4.52,24.0,25.0,-4.0
2025-08-22 11:14:00,M0032,OP0037,T00050,,,4.8,24.0,0.2,0.03,0.28,4.52,24.0,25.0,-4.0
2025-08-22 11:26:00,M0032,OP0037,T00050,,,4.8,24.0,0.2,0.02,0.28,4.52,24.0,25.0,-4.0
2025-08-22 11:38:00,M0032,OP0037,T00050,,,4.8,24.0,0.2,0.04,0.28,4.52,24.0,25.0,-4.0
2025-08-22 11:50:00,M0032,OP0037,T00050,,,4.8,24.0,0.2,0.03,0.28,4.52,24.0,25.0,-4.0
2025-08-22 12:02:00,M0032,OP0037,T00050,,,4.8,24.0,0.2,0.02,0.28,4.52,24.0,25.0,-4.0
2025-08-09 15:47:00,M0014,OP0041,T00051,582.7,,3.11,15.53,0.2,0.05,0.49,2.61,15.53,28.0,-44.6
2025-08-09 15:59:00,M0014,OP0041,T00051,,,3.11,15.53,0.2,0.06,0.49,2.61,15.53,28.0,-44.6
2025-08-09 16:11:00,M0014,OP0041,T00051,,,3.11,15.53,0.2,0.05,0.49,2.61,15.53,28.0,-44.6
2025-08-09 16:23:00,M0014,OP0041,T00051,,,3.11,15.53,0.2,0.04,0.49,2.61,15.53,28.0,-44.6
2025-08-09 16:35:00,M0014,OP0041,T00051,,,3.11,15.53,0.2,0.04,0.49,2.61,15.53,28.0,-44.6
2025-08-09 16:47:00,M0014,OP0041,T00051,,,3.11,15.53,0.2,0.05,0.49,2.61,15.53,28.0,-44.6
2025-08-09 16:59:00,M0014,OP0041,T00051,,,3.11,15.53,0.2,0.05,0.49,2.61,15.53,28.0,-44.6
2025-08-09 17:11:00,M0014,OP0041,T00051,,,3.11,15.53,0.2,0.04,0.49,2.61,15.53,28.0,-44.6
2025-08-09 17:23:00,M0014,OP0041,T00051,,,3.11,15.53,0.2,0.03,0.49,2.61,15.53,28.0,-44.6
2025-08-09 17:35:00,M0014,OP0041,T00051,,,3.11,15.53,0.2,0.05,0.49,2.61,15.53,28.0,-44.6
2025-08-09 17:47:00,M0014,OP0041,T00051,,,3.11,15.53,0.2,0.05,0.49,2.61,15.53,28.0,-44.6
2025-08-09 17:59:00,M0014,OP0041,T00051,,,3.11,15.53,0.2,0.05,0.49,2.61,15.53,28.0,-44.6
2025-08-09 18:11:00,M0014,OP0041,T00051,,,3.11,15.53,0.2,0.04,0.49,2.61,15.53,28.0,-44.6
2025-08-09 18:23:00,M0014,OP0041,T00051,,,3.11,15.53,0.2,0.04,0.49,2.61,15.53,28.0,-44.6
2025-08-09 18:35:00,M0014,OP0041,T00051,,,3.11,15.53,0.2,0.05,0.49,2.61,15.53,28.0,-44.6
2025-08-09 18:47:00,M0014,OP0041,T00051,,,3.11,15.53,0.2,0.05,0.49,2.61,15.53,28.0,-44.6
2025-08-09 18:59:00,M0014,OP0041,T00051,,,1.55,15.53,0.1,0.02,0.25,1.31,15.53,28.0,-44.6
2025-01-04 10:42:00,M0028,OP0010,T00052,644.2,,2.41,12.04,0.2,0.0,0.4,2.01,12.04,20.0,-39.8
2025-01-04 10:54:00,M0028,OP0010,T00052,,,2.41,12.04,0.2,0.0,0.4,2.01,12.04,20.0,-39.8
2025-01-04 11:06:00,M0028,OP0010,T00052,,,2.41,12.04,0.2,0.0,0.4,2.01,12.04,20.0,-39.8
2025-01-04 11:18:00,M0028,OP0010,T00052,,,2.41,12.04,0.2,0.0,0.4,2.01,12.04,20.0,-39.8
2025-01-04 11:30:00,M0028,OP0010,T00052,,,0.6,12.04,0.05,0.0,0.1,0.5,12.04,20.0,-39.8
2025-04-11 09:43:00,M0032,OP0041,T00053,315.9,,3.43,17.15,0.2,0.07,0.29,3.14,17.15,25.0,-31.4
2025-04-11 09:55:00,M0032,OP0041,T00053,,,3.43,17.15,0.2,0.07,0.29,3.14,17.15,25.0,-31.4
2025-04-11 10:07:00,M0032,OP0041,T00053,,,3.43,17.15,0.2,0.05,0.29,3.14,17.15,25.0,-31.4
2025-04-11 10:19:00,M0032,OP0041,T00053,,,3.43,17.15,0.2,0.06,0.29,3.14,17.15,25.0,-31.4
2025-04-11 10:31:00,M0032,OP0041,T00053,,,3.43,17.15,0.2,0.07,0.29,3.14,17.15,25.0,-31.4
2025-04-11 10:43:00,M0032,OP0041,T00053,,,3.43,17.15,0.2,0.04,0.29,3.14,17.15,25.0,-31.4
2025-04-11 10:55:00,M0032,OP0041,T00053,,,3.43,17.15,0.2,0.07,0.29,3.14,17.15,25.0,-31.4
2025-04-11 11:07:00,M0032,OP0041,T00053,,,3.43,17.15,0.2,0.05,0.29,3.14,17.15,25.0,-31.4
2025-04-11 11:19:00,M0032,OP0041,T00053,,,3.43,17.15,0.2,0.05,0.29,3.14,17.15,25.0,-31.4
2025-04-11 11:31:00,M0032,OP0041,T00053,,,3.43,17.15,0.2,0.05,0.29,3.14,17.15,25.0,-31.4
2025-04-11 11:43:00,M0032,OP0041,T00053,,,3.43,17.15,0.2,0.05,0.29,3.14,17.15,25.0,-31.4
2025-04-11 11:55:00,M0032,OP0041,T00053,,,3.43,17.15,0.2,0.05,0.29,3.14,17.15,25.0,-31.4
2025-04-11 12:07:00,M0032,OP0041,T00053,,,3.43,17.15,0.2,0.05,0.29,3.14,17.15,25.0,-31.4
2025-04-11 12:19:00,M0032,OP0041,T00053,,,3.43,17.15,0.2,0.07,0.29,3.14,17.15,25.0,-31.4
2025-04-11 12:31:00,M0032,OP0041,T00053,,,3.43,17.15,0.2,0.06,0.29,3.14,17.15,25.0,-31.4
2025-04-11 12:43:00,M0032,OP0041,T00053,,,3.43,17.15,0.2,0.07,0.29,3.14,17.15,25.0,-31.4
2025-04-11 12:55:00,M0032,OP0041,T00053,,,3.43,17.15,0.2,0.07,0.29,3.14,17.15,25.0,-31.4
2025-04-11 13:07:00,M0032,OP0041,T00053,,,3.43,17.15,0.2,0.06,0.29,3.14,17.15,25.0,-31.4
2025-04-11 13:19:00,M0032,OP0041,T00053,,,3.43,17.15,0.2,0.07,0.29,3.14,17.15,25.0,-31.4
2025-04-11 13:31:00,M0032,OP0041,T00053,,,3.43,17.15,0.2,0.07,0.29,3.14,17.15,25.0,-31.4
2025-08-11 15:35:00,M0006,OP0035,T00054,173.9,,1.52,7.59,0.2,0.01,0.08,1.44,7.59,10.5,-27.7
2025-08-11 15:47:00,M0006,OP0035,T00054,,,1.52,7.59,0.2,0.01,0.08,1.44,7.59,10.5,-27.7
2025-08-11 15:59:00,M0006,OP0035,T00054,,,1.52,7.59,0.2,0.01,0.08,1.44,7.59,10.5,-27.7
2025-08-11 16:11:00,M0006,OP0035,T00054,,,1.52,7.59,0.2,0.01,0.08,1.44,7.59,10.5,-27.7
2025-08-11 16:23:00,M0006,OP0035,T00054,,,1.52,7.59,0.2,0.01,0.08,1.44,7.59,10.5,-27.7
2025-08-11 16:35:00,M0006,OP0035,T00054,,,1.52,7.59,0.2,0.01,0.08,1.44,7.59,10.5,-27.7
2025-08-11 16:47:00,M0006,OP0035,T00054,,,1.52,7.59,0.2,0.01,0.08,1.44,7.59,10.5,-27.7
2025-08-11 16:59:00,M0006,OP0035,T00054,,,1.52,7.59,0.2,0.01,0.08,1.44,7.59,10.5,-27.7
2025-08-11 17:11:00,M0006,OP0035,T00054,,,1.39,7.59,0.18,0.01,0.07,1.32,7.59,10.5,-27.7
2025-03-29 09:44:00,M0019,OP0045,T00055,166.3,,1.73,8.65,0.2,0.07,0.12,1.61,8.65,10.5,-17.6
2025-03-29 09:56:00,M0019,OP0045,T00055,,,1.73,8.65,0.2,0.05,0.12,1.61,8.65,10.5,-17.6
2025-03-29 10:08:00,M0019,OP0045,T00055,,,1.73,8.65,0.2,0.06,0.12,1.61,8.65,10.5,-17.6
2025-03-29 10:20:00,M0019,OP0045,T00055,,,1.73,8.65,0.2,0.08,0.12,1.61,8.65,10.5,-17.6
2025-03-29 10:32:00,M0019,OP0045,T00055,,,1.73,8.65,0.2,0.06,0.12,1.61,8.65,10.5,-17.6
2025-03-29 10:44:00,M0019,OP0045,T00055,,,1.73,8.65,0.2,0.05,0.12,1.61,8.65,10.5,-17.6
2025-03-29 10:56:00,M0019,OP0045,T00055,,,1.73,8.65,0.2,0.06,0.12,1.61,8.65,10.5,-17.6
2025-03-29 11:08:00,M0019,OP0045,T00055,,,1.73,8.65,0.2,0.06,0.12,1.61,8.65,10.5,-17.6
2025-03-29 11:20:00,M0019,OP0045,T00055,,,1.73,8.65,0.2,0.08,0.12,1.61,8.65,10.5,-17.6
2025-03-29 11:32:00,M0019,OP0045,T00055,,,1.73,8.65,0.2,0.05,0.12,1.61,8.65,10.5,-17.6
2025-03-29 11:44:00,M0019,OP0045,T00055,,,1.73,8.65,0.2,0.08,0.12,1.61,8.65,10.5,-17.6
2025-03-29 11:56:00,M0019,OP0045,T00055,,,1.73,8.65,0.2,0.07,0.12,1.61,8.65,10.5,-17.6
2025-03-29 12:08:00,M0019,OP0045,T00055,,,1.73,8.65,0.2,0.08,0.12,1.61,8.65,10.5,-17.6
2025-03-29 12:20:00,M0019,OP0045,T00055,,,1.73,8.65,0.2,0.05,0.12,1.61,8.65,10.5,-17.6
2025-03-29 12:32:00,M0019,OP0045,T00055,,,1.73,8.65,0.2,0.08,0.12,1.61,8.65,10.5,-17.6
2025-03-29 12:44:00,M0019,OP0045,T00055,,,1.73,8.65,0.2,0.05,0.12,1.61,8.65,10.5,-17.6
2025-03-29 12:56:00,M0019,OP0045,T00055,,,1.73,8.65,0.2,0.07,0.12,1.61,8.65,10.5,-17.6
2025-03-29 13:08:00,M0019,OP0045,T00055,,,1.73,8.65,0.2,0.07,0.12,1.61,8.65,10.5,-17.6
2025-03-29 13:20:00,M0019,OP0045,T00055,,,1.73,8.65,0.2,0.08,0.12,1.61,8.65,10.5,-17.6
2025-03-29 13:32:00,M0019,OP0045,T00055,,,1.73,8.65,0.2,0.05,0.12,1.61,8.65,10.5,-17.6
2025-01-14 08:12:00,M0006,OP0029,T00056,142.3,,1.54,7.72,0.2,0.03,0.12,1.42,7.72,10.5,-26.5
2025-01-14 08:24:00,M0006,OP0029,T00056,,,1.54,7.72,0.2,0.06,0.12,1.42,7.72,10.5,-26.5
2025-01-14 08:36:00,M0006,OP0029,T00056,,,1.54,7.72,0.2,0.05,0.12,1.42,7.72,10.5,-26.5
2025-01-14 08:48:00,M0006,OP0029,T00056,,,1.54,7.72,0.2,0.03,0.12,1.42,7.72,10.5,-26.5
2025-01-14 09:00:00,M0006,OP0029,T00056,,,1.54,7.72,0.2,0.04,0.12,1.42,7.72,10.5,-26.5
2025-01-14 09:12:00,M0006,OP0029,T00056,,,1.54,7.72,0.2,0.05,0.12,1.42,7.72,10.5,-26.5
2025-01-14 09:24:00,M0006,OP0029,T00056,,,1.54,7.72,0.2,0.06,0.12,1.42,7.72,10.5,-26.5
2025-01-14 09:36:00,M0006,OP0029,T00056,,,1.54,7.72,0.2,0.05,0.12,1.42,7.72,10.5,-26.5
2025-01-14 09:48:00,M0006,OP0029,T00056,,,1.54,7.72,0.2,0.04,0.12,1.42,7.72,10.5,-26.5
2025-01-14 10:00:00,M0006,OP0029,T00056,,,1.54,7.72,0.2,0.03,0.12,1.42,7.72,10.5,-26.5
2025-01-14 10:12:00,M0006,OP0029,T00056,,,1.54,7.72,0.2,0.06,0.12,1.42,7.72,10.5,-26.5
2025-01-14 10:24:00,M0006,OP0029,T00056,,,1.54,7.72,0.2,0.04,0.12,1.42,7.72,10.5,-26.5
2025-01-14 10:36:00,M0006,OP0029,T00056,,,1.54,7.72,0.2,0.04,0.12,1.42,7.72,10.5,-26.5
2025-01-14 10:48:00,M0006,OP0029,T00056,,,1.54,7.72,0.2,0.04,0.12,1.42,7.72,10.5,-26.5
2025-01-14 11:00:00,M0006,OP0029,T00056,,,1.54,7.72,0.2,0.05,0.12,1.42,7.72,10.5,-26.5
2025-01-14 11:12:00,M0006,OP0029,T00056,,,1.54,7.72,0.2,0.05,0.12,1.42,7.72,10.5,-26.5
2025-01-14 11:24:00,M0006,OP0029,T00056,,,1.54,7.72,0.2,0.04,0.12,1.42,7.72,10.5,-26.5
2025-01-14 11:36:00,M0006,OP0029,T00056,,,1.54,7.72,0.2,0.03,0.12,1.42,7.72,10.5,-26.5
2025-01-14 11:48:00,M0006,OP0029,T00056,,,1.54,7.72,0.2,0.06,0.12,1.42,7.72,10.5,-26.5
2025-01-14 12:00:00,M0006,OP0029,T00056,,,1.54,7.72,0.2,0.05,0.12,1.42,7.72,10.5,-26.5
2025-09-05 10:48:00,M0008,OP0038,T00057,472.9,,2.9,14.49,0.2,0.03,0.17,2.73,14.49,20.0,-27.6
2025-09-05 11:00:00,M0008,OP0038,T00057,,,2.9,14.49,0.2,0.03,0.17,2.73,14.49,20.0,-27.6
2025-09-05 11:12:00,M0008,OP0038,T00057,,,2.9,14.49,0.2,0.04,0.17,2.73,14.49,20.0,-27.6
2025-09-05 11:24:00,M0008,OP0038,T00057,,,2.9,14.49,0.2,0.04,0.17,2.73,14.49,20.0,-27.6
2025-09-05 11:36:00,M0008,OP0038,T00057,,,2.9,14.49,0.2,0.03,0.17,2.73,14.49,20.0,-27.6
2025-09-05 11:48:00,M0008,OP0038,T00057,,,2.9,14.49,0.2,0.03,0.17,2.73,14.49,20.0,-27.6
2025-09-05 12:00:00,M0008,OP0038,T00057,,,2.9,14.49,0.2,0.03,0.17,2.73,14.49,20.0,-27.6
2025-09-05 12:12:00,M0008,OP0038,T00057,,,2.9,14.49,0.2,0.02,0.17,2.73,14.49,20.0,-27.6
2025-09-05 12:24:00,M0008,OP0038,T00057,,,2.9,14.49,0.2,0.04,0.17,2.73,14.49,20.0,-27.6
2025-09-05 12:36:00,M0008,OP0038,T00057,,,2.9,14.49,0.2,0.03,0.17,2.73,14.49,20.0,-27.6
2025-09-05 12:48:00,M0008,OP0038,T00057,,,0.48,14.49,0.03,0.01,0.03,0.45,14.49,20.0,-27.6
2025-01-11 10:53:00,M0024,OP0030,T00058,340.0,,2.94,14.71,0.2,0.03,0.16,2.79,14.71,19.5,-24.5
2025-01-11 11:05:00,M0024,OP0030,T00058,,,2.94,14.71,0.2,0.04,0.16,2.79,14.71,19.5,-24.5
2025-01-11 11:17:00,M0024,OP0030,T00058,,,2.94,14.71,0.2,0.04,0.16,2.79,14.71,19.5,-24.5
2025-01-11 11:29:00,M0024,OP0030,T00058,,,2.94,14.71,0.2,0.03,0.16,2.79,14.71,19.5,-24.5
2025-01-11 11:41:00,M0024,OP0030,T00058,,,2.94,14.71,0.2,0.03,0.16,2.79,14.71,19.5,-24.5
2025-01-11 11:53:00,M0024,OP0030,T00058,,,2.94,14.71,0.2,0.03,0.16,2.79,14.71,19.5,-24.5
2025-01-11 12:05:00,M0024,OP0030,T00058,,,2.94,14.71,0.2,0.04,0.16,2.79,14.71,19.5,-24.5
2025-01-11 12:17:00,M0024,OP0030,T00058,,,2.94,14.71,0.2,0.02,0.16,2.79,14.71,19.5,-24.5
2025-01-11 12:29:00,M0024,OP0030,T00058,,,2.94,14.71,0.2,0.04,0.16,2.79,14.71,19.5,-24.5
2025-01-11 12:41:00,M0024,OP0030,T00058,,,0.74,14.71,0.05,0.01,0.04,0.7,14.71,19.5,-24.5
2025-06-11 14:27:00,M0016,OP0052,T00059,267.0,,1.79,8.96,0.2,0.05,0.17,1.63,8.96,12.0,-25.3
2025-06-11 14:39:00,M0016,OP0052,T00059,,,1.79,8.96,0.2,0.05,0.17,1.63,8.96,12.0,-25.3
2025-06-11 14:51:00,M0016,OP0052,T00059,,,1.79,8.96,0.2,0.04,0.17,1.63,8.96,12.0,-25.3
2025-06-11 15:03:00,M0016,OP0052,T00059,,,1.79,8.96,0.2,0.04,0.17,1.63,8.96,12.0,-25.3
2025-06-11 15:15:00,M0016,OP0052,T00059,,,1.79,8.96,0.2,0.05,0.17,1.63,8.96,12.0,-25.3
2025-06-11 15:27:00,M0016,OP0052,T00059,,,1.79,8.96,0.2,0.04,0.17,1.63,8.96,12.0,-25.3
2025-06-11 15:39:00,M0016,OP0052,T00059,,,1.79,8.96,0.2,0.05,0.17,1.63,8.96,12.0,-25.3
2025-06-11 15:51:00,M0016,OP0052,T00059,,,1.79,8.96,0.2,0.03,0.17,1.63,8.96,12.0,-25.3
2025-06-11 16:03:00,M0016,OP0052,T00059,,,1.79,8.96,0.2,0.04,0.17,1.63,8.96,12.0,-25.3
2025-06-11 16:15:00,M0016,OP0052,T00059,,,1.79,8.96,0.2,0.06,0.17,1.63,8.96,12.0,-25.3
2025-06-11 16:27:00,M0016,OP0052,T00059,,,1.79,8.96,0.2,0.04,0.17,1.63,8.96,12.0,-25.3
2025-06-11 16:39:00,M0016,OP0052,T00059,,,1.79,8.96,0.2,0.04,0.17,1.63,8.96,12.0,-25.3
2025-06-11 16:51:00,M0016,OP0052,T00059,,,1.79,8.96,0.2,0.05,0.17,1.63,8.96,12.0,-25.3
2025-06-11 17:03:00,M0016,OP0052,T00059,,,1.79,8.96,0.2,0.04,0.17,1.63,8.96,12.0,-25.3
2025-06-11 17:15:00,M0016,OP0052,T00059,,,1.79,8.96,0.2,0.05,0.17,1.63,8.96,12.0,-25.3
2025-06-11 17:27:00,M0016,OP0052,T00059,,,1.79,8.96,0.2,0.06,0.17,1.63,8.96,12.0,-25.3
2025-06-11 17:39:00,M0016,OP0052,T00059,,,1.79,8.96,0.2,0.04,0.17,1.63,8.96,12.0,-25.3
2025-06-11 17:51:00,M0016,OP0052,T00059,,,1.79,8.96,0.2,0.03,0.17,1.63,8.96,12.0,-25.3
2025-06-11 18:03:00,M0016,OP0052,T00059,,,1.79,8.96,0.2,0.04,0.17,1.63,8.96,12.0,-25.3
2025-06-11 18:15:00,M0016,OP0052,T00059,,,1.79,8.96,0.2,0.04,0.17,1.63,8.96,12.0,-25.3
2025-03-10 06:12:00,M0022,OP0042,T00060,415.8,,4.54,22.71,0.2,0.03,0.12,4.42,22.71,28.0,-18.9
2025-03-10 06:24:00,M0022,OP0042,T00060,,,4.54,22.71,0.2,0.03,0.12,4.42,22.71,28.0,-18.9
2025-03-10 06:36:00,M0022,OP0042,T00060,,,4.54,22.71,0.2,0.02,0.12,4.42,22.71,28.0,-18.9
2025-03-10 06:48:00,M0022,OP0042,T00060,,,4.54,22.71,0.2,0.02,0.12,4.42,22.71,28.0,-18.9
2025-03-10 07:00:00,M0022,OP0042,T00060,,,4.54,22.71,0.2,0.03,0.12,4.42,22.71,28.0,-18.9
2025-03-10 07:12:00,M0022,OP0042,T00060,,,4.54,22.71,0.2,0.03,0.12,4.42,22.71,28.0,-18.9
2025-03-10 07:24:00,M0022,OP0042,T00060,,,4.54,22.71,0.2,0.03,0.12,4.42,22.71,28.0,-18.9
2025-03-10 07:36:00,M0022,OP0042,T00060,,,4.54,22.71,0.2,0.03,0.12,4.42,22.71,28.0,-18.9
2025-03-10 07:48:00,M0022,OP0042,T00060,,,4.54,22.71,0.2,0.02,0.12,4.42,22.71,28.0,-18.9
2025-03-10 08:00:00,M0022,OP0042,T00060,,,4.54,22.71,0.2,0.03,0.12,4.42,22.71,28.0,-18.9
2025-03-10 08:12:00,M0022,OP0042,T00060,,,4.54,22.71,0.2,0.02,0.12,4.42,22.71,28.0,-18.9
2025-03-10 08:24:00,M0022,OP0042,T00060,,,4.54,22.71,0.2,0.03,0.12,4.42,22.71,28.0,-18.9
2025-03-10 08:36:00,M0022,OP0042,T00060,,,4.54,22.71,0.2,0.03,0.12,4.42,22.71,28.0,-18.9
2025-03-10 08:48:00,M0022,OP0042,T00060,,,4.54,22.71,0.2,0.02,0.12,4.42,22.71,28.0,-18.9
2025-03-10 09:00:00,M0022,OP0042,T00060,,,4.54,22.71,0.2,0.04,0.12,4.42,22.71,28.0,-18.9
2025-03-10 09:12:00,M0022,OP0042,T00060,,,4.54,22.71,0.2,0.04,0.12,4.42,22.71,28.0,-18.9
2025-03-10 09:24:00,M0022,OP0042,T00060,,,4.54,22.71,0.2,0.03,0.12,4.42,22.71,28.0,-18.9
2025-03-10 09:36:00,M0022,OP0042,T00060,,,4.54,22.71,0.2,0.03,0.12,4.42,22.71,28.0,-18.9
2025-03-10 09:48:00,M0022,OP0042,T00060,,,4.54,22.71,0.2,0.03,0.12,4.42,22.71,28.0,-18.9
2025-03-10 10:00:00,M0022,OP0042,T00060,,,4.54,22.71,0.2,0.02,0.12,4.42,22.71,28.0,-18.9
2025-02-12 08:27:00,M0030,OP0030,T00062,267.8,,2.89,14.47,0.2,0.03,0.17,2.72,14.47,20.0,-27.6
2025-02-12 08:39:00,M0030,OP0030,T00062,,,2.89,14.47,0.2,0.03,0.17,2.72,14.47,20.0,-27.6
2025-02-12 08:51:00,M0030,OP0030,T00062,,,2.89,14.47,0.2,0.03,0.17,2.72,14.47,20.0,-27.6
2025-02-12 09:03:00,M0030,OP0030,T00062,,,2.89,14.47,0.2,0.02,0.17,2.72,14.47,20.0,-27.6
2025-02-12 09:15:00,M0030,OP0030,T00062,,,2.89,14.47,0.2,0.03,0.17,2.72,14.47,20.0,-27.6
2025-02-12 09:27:00,M0030,OP0030,T00062,,,2.89,14.47,0.2,0.03,0.17,2.72,14.47,20.0,-27.6
2025-02-12 09:39:00,M0030,OP0030,T00062,,,2.89,14.47,0.2,0.03,0.17,2.72,14.47,20.0,-27.6
2025-02-12 09:51:00,M0030,OP0030,T00062,,,2.89,14.47,0.2,0.02,0.17,2.72,14.47,20.0,-27.6
2025-02-12 10:03:00,M0030,OP0030,T00062,,,2.89,14.47,0.2,0.03,0.17,2.72,14.47,20.0,-27.6
2025-02-12 10:15:00,M0030,OP0030,T00062,,,2.89,14.47,0.2,0.04,0.17,2.72,14.47,20.0,-27.6
2025-02-12 10:27:00,M0030,OP0030,T00062,,,2.89,14.47,0.2,0.04,0.17,2.72,14.47,20.0,-27.6
2025-02-12 10:39:00,M0030,OP0030,T00062,,,2.89,14.47,0.2,0.03,0.17,2.72,14.47,20.0,-27.6
2025-02-12 10:51:00,M0030,OP0030,T00062,,,2.89,14.47,0.2,0.03,0.17,2.72,14.47,20.0,-27.6
2025-02-12 11:03:00,M0030,OP0030,T00062,,,2.89,14.47,0.2,0.03,0.17,2.72,14.47,20.0,-27.6
2025-02-12 11:15:00,M0030,OP0030,T00062,,,2.89,14.47,0.2,0.03,0.17,2.72,14.47,20.0,-27.6
2025-02-12 11:27:00,M0030,OP0030,T00062,,,2.89,14.47,0.2,0.03,0.17,2.72,14.47,20.0,-27.6
2025-02-12 11:39:00,M0030,OP0030,T00062,,,2.89,14.47,0.2,0.04,0.17,2.72,14.47,20.0,-27.6
2025-02-12 11:51:00,M0030,OP0030,T00062,,,2.89,14.47,0.2,0.03,0.17,2.72,14.47,20.0,-27.6
2025-02-12 12:03:00,M0030,OP0030,T00062,,,2.89,14.47,0.2,0.03,0.17,2.72,14.47,20.0,-27.6
2025-02-12 12:15:00,M0030,OP0030,T00062,,,2.89,14.47,0.2,0.02,0.17,2.72,14.47,20.0,-27.6
2025-08-30 12:25:00,M0023,OP0007,T00063,286.7,,2.99,14.97,0.2,0.03,0.13,2.86,14.97,19.5,-23.2
2025-08-30 12:37:00,M0023,OP0007,T00063,,,2.99,14.97,0.2,0.04,0.13,2.86,14.97,19.5,-23.2
2025-08-30 12:49:00,M0023,OP0007,T00063,,,2.99,14.97,0.2,0.03,0.13,2.86,14.97,19.5,-23.2
2025-08-30 13:01:00,M0023,OP0007,T00063,,,2.99,14.97,0.2,0.03,0.13,2.86,14.97,19.5,-23.2
2025-08-30 13:13:00,M0023,OP0007,T00063,,,2.99,14.97,0.2,0.04,0.13,2.86,14.97,19.5,-23.2
2025-08-30 13:25:00,M0023,OP0007,T00063,,,2.99,14.97,0.2,0.03,0.13,2.86,14.97,19.5,-23.2
2025-08-30 13:37:00,M0023,OP0007,T00063,,,2.99,14.97,0.2,0.03,0.13,2.86,14.97,19.5,-23.2
2025-08-30 13:49:00,M0023,OP0007,T00063,,,2.99,14.97,0.2,0.03,0.13,2.86,14.97,19.5,-23.2
2025-08-30 14:01:00,M0023,OP0007,T00063,,,2.99,14.97,0.2,0.04,0.13,2.86,14.97,19.5,-23.2
2025-08-30 14:13:00,M0023,OP0007,T00063,,,2.99,14.97,0.2,0.04,0.13,2.86,14.97,19.5,-23.2
2025-08-30 14:25:00,M0023,OP0007,T00063,,,2.99,14.97,0.2,0.03,0.13,2.86,14.97,19.5,-23.2
2025-08-30 14:37:00,M0023,OP0007,T00063,,,2.99,14.97,0.2,0.03,0.13,2.86,14.97,19.5,-23.2
2025-08-30 14:49:00,M0023,OP0007,T00063,,,2.99,14.97,0.2,0.03,0.13,2.86,14.97,19.5,-23.2
2025-08-30 15:01:00,M0023,OP0007,T00063,,,2.99,14.97,0.2,0.03,0.13,2.86,14.97,19.5,-23.2
2025-08-30 15:13:00,M0023,OP0007,T00063,,,2.99,14.97,0.2,0.04,0.13,2.86,14.97,19.5,-23.2
2025-08-30 15:25:00,M0023,OP0007,T00063,,,2.99,14.97,0.2,0.04,0.13,2.86,14.97,19.5,-23.2
2025-08-30 15:37:00,M0023,OP0007,T00063,,,2.99,14.97,0.2,0.03,0.13,2.86,14.97,19.5,-23.2
2025-08-30 15:49:00,M0023,OP0007,T00063,,,2.99,14.97,0.2,0.04,0.13,2.86,14.97,19.5,-23.2
2025-08-30 16:01:00,M0023,OP0007,T00063,,,2.99,14.97,0.2,0.04,0.13,2.86,14.97,19.5,-23.2
2025-08-30 16:13:00,M0023,OP0007,T00063,,,2.99,14.97,0.2,0.04,0.13,2.86,14.97,19.5,-23.2
2025-02-03 13:27:00,M0036,OP0042,T00064,418.0,,3.51,17.55,0.2,0.02,0.26,3.25,17.55,25.0,-29.8
2025-02-03 13:39:00,M0036,OP0042,T00064,,,3.51,17.55,0.2,0.04,0.26,3.25,17.55,25.0,-29.8
2025-02-03 13:51:00,M0036,OP0042,T00064,,,3.51,17.55,0.2,0.03,0.26,3.25,17.55,25.0,-29.8
2025-02-03 14:03:00,M0036,OP0042,T00064,,,3.51,17.55,0.2,0.03,0.26,3.25,17.55,25.0,-29.8
2025-02-03 14:15:00,M0036,OP0042,T00064,,,3.51,17.55,0.2,0.02,0.26,3.25,17.55,25.0,-29.8
2025-02-03 14:27:00,M0036,OP0042,T00064,,,3.51,17.55,0.2,0.03,0.26,3.25,17.55,25.0,-29.8
2025-02-03 14:39:00,M0036,OP0042,T00064,,,3.51,17.55,0.2,0.02,0.26,3.25,17.55,25.0,-29.8
2025-02-03 14:51:00,M0036,OP0042,T00064,,,3.51,17.55,0.2,0.02,0.26,3.25,17.55,25.0,-29.8
2025-02-03 15:03:00,M0036,OP0042,T00064,,,3.51,17.55,0.2,0.03,0.26,3.25,17.55,25.0,-29.8
2025-02-03 15:15:00,M0036,OP0042,T00064,,,3.51,17.55,0.2,0.03,0.26,3.25,17.55,25.0,-29.8
2025-02-03 15:27:00,M0036,OP0042,T00064,,,3.51,17.55,0.2,0.04,0.26,3.25,17.55,25.0,-29.8
2025-02-03 15:39:00,M0036,OP0042,T00064,,,3.51,17.55,0.2,0.03,0.26,3.25,17.55,25.0,-29.8
2025-02-03 15:51:00,M0036,OP0042,T00064,,,3.51,17.55,0.2,0.03,0.26,3.25,17.55,25.0,-29.8
2025-02-03 16:03:00,M0036,OP0042,T00064,,,3.51,17.55,0.2,0.04,0.26,3.25,17.55,25.0,-29.8
2025-02-03 16:15:00,M0036,OP0042,T00064,,,3.51,17.55,0.2,0.03,0.26,3.25,17.55,25.0,-29.8
2025-02-03 16:27:00,M0036,OP0042,T00064,,,3.51,17.55,0.2,0.03,0.26,3.25,17.55,25.0,-29.8
2025-02-03 16:39:00,M0036,OP0042,T00064,,,3.51,17.55,0.2,0.04,0.26,3.25,17.55,25.0,-29.8
2025-02-03 16:51:00,M0036,OP0042,T00064,,,3.51,17.55,0.2,0.04,0.26,3.25,17.55,25.0,-29.8
2025-02-03 17:03:00,M0036,OP0042,T00064,,,3.51,17.55,0.2,0.02,0.26,3.25,17.55,25.0,-29.8
2025-02-03 17:15:00,M0036,OP0042,T00064,,,3.51,17.55,0.2,0.02,0.26,3.25,17.55,25.0,-29.8
2025-06-07 10:15:00,M0017,OP0010,T00065,324.8,,2.09,10.44,0.2,0.02,0.18,1.91,10.44,14.5,-28.0
2025-06-07 10:27:00,M0017,OP0010,T00065,,,2.09,10.44,0.2,0.03,0.18,1.91,10.44,14.5,-28.0
2025-06-07 10:39:00,M0017,OP0010,T00065,,,2.09,10.44,0.2,0.02,0.18,1.91,10.44,14.5,-28.0
2025-06-07 10:51:00,M0017,OP0010,T00065,,,2.09,10.44,0.2,0.02,0.18,1.91,10.44,14.5,-28.0
2025-06-07 11:03:00,M0017,OP0010,T00065,,,2.09,10.44,0.2,0.03,0.18,1.91,10.44,14.5,-28.0
2025-06-07 11:15:00,M0017,OP0010,T00065,,,0.87,10.44,0.08,0.01,0.08,0.79,10.44,14.5,-28.0
2025-08-22 06:47:00,M0030,OP0007,T00066,282.7,,2.69,13.46,0.2,0.02,0.18,2.52,13.46,20.0,-32.7
2025-08-22 06:59:00,M0030,OP0007,T00066,,,2.69,13.46,0.2,0.02,0.18,2.52,13.46,20.0,-32.7
2025-08-22 07:11:00,M0030,OP0007,T00066,,,2.69,13.46,0.2,0.03,0.18,2.52,13.46,20.0,-32.7
2025-08-22 07:23:00,M0030,OP0007,T00066,,,2.69,13.46,0.2,0.03,0.18,2.52,13.46,20.0,-32.7
2025-08-22 07:35:00,M0030,OP0007,T00066,,,2.69,13.46,0.2,0.03,0.18,2.52,13.46,20.0,-32.7
2025-08-22 07:47:00,M0030,OP0007,T00066,,,2.69,13.46,0.2,0.03,0.18,2.52,13.46,20.0,-32.7
2025-08-22 07:59:00,M0030,OP0007,T00066,,,2.69,13.46,0.2,0.03,0.18,2.52,13.46,20.0,-32.7
2025-08-22 08:11:00,M0030,OP0007,T00066,,,2.69,13.46,0.2,0.03,0.18,2.52,13.46,20.0,-32.7
2025-08-22 08:23:00,M0030,OP0007,T00066,,,2.69,13.46,0.2,0.02,0.18,2.52,13.46,20.0,-32.7
2025-08-22 08:35:00,M0030,OP0007,T00066,,,2.69,13.46,0.2,0.03,0.18,2.52,13.46,20.0,-32.7
2025-08-22 08:47:00,M0030,OP0007,T00066,,,2.69,13.46,0.2,0.03,0.18,2.52,13.46,20.0,-32.7
2025-08-22 08:59:00,M0030,OP0007,T00066,,,2.69,13.46,0.2,0.03,0.18,2.52,13.46,20.0,-32.7
2025-08-22 09:11:00,M0030,OP0007,T00066,,,2.69,13.46,0.2,0.02,0.18,2.52,13.46,20.0,-32.7
2025-08-22 09:23:00,M0030,OP0007,T00066,,,2.69,13.46,0.2,0.02,0.18,2.52,13.46,20.0,-32.7
2025-08-22 09:35:00,M0030,OP0007,T00066,,,2.69,13.46,0.2,0.02,0.18,2.52,13.46,20.0,-32.7
2025-08-22 09:47:00,M0030,OP0007,T00066,,,2.69,13.46,0.2,0.03,0.18,2.52,13.46,20.0,-32.7
2025-08-22 09:59:00,M0030,OP0007,T00066,,,2.69,13.46,0.2,0.03,0.18,2.52,13.46,20.0,-32.7
2025-08-22 10:11:00,M0030,OP0007,T00066,,,2.69,13.46,0.2,0.02,0.18,2.52,13.46,20.0,-32.7
2025-08-22 10:23:00,M0030,OP0007,T00066,,,2.69,13.46,0.2,0.02,0.18,2.52,13.46,20.0,-32.7
2025-08-22 10:35:00,M0030,OP0007,T00066,,,2.69,13.46,0.2,0.03,0.18,2.52,13.46,20.0,-32.7
2025-02-10 14:17:00,M0018,OP0008,T00071,564.1,,4.4,22.01,0.2,0.05,0.2,4.2,22.01,20.0,10.0
2025-02-10 14:29:00,M0018,OP0008,T00071,,,4.4,22.01,0.2,0.05,0.2,4.2,22.01,20.0,10.0
2025-02-10 14:41:00,M0018,OP0008,T00071,,,4.4,22.01,0.2,0.05,0.2,4.2,22.01,20.0,10.0
2025-02-10 14:53:00,M0018,OP0008,T00071,,,4.4,22.01,0.2,0.06,0.2,4.2,22.01,20.0,10.0
2025-02-10 15:05:00,M0018,OP0008,T00071,,,4.4,22.01,0.2,0.05,0.2,4.2,22.01,20.0,10.0
2025-02-10 15:17:00,M0018,OP0008,T00071,,,4.4,22.01,0.2,0.04,0.2,4.2,22.01,20.0,10.0
2025-02-10 15:29:00,M0018,OP0008,T00071,,,4.4,22.01,0.2,0.05,0.2,4.2,22.01,20.0,10.0
2025-02-10 15:41:00,M0018,OP0008,T00071,,,4.4,22.01,0.2,0.05,0.2,4.2,22.01,20.0,10.0
2025-02-10 15:53:00,M0018,OP0008,T00071,,,4.4,22.01,0.2,0.04,0.2,4.2,22.01,20.0,10.0
2025-02-10 16:05:00,M0018,OP0008,T00071,,,4.4,22.01,0.2,0.04,0.2,4.2,22.01,20.0,10.0
2025-02-10 16:17:00,M0018,OP0008,T00071,,,4.4,22.01,0.2,0.05,0.2,4.2,22.01,20.0,10.0
2025-02-10 16:29:00,M0018,OP0008,T00071,,,4.4,22.01,0.2,0.04,0.2,4.2,22.01,20.0,10.0
2025-02-10 16:41:00,M0018,OP0008,T00071,,,4.4,22.01,0.2,0.06,0.2,4.2,22.01,20.0,10.0
2025-02-10 16:53:00,M0018,OP0008,T00071,,,4.4,22.01,0.2,0.05,0.2,4.2,22.01,20.0,10.0
2025-02-10 17:05:00,M0018,OP0008,T00071,,,4.4,22.01,0.2,0.06,0.2,4.2,22.01,20.0,10.0
2025-02-10 17:17:00,M0018,OP0008,T00071,,,4.4,22.01,0.2,0.04,0.2,4.2,22.01,20.0,10.0
2025-02-10 17:29:00,M0018,OP0008,T00071,,,4.4,22.01,0.2,0.04,0.2,4.2,22.01,20.0,10.0
2025-02-10 17:41:00,M0018,OP0008,T00071,,,4.4,22.01,0.2,0.05,0.2,4.2,22.01,20.0,10.0
2025-02-10 17:53:00,M0018,OP0008,T00071,,,4.4,22.01,0.2,0.04,0.2,4.2,22.01,20.0,10.0
2025-02-10 18:05:00,M0018,OP0008,T00071,,,4.4,22.01,0.2,0.06,0.2,4.2,22.01,20.0,10.0
2025-08-04 11:24:00,M0027,OP0032,T00072,282.4,,3.0,15.0,0.2,0.01,0.22,2.78,15.0,20.0,-25.0
2025-08-04 11:36:00,M0027,OP0032,T00072,,,3.0,15.0,0.2,0.01,0.22,2.78,15.0,20.0,-25.0
2025-08-04 11:48:00,M0027,OP0032,T00072,,,3.0,15.0,0.2,0.01,0.22,2.78,15.0,20.0,-25.0
2025-08-04 12:00:00,M0027,OP0032,T00072,,,3.0,15.0,0.2,0.01,0.22,2.78,15.0,20.0,-25.0
2025-08-04 12:12:00,M0027,OP0032,T00072,,,3.0,15.0,0.2,0.02,0.22,2.78,15.0,20.0,-25.0
2025-08-04 12:24:00,M0027,OP0032,T00072,,,3.0,15.0,0.2,0.01,0.22,2.78,15.0,20.0,-25.0
2025-08-04 12:36:00,M0027,OP0032,T00072,,,3.0,15.0,0.2,0.01,0.22,2.78,15.0,20.0,-25.0
2025-08-04 12:48:00,M0027,OP0032,T00072,,,3.0,15.0,0.2,0.01,0.22,2.78,15.0,20.0,-25.0
2025-08-04 13:00:00,M0027,OP0032,T00072,,,3.0,15.0,0.2,0.01,0.22,2.78,15.0,20.0,-25.0
2025-08-04 13:12:00,M0027,OP0032,T00072,,,3.0,15.0,0.2,0.01,0.22,2.78,15.0,20.0,-25.0
2025-08-04 13:24:00,M0027,OP0032,T00072,,,3.0,15.0,0.2,0.01,0.22,2.78,15.0,20.0,-25.0
2025-08-04 13:36:00,M0027,OP0032,T00072,,,3.0,15.0,0.2,0.01,0.22,2.78,15.0,20.0,-25.0
2025-08-04 13:48:00,M0027,OP0032,T00072,,,3.0,15.0,0.2,0.01,0.22,2.78,15.0,20.0,-25.0
2025-08-04 14:00:00,M0027,OP0032,T00072,,,3.0,15.0,0.2,0.01,0.22,2.78,15.0,20.0,-25.0
2025-08-04 14:12:00,M0027,OP0032,T00072,,,3.0,15.0,0.2,0.01,0.22,2.78,15.0,20.0,-25.0
2025-08-04 14:24:00,M0027,OP0032,T00072,,,3.0,15.0,0.2,0.01,0.22,2.78,15.0,20.0,-25.0
2025-08-04 14:36:00,M0027,OP0032,T00072,,,3.0,15.0,0.2,0.01,0.22,2.78,15.0,20.0,-25.0
2025-08-04 14:48:00,M0027,OP0032,T00072,,,3.0,15.0,0.2,0.01,0.22,2.78,15.0,20.0,-25.0
2025-08-04 15:00:00,M0027,OP0032,T00072,,,3.0,15.0,0.2,0.01,0.22,2.78,15.0,20.0,-25.0
2025-08-04 15:12:00,M0027,OP0032,T00072,,,3.0,15.0,0.2,0.01,0.22,2.78,15.0,20.0,-25.0
2025-01-20 11:01:00,M0017,OP0038,T00074,356.8,,2.2,11.01,0.2,0.03,0.11,2.1,11.01,14.5,-24.1
2025-01-20 11:13:00,M0017,OP0038,T00074,,,2.2,11.01,0.2,0.03,0.11,2.1,11.01,14.5,-24.1
2025-01-20 11:25:00,M0017,OP0038,T00074,,,2.2,11.01,0.2,0.03,0.11,2.1,11.01,14.5,-24.1
2025-01-20 11:37:00,M0017,OP0038,T00074,,,2.2,11.01,0.2,0.02,0.11,2.1,11.01,14.5,-24.1
2025-01-20 11:49:00,M0017,OP0038,T00074,,,2.2,11.01,0.2,0.04,0.11,2.1,11.01,14.5,-24.1
2025-01-20 12:01:00,M0017,OP0038,T00074,,,2.2,11.01,0.2,0.03,0.11,2.1,11.01,14.5,-24.1
2025-01-20 12:13:00,M0017,OP0038,T00074,,,2.2,11.01,0.2,0.03,0.11,2.1,11.01,14.5,-24.1
2025-01-20 12:25:00,M0017,OP0038,T00074,,,2.2,11.01,0.2,0.02,0.11,2.1,11.01,14.5,-24.1
2025-01-20 12:37:00,M0017,OP0038,T00074,,,2.2,11.01,0.2,0.03,0.11,2.1,11.01,14.5,-24.1
2025-01-20 12:49:00,M0017,OP0038,T00074,,,2.2,11.01,0.2,0.04,0.11,2.1,11.01,14.5,-24.1
2025-01-20 13:01:00,M0017,OP0038,T00074,,,2.2,11.01,0.2,0.04,0.11,2.1,11.01,14.5,-24.1
2025-01-20 13:13:00,M0017,OP0038,T00074,,,2.2,11.01,0.2,0.03,0.11,2.1,11.01,14.5,-24.1
2025-01-20 13:25:00,M0017,OP0038,T00074,,,2.2,11.01,0.2,0.04,0.11,2.1,11.01,14.5,-24.1
2025-01-20 13:37:00,M0017,OP0038,T00074,,,2.2,11.01,0.2,0.03,0.11,2.1,11.01,14.5,-24.1
2025-01-20 13:49:00,M0017,OP0038,T00074,,,2.2,11.01,0.2,0.02,0.11,2.1,11.01,14.5,-24.1
2025-01-20 14:01:00,M0017,OP0038,T00074,,,2.2,11.01,0.2,0.04,0.11,2.1,11.01,14.5,-24.1
2025-01-20 14:13:00,M0017,OP0038,T00074,,,2.2,11.01,0.2,0.02,0.11,2.1,11.01,14.5,-24.1
2025-01-20 14:25:00,M0017,OP0038,T00074,,,2.2,11.01,0.2,0.02,0.11,2.1,11.01,14.5,-24.1
2025-01-20 14:37:00,M0017,OP0038,T00074,,,2.2,11.01,0.2,0.02,0.11,2.1,11.01,14.5,-24.1
2025-01-20 14:49:00,M0017,OP0038,T00074,,,2.2,11.01,0.2,0.03,0.11,2.1,11.01,14.5,-24.1
2025-03-15 12:57:00,M0029,OP0026,T00075,269.5,,4.26,21.28,0.2,0.04,0.14,4.12,21.28,25.0,-14.9
2025-03-15 13:09:00,M0029,OP0026,T00075,,,4.26,21.28,0.2,0.02,0.14,4.12,21.28,25.0,-14.9
2025-03-15 13:21:00,M0029,OP0026,T00075,,,4.26,21.28,0.2,0.02,0.14,4.12,21.28,25.0,-14.9
2025-03-15 13:33:00,M0029,OP0026,T00075,,,2.13,21.28,0.1,0.01,0.07,2.06,21.28,25.0,-14.9
2025-05-01 12:00:00,M0008,OP0014,T00076,382.3,,2.62,13.09,0.2,0.05,0.24,2.38,13.09,20.0,-34.5
2025-05-01 12:12:00,M0008,OP0014,T00076,,,2.62,13.09,0.2,0.04,0.24,2.38,13.09,20.0,-34.5
2025-05-01 12:24:00,M0008,OP0014,T00076,,,2.62,13.09,0.2,0.05,0.24,2.38,13.09,20.0,-34.5
2025-05-01 12:36:00,M0008,OP0014,T00076,,,2.62,13.09,0.2,0.04,0.24,2.38,13.09,20.0,-34.5
2025-05-01 12:48:00,M0008,OP0014,T00076,,,2.62,13.09,0.2,0.04,0.24,2.38,13.09,20.0,-34.5
2025-05-01 13:00:00,M0008,OP0014,T00076,,,2.62,13.09,0.2,0.03,0.24,2.38,13.09,20.0,-34.5
2025-05-01 13:12:00,M0008,OP0014,T00076,,,2.62,13.09,0.2,0.03,0.24,2.38,13.09,20.0,-34.5
2025-05-01 13:24:00,M0008,OP0014,T00076,,,2.62,13.09,0.2,0.04,0.24,2.38,13.09,20.0,-34.5
2025-05-01 13:36:00,M0008,OP0014,T00076,,,2.62,13.09,0.2,0.03,0.24,2.38,13.09,20.0,-34.5
2025-05-01 13:48:00,M0008,OP0014,T00076,,,2.62,13.09,0.2,0.05,0.24,2.38,13.09,20.0,-34.5
2025-05-01 14:00:00,M0008,OP0014,T00076,,,2.62,13.09,0.2,0.04,0.24,2.38,13.09,20.0,-34.5
2025-05-01 14:12:00,M0008,OP0014,T00076,,,2.62,13.09,0.2,0.04,0.24,2.38,13.09,20.0,-34.5
2025-05-01 14:24:00,M0008,OP0014,T00076,,,2.62,13.09,0.2,0.03,0.24,2.38,13.09,20.0,-34.5
2025-05-01 14:36:00,M0008,OP0014,T00076,,,2.62,13.09,0.2,0.04,0.24,2.38,13.09,20.0,-34.5
2025-05-01 14:48:00,M0008,OP0014,T00076,,,2.62,13.09,0.2,0.03,0.24,2.38,13.09,20.0,-34.5
2025-05-01 15:00:00,M0008,OP0014,T00076,,,2.62,13.09,0.2,0.04,0.24,2.38,13.09,20.0,-34.5
2025-05-01 15:12:00,M0008,OP0014,T00076,,,2.62,13.09,0.2,0.03,0.24,2.38,13.09,20.0,-34.5
2025-05-01 15:24:00,M0008,OP0014,T00076,,,2.62,13.09,0.2,0.04,0.24,2.38,13.09,20.0,-34.5
2025-05-01 15:36:00,M0008,OP0014,T00076,,,2.62,13.09,0.2,0.04,0.24,2.38,13.09,20.0,-34.5
2025-05-01 15:48:00,M0008,OP0014,T00076,,,2.62,13.09,0.2,0.04,0.24,2.38,13.09,20.0,-34.5
2025-04-09 12:37:00,M0005,OP0001,T00078,385.9,,4.09,20.45,0.2,0.01,0.23,3.86,20.45,28.0,-27.0
2025-04-09 12:49:00,M0005,OP0001,T00078,,,4.09,20.45,0.2,0.01,0.23,3.86,20.45,28.0,-27.0
2025-04-09 13:01:00,M0005,OP0001,T00078,,,4.09,20.45,0.2,0.01,0.23,3.86,20.45,28.0,-27.0
2025-04-09 13:13:00,M0005,OP0001,T00078,,,4.09,20.45,0.2,0.01,0.23,3.86,20.45,28.0,-27.0
2025-04-09 13:25:00,M0005,OP0001,T00078,,,4.09,20.45,0.2,0.01,0.23,3.86,20.45,28.0,-27.0
2025-04-09 13:37:00,M0005,OP0001,T00078,,,4.09,20.45,0.2,0.01,0.23,3.86,20.45,28.0,-27.0
2025-04-09 13:49:00,M0005,OP0001,T00078,,,4.09,20.45,0.2,0.01,0.23,3.86,20.45,28.0,-27.0
2025-04-09 14:01:00,M0005,OP0001,T00078,,,4.09,20.45,0.2,0.01,0.23,3.86,20.45,28.0,-27.0
2025-04-09 14:13:00,M0005,OP0001,T00078,,,4.09,20.45,0.2,0.01,0.23,3.86,20.45,28.0,-27.0
2025-04-09 14:25:00,M0005,OP0001,T00078,,,4.09,20.45,0.2,0.01,0.23,3.86,20.45,28.0,-27.0
2025-04-09 14:37:00,M0005,OP0001,T00078,,,4.09,20.45,0.2,0.01,0.23,3.86,20.45,28.0,-27.0
2025-04-09 14:49:00,M0005,OP0001,T00078,,,4.09,20.45,0.2,0.01,0.23,3.86,20.45,28.0,-27.0
2025-04-09 15:01:00,M0005,OP0001,T00078,,,4.09,20.45,0.2,0.01,0.23,3.86,20.45,28.0,-27.0
2025-04-09 15:13:00,M0005,OP0001,T00078,,,4.09,20.45,0.2,0.01,0.23,3.86,20.45,28.0,-27.0
2025-04-09 15:25:00,M0005,OP0001,T00078,,,4.09,20.45,0.2,0.01,0.23,3.86,20.45,28.0,-27.0
2025-04-09 15:37:00,M0005,OP0001,T00078,,,4.09,20.45,0.2,0.01,0.23,3.86,20.45,28.0,-27.0
2025-04-09 15:49:00,M0005,OP0001,T00078,,,4.09,20.45,0.2,0.01,0.23,3.86,20.45,28.0,-27.0
2025-04-09 16:01:00,M0005,OP0001,T00078,,,1.7,20.45,0.08,0.0,0.1,1.61,20.45,28.0,-27.0
2025-05-09 11:19:00,M0034,OP0033,T00079,523.2,,2.74,13.72,0.2,0.03,0.16,2.58,13.72,20.0,-31.4
2025-05-09 11:31:00,M0034,OP0033,T00079,,,2.74,13.72,0.2,0.02,0.16,2.58,13.72,20.0,-31.4
2025-05-09 11:43:00,M0034,OP0033,T00079,,,2.74,13.72,0.2,0.03,0.16,2.58,13.72,20.0,-31.4
2025-05-09 11:55:00,M0034,OP0033,T00079,,,2.74,13.72,0.2,0.03,0.16,2.58,13.72,20.0,-31.4
2025-05-09 12:07:00,M0034,OP0033,T00079,,,2.74,13.72,0.2,0.03,0.16,2.58,13.72,20.0,-31.4
2025-05-09 12:19:00,M0034,OP0033,T00079,,,2.74,13.72,0.2,0.03,0.16,2.58,13.72,20.0,-31.4
2025-05-09 12:31:00,M0034,OP0033,T00079,,,2.74,13.72,0.2,0.03,0.16,2.58,13.72,20.0,-31.4
2025-05-09 12:43:00,M0034,OP0033,T00079,,,2.74,13.72,0.2,0.03,0.16,2.58,13.72,20.0,-31.4
2025-05-09 12:55:00,M0034,OP0033,T00079,,,2.74,13.72,0.2,0.03,0.16,2.58,13.72,20.0,-31.4
2025-05-09 13:07:00,M0034,OP0033,T00079,,,2.74,13.72,0.2,0.02,0.16,2.58,13.72,20.0,-31.4
2025-05-09 13:19:00,M0034,OP0033,T00079,,,2.74,13.72,0.2,0.02,0.16,2.58,13.72,20.0,-31.4
2025-05-09 13:31:00,M0034,OP0033,T00079,,,2.74,13.72,0.2,0.02,0.16,2.58,13.72,20.0,-31.4
2025-05-09 13:43:00,M0034,OP0033,T00079,,,2.74,13.72,0.2,0.03,0.16,2.58,13.72,20.0,-31.4
2025-05-09 13:55:00,M0034,OP0033,T00079,,,2.74,13.72,0.2,0.03,0.16,2.58,13.72,20.0,-31.4
2025-05-09 14:07:00,M0034,OP0033,T00079,,,2.51,13.72,0.18,0.03,0.15,2.37,13.72,20.0,-31.4
2025-07-14 10:15:00,M0003,OP0053,T00080,628.2,,5.43,27.15,0.2,0.03,0.32,5.11,27.15,25.0,8.6
2025-07-14 10:27:00,M0003,OP0053,T00080,,,5.43,27.15,0.2,0.02,0.32,5.11,27.15,25.0,8.6
2025-07-14 10:39:00,M0003,OP0053,T00080,,,5.43,27.15,0.2,0.02,0.32,5.11,27.15,25.0,8.6
2025-07-14 10:51:00,M0003,OP0053,T00080,,,5.43,27.15,0.2,0.03,0.32,5.11,27.15,25.0,8.6
2025-07-14 11:03:00,M0003,OP0053,T00080,,,5.43,27.15,0.2,0.02,0.32,5.11,27.15,25.0,8.6
2025-07-14 11:15:00,M0003,OP0053,T00080,,,5.43,27.15,0.2,0.02,0.32,5.11,27.15,25.0,8.6
2025-07-14 11:27:00,M0003,OP0053,T00080,,,5.43,27.15,0.2,0.03,0.32,5.11,27.15,25.0,8.6
2025-07-14 11:39:00,M0003,OP0053,T00080,,,5.43,27.15,0.2,0.03,0.32,5.11,27.15,25.0,8.6
2025-07-14 11:51:00,M0003,OP0053,T00080,,,5.43,27.15,0.2,0.04,0.32,5.11,27.15,25.0,8.6
2025-07-14 12:03:00,M0003,OP0053,T00080,,,5.43,27.15,0.2,0.03,0.32,5.11,27.15,25.0,8.6
2025-07-14 12:15:00,M0003,OP0053,T00080,,,5.43,27.15,0.2,0.03,0.32,5.11,27.15,25.0,8.6
2025-07-14 12:27:00,M0003,OP0053,T00080,,,5.43,27.15,0.2,0.03,0.32,5.11,27.15,25.0,8.6
2025-07-14 12:39:00,M0003,OP0053,T00080,,,5.43,27.15,0.2,0.02,0.32,5.11,27.15,25.0,8.6
2025-07-14 12:51:00,M0003,OP0053,T00080,,,5.43,27.15,0.2,0.02,0.32,5.11,27.15,25.0,8.6
2025-07-14 13:03:00,M0003,OP0053,T00080,,,5.43,27.15,0.2,0.02,0.32,5.11,27.15,25.0,8.6
2025-07-14 13:15:00,M0003,OP0053,T00080,,,5.43,27.15,0.2,0.03,0.32,5.11,27.15,25.0,8.6
2025-07-14 13:27:00,M0003,OP0053,T00080,,,5.43,27.15,0.2,0.03,0.32,5.11,27.15,25.0,8.6
2025-07-14 13:39:00,M0003,OP0053,T00080,,,5.43,27.15,0.2,0.02,0.32,5.11,27.15,25.0,8.6
2025-07-14 13:51:00,M0003,OP0053,T00080,,,5.43,27.15,0.2,0.03,0.32,5.11,27.15,25.0,8.6
2025-07-14 14:03:00,M0003,OP0053,T00080,,,5.43,27.15,0.2,0.03,0.32,5.11,27.15,25.0,8.6
2025-04-01 14:16:00,M0033,OP0025,T00081,256.1,,2.31,11.54,0.2,0.05,0.1,2.21,11.54,14.5,-20.4
2025-04-01 14:28:00,M0033,OP0025,T00081,,,2.31,11.54,0.2,0.04,0.1,2.21,11.54,14.5,-20.4
2025-04-01 14:40:00,M0033,OP0025,T00081,,,2.31,11.54,0.2,0.03,0.1,2.21,11.54,14.5,-20.4
2025-04-01 14:52:00,M0033,OP0025,T00081,,,2.31,11.54,0.2,0.03,0.1,2.21,11.54,14.5,-20.4
2025-04-01 15:04:00,M0033,OP0025,T00081,,,2.31,11.54,0.2,0.04,0.1,2.21,11.54,14.5,-20.4
2025-04-01 15:16:00,M0033,OP0025,T00081,,,2.31,11.54,0.2,0.03,0.1,2.21,11.54,14.5,-20.4
2025-04-01 15:28:00,M0033,OP0025,T00081,,,2.31,11.54,0.2,0.04,0.1,2.21,11.54,14.5,-20.4
2025-04-01 15:40:00,M0033,OP0025,T00081,,,2.31,11.54,0.2,0.03,0.1,2.21,11.54,14.5,-20.4
2025-04-01 15:52:00,M0033,OP0025,T00081,,,2.31,11.54,0.2,0.04,0.1,2.21,11.54,14.5,-20.4
2025-04-01 16:04:00,M0033,OP0025,T00081,,,2.31,11.54,0.2,0.04,0.1,2.21,11.54,14.5,-20.4
2025-04-01 16:16:00,M0033,OP0025,T00081,,,2.31,11.54,0.2,0.03,0.1,2.21,11.54,14.5,-20.4
2025-04-01 16:28:00,M0033,OP0025,T00081,,,2.31,11.54,0.2,0.04,0.1,2.21,11.54,14.5,-20.4
2025-04-01 16:40:00,M0033,OP0025,T00081,,,2.31,11.54,0.2,0.03,0.1,2.21,11.54,14.5,-20.4
2025-04-01 16:52:00,M0033,OP0025,T00081,,,2.31,11.54,0.2,0.03,0.1,2.21,11.54,14.5,-20.4
2025-04-01 17:04:00,M0033,OP0025,T00081,,,2.31,11.54,0.2,0.03,0.1,2.21,11.54,14.5,-20.4
2025-04-01 17:16:00,M0033,OP0025,T00081,,,2.31,11.54,0.2,0.03,0.1,2.21,11.54,14.5,-20.4
2025-04-01 17:28:00,M0033,OP0025,T00081,,,2.31,11.54,0.2,0.04,0.1,2.21,11.54,14.5,-20.4
2025-04-01 17:40:00,M0033,OP0025,T00081,,,2.31,11.54,0.2,0.03,0.1,2.21,11.54,14.5,-20.4
2025-04-01 17:52:00,M0033,OP0025,T00081,,,2.31,11.54,0.2,0.04,0.1,2.21,11.54,14.5,-20.4
2025-04-01 18:04:00,M0033,OP0025,T00081,,,2.31,11.54,0.2,0.04,0.1,2.21,11.54,14.5,-20.4
2025-04-03 10:13:00,M0032,OP0054,T00083,273.9,,3.71,18.54,0.2,0.0,0.27,3.43,18.54,25.0,-25.8
2025-04-03 10:25:00,M0032,OP0054,T00083,,,3.71,18.54,0.2,0.0,0.27,3.43,18.54,25.0,-25.8
2025-04-03 10:37:00,M0032,OP0054,T00083,,,3.71,18.54,0.2,0.0,0.27,3.43,18.54,25.0,-25.8
2025-04-03 10:49:00,M0032,OP0054,T00083,,,3.71,18.54,0.2,0.0,0.27,3.43,18.54,25.0,-25.8
2025-04-03 11:01:00,M0032,OP0054,T00083,,,3.71,18.54,0.2,0.0,0.27,3.43,18.54,25.0,-25.8
2025-04-03 11:13:00,M0032,OP0054,T00083,,,3.71,18.54,0.2,0.0,0.27,3.43,18.54,25.0,-25.8
2025-04-03 11:25:00,M0032,OP0054,T00083,,,3.71,18.54,0.2,0.0,0.27,3.43,18.54,25.0,-25.8
2025-04-03 11:37:00,M0032,OP0054,T00083,,,3.71,18.54,0.2,0.0,0.27,3.43,18.54,25.0,-25.8
2025-04-03 11:49:00,M0032,OP0054,T00083,,,3.71,18.54,0.2,0.0,0.27,3.43,18.54,25.0,-25.8
2025-04-03 12:01:00,M0032,OP0054,T00083,,,3.71,18.54,0.2,0.0,0.27,3.43,18.54,25.0,-25.8
2025-04-03 12:13:00,M0032,OP0054,T00083,,,3.71,18.54,0.2,0.0,0.27,3.43,18.54,25.0,-25.8
2025-04-03 12:25:00,M0032,OP0054,T00083,,,3.71,18.54,0.2,0.0,0.27,3.43,18.54,25.0,-25.8
2025-04-03 12:37:00,M0032,OP0054,T00083,,,3.71,18.54,0.2,0.0,0.27,3.43,18.54,25.0,-25.8
2025-04-03 12:49:00,M0032,OP0054,T00083,,,3.71,18.54,0.2,0.0,0.27,3.43,18.54,25.0,-25.8
2025-04-03 13:01:00,M0032,OP0054,T00083,,,3.71,18.54,0.2,0.0,0.27,3.43,18.54,25.0,-25.8
2025-04-03 13:13:00,M0032,OP0054,T00083,,,3.71,18.54,0.2,0.0,0.27,3.43,18.54,25.0,-25.8
2025-04-03 13:25:00,M0032,OP0054,T00083,,,3.71,18.54,0.2,0.0,0.27,3.43,18.54,25.0,-25.8
2025-04-03 13:37:00,M0032,OP0054,T00083,,,3.71,18.54,0.2,0.0,0.27,3.43,18.54,25.0,-25.8
2025-04-03 13:49:00,M0032,OP0054,T00083,,,3.71,18.54,0.2,0.0,0.27,3.43,18.54,25.0,-25.8
2025-04-03 14:01:00,M0032,OP0054,T00083,,,3.71,18.54,0.2,0.0,0.27,3.43,18.54,25.0,-25.8
2025-01-28 13:02:00,M0014,OP0013,T00085,349.3,,4.16,20.79,0.2,0.02,0.29,3.87,20.79,28.0,-25.7
2025-01-28 13:14:00,M0014,OP0013,T00085,,,4.16,20.79,0.2,0.02,0.29,3.87,20.79,28.0,-25.7
2025-01-28 13:26:00,M0014,OP0013,T00085,,,4.16,20.79,0.2,0.03,0.29,3.87,20.79,28.0,-25.7
2025-01-28 13:38:00,M0014,OP0013,T00085,,,4.16,20.79,0.2,0.03,0.29,3.87,20.79,28.0,-25.7
2025-01-28 13:50:00,M0014,OP0013,T00085,,,4.16,20.79,0.2,0.02,0.29,3.87,20.79,28.0,-25.7
2025-01-28 14:02:00,M0014,OP0013,T00085,,,4.16,20.79,0.2,0.02,0.29,3.87,20.79,28.0,-25.7
2025-01-28 14:14:00,M0014,OP0013,T00085,,,4.16,20.79,0.2,0.02,0.29,3.87,20.79,28.0,-25.7
2025-01-28 14:26:00,M0014,OP0013,T00085,,,4.16,20.79,0.2,0.03,0.29,3.87,20.79,28.0,-25.7
2025-01-28 14:38:00,M0014,OP0013,T00085,,,4.16,20.79,0.2,0.02,0.29,3.87,20.79,28.0,-25.7
2025-01-28 14:50:00,M0014,OP0013,T00085,,,4.16,20.79,0.2,0.03,0.29,3.87,20.79,28.0,-25.7
2025-01-28 15:02:00,M0014,OP0013,T00085,,,4.16,20.79,0.2,0.03,0.29,3.87,20.79,28.0,-25.7
2025-01-28 15:14:00,M0014,OP0013,T00085,,,4.16,20.79,0.2,0.02,0.29,3.87,20.79,28.0,-25.7
2025-01-28 15:26:00,M0014,OP0013,T00085,,,4.16,20.79,0.2,0.02,0.29,3.87,20.79,28.0,-25.7
2025-01-28 15:38:00,M0014,OP0013,T00085,,,4.16,20.79,0.2,0.02,0.29,3.87,20.79,28.0,-25.7
2025-01-28 15:50:00,M0014,OP0013,T00085,,,4.16,20.79,0.2,0.03,0.29,3.87,20.79,28.0,-25.7
2025-01-28 16:02:00,M0014,OP0013,T00085,,,4.16,20.79,0.2,0.02,0.29,3.87,20.79,28.0,-25.7
2025-01-28 16:14:00,M0014,OP0013,T00085,,,4.16,20.79,0.2,0.03,0.29,3.87,20.79,28.0,-25.7
2025-01-28 16:26:00,M0014,OP0013,T00085,,,4.16,20.79,0.2,0.03,0.29,3.87,20.79,28.0,-25.7
2025-01-28 16:38:00,M0014,OP0013,T00085,,,4.16,20.79,0.2,0.02,0.29,3.87,20.79,28.0,-25.7
2025-01-28 16:50:00,M0014,OP0013,T00085,,,4.16,20.79,0.2,0.03,0.29,3.87,20.79,28.0,-25.7
2025-03-07 09:31:00,M0003,OP0036,T00087,551.8,,4.55,22.75,0.2,0.01,0.21,4.34,22.75,25.0,-9.0
2025-03-07 09:43:00,M0003,OP0036,T00087,,,4.55,22.75,0.2,0.01,0.21,4.34,22.75,25.0,-9.0
2025-03-07 09:55:00,M0003,OP0036,T00087,,,4.55,22.75,0.2,0.02,0.21,4.34,22.75,25.0,-9.0
2025-03-07 10:07:00,M0003,OP0036,T00087,,,4.55,22.75,0.2,0.02,0.21,4.34,22.75,25.0,-9.0
2025-03-07 10:19:00,M0003,OP0036,T00087,,,4.55,22.75,0.2,0.02,0.21,4.34,22.75,25.0,-9.0
2025-03-07 10:31:00,M0003,OP0036,T00087,,,4.55,22.75,0.2,0.01,0.21,4.34,22.75,25.0,-9.0
2025-03-07 10:43:00,M0003,OP0036,T00087,,,4.55,22.75,0.2,0.02,0.21,4.34,22.75,25.0,-9.0
2025-03-07 10:55:00,M0003,OP0036,T00087,,,4.55,22.75,0.2,0.02,0.21,4.34,22.75,25.0,-9.0
2025-03-07 11:07:00,M0003,OP0036,T00087,,,4.55,22.75,0.2,0.02,0.21,4.34,22.75,25.0,-9.0
2025-03-07 11:19:00,M0003,OP0036,T00087,,,4.55,22.75,0.2,0.01,0.21,4.34,22.75,25.0,-9.0
2025-03-07 11:31:00,M0003,OP0036,T00087,,,4.55,22.75,0.2,0.01,0.21,4.34,22.75,25.0,-9.0
2025-03-07 11:43:00,M0003,OP0036,T00087,,,2.65,22.75,0.12,0.01,0.12,2.53,22.75,25.0,-9.0
2025-02-14 12:02:00,M0031,OP0015,T00088,199.1,,2.26,11.31,0.2,0.06,0.21,2.05,11.31,19.5,-42.0
2025-02-14 12:14:00,M0031,OP0015,T00088,,,2.26,11.31,0.2,0.06,0.21,2.05,11.31,19.5,-42.0
2025-02-14 12:26:00,M0031,OP0015,T00088,,,2.26,11.31,0.2,0.04,0.21,2.05,11.31,19.5,-42.0
2025-02-14 12:38:00,M0031,OP0015,T00088,,,2.26,11.31,0.2,0.05,0.21,2.05,11.31,19.5,-42.0
2025-02-14 12:50:00,M0031,OP0015,T00088,,,2.26,11.31,0.2,0.05,0.21,2.05,11.31,19.5,-42.0
2025-02-14 13:02:00,M0031,OP0015,T00088,,,2.26,11.31,0.2,0.04,0.21,2.05,11.31,19.5,-42.0
2025-02-14 13:14:00,M0031,OP0015,T00088,,,2.26,11.31,0.2,0.05,0.21,2.05,11.31,19.5,-42.0
2025-02-14 13:26:00,M0031,OP0015,T00088,,,2.26,11.31,0.2,0.04,0.21,2.05,11.31,19.5,-42.0
2025-02-14 13:38:00,M0031,OP0015,T00088,,,2.26,11.31,0.2,0.04,0.21,2.05,11.31,19.5,-42.0
2025-02-14 13:50:00,M0031,OP0015,T00088,,,2.26,11.31,0.2,0.06,0.21,2.05,11.31,19.5,-42.0
2025-02-14 14:02:00,M0031,OP0015,T00088,,,2.26,11.31,0.2,0.04,0.21,2.05,11.31,19.5,-42.0
2025-02-14 14:14:00,M0031,OP0015,T00088,,,2.26,11.31,0.2,0.03,0.21,2.05,11.31,19.5,-42.0
2025-02-14 14:26:00,M0031,OP0015,T00088,,,2.26,11.31,0.2,0.03,0.21,2.05,11.31,19.5,-42.0
2025-02-14 14:38:00,M0031,OP0015,T00088,,,2.26,11.31,0.2,0.05,0.21,2.05,11.31,19.5,-42.0
2025-02-14 14:50:00,M0031,OP0015,T00088,,,2.26,11.31,0.2,0.06,0.21,2.05,11.31,19.5,-42.0
2025-02-14 15:02:00,M0031,OP0015,T00088,,,2.26,11.31,0.2,0.05,0.21,2.05,11.31,19.5,-42.0
2025-02-14 15:14:00,M0031,OP0015,T00088,,,2.26,11.31,0.2,0.03,0.21,2.05,11.31,19.5,-42.0
2025-02-14 15:26:00,M0031,OP0015,T00088,,,2.26,11.31,0.2,0.04,0.21,2.05,11.31,19.5,-42.0
2025-02-14 15:38:00,M0031,OP0015,T00088,,,2.26,11.31,0.2,0.06,0.21,2.05,11.31,19.5,-42.0
2025-02-14 15:50:00,M0031,OP0015,T00088,,,2.26,11.31,0.2,0.05,0.21,2.05,11.31,19.5,-42.0
2025-02-07 10:22:00,M0004,OP0043,T00090,445.8,,2.13,10.67,0.2,0.01,0.12,2.01,10.67,14.5,-26.4
2025-02-07 10:34:00,M0004,OP0043,T00090,,,2.13,10.67,0.2,0.01,0.12,2.01,10.67,14.5,-26.4
2025-02-07 10:46:00,M0004,OP0043,T00090,,,2.13,10.67,0.2,0.01,0.12,2.01,10.67,14.5,-26.4
2025-02-07 10:58:00,M0004,OP0043,T00090,,,2.13,10.67,0.2,0.0,0.12,2.01,10.67,14.5,-26.4
2025-02-07 11:10:00,M0004,OP0043,T00090,,,2.13,10.67,0.2,0.01,0.12,2.01,10.67,14.5,-26.4
2025-02-07 11:22:00,M0004,OP0043,T00090,,,2.13,10.67,0.2,0.01,0.12,2.01,10.67,14.5,-26.4
2025-02-07 11:34:00,M0004,OP0043,T00090,,,2.13,10.67,0.2,0.0,0.12,2.01,10.67,14.5,-26.4
2025-02-07 11:46:00,M0004,OP0043,T00090,,,2.13,10.67,0.2,0.01,0.12,2.01,10.67,14.5,-26.4
2025-02-07 11:58:00,M0004,OP0043,T00090,,,2.13,10.67,0.2,0.01,0.12,2.01,10.67,14.5,-26.4
2025-02-07 12:10:00,M0004,OP0043,T00090,,,2.13,10.67,0.2,0.01,0.12,2.01,10.67,14.5,-26.4
2025-02-07 12:22:00,M0004,OP0043,T00090,,,2.13,10.67,0.2,0.01,0.12,2.01,10.67,14.5,-26.4
2025-02-07 12:34:00,M0004,OP0043,T00090,,,2.13,10.67,0.2,0.0,0.12,2.01,10.67,14.5,-26.4
2025-02-07 12:46:00,M0004,OP0043,T00090,,,2.13,10.67,0.2,0.0,0.12,2.01,10.67,14.5,-26.4
2025-02-07 12:58:00,M0004,OP0043,T00090,,,2.13,10.67,0.2,0.01,0.12,2.01,10.67,14.5,-26.4
2025-02-07 13:10:00,M0004,OP0043,T00090,,,2.13,10.67,0.2,0.01,0.12,2.01,10.67,14.5,-26.4
2025-02-07 13:22:00,M0004,OP0043,T00090,,,2.13,10.67,0.2,0.01,0.12,2.01,10.67,14.5,-26.4
2025-02-07 13:34:00,M0004,OP0043,T00090,,,2.13,10.67,0.2,0.01,0.12,2.01,10.67,14.5,-26.4
2025-02-07 13:46:00,M0004,OP0043,T00090,,,2.13,10.67,0.2,0.01,0.12,2.01,10.67,14.5,-26.4
2025-02-07 13:58:00,M0004,OP0043,T00090,,,2.13,10.67,0.2,0.01,0.12,2.01,10.67,14.5,-26.4
2025-02-07 14:10:00,M0004,OP0043,T00090,,,2.13,10.67,0.2,0.01,0.12,2.01,10.67,14.5,-26.4
2025-01-22 07:46:00,M0017,OP0015,T00091,343.8,,1.73,8.66,0.2,0.04,0.14,1.59,8.66,14.5,-40.3
2025-01-22 07:58:00,M0017,OP0015,T00091,,,1.73,8.66,0.2,0.04,0.14,1.59,8.66,14.5,-40.3
2025-01-22 08:10:00,M0017,OP0015,T00091,,,1.73,8.66,0.2,0.04,0.14,1.59,8.66,14.5,-40.3
2025-01-22 08:22:00,M0017,OP0015,T00091,,,1.73,8.66,0.2,0.05,0.14,1.59,8.66,14.5,-40.3
2025-01-22 08:34:00,M0017,OP0015,T00091,,,1.73,8.66,0.2,0.05,0.14,1.59,8.66,14.5,-40.3
2025-01-22 08:46:00,M0017,OP0015,T00091,,,1.73,8.66,0.2,0.03,0.14,1.59,8.66,14.5,-40.3
2025-01-22 08:58:00,M0017,OP0015,T00091,,,1.73,8.66,0.2,0.03,0.14,1.59,8.66,14.5,-40.3
2025-01-22 09:10:00,M0017,OP0015,T00091,,,1.73,8.66,0.2,0.04,0.14,1.59,8.66,14.5,-40.3
2025-01-22 09:22:00,M0017,OP0015,T00091,,,1.73,8.66,0.2,0.04,0.14,1.59,8.66,14.5,-40.3
2025-01-22 09:34:00,M0017,OP0015,T00091,,,1.73,8.66,0.2,0.04,0.14,1.59,8.66,14.5,-40.3
2025-01-22 09:46:00,M0017,OP0015,T00091,,,1.73,8.66,0.2,0.05,0.14,1.59,8.66,14.5,-40.3
2025-01-22 09:58:00,M0017,OP0015,T00091,,,1.73,8.66,0.2,0.04,0.14,1.59,8.66,14.5,-40.3
2025-01-22 10:10:00,M0017,OP0015,T00091,,,1.73,8.66,0.2,0.04,0.14,1.59,8.66,14.5,-40.3
2025-01-22 10:22:00,M0017,OP0015,T00091,,,1.73,8.66,0.2,0.05,0.14,1.59,8.66,14.5,-40.3
2025-01-22 10:34:00,M0017,OP0015,T00091,,,1.73,8.66,0.2,0.03,0.14,1.59,8.66,14.5,-40.3
2025-01-22 10:46:00,M0017,OP0015,T00091,,,1.73,8.66,0.2,0.04,0.14,1.59,8.66,14.5,-40.3
2025-01-22 10:58:00,M0017,OP0015,T00091,,,1.73,8.66,0.2,0.04,0.14,1.59,8.66,14.5,-40.3
2025-01-22 11:10:00,M0017,OP0015,T00091,,,0.87,8.66,0.1,0.02,0.07,0.8,8.66,14.5,-40.3
2025-07-19 06:07:00,M0012,OP0044,T00093,569.8,,4.6,22.98,0.2,0.02,0.3,4.3,22.98,28.0,-17.9
2025-07-19 06:19:00,M0012,OP0044,T00093,,,4.6,22.98,0.2,0.02,0.3,4.3,22.98,28.0,-17.9
2025-07-19 06:31:00,M0012,OP0044,T00093,,,4.6,22.98,0.2,0.02,0.3,4.3,22.98,28.0,-17.9
2025-07-19 06:43:00,M0012,OP0044,T00093,,,4.6,22.98,0.2,0.02,0.3,4.3,22.98,28.0,-17.9
2025-07-19 06:55:00,M0012,OP0044,T00093,,,4.6,22.98,0.2,0.02,0.3,4.3,22.98,28.0,-17.9
2025-07-19 07:07:00,M0012,OP0044,T00093,,,4.6,22.98,0.2,0.02,0.3,4.3,22.98,28.0,-17.9
2025-07-19 07:19:00,M0012,OP0044,T00093,,,4.6,22.98,0.2,0.03,0.3,4.3,22.98,28.0,-17.9
2025-07-19 07:31:00,M0012,OP0044,T00093,,,4.6,22.98,0.2,0.03,0.3,4.3,22.98,28.0,-17.9
2025-07-19 07:43:00,M0012,OP0044,T00093,,,2.68,22.98,0.12,0.02,0.17,2.51,22.98,28.0,-17.9
2025-05-06 15:55:00,M0038,OP0007,T00094,425.9,,2.97,14.87,0.2,0.07,0.33,2.65,14.87,25.0,-40.5
2025-05-06 16:07:00,M0038,OP0007,T00094,,,2.97,14.87,0.2,0.07,0.33,2.65,14.87,25.0,-40.5
2025-05-06 16:19:00,M0038,OP0007,T00094,,,2.97,14.87,0.2,0.07,0.33,2.65,14.87,25.0,-40.5
2025-05-06 16:31:00,M0038,OP0007,T00094,,,2.97,14.87,0.2,0.06,0.33,2.65,14.87,25.0,-40.5
2025-05-06 16:43:00,M0038,OP0007,T00094,,,2.97,14.87,0.2,0.05,0.33,2.65,14.87,25.0,-40.5
2025-05-06 16:55:00,M0038,OP0007,T00094,,,2.97,14.87,0.2,0.04,0.33,2.65,14.87,25.0,-40.5
2025-05-06 17:07:00,M0038,OP0007,T00094,,,2.97,14.87,0.2,0.04,0.33,2.65,14.87,25.0,-40.5
2025-05-06 17:19:00,M0038,OP0007,T00094,,,2.97,14.87,0.2,0.06,0.33,2.65,14.87,25.0,-40.5
2025-05-06 17:31:00,M0038,OP0007,T00094,,,2.97,14.87,0.2,0.06,0.33,2.65,14.87,25.0,-40.5
2025-05-06 17:43:00,M0038,OP0007,T00094,,,2.97,14.87,0.2,0.06,0.33,2.65,14.87,25.0,-40.5
2025-05-06 17:55:00,M0038,OP0007,T00094,,,2.97,14.87,0.2,0.06,0.33,2.65,14.87,25.0,-40.5
2025-05-06 18:07:00,M0038,OP0007,T00094,,,2.97,14.87,0.2,0.06,0.33,2.65,14.87,25.0,-40.5
2025-05-06 18:19:00,M0038,OP0007,T00094,,,2.97,14.87,0.2,0.05,0.33,2.65,14.87,25.0,-40.5
2025-05-06 18:31:00,M0038,OP0007,T00094,,,2.97,14.87,0.2,0.06,0.33,2.65,14.87,25.0,-40.5
2025-05-06 18:43:00,M0038,OP0007,T00094,,,2.97,14.87,0.2,0.06,0.33,2.65,14.87,25.0,-40.5
2025-05-06 18:55:00,M0038,OP0007,T00094,,,2.97,14.87,0.2,0.07,0.33,2.65,14.87,25.0,-40.5
2025-05-06 19:07:00,M0038,OP0007,T00094,,,2.97,14.87,0.2,0.04,0.33,2.65,14.87,25.0,-40.5
2025-05-06 19:19:00,M0038,OP0007,T00094,,,2.97,14.87,0.2,0.04,0.33,2.65,14.87,25.0,-40.5
2025-05-06 19:31:00,M0038,OP0007,T00094,,,2.97,14.87,0.2,0.04,0.33,2.65,14.87,25.0,-40.5
2025-05-06 19:43:00,M0038,OP0007,T00094,,,2.97,14.87,0.2,0.04,0.33,2.65,14.87,25.0,-40.5
2025-01-21 14:04:00,M0029,OP0021,T00095,445.5,,3.53,17.67,0.2,0.05,0.3,3.24,17.67,25.0,-29.3
2025-01-21 14:16:00,M0029,OP0021,T00095,,,3.53,17.67,0.2,0.05,0.3,3.24,17.67,25.0,-29.3
2025-01-21 14:28:00,M0029,OP0021,T00095,,,3.53,17.67,0.2,0.05,0.3,3.24,17.67,25.0,-29.3
2025-01-21 14:40:00,M0029,OP0021,T00095,,,3.53,17.67,0.2,0.04,0.3,3.24,17.67,25.0,-29.3
2025-01-21 14:52:00,M0029,OP0021,T00095,,,3.53,17.67,0.2,0.04,0.3,3.24,17.67,25.0,-29.3
2025-01-21 15:04:00,M0029,OP0021,T00095,,,3.53,17.67,0.2,0.05,0.3,3.24,17.67,25.0,-29.3
2025-01-21 15:16:00,M0029,OP0021,T00095,,,3.53,17.67,0.2,0.05,0.3,3.24,17.67,25.0,-29.3
2025-01-21 15:28:00,M0029,OP0021,T00095,,,3.53,17.67,0.2,0.05,0.3,3.24,17.67,25.0,-29.3
2025-01-21 15:40:00,M0029,OP0021,T00095,,,3.53,17.67,0.2,0.03,0.3,3.24,17.67,25.0,-29.3
2025-01-21 15:52:00,M0029,OP0021,T00095,,,3.53,17.67,0.2,0.04,0.3,3.24,17.67,25.0,-29.3
2025-01-21 16:04:00,M0029,OP0021,T00095,,,3.53,17.67,0.2,0.04,0.3,3.24,17.67,25.0,-29.3
2025-01-21 16:16:00,M0029,OP0021,T00095,,,3.53,17.67,0.2,0.03,0.3,3.24,17.67,25.0,-29.3
2025-01-21 16:28:00,M0029,OP0021,T00095,,,3.53,17.67,0.2,0.04,0.3,3.24,17.67,25.0,-29.3
2025-01-21 16:40:00,M0029,OP0021,T00095,,,3.53,17.67,0.2,0.05,0.3,3.24,17.67,25.0,-29.3
2025-01-21 16:52:00,M0029,OP0021,T00095,,,3.53,17.67,0.2,0.03,0.3,3.24,17.67,25.0,-29.3
2025-01-21 17:04:00,M0029,OP0021,T00095,,,3.53,17.67,0.2,0.03,0.3,3.24,17.67,25.0,-29.3
2025-01-21 17:16:00,M0029,OP0021,T00095,,,3.53,17.67,0.2,0.04,0.3,3.24,17.67,25.0,-29.3
2025-01-21 17:28:00,M0029,OP0021,T00095,,,3.53,17.67,0.2,0.05,0.3,3.24,17.67,25.0,-29.3
2025-01-21 17:40:00,M0029,OP0021,T00095,,,3.53,17.67,0.2,0.04,0.3,3.24,17.67,25.0,-29.3
2025-01-21 17:52:00,M0029,OP0021,T00095,,,3.53,17.67,0.2,0.05,0.3,3.24,17.67,25.0,-29.3
2025-06-20 13:23:00,M0036,OP0010,T00097,651.0,,3.86,19.3,0.2,0.03,0.35,3.51,19.3,25.0,-22.8
2025-06-20 13:35:00,M0036,OP0010,T00097,,,3.86,19.3,0.2,0.02,0.35,3.51,19.3,25.0,-22.8
2025-06-20 13:47:00,M0036,OP0010,T00097,,,3.86,19.3,0.2,0.02,0.35,3.51,19.3,25.0,-22.8
2025-06-20 13:59:00,M0036,OP0010,T00097,,,3.86,19.3,0.2,0.02,0.35,3.51,19.3,25.0,-22.8
2025-06-20 14:11:00,M0036,OP0010,T00097,,,3.86,19.3,0.2,0.02,0.35,3.51,19.3,25.0,-22.8
2025-06-20 14:23:00,M0036,OP0010,T00097,,,3.86,19.3,0.2,0.03,0.35,3.51,19.3,25.0,-22.8
2025-06-20 14:35:00,M0036,OP0010,T00097,,,3.86,19.3,0.2,0.03,0.35,3.51,19.3,25.0,-22.8
2025-06-20 14:47:00,M0036,OP0010,T00097,,,3.86,19.3,0.2,0.03,0.35,3.51,19.3,25.0,-22.8
2025-06-20 14:59:00,M0036,OP0010,T00097,,,3.86,19.3,0.2,0.02,0.35,3.51,19.3,25.0,-22.8
2025-06-20 15:11:00,M0036,OP0010,T00097,,,3.86,19.3,0.2,0.03,0.35,3.51,19.3,25.0,-22.8
2025-06-20 15:23:00,M0036,OP0010,T00097,,,3.86,19.3,0.2,0.02,0.35,3.51,19.3,25.0,-22.8
2025-06-20 15:35:00,M0036,OP0010,T00097,,,3.86,19.3,0.2,0.03,0.35,3.51,19.3,25.0,-22.8
2025-06-20 15:47:00,M0036,OP0010,T00097,,,3.86,19.3,0.2,0.03,0.35,3.51,19.3,25.0,-22.8
2025-06-20 15:59:00,M0036,OP0010,T00097,,,3.86,19.3,0.2,0.02,0.35,3.51,19.3,25.0,-22.8
2025-06-20 16:11:00,M0036,OP0010,T00097,,,3.86,19.3,0.2,0.03,0.35,3.51,19.3,25.0,-22.8
2025-06-20 16:23:00,M0036,OP0010,T00097,,,3.86,19.3,0.2,0.03,0.35,3.51,19.3,25.0,-22.8
2025-06-20 16:35:00,M0036,OP0010,T00097,,,3.86,19.3,0.2,0.03,0.35,3.51,19.3,25.0,-22.8
2025-06-20 16:47:00,M0036,OP0010,T00097,,,3.86,19.3,0.2,0.02,0.35,3.51,19.3,25.0,-22.8
2025-06-20 16:59:00,M0036,OP0010,T00097,,,3.86,19.3,0.2,0.02,0.35,3.51,19.3,25.0,-22.8
2025-06-20 17:11:00,M0036,OP0010,T00097,,,3.86,19.3,0.2,0.03,0.35,3.51,19.3,25.0,-22.8
2025-06-07 07:34:00,M0003,OP0031,T00098,586.9,,4.5,22.48,0.2,0.01,0.14,4.36,22.48,25.0,-10.1
2025-06-07 07:46:00,M0003,OP0031,T00098,,,4.5,22.48,0.2,0.01,0.14,4.36,22.48,25.0,-10.1
2025-06-07 07:58:00,M0003,OP0031,T00098,,,4.5,22.48,0.2,0.01,0.14,4.36,22.48,25.0,-10.1
2025-06-07 08:10:00,M0003,OP0031,T00098,,,4.5,22.48,0.2,0.01,0.14,4.36,22.48,25.0,-10.1
2025-06-07 08:22:00,M0003,OP0031,T00098,,,4.5,22.48,0.2,0.01,0.14,4.36,22.48,25.0,-10.1
2025-06-07 08:34:00,M0003,OP0031,T00098,,,4.5,22.48,0.2,0.01,0.14,4.36,22.48,25.0,-10.1
2025-06-07 08:46:00,M0003,OP0031,T00098,,,4.5,22.48,0.2,0.01,0.14,4.36,22.48,25.0,-10.1
2025-06-07 08:58:00,M0003,OP0031,T00098,,,4.5,22.48,0.2,0.01,0.14,4.36,22.48,25.0,-10.1
2025-06-07 09:10:00,M0003,OP0031,T00098,,,4.5,22.48,0.2,0.01,0.14,4.36,22.48,25.0,-10.1
2025-06-07 09:22:00,M0003,OP0031,T00098,,,4.5,22.48,0.2,0.01,0.14,4.36,22.48,25.0,-10.1
2025-06-07 09:34:00,M0003,OP0031,T00098,,,4.5,22.48,0.2,0.01,0.14,4.36,22.48,25.0,-10.1
2025-06-07 09:46:00,M0003,OP0031,T00098,,,4.5,22.48,0.2,0.01,0.14,4.36,22.48,25.0,-10.1
2025-06-07 09:58:00,M0003,OP0031,T00098,,,4.5,22.48,0.2,0.01,0.14,4.36,22.48,25.0,-10.1
2025-06-07 10:10:00,M0003,OP0031,T00098,,,4.5,22.48,0.2,0.01,0.14,4.36,22.48,25.0,-10.1
2025-06-07 10:22:00,M0003,OP0031,T00098,,,4.5,22.48,0.2,0.01,0.14,4.36,22.48,25.0,-10.1
2025-06-07 10:34:00,M0003,OP0031,T00098,,,4.5,22.48,0.2,0.01,0.14,4.36,22.48,25.0,-10.1
2025-06-07 10:46:00,M0003,OP0031,T00098,,,4.5,22.48,0.2,0.01,0.14,4.36,22.48,25.0,-10.1
2025-06-07 10:58:00,M0003,OP0031,T00098,,,4.5,22.48,0.2,0.01,0.14,4.36,22.48,25.0,-10.1
2025-06-07 11:10:00,M0003,OP0031,T00098,,,4.5,22.48,0.2,0.01,0.14,4.36,22.48,25.0,-10.1
2025-06-07 11:22:00,M0003,OP0031,T00098,,,4.5,22.48,0.2,0.01,0.14,4.36,22.48,25.0,-10.1
2025-07-29 08:57:00,M0040,OP0014,T00099,395.2,,3.25,16.23,0.2,0.04,0.07,3.18,16.23,19.5,-16.8
2025-07-29 09:09:00,M0040,OP0014,T00099,,,3.25,16.23,0.2,0.04,0.07,3.18,16.23,19.5,-16.8
2025-07-29 09:21:00,M0040,OP0014,T00099,,,3.25,16.23,0.2,0.04,0.07,3.18,16.23,19.5,-16.8
2025-07-29 09:33:00,M0040,OP0014,T00099,,,3.25,16.23,0.2,0.03,0.07,3.18,16.23,19.5,-16.8
2025-07-29 09:45:00,M0040,OP0014,T00099,,,3.25,16.23,0.2,0.03,0.07,3.18,16.23,19.5,-16.8
2025-07-29 09:57:00,M0040,OP0014,T00099,,,3.25,16.23,0.2,0.05,0.07,3.18,16.23,19.5,-16.8
2025-07-29 10:09:00,M0040,OP0014,T00099,,,3.25,16.23,0.2,0.04,0.07,3.18,16.23,19.5,-16.8
2025-07-29 10:21:00,M0040,OP0014,T00099,,,3.25,16.23,0.2,0.04,0.07,3.18,16.23,19.5,-16.8
2025-07-29 10:33:00,M0040,OP0014,T00099,,,3.25,16.23,0.2,0.04,0.07,3.18,16.23,19.5,-16.8
2025-07-29 10:45:00,M0040,OP0014,T00099,,,3.25,16.23,0.2,0.04,0.07,3.18,16.23,19.5,-16.8
2025-07-29 10:57:00,M0040,OP0014,T00099,,,3.25,16.23,0.2,0.03,0.07,3.18,16.23,19.5,-16.8
2025-07-29 11:09:00,M0040,OP0014,T00099,,,3.25,16.23,0.2,0.04,0.07,3.18,16.23,19.5,-16.8
2025-07-29 11:21:00,M0040,OP0014,T00099,,,3.25,16.23,0.2,0.05,0.07,3.18,16.23,19.5,-16.8
2025-07-29 11:33:00,M0040,OP0014,T00099,,,3.25,16.23,0.2,0.03,0.07,3.18,16.23,19.5,-16.8
2025-07-29 11:45:00,M0040,OP0014,T00099,,,3.25,16.23,0.2,0.04,0.07,3.18,16.23,19.5,-16.8
2025-07-29 11:57:00,M0040,OP0014,T00099,,,3.25,16.23,0.2,0.03,0.07,3.18,16.23,19.5,-16.8
2025-07-29 12:09:00,M0040,OP0014,T00099,,,1.89,16.23,0.12,0.02,0.04,1.85,16.23,19.5,-16.8
2025-01-10 13:17:00,M0034,OP0011,T00100,466.6,,2.99,14.97,0.2,0.03,0.16,2.84,14.97,20.0,-25.1
2025-01-10 13:29:00,M0034,OP0011,T00100,,,2.99,14.97,0.2,0.03,0.16,2.84,14.97,20.0,-25.1
2025-01-10 13:41:00,M0034,OP0011,T00100,,,2.99,14.97,0.2,0.03,0.16,2.84,14.97,20.0,-25.1
2025-01-10 13:53:00,M0034,OP0011,T00100,,,2.99,14.97,0.2,0.05,0.16,2.84,14.97,20.0,-25.1
2025-01-10 14:05:00,M0034,OP0011,T00100,,,2.99,14.97,0.2,0.03,0.16,2.84,14.97,20.0,-25.1
2025-01-10 14:17:00,M0034,OP0011,T00100,,,2.99,14.97,0.2,0.04,0.16,2.84,14.97,20.0,-25.1
2025-01-10 14:29:00,M0034,OP0011,T00100,,,2.99,14.97,0.2,0.03,0.16,2.84,14.97,20.0,-25.1
2025-01-10 14:41:00,M0034,OP0011,T00100,,,2.99,14.97,0.2,0.04,0.16,2.84,14.97,20.0,-25.1
2025-01-10 14:53:00,M0034,OP0011,T00100,,,2.99,14.97,0.2,0.04,0.16,2.84,14.97,20.0,-25.1
2025-01-10 15:05:00,M0034,OP0011,T00100,,,2.99,14.97,0.2,0.04,0.16,2.84,14.97,20.0,-25.1
2025-01-10 15:17:00,M0034,OP0011,T00100,,,2.99,14.97,0.2,0.03,0.16,2.84,14.97,20.0,-25.1
2025-01-10 15:29:00,M0034,OP0011,T00100,,,2.99,14.97,0.2,0.03,0.16,2.84,14.97,20.0,-25.1
2025-01-10 15:41:00,M0034,OP0011,T00100,,,2.99,14.97,0.2,0.05,0.16,2.84,14.97,20.0,-25.1
2025-01-10 15:53:00,M0034,OP0011,T00100,,,2.99,14.97,0.2,0.03,0.16,2.84,14.97,20.0,-25.1
2025-01-10 16:05:00,M0034,OP0011,T00100,,,2.99,14.97,0.2,0.04,0.16,2.84,14.97,20.0,-25.1
2025-01-10 16:17:00,M0034,OP0011,T00100,,,2.99,14.97,0.2,0.05,0.16,2.84,14.97,20.0,-25.1
2025-01-10 16:29:00,M0034,OP0011,T00100,,,2.99,14.97,0.2,0.04,0.16,2.84,14.97,20.0,-25.1
2025-01-10 16:41:00,M0034,OP0011,T00100,,,2.99,14.97,0.2,0.04,0.16,2.84,14.97,20.0,-25.1
2025-01-10 16:53:00,M0034,OP0011,T00100,,,2.99,14.97,0.2,0.05,0.16,2.84,14.97,20.0,-25.1
2025-01-10 17:05:00,M0034,OP0011,T00100,,,2.99,14.97,0.2,0.03,0.16,2.84,14.97,20.0,-25.1
2025-07-06 11:36:00,M0033,OP0009,T00101,375.1,,2.34,11.72,0.2,0.05,0.1,2.24,11.72,14.5,-19.1
2025-07-06 11:48:00,M0033,OP0009,T00101,,,2.34,11.72,0.2,0.07,0.1,2.24,11.72,14.5,-19.1
2025-07-06 12:00:00,M0033,OP0009,T00101,,,2.34,11.72,0.2,0.05,0.1,2.24,11.72,14.5,-19.1
2025-07-06 12:12:00,M0033,OP0009,T00101,,,2.34,11.72,0.2,0.07,0.1,2.24,11.72,14.5,-19.1
2025-07-06 12:24:00,M0033,OP0009,T00101,,,2.34,11.72,0.2,0.07,0.1,2.24,11.72,14.5,-19.1
2025-07-06 12:36:00,M0033,OP0009,T00101,,,1.37,11.72,0.12,0.04,0.06,1.31,11.72,14.5,-19.1
2025-08-07 11:05:00,M0042,OP0034,T00102,445.1,,3.8,19.0,0.2,0.04,0.12,3.68,19.0,25.0,-24.0
2025-08-07 11:17:00,M0042,OP0034,T00102,,,3.8,19.0,0.2,0.03,0.12,3.68,19.0,25.0,-24.0
2025-08-07 11:29:00,M0042,OP0034,T00102,,,3.8,19.0,0.2,0.03,0.12,3.68,19.0,25.0,-24.0
2025-08-07 11:41:00,M0042,OP0034,T00102,,,3.8,19.0,0.2,0.04,0.12,3.68,19.0,25.0,-24.0
2025-08-07 11:53:00,M0042,OP0034,T00102,,,3.8,19.0,0.2,0.04,0.12,3.68,19.0,25.0,-24.0
2025-08-07 12:05:00,M0042,OP0034,T00102,,,3.8,19.0,0.2,0.04,0.12,3.68,19.0,25.0,-24.0
2025-08-07 12:17:00,M0042,OP0034,T00102,,,3.8,19.0,0.2,0.04,0.12,3.68,19.0,25.0,-24.0
2025-08-07 12:29:00,M0042,OP0034,T00102,,,3.8,19.0,0.2,0.03,0.12,3.68,19.0,25.0,-24.0
2025-08-07 12:41:00,M0042,OP0034,T00102,,,3.8,19.0,0.2,0.03,0.12,3.68,19.0,25.0,-24.0
2025-08-07 12:53:00,M0042,OP0034,T00102,,,3.8,19.0,0.2,0.04,0.12,3.68,19.0,25.0,-24.0
2025-08-07 13:05:00,M0042,OP0034,T00102,,,3.8,19.0,0.2,0.05,0.12,3.68,19.0,25.0,-24.0
2025-08-07 13:17:00,M0042,OP0034,T00102,,,3.8,19.0,0.2,0.05,0.12,3.68,19.0,25.0,-24.0
2025-08-07 13:29:00,M0042,OP0034,T00102,,,3.8,19.0,0.2,0.04,0.12,3.68,19.0,25.0,-24.0
2025-08-07 13:41:00,M0042,OP0034,T00102,,,3.8,19.0,0.2,0.04,0.12,3.68,19.0,25.0,-24.0
2025-08-07 13:53:00,M0042,OP0034,T00102,,,3.8,19.0,0.2,0.04,0.12,3.68,19.0,25.0,-24.0
2025-08-07 14:05:00,M0042,OP0034,T00102,,,3.8,19.0,0.2,0.04,0.12,3.68,19.0,25.0,-24.0
2025-08-07 14:17:00,M0042,OP0034,T00102,,,3.8,19.0,0.2,0.04,0.12,3.68,19.0,25.0,-24.0
2025-08-07 14:29:00,M0042,OP0034,T00102,,,3.8,19.0,0.2,0.05,0.12,3.68,19.0,25.0,-24.0
2025-08-07 14:41:00,M0042,OP0034,T00102,,,3.8,19.0,0.2,0.04,0.12,3.68,19.0,25.0,-24.0
2025-08-07 14:53:00,M0042,OP0034,T00102,,,3.8,19.0,0.2,0.03,0.12,3.68,19.0,25.0,-24.0
2025-05-11 09:32:00,M0010,OP0015,T00103,400.9,,3.36,16.79,0.2,0.04,0.25,3.1,16.79,28.0,-40.0
2025-05-11 09:44:00,M0010,OP0015,T00103,,,3.36,16.79,0.2,0.04,0.25,3.1,16.79,28.0,-40.0
2025-05-11 09:56:00,M0010,OP0015,T00103,,,3.36,16.79,0.2,0.04,0.25,3.1,16.79,28.0,-40.0
2025-05-11 10:08:00,M0010,OP0015,T00103,,,3.36,16.79,0.2,0.04,0.25,3.1,16.79,28.0,-40.0
2025-05-11 10:20:00,M0010,OP0015,T00103,,,3.36,16.79,0.2,0.04,0.25,3.1,16.79,28.0,-40.0
2025-05-11 10:32:00,M0010,OP0015,T00103,,,3.36,16.79,0.2,0.06,0.25,3.1,16.79,28.0,-40.0
2025-05-11 10:44:00,M0010,OP0015,T00103,,,3.36,16.79,0.2,0.04,0.25,3.1,16.79,28.0,-40.0
2025-05-11 10:56:00,M0010,OP0015,T00103,,,3.36,16.79,0.2,0.04,0.25,3.1,16.79,28.0,-40.0
2025-05-11 11:08:00,M0010,OP0015,T00103,,,3.36,16.79,0.2,0.05,0.25,3.1,16.79,28.0,-40.0
2025-05-11 11:20:00,M0010,OP0015,T00103,,,3.36,16.79,0.2,0.05,0.25,3.1,16.79,28.0,-40.0
2025-05-11 11:32:00,M0010,OP0015,T00103,,,3.36,16.79,0.2,0.06,0.25,3.1,16.79,28.0,-40.0
2025-05-11 11:44:00,M0010,OP0015,T00103,,,3.36,16.79,0.2,0.06,0.25,3.1,16.79,28.0,-40.0
2025-05-11 11:56:00,M0010,OP0015,T00103,,,3.36,16.79,0.2,0.04,0.25,3.1,16.79,28.0,-40.0
2025-05-11 12:08:00,M0010,OP0015,T00103,,,3.36,16.79,0.2,0.03,0.25,3.1,16.79,28.0,-40.0
2025-05-11 12:20:00,M0010,OP0015,T00103,,,3.36,16.79,0.2,0.04,0.25,3.1,16.79,28.0,-40.0
2025-05-11 12:32:00,M0010,OP0015,T00103,,,3.36,16.79,0.2,0.04,0.25,3.1,16.79,28.0,-40.0
2025-05-11 12:44:00,M0010,OP0015,T00103,,,3.36,16.79,0.2,0.05,0.25,3.1,16.79,28.0,-40.0
2025-05-11 12:56:00,M0010,OP0015,T00103,,,3.36,16.79,0.2,0.04,0.25,3.1,16.79,28.0,-40.0
2025-05-11 13:08:00,M0010,OP0015,T00103,,,3.36,16.79,0.2,0.04,0.25,3.1,16.79,28.0,-40.0
2025-05-11 13:20:00,M0010,OP0015,T00103,,,3.36,16.79,0.2,0.05,0.25,3.1,16.79,28.0,-40.0
2025-09-07 06:43:00,M0015,OP0005,T00104,332.4,,2.86,14.31,0.2,0.04,0.29,2.57,14.31,20.0,-28.5
2025-09-07 06:55:00,M0015,OP0005,T00104,,,2.86,14.31,0.2,0.05,0.29,2.57,14.31,20.0,-28.5
2025-09-07 07:07:00,M0015,OP0005,T00104,,,2.86,14.31,0.2,0.03,0.29,2.57,14.31,20.0,-28.5
2025-09-07 07:19:00,M0015,OP0005,T00104,,,2.86,14.31,0.2,0.03,0.29,2.57,14.31,20.0,-28.5
2025-09-07 07:31:00,M0015,OP0005,T00104,,,2.86,14.31,0.2,0.04,0.29,2.57,14.31,20.0,-28.5
2025-09-07 07:43:00,M0015,OP0005,T00104,,,2.38,14.31,0.17,0.04,0.24,2.14,14.31,20.0,-28.5
2025-02-21 07:20:00,M0015,OP0045,T00106,324.2,,3.04,15.18,0.2,0.08,0.36,2.68,15.18,20.0,-24.1
2025-02-21 07:32:00,M0015,OP0045,T00106,,,3.04,15.18,0.2,0.06,0.36,2.68,15.18,20.0,-24.1
2025-02-21 07:44:00,M0015,OP0045,T00106,,,3.04,15.18,0.2,0.06,0.36,2.68,15.18,20.0,-24.1
2025-02-21 07:56:00,M0015,OP0045,T00106,,,3.04,15.18,0.2,0.05,0.36,2.68,15.18,20.0,-24.1
2025-02-21 08:08:00,M0015,OP0045,T00106,,,2.78,15.18,0.18,0.06,0.33,2.45,15.18,20.0,-24.1
2025-08-31 13:48:00,M0003,OP0038,T00108,787.1,,3.25,16.24,0.2,0.04,0.3,2.95,16.24,25.0,-35.0
2025-08-31 14:00:00,M0003,OP0038,T00108,,,3.25,16.24,0.2,0.05,0.3,2.95,16.24,25.0,-35.0
2025-08-31 14:12:00,M0003,OP0038,T00108,,,3.25,16.24,0.2,0.04,0.3,2.95,16.24,25.0,-35.0
2025-08-31 14:24:00,M0003,OP0038,T00108,,,3.25,16.24,0.2,0.06,0.3,2.95,16.24,25.0,-35.0
2025-08-31 14:36:00,M0003,OP0038,T00108,,,3.25,16.24,0.2,0.05,0.3,2.95,16.24,25.0,-35.0
2025-08-31 14:48:00,M0003,OP0038,T00108,,,3.25,16.24,0.2,0.05,0.3,2.95,16.24,25.0,-35.0
2025-08-31 15:00:00,M0003,OP0038,T00108,,,3.25,16.24,0.2,0.04,0.3,2.95,16.24,25.0,-35.0
2025-08-31 15:12:00,M0003,OP0038,T00108,,,3.25,16.24,0.2,0.05,0.3,2.95,16.24,25.0,-35.0
2025-08-31 15:24:00,M0003,OP0038,T00108,,,3.25,16.24,0.2,0.05,0.3,2.95,16.24,25.0,-35.0
2025-08-31 15:36:00,M0003,OP0038,T00108,,,3.25,16.24,0.2,0.06,0.3,2.95,16.24,25.0,-35.0
2025-08-31 15:48:00,M0003,OP0038,T00108,,,3.25,16.24,0.2,0.06,0.3,2.95,16.24,25.0,-35.0
2025-08-31 16:00:00,M0003,OP0038,T00108,,,3.25,16.24,0.2,0.06,0.3,2.95,16.24,25.0,-35.0
2025-08-31 16:12:00,M0003,OP0038,T00108,,,3.25,16.24,0.2,0.05,0.3,2.95,16.24,25.0,-35.0
2025-08-31 16:24:00,M0003,OP0038,T00108,,,3.25,16.24,0.2,0.04,0.3,2.95,16.24,25.0,-35.0
2025-08-31 16:36:00,M0003,OP0038,T00108,,,3.25,16.24,0.2,0.03,0.3,2.95,16.24,25.0,-35.0
2025-08-31 16:48:00,M0003,OP0038,T00108,,,3.25,16.24,0.2,0.03,0.3,2.95,16.24,25.0,-35.0
2025-08-31 17:00:00,M0003,OP0038,T00108,,,3.25,16.24,0.2,0.05,0.3,2.95,16.24,25.0,-35.0
2025-08-31 17:12:00,M0003,OP0038,T00108,,,3.25,16.24,0.2,0.04,0.3,2.95,16.24,25.0,-35.0
2025-08-31 17:24:00,M0003,OP0038,T00108,,,3.25,16.24,0.2,0.06,0.3,2.95,16.24,25.0,-35.0
2025-08-31 17:36:00,M0003,OP0038,T00108,,,3.25,16.24,0.2,0.05,0.3,2.95,16.24,25.0,-35.0
2025-04-13 13:52:00,M0011,OP0034,T00111,191.6,,1.48,7.42,0.2,0.04,0.07,1.41,7.42,10.5,-29.3
2025-04-13 14:04:00,M0011,OP0034,T00111,,,1.48,7.42,0.2,0.04,0.07,1.41,7.42,10.5,-29.3
2025-04-13 14:16:00,M0011,OP0034,T00111,,,1.48,7.42,0.2,0.04,0.07,1.41,7.42,10.5,-29.3
2025-04-13 14:28:00,M0011,OP0034,T00111,,,1.48,7.42,0.2,0.05,0.07,1.41,7.42,10.5,-29.3
2025-04-13 14:40:00,M0011,OP0034,T00111,,,1.48,7.42,0.2,0.06,0.07,1.41,7.42,10.5,-29.3
2025-04-13 14:52:00,M0011,OP0034,T00111,,,1.48,7.42,0.2,0.06,0.07,1.41,7.42,10.5,-29.3
2025-04-13 15:04:00,M0011,OP0034,T00111,,,1.48,7.42,0.2,0.04,0.07,1.41,7.42,10.5,-29.3
2025-04-13 15:16:00,M0011,OP0034,T00111,,,1.48,7.42,0.2,0.04,0.07,1.41,7.42,10.5,-29.3
2025-04-13 15:28:00,M0011,OP0034,T00111,,,1.48,7.42,0.2,0.04,0.07,1.41,7.42,10.5,-29.3
2025-04-13 15:40:00,M0011,OP0034,T00111,,,1.48,7.42,0.2,0.06,0.07,1.41,7.42,10.5,-29.3
2025-04-13 15:52:00,M0011,OP0034,T00111,,,1.48,7.42,0.2,0.05,0.07,1.41,7.42,10.5,-29.3
2025-04-13 16:04:00,M0011,OP0034,T00111,,,1.48,7.42,0.2,0.04,0.07,1.41,7.42,10.5,-29.3
2025-04-13 16:16:00,M0011,OP0034,T00111,,,1.48,7.42,0.2,0.06,0.07,1.41,7.42,10.5,-29.3
2025-04-13 16:28:00,M0011,OP0034,T00111,,,1.48,7.42,0.2,0.05,0.07,1.41,7.42,10.5,-29.3
2025-04-13 16:40:00,M0011,OP0034,T00111,,,1.48,7.42,0.2,0.06,0.07,1.41,7.42,10.5,-29.3
2025-04-13 16:52:00,M0011,OP0034,T00111,,,1.48,7.42,0.2,0.05,0.07,1.41,7.42,10.5,-29.3
2025-04-13 17:04:00,M0011,OP0034,T00111,,,1.48,7.42,0.2,0.04,0.07,1.41,7.42,10.5,-29.3
2025-04-13 17:16:00,M0011,OP0034,T00111,,,1.48,7.42,0.2,0.05,0.07,1.41,7.42,10.5,-29.3
2025-04-13 17:28:00,M0011,OP0034,T00111,,,1.48,7.42,0.2,0.05,0.07,1.41,7.42,10.5,-29.3
2025-04-13 17:40:00,M0011,OP0034,T00111,,,1.48,7.42,0.2,0.05,0.07,1.41,7.42,10.5,-29.3
2025-02-28 12:55:00,M0038,OP0007,T00112,541.2,,3.71,18.55,0.2,0.04,0.13,3.58,18.55,25.0,-25.8
2025-02-28 13:07:00,M0038,OP0007,T00112,,,3.71,18.55,0.2,0.03,0.13,3.58,18.55,25.0,-25.8
2025-02-28 13:19:00,M0038,OP0007,T00112,,,3.71,18.55,0.2,0.05,0.13,3.58,18.55,25.0,-25.8
2025-02-28 13:31:00,M0038,OP0007,T00112,,,3.71,18.55,0.2,0.03,0.13,3.58,18.55,25.0,-25.8
2025-02-28 13:43:00,M0038,OP0007,T00112,,,3.71,18.55,0.2,0.03,0.13,3.58,18.55,25.0,-25.8
2025-02-28 13:55:00,M0038,OP0007,T00112,,,3.71,18.55,0.2,0.04,0.13,3.58,18.55,25.0,-25.8
2025-02-28 14:07:00,M0038,OP0007,T00112,,,3.71,18.55,0.2,0.04,0.13,3.58,18.55,25.0,-25.8
2025-02-28 14:19:00,M0038,OP0007,T00112,,,3.71,18.55,0.2,0.04,0.13,3.58,18.55,25.0,-25.8
2025-02-28 14:31:00,M0038,OP0007,T00112,,,3.71,18.55,0.2,0.04,0.13,3.58,18.55,25.0,-25.8
2025-02-28 14:43:00,M0038,OP0007,T00112,,,3.71,18.55,0.2,0.05,0.13,3.58,18.55,25.0,-25.8
2025-02-28 14:55:00,M0038,OP0007,T00112,,,3.71,18.55,0.2,0.05,0.13,3.58,18.55,25.0,-25.8
2025-02-28 15:07:00,M0038,OP0007,T00112,,,3.71,18.55,0.2,0.04,0.13,3.58,18.55,25.0,-25.8
2025-02-28 15:19:00,M0038,OP0007,T00112,,,3.71,18.55,0.2,0.03,0.13,3.58,18.55,25.0,-25.8
2025-02-28 15:31:00,M0038,OP0007,T00112,,,3.71,18.55,0.2,0.03,0.13,3.58,18.55,25.0,-25.8
2025-02-28 15:43:00,M0038,OP0007,T00112,,,3.71,18.55,0.2,0.03,0.13,3.58,18.55,25.0,-25.8
2025-02-28 15:55:00,M0038,OP0007,T00112,,,3.71,18.55,0.2,0.04,0.13,3.58,18.55,25.0,-25.8
2025-02-28 16:07:00,M0038,OP0007,T00112,,,3.71,18.55,0.2,0.03,0.13,3.58,18.55,25.0,-25.8
2025-02-28 16:19:00,M0038,OP0007,T00112,,,3.71,18.55,0.2,0.03,0.13,3.58,18.55,25.0,-25.8
2025-02-28 16:31:00,M0038,OP0007,T00112,,,3.71,18.55,0.2,0.03,0.13,3.58,18.55,25.0,-25.8
2025-02-28 16:43:00,M0038,OP0007,T00112,,,3.71,18.55,0.2,0.04,0.13,3.58,18.55,25.0,-25.8
2025-07-06 12:40:00,M0009,OP0033,T00114,241.2,,2.78,13.91,0.2,0.03,0.16,2.63,13.91,20.0,-30.4
2025-07-06 12:52:00,M0009,OP0033,T00114,,,2.78,13.91,0.2,0.03,0.16,2.63,13.91,20.0,-30.4
2025-07-06 13:04:00,M0009,OP0033,T00114,,,2.78,13.91,0.2,0.03,0.16,2.63,13.91,20.0,-30.4
2025-07-06 13:16:00,M0009,OP0033,T00114,,,2.78,13.91,0.2,0.02,0.16,2.63,13.91,20.0,-30.4
2025-07-06 13:28:00,M0009,OP0033,T00114,,,2.78,13.91,0.2,0.02,0.16,2.63,13.91,20.0,-30.4
2025-07-06 13:40:00,M0009,OP0033,T00114,,,2.78,13.91,0.2,0.02,0.16,2.63,13.91,20.0,-30.4
2025-07-06 13:52:00,M0009,OP0033,T00114,,,2.78,13.91,0.2,0.03,0.16,2.63,13.91,20.0,-30.4
2025-07-06 14:04:00,M0009,OP0033,T00114,,,2.78,13.91,0.2,0.03,0.16,2.63,13.91,20.0,-30.4
2025-07-06 14:16:00,M0009,OP0033,T00114,,,2.78,13.91,0.2,0.03,0.16,2.63,13.91,20.0,-30.4
2025-07-06 14:28:00,M0009,OP0033,T00114,,,2.78,13.91,0.2,0.02,0.16,2.63,13.91,20.0,-30.4
2025-07-06 14:40:00,M0009,OP0033,T00114,,,2.78,13.91,0.2,0.03,0.16,2.63,13.91,20.0,-30.4
2025-07-06 14:52:00,M0009,OP0033,T00114,,,2.78,13.91,0.2,0.02,0.16,2.63,13.91,20.0,-30.4
2025-07-06 15:04:00,M0009,OP0033,T00114,,,2.78,13.91,0.2,0.02,0.16,2.63,13.91,20.0,-30.4
2025-07-06 15:16:00,M0009,OP0033,T00114,,,2.78,13.91,0.2,0.03,0.16,2.63,13.91,20.0,-30.4
2025-07-06 15:28:00,M0009,OP0033,T00114,,,2.78,13.91,0.2,0.02,0.16,2.63,13.91,20.0,-30.4
2025-07-06 15:40:00,M0009,OP0033,T00114,,,2.78,13.91,0.2,0.02,0.16,2.63,13.91,20.0,-30.4
2025-07-06 15:52:00,M0009,OP0033,T00114,,,2.78,13.91,0.2,0.02,0.16,2.63,13.91,20.0,-30.4
2025-07-06 16:04:00,M0009,OP0033,T00114,,,2.78,13.91,0.2,0.02,0.16,2.63,13.91,20.0,-30.4
2025-07-06 16:16:00,M0009,OP0033,T00114,,,2.78,13.91,0.2,0.02,0.16,2.63,13.91,20.0,-30.4
2025-07-06 16:28:00,M0009,OP0033,T00114,,,2.78,13.91,0.2,0.03,0.16,2.63,13.91,20.0,-30.4
2025-02-10 07:33:00,M0018,OP0013,T00115,504.5,,3.1,15.52,0.2,0.02,0.17,2.93,15.52,20.0,-22.4
2025-02-10 07:45:00,M0018,OP0013,T00115,,,3.1,15.52,0.2,0.02,0.17,2.93,15.52,20.0,-22.4
2025-02-10 07:57:00,M0018,OP0013,T00115,,,3.1,15.52,0.2,0.02,0.17,2.93,15.52,20.0,-22.4
2025-02-10 08:09:00,M0018,OP0013,T00115,,,3.1,15.52,0.2,0.02,0.17,2.93,15.52,20.0,-22.4
2025-02-10 08:21:00,M0018,OP0013,T00115,,,3.1,15.52,0.2,0.02,0.17,2.93,15.52,20.0,-22.4
2025-02-10 08:33:00,M0018,OP0013,T00115,,,3.1,15.52,0.2,0.02,0.17,2.93,15.52,20.0,-22.4
2025-02-10 08:45:00,M0018,OP0013,T00115,,,3.1,15.52,0.2,0.01,0.17,2.93,15.52,20.0,-22.4
2025-02-10 08:57:00,M0018,OP0013,T00115,,,3.1,15.52,0.2,0.02,0.17,2.93,15.52,20.0,-22.4
2025-02-10 09:09:00,M0018,OP0013,T00115,,,3.1,15.52,0.2,0.02,0.17,2.93,15.52,20.0,-22.4
2025-02-10 09:21:00,M0018,OP0013,T00115,,,3.1,15.52,0.2,0.02,0.17,2.93,15.52,20.0,-22.4
2025-02-10 09:33:00,M0018,OP0013,T00115,,,3.1,15.52,0.2,0.01,0.17,2.93,15.52,20.0,-22.4
2025-02-10 09:45:00,M0018,OP0013,T00115,,,3.1,15.52,0.2,0.01,0.17,2.93,15.52,20.0,-22.4
2025-02-10 09:57:00,M0018,OP0013,T00115,,,3.1,15.52,0.2,0.02,0.17,2.93,15.52,20.0,-22.4
2025-02-10 10:09:00,M0018,OP0013,T00115,,,3.1,15.52,0.2,0.02,0.17,2.93,15.52,20.0,-22.4
2025-02-10 10:21:00,M0018,OP0013,T00115,,,3.1,15.52,0.2,0.02,0.17,2.93,15.52,20.0,-22.4
2025-02-10 10:33:00,M0018,OP0013,T00115,,,0.26,15.52,0.02,0.0,0.01,0.24,15.52,20.0,-22.4
2025-07-10 09:50:00,M0011,OP0010,T00117,103.1,,1.83,9.15,0.2,0.02,0.1,1.73,9.15,10.5,-12.9
2025-07-10 10:02:00,M0011,OP0010,T00117,,,1.83,9.15,0.2,0.03,0.1,1.73,9.15,10.5,-12.9
2025-07-10 10:14:00,M0011,OP0010,T00117,,,1.83,9.15,0.2,0.02,0.1,1.73,9.15,10.5,-12.9
2025-07-10 10:26:00,M0011,OP0010,T00117,,,1.83,9.15,0.2,0.03,0.1,1.73,9.15,10.5,-12.9
2025-07-10 10:38:00,M0011,OP0010,T00117,,,1.83,9.15,0.2,0.03,0.1,1.73,9.15,10.5,-12.9
2025-07-10 10:50:00,M0011,OP0010,T00117,,,1.83,9.15,0.2,0.02,0.1,1.73,9.15,10.5,-12.9
2025-07-10 11:02:00,M0011,OP0010,T00117,,,1.83,9.15,0.2,0.02,0.1,1.73,9.15,10.5,-12.9
2025-07-10 11:14:00,M0011,OP0010,T00117,,,1.83,9.15,0.2,0.02,0.1,1.73,9.15,10.5,-12.9
2025-07-10 11:26:00,M0011,OP0010,T00117,,,1.83,9.15,0.2,0.03,0.1,1.73,9.15,10.5,-12.9
2025-07-10 11:38:00,M0011,OP0010,T00117,,,1.83,9.15,0.2,0.03,0.1,1.73,9.15,10.5,-12.9
2025-07-10 11:50:00,M0011,OP0010,T00117,,,1.83,9.15,0.2,0.03,0.1,1.73,9.15,10.5,-12.9
2025-07-10 12:02:00,M0011,OP0010,T00117,,,1.83,9.15,0.2,0.02,0.1,1.73,9.15,10.5,-12.9
2025-07-10 12:14:00,M0011,OP0010,T00117,,,1.83,9.15,0.2,0.02,0.1,1.73,9.15,10.5,-12.9
2025-07-10 12:26:00,M0011,OP0010,T00117,,,1.83,9.15,0.2,0.02,0.1,1.73,9.15,10.5,-12.9
2025-07-10 12:38:00,M0011,OP0010,T00117,,,1.83,9.15,0.2,0.02,0.1,1.73,9.15,10.5,-12.9
2025-07-10 12:50:00,M0011,OP0010,T00117,,,1.83,9.15,0.2,0.02,0.1,1.73,9.15,10.5,-12.9
2025-07-10 13:02:00,M0011,OP0010,T00117,,,1.83,9.15,0.2,0.03,0.1,1.73,9.15,10.5,-12.9
2025-07-10 13:14:00,M0011,OP0010,T00117,,,0.15,9.15,0.02,0.0,0.01,0.14,9.15,10.5,-12.9
2025-02-08 06:21:00,M0012,OP0027,T00118,343.0,,3.31,16.55,0.2,0.05,0.34,2.97,16.55,28.0,-40.9
2025-02-08 06:33:00,M0012,OP0027,T00118,,,3.31,16.55,0.2,0.08,0.34,2.97,16.55,28.0,-40.9
2025-02-08 06:45:00,M0012,OP0027,T00118,,,3.31,16.55,0.2,0.06,0.34,2.97,16.55,28.0,-40.9
2025-02-08 06:57:00,M0012,OP0027,T00118,,,3.31,16.55,0.2,0.06,0.34,2.97,16.55,28.0,-40.9
2025-02-08 07:09:00,M0012,OP0027,T00118,,,3.31,16.55,0.2,0.06,0.34,2.97,16.55,28.0,-40.9
2025-02-08 07:21:00,M0012,OP0027,T00118,,,3.31,16.55,0.2,0.08,0.34,2.97,16.55,28.0,-40.9
2025-02-08 07:33:00,M0012,OP0027,T00118,,,3.31,16.55,0.2,0.08,0.34,2.97,16.55,28.0,-40.9
2025-02-08 07:45:00,M0012,OP0027,T00118,,,3.31,16.55,0.2,0.06,0.34,2.97,16.55,28.0,-40.9
2025-02-08 07:57:00,M0012,OP0027,T00118,,,3.31,16.55,0.2,0.08,0.34,2.97,16.55,28.0,-40.9
2025-02-08 08:09:00,M0012,OP0027,T00118,,,3.31,16.55,0.2,0.06,0.34,2.97,16.55,28.0,-40.9
2025-02-08 08:21:00,M0012,OP0027,T00118,,,3.31,16.55,0.2,0.05,0.34,2.97,16.55,28.0,-40.9
2025-02-08 08:33:00,M0012,OP0027,T00118,,,3.31,16.55,0.2,0.05,0.34,2.97,16.55,28.0,-40.9
2025-02-08 08:45:00,M0012,OP0027,T00118,,,3.31,16.55,0.2,0.05,0.34,2.97,16.55,28.0,-40.9
2025-02-08 08:57:00,M0012,OP0027,T00118,,,3.31,16.55,0.2,0.07,0.34,2.97,16.55,28.0,-40.9
2025-02-08 09:09:00,M0012,OP0027,T00118,,,3.31,16.55,0.2,0.09,0.34,2.97,16.55,28.0,-40.9
2025-02-08 09:21:00,M0012,OP0027,T00118,,,3.31,16.55,0.2,0.06,0.34,2.97,16.55,28.0,-40.9
2025-02-08 09:33:00,M0012,OP0027,T00118,,,3.31,16.55,0.2,0.08,0.34,2.97,16.55,28.0,-40.9
2025-02-08 09:45:00,M0012,OP0027,T00118,,,3.31,16.55,0.2,0.07,0.34,2.97,16.55,28.0,-40.9
2025-02-08 09:57:00,M0012,OP0027,T00118,,,3.31,16.55,0.2,0.07,0.34,2.97,16.55,28.0,-40.9
2025-02-08 10:09:00,M0012,OP0027,T00118,,,3.31,16.55,0.2,0.08,0.34,2.97,16.55,28.0,-40.9
2025-05-15 14:33:00,M0019,OP0004,T00119,106.1,,1.83,9.15,0.2,0.03,0.08,1.75,9.15,10.5,-12.8
2025-05-15 14:45:00,M0019,OP0004,T00119,,,1.83,9.15,0.2,0.02,0.08,1.75,9.15,10.5,-12.8
2025-05-15 14:57:00,M0019,OP0004,T00119,,,1.83,9.15,0.2,0.03,0.08,1.75,9.15,10.5,-12.8
2025-05-15 15:09:00,M0019,OP0004,T00119,,,1.83,9.15,0.2,0.02,0.08,1.75,9.15,10.5,-12.8
2025-05-15 15:21:00,M0019,OP0004,T00119,,,1.83,9.15,0.2,0.02,0.08,1.75,9.15,10.5,-12.8
2025-05-15 15:33:00,M0019,OP0004,T00119,,,1.83,9.15,0.2,0.02,0.08,1.75,9.15,10.5,-12.8
2025-05-15 15:45:00,M0019,OP0004,T00119,,,1.83,9.15,0.2,0.02,0.08,1.75,9.15,10.5,-12.8
2025-05-15 15:57:00,M0019,OP0004,T00119,,,1.83,9.15,0.2,0.02,0.08,1.75,9.15,10.5,-12.8
2025-05-15 16:09:00,M0019,OP0004,T00119,,,1.83,9.15,0.2,0.02,0.08,1.75,9.15,10.5,-12.8
2025-05-15 16:21:00,M0019,OP0004,T00119,,,1.83,9.15,0.2,0.02,0.08,1.75,9.15,10.5,-12.8
2025-05-15 16:33:00,M0019,OP0004,T00119,,,1.83,9.15,0.2,0.02,0.08,1.75,9.15,10.5,-12.8
2025-05-15 16:45:00,M0019,OP0004,T00119,,,1.83,9.15,0.2,0.02,0.08,1.75,9.15,10.5,-12.8
2025-05-15 16:57:00,M0019,OP0004,T00119,,,1.83,9.15,0.2,0.03,0.08,1.75,9.15,10.5,-12.8
2025-05-15 17:09:00,M0019,OP0004,T00119,,,1.83,9.15,0.2,0.02,0.08,1.75,9.15,10.5,-12.8
2025-05-15 17:21:00,M0019,OP0004,T00119,,,1.83,9.15,0.2,0.03,0.08,1.75,9.15,10.5,-12.8
2025-05-15 17:33:00,M0019,OP0004,T00119,,,1.83,9.15,0.2,0.02,0.08,1.75,9.15,10.5,-12.8
2025-05-15 17:45:00,M0019,OP0004,T00119,,,1.83,9.15,0.2,0.02,0.08,1.75,9.15,10.5,-12.8
2025-05-15 17:57:00,M0019,OP0004,T00119,,,1.83,9.15,0.2,0.02,0.08,1.75,9.15,10.5,-12.8
2025-05-15 18:09:00,M0019,OP0004,T00119,,,1.83,9.15,0.2,0.02,0.08,1.75,9.15,10.5,-12.8
2025-05-15 18:21:00,M0019,OP0004,T00119,,,1.83,9.15,0.2,0.02,0.08,1.75,9.15,10.5,-12.8
2025-03-20 07:10:00,M0022,OP0034,T00121,471.8,,4.29,21.44,0.2,0.03,0.14,4.15,21.44,28.0,-23.4
2025-03-20 07:22:00,M0022,OP0034,T00121,,,4.29,21.44,0.2,0.04,0.14,4.15,21.44,28.0,-23.4
2025-03-20 07:34:00,M0022,OP0034,T00121,,,4.29,21.44,0.2,0.04,0.14,4.15,21.44,28.0,-23.4
2025-03-20 07:46:00,M0022,OP0034,T00121,,,4.29,21.44,0.2,0.04,0.14,4.15,21.44,28.0,-23.4
2025-03-20 07:58:00,M0022,OP0034,T00121,,,4.29,21.44,0.2,0.04,0.14,4.15,21.44,28.0,-23.4
2025-03-20 08:10:00,M0022,OP0034,T00121,,,4.29,21.44,0.2,0.02,0.14,4.15,21.44,28.0,-23.4
2025-03-20 08:22:00,M0022,OP0034,T00121,,,4.29,21.44,0.2,0.02,0.14,4.15,21.44,28.0,-23.4
2025-03-20 08:34:00,M0022,OP0034,T00121,,,4.29,21.44,0.2,0.04,0.14,4.15,21.44,28.0,-23.4
2025-03-20 08:46:00,M0022,OP0034,T00121,,,4.29,21.44,0.2,0.03,0.14,4.15,21.44,28.0,-23.4
2025-03-20 08:58:00,M0022,OP0034,T00121,,,4.29,21.44,0.2,0.03,0.14,4.15,21.44,28.0,-23.4
2025-03-20 09:10:00,M0022,OP0034,T00121,,,4.29,21.44,0.2,0.03,0.14,4.15,21.44,28.0,-23.4
2025-03-20 09:22:00,M0022,OP0034,T00121,,,4.29,21.44,0.2,0.02,0.14,4.15,21.44,28.0,-23.4
2025-03-20 09:34:00,M0022,OP0034,T00121,,,4.29,21.44,0.2,0.03,0.14,4.15,21.44,28.0,-23.4
2025-03-20 09:46:00,M0022,OP0034,T00121,,,4.29,21.44,0.2,0.04,0.14,4.15,21.44,28.0,-23.4
2025-03-20 09:58:00,M0022,OP0034,T00121,,,4.29,21.44,0.2,0.03,0.14,4.15,21.44,28.0,-23.4
2025-03-20 10:10:00,M0022,OP0034,T00121,,,4.29,21.44,0.2,0.03,0.14,4.15,21.44,28.0,-23.4
2025-03-20 10:22:00,M0022,OP0034,T00121,,,4.29,21.44,0.2,0.03,0.14,4.15,21.44,28.0,-23.4
2025-03-20 10:34:00,M0022,OP0034,T00121,,,4.29,21.44,0.2,0.04,0.14,4.15,21.44,28.0,-23.4
2025-03-20 10:46:00,M0022,OP0034,T00121,,,4.29,21.44,0.2,0.03,0.14,4.15,21.44,28.0,-23.4
2025-03-20 10:58:00,M0022,OP0034,T00121,,,4.29,21.44,0.2,0.03,0.14,4.15,21.44,28.0,-23.4
2025-05-03 07:23:00,M0001,OP0020,T00122,738.3,,2.83,14.15,0.2,0.05,0.14,2.69,14.15,20.0,-29.3
2025-05-03 07:35:00,M0001,OP0020,T00122,,,2.83,14.15,0.2,0.05,0.14,2.69,14.15,20.0,-29.3
2025-05-03 07:47:00,M0001,OP0020,T00122,,,2.83,14.15,0.2,0.03,0.14,2.69,14.15,20.0,-29.3
2025-05-03 07:59:00,M0001,OP0020,T00122,,,2.83,14.15,0.2,0.03,0.14,2.69,14.15,20.0,-29.3
2025-05-03 08:11:00,M0001,OP0020,T00122,,,2.83,14.15,0.2,0.06,0.14,2.69,14.15,20.0,-29.3
2025-05-03 08:23:00,M0001,OP0020,T00122,,,2.83,14.15,0.2,0.04,0.14,2.69,14.15,20.0,-29.3
2025-05-03 08:35:00,M0001,OP0020,T00122,,,2.83,14.15,0.2,0.03,0.14,2.69,14.15,20.0,-29.3
2025-05-03 08:47:00,M0001,OP0020,T00122,,,2.83,14.15,0.2,0.05,0.14,2.69,14.15,20.0,-29.3
2025-05-03 08:59:00,M0001,OP0020,T00122,,,2.83,14.15,0.2,0.04,0.14,2.69,14.15,20.0,-29.3
2025-05-03 09:11:00,M0001,OP0020,T00122,,,2.83,14.15,0.2,0.05,0.14,2.69,14.15,20.0,-29.3
2025-05-03 09:23:00,M0001,OP0020,T00122,,,2.83,14.15,0.2,0.05,0.14,2.69,14.15,20.0,-29.3
2025-05-03 09:35:00,M0001,OP0020,T00122,,,2.83,14.15,0.2,0.05,0.14,2.69,14.15,20.0,-29.3
2025-05-03 09:47:00,M0001,OP0020,T00122,,,2.83,14.15,0.2,0.05,0.14,2.69,14.15,20.0,-29.3
2025-05-03 09:59:00,M0001,OP0020,T00122,,,2.83,14.15,0.2,0.05,0.14,2.69,14.15,20.0,-29.3
2025-05-03 10:11:00,M0001,OP0020,T00122,,,2.83,14.15,0.2,0.06,0.14,2.69,14.15,20.0,-29.3
2025-05-03 10:23:00,M0001,OP0020,T00122,,,2.83,14.15,0.2,0.06,0.14,2.69,14.15,20.0,-29.3
2025-05-03 10:35:00,M0001,OP0020,T00122,,,2.83,14.15,0.2,0.04,0.14,2.69,14.15,20.0,-29.3
2025-05-03 10:47:00,M0001,OP0020,T00122,,,2.83,14.15,0.2,0.05,0.14,2.69,14.15,20.0,-29.3
2025-05-03 10:59:00,M0001,OP0020,T00122,,,2.83,14.15,0.2,0.03,0.14,2.69,14.15,20.0,-29.3
2025-05-03 11:11:00,M0001,OP0020,T00122,,,2.83,14.15,0.2,0.06,0.14,2.69,14.15,20.0,-29.3
2025-08-29 09:26:00,M0019,OP0029,T00123,199.9,,1.67,8.33,0.2,0.03,0.07,1.6,8.33,10.5,-20.7
2025-08-29 09:38:00,M0019,OP0029,T00123,,,1.67,8.33,0.2,0.04,0.07,1.6,8.33,10.5,-20.7
2025-08-29 09:50:00,M0019,OP0029,T00123,,,1.67,8.33,0.2,0.03,0.07,1.6,8.33,10.5,-20.7
2025-08-29 10:02:00,M0019,OP0029,T00123,,,1.67,8.33,0.2,0.04,0.07,1.6,8.33,10.5,-20.7
2025-08-29 10:14:00,M0019,OP0029,T00123,,,1.67,8.33,0.2,0.04,0.07,1.6,8.33,10.5,-20.7
2025-08-29 10:26:00,M0019,OP0029,T00123,,,1.67,8.33,0.2,0.04,0.07,1.6,8.33,10.5,-20.7
2025-08-29 10:38:00,M0019,OP0029,T00123,,,1.67,8.33,0.2,0.03,0.07,1.6,8.33,10.5,-20.7
2025-08-29 10:50:00,M0019,OP0029,T00123,,,1.67,8.33,0.2,0.04,0.07,1.6,8.33,10.5,-20.7
2025-08-29 11:02:00,M0019,OP0029,T00123,,,1.67,8.33,0.2,0.02,0.07,1.6,8.33,10.5,-20.7
2025-08-29 11:14:00,M0019,OP0029,T00123,,,1.67,8.33,0.2,0.04,0.07,1.6,8.33,10.5,-20.7
2025-08-29 11:26:00,M0019,OP0029,T00123,,,1.67,8.33,0.2,0.03,0.07,1.6,8.33,10.5,-20.7
2025-08-29 11:38:00,M0019,OP0029,T00123,,,1.67,8.33,0.2,0.03,0.07,1.6,8.33,10.5,-20.7
2025-08-29 11:50:00,M0019,OP0029,T00123,,,1.67,8.33,0.2,0.03,0.07,1.6,8.33,10.5,-20.7
2025-08-29 12:02:00,M0019,OP0029,T00123,,,1.67,8.33,0.2,0.03,0.07,1.6,8.33,10.5,-20.7
2025-08-29 12:14:00,M0019,OP0029,T00123,,,1.67,8.33,0.2,0.03,0.07,1.6,8.33,10.5,-20.7
2025-08-29 12:26:00,M0019,OP0029,T00123,,,1.67,8.33,0.2,0.03,0.07,1.6,8.33,10.5,-20.7
2025-08-29 12:38:00,M0019,OP0029,T00123,,,1.67,8.33,0.2,0.03,0.07,1.6,8.33,10.5,-20.7
2025-08-29 12:50:00,M0019,OP0029,T00123,,,1.67,8.33,0.2,0.03,0.07,1.6,8.33,10.5,-20.7
2025-08-29 13:02:00,M0019,OP0029,T00123,,,1.67,8.33,0.2,0.04,0.07,1.6,8.33,10.5,-20.7
2025-08-29 13:14:00,M0019,OP0029,T00123,,,1.67,8.33,0.2,0.02,0.07,1.6,8.33,10.5,-20.7
2025-09-29 12:24:00,M0027,OP0008,T00124,406.5,,3.84,19.19,0.2,0.06,0.3,3.54,19.19,20.0,-4.1
2025-09-29 12:36:00,M0027,OP0008,T00124,,,3.84,19.19,0.2,0.04,0.3,3.54,19.19,20.0,-4.1
2025-09-29 12:48:00,M0027,OP0008,T00124,,,3.84,19.19,0.2,0.06,0.3,3.54,19.19,20.0,-4.1
2025-09-29 13:00:00,M0027,OP0008,T00124,,,3.84,19.19,0.2,0.04,0.3,3.54,19.19,20.0,-4.1
2025-09-29 13:12:00,M0027,OP0008,T00124,,,3.84,19.19,0.2,0.05,0.3,3.54,19.19,20.0,-4.1
2025-09-29 13:24:00,M0027,OP0008,T00124,,,3.84,19.19,0.2,0.06,0.3,3.54,19.19,20.0,-4.1
2025-09-29 13:36:00,M0027,OP0008,T00124,,,3.84,19.19,0.2,0.07,0.3,3.54,19.19,20.0,-4.1
2025-09-29 13:48:00,M0027,OP0008,T00124,,,3.84,19.19,0.2,0.04,0.3,3.54,19.19,20.0,-4.1
2025-09-29 14:00:00,M0027,OP0008,T00124,,,3.84,19.19,0.2,0.06,0.3,3.54,19.19,20.0,-4.1
2025-09-29 14:12:00,M0027,OP0008,T00124,,,3.84,19.19,0.2,0.05,0.3,3.54,19.19,20.0,-4.1
2025-09-29 14:24:00,M0027,OP0008,T00124,,,3.84,19.19,0.2,0.05,0.3,3.54,19.19,20.0,-4.1
2025-09-29 14:36:00,M0027,OP0008,T00124,,,3.84,19.19,0.2,0.07,0.3,3.54,19.19,20.0,-4.1
2025-09-29 14:48:00,M0027,OP0008,T00124,,,3.84,19.19,0.2,0.07,0.3,3.54,19.19,20.0,-4.1
2025-09-29 15:00:00,M0027,OP0008,T00124,,,3.84,19.19,0.2,0.04,0.3,3.54,19.19,20.0,-4.1
2025-09-29 15:12:00,M0027,OP0008,T00124,,,3.84,19.19,0.2,0.05,0.3,3.54,19.19,20.0,-4.1
2025-09-29 15:24:00,M0027,OP0008,T00124,,,3.84,19.19,0.2,0.07,0.3,3.54,19.19,20.0,-4.1
2025-09-29 15:36:00,M0027,OP0008,T00124,,,3.84,19.19,0.2,0.06,0.3,3.54,19.19,20.0,-4.1
2025-09-29 15:48:00,M0027,OP0008,T00124,,,3.84,19.19,0.2,0.04,0.3,3.54,19.19,20.0,-4.1
2025-09-29 16:00:00,M0027,OP0008,T00124,,,3.84,19.19,0.2,0.04,0.3,3.54,19.19,20.0,-4.1
2025-09-29 16:12:00,M0027,OP0008,T00124,,,3.84,19.19,0.2,0.05,0.3,3.54,19.19,20.0,-4.1
2025-02-12 11:47:00,M0016,OP0032,T00126,300.8,,1.86,9.32,0.2,0.02,0.1,1.76,9.32,12.0,-22.3
2025-02-12 11:59:00,M0016,OP0032,T00126,,,1.86,9.32,0.2,0.02,0.1,1.76,9.32,12.0,-22.3
2025-02-12 12:11:00,M0016,OP0032,T00126,,,1.86,9.32,0.2,0.02,0.1,1.76,9.32,12.0,-22.3
2025-02-12 12:23:00,M0016,OP0032,T00126,,,1.86,9.32,0.2,0.01,0.1,1.76,9.32,12.0,-22.3
2025-02-12 12:35:00,M0016,OP0032,T00126,,,1.86,9.32,0.2,0.02,0.1,1.76,9.32,12.0,-22.3
2025-02-12 12:47:00,M0016,OP0032,T00126,,,1.86,9.32,0.2,0.02,0.1,1.76,9.32,12.0,-22.3
2025-02-12 12:59:00,M0016,OP0032,T00126,,,1.86,9.32,0.2,0.02,0.1,1.76,9.32,12.0,-22.3
2025-02-12 13:11:00,M0016,OP0032,T00126,,,1.86,9.32,0.2,0.02,0.1,1.76,9.32,12.0,-22.3
2025-02-12 13:23:00,M0016,OP0032,T00126,,,1.86,9.32,0.2,0.01,0.1,1.76,9.32,12.0,-22.3
2025-02-12 13:35:00,M0016,OP0032,T00126,,,1.86,9.32,0.2,0.02,0.1,1.76,9.32,12.0,-22.3
2025-02-12 13:47:00,M0016,OP0032,T00126,,,1.86,9.32,0.2,0.02,0.1,1.76,9.32,12.0,-22.3
2025-05-22 13:24:00,M0034,OP0016,T00127,348.7,,3.61,18.03,0.2,0.05,0.13,3.47,18.03,20.0,-9.9
2025-05-22 13:36:00,M0034,OP0016,T00127,,,3.61,18.03,0.2,0.04,0.13,3.47,18.03,20.0,-9.9
2025-05-22 13:48:00,M0034,OP0016,T00127,,,3.61,18.03,0.2,0.04,0.13,3.47,18.03,20.0,-9.9
2025-05-22 14:00:00,M0034,OP0016,T00127,,,3.61,18.03,0.2,0.06,0.13,3.47,18.03,20.0,-9.9
2025-05-22 14:12:00,M0034,OP0016,T00127,,,3.61,18.03,0.2,0.04,0.13,3.47,18.03,20.0,-9.9
2025-05-22 14:24:00,M0034,OP0016,T00127,,,3.61,18.03,0.2,0.05,0.13,3.47,18.03,20.0,-9.9
2025-05-22 14:36:00,M0034,OP0016,T00127,,,3.61,18.03,0.2,0.06,0.13,3.47,18.03,20.0,-9.9
2025-05-22 14:48:00,M0034,OP0016,T00127,,,3.61,18.03,0.2,0.06,0.13,3.47,18.03,20.0,-9.9
2025-05-22 15:00:00,M0034,OP0016,T00127,,,3.61,18.03,0.2,0.04,0.13,3.47,18.03,20.0,-9.9
2025-05-22 15:12:00,M0034,OP0016,T00127,,,3.61,18.03,0.2,0.07,0.13,3.47,18.03,20.0,-9.9
2025-05-22 15:24:00,M0034,OP0016,T00127,,,3.61,18.03,0.2,0.05,0.13,3.47,18.03,20.0,-9.9
2025-05-22 15:36:00,M0034,OP0016,T00127,,,3.61,18.03,0.2,0.04,0.13,3.47,18.03,20.0,-9.9
2025-05-22 15:48:00,M0034,OP0016,T00127,,,3.61,18.03,0.2,0.04,0.13,3.47,18.03,20.0,-9.9
2025-05-22 16:00:00,M0034,OP0016,T00127,,,3.61,18.03,0.2,0.06,0.13,3.47,18.03,20.0,-9.9
2025-05-22 16:12:00,M0034,OP0016,T00127,,,3.61,18.03,0.2,0.05,0.13,3.47,18.03,20.0,-9.9
2025-05-22 16:24:00,M0034,OP0016,T00127,,,3.61,18.03,0.2,0.05,0.13,3.47,18.03,20.0,-9.9
2025-05-22 16:36:00,M0034,OP0016,T00127,,,3.61,18.03,0.2,0.07,0.13,3.47,18.03,20.0,-9.9
2025-05-22 16:48:00,M0034,OP0016,T00127,,,3.61,18.03,0.2,0.05,0.13,3.47,18.03,20.0,-9.9
2025-05-22 17:00:00,M0034,OP0016,T00127,,,3.61,18.03,0.2,0.05,0.13,3.47,18.03,20.0,-9.9
2025-05-22 17:12:00,M0034,OP0016,T00127,,,2.1,18.03,0.12,0.04,0.08,2.03,18.03,20.0,-9.9
2025-04-09 10:04:00,M0025,OP0024,T00131,350.8,,2.65,13.25,0.2,0.02,0.29,2.36,13.25,19.5,-32.0
2025-04-09 10:16:00,M0025,OP0024,T00131,,,2.65,13.25,0.2,0.03,0.29,2.36,13.25,19.5,-32.0
2025-04-09 10:28:00,M0025,OP0024,T00131,,,2.65,13.25,0.2,0.03,0.29,2.36,13.25,19.5,-32.0
2025-04-09 10:40:00,M0025,OP0024,T00131,,,2.65,13.25,0.2,0.03,0.29,2.36,13.25,19.5,-32.0
2025-04-09 10:52:00,M0025,OP0024,T00131,,,2.65,13.25,0.2,0.02,0.29,2.36,13.25,19.5,-32.0
2025-04-09 11:04:00,M0025,OP0024,T00131,,,2.65,13.25,0.2,0.02,0.29,2.36,13.25,19.5,-32.0
2025-04-09 11:16:00,M0025,OP0024,T00131,,,2.65,13.25,0.2,0.03,0.29,2.36,13.25,19.5,-32.0
2025-04-09 11:28:00,M0025,OP0024,T00131,,,2.65,13.25,0.2,0.03,0.29,2.36,13.25,19.5,-32.0
2025-04-09 11:40:00,M0025,OP0024,T00131,,,2.65,13.25,0.2,0.02,0.29,2.36,13.25,19.5,-32.0
2025-04-09 11:52:00,M0025,OP0024,T00131,,,2.65,13.25,0.2,0.02,0.29,2.36,13.25,19.5,-32.0
2025-04-09 12:04:00,M0025,OP0024,T00131,,,2.65,13.25,0.2,0.03,0.29,2.36,13.25,19.5,-32.0
2025-04-09 12:16:00,M0025,OP0024,T00131,,,1.77,13.25,0.13,0.01,0.19,1.57,13.25,19.5,-32.0
2025-03-31 11:17:00,M0036,OP0031,T00132,445.8,,4.46,22.29,0.2,0.01,0.18,4.28,22.29,25.0,-10.8
2025-03-31 11:29:00,M0036,OP0031,T00132,,,4.46,22.29,0.2,0.01,0.18,4.28,22.29,25.0,-10.8
2025-03-31 11:41:00,M0036,OP0031,T00132,,,4.46,22.29,0.2,0.01,0.18,4.28,22.29,25.0,-10.8
2025-03-31 11:53:00,M0036,OP0031,T00132,,,4.46,22.29,0.2,0.01,0.18,4.28,22.29,25.0,-10.8
2025-03-31 12:05:00,M0036,OP0031,T00132,,,4.46,22.29,0.2,0.01,0.18,4.28,22.29,25.0,-10.8
2025-03-31 12:17:00,M0036,OP0031,T00132,,,4.46,22.29,0.2,0.01,0.18,4.28,22.29,25.0,-10.8
2025-03-31 12:29:00,M0036,OP0031,T00132,,,4.46,22.29,0.2,0.01,0.18,4.28,22.29,25.0,-10.8
2025-03-31 12:41:00,M0036,OP0031,T00132,,,4.46,22.29,0.2,0.01,0.18,4.28,22.29,25.0,-10.8
2025-03-31 12:53:00,M0036,OP0031,T00132,,,4.46,22.29,0.2,0.01,0.18,4.28,22.29,25.0,-10.8
2025-03-31 13:05:00,M0036,OP0031,T00132,,,4.46,22.29,0.2,0.01,0.18,4.28,22.29,25.0,-10.8
2025-03-31 13:17:00,M0036,OP0031,T00132,,,4.46,22.29,0.2,0.01,0.18,4.28,22.29,25.0,-10.8
2025-03-31 13:29:00,M0036,OP0031,T00132,,,4.46,22.29,0.2,0.01,0.18,4.28,22.29,25.0,-10.8
2025-03-31 13:41:00,M0036,OP0031,T00132,,,4.46,22.29,0.2,0.01,0.18,4.28,22.29,25.0,-10.8
2025-03-31 13:53:00,M0036,OP0031,T00132,,,4.46,22.29,0.2,0.01,0.18,4.28,22.29,25.0,-10.8
2025-03-31 14:05:00,M0036,OP0031,T00132,,,4.46,22.29,0.2,0.01,0.18,4.28,22.29,25.0,-10.8
2025-03-31 14:17:00,M0036,OP0031,T00132,,,4.46,22.29,0.2,0.01,0.18,4.28,22.29,25.0,-10.8
2025-03-31 14:29:00,M0036,OP0031,T00132,,,4.46,22.29,0.2,0.01,0.18,4.28,22.29,25.0,-10.8
2025-03-31 14:41:00,M0036,OP0031,T00132,,,4.46,22.29,0.2,0.01,0.18,4.28,22.29,25.0,-10.8
2025-03-31 14:53:00,M0036,OP0031,T00132,,,4.46,22.29,0.2,0.01,0.18,4.28,22.29,25.0,-10.8
2025-03-31 15:05:00,M0036,OP0031,T00132,,,4.46,22.29,0.2,0.01,0.18,4.28,22.29,25.0,-10.8
2025-03-20 11:13:00,M0014,OP0032,T00135,391.8,,4.62,23.1,0.2,0.02,0.14,4.48,23.1,28.0,-17.5
2025-03-20 11:25:00,M0014,OP0032,T00135,,,4.62,23.1,0.2,0.02,0.14,4.48,23.1,28.0,-17.5
2025-03-20 11:37:00,M0014,OP0032,T00135,,,4.62,23.1,0.2,0.02,0.14,4.48,23.1,28.0,-17.5
2025-03-20 11:49:00,M0014,OP0032,T00135,,,4.62,23.1,0.2,0.03,0.14,4.48,23.1,28.0,-17.5
2025-03-20 12:01:00,M0014,OP0032,T00135,,,4.62,23.1,0.2,0.02,0.14,4.48,23.1,28.0,-17.5
2025-03-20 12:13:00,M0014,OP0032,T00135,,,4.62,23.1,0.2,0.03,0.14,4.48,23.1,28.0,-17.5
2025-03-20 12:25:00,M0014,OP0032,T00135,,,4.62,23.1,0.2,0.02,0.14,4.48,23.1,28.0,-17.5
2025-03-20 12:37:00,M0014,OP0032,T00135,,,4.62,23.1,0.2,0.02,0.14,4.48,23.1,28.0,-17.5
2025-03-20 12:49:00,M0014,OP0032,T00135,,,4.62,23.1,0.2,0.02,0.14,4.48,23.1,28.0,-17.5
2025-03-20 13:01:00,M0014,OP0032,T00135,,,4.62,23.1,0.2,0.02,0.14,4.48,23.1,28.0,-17.5
2025-03-20 13:13:00,M0014,OP0032,T00135,,,4.62,23.1,0.2,0.03,0.14,4.48,23.1,28.0,-17.5
2025-03-20 13:25:00,M0014,OP0032,T00135,,,4.62,23.1,0.2,0.03,0.14,4.48,23.1,28.0,-17.5
2025-03-20 13:37:00,M0014,OP0032,T00135,,,4.62,23.1,0.2,0.02,0.14,4.48,23.1,28.0,-17.5
2025-03-20 13:49:00,M0014,OP0032,T00135,,,4.62,23.1,0.2,0.03,0.14,4.48,23.1,28.0,-17.5
2025-03-20 14:01:00,M0014,OP0032,T00135,,,4.62,23.1,0.2,0.02,0.14,4.48,23.1,28.0,-17.5
2025-03-20 14:13:00,M0014,OP0032,T00135,,,4.62,23.1,0.2,0.03,0.14,4.48,23.1,28.0,-17.5
2025-03-20 14:25:00,M0014,OP0032,T00135,,,4.62,23.1,0.2,0.02,0.14,4.48,23.1,28.0,-17.5
2025-03-20 14:37:00,M0014,OP0032,T00135,,,4.62,23.1,0.2,0.02,0.14,4.48,23.1,28.0,-17.5
2025-03-20 14:49:00,M0014,OP0032,T00135,,,4.62,23.1,0.2,0.02,0.14,4.48,23.1,28.0,-17.5
2025-03-20 15:01:00,M0014,OP0032,T00135,,,4.62,23.1,0.2,0.03,0.14,4.48,23.1,28.0,-17.5
2025-04-07 11:11:00,M0036,OP0036,T00136,659.8,,3.7,18.48,0.2,0.03,0.36,3.33,18.48,25.0,-26.1
2025-04-07 11:23:00,M0036,OP0036,T00136,,,3.7,18.48,0.2,0.03,0.36,3.33,18.48,25.0,-26.1
2025-04-07 11:35:00,M0036,OP0036,T00136,,,3.7,18.48,0.2,0.03,0.36,3.33,18.48,25.0,-26.1
2025-04-07 11:47:00,M0036,OP0036,T00136,,,3.7,18.48,0.2,0.04,0.36,3.33,18.48,25.0,-26.1
2025-04-07 11:59:00,M0036,OP0036,T00136,,,3.7,18.48,0.2,0.03,0.36,3.33,18.48,25.0,-26.1
2025-04-07 12:11:00,M0036,OP0036,T00136,,,3.7,18.48,0.2,0.04,0.36,3.33,18.48,25.0,-26.1
2025-04-07 12:23:00,M0036,OP0036,T00136,,,3.7,18.48,0.2,0.03,0.36,3.33,18.48,25.0,-26.1
2025-04-07 12:35:00,M0036,OP0036,T00136,,,3.7,18.48,0.2,0.04,0.36,3.33,18.48,25.0,-26.1
2025-04-07 12:47:00,M0036,OP0036,T00136,,,3.7,18.48,0.2,0.04,0.36,3.33,18.48,25.0,-26.1
2025-04-07 12:59:00,M0036,OP0036,T00136,,,3.7,18.48,0.2,0.03,0.36,3.33,18.48,25.0,-26.1
2025-04-07 13:11:00,M0036,OP0036,T00136,,,3.7,18.48,0.2,0.04,0.36,3.33,18.48,25.0,-26.1
2025-04-07 13:23:00,M0036,OP0036,T00136,,,3.7,18.48,0.2,0.04,0.36,3.33,18.48,25.0,-26.1
2025-04-07 13:35:00,M0036,OP0036,T00136,,,3.7,18.48,0.2,0.04,0.36,3.33,18.48,25.0,-26.1
2025-04-07 13:47:00,M0036,OP0036,T00136,,,3.7,18.48,0.2,0.04,0.36,3.33,18.48,25.0,-26.1
2025-04-07 13:59:00,M0036,OP0036,T00136,,,3.7,18.48,0.2,0.04,0.36,3.33,18.48,25.0,-26.1
2025-04-07 14:11:00,M0036,OP0036,T00136,,,3.7,18.48,0.2,0.04,0.36,3.33,18.48,25.0,-26.1
2025-04-07 14:23:00,M0036,OP0036,T00136,,,3.7,18.48,0.2,0.05,0.36,3.33,18.48,25.0,-26.1
2025-04-07 14:35:00,M0036,OP0036,T00136,,,3.7,18.48,0.2,0.03,0.36,3.33,18.48,25.0,-26.1
2025-04-07 14:47:00,M0036,OP0036,T00136,,,3.7,18.48,0.2,0.03,0.36,3.33,18.48,25.0,-26.1
2025-04-07 14:59:00,M0036,OP0036,T00136,,,3.7,18.48,0.2,0.03,0.36,3.33,18.48,25.0,-26.1
2025-02-04 14:08:00,M0012,OP0048,T00137,606.6,,4.54,22.69,0.2,0.02,0.18,4.36,22.69,28.0,-19.0
2025-02-04 14:20:00,M0012,OP0048,T00137,,,4.54,22.69,0.2,0.02,0.18,4.36,22.69,28.0,-19.0
2025-02-04 14:32:00,M0012,OP0048,T00137,,,4.54,22.69,0.2,0.02,0.18,4.36,22.69,28.0,-19.0
2025-02-04 14:44:00,M0012,OP0048,T00137,,,4.54,22.69,0.2,0.02,0.18,4.36,22.69,28.0,-19.0
2025-02-04 14:56:00,M0012,OP0048,T00137,,,4.54,22.69,0.2,0.03,0.18,4.36,22.69,28.0,-19.0
2025-02-04 15:08:00,M0012,OP0048,T00137,,,4.54,22.69,0.2,0.02,0.18,4.36,22.69,28.0,-19.0
2025-02-04 15:20:00,M0012,OP0048,T00137,,,4.54,22.69,0.2,0.02,0.18,4.36,22.69,28.0,-19.0
2025-02-04 15:32:00,M0012,OP0048,T00137,,,4.54,22.69,0.2,0.02,0.18,4.36,22.69,28.0,-19.0
2025-02-04 15:44:00,M0012,OP0048,T00137,,,4.54,22.69,0.2,0.03,0.18,4.36,22.69,28.0,-19.0
2025-02-04 15:56:00,M0012,OP0048,T00137,,,4.54,22.69,0.2,0.03,0.18,4.36,22.69,28.0,-19.0
2025-02-04 16:08:00,M0012,OP0048,T00137,,,4.54,22.69,0.2,0.03,0.18,4.36,22.69,28.0,-19.0
2025-02-04 16:20:00,M0012,OP0048,T00137,,,4.54,22.69,0.2,0.03,0.18,4.36,22.69,28.0,-19.0
2025-02-04 16:32:00,M0012,OP0048,T00137,,,4.54,22.69,0.2,0.03,0.18,4.36,22.69,28.0,-19.0
2025-02-04 16:44:00,M0012,OP0048,T00137,,,4.54,22.69,0.2,0.03,0.18,4.36,22.69,28.0,-19.0
2025-02-04 16:56:00,M0012,OP0048,T00137,,,4.54,22.69,0.2,0.02,0.18,4.36,22.69,28.0,-19.0
2025-02-04 17:08:00,M0012,OP0048,T00137,,,4.54,22.69,0.2,0.03,0.18,4.36,22.69,28.0,-19.0
2025-02-04 17:20:00,M0012,OP0048,T00137,,,4.54,22.69,0.2,0.02,0.18,4.36,22.69,28.0,-19.0
2025-02-04 17:32:00,M0012,OP0048,T00137,,,4.54,22.69,0.2,0.03,0.18,4.36,22.69,28.0,-19.0
2025-02-04 17:44:00,M0012,OP0048,T00137,,,4.54,22.69,0.2,0.02,0.18,4.36,22.69,28.0,-19.0
2025-02-04 17:56:00,M0012,OP0048,T00137,,,4.54,22.69,0.2,0.03,0.18,4.36,22.69,28.0,-19.0
2025-05-14 06:40:00,M0014,OP0040,T00138,318.9,,4.59,22.93,0.2,0.03,0.18,4.41,22.93,28.0,-18.1
2025-05-14 06:52:00,M0014,OP0040,T00138,,,4.59,22.93,0.2,0.03,0.18,4.41,22.93,28.0,-18.1
2025-05-14 07:04:00,M0014,OP0040,T00138,,,4.59,22.93,0.2,0.02,0.18,4.41,22.93,28.0,-18.1
2025-05-14 07:16:00,M0014,OP0040,T00138,,,4.59,22.93,0.2,0.02,0.18,4.41,22.93,28.0,-18.1
2025-05-14 07:28:00,M0014,OP0040,T00138,,,4.59,22.93,0.2,0.02,0.18,4.41,22.93,28.0,-18.1
2025-05-14 07:40:00,M0014,OP0040,T00138,,,4.59,22.93,0.2,0.03,0.18,4.41,22.93,28.0,-18.1
2025-05-14 07:52:00,M0014,OP0040,T00138,,,4.59,22.93,0.2,0.03,0.18,4.41,22.93,28.0,-18.1
2025-05-14 08:04:00,M0014,OP0040,T00138,,,4.59,22.93,0.2,0.02,0.18,4.41,22.93,28.0,-18.1
2025-05-14 08:16:00,M0014,OP0040,T00138,,,4.59,22.93,0.2,0.03,0.18,4.41,22.93,28.0,-18.1
2025-05-14 08:28:00,M0014,OP0040,T00138,,,4.59,22.93,0.2,0.03,0.18,4.41,22.93,28.0,-18.1
2025-05-14 08:40:00,M0014,OP0040,T00138,,,4.59,22.93,0.2,0.03,0.18,4.41,22.93,28.0,-18.1
2025-05-14 08:52:00,M0014,OP0040,T00138,,,4.59,22.93,0.2,0.03,0.18,4.41,22.93,28.0,-18.1
2025-05-14 09:04:00,M0014,OP0040,T00138,,,4.59,22.93,0.2,0.02,0.18,4.41,22.93,28.0,-18.1
2025-05-14 09:16:00,M0014,OP0040,T00138,,,4.59,22.93,0.2,0.02,0.18,4.41,22.93,28.0,-18.1
2025-05-14 09:28:00,M0014,OP0040,T00138,,,4.59,22.93,0.2,0.03,0.18,4.41,22.93,28.0,-18.1
2025-05-14 09:40:00,M0014,OP0040,T00138,,,4.59,22.93,0.2,0.03,0.18,4.41,22.93,28.0,-18.1
2025-05-14 09:52:00,M0014,OP0040,T00138,,,4.59,22.93,0.2,0.04,0.18,4.41,22.93,28.0,-18.1
2025-05-14 10:04:00,M0014,OP0040,T00138,,,4.59,22.93,0.2,0.03,0.18,4.41,22.93,28.0,-18.1
2025-05-14 10:16:00,M0014,OP0040,T00138,,,4.59,22.93,0.2,0.03,0.18,4.41,22.93,28.0,-18.1
2025-05-14 10:28:00,M0014,OP0040,T00138,,,4.59,22.93,0.2,0.03,0.18,4.41,22.93,28.0,-18.1
2025-01-20 14:12:00,M0004,OP0034,T00139,295.8,,1.94,9.72,0.2,0.04,0.15,1.8,9.72,14.5,-33.0
2025-01-20 14:24:00,M0004,OP0034,T00139,,,1.94,9.72,0.2,0.04,0.15,1.8,9.72,14.5,-33.0
2025-01-20 14:36:00,M0004,OP0034,T00139,,,1.94,9.72,0.2,0.03,0.15,1.8,9.72,14.5,-33.0
2025-01-20 14:48:00,M0004,OP0034,T00139,,,1.94,9.72,0.2,0.04,0.15,1.8,9.72,14.5,-33.0
2025-01-20 15:00:00,M0004,OP0034,T00139,,,1.94,9.72,0.2,0.03,0.15,1.8,9.72,14.5,-33.0
2025-01-20 15:12:00,M0004,OP0034,T00139,,,1.94,9.72,0.2,0.04,0.15,1.8,9.72,14.5,-33.0
2025-01-20 15:24:00,M0004,OP0034,T00139,,,1.94,9.72,0.2,0.03,0.15,1.8,9.72,14.5,-33.0
2025-01-20 15:36:00,M0004,OP0034,T00139,,,1.94,9.72,0.2,0.03,0.15,1.8,9.72,14.5,-33.0
2025-01-20 15:48:00,M0004,OP0034,T00139,,,1.94,9.72,0.2,0.03,0.15,1.8,9.72,14.5,-33.0
2025-01-20 16:00:00,M0004,OP0034,T00139,,,1.94,9.72,0.2,0.03,0.15,1.8,9.72,14.5,-33.0
2025-01-20 16:12:00,M0004,OP0034,T00139,,,1.94,9.72,0.2,0.04,0.15,1.8,9.72,14.5,-33.0
2025-01-20 16:24:00,M0004,OP0034,T00139,,,1.94,9.72,0.2,0.03,0.15,1.8,9.72,14.5,-33.0
2025-01-20 16:36:00,M0004,OP0034,T00139,,,1.94,9.72,0.2,0.04,0.15,1.8,9.72,14.5,-33.0
2025-01-20 16:48:00,M0004,OP0034,T00139,,,1.94,9.72,0.2,0.03,0.15,1.8,9.72,14.5,-33.0
2025-01-20 17:00:00,M0004,OP0034,T00139,,,1.94,9.72,0.2,0.02,0.15,1.8,9.72,14.5,-33.0
2025-01-20 17:12:00,M0004,OP0034,T00139,,,1.94,9.72,0.2,0.02,0.15,1.8,9.72,14.5,-33.0
2025-01-20 17:24:00,M0004,OP0034,T00139,,,1.94,9.72,0.2,0.03,0.15,1.8,9.72,14.5,-33.0
2025-01-20 17:36:00,M0004,OP0034,T00139,,,1.94,9.72,0.2,0.03,0.15,1.8,9.72,14.5,-33.0
2025-01-20 17:48:00,M0004,OP0034,T00139,,,1.94,9.72,0.2,0.04,0.15,1.8,9.72,14.5,-33.0
2025-01-20 18:00:00,M0004,OP0034,T00139,,,1.94,9.72,0.2,0.04,0.15,1.8,9.72,14.5,-33.0
2025-08-17 10:06:00,M0024,OP0026,T00140,296.6,,2.86,14.3,0.2,0.04,0.24,2.62,14.3,19.5,-26.7
2025-08-17 10:18:00,M0024,OP0026,T00140,,,2.86,14.3,0.2,0.02,0.24,2.62,14.3,19.5,-26.7
2025-08-17 10:30:00,M0024,OP0026,T00140,,,2.86,14.3,0.2,0.03,0.24,2.62,14.3,19.5,-26.7
2025-08-17 10:42:00,M0024,OP0026,T00140,,,2.86,14.3,0.2,0.03,0.24,2.62,14.3,19.5,-26.7
2025-08-17 10:54:00,M0024,OP0026,T00140,,,2.86,14.3,0.2,0.03,0.24,2.62,14.3,19.5,-26.7
2025-08-17 11:06:00,M0024,OP0026,T00140,,,2.86,14.3,0.2,0.02,0.24,2.62,14.3,19.5,-26.7
2025-08-17 11:18:00,M0024,OP0026,T00140,,,2.86,14.3,0.2,0.03,0.24,2.62,14.3,19.5,-26.7
2025-08-17 11:30:00,M0024,OP0026,T00140,,,2.86,14.3,0.2,0.02,0.24,2.62,14.3,19.5,-26.7
2025-08-17 11:42:00,M0024,OP0026,T00140,,,2.86,14.3,0.2,0.04,0.24,2.62,14.3,19.5,-26.7
2025-08-17 11:54:00,M0024,OP0026,T00140,,,2.86,14.3,0.2,0.03,0.24,2.62,14.3,19.5,-26.7
2025-08-17 12:06:00,M0024,OP0026,T00140,,,2.86,14.3,0.2,0.04,0.24,2.62,14.3,19.5,-26.7
2025-08-17 12:18:00,M0024,OP0026,T00140,,,2.86,14.3,0.2,0.04,0.24,2.62,14.3,19.5,-26.7
2025-08-17 12:30:00,M0024,OP0026,T00140,,,2.86,14.3,0.2,0.03,0.24,2.62,14.3,19.5,-26.7
2025-08-17 12:42:00,M0024,OP0026,T00140,,,2.38,14.3,0.17,0.03,0.2,2.19,14.3,19.5,-26.7
2025-04-27 13:38:00,M0036,OP0048,T00141,396.8,,4.2,21.02,0.2,0.01,0.15,4.05,21.02,25.0,-15.9
2025-04-27 13:50:00,M0036,OP0048,T00141,,,4.2,21.02,0.2,0.01,0.15,4.05,21.02,25.0,-15.9
2025-04-27 14:02:00,M0036,OP0048,T00141,,,4.2,21.02,0.2,0.02,0.15,4.05,21.02,25.0,-15.9
2025-04-27 14:14:00,M0036,OP0048,T00141,,,4.2,21.02,0.2,0.02,0.15,4.05,21.02,25.0,-15.9
2025-04-27 14:26:00,M0036,OP0048,T00141,,,4.2,21.02,0.2,0.01,0.15,4.05,21.02,25.0,-15.9
2025-04-27 14:38:00,M0036,OP0048,T00141,,,2.1,21.02,0.1,0.01,0.07,2.03,21.02,25.0,-15.9
2025-03-07 09:30:00,M0027,OP0044,T00142,268.4,,3.14,15.71,0.2,0.02,0.23,2.91,15.71,20.0,-21.5
2025-03-07 09:42:00,M0027,OP0044,T00142,,,3.14,15.71,0.2,0.03,0.23,2.91,15.71,20.0,-21.5
2025-03-07 09:54:00,M0027,OP0044,T00142,,,3.14,15.71,0.2,0.03,0.23,2.91,15.71,20.0,-21.5
2025-03-07 10:06:00,M0027,OP0044,T00142,,,3.14,15.71,0.2,0.03,0.23,2.91,15.71,20.0,-21.5
2025-03-07 10:18:00,M0027,OP0044,T00142,,,3.14,15.71,0.2,0.03,0.23,2.91,15.71,20.0,-21.5
2025-03-07 10:30:00,M0027,OP0044,T00142,,,3.14,15.71,0.2,0.03,0.23,2.91,15.71,20.0,-21.5
2025-03-07 10:42:00,M0027,OP0044,T00142,,,3.14,15.71,0.2,0.02,0.23,2.91,15.71,20.0,-21.5
2025-03-07 10:54:00,M0027,OP0044,T00142,,,3.14,15.71,0.2,0.03,0.23,2.91,15.71,20.0,-21.5
2025-03-07 11:06:00,M0027,OP0044,T00142,,,3.14,15.71,0.2,0.02,0.23,2.91,15.71,20.0,-21.5
2025-03-07 11:18:00,M0027,OP0044,T00142,,,3.14,15.71,0.2,0.02,0.23,2.91,15.71,20.0,-21.5
2025-03-07 11:30:00,M0027,OP0044,T00142,,,3.14,15.71,0.2,0.02,0.23,2.91,15.71,20.0,-21.5
2025-03-07 11:42:00,M0027,OP0044,T00142,,,3.14,15.71,0.2,0.03,0.23,2.91,15.71,20.0,-21.5
2025-03-07 11:54:00,M0027,OP0044,T00142,,,3.14,15.71,0.2,0.03,0.23,2.91,15.71,20.0,-21.5
2025-03-07 12:06:00,M0027,OP0044,T00142,,,3.14,15.71,0.2,0.03,0.23,2.91,15.71,20.0,-21.5
2025-03-07 12:18:00,M0027,OP0044,T00142,,,3.14,15.71,0.2,0.02,0.23,2.91,15.71,20.0,-21.5
2025-03-07 12:30:00,M0027,OP0044,T00142,,,3.14,15.71,0.2,0.02,0.23,2.91,15.71,20.0,-21.5
2025-03-07 12:42:00,M0027,OP0044,T00142,,,3.14,15.71,0.2,0.03,0.23,2.91,15.71,20.0,-21.5
2025-03-07 12:54:00,M0027,OP0044,T00142,,,3.14,15.71,0.2,0.02,0.23,2.91,15.71,20.0,-21.5
2025-03-07 13:06:00,M0027,OP0044,T00142,,,3.14,15.71,0.2,0.02,0.23,2.91,15.71,20.0,-21.5
2025-03-07 13:18:00,M0027,OP0044,T00142,,,3.14,15.71,0.2,0.02,0.23,2.91,15.71,20.0,-21.5
2025-06-03 08:47:00,M0037,OP0006,T00143,389.0,,2.28,11.41,0.2,0.01,0.1,2.18,11.41,12.0,-4.9
2025-06-03 08:59:00,M0037,OP0006,T00143,,,2.28,11.41,0.2,0.01,0.1,2.18,11.41,12.0,-4.9
2025-06-03 09:11:00,M0037,OP0006,T00143,,,2.28,11.41,0.2,0.01,0.1,2.18,11.41,12.0,-4.9
2025-06-03 09:23:00,M0037,OP0006,T00143,,,2.28,11.41,0.2,0.01,0.1,2.18,11.41,12.0,-4.9
2025-06-03 09:35:00,M0037,OP0006,T00143,,,2.28,11.41,0.2,0.01,0.1,2.18,11.41,12.0,-4.9
2025-06-03 09:47:00,M0037,OP0006,T00143,,,2.28,11.41,0.2,0.01,0.1,2.18,11.41,12.0,-4.9
2025-06-03 09:59:00,M0037,OP0006,T00143,,,2.28,11.41,0.2,0.01,0.1,2.18,11.41,12.0,-4.9
2025-06-03 10:11:00,M0037,OP0006,T00143,,,2.28,11.41,0.2,0.01,0.1,2.18,11.41,12.0,-4.9
2025-06-03 10:23:00,M0037,OP0006,T00143,,,2.28,11.41,0.2,0.01,0.1,2.18,11.41,12.0,-4.9
2025-06-03 10:35:00,M0037,OP0006,T00143,,,2.28,11.41,0.2,0.01,0.1,2.18,11.41,12.0,-4.9
2025-06-03 10:47:00,M0037,OP0006,T00143,,,2.28,11.41,0.2,0.01,0.1,2.18,11.41,12.0,-4.9
2025-06-03 10:59:00,M0037,OP0006,T00143,,,2.28,11.41,0.2,0.01,0.1,2.18,11.41,12.0,-4.9
2025-06-03 11:11:00,M0037,OP0006,T00143,,,2.28,11.41,0.2,0.01,0.1,2.18,11.41,12.0,-4.9
2025-06-03 11:23:00,M0037,OP0006,T00143,,,2.28,11.41,0.2,0.01,0.1,2.18,11.41,12.0,-4.9
2025-06-03 11:35:00,M0037,OP0006,T00143,,,2.28,11.41,0.2,0.01,0.1,2.18,11.41,12.0,-4.9
2025-06-03 11:47:00,M0037,OP0006,T00143,,,2.28,11.41,0.2,0.01,0.1,2.18,11.41,12.0,-4.9
2025-06-03 11:59:00,M0037,OP0006,T00143,,,2.28,11.41,0.2,0.01,0.1,2.18,11.41,12.0,-4.9
2025-06-03 12:11:00,M0037,OP0006,T00143,,,2.28,11.41,0.2,0.01,0.1,2.18,11.41,12.0,-4.9
2025-06-03 12:23:00,M0037,OP0006,T00143,,,2.28,11.41,0.2,0.01,0.1,2.18,11.41,12.0,-4.9
2025-06-03 12:35:00,M0037,OP0006,T00143,,,2.28,11.41,0.2,0.01,0.1,2.18,11.41,12.0,-4.9
2025-05-18 15:16:00,M0007,OP0005,T00144,199.7,,1.81,9.04,0.2,0.03,0.12,1.69,9.04,12.0,-24.6
2025-05-18 15:28:00,M0007,OP0005,T00144,,,1.81,9.04,0.2,0.04,0.12,1.69,9.04,12.0,-24.6
2025-05-18 15:40:00,M0007,OP0005,T00144,,,1.81,9.04,0.2,0.03,0.12,1.69,9.04,12.0,-24.6
2025-05-18 15:52:00,M0007,OP0005,T00144,,,1.81,9.04,0.2,0.04,0.12,1.69,9.04,12.0,-24.6
2025-05-18 16:04:00,M0007,OP0005,T00144,,,1.81,9.04,0.2,0.04,0.12,1.69,9.04,12.0,-24.6
2025-05-18 16:16:00,M0007,OP0005,T00144,,,1.81,9.04,0.2,0.02,0.12,1.69,9.04,12.0,-24.6
2025-05-18 16:28:00,M0007,OP0005,T00144,,,1.81,9.04,0.2,0.03,0.12,1.69,9.04,12.0,-24.6
2025-05-18 16:40:00,M0007,OP0005,T00144,,,1.81,9.04,0.2,0.04,0.12,1.69,9.04,12.0,-24.6
2025-05-18 16:52:00,M0007,OP0005,T00144,,,1.81,9.04,0.2,0.03,0.12,1.69,9.04,12.0,-24.6
2025-05-18 17:04:00,M0007,OP0005,T00144,,,1.81,9.04,0.2,0.04,0.12,1.69,9.04,12.0,-24.6
2025-05-18 17:16:00,M0007,OP0005,T00144,,,1.81,9.04,0.2,0.04,0.12,1.69,9.04,12.0,-24.6
2025-05-18 17:28:00,M0007,OP0005,T00144,,,1.81,9.04,0.2,0.04,0.12,1.69,9.04,12.0,-24.6
2025-05-18 17:40:00,M0007,OP0005,T00144,,,1.81,9.04,0.2,0.04,0.12,1.69,9.04,12.0,-24.6
2025-05-18 17:52:00,M0007,OP0005,T00144,,,1.81,9.04,0.2,0.03,0.12,1.69,9.04,12.0,-24.6
2025-05-18 18:04:00,M0007,OP0005,T00144,,,1.81,9.04,0.2,0.03,0.12,1.69,9.04,12.0,-24.6
2025-05-18 18:16:00,M0007,OP0005,T00144,,,1.81,9.04,0.2,0.04,0.12,1.69,9.04,12.0,-24.6
2025-05-18 18:28:00,M0007,OP0005,T00144,,,1.81,9.04,0.2,0.03,0.12,1.69,9.04,12.0,-24.6
2025-05-18 18:40:00,M0007,OP0005,T00144,,,1.81,9.04,0.2,0.03,0.12,1.69,9.04,12.0,-24.6
2025-05-18 18:52:00,M0007,OP0005,T00144,,,1.81,9.04,0.2,0.02,0.12,1.69,9.04,12.0,-24.6
2025-05-18 19:04:00,M0007,OP0005,T00144,,,1.81,9.04,0.2,0.04,0.12,1.69,9.04,12.0,-24.6
2025-02-20 08:25:00,M0026,OP0034,T00145,326.2,,2.34,11.69,0.2,0.04,0.05,2.29,11.69,14.5,-19.4
2025-02-20 08:37:00,M0026,OP0034,T00145,,,2.34,11.69,0.2,0.03,0.05,2.29,11.69,14.5,-19.4
2025-02-20 08:49:00,M0026,OP0034,T00145,,,2.34,11.69,0.2,0.03,0.05,2.29,11.69,14.5,-19.4
2025-02-20 09:01:00,M0026,OP0034,T00145,,,2.34,11.69,0.2,0.05,0.05,2.29,11.69,14.5,-19.4
2025-02-20 09:13:00,M0026,OP0034,T00145,,,2.34,11.69,0.2,0.03,0.05,2.29,11.69,14.5,-19.4
2025-02-20 09:25:00,M0026,OP0034,T00145,,,1.75,11.69,0.15,0.02,0.04,1.71,11.69,14.5,-19.4
2025-07-01 12:24:00,M0037,OP0013,T00146,293.8,,1.98,9.92,0.2,0.01,0.08,1.9,9.92,12.0,-17.3
2025-07-01 12:36:00,M0037,OP0013,T00146,,,1.98,9.92,0.2,0.01,0.08,1.9,9.92,12.0,-17.3
2025-07-01 12:48:00,M0037,OP0013,T00146,,,1.98,9.92,0.2,0.01,0.08,1.9,9.92,12.0,-17.3
2025-07-01 13:00:00,M0037,OP0013,T00146,,,1.98,9.92,0.2,0.01,0.08,1.9,9.92,12.0,-17.3
2025-07-01 13:12:00,M0037,OP0013,T00146,,,1.98,9.92,0.2,0.01,0.08,1.9,9.92,12.0,-17.3
2025-07-01 13:24:00,M0037,OP0013,T00146,,,1.98,9.92,0.2,0.01,0.08,1.9,9.92,12.0,-17.3
2025-07-01 13:36:00,M0037,OP0013,T00146,,,1.98,9.92,0.2,0.01,0.08,1.9,9.92,12.0,-17.3
2025-07-01 13:48:00,M0037,OP0013,T00146,,,1.98,9.92,0.2,0.01,0.08,1.9,9.92,12.0,-17.3
2025-07-01 14:00:00,M0037,OP0013,T00146,,,1.98,9.92,0.2,0.01,0.08,1.9,9.92,12.0,-17.3
2025-07-01 14:12:00,M0037,OP0013,T00146,,,1.98,9.92,0.2,0.01,0.08,1.9,9.92,12.0,-17.3
2025-07-01 14:24:00,M0037,OP0013,T00146,,,1.98,9.92,0.2,0.01,0.08,1.9,9.92,12.0,-17.3
2025-07-01 14:36:00,M0037,OP0013,T00146,,,1.98,9.92,0.2,0.01,0.08,1.9,9.92,12.0,-17.3
2025-07-01 14:48:00,M0037,OP0013,T00146,,,1.98,9.92,0.2,0.01,0.08,1.9,9.92,12.0,-17.3
2025-07-01 15:00:00,M0037,OP0013,T00146,,,1.98,9.92,0.2,0.01,0.08,1.9,9.92,12.0,-17.3
2025-07-01 15:12:00,M0037,OP0013,T00146,,,1.98,9.92,0.2,0.01,0.08,1.9,9.92,12.0,-17.3
2025-07-01 15:24:00,M0037,OP0013,T00146,,,1.98,9.92,0.2,0.01,0.08,1.9,9.92,12.0,-17.3
2025-07-01 15:36:00,M0037,OP0013,T00146,,,1.98,9.92,0.2,0.01,0.08,1.9,9.92,12.0,-17.3
2025-07-01 15:48:00,M0037,OP0013,T00146,,,1.98,9.92,0.2,0.01,0.08,1.9,9.92,12.0,-17.3
2025-07-01 16:00:00,M0037,OP0013,T00146,,,1.98,9.92,0.2,0.01,0.08,1.9,9.92,12.0,-17.3
2025-07-01 16:12:00,M0037,OP0013,T00146,,,1.98,9.92,0.2,0.01,0.08,1.9,9.92,12.0,-17.3
2025-09-10 08:59:00,M0012,OP0032,T00147,610.2,,4.73,23.65,0.2,0.02,0.14,4.59,23.65,28.0,-15.5
2025-09-10 09:11:00,M0012,OP0032,T00147,,,4.73,23.65,0.2,0.02,0.14,4.59,23.65,28.0,-15.5
2025-09-10 09:23:00,M0012,OP0032,T00147,,,4.73,23.65,0.2,0.02,0.14,4.59,23.65,28.0,-15.5
2025-09-10 09:35:00,M0012,OP0032,T00147,,,4.73,23.65,0.2,0.02,0.14,4.59,23.65,28.0,-15.5
2025-09-10 09:47:00,M0012,OP0032,T00147,,,4.73,23.65,0.2,0.03,0.14,4.59,23.65,28.0,-15.5
2025-09-10 09:59:00,M0012,OP0032,T00147,,,4.73,23.65,0.2,0.02,0.14,4.59,23.65,28.0,-15.5
2025-09-10 10:11:00,M0012,OP0032,T00147,,,4.73,23.65,0.2,0.03,0.14,4.59,23.65,28.0,-15.5
2025-09-10 10:23:00,M0012,OP0032,T00147,,,4.73,23.65,0.2,0.03,0.14,4.59,23.65,28.0,-15.5
2025-09-10 10:35:00,M0012,OP0032,T00147,,,4.73,23.65,0.2,0.02,0.14,4.59,23.65,28.0,-15.5
2025-09-10 10:47:00,M0012,OP0032,T00147,,,4.73,23.65,0.2,0.02,0.14,4.59,23.65,28.0,-15.5
2025-09-10 10:59:00,M0012,OP0032,T00147,,,4.73,23.65,0.2,0.02,0.14,4.59,23.65,28.0,-15.5
2025-09-10 11:11:00,M0012,OP0032,T00147,,,4.73,23.65,0.2,0.02,0.14,4.59,23.65,28.0,-15.5
2025-09-10 11:23:00,M0012,OP0032,T00147,,,4.73,23.65,0.2,0.02,0.14,4.59,23.65,28.0,-15.5
2025-09-10 11:35:00,M0012,OP0032,T00147,,,4.73,23.65,0.2,0.03,0.14,4.59,23.65,28.0,-15.5
2025-09-10 11:47:00,M0012,OP0032,T00147,,,4.73,23.65,0.2,0.02,0.14,4.59,23.65,28.0,-15.5
2025-09-10 11:59:00,M0012,OP0032,T00147,,,4.73,23.65,0.2,0.02,0.14,4.59,23.65,28.0,-15.5
2025-09-10 12:11:00,M0012,OP0032,T00147,,,4.73,23.65,0.2,0.02,0.14,4.59,23.65,28.0,-15.5
2025-09-10 12:23:00,M0012,OP0032,T00147,,,4.73,23.65,0.2,0.02,0.14,4.59,23.65,28.0,-15.5
2025-09-10 12:35:00,M0012,OP0032,T00147,,,1.18,23.65,0.05,0.01,0.04,1.15,23.65,28.0,-15.5
2025-06-28 06:22:00,M0013,OP0012,T00148,156.0,,1.44,7.19,0.2,0.02,0.13,1.31,7.19,10.5,-31.5
2025-06-28 06:34:00,M0013,OP0012,T00148,,,1.44,7.19,0.2,0.03,0.13,1.31,7.19,10.5,-31.5
2025-06-28 06:46:00,M0013,OP0012,T00148,,,1.44,7.19,0.2,0.03,0.13,1.31,7.19,10.5,-31.5
2025-06-28 06:58:00,M0013,OP0012,T00148,,,1.44,7.19,0.2,0.02,0.13,1.31,7.19,10.5,-31.5
2025-06-28 07:10:00,M0013,OP0012,T00148,,,1.44,7.19,0.2,0.03,0.13,1.31,7.19,10.5,-31.5
2025-06-28 07:22:00,M0013,OP0012,T00148,,,1.44,7.19,0.2,0.03,0.13,1.31,7.19,10.5,-31.5
2025-06-28 07:34:00,M0013,OP0012,T00148,,,1.44,7.19,0.2,0.02,0.13,1.31,7.19,10.5,-31.5
2025-06-28 07:46:00,M0013,OP0012,T00148,,,1.44,7.19,0.2,0.02,0.13,1.31,7.19,10.5,-31.5
2025-06-28 07:58:00,M0013,OP0012,T00148,,,1.44,7.19,0.2,0.03,0.13,1.31,7.19,10.5,-31.5
2025-06-28 08:10:00,M0013,OP0012,T00148,,,1.44,7.19,0.2,0.03,0.13,1.31,7.19,10.5,-31.5
2025-06-28 08:22:00,M0013,OP0012,T00148,,,1.44,7.19,0.2,0.02,0.13,1.31,7.19,10.5,-31.5
2025-06-28 08:34:00,M0013,OP0012,T00148,,,1.44,7.19,0.2,0.03,0.13,1.31,7.19,10.5,-31.5
2025-06-28 08:46:00,M0013,OP0012,T00148,,,1.44,7.19,0.2,0.03,0.13,1.31,7.19,10.5,-31.5
2025-06-28 08:58:00,M0013,OP0012,T00148,,,1.44,7.19,0.2,0.03,0.13,1.31,7.19,10.5,-31.5
2025-06-28 09:10:00,M0013,OP0012,T00148,,,1.44,7.19,0.2,0.02,0.13,1.31,7.19,10.5,-31.5
2025-06-28 09:22:00,M0013,OP0012,T00148,,,1.44,7.19,0.2,0.02,0.13,1.31,7.19,10.5,-31.5
2025-06-28 09:34:00,M0013,OP0012,T00148,,,1.44,7.19,0.2,0.03,0.13,1.31,7.19,10.5,-31.5
2025-06-28 09:46:00,M0013,OP0012,T00148,,,1.44,7.19,0.2,0.03,0.13,1.31,7.19,10.5,-31.5
2025-06-28 09:58:00,M0013,OP0012,T00148,,,1.44,7.19,0.2,0.02,0.13,1.31,7.19,10.5,-31.5
2025-06-28 10:10:00,M0013,OP0012,T00148,,,1.44,7.19,0.2,0.03,0.13,1.31,7.19,10.5,-31.5
2025-03-17 15:43:00,M0001,OP0026,T00149,383.2,,3.02,15.08,0.2,0.01,0.2,2.81,15.08,20.0,-24.6
2025-03-17 15:55:00,M0001,OP0026,T00149,,,3.02,15.08,0.2,0.01,0.2,2.81,15.08,20.0,-24.6
2025-03-17 16:07:00,M0001,OP0026,T00149,,,3.02,15.08,0.2,0.01,0.2,2.81,15.08,20.0,-24.6
2025-03-17 16:19:00,M0001,OP0026,T00149,,,3.02,15.08,0.2,0.01,0.2,2.81,15.08,20.0,-24.6
2025-03-17 16:31:00,M0001,OP0026,T00149,,,3.02,15.08,0.2,0.01,0.2,2.81,15.08,20.0,-24.6
2025-03-17 16:43:00,M0001,OP0026,T00149,,,3.02,15.08,0.2,0.01,0.2,2.81,15.08,20.0,-24.6
2025-03-17 16:55:00,M0001,OP0026,T00149,,,3.02,15.08,0.2,0.01,0.2,2.81,15.08,20.0,-24.6
2025-03-17 17:07:00,M0001,OP0026,T00149,,,3.02,15.08,0.2,0.01,0.2,2.81,15.08,20.0,-24.6
2025-03-17 17:19:00,M0001,OP0026,T00149,,,3.02,15.08,0.2,0.01,0.2,2.81,15.08,20.0,-24.6
2025-03-17 17:31:00,M0001,OP0026,T00149,,,3.02,15.08,0.2,0.01,0.2,2.81,15.08,20.0,-24.6
2025-03-17 17:43:00,M0001,OP0026,T00149,,,0.75,15.08,0.05,0.0,0.05,0.7,15.08,20.0,-24.6
2025-02-22 06:01:00,M0022,OP0020,T00150,276.2,,3.67,18.33,0.2,0.05,0.28,3.38,18.33,28.0,-34.5
2025-02-22 06:13:00,M0022,OP0020,T00150,,,3.67,18.33,0.2,0.04,0.28,3.38,18.33,28.0,-34.5
2025-02-22 06:25:00,M0022,OP0020,T00150,,,3.67,18.33,0.2,0.07,0.28,3.38,18.33,28.0,-34.5
2025-02-22 06:37:00,M0022,OP0020,T00150,,,3.67,18.33,0.2,0.06,0.28,3.38,18.33,28.0,-34.5
2025-02-22 06:49:00,M0022,OP0020,T00150,,,3.67,18.33,0.2,0.05,0.28,3.38,18.33,28.0,-34.5
2025-02-22 07:01:00,M0022,OP0020,T00150,,,3.67,18.33,0.2,0.07,0.28,3.38,18.33,28.0,-34.5
2025-02-22 07:13:00,M0022,OP0020,T00150,,,3.67,18.33,0.2,0.05,0.28,3.38,18.33,28.0,-34.5
2025-02-22 07:25:00,M0022,OP0020,T00150,,,3.67,18.33,0.2,0.06,0.28,3.38,18.33,28.0,-34.5
2025-02-22 07:37:00,M0022,OP0020,T00150,,,3.67,18.33,0.2,0.05,0.28,3.38,18.33,28.0,-34.5
2025-02-22 07:49:00,M0022,OP0020,T00150,,,3.67,18.33,0.2,0.05,0.28,3.38,18.33,28.0,-34.5
2025-02-22 08:01:00,M0022,OP0020,T00150,,,3.67,18.33,0.2,0.06,0.28,3.38,18.33,28.0,-34.5
2025-02-22 08:13:00,M0022,OP0020,T00150,,,3.67,18.33,0.2,0.04,0.28,3.38,18.33,28.0,-34.5
2025-02-22 08:25:00,M0022,OP0020,T00150,,,3.67,18.33,0.2,0.04,0.28,3.38,18.33,28.0,-34.5
2025-02-22 08:37:00,M0022,OP0020,T00150,,,3.67,18.33,0.2,0.05,0.28,3.38,18.33,28.0,-34.5
2025-02-22 08:49:00,M0022,OP0020,T00150,,,3.67,18.33,0.2,0.05,0.28,3.38,18.33,28.0,-34.5
2025-02-22 09:01:00,M0022,OP0020,T00150,,,3.67,18.33,0.2,0.07,0.28,3.38,18.33,28.0,-34.5
2025-02-22 09:13:00,M0022,OP0020,T00150,,,3.67,18.33,0.2,0.04,0.28,3.38,18.33,28.0,-34.5
2025-02-22 09:25:00,M0022,OP0020,T00150,,,3.67,18.33,0.2,0.07,0.28,3.38,18.33,28.0,-34.5
2025-02-22 09:37:00,M0022,OP0020,T00150,,,3.67,18.33,0.2,0.07,0.28,3.38,18.33,28.0,-34.5
2025-02-22 09:49:00,M0022,OP0020,T00150,,,3.67,18.33,0.2,0.05,0.28,3.38,18.33,28.0,-34.5
2025-06-08 11:45:00,M0013,OP0004,T00151,173.3,,1.91,9.56,0.2,0.0,0.03,1.89,9.56,10.5,-8.9
2025-06-08 11:57:00,M0013,OP0004,T00151,,,1.91,9.56,0.2,0.0,0.03,1.89,9.56,10.5,-8.9
2025-06-08 12:09:00,M0013,OP0004,T00151,,,1.91,9.56,0.2,0.0,0.03,1.89,9.56,10.5,-8.9
2025-06-08 12:21:00,M0013,OP0004,T00151,,,1.91,9.56,0.2,0.0,0.03,1.89,9.56,10.5,-8.9
2025-06-08 12:33:00,M0013,OP0004,T00151,,,1.91,9.56,0.2,0.0,0.03,1.89,9.56,10.5,-8.9
2025-06-08 12:45:00,M0013,OP0004,T00151,,,1.91,9.56,0.2,0.0,0.03,1.89,9.56,10.5,-8.9
2025-06-08 12:57:00,M0013,OP0004,T00151,,,1.91,9.56,0.2,0.0,0.03,1.89,9.56,10.5,-8.9
2025-06-08 13:09:00,M0013,OP0004,T00151,,,1.91,9.56,0.2,0.0,0.03,1.89,9.56,10.5,-8.9
2025-06-11 09:47:00,M0010,OP0037,T00152,246.0,,5.56,27.81,0.2,0.05,0.29,5.27,27.81,28.0,-0.7
2025-06-11 09:59:00,M0010,OP0037,T00152,,,5.56,27.81,0.2,0.04,0.29,5.27,27.81,28.0,-0.7
2025-06-11 10:11:00,M0010,OP0037,T00152,,,5.56,27.81,0.2,0.04,0.29,5.27,27.81,28.0,-0.7
2025-06-11 10:23:00,M0010,OP0037,T00152,,,5.56,27.81,0.2,0.04,0.29,5.27,27.81,28.0,-0.7
2025-06-11 10:35:00,M0010,OP0037,T00152,,,5.56,27.81,0.2,0.03,0.29,5.27,27.81,28.0,-0.7
2025-06-11 10:47:00,M0010,OP0037,T00152,,,5.56,27.81,0.2,0.03,0.29,5.27,27.81,28.0,-0.7
2025-06-11 10:59:00,M0010,OP0037,T00152,,,5.56,27.81,0.2,0.03,0.29,5.27,27.81,28.0,-0.7
2025-06-11 11:11:00,M0010,OP0037,T00152,,,5.56,27.81,0.2,0.05,0.29,5.27,27.81,28.0,-0.7
2025-06-11 11:23:00,M0010,OP0037,T00152,,,5.56,27.81,0.2,0.05,0.29,5.27,27.81,28.0,-0.7
2025-06-11 11:35:00,M0010,OP0037,T00152,,,5.56,27.81,0.2,0.05,0.29,5.27,27.81,28.0,-0.7
2025-06-11 11:47:00,M0010,OP0037,T00152,,,5.56,27.81,0.2,0.04,0.29,5.27,27.81,28.0,-0.7
2025-06-11 11:59:00,M0010,OP0037,T00152,,,5.56,27.81,0.2,0.03,0.29,5.27,27.81,28.0,-0.7
2025-06-11 12:11:00,M0010,OP0037,T00152,,,5.56,27.81,0.2,0.03,0.29,5.27,27.81,28.0,-0.7
2025-06-11 12:23:00,M0010,OP0037,T00152,,,5.56,27.81,0.2,0.04,0.29,5.27,27.81,28.0,-0.7
2025-06-11 12:35:00,M0010,OP0037,T00152,,,5.56,27.81,0.2,0.04,0.29,5.27,27.81,28.0,-0.7
2025-06-11 12:47:00,M0010,OP0037,T00152,,,5.56,27.81,0.2,0.04,0.29,5.27,27.81,28.0,-0.7
2025-06-11 12:59:00,M0010,OP0037,T00152,,,3.71,27.81,0.13,0.03,0.19,3.52,27.81,28.0,-0.7
2025-02-19 12:13:00,M0036,OP0048,T00153,685.4,,3.64,18.22,0.2,0.03,0.24,3.41,18.22,25.0,-27.1
2025-02-19 12:25:00,M0036,OP0048,T00153,,,3.64,18.22,0.2,0.02,0.24,3.41,18.22,25.0,-27.1
2025-02-19 12:37:00,M0036,OP0048,T00153,,,3.64,18.22,0.2,0.03,0.24,3.41,18.22,25.0,-27.1
2025-02-19 12:49:00,M0036,OP0048,T00153,,,3.64,18.22,0.2,0.02,0.24,3.41,18.22,25.0,-27.1
2025-02-19 13:01:00,M0036,OP0048,T00153,,,3.64,18.22,0.2,0.03,0.24,3.41,18.22,25.0,-27.1
2025-02-19 13:13:00,M0036,OP0048,T00153,,,3.64,18.22,0.2,0.03,0.24,3.41,18.22,25.0,-27.1
2025-02-19 13:25:00,M0036,OP0048,T00153,,,3.64,18.22,0.2,0.02,0.24,3.41,18.22,25.0,-27.1
2025-02-19 13:37:00,M0036,OP0048,T00153,,,3.64,18.22,0.2,0.02,0.24,3.41,18.22,25.0,-27.1
2025-02-19 13:49:00,M0036,OP0048,T00153,,,3.64,18.22,0.2,0.03,0.24,3.41,18.22,25.0,-27.1
2025-02-19 14:01:00,M0036,OP0048,T00153,,,3.64,18.22,0.2,0.03,0.24,3.41,18.22,25.0,-27.1
2025-02-19 14:13:00,M0036,OP0048,T00153,,,3.64,18.22,0.2,0.03,0.24,3.41,18.22,25.0,-27.1
2025-02-19 14:25:00,M0036,OP0048,T00153,,,3.64,18.22,0.2,0.03,0.24,3.41,18.22,25.0,-27.1
2025-02-19 14:37:00,M0036,OP0048,T00153,,,3.64,18.22,0.2,0.02,0.24,3.41,18.22,25.0,-27.1
2025-02-19 14:49:00,M0036,OP0048,T00153,,,3.64,18.22,0.2,0.03,0.24,3.41,18.22,25.0,-27.1
2025-02-19 15:01:00,M0036,OP0048,T00153,,,3.64,18.22,0.2,0.02,0.24,3.41,18.22,25.0,-27.1
2025-02-19 15:13:00,M0036,OP0048,T00153,,,3.64,18.22,0.2,0.03,0.24,3.41,18.22,25.0,-27.1
2025-02-19 15:25:00,M0036,OP0048,T00153,,,3.64,18.22,0.2,0.03,0.24,3.41,18.22,25.0,-27.1
2025-02-19 15:37:00,M0036,OP0048,T00153,,,3.64,18.22,0.2,0.03,0.24,3.41,18.22,25.0,-27.1
2025-02-19 15:49:00,M0036,OP0048,T00153,,,3.64,18.22,0.2,0.02,0.24,3.41,18.22,25.0,-27.1
2025-02-19 16:01:00,M0036,OP0048,T00153,,,3.64,18.22,0.2,0.02,0.24,3.41,18.22,25.0,-27.1
2025-04-04 15:25:00,M0030,OP0014,T00157,241.5,,3.01,15.07,0.2,0.02,0.16,2.85,15.07,20.0,-24.7
2025-04-04 15:37:00,M0030,OP0014,T00157,,,3.01,15.07,0.2,0.03,0.16,2.85,15.07,20.0,-24.7
2025-04-04 15:49:00,M0030,OP0014,T00157,,,3.01,15.07,0.2,0.03,0.16,2.85,15.07,20.0,-24.7
2025-04-04 16:01:00,M0030,OP0014,T00157,,,3.01,15.07,0.2,0.02,0.16,2.85,15.07,20.0,-24.7
2025-04-04 16:13:00,M0030,OP0014,T00157,,,3.01,15.07,0.2,0.02,0.16,2.85,15.07,20.0,-24.7
2025-04-04 16:25:00,M0030,OP0014,T00157,,,3.01,15.07,0.2,0.02,0.16,2.85,15.07,20.0,-24.7
2025-04-04 16:37:00,M0030,OP0014,T00157,,,3.01,15.07,0.2,0.02,0.16,2.85,15.07,20.0,-24.7
2025-04-04 16:49:00,M0030,OP0014,T00157,,,3.01,15.07,0.2,0.02,0.16,2.85,15.07,20.0,-24.7
2025-04-04 17:01:00,M0030,OP0014,T00157,,,3.01,15.07,0.2,0.03,0.16,2.85,15.07,20.0,-24.7
2025-04-04 17:13:00,M0030,OP0014,T00157,,,3.01,15.07,0.2,0.02,0.16,2.85,15.07,20.0,-24.7
2025-04-04 17:25:00,M0030,OP0014,T00157,,,3.01,15.07,0.2,0.02,0.16,2.85,15.07,20.0,-24.7
2025-04-04 17:37:00,M0030,OP0014,T00157,,,3.01,15.07,0.2,0.03,0.16,2.85,15.07,20.0,-24.7
2025-04-04 17:49:00,M0030,OP0014,T00157,,,3.01,15.07,0.2,0.02,0.16,2.85,15.07,20.0,-24.7
2025-04-04 18:01:00,M0030,OP0014,T00157,,,3.01,15.07,0.2,0.02,0.16,2.85,15.07,20.0,-24.7
2025-04-04 18:13:00,M0030,OP0014,T00157,,,3.01,15.07,0.2,0.03,0.16,2.85,15.07,20.0,-24.7
2025-04-04 18:25:00,M0030,OP0014,T00157,,,3.01,15.07,0.2,0.02,0.16,2.85,15.07,20.0,-24.7
2025-04-04 18:37:00,M0030,OP0014,T00157,,,3.01,15.07,0.2,0.02,0.16,2.85,15.07,20.0,-24.7
2025-04-04 18:49:00,M0030,OP0014,T00157,,,3.01,15.07,0.2,0.02,0.16,2.85,15.07,20.0,-24.7
2025-04-04 19:01:00,M0030,OP0014,T00157,,,3.01,15.07,0.2,0.02,0.16,2.85,15.07,20.0,-24.7
2025-04-04 19:13:00,M0030,OP0014,T00157,,,3.01,15.07,0.2,0.02,0.16,2.85,15.07,20.0,-24.7
2025-09-03 14:44:00,M0006,OP0027,T00158,93.0,,1.24,6.21,0.2,0.05,0.14,1.11,6.21,10.5,-40.8
2025-09-03 14:56:00,M0006,OP0027,T00158,,,1.24,6.21,0.2,0.05,0.14,1.11,6.21,10.5,-40.8
2025-09-03 15:08:00,M0006,OP0027,T00158,,,1.24,6.21,0.2,0.05,0.14,1.11,6.21,10.5,-40.8
2025-09-03 15:20:00,M0006,OP0027,T00158,,,1.24,6.21,0.2,0.08,0.14,1.11,6.21,10.5,-40.8
2025-09-03 15:32:00,M0006,OP0027,T00158,,,1.24,6.21,0.2,0.06,0.14,1.11,6.21,10.5,-40.8
2025-09-03 15:44:00,M0006,OP0027,T00158,,,1.24,6.21,0.2,0.07,0.14,1.11,6.21,10.5,-40.8
2025-09-03 15:56:00,M0006,OP0027,T00158,,,1.24,6.21,0.2,0.05,0.14,1.11,6.21,10.5,-40.8
2025-09-03 16:08:00,M0006,OP0027,T00158,,,1.24,6.21,0.2,0.06,0.14,1.11,6.21,10.5,-40.8
2025-09-03 16:20:00,M0006,OP0027,T00158,,,1.24,6.21,0.2,0.06,0.14,1.11,6.21,10.5,-40.8
2025-09-03 16:32:00,M0006,OP0027,T00158,,,1.24,6.21,0.2,0.07,0.14,1.11,6.21,10.5,-40.8
2025-09-03 16:44:00,M0006,OP0027,T00158,,,1.24,6.21,0.2,0.08,0.14,1.11,6.21,10.5,-40.8
2025-09-03 16:56:00,M0006,OP0027,T00158,,,1.24,6.21,0.2,0.07,0.14,1.11,6.21,10.5,-40.8
2025-09-03 17:08:00,M0006,OP0027,T00158,,,1.24,6.21,0.2,0.04,0.14,1.11,6.21,10.5,-40.8
2025-09-03 17:20:00,M0006,OP0027,T00158,,,1.24,6.21,0.2,0.08,0.14,1.11,6.21,10.5,-40.8
2025-09-03 17:32:00,M0006,OP0027,T00158,,,1.24,6.21,0.2,0.05,0.14,1.11,6.21,10.5,-40.8
2025-09-03 17:44:00,M0006,OP0027,T00158,,,1.24,6.21,0.2,0.06,0.14,1.11,6.21,10.5,-40.8
2025-09-03 17:56:00,M0006,OP0027,T00158,,,1.24,6.21,0.2,0.08,0.14,1.11,6.21,10.5,-40.8
2025-09-03 18:08:00,M0006,OP0027,T00158,,,1.24,6.21,0.2,0.08,0.14,1.11,6.21,10.5,-40.8
2025-09-03 18:20:00,M0006,OP0027,T00158,,,1.24,6.21,0.2,0.08,0.14,1.11,6.21,10.5,-40.8
2025-09-03 18:32:00,M0006,OP0027,T00158,,,1.24,6.21,0.2,0.07,0.14,1.11,6.21,10.5,-40.8
2025-04-15 15:52:00,M0033,OP0020,T00159,439.9,,1.86,9.28,0.2,0.05,0.15,1.71,9.28,14.5,-36.0
2025-04-15 16:04:00,M0033,OP0020,T00159,,,1.86,9.28,0.2,0.05,0.15,1.71,9.28,14.5,-36.0
2025-04-15 16:16:00,M0033,OP0020,T00159,,,1.86,9.28,0.2,0.07,0.15,1.71,9.28,14.5,-36.0
2025-04-15 16:28:00,M0033,OP0020,T00159,,,1.86,9.28,0.2,0.06,0.15,1.71,9.28,14.5,-36.0
2025-04-15 16:40:00,M0033,OP0020,T00159,,,1.86,9.28,0.2,0.05,0.15,1.71,9.28,14.5,-36.0
2025-04-15 16:52:00,M0033,OP0020,T00159,,,1.86,9.28,0.2,0.05,0.15,1.71,9.28,14.5,-36.0
2025-04-15 17:04:00,M0033,OP0020,T00159,,,1.86,9.28,0.2,0.08,0.15,1.71,9.28,14.5,-36.0
2025-04-15 17:16:00,M0033,OP0020,T00159,,,1.86,9.28,0.2,0.05,0.15,1.71,9.28,14.5,-36.0
2025-04-15 17:28:00,M0033,OP0020,T00159,,,1.86,9.28,0.2,0.08,0.15,1.71,9.28,14.5,-36.0
2025-04-15 17:40:00,M0033,OP0020,T00159,,,1.86,9.28,0.2,0.06,0.15,1.71,9.28,14.5,-36.0
2025-04-15 17:52:00,M0033,OP0020,T00159,,,1.86,9.28,0.2,0.08,0.15,1.71,9.28,14.5,-36.0
2025-04-15 18:04:00,M0033,OP0020,T00159,,,1.86,9.28,0.2,0.06,0.15,1.71,9.28,14.5,-36.0
2025-04-15 18:16:00,M0033,OP0020,T00159,,,1.86,9.28,0.2,0.05,0.15,1.71,9.28,14.5,-36.0
2025-04-15 18:28:00,M0033,OP0020,T00159,,,1.86,9.28,0.2,0.07,0.15,1.71,9.28,14.5,-36.0
2025-04-15 18:40:00,M0033,OP0020,T00159,,,1.86,9.28,0.2,0.06,0.15,1.71,9.28,14.5,-36.0
2025-04-15 18:52:00,M0033,OP0020,T00159,,,1.86,9.28,0.2,0.06,0.15,1.71,9.28,14.5,-36.0
2025-04-15 19:04:00,M0033,OP0020,T00159,,,1.86,9.28,0.2,0.05,0.15,1.71,9.28,14.5,-36.0
2025-04-15 19:16:00,M0033,OP0020,T00159,,,1.86,9.28,0.2,0.08,0.15,1.71,9.28,14.5,-36.0
2025-04-15 19:28:00,M0033,OP0020,T00159,,,1.86,9.28,0.2,0.06,0.15,1.71,9.28,14.5,-36.0
2025-04-15 19:40:00,M0033,OP0020,T00159,,,1.86,9.28,0.2,0.08,0.15,1.71,9.28,14.5,-36.0
2025-02-17 15:10:00,M0017,OP0029,T00161,322.5,,2.13,10.65,0.2,0.03,0.16,1.97,10.65,14.5,-26.6
2025-02-17 15:22:00,M0017,OP0029,T00161,,,2.13,10.65,0.2,0.02,0.16,1.97,10.65,14.5,-26.6
2025-02-17 15:34:00,M0017,OP0029,T00161,,,2.13,10.65,0.2,0.03,0.16,1.97,10.65,14.5,-26.6
2025-02-17 15:46:00,M0017,OP0029,T00161,,,2.13,10.65,0.2,0.02,0.16,1.97,10.65,14.5,-26.6
2025-02-17 15:58:00,M0017,OP0029,T00161,,,2.13,10.65,0.2,0.03,0.16,1.97,10.65,14.5,-26.6
2025-02-17 16:10:00,M0017,OP0029,T00161,,,2.13,10.65,0.2,0.03,0.16,1.97,10.65,14.5,-26.6
2025-02-17 16:22:00,M0017,OP0029,T00161,,,2.13,10.65,0.2,0.03,0.16,1.97,10.65,14.5,-26.6
2025-02-17 16:34:00,M0017,OP0029,T00161,,,2.13,10.65,0.2,0.03,0.16,1.97,10.65,14.5,-26.6
2025-02-17 16:46:00,M0017,OP0029,T00161,,,2.13,10.65,0.2,0.03,0.16,1.97,10.65,14.5,-26.6
2025-02-17 16:58:00,M0017,OP0029,T00161,,,2.13,10.65,0.2,0.02,0.16,1.97,10.65,14.5,-26.6
2025-02-17 17:10:00,M0017,OP0029,T00161,,,2.13,10.65,0.2,0.02,0.16,1.97,10.65,14.5,-26.6
2025-02-17 17:22:00,M0017,OP0029,T00161,,,2.13,10.65,0.2,0.03,0.16,1.97,10.65,14.5,-26.6
2025-02-17 17:34:00,M0017,OP0029,T00161,,,2.13,10.65,0.2,0.02,0.16,1.97,10.65,14.5,-26.6
2025-02-17 17:46:00,M0017,OP0029,T00161,,,2.13,10.65,0.2,0.02,0.16,1.97,10.65,14.5,-26.6
2025-02-17 17:58:00,M0017,OP0029,T00161,,,2.13,10.65,0.2,0.03,0.16,1.97,10.65,14.5,-26.6
2025-02-17 18:10:00,M0017,OP0029,T00161,,,2.13,10.65,0.2,0.03,0.16,1.97,10.65,14.5,-26.6
2025-02-17 18:22:00,M0017,OP0029,T00161,,,2.13,10.65,0.2,0.03,0.16,1.97,10.65,14.5,-26.6
2025-02-17 18:34:00,M0017,OP0029,T00161,,,2.13,10.65,0.2,0.03,0.16,1.97,10.65,14.5,-26.6
2025-02-17 18:46:00,M0017,OP0029,T00161,,,2.13,10.65,0.2,0.03,0.16,1.97,10.65,14.5,-26.6
2025-02-17 18:58:00,M0017,OP0029,T00161,,,2.13,10.65,0.2,0.02,0.16,1.97,10.65,14.5,-26.6
2025-06-25 15:49:00,M0015,OP0014,T00162,313.7,,2.89,14.43,0.2,0.05,0.17,2.72,14.43,20.0,-27.9
2025-06-25 16:01:00,M0015,OP0014,T00162,,,2.89,14.43,0.2,0.03,0.17,2.72,14.43,20.0,-27.9
2025-06-25 16:13:00,M0015,OP0014,T00162,,,2.89,14.43,0.2,0.03,0.17,2.72,14.43,20.0,-27.9
2025-06-25 16:25:00,M0015,OP0014,T00162,,,2.89,14.43,0.2,0.04,0.17,2.72,14.43,20.0,-27.9
2025-06-25 16:37:00,M0015,OP0014,T00162,,,2.89,14.43,0.2,0.03,0.17,2.72,14.43,20.0,-27.9
2025-06-25 16:49:00,M0015,OP0014,T00162,,,2.89,14.43,0.2,0.03,0.17,2.72,14.43,20.0,-27.9
2025-06-25 17:01:00,M0015,OP0014,T00162,,,2.89,14.43,0.2,0.05,0.17,2.72,14.43,20.0,-27.9
2025-06-25 17:13:00,M0015,OP0014,T00162,,,2.89,14.43,0.2,0.03,0.17,2.72,14.43,20.0,-27.9
2025-06-25 17:25:00,M0015,OP0014,T00162,,,2.89,14.43,0.2,0.04,0.17,2.72,14.43,20.0,-27.9
2025-06-25 17:37:00,M0015,OP0014,T00162,,,2.89,14.43,0.2,0.03,0.17,2.72,14.43,20.0,-27.9
2025-06-25 17:49:00,M0015,OP0014,T00162,,,2.89,14.43,0.2,0.04,0.17,2.72,14.43,20.0,-27.9
2025-06-25 18:01:00,M0015,OP0014,T00162,,,2.89,14.43,0.2,0.04,0.17,2.72,14.43,20.0,-27.9
2025-06-25 18:13:00,M0015,OP0014,T00162,,,2.89,14.43,0.2,0.05,0.17,2.72,14.43,20.0,-27.9
2025-06-25 18:25:00,M0015,OP0014,T00162,,,2.89,14.43,0.2,0.04,0.17,2.72,14.43,20.0,-27.9
2025-06-25 18:37:00,M0015,OP0014,T00162,,,2.89,14.43,0.2,0.04,0.17,2.72,14.43,20.0,-27.9
2025-06-25 18:49:00,M0015,OP0014,T00162,,,2.89,14.43,0.2,0.04,0.17,2.72,14.43,20.0,-27.9
2025-06-25 19:01:00,M0015,OP0014,T00162,,,2.89,14.43,0.2,0.03,0.17,2.72,14.43,20.0,-27.9
2025-06-25 19:13:00,M0015,OP0014,T00162,,,2.89,14.43,0.2,0.04,0.17,2.72,14.43,20.0,-27.9
2025-06-25 19:25:00,M0015,OP0014,T00162,,,2.89,14.43,0.2,0.04,0.17,2.72,14.43,20.0,-27.9
2025-06-25 19:37:00,M0015,OP0014,T00162,,,2.65,14.43,0.18,0.03,0.15,2.49,14.43,20.0,-27.9
2025-04-20 06:25:00,M0011,OP0014,T00163,126.5,,1.69,8.43,0.2,0.02,0.05,1.63,8.43,10.5,-19.8
2025-04-20 06:37:00,M0011,OP0014,T00163,,,1.69,8.43,0.2,0.03,0.05,1.63,8.43,10.5,-19.8
2025-04-20 06:49:00,M0011,OP0014,T00163,,,1.69,8.43,0.2,0.03,0.05,1.63,8.43,10.5,-19.8
2025-04-20 07:01:00,M0011,OP0014,T00163,,,1.69,8.43,0.2,0.03,0.05,1.63,8.43,10.5,-19.8
2025-04-20 07:13:00,M0011,OP0014,T00163,,,1.69,8.43,0.2,0.03,0.05,1.63,8.43,10.5,-19.8
2025-04-20 07:25:00,M0011,OP0014,T00163,,,1.69,8.43,0.2,0.03,0.05,1.63,8.43,10.5,-19.8
2025-04-20 07:37:00,M0011,OP0014,T00163,,,1.69,8.43,0.2,0.02,0.05,1.63,8.43,10.5,-19.8
2025-04-20 07:49:00,M0011,OP0014,T00163,,,1.69,8.43,0.2,0.03,0.05,1.63,8.43,10.5,-19.8
2025-04-20 08:01:00,M0011,OP0014,T00163,,,1.12,8.43,0.13,0.01,0.03,1.09,8.43,10.5,-19.8
2025-09-09 14:08:00,M0011,OP0032,T00164,127.5,,1.62,8.12,0.2,0.02,0.07,1.56,8.12,10.5,-22.6
2025-09-09 14:20:00,M0011,OP0032,T00164,,,1.62,8.12,0.2,0.02,0.07,1.56,8.12,10.5,-22.6
2025-09-09 14:32:00,M0011,OP0032,T00164,,,1.62,8.12,0.2,0.02,0.07,1.56,8.12,10.5,-22.6
2025-09-09 14:44:00,M0011,OP0032,T00164,,,1.62,8.12,0.2,0.02,0.07,1.56,8.12,10.5,-22.6
2025-09-09 14:56:00,M0011,OP0032,T00164,,,1.62,8.12,0.2,0.01,0.07,1.56,8.12,10.5,-22.6
2025-09-09 15:08:00,M0011,OP0032,T00164,,,1.62,8.12,0.2,0.02,0.07,1.56,8.12,10.5,-22.6
2025-09-09 15:20:00,M0011,OP0032,T00164,,,1.62,8.12,0.2,0.02,0.07,1.56,8.12,10.5,-22.6
2025-09-09 15:32:00,M0011,OP0032,T00164,,,1.62,8.12,0.2,0.02,0.07,1.56,8.12,10.5,-22.6
2025-09-09 15:44:00,M0011,OP0032,T00164,,,1.62,8.12,0.2,0.01,0.07,1.56,8.12,10.5,-22.6
2025-09-09 15:56:00,M0011,OP0032,T00164,,,1.62,8.12,0.2,0.02,0.07,1.56,8.12,10.5,-22.6
2025-09-09 16:08:00,M0011,OP0032,T00164,,,1.62,8.12,0.2,0.02,0.07,1.56,8.12,10.5,-22.6
2025-09-09 16:20:00,M0011,OP0032,T00164,,,1.62,8.12,0.2,0.02,0.07,1.56,8.12,10.5,-22.6
2025-09-09 16:32:00,M0011,OP0032,T00164,,,1.35,8.12,0.17,0.01,0.05,1.3,8.12,10.5,-22.6
2025-08-01 13:17:00,M0038,OP0052,T00165,633.9,,3.74,18.69,0.2,0.04,0.27,3.47,18.69,25.0,-25.2
2025-08-01 13:29:00,M0038,OP0052,T00165,,,3.74,18.69,0.2,0.03,0.27,3.47,18.69,25.0,-25.2
2025-08-01 13:41:00,M0038,OP0052,T00165,,,3.74,18.69,0.2,0.05,0.27,3.47,18.69,25.0,-25.2
2025-08-01 13:53:00,M0038,OP0052,T00165,,,3.74,18.69,0.2,0.04,0.27,3.47,18.69,25.0,-25.2
2025-08-01 14:05:00,M0038,OP0052,T00165,,,3.74,18.69,0.2,0.05,0.27,3.47,18.69,25.0,-25.2
2025-08-01 14:17:00,M0038,OP0052,T00165,,,3.74,18.69,0.2,0.03,0.27,3.47,18.69,25.0,-25.2
2025-08-01 14:29:00,M0038,OP0052,T00165,,,3.74,18.69,0.2,0.04,0.27,3.47,18.69,25.0,-25.2
2025-08-01 14:41:00,M0038,OP0052,T00165,,,3.74,18.69,0.2,0.04,0.27,3.47,18.69,25.0,-25.2
2025-08-01 14:53:00,M0038,OP0052,T00165,,,3.74,18.69,0.2,0.03,0.27,3.47,18.69,25.0,-25.2
2025-08-01 15:05:00,M0038,OP0052,T00165,,,3.74,18.69,0.2,0.04,0.27,3.47,18.69,25.0,-25.2
2025-08-01 15:17:00,M0038,OP0052,T00165,,,3.74,18.69,0.2,0.04,0.27,3.47,18.69,25.0,-25.2
2025-08-01 15:29:00,M0038,OP0052,T00165,,,3.74,18.69,0.2,0.03,0.27,3.47,18.69,25.0,-25.2
2025-08-01 15:41:00,M0038,OP0052,T00165,,,3.74,18.69,0.2,0.05,0.27,3.47,18.69,25.0,-25.2
2025-08-01 15:53:00,M0038,OP0052,T00165,,,3.74,18.69,0.2,0.03,0.27,3.47,18.69,25.0,-25.2
2025-08-01 16:05:00,M0038,OP0052,T00165,,,3.74,18.69,0.2,0.04,0.27,3.47,18.69,25.0,-25.2
2025-08-01 16:17:00,M0038,OP0052,T00165,,,3.74,18.69,0.2,0.04,0.27,3.47,18.69,25.0,-25.2
2025-08-01 16:29:00,M0038,OP0052,T00165,,,3.74,18.69,0.2,0.05,0.27,3.47,18.69,25.0,-25.2
2025-08-01 16:41:00,M0038,OP0052,T00165,,,3.74,18.69,0.2,0.03,0.27,3.47,18.69,25.0,-25.2
2025-08-01 16:53:00,M0038,OP0052,T00165,,,3.74,18.69,0.2,0.03,0.27,3.47,18.69,25.0,-25.2
2025-08-01 17:05:00,M0038,OP0052,T00165,,,3.74,18.69,0.2,0.03,0.27,3.47,18.69,25.0,-25.2
2025-03-28 14:03:00,M0026,OP0026,T00166,310.9,,2.47,12.33,0.2,0.02,0.1,2.36,12.33,14.5,-15.0
2025-03-28 14:15:00,M0026,OP0026,T00166,,,2.47,12.33,0.2,0.02,0.1,2.36,12.33,14.5,-15.0
2025-03-28 14:27:00,M0026,OP0026,T00166,,,2.47,12.33,0.2,0.02,0.1,2.36,12.33,14.5,-15.0
2025-03-28 14:39:00,M0026,OP0026,T00166,,,2.47,12.33,0.2,0.02,0.1,2.36,12.33,14.5,-15.0
2025-03-28 14:51:00,M0026,OP0026,T00166,,,2.47,12.33,0.2,0.02,0.1,2.36,12.33,14.5,-15.0
2025-03-28 15:03:00,M0026,OP0026,T00166,,,2.47,12.33,0.2,0.01,0.1,2.36,12.33,14.5,-15.0
2025-03-28 15:15:00,M0026,OP0026,T00166,,,2.47,12.33,0.2,0.01,0.1,2.36,12.33,14.5,-15.0
2025-03-28 15:27:00,M0026,OP0026,T00166,,,2.47,12.33,0.2,0.02,0.1,2.36,12.33,14.5,-15.0
2025-03-28 15:39:00,M0026,OP0026,T00166,,,2.47,12.33,0.2,0.01,0.1,2.36,12.33,14.5,-15.0
2025-03-28 15:51:00,M0026,OP0026,T00166,,,2.47,12.33,0.2,0.02,0.1,2.36,12.33,14.5,-15.0
2025-03-28 16:03:00,M0026,OP0026,T00166,,,2.47,12.33,0.2,0.01,0.1,2.36,12.33,14.5,-15.0
2025-03-28 16:15:00,M0026,OP0026,T00166,,,2.47,12.33,0.2,0.02,0.1,2.36,12.33,14.5,-15.0
2025-03-28 16:27:00,M0026,OP0026,T00166,,,2.47,12.33,0.2,0.02,0.1,2.36,12.33,14.5,-15.0
2025-03-28 16:39:00,M0026,OP0026,T00166,,,2.47,12.33,0.2,0.02,0.1,2.36,12.33,14.5,-15.0
2025-03-28 16:51:00,M0026,OP0026,T00166,,,2.47,12.33,0.2,0.02,0.1,2.36,12.33,14.5,-15.0
2025-03-28 17:03:00,M0026,OP0026,T00166,,,2.47,12.33,0.2,0.02,0.1,2.36,12.33,14.5,-15.0
2025-03-28 17:15:00,M0026,OP0026,T00166,,,2.47,12.33,0.2,0.02,0.1,2.36,12.33,14.5,-15.0
2025-03-28 17:27:00,M0026,OP0026,T00166,,,2.47,12.33,0.2,0.02,0.1,2.36,12.33,14.5,-15.0
2025-05-20 09:15:00,M0002,OP0004,T00167,398.1,,3.45,17.25,0.2,0.01,0.11,3.34,17.25,19.5,-11.5
2025-05-20 09:27:00,M0002,OP0004,T00167,,,3.45,17.25,0.2,0.01,0.11,3.34,17.25,19.5,-11.5
2025-05-20 09:39:00,M0002,OP0004,T00167,,,3.45,17.25,0.2,0.01,0.11,3.34,17.25,19.5,-11.5
2025-05-20 09:51:00,M0002,OP0004,T00167,,,3.45,17.25,0.2,0.01,0.11,3.34,17.25,19.5,-11.5
2025-05-20 10:03:00,M0002,OP0004,T00167,,,3.45,17.25,0.2,0.01,0.11,3.34,17.25,19.5,-11.5
2025-05-20 10:15:00,M0002,OP0004,T00167,,,3.45,17.25,0.2,0.01,0.11,3.34,17.25,19.5,-11.5
2025-05-20 10:27:00,M0002,OP0004,T00167,,,3.45,17.25,0.2,0.01,0.11,3.34,17.25,19.5,-11.5
2025-05-20 10:39:00,M0002,OP0004,T00167,,,3.45,17.25,0.2,0.01,0.11,3.34,17.25,19.5,-11.5
2025-05-20 10:51:00,M0002,OP0004,T00167,,,3.45,17.25,0.2,0.01,0.11,3.34,17.25,19.5,-11.5
2025-05-20 11:03:00,M0002,OP0004,T00167,,,3.45,17.25,0.2,0.01,0.11,3.34,17.25,19.5,-11.5
2025-05-20 11:15:00,M0002,OP0004,T00167,,,3.45,17.25,0.2,0.01,0.11,3.34,17.25,19.5,-11.5
2025-05-20 11:27:00,M0002,OP0004,T00167,,,3.45,17.25,0.2,0.01,0.11,3.34,17.25,19.5,-11.5
2025-05-20 11:39:00,M0002,OP0004,T00167,,,3.45,17.25,0.2,0.01,0.11,3.34,17.25,19.5,-11.5
2025-05-20 11:51:00,M0002,OP0004,T00167,,,3.45,17.25,0.2,0.01,0.11,3.34,17.25,19.5,-11.5
2025-05-20 12:03:00,M0002,OP0004,T00167,,,3.45,17.25,0.2,0.01,0.11,3.34,17.25,19.5,-11.5
2025-05-20 12:15:00,M0002,OP0004,T00167,,,3.45,17.25,0.2,0.01,0.11,3.34,17.25,19.5,-11.5
2025-05-20 12:27:00,M0002,OP0004,T00167,,,3.45,17.25,0.2,0.01,0.11,3.34,17.25,19.5,-11.5
2025-05-20 12:39:00,M0002,OP0004,T00167,,,3.45,17.25,0.2,0.01,0.11,3.34,17.25,19.5,-11.5
2025-05-20 12:51:00,M0002,OP0004,T00167,,,3.45,17.25,0.2,0.01,0.11,3.34,17.25,19.5,-11.5
2025-05-20 13:03:00,M0002,OP0004,T00167,,,3.45,17.25,0.2,0.01,0.11,3.34,17.25,19.5,-11.5
2025-01-18 13:44:00,M0016,OP0039,T00168,189.5,,1.94,9.72,0.2,0.03,0.07,1.87,9.72,12.0,-19.0
2025-01-18 13:56:00,M0016,OP0039,T00168,,,1.94,9.72,0.2,0.04,0.07,1.87,9.72,12.0,-19.0
2025-01-18 14:08:00,M0016,OP0039,T00168,,,1.94,9.72,0.2,0.04,0.07,1.87,9.72,12.0,-19.0
2025-01-18 14:20:00,M0016,OP0039,T00168,,,1.94,9.72,0.2,0.03,0.07,1.87,9.72,12.0,-19.0
2025-01-18 14:32:00,M0016,OP0039,T00168,,,1.94,9.72,0.2,0.04,0.07,1.87,9.72,12.0,-19.0
2025-01-18 14:44:00,M0016,OP0039,T00168,,,1.94,9.72,0.2,0.04,0.07,1.87,9.72,12.0,-19.0
2025-01-18 14:56:00,M0016,OP0039,T00168,,,1.94,9.72,0.2,0.04,0.07,1.87,9.72,12.0,-19.0
2025-01-18 15:08:00,M0016,OP0039,T00168,,,1.94,9.72,0.2,0.04,0.07,1.87,9.72,12.0,-19.0
2025-01-18 15:20:00,M0016,OP0039,T00168,,,1.94,9.72,0.2,0.04,0.07,1.87,9.72,12.0,-19.0
2025-01-18 15:32:00,M0016,OP0039,T00168,,,1.94,9.72,0.2,0.03,0.07,1.87,9.72,12.0,-19.0
2025-01-18 15:44:00,M0016,OP0039,T00168,,,1.94,9.72,0.2,0.05,0.07,1.87,9.72,12.0,-19.0
2025-01-18 15:56:00,M0016,OP0039,T00168,,,1.94,9.72,0.2,0.04,0.07,1.87,9.72,12.0,-19.0
2025-01-18 16:08:00,M0016,OP0039,T00168,,,1.94,9.72,0.2,0.03,0.07,1.87,9.72,12.0,-19.0
2025-01-18 16:20:00,M0016,OP0039,T00168,,,1.94,9.72,0.2,0.04,0.07,1.87,9.72,12.0,-19.0
2025-01-18 16:32:00,M0016,OP0039,T00168,,,1.94,9.72,0.2,0.04,0.07,1.87,9.72,12.0,-19.0
2025-01-18 16:44:00,M0016,OP0039,T00168,,,1.94,9.72,0.2,0.03,0.07,1.87,9.72,12.0,-19.0
2025-01-18 16:56:00,M0016,OP0039,T00168,,,1.94,9.72,0.2,0.03,0.07,1.87,9.72,12.0,-19.0
2025-01-18 17:08:00,M0016,OP0039,T00168,,,1.94,9.72,0.2,0.05,0.07,1.87,9.72,12.0,-19.0
2025-01-18 17:20:00,M0016,OP0039,T00168,,,1.94,9.72,0.2,0.03,0.07,1.87,9.72,12.0,-19.0
2025-01-18 17:32:00,M0016,OP0039,T00168,,,1.94,9.72,0.2,0.04,0.07,1.87,9.72,12.0,-19.0
2025-07-20 13:15:00,M0032,OP0018,T00169,351.6,,3.34,16.72,0.2,0.04,0.19,3.15,16.72,25.0,-33.1
2025-07-20 13:27:00,M0032,OP0018,T00169,,,3.34,16.72,0.2,0.04,0.19,3.15,16.72,25.0,-33.1
2025-07-20 13:39:00,M0032,OP0018,T00169,,,3.34,16.72,0.2,0.03,0.19,3.15,16.72,25.0,-33.1
2025-07-20 13:51:00,M0032,OP0018,T00169,,,3.34,16.72,0.2,0.04,0.19,3.15,16.72,25.0,-33.1
2025-07-20 14:03:00,M0032,OP0018,T00169,,,3.34,16.72,0.2,0.03,0.19,3.15,16.72,25.0,-33.1
2025-07-20 14:15:00,M0032,OP0018,T00169,,,3.34,16.72,0.2,0.04,0.19,3.15,16.72,25.0,-33.1
2025-07-20 14:27:00,M0032,OP0018,T00169,,,3.34,16.72,0.2,0.04,0.19,3.15,16.72,25.0,-33.1
2025-07-20 14:39:00,M0032,OP0018,T00169,,,3.34,16.72,0.2,0.03,0.19,3.15,16.72,25.0,-33.1
2025-07-20 14:51:00,M0032,OP0018,T00169,,,3.34,16.72,0.2,0.04,0.19,3.15,16.72,25.0,-33.1
2025-07-20 15:03:00,M0032,OP0018,T00169,,,3.34,16.72,0.2,0.04,0.19,3.15,16.72,25.0,-33.1
2025-07-20 15:15:00,M0032,OP0018,T00169,,,3.34,16.72,0.2,0.04,0.19,3.15,16.72,25.0,-33.1
2025-07-20 15:27:00,M0032,OP0018,T00169,,,3.34,16.72,0.2,0.04,0.19,3.15,16.72,25.0,-33.1
2025-07-20 15:39:00,M0032,OP0018,T00169,,,3.34,16.72,0.2,0.03,0.19,3.15,16.72,25.0,-33.1
2025-07-20 15:51:00,M0032,OP0018,T00169,,,3.34,16.72,0.2,0.03,0.19,3.15,16.72,25.0,-33.1
2025-07-20 16:03:00,M0032,OP0018,T00169,,,3.34,16.72,0.2,0.04,0.19,3.15,16.72,25.0,-33.1
2025-07-20 16:15:00,M0032,OP0018,T00169,,,3.34,16.72,0.2,0.04,0.19,3.15,16.72,25.0,-33.1
2025-07-20 16:27:00,M0032,OP0018,T00169,,,3.34,16.72,0.2,0.04,0.19,3.15,16.72,25.0,-33.1
2025-07-20 16:39:00,M0032,OP0018,T00169,,,3.34,16.72,0.2,0.04,0.19,3.15,16.72,25.0,-33.1
2025-07-20 16:51:00,M0032,OP0018,T00169,,,3.34,16.72,0.2,0.03,0.19,3.15,16.72,25.0,-33.1
2025-07-20 17:03:00,M0032,OP0018,T00169,,,3.34,16.72,0.2,0.03,0.19,3.15,16.72,25.0,-33.1
2025-01-09 08:54:00,M0002,OP0050,T00170,517.3,,2.97,14.85,0.2,0.02,0.16,2.81,14.85,19.5,-23.9
2025-01-09 09:06:00,M0002,OP0050,T00170,,,2.97,14.85,0.2,0.02,0.16,2.81,14.85,19.5,-23.9
2025-01-09 09:18:00,M0002,OP0050,T00170,,,2.97,14.85,0.2,0.02,0.16,2.81,14.85,19.5,-23.9
2025-01-09 09:30:00,M0002,OP0050,T00170,,,2.97,14.85,0.2,0.02,0.16,2.81,14.85,19.5,-23.9
2025-01-09 09:42:00,M0002,OP0050,T00170,,,2.97,14.85,0.2,0.03,0.16,2.81,14.85,19.5,-23.9
2025-01-09 09:54:00,M0002,OP0050,T00170,,,2.97,14.85,0.2,0.02,0.16,2.81,14.85,19.5,-23.9
2025-01-09 10:06:00,M0002,OP0050,T00170,,,2.97,14.85,0.2,0.02,0.16,2.81,14.85,19.5,-23.9
2025-01-09 10:18:00,M0002,OP0050,T00170,,,2.97,14.85,0.2,0.02,0.16,2.81,14.85,19.5,-23.9
2025-01-09 10:30:00,M0002,OP0050,T00170,,,2.97,14.85,0.2,0.02,0.16,2.81,14.85,19.5,-23.9
2025-01-09 10:42:00,M0002,OP0050,T00170,,,2.97,14.85,0.2,0.02,0.16,2.81,14.85,19.5,-23.9
2025-01-09 10:54:00,M0002,OP0050,T00170,,,2.97,14.85,0.2,0.03,0.16,2.81,14.85,19.5,-23.9
2025-01-09 11:06:00,M0002,OP0050,T00170,,,2.97,14.85,0.2,0.02,0.16,2.81,14.85,19.5,-23.9
2025-01-09 11:18:00,M0002,OP0050,T00170,,,2.97,14.85,0.2,0.02,0.16,2.81,14.85,19.5,-23.9
2025-01-09 11:30:00,M0002,OP0050,T00170,,,2.97,14.85,0.2,0.02,0.16,2.81,14.85,19.5,-23.9
2025-01-09 11:42:00,M0002,OP0050,T00170,,,2.97,14.85,0.2,0.02,0.16,2.81,14.85,19.5,-23.9
2025-01-09 11:54:00,M0002,OP0050,T00170,,,2.97,14.85,0.2,0.03,0.16,2.81,14.85,19.5,-23.9
2025-01-09 12:06:00,M0002,OP0050,T00170,,,2.97,14.85,0.2,0.01,0.16,2.81,14.85,19.5,-23.9
2025-01-09 12:18:00,M0002,OP0050,T00170,,,2.97,14.85,0.2,0.02,0.16,2.81,14.85,19.5,-23.9
2025-01-09 12:30:00,M0002,OP0050,T00170,,,2.97,14.85,0.2,0.01,0.16,2.81,14.85,19.5,-23.9
2025-01-09 12:42:00,M0002,OP0050,T00170,,,2.97,14.85,0.2,0.02,0.16,2.81,14.85,19.5,-23.9
2025-08-20 07:56:00,M0031,OP0027,T00174,229.0,,2.13,10.63,0.2,0.04,0.24,1.88,10.63,19.5,-45.5
2025-08-20 08:08:00,M0031,OP0027,T00174,,,2.13,10.63,0.2,0.06,0.24,1.88,10.63,19.5,-45.5
2025-08-20 08:20:00,M0031,OP0027,T00174,,,2.13,10.63,0.2,0.04,0.24,1.88,10.63,19.5,-45.5
2025-08-20 08:32:00,M0031,OP0027,T00174,,,2.13,10.63,0.2,0.07,0.24,1.88,10.63,19.5,-45.5
2025-08-20 08:44:00,M0031,OP0027,T00174,,,2.13,10.63,0.2,0.06,0.24,1.88,10.63,19.5,-45.5
2025-08-20 08:56:00,M0031,OP0027,T00174,,,2.13,10.63,0.2,0.06,0.24,1.88,10.63,19.5,-45.5
2025-08-20 09:08:00,M0031,OP0027,T00174,,,2.13,10.63,0.2,0.05,0.24,1.88,10.63,19.5,-45.5
2025-08-20 09:20:00,M0031,OP0027,T00174,,,2.13,10.63,0.2,0.06,0.24,1.88,10.63,19.5,-45.5
2025-08-20 09:32:00,M0031,OP0027,T00174,,,2.13,10.63,0.2,0.07,0.24,1.88,10.63,19.5,-45.5
2025-08-20 09:44:00,M0031,OP0027,T00174,,,2.13,10.63,0.2,0.05,0.24,1.88,10.63,19.5,-45.5
2025-08-20 09:56:00,M0031,OP0027,T00174,,,2.13,10.63,0.2,0.04,0.24,1.88,10.63,19.5,-45.5
2025-08-20 10:08:00,M0031,OP0027,T00174,,,2.13,10.63,0.2,0.05,0.24,1.88,10.63,19.5,-45.5
2025-08-20 10:20:00,M0031,OP0027,T00174,,,2.13,10.63,0.2,0.07,0.24,1.88,10.63,19.5,-45.5
2025-08-20 10:32:00,M0031,OP0027,T00174,,,2.13,10.63,0.2,0.07,0.24,1.88,10.63,19.5,-45.5
2025-08-20 10:44:00,M0031,OP0027,T00174,,,2.13,10.63,0.2,0.07,0.24,1.88,10.63,19.5,-45.5
2025-08-20 10:56:00,M0031,OP0027,T00174,,,2.13,10.63,0.2,0.05,0.24,1.88,10.63,19.5,-45.5
2025-08-20 11:08:00,M0031,OP0027,T00174,,,2.13,10.63,0.2,0.04,0.24,1.88,10.63,19.5,-45.5
2025-08-20 11:20:00,M0031,OP0027,T00174,,,2.13,10.63,0.2,0.06,0.24,1.88,10.63,19.5,-45.5
2025-08-20 11:32:00,M0031,OP0027,T00174,,,2.13,10.63,0.2,0.05,0.24,1.88,10.63,19.5,-45.5
2025-08-20 11:44:00,M0031,OP0027,T00174,,,2.13,10.63,0.2,0.07,0.24,1.88,10.63,19.5,-45.5
2025-05-09 09:56:00,M0014,OP0051,T00175,401.5,,3.68,18.38,0.2,0.04,0.25,3.43,18.38,28.0,-34.4
2025-05-09 10:08:00,M0014,OP0051,T00175,,,3.68,18.38,0.2,0.05,0.25,3.43,18.38,28.0,-34.4
2025-05-09 10:20:00,M0014,OP0051,T00175,,,1.23,18.38,0.07,0.02,0.08,1.14,18.38,28.0,-34.4
2025-06-07 11:10:00,M0006,OP0054,T00176,105.2,,1.77,8.86,0.2,0.01,0.06,1.71,8.86,10.5,-15.6
2025-06-07 11:22:00,M0006,OP0054,T00176,,,1.77,8.86,0.2,0.01,0.06,1.71,8.86,10.5,-15.6
2025-06-07 11:34:00,M0006,OP0054,T00176,,,1.77,8.86,0.2,0.01,0.06,1.71,8.86,10.5,-15.6
2025-06-07 11:46:00,M0006,OP0054,T00176,,,1.77,8.86,0.2,0.01,0.06,1.71,8.86,10.5,-15.6
2025-06-07 11:58:00,M0006,OP0054,T00176,,,1.77,8.86,0.2,0.02,0.06,1.71,8.86,10.5,-15.6
2025-06-07 12:10:00,M0006,OP0054,T00176,,,1.77,8.86,0.2,0.01,0.06,1.71,8.86,10.5,-15.6
2025-06-07 12:22:00,M0006,OP0054,T00176,,,1.77,8.86,0.2,0.01,0.06,1.71,8.86,10.5,-15.6
2025-06-07 12:34:00,M0006,OP0054,T00176,,,1.77,8.86,0.2,0.01,0.06,1.71,8.86,10.5,-15.6
2025-06-07 12:46:00,M0006,OP0054,T00176,,,1.77,8.86,0.2,0.02,0.06,1.71,8.86,10.5,-15.6
2025-06-07 12:58:00,M0006,OP0054,T00176,,,0.89,8.86,0.1,0.0,0.03,0.86,8.86,10.5,-15.6
2025-07-25 11:53:00,M0023,OP0014,T00177,294.6,,2.82,14.1,0.2,0.02,0.16,2.66,14.1,19.5,-27.7
2025-07-25 12:05:00,M0023,OP0014,T00177,,,2.82,14.1,0.2,0.02,0.16,2.66,14.1,19.5,-27.7
2025-07-25 12:17:00,M0023,OP0014,T00177,,,2.82,14.1,0.2,0.02,0.16,2.66,14.1,19.5,-27.7
2025-07-25 12:29:00,M0023,OP0014,T00177,,,2.82,14.1,0.2,0.03,0.16,2.66,14.1,19.5,-27.7
2025-07-25 12:41:00,M0023,OP0014,T00177,,,2.82,14.1,0.2,0.02,0.16,2.66,14.1,19.5,-27.7
2025-07-25 12:53:00,M0023,OP0014,T00177,,,2.82,14.1,0.2,0.03,0.16,2.66,14.1,19.5,-27.7
2025-07-25 13:05:00,M0023,OP0014,T00177,,,2.82,14.1,0.2,0.03,0.16,2.66,14.1,19.5,-27.7
2025-07-25 13:17:00,M0023,OP0014,T00177,,,2.82,14.1,0.2,0.02,0.16,2.66,14.1,19.5,-27.7
2025-07-25 13:29:00,M0023,OP0014,T00177,,,2.82,14.1,0.2,0.03,0.16,2.66,14.1,19.5,-27.7
2025-07-25 13:41:00,M0023,OP0014,T00177,,,2.82,14.1,0.2,0.03,0.16,2.66,14.1,19.5,-27.7
2025-07-25 13:53:00,M0023,OP0014,T00177,,,2.82,14.1,0.2,0.03,0.16,2.66,14.1,19.5,-27.7
2025-07-25 14:05:00,M0023,OP0014,T00177,,,2.82,14.1,0.2,0.02,0.16,2.66,14.1,19.5,-27.7
2025-07-25 14:17:00,M0023,OP0014,T00177,,,2.82,14.1,0.2,0.03,0.16,2.66,14.1,19.5,-27.7
2025-07-25 14:29:00,M0023,OP0014,T00177,,,2.82,14.1,0.2,0.03,0.16,2.66,14.1,19.5,-27.7
2025-07-25 14:41:00,M0023,OP0014,T00177,,,2.82,14.1,0.2,0.02,0.16,2.66,14.1,19.5,-27.7
2025-07-25 14:53:00,M0023,OP0014,T00177,,,2.82,14.1,0.2,0.02,0.16,2.66,14.1,19.5,-27.7
2025-07-25 15:05:00,M0023,OP0014,T00177,,,2.82,14.1,0.2,0.03,0.16,2.66,14.1,19.5,-27.7
2025-07-25 15:17:00,M0023,OP0014,T00177,,,2.82,14.1,0.2,0.03,0.16,2.66,14.1,19.5,-27.7
2025-07-25 15:29:00,M0023,OP0014,T00177,,,2.82,14.1,0.2,0.02,0.16,2.66,14.1,19.5,-27.7
2025-07-25 15:41:00,M0023,OP0014,T00177,,,2.82,14.1,0.2,0.02,0.16,2.66,14.1,19.5,-27.7
2025-03-13 06:46:00,M0009,OP0011,T00178,173.6,,2.99,14.95,0.2,0.03,0.21,2.78,14.95,20.0,-25.3
2025-03-13 06:58:00,M0009,OP0011,T00178,,,2.99,14.95,0.2,0.03,0.21,2.78,14.95,20.0,-25.3
2025-03-13 07:10:00,M0009,OP0011,T00178,,,2.99,14.95,0.2,0.04,0.21,2.78,14.95,20.0,-25.3
2025-03-13 07:22:00,M0009,OP0011,T00178,,,2.99,14.95,0.2,0.04,0.21,2.78,14.95,20.0,-25.3
2025-03-13 07:34:00,M0009,OP0011,T00178,,,2.99,14.95,0.2,0.04,0.21,2.78,14.95,20.0,-25.3
2025-03-13 07:46:00,M0009,OP0011,T00178,,,2.99,14.95,0.2,0.04,0.21,2.78,14.95,20.0,-25.3
2025-03-13 07:58:00,M0009,OP0011,T00178,,,2.99,14.95,0.2,0.03,0.21,2.78,14.95,20.0,-25.3
2025-03-13 08:10:00,M0009,OP0011,T00178,,,2.49,14.95,0.17,0.03,0.17,2.32,14.95,20.0,-25.3
2025-07-21 11:58:00,M0001,OP0045,T00179,522.2,,3.38,16.9,0.2,0.06,0.17,3.21,16.9,20.0,-15.5
2025-07-21 12:10:00,M0001,OP0045,T00179,,,3.38,16.9,0.2,0.05,0.17,3.21,16.9,20.0,-15.5
2025-07-21 12:22:00,M0001,OP0045,T00179,,,3.38,16.9,0.2,0.08,0.17,3.21,16.9,20.0,-15.5
2025-07-21 12:34:00,M0001,OP0045,T00179,,,3.38,16.9,0.2,0.05,0.17,3.21,16.9,20.0,-15.5
2025-07-21 12:46:00,M0001,OP0045,T00179,,,3.38,16.9,0.2,0.05,0.17,3.21,16.9,20.0,-15.5
2025-07-21 12:58:00,M0001,OP0045,T00179,,,3.38,16.9,0.2,0.06,0.17,3.21,16.9,20.0,-15.5
2025-07-21 13:10:00,M0001,OP0045,T00179,,,3.38,16.9,0.2,0.06,0.17,3.21,16.9,20.0,-15.5
2025-07-21 13:22:00,M0001,OP0045,T00179,,,3.38,16.9,0.2,0.05,0.17,3.21,16.9,20.0,-15.5
2025-07-21 13:34:00,M0001,OP0045,T00179,,,3.38,16.9,0.2,0.05,0.17,3.21,16.9,20.0,-15.5
2025-07-21 13:46:00,M0001,OP0045,T00179,,,3.38,16.9,0.2,0.08,0.17,3.21,16.9,20.0,-15.5
2025-07-21 13:58:00,M0001,OP0045,T00179,,,3.38,16.9,0.2,0.08,0.17,3.21,16.9,20.0,-15.5
2025-07-21 14:10:00,M0001,OP0045,T00179,,,3.38,16.9,0.2,0.06,0.17,3.21,16.9,20.0,-15.5
2025-07-21 14:22:00,M0001,OP0045,T00179,,,3.38,16.9,0.2,0.07,0.17,3.21,16.9,20.0,-15.5
2025-07-21 14:34:00,M0001,OP0045,T00179,,,0.56,16.9,0.03,0.01,0.03,0.54,16.9,20.0,-15.5
2025-05-01 14:18:00,M0015,OP0051,T00180,298.4,,2.77,13.86,0.2,0.03,0.25,2.52,13.86,20.0,-30.7
2025-05-01 14:30:00,M0015,OP0051,T00180,,,2.77,13.86,0.2,0.03,0.25,2.52,13.86,20.0,-30.7
2025-05-01 14:42:00,M0015,OP0051,T00180,,,2.77,13.86,0.2,0.03,0.25,2.52,13.86,20.0,-30.7
2025-05-01 14:54:00,M0015,OP0051,T00180,,,2.77,13.86,0.2,0.03,0.25,2.52,13.86,20.0,-30.7
2025-05-01 15:06:00,M0015,OP0051,T00180,,,2.77,13.86,0.2,0.04,0.25,2.52,13.86,20.0,-30.7
2025-05-01 15:18:00,M0015,OP0051,T00180,,,0.92,13.86,0.07,0.01,0.08,0.84,13.86,20.0,-30.7
2025-01-19 06:31:00,M0035,OP0021,T00181,352.3,,2.24,11.18,0.2,0.05,0.13,2.11,11.18,14.5,-22.9
2025-01-19 06:43:00,M0035,OP0021,T00181,,,2.24,11.18,0.2,0.04,0.13,2.11,11.18,14.5,-22.9
2025-01-19 06:55:00,M0035,OP0021,T00181,,,2.24,11.18,0.2,0.04,0.13,2.11,11.18,14.5,-22.9
2025-01-19 07:07:00,M0035,OP0021,T00181,,,2.24,11.18,0.2,0.04,0.13,2.11,11.18,14.5,-22.9
2025-01-19 07:19:00,M0035,OP0021,T00181,,,2.24,11.18,0.2,0.04,0.13,2.11,11.18,14.5,-22.9
2025-01-19 07:31:00,M0035,OP0021,T00181,,,2.24,11.18,0.2,0.05,0.13,2.11,11.18,14.5,-22.9
2025-01-19 07:43:00,M0035,OP0021,T00181,,,2.24,11.18,0.2,0.04,0.13,2.11,11.18,14.5,-22.9
2025-01-19 07:55:00,M0035,OP0021,T00181,,,2.24,11.18,0.2,0.03,0.13,2.11,11.18,14.5,-22.9
2025-01-19 08:07:00,M0035,OP0021,T00181,,,2.24,11.18,0.2,0.05,0.13,2.11,11.18,14.5,-22.9
2025-01-19 08:19:00,M0035,OP0021,T00181,,,2.24,11.18,0.2,0.04,0.13,2.11,11.18,14.5,-22.9
2025-01-19 08:31:00,M0035,OP0021,T00181,,,2.24,11.18,0.2,0.05,0.13,2.11,11.18,14.5,-22.9
2025-01-19 08:43:00,M0035,OP0021,T00181,,,2.24,11.18,0.2,0.04,0.13,2.11,11.18,14.5,-22.9
2025-01-19 08:55:00,M0035,OP0021,T00181,,,2.24,11.18,0.2,0.04,0.13,2.11,11.18,14.5,-22.9
2025-01-19 09:07:00,M0035,OP0021,T00181,,,2.24,11.18,0.2,0.04,0.13,2.11,11.18,14.5,-22.9
2025-01-19 09:19:00,M0035,OP0021,T00181,,,2.24,11.18,0.2,0.05,0.13,2.11,11.18,14.5,-22.9
2025-01-19 09:31:00,M0035,OP0021,T00181,,,2.24,11.18,0.2,0.04,0.13,2.11,11.18,14.5,-22.9
2025-01-19 09:43:00,M0035,OP0021,T00181,,,2.24,11.18,0.2,0.05,0.13,2.11,11.18,14.5,-22.9
2025-01-19 09:55:00,M0035,OP0021,T00181,,,1.68,11.18,0.15,0.04,0.1,1.58,11.18,14.5,-22.9
2025-09-25 11:43:00,M0035,OP0045,T00182,253.2,,2.52,12.6,0.2,0.05,0.1,2.42,12.6,14.5,-13.1
2025-09-25 11:55:00,M0035,OP0045,T00182,,,2.52,12.6,0.2,0.04,0.1,2.42,12.6,14.5,-13.1
2025-09-25 12:07:00,M0035,OP0045,T00182,,,2.52,12.6,0.2,0.06,0.1,2.42,12.6,14.5,-13.1
2025-09-25 12:19:00,M0035,OP0045,T00182,,,2.52,12.6,0.2,0.05,0.1,2.42,12.6,14.5,-13.1
2025-09-25 12:31:00,M0035,OP0045,T00182,,,2.52,12.6,0.2,0.04,0.1,2.42,12.6,14.5,-13.1
2025-09-25 12:43:00,M0035,OP0045,T00182,,,2.52,12.6,0.2,0.05,0.1,2.42,12.6,14.5,-13.1
2025-09-25 12:55:00,M0035,OP0045,T00182,,,2.52,12.6,0.2,0.05,0.1,2.42,12.6,14.5,-13.1
2025-09-25 13:07:00,M0035,OP0045,T00182,,,2.52,12.6,0.2,0.05,0.1,2.42,12.6,14.5,-13.1
2025-09-25 13:19:00,M0035,OP0045,T00182,,,2.52,12.6,0.2,0.06,0.1,2.42,12.6,14.5,-13.1
2025-09-25 13:31:00,M0035,OP0045,T00182,,,2.52,12.6,0.2,0.06,0.1,2.42,12.6,14.5,-13.1
2025-09-25 13:43:00,M0035,OP0045,T00182,,,2.52,12.6,0.2,0.05,0.1,2.42,12.6,14.5,-13.1
2025-09-25 13:55:00,M0035,OP0045,T00182,,,2.52,12.6,0.2,0.05,0.1,2.42,12.6,14.5,-13.1
2025-09-25 14:07:00,M0035,OP0045,T00182,,,2.52,12.6,0.2,0.05,0.1,2.42,12.6,14.5,-13.1
2025-09-25 14:19:00,M0035,OP0045,T00182,,,2.52,12.6,0.2,0.05,0.1,2.42,12.6,14.5,-13.1
2025-09-25 14:31:00,M0035,OP0045,T00182,,,2.52,12.6,0.2,0.04,0.1,2.42,12.6,14.5,-13.1
2025-09-25 14:43:00,M0035,OP0045,T00182,,,2.52,12.6,0.2,0.04,0.1,2.42,12.6,14.5,-13.1
2025-09-25 14:55:00,M0035,OP0045,T00182,,,2.52,12.6,0.2,0.06,0.1,2.42,12.6,14.5,-13.1
2025-09-25 15:07:00,M0035,OP0045,T00182,,,2.52,12.6,0.2,0.05,0.1,2.42,12.6,14.5,-13.1
2025-09-25 15:19:00,M0035,OP0045,T00182,,,2.52,12.6,0.2,0.06,0.1,2.42,12.6,14.5,-13.1
2025-09-25 15:31:00,M0035,OP0045,T00182,,,2.52,12.6,0.2,0.04,0.1,2.42,12.6,14.5,-13.1
2025-02-18 13:51:00,M0014,OP0006,T00183,416.4,,5.16,25.79,0.2,0.02,0.27,4.89,25.79,28.0,-7.9
2025-02-18 14:03:00,M0014,OP0006,T00183,,,5.16,25.79,0.2,0.03,0.27,4.89,25.79,28.0,-7.9
2025-02-18 14:15:00,M0014,OP0006,T00183,,,5.16,25.79,0.2,0.02,0.27,4.89,25.79,28.0,-7.9
2025-02-18 14:27:00,M0014,OP0006,T00183,,,5.16,25.79,0.2,0.03,0.27,4.89,25.79,28.0,-7.9
2025-02-18 14:39:00,M0014,OP0006,T00183,,,5.16,25.79,0.2,0.03,0.27,4.89,25.79,28.0,-7.9
2025-02-18 14:51:00,M0014,OP0006,T00183,,,5.16,25.79,0.2,0.02,0.27,4.89,25.79,28.0,-7.9
2025-02-18 15:03:00,M0014,OP0006,T00183,,,5.16,25.79,0.2,0.02,0.27,4.89,25.79,28.0,-7.9
2025-02-18 15:15:00,M0014,OP0006,T00183,,,5.16,25.79,0.2,0.03,0.27,4.89,25.79,28.0,-7.9
2025-02-18 15:27:00,M0014,OP0006,T00183,,,5.16,25.79,0.2,0.03,0.27,4.89,25.79,28.0,-7.9
2025-02-18 15:39:00,M0014,OP0006,T00183,,,5.16,25.79,0.2,0.04,0.27,4.89,25.79,28.0,-7.9
2025-02-18 15:51:00,M0014,OP0006,T00183,,,5.16,25.79,0.2,0.03,0.27,4.89,25.79,28.0,-7.9
2025-02-18 16:03:00,M0014,OP0006,T00183,,,5.16,25.79,0.2,0.02,0.27,4.89,25.79,28.0,-7.9
2025-02-18 16:15:00,M0014,OP0006,T00183,,,5.16,25.79,0.2,0.03,0.27,4.89,25.79,28.0,-7.9
2025-02-18 16:27:00,M0014,OP0006,T00183,,,5.16,25.79,0.2,0.02,0.27,4.89,25.79,28.0,-7.9
2025-02-18 16:39:00,M0014,OP0006,T00183,,,5.16,25.79,0.2,0.03,0.27,4.89,25.79,28.0,-7.9
2025-02-18 16:51:00,M0014,OP0006,T00183,,,5.16,25.79,0.2,0.02,0.27,4.89,25.79,28.0,-7.9
2025-02-18 17:03:00,M0014,OP0006,T00183,,,5.16,25.79,0.2,0.03,0.27,4.89,25.79,28.0,-7.9
2025-02-18 17:15:00,M0014,OP0006,T00183,,,5.16,25.79,0.2,0.03,0.27,4.89,25.79,28.0,-7.9
2025-02-18 17:27:00,M0014,OP0006,T00183,,,5.16,25.79,0.2,0.03,0.27,4.89,25.79,28.0,-7.9
2025-02-18 17:39:00,M0014,OP0006,T00183,,,5.16,25.79,0.2,0.03,0.27,4.89,25.79,28.0,-7.9
2025-04-07 09:42:00,M0024,OP0010,T00184,329.5,,3.09,15.44,0.2,0.03,0.24,2.85,15.44,19.5,-20.8
2025-04-07 09:54:00,M0024,OP0010,T00184,,,3.09,15.44,0.2,0.02,0.24,2.85,15.44,19.5,-20.8
2025-04-07 10:06:00,M0024,OP0010,T00184,,,3.09,15.44,0.2,0.02,0.24,2.85,15.44,19.5,-20.8
2025-04-07 10:18:00,M0024,OP0010,T00184,,,3.09,15.44,0.2,0.02,0.24,2.85,15.44,19.5,-20.8
2025-04-07 10:30:00,M0024,OP0010,T00184,,,3.09,15.44,0.2,0.02,0.24,2.85,15.44,19.5,-20.8
2025-04-07 10:42:00,M0024,OP0010,T00184,,,3.09,15.44,0.2,0.02,0.24,2.85,15.44,19.5,-20.8
2025-04-07 10:54:00,M0024,OP0010,T00184,,,3.09,15.44,0.2,0.02,0.24,2.85,15.44,19.5,-20.8
2025-04-07 11:06:00,M0024,OP0010,T00184,,,3.09,15.44,0.2,0.02,0.24,2.85,15.44,19.5,-20.8
2025-04-07 11:18:00,M0024,OP0010,T00184,,,3.09,15.44,0.2,0.02,0.24,2.85,15.44,19.5,-20.8
2025-04-07 11:30:00,M0024,OP0010,T00184,,,3.09,15.44,0.2,0.02,0.24,2.85,15.44,19.5,-20.8
2025-04-07 11:42:00,M0024,OP0010,T00184,,,3.09,15.44,0.2,0.02,0.24,2.85,15.44,19.5,-20.8
2025-04-07 11:54:00,M0024,OP0010,T00184,,,3.09,15.44,0.2,0.02,0.24,2.85,15.44,19.5,-20.8
2025-04-07 12:06:00,M0024,OP0010,T00184,,,3.09,15.44,0.2,0.02,0.24,2.85,15.44,19.5,-20.8
2025-04-07 12:18:00,M0024,OP0010,T00184,,,3.09,15.44,0.2,0.02,0.24,2.85,15.44,19.5,-20.8
2025-04-07 12:30:00,M0024,OP0010,T00184,,,3.09,15.44,0.2,0.02,0.24,2.85,15.44,19.5,-20.8
2025-04-07 12:42:00,M0024,OP0010,T00184,,,3.09,15.44,0.2,0.03,0.24,2.85,15.44,19.5,-20.8
2025-04-07 12:54:00,M0024,OP0010,T00184,,,3.09,15.44,0.2,0.02,0.24,2.85,15.44,19.5,-20.8
2025-04-07 13:06:00,M0024,OP0010,T00184,,,3.09,15.44,0.2,0.02,0.24,2.85,15.44,19.5,-20.8
2025-04-07 13:18:00,M0024,OP0010,T00184,,,3.09,15.44,0.2,0.02,0.24,2.85,15.44,19.5,-20.8
2025-04-07 13:30:00,M0024,OP0010,T00184,,,3.09,15.44,0.2,0.02,0.24,2.85,15.44,19.5,-20.8
2025-04-18 15:47:00,M0035,OP0004,T00185,326.8,,2.12,10.58,0.2,0.03,0.19,1.93,10.58,14.5,-27.0
2025-04-18 15:59:00,M0035,OP0004,T00185,,,2.12,10.58,0.2,0.03,0.19,1.93,10.58,14.5,-27.0
2025-04-18 16:11:00,M0035,OP0004,T00185,,,2.12,10.58,0.2,0.03,0.19,1.93,10.58,14.5,-27.0
2025-04-18 16:23:00,M0035,OP0004,T00185,,,2.12,10.58,0.2,0.03,0.19,1.93,10.58,14.5,-27.0
2025-04-18 16:35:00,M0035,OP0004,T00185,,,2.12,10.58,0.2,0.03,0.19,1.93,10.58,14.5,-27.0
2025-04-18 16:47:00,M0035,OP0004,T00185,,,2.12,10.58,0.2,0.02,0.19,1.93,10.58,14.5,-27.0
2025-04-18 16:59:00,M0035,OP0004,T00185,,,2.12,10.58,0.2,0.03,0.19,1.93,10.58,14.5,-27.0
2025-04-18 17:11:00,M0035,OP0004,T00185,,,2.12,10.58,0.2,0.03,0.19,1.93,10.58,14.5,-27.0
2025-04-18 17:23:00,M0035,OP0004,T00185,,,2.12,10.58,0.2,0.03,0.19,1.93,10.58,14.5,-27.0
2025-04-18 17:35:00,M0035,OP0004,T00185,,,2.12,10.58,0.2,0.02,0.19,1.93,10.58,14.5,-27.0
2025-04-18 17:47:00,M0035,OP0004,T00185,,,2.12,10.58,0.2,0.03,0.19,1.93,10.58,14.5,-27.0
2025-04-18 17:59:00,M0035,OP0004,T00185,,,2.12,10.58,0.2,0.03,0.19,1.93,10.58,14.5,-27.0
2025-04-18 18:11:00,M0035,OP0004,T00185,,,2.12,10.58,0.2,0.03,0.19,1.93,10.58,14.5,-27.0
2025-04-18 18:23:00,M0035,OP0004,T00185,,,2.12,10.58,0.2,0.03,0.19,1.93,10.58,14.5,-27.0
2025-04-18 18:35:00,M0035,OP0004,T00185,,,2.12,10.58,0.2,0.03,0.19,1.93,10.58,14.5,-27.0
2025-04-18 18:47:00,M0035,OP0004,T00185,,,2.12,10.58,0.2,0.04,0.19,1.93,10.58,14.5,-27.0
2025-04-18 18:59:00,M0035,OP0004,T00185,,,2.12,10.58,0.2,0.04,0.19,1.93,10.58,14.5,-27.0
2025-04-18 19:11:00,M0035,OP0004,T00185,,,2.12,10.58,0.2,0.02,0.19,1.93,10.58,14.5,-27.0
2025-04-18 19:23:00,M0035,OP0004,T00185,,,2.12,10.58,0.2,0.03,0.19,1.93,10.58,14.5,-27.0
2025-04-18 19:35:00,M0035,OP0004,T00185,,,2.12,10.58,0.2,0.03,0.19,1.93,10.58,14.5,-27.0
2025-08-26 11:14:00,M0014,OP0051,T00186,617.4,,3.66,18.31,0.2,0.03,0.25,3.41,18.31,28.0,-34.6
2025-08-26 11:26:00,M0014,OP0051,T00186,,,3.66,18.31,0.2,0.03,0.25,3.41,18.31,28.0,-34.6
2025-08-26 11:38:00,M0014,OP0051,T00186,,,3.66,18.31,0.2,0.05,0.25,3.41,18.31,28.0,-34.6
2025-08-26 11:50:00,M0014,OP0051,T00186,,,3.66,18.31,0.2,0.03,0.25,3.41,18.31,28.0,-34.6
2025-08-26 12:02:00,M0014,OP0051,T00186,,,3.66,18.31,0.2,0.05,0.25,3.41,18.31,28.0,-34.6
2025-08-26 12:14:00,M0014,OP0051,T00186,,,3.66,18.31,0.2,0.04,0.25,3.41,18.31,28.0,-34.6
2025-08-26 12:26:00,M0014,OP0051,T00186,,,3.66,18.31,0.2,0.04,0.25,3.41,18.31,28.0,-34.6
2025-08-26 12:38:00,M0014,OP0051,T00186,,,3.66,18.31,0.2,0.03,0.25,3.41,18.31,28.0,-34.6
2025-08-26 12:50:00,M0014,OP0051,T00186,,,3.66,18.31,0.2,0.03,0.25,3.41,18.31,28.0,-34.6
2025-08-26 13:02:00,M0014,OP0051,T00186,,,3.66,18.31,0.2,0.03,0.25,3.41,18.31,28.0,-34.6
2025-08-26 13:14:00,M0014,OP0051,T00186,,,3.66,18.31,0.2,0.04,0.25,3.41,18.31,28.0,-34.6
2025-08-26 13:26:00,M0014,OP0051,T00186,,,3.66,18.31,0.2,0.04,0.25,3.41,18.31,28.0,-34.6
2025-08-26 13:38:00,M0014,OP0051,T00186,,,3.66,18.31,0.2,0.04,0.25,3.41,18.31,28.0,-34.6
2025-08-26 13:50:00,M0014,OP0051,T00186,,,3.66,18.31,0.2,0.05,0.25,3.41,18.31,28.0,-34.6
2025-08-26 14:02:00,M0014,OP0051,T00186,,,3.66,18.31,0.2,0.05,0.25,3.41,18.31,28.0,-34.6
2025-08-26 14:14:00,M0014,OP0051,T00186,,,3.66,18.31,0.2,0.04,0.25,3.41,18.31,28.0,-34.6
2025-08-26 14:26:00,M0014,OP0051,T00186,,,3.66,18.31,0.2,0.05,0.25,3.41,18.31,28.0,-34.6
2025-08-26 14:38:00,M0014,OP0051,T00186,,,0.61,18.31,0.03,0.01,0.04,0.57,18.31,28.0,-34.6
2025-09-16 10:06:00,M0041,OP0024,T00187,84.2,,1.66,8.28,0.2,0.03,0.09,1.57,8.28,10.5,-21.1
2025-09-16 10:18:00,M0041,OP0024,T00187,,,1.66,8.28,0.2,0.04,0.09,1.57,8.28,10.5,-21.1
2025-09-16 10:30:00,M0041,OP0024,T00187,,,1.66,8.28,0.2,0.03,0.09,1.57,8.28,10.5,-21.1
2025-09-16 10:42:00,M0041,OP0024,T00187,,,1.66,8.28,0.2,0.03,0.09,1.57,8.28,10.5,-21.1
2025-09-16 10:54:00,M0041,OP0024,T00187,,,1.66,8.28,0.2,0.04,0.09,1.57,8.28,10.5,-21.1
2025-09-16 11:06:00,M0041,OP0024,T00187,,,1.66,8.28,0.2,0.05,0.09,1.57,8.28,10.5,-21.1
2025-09-16 11:18:00,M0041,OP0024,T00187,,,1.66,8.28,0.2,0.03,0.09,1.57,8.28,10.5,-21.1
2025-09-16 11:30:00,M0041,OP0024,T00187,,,1.66,8.28,0.2,0.04,0.09,1.57,8.28,10.5,-21.1
2025-09-16 11:42:00,M0041,OP0024,T00187,,,1.66,8.28,0.2,0.04,0.09,1.57,8.28,10.5,-21.1
2025-09-16 11:54:00,M0041,OP0024,T00187,,,1.66,8.28,0.2,0.04,0.09,1.57,8.28,10.5,-21.1
2025-09-16 12:06:00,M0041,OP0024,T00187,,,1.66,8.28,0.2,0.05,0.09,1.57,8.28,10.5,-21.1
2025-09-16 12:18:00,M0041,OP0024,T00187,,,1.66,8.28,0.2,0.04,0.09,1.57,8.28,10.5,-21.1
2025-09-16 12:30:00,M0041,OP0024,T00187,,,1.66,8.28,0.2,0.03,0.09,1.57,8.28,10.5,-21.1
2025-09-16 12:42:00,M0041,OP0024,T00187,,,1.66,8.28,0.2,0.05,0.09,1.57,8.28,10.5,-21.1
2025-09-16 12:54:00,M0041,OP0024,T00187,,,1.66,8.28,0.2,0.05,0.09,1.57,8.28,10.5,-21.1
2025-09-16 13:06:00,M0041,OP0024,T00187,,,1.66,8.28,0.2,0.05,0.09,1.57,8.28,10.5,-21.1
2025-01-11 13:30:00,M0003,OP0029,T00188,800.9,,3.3,16.52,0.2,0.05,0.37,2.93,16.52,25.0,-33.9
2025-01-11 13:42:00,M0003,OP0029,T00188,,,3.3,16.52,0.2,0.07,0.37,2.93,16.52,25.0,-33.9
2025-01-11 13:54:00,M0003,OP0029,T00188,,,3.3,16.52,0.2,0.07,0.37,2.93,16.52,25.0,-33.9
2025-01-11 14:06:00,M0003,OP0029,T00188,,,3.3,16.52,0.2,0.05,0.37,2.93,16.52,25.0,-33.9
2025-01-11 14:18:00,M0003,OP0029,T00188,,,3.3,16.52,0.2,0.06,0.37,2.93,16.52,25.0,-33.9
2025-01-11 14:30:00,M0003,OP0029,T00188,,,3.3,16.52,0.2,0.06,0.37,2.93,16.52,25.0,-33.9
2025-01-11 14:42:00,M0003,OP0029,T00188,,,3.3,16.52,0.2,0.05,0.37,2.93,16.52,25.0,-33.9
2025-01-11 14:54:00,M0003,OP0029,T00188,,,3.3,16.52,0.2,0.04,0.37,2.93,16.52,25.0,-33.9
2025-01-11 15:06:00,M0003,OP0029,T00188,,,3.3,16.52,0.2,0.04,0.37,2.93,16.52,25.0,-33.9
2025-01-11 15:18:00,M0003,OP0029,T00188,,,3.3,16.52,0.2,0.06,0.37,2.93,16.52,25.0,-33.9
2025-01-11 15:30:00,M0003,OP0029,T00188,,,3.3,16.52,0.2,0.05,0.37,2.93,16.52,25.0,-33.9
2025-01-11 15:42:00,M0003,OP0029,T00188,,,3.3,16.52,0.2,0.06,0.37,2.93,16.52,25.0,-33.9
2025-01-11 15:54:00,M0003,OP0029,T00188,,,3.3,16.52,0.2,0.07,0.37,2.93,16.52,25.0,-33.9
2025-01-11 16:06:00,M0003,OP0029,T00188,,,3.3,16.52,0.2,0.05,0.37,2.93,16.52,25.0,-33.9
2025-01-11 16:18:00,M0003,OP0029,T00188,,,3.3,16.52,0.2,0.06,0.37,2.93,16.52,25.0,-33.9
2025-01-11 16:30:00,M0003,OP0029,T00188,,,3.3,16.52,0.2,0.05,0.37,2.93,16.52,25.0,-33.9
2025-01-11 16:42:00,M0003,OP0029,T00188,,,3.3,16.52,0.2,0.07,0.37,2.93,16.52,25.0,-33.9
2025-01-11 16:54:00,M0003,OP0029,T00188,,,3.3,16.52,0.2,0.07,0.37,2.93,16.52,25.0,-33.9
2025-01-11 17:06:00,M0003,OP0029,T00188,,,3.3,16.52,0.2,0.07,0.37,2.93,16.52,25.0,-33.9
2025-01-11 17:18:00,M0003,OP0029,T00188,,,3.3,16.52,0.2,0.06,0.37,2.93,16.52,25.0,-33.9
2025-07-11 15:12:00,M0004,OP0050,T00189,292.5,,2.32,11.6,0.2,0.03,0.1,2.22,11.6,14.5,-20.0
2025-07-11 15:24:00,M0004,OP0050,T00189,,,2.32,11.6,0.2,0.03,0.1,2.22,11.6,14.5,-20.0
2025-07-11 15:36:00,M0004,OP0050,T00189,,,2.32,11.6,0.2,0.03,0.1,2.22,11.6,14.5,-20.0
2025-07-11 15:48:00,M0004,OP0050,T00189,,,2.32,11.6,0.2,0.03,0.1,2.22,11.6,14.5,-20.0
2025-07-11 16:00:00,M0004,OP0050,T00189,,,2.32,11.6,0.2,0.02,0.1,2.22,11.6,14.5,-20.0
2025-07-11 16:12:00,M0004,OP0050,T00189,,,2.32,11.6,0.2,0.03,0.1,2.22,11.6,14.5,-20.0
2025-07-11 16:24:00,M0004,OP0050,T00189,,,2.32,11.6,0.2,0.03,0.1,2.22,11.6,14.5,-20.0
2025-07-11 16:36:00,M0004,OP0050,T00189,,,2.32,11.6,0.2,0.04,0.1,2.22,11.6,14.5,-20.0
2025-07-11 16:48:00,M0004,OP0050,T00189,,,2.32,11.6,0.2,0.03,0.1,2.22,11.6,14.5,-20.0
2025-07-11 17:00:00,M0004,OP0050,T00189,,,2.32,11.6,0.2,0.03,0.1,2.22,11.6,14.5,-20.0
2025-07-11 17:12:00,M0004,OP0050,T00189,,,2.32,11.6,0.2,0.02,0.1,2.22,11.6,14.5,-20.0
2025-07-11 17:24:00,M0004,OP0050,T00189,,,2.32,11.6,0.2,0.02,0.1,2.22,11.6,14.5,-20.0
2025-07-11 17:36:00,M0004,OP0050,T00189,,,2.32,11.6,0.2,0.03,0.1,2.22,11.6,14.5,-20.0
2025-07-11 17:48:00,M0004,OP0050,T00189,,,2.32,11.6,0.2,0.04,0.1,2.22,11.6,14.5,-20.0
2025-07-11 18:00:00,M0004,OP0050,T00189,,,2.32,11.6,0.2,0.03,0.1,2.22,11.6,14.5,-20.0
2025-07-11 18:12:00,M0004,OP0050,T00189,,,2.32,11.6,0.2,0.02,0.1,2.22,11.6,14.5,-20.0
2025-07-11 18:24:00,M0004,OP0050,T00189,,,2.32,11.6,0.2,0.04,0.1,2.22,11.6,14.5,-20.0
2025-07-11 18:36:00,M0004,OP0050,T00189,,,2.32,11.6,0.2,0.03,0.1,2.22,11.6,14.5,-20.0
2025-07-11 18:48:00,M0004,OP0050,T00189,,,2.32,11.6,0.2,0.03,0.1,2.22,11.6,14.5,-20.0
2025-07-11 19:00:00,M0004,OP0050,T00189,,,2.32,11.6,0.2,0.03,0.1,2.22,11.6,14.5,-20.0
2025-05-16 12:40:00,M0030,OP0043,T00190,247.8,,2.71,13.54,0.2,0.0,0.17,2.54,13.54,20.0,-32.3
2025-05-16 12:52:00,M0030,OP0043,T00190,,,2.71,13.54,0.2,0.0,0.17,2.54,13.54,20.0,-32.3
2025-05-16 13:04:00,M0030,OP0043,T00190,,,2.71,13.54,0.2,0.0,0.17,2.54,13.54,20.0,-32.3
2025-05-16 13:16:00,M0030,OP0043,T00190,,,2.71,13.54,0.2,0.0,0.17,2.54,13.54,20.0,-32.3
2025-05-16 13:28:00,M0030,OP0043,T00190,,,2.71,13.54,0.2,0.0,0.17,2.54,13.54,20.0,-32.3
2025-05-16 13:40:00,M0030,OP0043,T00190,,,2.71,13.54,0.2,0.0,0.17,2.54,13.54,20.0,-32.3
2025-05-16 13:52:00,M0030,OP0043,T00190,,,2.71,13.54,0.2,0.0,0.17,2.54,13.54,20.0,-32.3
2025-05-16 14:04:00,M0030,OP0043,T00190,,,2.71,13.54,0.2,0.0,0.17,2.54,13.54,20.0,-32.3
2025-05-16 14:16:00,M0030,OP0043,T00190,,,2.71,13.54,0.2,0.0,0.17,2.54,13.54,20.0,-32.3
2025-05-16 14:28:00,M0030,OP0043,T00190,,,2.71,13.54,0.2,0.0,0.17,2.54,13.54,20.0,-32.3
2025-05-16 14:40:00,M0030,OP0043,T00190,,,2.71,13.54,0.2,0.0,0.17,2.54,13.54,20.0,-32.3
2025-05-16 14:52:00,M0030,OP0043,T00190,,,2.71,13.54,0.2,0.0,0.17,2.54,13.54,20.0,-32.3
2025-05-16 15:04:00,M0030,OP0043,T00190,,,2.71,13.54,0.2,0.0,0.17,2.54,13.54,20.0,-32.3
2025-05-16 15:16:00,M0030,OP0043,T00190,,,2.71,13.54,0.2,0.0,0.17,2.54,13.54,20.0,-32.3
2025-05-16 15:28:00,M0030,OP0043,T00190,,,2.71,13.54,0.2,0.0,0.17,2.54,13.54,20.0,-32.3
2025-05-16 15:40:00,M0030,OP0043,T00190,,,2.71,13.54,0.2,0.0,0.17,2.54,13.54,20.0,-32.3
2025-05-16 15:52:00,M0030,OP0043,T00190,,,1.13,13.54,0.08,0.0,0.07,1.06,13.54,20.0,-32.3
2025-03-09 10:35:00,M0026,OP0044,T00192,406.8,,2.38,11.89,0.2,0.03,0.12,2.26,11.89,14.5,-18.0
2025-03-09 10:47:00,M0026,OP0044,T00192,,,2.38,11.89,0.2,0.03,0.12,2.26,11.89,14.5,-18.0
2025-03-09 10:59:00,M0026,OP0044,T00192,,,2.38,11.89,0.2,0.03,0.12,2.26,11.89,14.5,-18.0
2025-03-09 11:11:00,M0026,OP0044,T00192,,,2.38,11.89,0.2,0.03,0.12,2.26,11.89,14.5,-18.0
2025-03-09 11:23:00,M0026,OP0044,T00192,,,2.38,11.89,0.2,0.03,0.12,2.26,11.89,14.5,-18.0
2025-03-09 11:35:00,M0026,OP0044,T00192,,,2.38,11.89,0.2,0.04,0.12,2.26,11.89,14.5,-18.0
2025-03-09 11:47:00,M0026,OP0044,T00192,,,0.99,11.89,0.08,0.01,0.05,0.94,11.89,14.5,-18.0
2025-03-18 11:03:00,M0029,OP0014,T00193,240.3,,3.43,17.16,0.2,0.04,0.29,3.15,17.16,25.0,-31.4
2025-03-18 11:15:00,M0029,OP0014,T00193,,,3.43,17.16,0.2,0.03,0.29,3.15,17.16,25.0,-31.4
2025-03-18 11:27:00,M0029,OP0014,T00193,,,3.43,17.16,0.2,0.03,0.29,3.15,17.16,25.0,-31.4
2025-03-18 11:39:00,M0029,OP0014,T00193,,,3.43,17.16,0.2,0.04,0.29,3.15,17.16,25.0,-31.4
2025-03-18 11:51:00,M0029,OP0014,T00193,,,3.43,17.16,0.2,0.04,0.29,3.15,17.16,25.0,-31.4
2025-03-18 12:03:00,M0029,OP0014,T00193,,,3.43,17.16,0.2,0.04,0.29,3.15,17.16,25.0,-31.4
2025-03-18 12:15:00,M0029,OP0014,T00193,,,3.43,17.16,0.2,0.04,0.29,3.15,17.16,25.0,-31.4
2025-03-18 12:27:00,M0029,OP0014,T00193,,,3.43,17.16,0.2,0.02,0.29,3.15,17.16,25.0,-31.4
2025-03-18 12:39:00,M0029,OP0014,T00193,,,3.43,17.16,0.2,0.03,0.29,3.15,17.16,25.0,-31.4
2025-03-18 12:51:00,M0029,OP0014,T00193,,,3.43,17.16,0.2,0.03,0.29,3.15,17.16,25.0,-31.4
2025-03-18 13:03:00,M0029,OP0014,T00193,,,3.43,17.16,0.2,0.04,0.29,3.15,17.16,25.0,-31.4
2025-03-18 13:15:00,M0029,OP0014,T00193,,,3.43,17.16,0.2,0.04,0.29,3.15,17.16,25.0,-31.4
2025-03-18 13:27:00,M0029,OP0014,T00193,,,3.43,17.16,0.2,0.04,0.29,3.15,17.16,25.0,-31.4
2025-03-18 13:39:00,M0029,OP0014,T00193,,,3.43,17.16,0.2,0.04,0.29,3.15,17.16,25.0,-31.4
2025-03-18 13:51:00,M0029,OP0014,T00193,,,3.43,17.16,0.2,0.03,0.29,3.15,17.16,25.0,-31.4
2025-03-18 14:03:00,M0029,OP0014,T00193,,,3.43,17.16,0.2,0.02,0.29,3.15,17.16,25.0,-31.4
2025-03-18 14:15:00,M0029,OP0014,T00193,,,3.43,17.16,0.2,0.04,0.29,3.15,17.16,25.0,-31.4
2025-03-18 14:27:00,M0029,OP0014,T00193,,,3.43,17.16,0.2,0.03,0.29,3.15,17.16,25.0,-31.4
2025-03-18 14:39:00,M0029,OP0014,T00193,,,3.43,17.16,0.2,0.03,0.29,3.15,17.16,25.0,-31.4
2025-03-18 14:51:00,M0029,OP0014,T00193,,,3.43,17.16,0.2,0.03,0.29,3.15,17.16,25.0,-31.4
2025-08-27 15:19:00,M0006,OP0031,T00194,130.0,,2.03,10.13,0.2,0.02,0.02,2.01,10.13,10.5,-3.5
2025-08-27 15:31:00,M0006,OP0031,T00194,,,2.03,10.13,0.2,0.02,0.02,2.01,10.13,10.5,-3.5
2025-08-27 15:43:00,M0006,OP0031,T00194,,,2.03,10.13,0.2,0.02,0.02,2.01,10.13,10.5,-3.5
2025-08-27 15:55:00,M0006,OP0031,T00194,,,2.03,10.13,0.2,0.01,0.02,2.01,10.13,10.5,-3.5
2025-08-27 16:07:00,M0006,OP0031,T00194,,,0.68,10.13,0.07,0.01,0.01,0.67,10.13,10.5,-3.5
2025-06-02 07:15:00,M0015,OP0007,T00195,312.9,,2.71,13.53,0.2,0.05,0.2,2.5,13.53,20.0,-32.3
2025-06-02 07:27:00,M0015,OP0007,T00195,,,2.71,13.53,0.2,0.06,0.2,2.5,13.53,20.0,-32.3
2025-06-02 07:39:00,M0015,OP0007,T00195,,,2.71,13.53,0.2,0.06,0.2,2.5,13.53,20.0,-32.3
2025-06-02 07:51:00,M0015,OP0007,T00195,,,2.71,13.53,0.2,0.04,0.2,2.5,13.53,20.0,-32.3
2025-06-02 08:03:00,M0015,OP0007,T00195,,,2.71,13.53,0.2,0.05,0.2,2.5,13.53,20.0,-32.3
2025-06-02 08:15:00,M0015,OP0007,T00195,,,2.71,13.53,0.2,0.03,0.2,2.5,13.53,20.0,-32.3
2025-06-02 08:27:00,M0015,OP0007,T00195,,,2.71,13.53,0.2,0.05,0.2,2.5,13.53,20.0,-32.3
2025-06-02 08:39:00,M0015,OP0007,T00195,,,2.71,13.53,0.2,0.04,0.2,2.5,13.53,20.0,-32.3
2025-06-02 08:51:00,M0015,OP0007,T00195,,,2.71,13.53,0.2,0.06,0.2,2.5,13.53,20.0,-32.3
2025-06-02 09:03:00,M0015,OP0007,T00195,,,2.71,13.53,0.2,0.04,0.2,2.5,13.53,20.0,-32.3
2025-06-02 09:15:00,M0015,OP0007,T00195,,,2.71,13.53,0.2,0.04,0.2,2.5,13.53,20.0,-32.3
2025-06-02 09:27:00,M0015,OP0007,T00195,,,2.71,13.53,0.2,0.05,0.2,2.5,13.53,20.0,-32.3
2025-06-02 09:39:00,M0015,OP0007,T00195,,,2.71,13.53,0.2,0.04,0.2,2.5,13.53,20.0,-32.3
2025-06-02 09:51:00,M0015,OP0007,T00195,,,2.71,13.53,0.2,0.05,0.2,2.5,13.53,20.0,-32.3
2025-06-02 10:03:00,M0015,OP0007,T00195,,,2.71,13.53,0.2,0.05,0.2,2.5,13.53,20.0,-32.3
2025-06-02 10:15:00,M0015,OP0007,T00195,,,2.71,13.53,0.2,0.05,0.2,2.5,13.53,20.0,-32.3
2025-06-02 10:27:00,M0015,OP0007,T00195,,,2.71,13.53,0.2,0.04,0.2,2.5,13.53,20.0,-32.3
2025-06-02 10:39:00,M0015,OP0007,T00195,,,2.26,13.53,0.17,0.04,0.17,2.09,13.53,20.0,-32.3
2025-03-12 14:59:00,M0006,OP0010,T00196,176.4,,1.88,9.41,0.2,0.0,0.08,1.81,9.41,10.5,-10.4
2025-03-12 15:11:00,M0006,OP0010,T00196,,,1.88,9.41,0.2,0.0,0.08,1.81,9.41,10.5,-10.4
2025-03-12 15:23:00,M0006,OP0010,T00196,,,1.88,9.41,0.2,0.0,0.08,1.81,9.41,10.5,-10.4
2025-03-12 15:35:00,M0006,OP0010,T00196,,,1.88,9.41,0.2,0.0,0.08,1.81,9.41,10.5,-10.4
2025-03-12 15:47:00,M0006,OP0010,T00196,,,1.88,9.41,0.2,0.0,0.08,1.81,9.41,10.5,-10.4
2025-03-12 15:59:00,M0006,OP0010,T00196,,,1.88,9.41,0.2,0.0,0.08,1.81,9.41,10.5,-10.4
2025-03-12 16:11:00,M0006,OP0010,T00196,,,1.88,9.41,0.2,0.0,0.08,1.81,9.41,10.5,-10.4
2025-03-12 16:23:00,M0006,OP0010,T00196,,,1.88,9.41,0.2,0.01,0.08,1.81,9.41,10.5,-10.4
2025-03-12 16:35:00,M0006,OP0010,T00196,,,1.88,9.41,0.2,0.0,0.08,1.81,9.41,10.5,-10.4
2025-03-12 16:47:00,M0006,OP0010,T00196,,,1.88,9.41,0.2,0.0,0.08,1.81,9.41,10.5,-10.4
2025-03-12 16:59:00,M0006,OP0010,T00196,,,1.88,9.41,0.2,0.0,0.08,1.81,9.41,10.5,-10.4
2025-03-12 17:11:00,M0006,OP0010,T00196,,,1.88,9.41,0.2,0.0,0.08,1.81,9.41,10.5,-10.4
2025-03-12 17:23:00,M0006,OP0010,T00196,,,1.88,9.41,0.2,0.0,0.08,1.81,9.41,10.5,-10.4
2025-03-12 17:35:00,M0006,OP0010,T00196,,,1.88,9.41,0.2,0.0,0.08,1.81,9.41,10.5,-10.4
2025-03-12 17:47:00,M0006,OP0010,T00196,,,1.88,9.41,0.2,0.01,0.08,1.81,9.41,10.5,-10.4
2025-03-12 17:59:00,M0006,OP0010,T00196,,,1.88,9.41,0.2,0.0,0.08,1.81,9.41,10.5,-10.4
2025-03-12 18:11:00,M0006,OP0010,T00196,,,1.88,9.41,0.2,0.0,0.08,1.81,9.41,10.5,-10.4
2025-03-12 18:23:00,M0006,OP0010,T00196,,,1.88,9.41,0.2,0.01,0.08,1.81,9.41,10.5,-10.4
2025-03-12 18:35:00,M0006,OP0010,T00196,,,1.88,9.41,0.2,0.0,0.08,1.81,9.41,10.5,-10.4
2025-03-12 18:47:00,M0006,OP0010,T00196,,,0.31,9.41,0.03,0.0,0.01,0.3,9.41,10.5,-10.4
2025-04-22 06:38:00,M0036,OP0011,T00197,647.1,,3.25,16.24,0.2,0.06,0.35,2.9,16.24,25.0,-35.0
2025-04-22 06:50:00,M0036,OP0011,T00197,,,3.25,16.24,0.2,0.06,0.35,2.9,16.24,25.0,-35.0
2025-04-22 07:02:00,M0036,OP0011,T00197,,,3.25,16.24,0.2,0.05,0.35,2.9,16.24,25.0,-35.0
2025-04-22 07:14:00,M0036,OP0011,T00197,,,3.25,16.24,0.2,0.04,0.35,2.9,16.24,25.0,-35.0
2025-04-22 07:26:00,M0036,OP0011,T00197,,,3.25,16.24,0.2,0.05,0.35,2.9,16.24,25.0,-35.0
2025-04-22 07:38:00,M0036,OP0011,T00197,,,3.25,16.24,0.2,0.05,0.35,2.9,16.24,25.0,-35.0
2025-04-22 07:50:00,M0036,OP0011,T00197,,,3.25,16.24,0.2,0.05,0.35,2.9,16.24,25.0,-35.0
2025-04-22 08:02:00,M0036,OP0011,T00197,,,3.25,16.24,0.2,0.04,0.35,2.9,16.24,25.0,-35.0
2025-04-22 08:14:00,M0036,OP0011,T00197,,,3.25,16.24,0.2,0.04,0.35,2.9,16.24,25.0,-35.0
2025-04-22 08:26:00,M0036,OP0011,T00197,,,3.25,16.24,0.2,0.05,0.35,2.9,16.24,25.0,-35.0
2025-04-22 08:38:00,M0036,OP0011,T00197,,,3.25,16.24,0.2,0.04,0.35,2.9,16.24,25.0,-35.0
2025-04-22 08:50:00,M0036,OP0011,T00197,,,3.25,16.24,0.2,0.05,0.35,2.9,16.24,25.0,-35.0
2025-04-22 09:02:00,M0036,OP0011,T00197,,,3.25,16.24,0.2,0.06,0.35,2.9,16.24,25.0,-35.0
2025-04-22 09:14:00,M0036,OP0011,T00197,,,3.25,16.24,0.2,0.06,0.35,2.9,16.24,25.0,-35.0
2025-04-22 09:26:00,M0036,OP0011,T00197,,,3.25,16.24,0.2,0.04,0.35,2.9,16.24,25.0,-35.0
2025-04-22 09:38:00,M0036,OP0011,T00197,,,3.25,16.24,0.2,0.05,0.35,2.9,16.24,25.0,-35.0
2025-04-22 09:50:00,M0036,OP0011,T00197,,,3.25,16.24,0.2,0.05,0.35,2.9,16.24,25.0,-35.0
2025-04-22 10:02:00,M0036,OP0011,T00197,,,3.25,16.24,0.2,0.04,0.35,2.9,16.24,25.0,-35.0
2025-04-22 10:14:00,M0036,OP0011,T00197,,,3.25,16.24,0.2,0.05,0.35,2.9,16.24,25.0,-35.0
2025-04-22 10:26:00,M0036,OP0011,T00197,,,3.25,16.24,0.2,0.05,0.35,2.9,16.24,25.0,-35.0
2025-01-25 07:34:00,M0018,OP0054,T00198,482.0,,2.96,14.8,0.2,0.0,0.24,2.72,14.8,20.0,-26.0
2025-01-25 07:46:00,M0018,OP0054,T00198,,,2.96,14.8,0.2,0.0,0.24,2.72,14.8,20.0,-26.0
2025-01-25 07:58:00,M0018,OP0054,T00198,,,2.96,14.8,0.2,0.0,0.24,2.72,14.8,20.0,-26.0
2025-01-25 08:10:00,M0018,OP0054,T00198,,,2.96,14.8,0.2,0.0,0.24,2.72,14.8,20.0,-26.0
2025-01-25 08:22:00,M0018,OP0054,T00198,,,2.96,14.8,0.2,0.0,0.24,2.72,14.8,20.0,-26.0
2025-01-25 08:34:00,M0018,OP0054,T00198,,,2.96,14.8,0.2,0.0,0.24,2.72,14.8,20.0,-26.0
2025-01-25 08:46:00,M0018,OP0054,T00198,,,2.96,14.8,0.2,0.0,0.24,2.72,14.8,20.0,-26.0
2025-01-25 08:58:00,M0018,OP0054,T00198,,,2.96,14.8,0.2,0.0,0.24,2.72,14.8,20.0,-26.0
2025-01-25 09:10:00,M0018,OP0054,T00198,,,2.96,14.8,0.2,0.0,0.24,2.72,14.8,20.0,-26.0
2025-01-25 09:22:00,M0018,OP0054,T00198,,,2.96,14.8,0.2,0.0,0.24,2.72,14.8,20.0,-26.0
2025-01-25 09:34:00,M0018,OP0054,T00198,,,2.96,14.8,0.2,0.0,0.24,2.72,14.8,20.0,-26.0
2025-01-25 09:46:00,M0018,OP0054,T00198,,,2.96,14.8,0.2,0.0,0.24,2.72,14.8,20.0,-26.0
2025-01-25 09:58:00,M0018,OP0054,T00198,,,2.96,14.8,0.2,0.0,0.24,2.72,14.8,20.0,-26.0
2025-01-25 10:10:00,M0018,OP0054,T00198,,,2.96,14.8,0.2,0.0,0.24,2.72,14.8,20.0,-26.0
2025-01-25 10:22:00,M0018,OP0054,T00198,,,2.96,14.8,0.2,0.0,0.24,2.72,14.8,20.0,-26.0
2025-01-25 10:34:00,M0018,OP0054,T00198,,,2.96,14.8,0.2,0.0,0.24,2.72,14.8,20.0,-26.0
2025-01-25 10:46:00,M0018,OP0054,T00198,,,2.96,14.8,0.2,0.0,0.24,2.72,14.8,20.0,-26.0
2025-01-25 10:58:00,M0018,OP0054,T00198,,,2.96,14.8,0.2,0.0,0.24,2.72,14.8,20.0,-26.0
2025-01-25 11:10:00,M0018,OP0054,T00198,,,2.96,14.8,0.2,0.0,0.24,2.72,14.8,20.0,-26.0
2025-01-25 11:22:00,M0018,OP0054,T00198,,,2.96,14.8,0.2,0.0,0.24,2.72,14.8,20.0,-26.0
2025-07-17 06:05:00,M0042,OP0038,T00200,400.6,,3.28,16.41,0.2,0.04,0.33,2.95,16.41,25.0,-34.4
2025-07-17 06:17:00,M0042,OP0038,T00200,,,3.28,16.41,0.2,0.03,0.33,2.95,16.41,25.0,-34.4
2025-07-17 06:29:00,M0042,OP0038,T00200,,,3.28,16.41,0.2,0.05,0.33,2.95,16.41,25.0,-34.4
2025-07-17 06:41:00,M0042,OP0038,T00200,,,3.28,16.41,0.2,0.04,0.33,2.95,16.41,25.0,-34.4
2025-07-17 06:53:00,M0042,OP0038,T00200,,,3.28,16.41,0.2,0.03,0.33,2.95,16.41,25.0,-34.4
2025-07-17 07:05:00,M0042,OP0038,T00200,,,3.28,16.41,0.2,0.05,0.33,2.95,16.41,25.0,-34.4
2025-07-17 07:17:00,M0042,OP0038,T00200,,,3.28,16.41,0.2,0.04,0.33,2.95,16.41,25.0,-34.4
2025-07-17 07:29:00,M0042,OP0038,T00200,,,3.28,16.41,0.2,0.03,0.33,2.95,16.41,25.0,-34.4
2025-07-17 07:41:00,M0042,OP0038,T00200,,,3.28,16.41,0.2,0.03,0.33,2.95,16.41,25.0,-34.4
2025-07-17 07:53:00,M0042,OP0038,T00200,,,3.28,16.41,0.2,0.03,0.33,2.95,16.41,25.0,-34.4
2025-07-17 08:05:00,M0042,OP0038,T00200,,,3.28,16.41,0.2,0.04,0.33,2.95,16.41,25.0,-34.4
2025-07-17 08:17:00,M0042,OP0038,T00200,,,3.28,16.41,0.2,0.03,0.33,2.95,16.41,25.0,-34.4
2025-07-17 08:29:00,M0042,OP0038,T00200,,,3.28,16.41,0.2,0.05,0.33,2.95,16.41,25.0,-34.4
2025-07-17 08:41:00,M0042,OP0038,T00200,,,3.28,16.41,0.2,0.04,0.33,2.95,16.41,25.0,-34.4
2025-07-17 08:53:00,M0042,OP0038,T00200,,,3.28,16.41,0.2,0.03,0.33,2.95,16.41,25.0,-34.4
2025-07-17 09:05:00,M0042,OP0038,T00200,,,3.28,16.41,0.2,0.03,0.33,2.95,16.41,25.0,-34.4
2025-07-17 09:17:00,M0042,OP0038,T00200,,,3.28,16.41,0.2,0.05,0.33,2.95,16.41,25.0,-34.4
2025-07-17 09:29:00,M0042,OP0038,T00200,,,3.28,16.41,0.2,0.03,0.33,2.95,16.41,25.0,-34.4
2025-07-17 09:41:00,M0042,OP0038,T00200,,,3.28,16.41,0.2,0.05,0.33,2.95,16.41,25.0,-34.4
2025-07-17 09:53:00,M0042,OP0038,T00200,,,3.28,16.41,0.2,0.03,0.33,2.95,16.41,25.0,-34.4
2025-03-22 08:00:00,M0014,OP0007,T00201,372.8,,4.39,21.93,0.2,0.04,0.14,4.24,21.93,28.0,-21.7
2025-03-22 08:12:00,M0014,OP0007,T00201,,,4.39,21.93,0.2,0.05,0.14,4.24,21.93,28.0,-21.7
2025-03-22 08:24:00,M0014,OP0007,T00201,,,4.39,21.93,0.2,0.05,0.14,4.24,21.93,28.0,-21.7
2025-03-22 08:36:00,M0014,OP0007,T00201,,,4.39,21.93,0.2,0.03,0.14,4.24,21.93,28.0,-21.7
2025-03-22 08:48:00,M0014,OP0007,T00201,,,4.39,21.93,0.2,0.05,0.14,4.24,21.93,28.0,-21.7
2025-03-22 09:00:00,M0014,OP0007,T00201,,,4.39,21.93,0.2,0.04,0.14,4.24,21.93,28.0,-21.7
2025-03-22 09:12:00,M0014,OP0007,T00201,,,4.39,21.93,0.2,0.05,0.14,4.24,21.93,28.0,-21.7
2025-03-22 09:24:00,M0014,OP0007,T00201,,,4.39,21.93,0.2,0.05,0.14,4.24,21.93,28.0,-21.7
2025-03-22 09:36:00,M0014,OP0007,T00201,,,4.39,21.93,0.2,0.04,0.14,4.24,21.93,28.0,-21.7
2025-03-22 09:48:00,M0014,OP0007,T00201,,,4.39,21.93,0.2,0.04,0.14,4.24,21.93,28.0,-21.7
2025-03-22 10:00:00,M0014,OP0007,T00201,,,4.39,21.93,0.2,0.03,0.14,4.24,21.93,28.0,-21.7
2025-03-22 10:12:00,M0014,OP0007,T00201,,,4.39,21.93,0.2,0.05,0.14,4.24,21.93,28.0,-21.7
2025-03-22 10:24:00,M0014,OP0007,T00201,,,4.39,21.93,0.2,0.03,0.14,4.24,21.93,28.0,-21.7
2025-03-22 10:36:00,M0014,OP0007,T00201,,,4.39,21.93,0.2,0.05,0.14,4.24,21.93,28.0,-21.7
2025-03-22 10:48:00,M0014,OP0007,T00201,,,4.39,21.93,0.2,0.03,0.14,4.24,21.93,28.0,-21.7
2025-03-22 11:00:00,M0014,OP0007,T00201,,,4.39,21.93,0.2,0.04,0.14,4.24,21.93,28.0,-21.7
2025-03-22 11:12:00,M0014,OP0007,T00201,,,4.39,21.93,0.2,0.04,0.14,4.24,21.93,28.0,-21.7
2025-03-22 11:24:00,M0014,OP0007,T00201,,,4.39,21.93,0.2,0.04,0.14,4.24,21.93,28.0,-21.7
2025-03-22 11:36:00,M0014,OP0007,T00201,,,4.39,21.93,0.2,0.05,0.14,4.24,21.93,28.0,-21.7
2025-03-22 11:48:00,M0014,OP0007,T00201,,,4.39,21.93,0.2,0.05,0.14,4.24,21.93,28.0,-21.7
2025-09-28 10:55:00,M0027,OP0034,T00202,324.1,,2.83,14.14,0.2,0.03,0.16,2.67,14.14,20.0,-29.3
2025-09-28 11:07:00,M0027,OP0034,T00202,,,2.83,14.14,0.2,0.03,0.16,2.67,14.14,20.0,-29.3
2025-09-28 11:19:00,M0027,OP0034,T00202,,,2.83,14.14,0.2,0.03,0.16,2.67,14.14,20.0,-29.3
2025-09-28 11:31:00,M0027,OP0034,T00202,,,2.83,14.14,0.2,0.03,0.16,2.67,14.14,20.0,-29.3
2025-09-28 11:43:00,M0027,OP0034,T00202,,,2.83,14.14,0.2,0.03,0.16,2.67,14.14,20.0,-29.3
2025-09-28 11:55:00,M0027,OP0034,T00202,,,2.83,14.14,0.2,0.03,0.16,2.67,14.14,20.0,-29.3
2025-09-28 12:07:00,M0027,OP0034,T00202,,,2.83,14.14,0.2,0.04,0.16,2.67,14.14,20.0,-29.3
2025-09-28 12:19:00,M0027,OP0034,T00202,,,2.83,14.14,0.2,0.02,0.16,2.67,14.14,20.0,-29.3
2025-09-28 12:31:00,M0027,OP0034,T00202,,,2.83,14.14,0.2,0.02,0.16,2.67,14.14,20.0,-29.3
2025-09-28 12:43:00,M0027,OP0034,T00202,,,2.83,14.14,0.2,0.03,0.16,2.67,14.14,20.0,-29.3
2025-09-28 12:55:00,M0027,OP0034,T00202,,,2.83,14.14,0.2,0.03,0.16,2.67,14.14,20.0,-29.3
2025-09-28 13:07:00,M0027,OP0034,T00202,,,2.83,14.14,0.2,0.03,0.16,2.67,14.14,20.0,-29.3
2025-09-28 13:19:00,M0027,OP0034,T00202,,,2.83,14.14,0.2,0.04,0.16,2.67,14.14,20.0,-29.3
2025-09-28 13:31:00,M0027,OP0034,T00202,,,2.83,14.14,0.2,0.03,0.16,2.67,14.14,20.0,-29.3
2025-09-28 13:43:00,M0027,OP0034,T00202,,,2.83,14.14,0.2,0.03,0.16,2.67,14.14,20.0,-29.3
2025-09-28 13:55:00,M0027,OP0034,T00202,,,2.83,14.14,0.2,0.03,0.16,2.67,14.14,20.0,-29.3
2025-09-28 14:07:00,M0027,OP0034,T00202,,,2.83,14.14,0.2,0.03,0.16,2.67,14.14,20.0,-29.3
2025-09-28 14:19:00,M0027,OP0034,T00202,,,2.83,14.14,0.2,0.04,0.16,2.67,14.14,20.0,-29.3
2025-09-28 14:31:00,M0027,OP0034,T00202,,,2.83,14.14,0.2,0.04,0.16,2.67,14.14,20.0,-29.3
2025-09-28 14:43:00,M0027,OP0034,T00202,,,2.83,14.14,0.2,0.04,0.16,2.67,14.14,20.0,-29.3
2025-01-14 10:39:00,M0009,OP0012,T00204,231.5,,3.04,15.18,0.2,0.04,0.21,2.83,15.18,20.0,-24.1
2025-01-14 10:51:00,M0009,OP0012,T00204,,,3.04,15.18,0.2,0.03,0.21,2.83,15.18,20.0,-24.1
2025-01-14 11:03:00,M0009,OP0012,T00204,,,3.04,15.18,0.2,0.04,0.21,2.83,15.18,20.0,-24.1
2025-01-14 11:15:00,M0009,OP0012,T00204,,,3.04,15.18,0.2,0.04,0.21,2.83,15.18,20.0,-24.1
2025-01-14 11:27:00,M0009,OP0012,T00204,,,3.04,15.18,0.2,0.05,0.21,2.83,15.18,20.0,-24.1
2025-01-14 11:39:00,M0009,OP0012,T00204,,,3.04,15.18,0.2,0.04,0.21,2.83,15.18,20.0,-24.1
2025-01-14 11:51:00,M0009,OP0012,T00204,,,3.04,15.18,0.2,0.04,0.21,2.83,15.18,20.0,-24.1
2025-01-14 12:03:00,M0009,OP0012,T00204,,,3.04,15.18,0.2,0.03,0.21,2.83,15.18,20.0,-24.1
2025-01-14 12:15:00,M0009,OP0012,T00204,,,3.04,15.18,0.2,0.04,0.21,2.83,15.18,20.0,-24.1
2025-01-14 12:27:00,M0009,OP0012,T00204,,,3.04,15.18,0.2,0.04,0.21,2.83,15.18,20.0,-24.1
2025-01-14 12:39:00,M0009,OP0012,T00204,,,3.04,15.18,0.2,0.04,0.21,2.83,15.18,20.0,-24.1
2025-01-14 12:51:00,M0009,OP0012,T00204,,,3.04,15.18,0.2,0.04,0.21,2.83,15.18,20.0,-24.1
2025-01-14 13:03:00,M0009,OP0012,T00204,,,3.04,15.18,0.2,0.04,0.21,2.83,15.18,20.0,-24.1
2025-01-14 13:15:00,M0009,OP0012,T00204,,,3.04,15.18,0.2,0.04,0.21,2.83,15.18,20.0,-24.1
2025-01-14 13:27:00,M0009,OP0012,T00204,,,3.04,15.18,0.2,0.04,0.21,2.83,15.18,20.0,-24.1
2025-01-14 13:39:00,M0009,OP0012,T00204,,,3.04,15.18,0.2,0.05,0.21,2.83,15.18,20.0,-24.1
2025-01-14 13:51:00,M0009,OP0012,T00204,,,3.04,15.18,0.2,0.04,0.21,2.83,15.18,20.0,-24.1
2025-01-14 14:03:00,M0009,OP0012,T00204,,,3.04,15.18,0.2,0.04,0.21,2.83,15.18,20.0,-24.1
2025-01-14 14:15:00,M0009,OP0012,T00204,,,3.04,15.18,0.2,0.03,0.21,2.83,15.18,20.0,-24.1
2025-01-14 14:27:00,M0009,OP0012,T00204,,,0.76,15.18,0.05,0.01,0.05,0.71,15.18,20.0,-24.1
2025-06-16 06:50:00,M0028,OP0006,T00205,655.9,,3.17,15.87,0.2,0.01,0.23,2.95,15.87,20.0,-20.7
2025-06-16 07:02:00,M0028,OP0006,T00205,,,3.17,15.87,0.2,0.01,0.23,2.95,15.87,20.0,-20.7
2025-06-16 07:14:00,M0028,OP0006,T00205,,,3.17,15.87,0.2,0.01,0.23,2.95,15.87,20.0,-20.7
2025-06-16 07:26:00,M0028,OP0006,T00205,,,3.17,15.87,0.2,0.01,0.23,2.95,15.87,20.0,-20.7
2025-06-16 07:38:00,M0028,OP0006,T00205,,,3.17,15.87,0.2,0.01,0.23,2.95,15.87,20.0,-20.7
2025-06-16 07:50:00,M0028,OP0006,T00205,,,3.17,15.87,0.2,0.01,0.23,2.95,15.87,20.0,-20.7
2025-06-16 08:02:00,M0028,OP0006,T00205,,,3.17,15.87,0.2,0.01,0.23,2.95,15.87,20.0,-20.7
2025-06-16 08:14:00,M0028,OP0006,T00205,,,3.17,15.87,0.2,0.01,0.23,2.95,15.87,20.0,-20.7
2025-06-16 08:26:00,M0028,OP0006,T00205,,,2.38,15.87,0.15,0.01,0.17,2.21,15.87,20.0,-20.7
2025-09-11 15:22:00,M0027,OP0016,T00207,297.9,,3.12,15.6,0.2,0.05,0.25,2.87,15.6,20.0,-22.0
2025-09-11 15:34:00,M0027,OP0016,T00207,,,3.12,15.6,0.2,0.04,0.25,2.87,15.6,20.0,-22.0
2025-09-11 15:46:00,M0027,OP0016,T00207,,,3.12,15.6,0.2,0.05,0.25,2.87,15.6,20.0,-22.0
2025-09-11 15:58:00,M0027,OP0016,T00207,,,3.12,15.6,0.2,0.05,0.25,2.87,15.6,20.0,-22.0
2025-09-11 16:10:00,M0027,OP0016,T00207,,,3.12,15.6,0.2,0.04,0.25,2.87,15.6,20.0,-22.0
2025-09-11 16:22:00,M0027,OP0016,T00207,,,3.12,15.6,0.2,0.05,0.25,2.87,15.6,20.0,-22.0
2025-09-11 16:34:00,M0027,OP0016,T00207,,,3.12,15.6,0.2,0.05,0.25,2.87,15.6,20.0,-22.0
2025-09-11 16:46:00,M0027,OP0016,T00207,,,3.12,15.6,0.2,0.04,0.25,2.87,15.6,20.0,-22.0
2025-09-11 16:58:00,M0027,OP0016,T00207,,,3.12,15.6,0.2,0.03,0.25,2.87,15.6,20.0,-22.0
2025-09-11 17:10:00,M0027,OP0016,T00207,,,3.12,15.6,0.2,0.05,0.25,2.87,15.6,20.0,-22.0
2025-09-11 17:22:00,M0027,OP0016,T00207,,,3.12,15.6,0.2,0.04,0.25,2.87,15.6,20.0,-22.0
2025-09-11 17:34:00,M0027,OP0016,T00207,,,3.12,15.6,0.2,0.04,0.25,2.87,15.6,20.0,-22.0
2025-09-11 17:46:00,M0027,OP0016,T00207,,,3.12,15.6,0.2,0.04,0.25,2.87,15.6,20.0,-22.0
2025-09-11 17:58:00,M0027,OP0016,T00207,,,3.12,15.6,0.2,0.04,0.25,2.87,15.6,20.0,-22.0
2025-09-11 18:10:00,M0027,OP0016,T00207,,,3.12,15.6,0.2,0.04,0.25,2.87,15.6,20.0,-22.0
2025-09-11 18:22:00,M0027,OP0016,T00207,,,3.12,15.6,0.2,0.06,0.25,2.87,15.6,20.0,-22.0
2025-09-11 18:34:00,M0027,OP0016,T00207,,,3.12,15.6,0.2,0.05,0.25,2.87,15.6,20.0,-22.0
2025-09-11 18:46:00,M0027,OP0016,T00207,,,3.12,15.6,0.2,0.03,0.25,2.87,15.6,20.0,-22.0
2025-09-11 18:58:00,M0027,OP0016,T00207,,,3.12,15.6,0.2,0.06,0.25,2.87,15.6,20.0,-22.0
2025-09-11 19:10:00,M0027,OP0016,T00207,,,3.12,15.6,0.2,0.06,0.25,2.87,15.6,20.0,-22.0
2025-02-24 13:19:00,M0015,OP0034,T00209,202.1,,2.85,14.25,0.2,0.03,0.19,2.66,14.25,20.0,-28.7
2025-02-24 13:31:00,M0015,OP0034,T00209,,,2.85,14.25,0.2,0.04,0.19,2.66,14.25,20.0,-28.7
2025-02-24 13:43:00,M0015,OP0034,T00209,,,2.85,14.25,0.2,0.04,0.19,2.66,14.25,20.0,-28.7
2025-02-24 13:55:00,M0015,OP0034,T00209,,,2.85,14.25,0.2,0.04,0.19,2.66,14.25,20.0,-28.7
2025-02-24 14:07:00,M0015,OP0034,T00209,,,2.85,14.25,0.2,0.04,0.19,2.66,14.25,20.0,-28.7
2025-02-24 14:19:00,M0015,OP0034,T00209,,,2.85,14.25,0.2,0.05,0.19,2.66,14.25,20.0,-28.7
2025-02-24 14:31:00,M0015,OP0034,T00209,,,2.85,14.25,0.2,0.04,0.19,2.66,14.25,20.0,-28.7
2025-02-24 14:43:00,M0015,OP0034,T00209,,,2.85,14.25,0.2,0.05,0.19,2.66,14.25,20.0,-28.7
2025-02-24 14:55:00,M0015,OP0034,T00209,,,2.85,14.25,0.2,0.05,0.19,2.66,14.25,20.0,-28.7
2025-02-24 15:07:00,M0015,OP0034,T00209,,,2.85,14.25,0.2,0.04,0.19,2.66,14.25,20.0,-28.7
2025-02-24 15:19:00,M0015,OP0034,T00209,,,2.85,14.25,0.2,0.03,0.19,2.66,14.25,20.0,-28.7
2025-02-24 15:31:00,M0015,OP0034,T00209,,,2.85,14.25,0.2,0.05,0.19,2.66,14.25,20.0,-28.7
2025-02-24 15:43:00,M0015,OP0034,T00209,,,2.85,14.25,0.2,0.05,0.19,2.66,14.25,20.0,-28.7
2025-02-24 15:55:00,M0015,OP0034,T00209,,,2.85,14.25,0.2,0.05,0.19,2.66,14.25,20.0,-28.7
2025-02-24 16:07:00,M0015,OP0034,T00209,,,2.85,14.25,0.2,0.04,0.19,2.66,14.25,20.0,-28.7
2025-02-24 16:19:00,M0015,OP0034,T00209,,,2.85,14.25,0.2,0.04,0.19,2.66,14.25,20.0,-28.7
2025-02-24 16:31:00,M0015,OP0034,T00209,,,2.85,14.25,0.2,0.05,0.19,2.66,14.25,20.0,-28.7
2025-02-24 16:43:00,M0015,OP0034,T00209,,,2.85,14.25,0.2,0.04,0.19,2.66,14.25,20.0,-28.7
2025-02-24 16:55:00,M0015,OP0034,T00209,,,2.85,14.25,0.2,0.05,0.19,2.66,14.25,20.0,-28.7
2025-02-24 17:07:00,M0015,OP0034,T00209,,,0.95,14.25,0.07,0.02,0.06,0.89,14.25,20.0,-28.7
2025-09-24 08:20:00,M0030,OP0031,T00210,297.5,,3.62,18.11,0.2,0.0,0.17,3.46,18.11,20.0,-9.4
2025-09-24 08:32:00,M0030,OP0031,T00210,,,3.62,18.11,0.2,0.0,0.17,3.46,18.11,20.0,-9.4
2025-09-24 08:44:00,M0030,OP0031,T00210,,,3.62,18.11,0.2,0.0,0.17,3.46,18.11,20.0,-9.4
2025-09-24 08:56:00,M0030,OP0031,T00210,,,3.62,18.11,0.2,0.0,0.17,3.46,18.11,20.0,-9.4
2025-09-24 09:08:00,M0030,OP0031,T00210,,,3.62,18.11,0.2,0.0,0.17,3.46,18.11,20.0,-9.4
2025-09-24 09:20:00,M0030,OP0031,T00210,,,3.62,18.11,0.2,0.0,0.17,3.46,18.11,20.0,-9.4
2025-09-24 09:32:00,M0030,OP0031,T00210,,,3.62,18.11,0.2,0.0,0.17,3.46,18.11,20.0,-9.4
2025-09-24 09:44:00,M0030,OP0031,T00210,,,3.62,18.11,0.2,0.0,0.17,3.46,18.11,20.0,-9.4
2025-09-24 09:56:00,M0030,OP0031,T00210,,,3.62,18.11,0.2,0.0,0.17,3.46,18.11,20.0,-9.4
2025-09-24 10:08:00,M0030,OP0031,T00210,,,3.62,18.11,0.2,0.0,0.17,3.46,18.11,20.0,-9.4
2025-09-24 10:20:00,M0030,OP0031,T00210,,,3.62,18.11,0.2,0.0,0.17,3.46,18.11,20.0,-9.4
2025-09-24 10:32:00,M0030,OP0031,T00210,,,3.62,18.11,0.2,0.0,0.17,3.46,18.11,20.0,-9.4
2025-09-24 10:44:00,M0030,OP0031,T00210,,,3.62,18.11,0.2,0.0,0.17,3.46,18.11,20.0,-9.4
2025-09-24 10:56:00,M0030,OP0031,T00210,,,3.62,18.11,0.2,0.0,0.17,3.46,18.11,20.0,-9.4
2025-09-24 11:08:00,M0030,OP0031,T00210,,,3.62,18.11,0.2,0.0,0.17,3.46,18.11,20.0,-9.4
2025-09-24 11:20:00,M0030,OP0031,T00210,,,3.62,18.11,0.2,0.0,0.17,3.46,18.11,20.0,-9.4
2025-09-24 11:32:00,M0030,OP0031,T00210,,,3.62,18.11,0.2,0.0,0.17,3.46,18.11,20.0,-9.4
2025-09-24 11:44:00,M0030,OP0031,T00210,,,3.62,18.11,0.2,0.0,0.17,3.46,18.11,20.0,-9.4
2025-09-24 11:56:00,M0030,OP0031,T00210,,,3.62,18.11,0.2,0.0,0.17,3.46,18.11,20.0,-9.4
2025-09-24 12:08:00,M0030,OP0031,T00210,,,3.62,18.11,0.2,0.0,0.17,3.46,18.11,20.0,-9.4
2025-03-30 14:21:00,M0006,OP0022,T00211,176.2,,1.7,8.51,0.2,0.0,0.09,1.61,8.51,10.5,-18.9
2025-03-30 14:33:00,M0006,OP0022,T00211,,,1.7,8.51,0.2,0.0,0.09,1.61,8.51,10.5,-18.9
2025-03-30 14:45:00,M0006,OP0022,T00211,,,1.7,8.51,0.2,0.01,0.09,1.61,8.51,10.5,-18.9
2025-03-30 14:57:00,M0006,OP0022,T00211,,,1.7,8.51,0.2,0.01,0.09,1.61,8.51,10.5,-18.9
2025-03-30 15:09:00,M0006,OP0022,T00211,,,1.7,8.51,0.2,0.0,0.09,1.61,8.51,10.5,-18.9
2025-03-30 15:21:00,M0006,OP0022,T00211,,,1.7,8.51,0.2,0.01,0.09,1.61,8.51,10.5,-18.9
2025-03-30 15:33:00,M0006,OP0022,T00211,,,1.7,8.51,0.2,0.01,0.09,1.61,8.51,10.5,-18.9
2025-03-30 15:45:00,M0006,OP0022,T00211,,,1.7,8.51,0.2,0.01,0.09,1.61,8.51,10.5,-18.9
2025-03-30 15:57:00,M0006,OP0022,T00211,,,1.7,8.51,0.2,0.01,0.09,1.61,8.51,10.5,-18.9
2025-03-30 16:09:00,M0006,OP0022,T00211,,,1.7,8.51,0.2,0.01,0.09,1.61,8.51,10.5,-18.9
2025-03-30 16:21:00,M0006,OP0022,T00211,,,1.7,8.51,0.2,0.01,0.09,1.61,8.51,10.5,-18.9
2025-03-30 16:33:00,M0006,OP0022,T00211,,,1.7,8.51,0.2,0.01,0.09,1.61,8.51,10.5,-18.9
2025-03-30 16:45:00,M0006,OP0022,T00211,,,1.7,8.51,0.2,0.01,0.09,1.61,8.51,10.5,-18.9
2025-03-30 16:57:00,M0006,OP0022,T00211,,,1.7,8.51,0.2,0.0,0.09,1.61,8.51,10.5,-18.9
2025-03-30 17:09:00,M0006,OP0022,T00211,,,1.7,8.51,0.2,0.01,0.09,1.61,8.51,10.5,-18.9
2025-03-30 17:21:00,M0006,OP0022,T00211,,,1.7,8.51,0.2,0.0,0.09,1.61,8.51,10.5,-18.9
2025-03-30 17:33:00,M0006,OP0022,T00211,,,1.7,8.51,0.2,0.0,0.09,1.61,8.51,10.5,-18.9
2025-03-30 17:45:00,M0006,OP0022,T00211,,,1.7,8.51,0.2,0.01,0.09,1.61,8.51,10.5,-18.9
2025-03-30 17:57:00,M0006,OP0022,T00211,,,1.7,8.51,0.2,0.01,0.09,1.61,8.51,10.5,-18.9
2025-03-30 18:09:00,M0006,OP0022,T00211,,,1.7,8.51,0.2,0.01,0.09,1.61,8.51,10.5,-18.9
2025-02-19 06:00:00,M0042,OP0026,T00212,468.8,,3.87,19.34,0.2,0.03,0.25,3.62,19.34,25.0,-22.6
2025-02-19 06:12:00,M0042,OP0026,T00212,,,3.87,19.34,0.2,0.03,0.25,3.62,19.34,25.0,-22.6
2025-02-19 06:24:00,M0042,OP0026,T00212,,,3.87,19.34,0.2,0.02,0.25,3.62,19.34,25.0,-22.6
2025-02-19 06:36:00,M0042,OP0026,T00212,,,3.87,19.34,0.2,0.02,0.25,3.62,19.34,25.0,-22.6
2025-02-19 06:48:00,M0042,OP0026,T00212,,,3.87,19.34,0.2,0.04,0.25,3.62,19.34,25.0,-22.6
2025-02-19 07:00:00,M0042,OP0026,T00212,,,3.87,19.34,0.2,0.02,0.25,3.62,19.34,25.0,-22.6
2025-02-19 07:12:00,M0042,OP0026,T00212,,,3.87,19.34,0.2,0.03,0.25,3.62,19.34,25.0,-22.6
2025-02-19 07:24:00,M0042,OP0026,T00212,,,3.87,19.34,0.2,0.03,0.25,3.62,19.34,25.0,-22.6
2025-02-19 07:36:00,M0042,OP0026,T00212,,,3.87,19.34,0.2,0.03,0.25,3.62,19.34,25.0,-22.6
2025-02-19 07:48:00,M0042,OP0026,T00212,,,3.87,19.34,0.2,0.02,0.25,3.62,19.34,25.0,-22.6
2025-02-19 08:00:00,M0042,OP0026,T00212,,,3.87,19.34,0.2,0.03,0.25,3.62,19.34,25.0,-22.6
2025-02-19 08:12:00,M0042,OP0026,T00212,,,3.87,19.34,0.2,0.02,0.25,3.62,19.34,25.0,-22.6
2025-02-19 08:24:00,M0042,OP0026,T00212,,,3.87,19.34,0.2,0.03,0.25,3.62,19.34,25.0,-22.6
2025-02-19 08:36:00,M0042,OP0026,T00212,,,3.87,19.34,0.2,0.02,0.25,3.62,19.34,25.0,-22.6
2025-02-19 08:48:00,M0042,OP0026,T00212,,,3.87,19.34,0.2,0.03,0.25,3.62,19.34,25.0,-22.6
2025-02-19 09:00:00,M0042,OP0026,T00212,,,3.87,19.34,0.2,0.02,0.25,3.62,19.34,25.0,-22.6
2025-02-19 09:12:00,M0042,OP0026,T00212,,,3.87,19.34,0.2,0.02,0.25,3.62,19.34,25.0,-22.6
2025-02-19 09:24:00,M0042,OP0026,T00212,,,3.87,19.34,0.2,0.03,0.25,3.62,19.34,25.0,-22.6
2025-02-19 09:36:00,M0042,OP0026,T00212,,,3.87,19.34,0.2,0.03,0.25,3.62,19.34,25.0,-22.6
2025-02-19 09:48:00,M0042,OP0026,T00212,,,3.87,19.34,0.2,0.03,0.25,3.62,19.34,25.0,-22.6
2025-07-16 14:33:00,M0020,OP0049,T00213,184.7,,1.4,7.01,0.2,0.03,0.14,1.26,7.01,10.5,-33.3
2025-07-16 14:45:00,M0020,OP0049,T00213,,,1.4,7.01,0.2,0.03,0.14,1.26,7.01,10.5,-33.3
2025-07-16 14:57:00,M0020,OP0049,T00213,,,1.4,7.01,0.2,0.04,0.14,1.26,7.01,10.5,-33.3
2025-07-16 15:09:00,M0020,OP0049,T00213,,,1.4,7.01,0.2,0.03,0.14,1.26,7.01,10.5,-33.3
2025-07-16 15:21:00,M0020,OP0049,T00213,,,1.4,7.01,0.2,0.03,0.14,1.26,7.01,10.5,-33.3
2025-07-16 15:33:00,M0020,OP0049,T00213,,,1.4,7.01,0.2,0.03,0.14,1.26,7.01,10.5,-33.3
2025-07-16 15:45:00,M0020,OP0049,T00213,,,1.4,7.01,0.2,0.03,0.14,1.26,7.01,10.5,-33.3
2025-07-16 15:57:00,M0020,OP0049,T00213,,,1.4,7.01,0.2,0.03,0.14,1.26,7.01,10.5,-33.3
2025-07-16 16:09:00,M0020,OP0049,T00213,,,1.4,7.01,0.2,0.03,0.14,1.26,7.01,10.5,-33.3
2025-07-16 16:21:00,M0020,OP0049,T00213,,,1.4,7.01,0.2,0.04,0.14,1.26,7.01,10.5,-33.3
2025-07-16 16:33:00,M0020,OP0049,T00213,,,0.35,7.01,0.05,0.01,0.03,0.32,7.01,10.5,-33.3
2025-09-03 12:38:00,M0017,OP0006,T00214,187.5,,2.64,13.18,0.2,0.03,0.14,2.5,13.18,14.5,-9.1
2025-09-03 12:50:00,M0017,OP0006,T00214,,,2.64,13.18,0.2,0.03,0.14,2.5,13.18,14.5,-9.1
2025-09-03 13:02:00,M0017,OP0006,T00214,,,2.64,13.18,0.2,0.04,0.14,2.5,13.18,14.5,-9.1
2025-09-03 13:14:00,M0017,OP0006,T00214,,,2.64,13.18,0.2,0.03,0.14,2.5,13.18,14.5,-9.1
2025-09-03 13:26:00,M0017,OP0006,T00214,,,2.64,13.18,0.2,0.04,0.14,2.5,13.18,14.5,-9.1
2025-09-03 13:38:00,M0017,OP0006,T00214,,,2.64,13.18,0.2,0.03,0.14,2.5,13.18,14.5,-9.1
2025-09-03 13:50:00,M0017,OP0006,T00214,,,2.64,13.18,0.2,0.03,0.14,2.5,13.18,14.5,-9.1
2025-09-03 14:02:00,M0017,OP0006,T00214,,,2.64,13.18,0.2,0.02,0.14,2.5,13.18,14.5,-9.1
2025-09-03 14:14:00,M0017,OP0006,T00214,,,2.64,13.18,0.2,0.03,0.14,2.5,13.18,14.5,-9.1
2025-09-03 14:26:00,M0017,OP0006,T00214,,,2.64,13.18,0.2,0.03,0.14,2.5,13.18,14.5,-9.1
2025-09-03 14:38:00,M0017,OP0006,T00214,,,2.64,13.18,0.2,0.03,0.14,2.5,13.18,14.5,-9.1
2025-09-03 14:50:00,M0017,OP0006,T00214,,,2.64,13.18,0.2,0.02,0.14,2.5,13.18,14.5,-9.1
2025-09-03 15:02:00,M0017,OP0006,T00214,,,2.64,13.18,0.2,0.02,0.14,2.5,13.18,14.5,-9.1
2025-09-03 15:14:00,M0017,OP0006,T00214,,,2.64,13.18,0.2,0.02,0.14,2.5,13.18,14.5,-9.1
2025-09-03 15:26:00,M0017,OP0006,T00214,,,2.64,13.18,0.2,0.03,0.14,2.5,13.18,14.5,-9.1
2025-09-03 15:38:00,M0017,OP0006,T00214,,,2.2,13.18,0.17,0.03,0.11,2.08,13.18,14.5,-9.1
2025-08-20 14:14:00,M0021,OP0053,T00216,400.8,,3.29,16.47,0.2,0.03,0.2,3.1,16.47,14.5,13.6
2025-08-20 14:26:00,M0021,OP0053,T00216,,,3.29,16.47,0.2,0.03,0.2,3.1,16.47,14.5,13.6
2025-08-20 14:38:00,M0021,OP0053,T00216,,,3.29,16.47,0.2,0.03,0.2,3.1,16.47,14.5,13.6
2025-08-20 14:50:00,M0021,OP0053,T00216,,,3.29,16.47,0.2,0.04,0.2,3.1,16.47,14.5,13.6
2025-08-20 15:02:00,M0021,OP0053,T00216,,,3.29,16.47,0.2,0.04,0.2,3.1,16.47,14.5,13.6
2025-08-20 15:14:00,M0021,OP0053,T00216,,,3.29,16.47,0.2,0.03,0.2,3.1,16.47,14.5,13.6
2025-08-20 15:26:00,M0021,OP0053,T00216,,,3.29,16.47,0.2,0.04,0.2,3.1,16.47,14.5,13.6
2025-08-20 15:38:00,M0021,OP0053,T00216,,,3.29,16.47,0.2,0.04,0.2,3.1,16.47,14.5,13.6
2025-08-20 15:50:00,M0021,OP0053,T00216,,,3.29,16.47,0.2,0.03,0.2,3.1,16.47,14.5,13.6
2025-08-20 16:02:00,M0021,OP0053,T00216,,,3.29,16.47,0.2,0.04,0.2,3.1,16.47,14.5,13.6
2025-08-20 16:14:00,M0021,OP0053,T00216,,,3.29,16.47,0.2,0.04,0.2,3.1,16.47,14.5,13.6
2025-08-20 16:26:00,M0021,OP0053,T00216,,,3.29,16.47,0.2,0.03,0.2,3.1,16.47,14.5,13.6
2025-08-20 16:38:00,M0021,OP0053,T00216,,,3.29,16.47,0.2,0.04,0.2,3.1,16.47,14.5,13.6
2025-08-20 16:50:00,M0021,OP0053,T00216,,,3.29,16.47,0.2,0.03,0.2,3.1,16.47,14.5,13.6
2025-08-20 17:02:00,M0021,OP0053,T00216,,,3.02,16.47,0.18,0.03,0.18,2.84,16.47,14.5,13.6
2025-01-30 15:54:00,M0008,OP0025,T00217,400.5,,3.02,15.11,0.2,0.05,0.21,2.81,15.11,20.0,-24.4
2025-01-30 16:06:00,M0008,OP0025,T00217,,,3.02,15.11,0.2,0.05,0.21,2.81,15.11,20.0,-24.4
2025-01-30 16:18:00,M0008,OP0025,T00217,,,3.02,15.11,0.2,0.03,0.21,2.81,15.11,20.0,-24.4
2025-01-30 16:30:00,M0008,OP0025,T00217,,,3.02,15.11,0.2,0.04,0.21,2.81,15.11,20.0,-24.4
2025-01-30 16:42:00,M0008,OP0025,T00217,,,3.02,15.11,0.2,0.03,0.21,2.81,15.11,20.0,-24.4
2025-01-30 16:54:00,M0008,OP0025,T00217,,,0.76,15.11,0.05,0.01,0.05,0.7,15.11,20.0,-24.4
2025-06-15 06:32:00,M0006,OP0029,T00218,163.2,,1.79,8.96,0.2,0.06,0.04,1.75,8.96,10.5,-14.7
2025-06-15 06:44:00,M0006,OP0029,T00218,,,1.79,8.96,0.2,0.05,0.04,1.75,8.96,10.5,-14.7
2025-06-15 06:56:00,M0006,OP0029,T00218,,,1.79,8.96,0.2,0.06,0.04,1.75,8.96,10.5,-14.7
2025-06-15 07:08:00,M0006,OP0029,T00218,,,1.79,8.96,0.2,0.04,0.04,1.75,8.96,10.5,-14.7
2025-06-15 07:20:00,M0006,OP0029,T00218,,,1.79,8.96,0.2,0.06,0.04,1.75,8.96,10.5,-14.7
2025-06-15 07:32:00,M0006,OP0029,T00218,,,1.79,8.96,0.2,0.05,0.04,1.75,8.96,10.5,-14.7
2025-06-15 07:44:00,M0006,OP0029,T00218,,,1.79,8.96,0.2,0.05,0.04,1.75,8.96,10.5,-14.7
2025-06-15 07:56:00,M0006,OP0029,T00218,,,1.79,8.96,0.2,0.06,0.04,1.75,8.96,10.5,-14.7
2025-06-15 08:08:00,M0006,OP0029,T00218,,,1.79,8.96,0.2,0.05,0.04,1.75,8.96,10.5,-14.7
2025-06-15 08:20:00,M0006,OP0029,T00218,,,1.79,8.96,0.2,0.04,0.04,1.75,8.96,10.5,-14.7
2025-06-15 08:32:00,M0006,OP0029,T00218,,,1.79,8.96,0.2,0.06,0.04,1.75,8.96,10.5,-14.7
2025-06-15 08:44:00,M0006,OP0029,T00218,,,1.79,8.96,0.2,0.07,0.04,1.75,8.96,10.5,-14.7
2025-06-15 08:56:00,M0006,OP0029,T00218,,,1.79,8.96,0.2,0.04,0.04,1.75,8.96,10.5,-14.7
2025-06-15 09:08:00,M0006,OP0029,T00218,,,1.79,8.96,0.2,0.04,0.04,1.75,8.96,10.5,-14.7
2025-06-15 09:20:00,M0006,OP0029,T00218,,,1.79,8.96,0.2,0.06,0.04,1.75,8.96,10.5,-14.7
2025-06-15 09:32:00,M0006,OP0029,T00218,,,1.79,8.96,0.2,0.04,0.04,1.75,8.96,10.5,-14.7
2025-06-15 09:44:00,M0006,OP0029,T00218,,,1.79,8.96,0.2,0.05,0.04,1.75,8.96,10.5,-14.7
2025-06-15 09:56:00,M0006,OP0029,T00218,,,1.79,8.96,0.2,0.07,0.04,1.75,8.96,10.5,-14.7
2025-06-15 10:08:00,M0006,OP0029,T00218,,,1.79,8.96,0.2,0.06,0.04,1.75,8.96,10.5,-14.7
2025-06-15 10:20:00,M0006,OP0029,T00218,,,1.49,8.96,0.17,0.04,0.04,1.46,8.96,10.5,-14.7
2025-08-24 06:34:00,M0013,OP0033,T00219,154.2,,1.66,8.29,0.2,0.01,0.04,1.62,8.29,10.5,-21.1
2025-08-24 06:46:00,M0013,OP0033,T00219,,,1.66,8.29,0.2,0.01,0.04,1.62,8.29,10.5,-21.1
2025-08-24 06:58:00,M0013,OP0033,T00219,,,1.66,8.29,0.2,0.01,0.04,1.62,8.29,10.5,-21.1
2025-08-24 07:10:00,M0013,OP0033,T00219,,,1.66,8.29,0.2,0.01,0.04,1.62,8.29,10.5,-21.1
2025-08-24 07:22:00,M0013,OP0033,T00219,,,1.66,8.29,0.2,0.02,0.04,1.62,8.29,10.5,-21.1
2025-08-24 07:34:00,M0013,OP0033,T00219,,,1.66,8.29,0.2,0.01,0.04,1.62,8.29,10.5,-21.1
2025-08-24 07:46:00,M0013,OP0033,T00219,,,1.66,8.29,0.2,0.01,0.04,1.62,8.29,10.5,-21.1
2025-08-24 07:58:00,M0013,OP0033,T00219,,,1.66,8.29,0.2,0.01,0.04,1.62,8.29,10.5,-21.1
2025-08-24 08:10:00,M0013,OP0033,T00219,,,1.66,8.29,0.2,0.01,0.04,1.62,8.29,10.5,-21.1
2025-08-24 08:22:00,M0013,OP0033,T00219,,,1.66,8.29,0.2,0.01,0.04,1.62,8.29,10.5,-21.1
2025-08-24 08:34:00,M0013,OP0033,T00219,,,1.66,8.29,0.2,0.01,0.04,1.62,8.29,10.5,-21.1
2025-08-24 08:46:00,M0013,OP0033,T00219,,,1.66,8.29,0.2,0.02,0.04,1.62,8.29,10.5,-21.1
2025-08-24 08:58:00,M0013,OP0033,T00219,,,1.66,8.29,0.2,0.01,0.04,1.62,8.29,10.5,-21.1
2025-08-24 09:10:00,M0013,OP0033,T00219,,,1.66,8.29,0.2,0.01,0.04,1.62,8.29,10.5,-21.1
2025-08-24 09:22:00,M0013,OP0033,T00219,,,1.66,8.29,0.2,0.02,0.04,1.62,8.29,10.5,-21.1
2025-08-24 09:34:00,M0013,OP0033,T00219,,,1.66,8.29,0.2,0.01,0.04,1.62,8.29,10.5,-21.1
2025-08-24 09:46:00,M0013,OP0033,T00219,,,1.66,8.29,0.2,0.01,0.04,1.62,8.29,10.5,-21.1
2025-08-24 09:58:00,M0013,OP0033,T00219,,,1.66,8.29,0.2,0.01,0.04,1.62,8.29,10.5,-21.1
2025-08-24 10:10:00,M0013,OP0033,T00219,,,1.66,8.29,0.2,0.01,0.04,1.62,8.29,10.5,-21.1
2025-08-24 10:22:00,M0013,OP0033,T00219,,,1.66,8.29,0.2,0.02,0.04,1.62,8.29,10.5,-21.1
2025-07-29 15:18:00,M0002,OP0034,T00221,408.8,,2.91,14.53,0.2,0.07,0.14,2.77,14.53,19.5,-25.5
2025-07-29 15:30:00,M0002,OP0034,T00221,,,2.91,14.53,0.2,0.04,0.14,2.77,14.53,19.5,-25.5
2025-07-29 15:42:00,M0002,OP0034,T00221,,,2.91,14.53,0.2,0.05,0.14,2.77,14.53,19.5,-25.5
2025-07-29 15:54:00,M0002,OP0034,T00221,,,2.91,14.53,0.2,0.06,0.14,2.77,14.53,19.5,-25.5
2025-07-29 16:06:00,M0002,OP0034,T00221,,,2.91,14.53,0.2,0.06,0.14,2.77,14.53,19.5,-25.5
2025-07-29 16:18:00,M0002,OP0034,T00221,,,2.91,14.53,0.2,0.06,0.14,2.77,14.53,19.5,-25.5
2025-07-29 16:30:00,M0002,OP0034,T00221,,,2.91,14.53,0.2,0.06,0.14,2.77,14.53,19.5,-25.5
2025-07-29 16:42:00,M0002,OP0034,T00221,,,2.91,14.53,0.2,0.05,0.14,2.77,14.53,19.5,-25.5
2025-07-29 16:54:00,M0002,OP0034,T00221,,,2.91,14.53,0.2,0.05,0.14,2.77,14.53,19.5,-25.5
2025-07-29 17:06:00,M0002,OP0034,T00221,,,2.91,14.53,0.2,0.05,0.14,2.77,14.53,19.5,-25.5
2025-07-29 17:18:00,M0002,OP0034,T00221,,,2.91,14.53,0.2,0.04,0.14,2.77,14.53,19.5,-25.5
2025-07-29 17:30:00,M0002,OP0034,T00221,,,2.91,14.53,0.2,0.04,0.14,2.77,14.53,19.5,-25.5
2025-07-29 17:42:00,M0002,OP0034,T00221,,,2.91,14.53,0.2,0.04,0.14,2.77,14.53,19.5,-25.5
2025-07-29 17:54:00,M0002,OP0034,T00221,,,2.91,14.53,0.2,0.05,0.14,2.77,14.53,19.5,-25.5
2025-07-29 18:06:00,M0002,OP0034,T00221,,,2.91,14.53,0.2,0.04,0.14,2.77,14.53,19.5,-25.5
2025-07-29 18:18:00,M0002,OP0034,T00221,,,2.91,14.53,0.2,0.06,0.14,2.77,14.53,19.5,-25.5
2025-07-29 18:30:00,M0002,OP0034,T00221,,,2.91,14.53,0.2,0.04,0.14,2.77,14.53,19.5,-25.5
2025-07-29 18:42:00,M0002,OP0034,T00221,,,2.91,14.53,0.2,0.05,0.14,2.77,14.53,19.5,-25.5
2025-07-29 18:54:00,M0002,OP0034,T00221,,,2.91,14.53,0.2,0.05,0.14,2.77,14.53,19.5,-25.5
2025-07-29 19:06:00,M0002,OP0034,T00221,,,2.91,14.53,0.2,0.04,0.14,2.77,14.53,19.5,-25.5
2025-08-16 08:48:00,M0009,OP0006,T00222,239.3,,4.11,20.56,0.2,0.02,0.1,4.02,20.56,20.0,2.8
2025-08-16 09:00:00,M0009,OP0006,T00222,,,4.11,20.56,0.2,0.03,0.1,4.02,20.56,20.0,2.8
2025-08-16 09:12:00,M0009,OP0006,T00222,,,4.11,20.56,0.2,0.02,0.1,4.02,20.56,20.0,2.8
2025-08-16 09:24:00,M0009,OP0006,T00222,,,4.11,20.56,0.2,0.02,0.1,4.02,20.56,20.0,2.8
2025-08-16 09:36:00,M0009,OP0006,T00222,,,4.11,20.56,0.2,0.03,0.1,4.02,20.56,20.0,2.8
2025-08-16 09:48:00,M0009,OP0006,T00222,,,4.11,20.56,0.2,0.02,0.1,4.02,20.56,20.0,2.8
2025-08-16 10:00:00,M0009,OP0006,T00222,,,4.11,20.56,0.2,0.02,0.1,4.02,20.56,20.0,2.8
2025-08-16 10:12:00,M0009,OP0006,T00222,,,4.11,20.56,0.2,0.03,0.1,4.02,20.56,20.0,2.8
2025-08-16 10:24:00,M0009,OP0006,T00222,,,4.11,20.56,0.2,0.03,0.1,4.02,20.56,20.0,2.8
2025-08-16 10:36:00,M0009,OP0006,T00222,,,4.11,20.56,0.2,0.03,0.1,4.02,20.56,20.0,2.8
2025-08-16 10:48:00,M0009,OP0006,T00222,,,4.11,20.56,0.2,0.03,0.1,4.02,20.56,20.0,2.8
2025-08-16 11:00:00,M0009,OP0006,T00222,,,4.11,20.56,0.2,0.02,0.1,4.02,20.56,20.0,2.8
2025-09-21 08:15:00,M0031,OP0027,T00223,152.4,,2.31,11.54,0.2,0.04,0.25,2.06,11.54,19.5,-40.8
2025-09-21 08:27:00,M0031,OP0027,T00223,,,2.31,11.54,0.2,0.06,0.25,2.06,11.54,19.5,-40.8
2025-09-21 08:39:00,M0031,OP0027,T00223,,,2.31,11.54,0.2,0.05,0.25,2.06,11.54,19.5,-40.8
2025-09-21 08:51:00,M0031,OP0027,T00223,,,2.31,11.54,0.2,0.04,0.25,2.06,11.54,19.5,-40.8
2025-09-21 09:03:00,M0031,OP0027,T00223,,,2.31,11.54,0.2,0.05,0.25,2.06,11.54,19.5,-40.8
2025-09-21 09:15:00,M0031,OP0027,T00223,,,2.31,11.54,0.2,0.06,0.25,2.06,11.54,19.5,-40.8
2025-09-21 09:27:00,M0031,OP0027,T00223,,,2.31,11.54,0.2,0.06,0.25,2.06,11.54,19.5,-40.8
2025-09-21 09:39:00,M0031,OP0027,T00223,,,2.31,11.54,0.2,0.06,0.25,2.06,11.54,19.5,-40.8
2025-09-21 09:51:00,M0031,OP0027,T00223,,,2.31,11.54,0.2,0.06,0.25,2.06,11.54,19.5,-40.8
2025-09-21 10:03:00,M0031,OP0027,T00223,,,2.31,11.54,0.2,0.05,0.25,2.06,11.54,19.5,-40.8
2025-09-21 10:15:00,M0031,OP0027,T00223,,,2.31,11.54,0.2,0.07,0.25,2.06,11.54,19.5,-40.8
2025-09-21 10:27:00,M0031,OP0027,T00223,,,2.31,11.54,0.2,0.05,0.25,2.06,11.54,19.5,-40.8
2025-09-21 10:39:00,M0031,OP0027,T00223,,,2.31,11.54,0.2,0.06,0.25,2.06,11.54,19.5,-40.8
2025-09-21 10:51:00,M0031,OP0027,T00223,,,2.31,11.54,0.2,0.04,0.25,2.06,11.54,19.5,-40.8
2025-09-21 11:03:00,M0031,OP0027,T00223,,,2.31,11.54,0.2,0.07,0.25,2.06,11.54,19.5,-40.8
2025-09-21 11:15:00,M0031,OP0027,T00223,,,2.31,11.54,0.2,0.05,0.25,2.06,11.54,19.5,-40.8
2025-09-21 11:27:00,M0031,OP0027,T00223,,,2.31,11.54,0.2,0.05,0.25,2.06,11.54,19.5,-40.8
2025-09-21 11:39:00,M0031,OP0027,T00223,,,2.31,11.54,0.2,0.05,0.25,2.06,11.54,19.5,-40.8
2025-09-21 11:51:00,M0031,OP0027,T00223,,,2.31,11.54,0.2,0.06,0.25,2.06,11.54,19.5,-40.8
2025-09-21 12:03:00,M0031,OP0027,T00223,,,2.31,11.54,0.2,0.07,0.25,2.06,11.54,19.5,-40.8
2025-01-13 14:37:00,M0021,OP0035,T00224,318.6,,2.11,10.55,0.2,0.01,0.09,2.02,10.55,14.5,-27.2
2025-01-13 14:49:00,M0021,OP0035,T00224,,,2.11,10.55,0.2,0.01,0.09,2.02,10.55,14.5,-27.2
2025-01-13 15:01:00,M0021,OP0035,T00224,,,2.11,10.55,0.2,0.01,0.09,2.02,10.55,14.5,-27.2
2025-01-13 15:13:00,M0021,OP0035,T00224,,,2.11,10.55,0.2,0.01,0.09,2.02,10.55,14.5,-27.2
2025-01-13 15:25:00,M0021,OP0035,T00224,,,2.11,10.55,0.2,0.01,0.09,2.02,10.55,14.5,-27.2
2025-01-13 15:37:00,M0021,OP0035,T00224,,,1.58,10.55,0.15,0.01,0.07,1.52,10.55,14.5,-27.2
2025-08-05 10:00:00,M0014,OP0038,T00225,353.7,,4.04,20.18,0.2,0.05,0.29,3.75,20.18,28.0,-27.9
2025-08-05 10:12:00,M0014,OP0038,T00225,,,4.04,20.18,0.2,0.06,0.29,3.75,20.18,28.0,-27.9
2025-08-05 10:24:00,M0014,OP0038,T00225,,,4.04,20.18,0.2,0.06,0.29,3.75,20.18,28.0,-27.9
2025-08-05 10:36:00,M0014,OP0038,T00225,,,4.04,20.18,0.2,0.03,0.29,3.75,20.18,28.0,-27.9
2025-08-05 10:48:00,M0014,OP0038,T00225,,,4.04,20.18,0.2,0.03,0.29,3.75,20.18,28.0,-27.9
2025-08-05 11:00:00,M0014,OP0038,T00225,,,4.04,20.18,0.2,0.05,0.29,3.75,20.18,28.0,-27.9
2025-08-05 11:12:00,M0014,OP0038,T00225,,,4.04,20.18,0.2,0.04,0.29,3.75,20.18,28.0,-27.9
2025-08-05 11:24:00,M0014,OP0038,T00225,,,4.04,20.18,0.2,0.04,0.29,3.75,20.18,28.0,-27.9
2025-08-05 11:36:00,M0014,OP0038,T00225,,,4.04,20.18,0.2,0.03,0.29,3.75,20.18,28.0,-27.9
2025-08-05 11:48:00,M0014,OP0038,T00225,,,4.04,20.18,0.2,0.04,0.29,3.75,20.18,28.0,-27.9
2025-08-05 12:00:00,M0014,OP0038,T00225,,,4.04,20.18,0.2,0.03,0.29,3.75,20.18,28.0,-27.9
2025-08-05 12:12:00,M0014,OP0038,T00225,,,4.04,20.18,0.2,0.03,0.29,3.75,20.18,28.0,-27.9
2025-08-05 12:24:00,M0014,OP0038,T00225,,,4.04,20.18,0.2,0.06,0.29,3.75,20.18,28.0,-27.9
2025-08-05 12:36:00,M0014,OP0038,T00225,,,4.04,20.18,0.2,0.06,0.29,3.75,20.18,28.0,-27.9
2025-08-05 12:48:00,M0014,OP0038,T00225,,,4.04,20.18,0.2,0.04,0.29,3.75,20.18,28.0,-27.9
2025-08-05 13:00:00,M0014,OP0038,T00225,,,4.04,20.18,0.2,0.04,0.29,3.75,20.18,28.0,-27.9
2025-08-05 13:12:00,M0014,OP0038,T00225,,,4.04,20.18,0.2,0.05,0.29,3.75,20.18,28.0,-27.9
2025-08-05 13:24:00,M0014,OP0038,T00225,,,4.04,20.18,0.2,0.03,0.29,3.75,20.18,28.0,-27.9
2025-08-05 13:36:00,M0014,OP0038,T00225,,,4.04,20.18,0.2,0.05,0.29,3.75,20.18,28.0,-27.9
2025-08-05 13:48:00,M0014,OP0038,T00225,,,4.04,20.18,0.2,0.05,0.29,3.75,20.18,28.0,-27.9
2025-05-31 09:13:00,M0010,OP0043,T00226,352.2,,4.34,21.71,0.2,0.0,0.17,4.18,21.71,28.0,-22.5
2025-05-31 09:25:00,M0010,OP0043,T00226,,,4.34,21.71,0.2,0.0,0.17,4.18,21.71,28.0,-22.5
2025-05-31 09:37:00,M0010,OP0043,T00226,,,4.34,21.71,0.2,0.0,0.17,4.18,21.71,28.0,-22.5
2025-05-31 09:49:00,M0010,OP0043,T00226,,,4.34,21.71,0.2,0.0,0.17,4.18,21.71,28.0,-22.5
2025-05-31 10:01:00,M0010,OP0043,T00226,,,4.34,21.71,0.2,0.0,0.17,4.18,21.71,28.0,-22.5
2025-05-31 10:13:00,M0010,OP0043,T00226,,,4.34,21.71,0.2,0.0,0.17,4.18,21.71,28.0,-22.5
2025-05-31 10:25:00,M0010,OP0043,T00226,,,4.34,21.71,0.2,0.0,0.17,4.18,21.71,28.0,-22.5
2025-05-31 10:37:00,M0010,OP0043,T00226,,,4.34,21.71,0.2,0.0,0.17,4.18,21.71,28.0,-22.5
2025-05-31 10:49:00,M0010,OP0043,T00226,,,4.34,21.71,0.2,0.0,0.17,4.18,21.71,28.0,-22.5
2025-05-31 11:01:00,M0010,OP0043,T00226,,,4.34,21.71,0.2,0.0,0.17,4.18,21.71,28.0,-22.5
2025-05-31 11:13:00,M0010,OP0043,T00226,,,4.34,21.71,0.2,0.0,0.17,4.18,21.71,28.0,-22.5
2025-05-31 11:25:00,M0010,OP0043,T00226,,,4.34,21.71,0.2,0.0,0.17,4.18,21.71,28.0,-22.5
2025-05-31 11:37:00,M0010,OP0043,T00226,,,4.34,21.71,0.2,0.0,0.17,4.18,21.71,28.0,-22.5
2025-05-31 11:49:00,M0010,OP0043,T00226,,,4.34,21.71,0.2,0.0,0.17,4.18,21.71,28.0,-22.5
2025-05-31 12:01:00,M0010,OP0043,T00226,,,4.34,21.71,0.2,0.0,0.17,4.18,21.71,28.0,-22.5
2025-05-31 12:13:00,M0010,OP0043,T00226,,,4.34,21.71,0.2,0.0,0.17,4.18,21.71,28.0,-22.5
2025-05-31 12:25:00,M0010,OP0043,T00226,,,4.34,21.71,0.2,0.0,0.17,4.18,21.71,28.0,-22.5
2025-05-31 12:37:00,M0010,OP0043,T00226,,,4.34,21.71,0.2,0.0,0.17,4.18,21.71,28.0,-22.5
2025-05-31 12:49:00,M0010,OP0043,T00226,,,4.34,21.71,0.2,0.0,0.17,4.18,21.71,28.0,-22.5
2025-05-31 13:01:00,M0010,OP0043,T00226,,,4.34,21.71,0.2,0.0,0.17,4.18,21.71,28.0,-22.5
2025-05-01 10:59:00,M0004,OP0031,T00227,416.2,,2.53,12.66,0.2,0.0,0.11,2.42,12.66,14.5,-12.7
2025-05-01 11:11:00,M0004,OP0031,T00227,,,2.53,12.66,0.2,0.0,0.11,2.42,12.66,14.5,-12.7
2025-05-01 11:23:00,M0004,OP0031,T00227,,,2.53,12.66,0.2,0.0,0.11,2.42,12.66,14.5,-12.7
2025-05-01 11:35:00,M0004,OP0031,T00227,,,2.53,12.66,0.2,0.0,0.11,2.42,12.66,14.5,-12.7
2025-05-01 11:47:00,M0004,OP0031,T00227,,,2.53,12.66,0.2,0.0,0.11,2.42,12.66,14.5,-12.7
2025-05-01 11:59:00,M0004,OP0031,T00227,,,2.53,12.66,0.2,0.0,0.11,2.42,12.66,14.5,-12.7
2025-05-01 12:11:00,M0004,OP0031,T00227,,,2.53,12.66,0.2,0.0,0.11,2.42,12.66,14.5,-12.7
2025-05-01 12:23:00,M0004,OP0031,T00227,,,2.53,12.66,0.2,0.0,0.11,2.42,12.66,14.5,-12.7
2025-05-01 12:35:00,M0004,OP0031,T00227,,,2.53,12.66,0.2,0.0,0.11,2.42,12.66,14.5,-12.7
2025-05-01 12:47:00,M0004,OP0031,T00227,,,2.53,12.66,0.2,0.0,0.11,2.42,12.66,14.5,-12.7
2025-05-01 12:59:00,M0004,OP0031,T00227,,,2.53,12.66,0.2,0.0,0.11,2.42,12.66,14.5,-12.7
2025-05-01 13:11:00,M0004,OP0031,T00227,,,2.53,12.66,0.2,0.0,0.11,2.42,12.66,14.5,-12.7
2025-05-01 13:23:00,M0004,OP0031,T00227,,,2.53,12.66,0.2,0.0,0.11,2.42,12.66,14.5,-12.7
2025-05-01 13:35:00,M0004,OP0031,T00227,,,2.53,12.66,0.2,0.0,0.11,2.42,12.66,14.5,-12.7
2025-05-01 13:47:00,M0004,OP0031,T00227,,,2.53,12.66,0.2,0.0,0.11,2.42,12.66,14.5,-12.7
2025-05-01 13:59:00,M0004,OP0031,T00227,,,2.53,12.66,0.2,0.0,0.11,2.42,12.66,14.5,-12.7
2025-05-01 14:11:00,M0004,OP0031,T00227,,,2.53,12.66,0.2,0.0,0.11,2.42,12.66,14.5,-12.7
2025-05-01 14:23:00,M0004,OP0031,T00227,,,1.27,12.66,0.1,0.0,0.06,1.21,12.66,14.5,-12.7
2025-09-16 12:06:00,M0013,OP0003,T00228,161.1,,1.43,7.15,0.2,0.05,0.08,1.35,7.15,10.5,-31.9
2025-09-16 12:18:00,M0013,OP0003,T00228,,,1.43,7.15,0.2,0.06,0.08,1.35,7.15,10.5,-31.9
2025-09-16 12:30:00,M0013,OP0003,T00228,,,1.43,7.15,0.2,0.06,0.08,1.35,7.15,10.5,-31.9
2025-09-16 12:42:00,M0013,OP0003,T00228,,,1.43,7.15,0.2,0.06,0.08,1.35,7.15,10.5,-31.9
2025-09-16 12:54:00,M0013,OP0003,T00228,,,1.43,7.15,0.2,0.05,0.08,1.35,7.15,10.5,-31.9
2025-09-16 13:06:00,M0013,OP0003,T00228,,,1.43,7.15,0.2,0.05,0.08,1.35,7.15,10.5,-31.9
2025-09-16 13:18:00,M0013,OP0003,T00228,,,1.43,7.15,0.2,0.05,0.08,1.35,7.15,10.5,-31.9
2025-09-16 13:30:00,M0013,OP0003,T00228,,,1.43,7.15,0.2,0.05,0.08,1.35,7.15,10.5,-31.9
2025-09-16 13:42:00,M0013,OP0003,T00228,,,1.43,7.15,0.2,0.04,0.08,1.35,7.15,10.5,-31.9
2025-09-16 13:54:00,M0013,OP0003,T00228,,,1.43,7.15,0.2,0.05,0.08,1.35,7.15,10.5,-31.9
2025-09-16 14:06:00,M0013,OP0003,T00228,,,1.43,7.15,0.2,0.04,0.08,1.35,7.15,10.5,-31.9
2025-09-16 14:18:00,M0013,OP0003,T00228,,,1.43,7.15,0.2,0.04,0.08,1.35,7.15,10.5,-31.9
2025-09-16 14:30:00,M0013,OP0003,T00228,,,1.43,7.15,0.2,0.04,0.08,1.35,7.15,10.5,-31.9
2025-09-16 14:42:00,M0013,OP0003,T00228,,,0.6,7.15,0.08,0.03,0.03,0.56,7.15,10.5,-31.9
2025-06-18 08:28:00,M0029,OP0055,T00230,326.1,,4.12,20.6,0.2,0.04,0.1,4.02,20.6,25.0,-17.6
2025-06-18 08:40:00,M0029,OP0055,T00230,,,4.12,20.6,0.2,0.04,0.1,4.02,20.6,25.0,-17.6
2025-06-18 08:52:00,M0029,OP0055,T00230,,,4.12,20.6,0.2,0.04,0.1,4.02,20.6,25.0,-17.6
2025-06-18 09:04:00,M0029,OP0055,T00230,,,4.12,20.6,0.2,0.05,0.1,4.02,20.6,25.0,-17.6
2025-06-18 09:16:00,M0029,OP0055,T00230,,,4.12,20.6,0.2,0.05,0.1,4.02,20.6,25.0,-17.6
2025-09-05 10:37:00,M0004,OP0044,T00231,308.1,,2.27,11.36,0.2,0.05,0.2,2.07,11.36,14.5,-21.6
2025-09-05 10:49:00,M0004,OP0044,T00231,,,2.27,11.36,0.2,0.04,0.2,2.07,11.36,14.5,-21.6
2025-09-05 11:01:00,M0004,OP0044,T00231,,,2.27,11.36,0.2,0.05,0.2,2.07,11.36,14.5,-21.6
2025-09-05 11:13:00,M0004,OP0044,T00231,,,2.27,11.36,0.2,0.05,0.2,2.07,11.36,14.5,-21.6
2025-09-05 11:25:00,M0004,OP0044,T00231,,,2.27,11.36,0.2,0.03,0.2,2.07,11.36,14.5,-21.6
2025-09-05 11:37:00,M0004,OP0044,T00231,,,1.14,11.36,0.1,0.02,0.1,1.04,11.36,14.5,-21.6
2025-01-22 11:08:00,M0013,OP0048,T00232,187.3,,1.77,8.84,0.2,0.03,0.05,1.71,8.84,10.5,-15.8
2025-01-22 11:20:00,M0013,OP0048,T00232,,,1.77,8.84,0.2,0.04,0.05,1.71,8.84,10.5,-15.8
2025-01-22 11:32:00,M0013,OP0048,T00232,,,1.77,8.84,0.2,0.03,0.05,1.71,8.84,10.5,-15.8
2025-01-22 11:44:00,M0013,OP0048,T00232,,,1.77,8.84,0.2,0.03,0.05,1.71,8.84,10.5,-15.8
2025-01-22 11:56:00,M0013,OP0048,T00232,,,1.77,8.84,0.2,0.04,0.05,1.71,8.84,10.5,-15.8
2025-01-22 12:08:00,M0013,OP0048,T00232,,,1.77,8.84,0.2,0.03,0.05,1.71,8.84,10.5,-15.8
2025-01-22 12:20:00,M0013,OP0048,T00232,,,1.77,8.84,0.2,0.03,0.05,1.71,8.84,10.5,-15.8
2025-01-22 12:32:00,M0013,OP0048,T00232,,,1.77,8.84,0.2,0.04,0.05,1.71,8.84,10.5,-15.8
2025-01-22 12:44:00,M0013,OP0048,T00232,,,1.77,8.84,0.2,0.04,0.05,1.71,8.84,10.5,-15.8
2025-01-22 12:56:00,M0013,OP0048,T00232,,,1.77,8.84,0.2,0.04,0.05,1.71,8.84,10.5,-15.8
2025-01-22 13:08:00,M0013,OP0048,T00232,,,1.77,8.84,0.2,0.04,0.05,1.71,8.84,10.5,-15.8
2025-01-22 13:20:00,M0013,OP0048,T00232,,,1.77,8.84,0.2,0.03,0.05,1.71,8.84,10.5,-15.8
2025-01-22 13:32:00,M0013,OP0048,T00232,,,1.77,8.84,0.2,0.03,0.05,1.71,8.84,10.5,-15.8
2025-01-22 13:44:00,M0013,OP0048,T00232,,,1.77,8.84,0.2,0.03,0.05,1.71,8.84,10.5,-15.8
2025-01-22 13:56:00,M0013,OP0048,T00232,,,1.77,8.84,0.2,0.04,0.05,1.71,8.84,10.5,-15.8
2025-01-22 14:08:00,M0013,OP0048,T00232,,,1.77,8.84,0.2,0.03,0.05,1.71,8.84,10.5,-15.8
2025-01-22 14:20:00,M0013,OP0048,T00232,,,1.77,8.84,0.2,0.04,0.05,1.71,8.84,10.5,-15.8
2025-01-22 14:32:00,M0013,OP0048,T00232,,,1.77,8.84,0.2,0.03,0.05,1.71,8.84,10.5,-15.8
2025-01-22 14:44:00,M0013,OP0048,T00232,,,1.77,8.84,0.2,0.02,0.05,1.71,8.84,10.5,-15.8
2025-01-22 14:56:00,M0013,OP0048,T00232,,,1.77,8.84,0.2,0.04,0.05,1.71,8.84,10.5,-15.8
2025-07-06 09:05:00,M0011,OP0036,T00233,149.7,,1.59,7.96,0.2,0.02,0.14,1.45,7.96,10.5,-24.2
2025-07-06 09:17:00,M0011,OP0036,T00233,,,1.59,7.96,0.2,0.02,0.14,1.45,7.96,10.5,-24.2
2025-07-06 09:29:00,M0011,OP0036,T00233,,,1.59,7.96,0.2,0.03,0.14,1.45,7.96,10.5,-24.2
2025-07-06 09:41:00,M0011,OP0036,T00233,,,1.59,7.96,0.2,0.03,0.14,1.45,7.96,10.5,-24.2
2025-07-06 09:53:00,M0011,OP0036,T00233,,,1.59,7.96,0.2,0.02,0.14,1.45,7.96,10.5,-24.2
2025-07-06 10:05:00,M0011,OP0036,T00233,,,1.59,7.96,0.2,0.02,0.14,1.45,7.96,10.5,-24.2
2025-07-06 10:17:00,M0011,OP0036,T00233,,,1.59,7.96,0.2,0.03,0.14,1.45,7.96,10.5,-24.2
2025-07-06 10:29:00,M0011,OP0036,T00233,,,1.33,7.96,0.17,0.02,0.12,1.21,7.96,10.5,-24.2
2025-07-30 15:45:00,M0035,OP0042,T00234,296.9,,2.32,11.58,0.2,0.02,0.07,2.25,11.58,14.5,-20.1
2025-07-30 15:57:00,M0035,OP0042,T00234,,,2.32,11.58,0.2,0.01,0.07,2.25,11.58,14.5,-20.1
2025-07-30 16:09:00,M0035,OP0042,T00234,,,2.32,11.58,0.2,0.02,0.07,2.25,11.58,14.5,-20.1
2025-07-30 16:21:00,M0035,OP0042,T00234,,,2.32,11.58,0.2,0.02,0.07,2.25,11.58,14.5,-20.1
2025-07-30 16:33:00,M0035,OP0042,T00234,,,2.32,11.58,0.2,0.01,0.07,2.25,11.58,14.5,-20.1
2025-07-30 16:45:00,M0035,OP0042,T00234,,,2.32,11.58,0.2,0.02,0.07,2.25,11.58,14.5,-20.1
2025-07-30 16:57:00,M0035,OP0042,T00234,,,2.32,11.58,0.2,0.02,0.07,2.25,11.58,14.5,-20.1
2025-07-30 17:09:00,M0035,OP0042,T00234,,,2.32,11.58,0.2,0.02,0.07,2.25,11.58,14.5,-20.1
2025-07-30 17:21:00,M0035,OP0042,T00234,,,2.32,11.58,0.2,0.02,0.07,2.25,11.58,14.5,-20.1
2025-07-30 17:33:00,M0035,OP0042,T00234,,,2.32,11.58,0.2,0.01,0.07,2.25,11.58,14.5,-20.1
2025-07-30 17:45:00,M0035,OP0042,T00234,,,2.32,11.58,0.2,0.02,0.07,2.25,11.58,14.5,-20.1
2025-07-30 17:57:00,M0035,OP0042,T00234,,,2.32,11.58,0.2,0.01,0.07,2.25,11.58,14.5,-20.1
2025-07-30 18:09:00,M0035,OP0042,T00234,,,2.32,11.58,0.2,0.02,0.07,2.25,11.58,14.5,-20.1
2025-07-30 18:21:00,M0035,OP0042,T00234,,,0.96,11.58,0.08,0.01,0.03,0.94,11.58,14.5,-20.1
2025-07-07 14:07:00,M0006,OP0033,T00235,127.7,,1.36,6.81,0.2,0.05,0.12,1.25,6.81,10.5,-35.1
2025-07-07 14:19:00,M0006,OP0033,T00235,,,1.36,6.81,0.2,0.04,0.12,1.25,6.81,10.5,-35.1
2025-07-07 14:31:00,M0006,OP0033,T00235,,,1.36,6.81,0.2,0.04,0.12,1.25,6.81,10.5,-35.1
2025-07-07 14:43:00,M0006,OP0033,T00235,,,1.36,6.81,0.2,0.03,0.12,1.25,6.81,10.5,-35.1
2025-07-07 14:55:00,M0006,OP0033,T00235,,,1.36,6.81,0.2,0.04,0.12,1.25,6.81,10.5,-35.1
2025-07-07 15:07:00,M0006,OP0033,T00235,,,1.36,6.81,0.2,0.04,0.12,1.25,6.81,10.5,-35.1
2025-07-07 15:19:00,M0006,OP0033,T00235,,,1.36,6.81,0.2,0.04,0.12,1.25,6.81,10.5,-35.1
2025-07-07 15:31:00,M0006,OP0033,T00235,,,1.36,6.81,0.2,0.03,0.12,1.25,6.81,10.5,-35.1
2025-07-07 15:43:00,M0006,OP0033,T00235,,,1.36,6.81,0.2,0.04,0.12,1.25,6.81,10.5,-35.1
2025-07-07 15:55:00,M0006,OP0033,T00235,,,1.36,6.81,0.2,0.03,0.12,1.25,6.81,10.5,-35.1
2025-07-07 16:07:00,M0006,OP0033,T00235,,,1.36,6.81,0.2,0.03,0.12,1.25,6.81,10.5,-35.1
2025-07-07 16:19:00,M0006,OP0033,T00235,,,1.36,6.81,0.2,0.05,0.12,1.25,6.81,10.5,-35.1
2025-07-07 16:31:00,M0006,OP0033,T00235,,,1.36,6.81,0.2,0.05,0.12,1.25,6.81,10.5,-35.1
2025-07-07 16:43:00,M0006,OP0033,T00235,,,1.14,6.81,0.17,0.03,0.1,1.04,6.81,10.5,-35.1
2025-02-03 15:24:00,M0030,OP0020,T00236,315.6,,2.68,13.42,0.2,0.04,0.17,2.51,13.42,20.0,-32.9
2025-02-03 15:36:00,M0030,OP0020,T00236,,,2.68,13.42,0.2,0.03,0.17,2.51,13.42,20.0,-32.9
2025-02-03 15:48:00,M0030,OP0020,T00236,,,2.68,13.42,0.2,0.03,0.17,2.51,13.42,20.0,-32.9
2025-02-03 16:00:00,M0030,OP0020,T00236,,,2.68,13.42,0.2,0.03,0.17,2.51,13.42,20.0,-32.9
2025-02-03 16:12:00,M0030,OP0020,T00236,,,2.68,13.42,0.2,0.03,0.17,2.51,13.42,20.0,-32.9
2025-02-03 16:24:00,M0030,OP0020,T00236,,,2.68,13.42,0.2,0.04,0.17,2.51,13.42,20.0,-32.9
2025-02-03 16:36:00,M0030,OP0020,T00236,,,2.68,13.42,0.2,0.04,0.17,2.51,13.42,20.0,-32.9
2025-02-03 16:48:00,M0030,OP0020,T00236,,,2.68,13.42,0.2,0.03,0.17,2.51,13.42,20.0,-32.9
2025-02-03 17:00:00,M0030,OP0020,T00236,,,2.68,13.42,0.2,0.03,0.17,2.51,13.42,20.0,-32.9
2025-02-03 17:12:00,M0030,OP0020,T00236,,,2.68,13.42,0.2,0.04,0.17,2.51,13.42,20.0,-32.9
2025-02-03 17:24:00,M0030,OP0020,T00236,,,2.68,13.42,0.2,0.03,0.17,2.51,13.42,20.0,-32.9
2025-02-03 17:36:00,M0030,OP0020,T00236,,,2.68,13.42,0.2,0.04,0.17,2.51,13.42,20.0,-32.9
2025-02-03 17:48:00,M0030,OP0020,T00236,,,2.68,13.42,0.2,0.04,0.17,2.51,13.42,20.0,-32.9
2025-02-03 18:00:00,M0030,OP0020,T00236,,,2.68,13.42,0.2,0.04,0.17,2.51,13.42,20.0,-32.9
2025-02-03 18:12:00,M0030,OP0020,T00236,,,2.68,13.42,0.2,0.04,0.17,2.51,13.42,20.0,-32.9
2025-02-03 18:24:00,M0030,OP0020,T00236,,,2.68,13.42,0.2,0.04,0.17,2.51,13.42,20.0,-32.9
2025-02-03 18:36:00,M0030,OP0020,T00236,,,2.68,13.42,0.2,0.03,0.17,2.51,13.42,20.0,-32.9
2025-02-03 18:48:00,M0030,OP0020,T00236,,,2.68,13.42,0.2,0.05,0.17,2.51,13.42,20.0,-32.9
2025-02-03 19:00:00,M0030,OP0020,T00236,,,2.68,13.42,0.2,0.05,0.17,2.51,13.42,20.0,-32.9
2025-02-03 19:12:00,M0030,OP0020,T00236,,,2.68,13.42,0.2,0.03,0.17,2.51,13.42,20.0,-32.9
2025-05-19 08:16:00,M0023,OP0052,T00237,296.3,,3.12,15.62,0.2,0.04,0.18,2.94,15.62,19.5,-19.9
2025-05-19 08:28:00,M0023,OP0052,T00237,,,3.12,15.62,0.2,0.03,0.18,2.94,15.62,19.5,-19.9
2025-05-19 08:40:00,M0023,OP0052,T00237,,,3.12,15.62,0.2,0.03,0.18,2.94,15.62,19.5,-19.9
2025-05-19 08:52:00,M0023,OP0052,T00237,,,3.12,15.62,0.2,0.05,0.18,2.94,15.62,19.5,-19.9
2025-05-19 09:04:00,M0023,OP0052,T00237,,,3.12,15.62,0.2,0.03,0.18,2.94,15.62,19.5,-19.9
2025-05-19 09:16:00,M0023,OP0052,T00237,,,3.12,15.62,0.2,0.04,0.18,2.94,15.62,19.5,-19.9
2025-05-19 09:28:00,M0023,OP0052,T00237,,,3.12,15.62,0.2,0.05,0.18,2.94,15.62,19.5,-19.9
2025-05-19 09:40:00,M0023,OP0052,T00237,,,3.12,15.62,0.2,0.03,0.18,2.94,15.62,19.5,-19.9
2025-05-19 09:52:00,M0023,OP0052,T00237,,,3.12,15.62,0.2,0.05,0.18,2.94,15.62,19.5,-19.9
2025-05-19 10:04:00,M0023,OP0052,T00237,,,3.12,15.62,0.2,0.05,0.18,2.94,15.62,19.5,-19.9
2025-05-19 10:16:00,M0023,OP0052,T00237,,,3.12,15.62,0.2,0.04,0.18,2.94,15.62,19.5,-19.9
2025-05-19 10:28:00,M0023,OP0052,T00237,,,3.12,15.62,0.2,0.04,0.18,2.94,15.62,19.5,-19.9
2025-05-19 10:40:00,M0023,OP0052,T00237,,,3.12,15.62,0.2,0.04,0.18,2.94,15.62,19.5,-19.9
2025-05-19 10:52:00,M0023,OP0052,T00237,,,3.12,15.62,0.2,0.03,0.18,2.94,15.62,19.5,-19.9
2025-05-19 11:04:00,M0023,OP0052,T00237,,,3.12,15.62,0.2,0.04,0.18,2.94,15.62,19.5,-19.9
2025-05-19 11:16:00,M0023,OP0052,T00237,,,3.12,15.62,0.2,0.04,0.18,2.94,15.62,19.5,-19.9
2025-05-19 11:28:00,M0023,OP0052,T00237,,,3.12,15.62,0.2,0.04,0.18,2.94,15.62,19.5,-19.9
2025-05-19 11:40:00,M0023,OP0052,T00237,,,3.12,15.62,0.2,0.03,0.18,2.94,15.62,19.5,-19.9
2025-05-19 11:52:00,M0023,OP0052,T00237,,,3.12,15.62,0.2,0.03,0.18,2.94,15.62,19.5,-19.9
2025-05-19 12:04:00,M0023,OP0052,T00237,,,3.12,15.62,0.2,0.03,0.18,2.94,15.62,19.5,-19.9
2025-08-23 12:00:00,M0025,OP0028,T00238,307.7,,2.43,12.14,0.2,0.04,0.21,2.22,12.14,19.5,-37.7
2025-08-23 12:12:00,M0025,OP0028,T00238,,,2.43,12.14,0.2,0.05,0.21,2.22,12.14,19.5,-37.7
2025-08-23 12:24:00,M0025,OP0028,T00238,,,2.43,12.14,0.2,0.06,0.21,2.22,12.14,19.5,-37.7
2025-08-23 12:36:00,M0025,OP0028,T00238,,,2.43,12.14,0.2,0.06,0.21,2.22,12.14,19.5,-37.7
2025-08-23 12:48:00,M0025,OP0028,T00238,,,2.43,12.14,0.2,0.05,0.21,2.22,12.14,19.5,-37.7
2025-08-23 13:00:00,M0025,OP0028,T00238,,,2.43,12.14,0.2,0.04,0.21,2.22,12.14,19.5,-37.7
2025-08-23 13:12:00,M0025,OP0028,T00238,,,1.82,12.14,0.15,0.03,0.16,1.66,12.14,19.5,-37.7
2025-06-23 07:52:00,M0003,OP0021,T00240,499.0,,3.54,17.69,0.2,0.05,0.3,3.24,17.69,25.0,-29.2
2025-06-23 08:04:00,M0003,OP0021,T00240,,,3.54,17.69,0.2,0.06,0.3,3.24,17.69,25.0,-29.2
2025-06-23 08:16:00,M0003,OP0021,T00240,,,3.54,17.69,0.2,0.06,0.3,3.24,17.69,25.0,-29.2
2025-06-23 08:28:00,M0003,OP0021,T00240,,,3.54,17.69,0.2,0.04,0.3,3.24,17.69,25.0,-29.2
2025-06-23 08:40:00,M0003,OP0021,T00240,,,3.54,17.69,0.2,0.06,0.3,3.24,17.69,25.0,-29.2
2025-06-23 08:52:00,M0003,OP0021,T00240,,,3.54,17.69,0.2,0.04,0.3,3.24,17.69,25.0,-29.2
2025-06-23 09:04:00,M0003,OP0021,T00240,,,3.54,17.69,0.2,0.05,0.3,3.24,17.69,25.0,-29.2
2025-06-23 09:16:00,M0003,OP0021,T00240,,,3.54,17.69,0.2,0.05,0.3,3.24,17.69,25.0,-29.2
2025-06-23 09:28:00,M0003,OP0021,T00240,,,3.54,17.69,0.2,0.05,0.3,3.24,17.69,25.0,-29.2
2025-06-23 09:40:00,M0003,OP0021,T00240,,,3.54,17.69,0.2,0.05,0.3,3.24,17.69,25.0,-29.2
2025-06-23 09:52:00,M0003,OP0021,T00240,,,3.54,17.69,0.2,0.04,0.3,3.24,17.69,25.0,-29.2
2025-06-23 10:04:00,M0003,OP0021,T00240,,,3.54,17.69,0.2,0.05,0.3,3.24,17.69,25.0,-29.2
2025-06-23 10:16:00,M0003,OP0021,T00240,,,3.54,17.69,0.2,0.04,0.3,3.24,17.69,25.0,-29.2
2025-06-23 10:28:00,M0003,OP0021,T00240,,,3.54,17.69,0.2,0.06,0.3,3.24,17.69,25.0,-29.2
2025-06-23 10:40:00,M0003,OP0021,T00240,,,3.54,17.69,0.2,0.06,0.3,3.24,17.69,25.0,-29.2
2025-06-23 10:52:00,M0003,OP0021,T00240,,,3.54,17.69,0.2,0.05,0.3,3.24,17.69,25.0,-29.2
2025-06-23 11:04:00,M0003,OP0021,T00240,,,3.54,17.69,0.2,0.06,0.3,3.24,17.69,25.0,-29.2
2025-06-23 11:16:00,M0003,OP0021,T00240,,,3.54,17.69,0.2,0.04,0.3,3.24,17.69,25.0,-29.2
2025-06-23 11:28:00,M0003,OP0021,T00240,,,3.54,17.69,0.2,0.04,0.3,3.24,17.69,25.0,-29.2
2025-06-23 11:40:00,M0003,OP0021,T00240,,,3.54,17.69,0.2,0.06,0.3,3.24,17.69,25.0,-29.2
2025-05-12 14:03:00,M0025,OP0031,T00241,424.9,,3.09,15.44,0.2,0.02,0.23,2.86,15.44,19.5,-20.8
2025-05-12 14:15:00,M0025,OP0031,T00241,,,3.09,15.44,0.2,0.02,0.23,2.86,15.44,19.5,-20.8
2025-05-12 14:27:00,M0025,OP0031,T00241,,,3.09,15.44,0.2,0.01,0.23,2.86,15.44,19.5,-20.8
2025-05-12 14:39:00,M0025,OP0031,T00241,,,3.09,15.44,0.2,0.01,0.23,2.86,15.44,19.5,-20.8
2025-05-12 14:51:00,M0025,OP0031,T00241,,,3.09,15.44,0.2,0.01,0.23,2.86,15.44,19.5,-20.8
2025-05-12 15:03:00,M0025,OP0031,T00241,,,3.09,15.44,0.2,0.02,0.23,2.86,15.44,19.5,-20.8
2025-05-12 15:15:00,M0025,OP0031,T00241,,,3.09,15.44,0.2,0.02,0.23,2.86,15.44,19.5,-20.8
2025-05-12 15:27:00,M0025,OP0031,T00241,,,3.09,15.44,0.2,0.02,0.23,2.86,15.44,19.5,-20.8
2025-05-12 15:39:00,M0025,OP0031,T00241,,,3.09,15.44,0.2,0.01,0.23,2.86,15.44,19.5,-20.8
2025-05-12 15:51:00,M0025,OP0031,T00241,,,3.09,15.44,0.2,0.02,0.23,2.86,15.44,19.5,-20.8
2025-05-12 16:03:00,M0025,OP0031,T00241,,,3.09,15.44,0.2,0.01,0.23,2.86,15.44,19.5,-20.8
2025-05-12 16:15:00,M0025,OP0031,T00241,,,3.09,15.44,0.2,0.01,0.23,2.86,15.44,19.5,-20.8
2025-05-12 16:27:00,M0025,OP0031,T00241,,,3.09,15.44,0.2,0.02,0.23,2.86,15.44,19.5,-20.8
2025-05-12 16:39:00,M0025,OP0031,T00241,,,3.09,15.44,0.2,0.02,0.23,2.86,15.44,19.5,-20.8
2025-05-12 16:51:00,M0025,OP0031,T00241,,,3.09,15.44,0.2,0.02,0.23,2.86,15.44,19.5,-20.8
2025-05-12 17:03:00,M0025,OP0031,T00241,,,3.09,15.44,0.2,0.02,0.23,2.86,15.44,19.5,-20.8
2025-05-12 17:15:00,M0025,OP0031,T00241,,,3.09,15.44,0.2,0.01,0.23,2.86,15.44,19.5,-20.8
2025-05-12 17:27:00,M0025,OP0031,T00241,,,3.09,15.44,0.2,0.01,0.23,2.86,15.44,19.5,-20.8
2025-05-12 17:39:00,M0025,OP0031,T00241,,,3.09,15.44,0.2,0.01,0.23,2.86,15.44,19.5,-20.8
2025-05-12 17:51:00,M0025,OP0031,T00241,,,3.09,15.44,0.2,0.01,0.23,2.86,15.44,19.5,-20.8
2025-05-28 12:59:00,M0031,OP0018,T00242,263.2,,2.55,12.77,0.2,0.04,0.16,2.39,12.77,19.5,-34.5
2025-05-28 13:11:00,M0031,OP0018,T00242,,,2.55,12.77,0.2,0.03,0.16,2.39,12.77,19.5,-34.5
2025-05-28 13:23:00,M0031,OP0018,T00242,,,2.55,12.77,0.2,0.04,0.16,2.39,12.77,19.5,-34.5
2025-05-28 13:35:00,M0031,OP0018,T00242,,,2.55,12.77,0.2,0.03,0.16,2.39,12.77,19.5,-34.5
2025-05-28 13:47:00,M0031,OP0018,T00242,,,2.55,12.77,0.2,0.04,0.16,2.39,12.77,19.5,-34.5
2025-05-28 13:59:00,M0031,OP0018,T00242,,,2.55,12.77,0.2,0.04,0.16,2.39,12.77,19.5,-34.5
2025-05-28 14:11:00,M0031,OP0018,T00242,,,2.55,12.77,0.2,0.03,0.16,2.39,12.77,19.5,-34.5
2025-05-28 14:23:00,M0031,OP0018,T00242,,,2.55,12.77,0.2,0.04,0.16,2.39,12.77,19.5,-34.5
2025-05-28 14:35:00,M0031,OP0018,T00242,,,2.55,12.77,0.2,0.04,0.16,2.39,12.77,19.5,-34.5
2025-05-28 14:47:00,M0031,OP0018,T00242,,,2.55,12.77,0.2,0.05,0.16,2.39,12.77,19.5,-34.5
2025-05-28 14:59:00,M0031,OP0018,T00242,,,2.55,12.77,0.2,0.04,0.16,2.39,12.77,19.5,-34.5
2025-05-28 15:11:00,M0031,OP0018,T00242,,,2.55,12.77,0.2,0.04,0.16,2.39,12.77,19.5,-34.5
2025-05-28 15:23:00,M0031,OP0018,T00242,,,2.55,12.77,0.2,0.03,0.16,2.39,12.77,19.5,-34.5
2025-05-28 15:35:00,M0031,OP0018,T00242,,,2.55,12.77,0.2,0.03,0.16,2.39,12.77,19.5,-34.5
2025-05-28 15:47:00,M0031,OP0018,T00242,,,2.55,12.77,0.2,0.05,0.16,2.39,12.77,19.5,-34.5
2025-05-28 15:59:00,M0031,OP0018,T00242,,,2.55,12.77,0.2,0.03,0.16,2.39,12.77,19.5,-34.5
2025-05-28 16:11:00,M0031,OP0018,T00242,,,2.55,12.77,0.2,0.04,0.16,2.39,12.77,19.5,-34.5
2025-05-28 16:23:00,M0031,OP0018,T00242,,,2.55,12.77,0.2,0.03,0.16,2.39,12.77,19.5,-34.5
2025-05-28 16:35:00,M0031,OP0018,T00242,,,2.55,12.77,0.2,0.03,0.16,2.39,12.77,19.5,-34.5
2025-05-28 16:47:00,M0031,OP0018,T00242,,,2.55,12.77,0.2,0.04,0.16,2.39,12.77,19.5,-34.5
2025-09-01 15:30:00,M0026,OP0014,T00243,293.2,,2.01,10.03,0.2,0.03,0.13,1.88,10.03,14.5,-30.8
2025-09-01 15:42:00,M0026,OP0014,T00243,,,2.01,10.03,0.2,0.03,0.13,1.88,10.03,14.5,-30.8
2025-09-01 15:54:00,M0026,OP0014,T00243,,,2.01,10.03,0.2,0.04,0.13,1.88,10.03,14.5,-30.8
2025-09-01 16:06:00,M0026,OP0014,T00243,,,2.01,10.03,0.2,0.02,0.13,1.88,10.03,14.5,-30.8
2025-09-01 16:18:00,M0026,OP0014,T00243,,,1.67,10.03,0.17,0.02,0.11,1.57,10.03,14.5,-30.8
2025-03-27 14:49:00,M0005,OP0007,T00244,459.2,,3.89,19.46,0.2,0.04,0.18,3.71,19.46,28.0,-30.5
2025-03-27 15:01:00,M0005,OP0007,T00244,,,3.89,19.46,0.2,0.05,0.18,3.71,19.46,28.0,-30.5
2025-03-27 15:13:00,M0005,OP0007,T00244,,,3.89,19.46,0.2,0.05,0.18,3.71,19.46,28.0,-30.5
2025-03-27 15:25:00,M0005,OP0007,T00244,,,3.89,19.46,0.2,0.04,0.18,3.71,19.46,28.0,-30.5
2025-03-27 15:37:00,M0005,OP0007,T00244,,,3.89,19.46,0.2,0.05,0.18,3.71,19.46,28.0,-30.5
2025-03-27 15:49:00,M0005,OP0007,T00244,,,3.89,19.46,0.2,0.04,0.18,3.71,19.46,28.0,-30.5
2025-03-27 16:01:00,M0005,OP0007,T00244,,,3.89,19.46,0.2,0.04,0.18,3.71,19.46,28.0,-30.5
2025-03-27 16:13:00,M0005,OP0007,T00244,,,3.89,19.46,0.2,0.05,0.18,3.71,19.46,28.0,-30.5
2025-03-27 16:25:00,M0005,OP0007,T00244,,,3.89,19.46,0.2,0.04,0.18,3.71,19.46,28.0,-30.5
2025-03-27 16:37:00,M0005,OP0007,T00244,,,3.89,19.46,0.2,0.04,0.18,3.71,19.46,28.0,-30.5
2025-03-27 16:49:00,M0005,OP0007,T00244,,,3.89,19.46,0.2,0.04,0.18,3.71,19.46,28.0,-30.5
2025-03-27 17:01:00,M0005,OP0007,T00244,,,3.89,19.46,0.2,0.04,0.18,3.71,19.46,28.0,-30.5
2025-03-27 17:13:00,M0005,OP0007,T00244,,,3.89,19.46,0.2,0.05,0.18,3.71,19.46,28.0,-30.5
2025-03-27 17:25:00,M0005,OP0007,T00244,,,3.89,19.46,0.2,0.04,0.18,3.71,19.46,28.0,-30.5
2025-03-27 17:37:00,M0005,OP0007,T00244,,,3.89,19.46,0.2,0.04,0.18,3.71,19.46,28.0,-30.5
2025-03-27 17:49:00,M0005,OP0007,T00244,,,3.89,19.46,0.2,0.04,0.18,3.71,19.46,28.0,-30.5
2025-03-27 18:01:00,M0005,OP0007,T00244,,,3.89,19.46,0.2,0.05,0.18,3.71,19.46,28.0,-30.5
2025-03-27 18:13:00,M0005,OP0007,T00244,,,3.89,19.46,0.2,0.05,0.18,3.71,19.46,28.0,-30.5
2025-03-27 18:25:00,M0005,OP0007,T00244,,,3.89,19.46,0.2,0.05,0.18,3.71,19.46,28.0,-30.5
2025-03-27 18:37:00,M0005,OP0007,T00244,,,3.89,19.46,0.2,0.05,0.18,3.71,19.46,28.0,-30.5
2025-04-05 09:42:00,M0041,OP0002,T00245,141.1,,1.62,8.08,0.2,0.02,0.09,1.52,8.08,10.5,-23.1
2025-04-05 09:54:00,M0041,OP0002,T00245,,,1.62,8.08,0.2,0.01,0.09,1.52,8.08,10.5,-23.1
2025-04-05 10:06:00,M0041,OP0002,T00245,,,1.62,8.08,0.2,0.02,0.09,1.52,8.08,10.5,-23.1
2025-04-05 10:18:00,M0041,OP0002,T00245,,,1.62,8.08,0.2,0.02,0.09,1.52,8.08,10.5,-23.1
2025-04-05 10:30:00,M0041,OP0002,T00245,,,1.62,8.08,0.2,0.02,0.09,1.52,8.08,10.5,-23.1
2025-04-05 10:42:00,M0041,OP0002,T00245,,,1.62,8.08,0.2,0.02,0.09,1.52,8.08,10.5,-23.1
2025-04-05 10:54:00,M0041,OP0002,T00245,,,1.62,8.08,0.2,0.01,0.09,1.52,8.08,10.5,-23.1
2025-04-05 11:06:00,M0041,OP0002,T00245,,,1.62,8.08,0.2,0.02,0.09,1.52,8.08,10.5,-23.1
2025-04-05 11:18:00,M0041,OP0002,T00245,,,1.62,8.08,0.2,0.01,0.09,1.52,8.08,10.5,-23.1
2025-04-05 11:30:00,M0041,OP0002,T00245,,,1.62,8.08,0.2,0.02,0.09,1.52,8.08,10.5,-23.1
2025-04-05 11:42:00,M0041,OP0002,T00245,,,1.62,8.08,0.2,0.01,0.09,1.52,8.08,10.5,-23.1
2025-04-05 11:54:00,M0041,OP0002,T00245,,,1.62,8.08,0.2,0.01,0.09,1.52,8.08,10.5,-23.1
2025-04-05 12:06:00,M0041,OP0002,T00245,,,1.62,8.08,0.2,0.02,0.09,1.52,8.08,10.5,-23.1
2025-04-05 12:18:00,M0041,OP0002,T00245,,,1.62,8.08,0.2,0.02,0.09,1.52,8.08,10.5,-23.1
2025-04-05 12:30:00,M0041,OP0002,T00245,,,1.62,8.08,0.2,0.01,0.09,1.52,8.08,10.5,-23.1
2025-04-05 12:42:00,M0041,OP0002,T00245,,,1.62,8.08,0.2,0.01,0.09,1.52,8.08,10.5,-23.1
2025-04-05 12:54:00,M0041,OP0002,T00245,,,1.62,8.08,0.2,0.02,0.09,1.52,8.08,10.5,-23.1
2025-04-05 13:06:00,M0041,OP0002,T00245,,,1.62,8.08,0.2,0.01,0.09,1.52,8.08,10.5,-23.1
2025-04-05 13:18:00,M0041,OP0002,T00245,,,1.62,8.08,0.2,0.01,0.09,1.52,8.08,10.5,-23.1
2025-04-05 13:30:00,M0041,OP0002,T00245,,,1.62,8.08,0.2,0.01,0.09,1.52,8.08,10.5,-23.1
2025-07-27 07:15:00,M0019,OP0024,T00246,119.4,,1.62,8.1,0.2,0.03,0.09,1.53,8.1,10.5,-22.9
2025-07-27 07:27:00,M0019,OP0024,T00246,,,1.62,8.1,0.2,0.04,0.09,1.53,8.1,10.5,-22.9
2025-07-27 07:39:00,M0019,OP0024,T00246,,,1.62,8.1,0.2,0.03,0.09,1.53,8.1,10.5,-22.9
2025-07-27 07:51:00,M0019,OP0024,T00246,,,1.62,8.1,0.2,0.04,0.09,1.53,8.1,10.5,-22.9
2025-07-27 08:03:00,M0019,OP0024,T00246,,,1.62,8.1,0.2,0.02,0.09,1.53,8.1,10.5,-22.9
2025-07-27 08:15:00,M0019,OP0024,T00246,,,1.62,8.1,0.2,0.03,0.09,1.53,8.1,10.5,-22.9
2025-07-27 08:27:00,M0019,OP0024,T00246,,,1.62,8.1,0.2,0.04,0.09,1.53,8.1,10.5,-22.9
2025-07-27 08:39:00,M0019,OP0024,T00246,,,1.62,8.1,0.2,0.04,0.09,1.53,8.1,10.5,-22.9
2025-07-27 08:51:00,M0019,OP0024,T00246,,,0.67,8.1,0.08,0.01,0.04,0.64,8.1,10.5,-22.9
2025-06-09 06:17:00,M0028,OP0046,T00247,421.5,,3.07,15.37,0.2,0.05,0.19,2.88,15.37,20.0,-23.2
2025-06-09 06:29:00,M0028,OP0046,T00247,,,3.07,15.37,0.2,0.04,0.19,2.88,15.37,20.0,-23.2
2025-06-09 06:41:00,M0028,OP0046,T00247,,,3.07,15.37,0.2,0.04,0.19,2.88,15.37,20.0,-23.2
2025-06-09 06:53:00,M0028,OP0046,T00247,,,3.07,15.37,0.2,0.04,0.19,2.88,15.37,20.0,-23.2
2025-06-09 07:05:00,M0028,OP0046,T00247,,,3.07,15.37,0.2,0.04,0.19,2.88,15.37,20.0,-23.2
2025-06-09 07:17:00,M0028,OP0046,T00247,,,3.07,15.37,0.2,0.04,0.19,2.88,15.37,20.0,-23.2
2025-06-09 07:29:00,M0028,OP0046,T00247,,,3.07,15.37,0.2,0.06,0.19,2.88,15.37,20.0,-23.2
2025-06-09 07:41:00,M0028,OP0046,T00247,,,3.07,15.37,0.2,0.06,0.19,2.88,15.37,20.0,-23.2
2025-06-09 07:53:00,M0028,OP0046,T00247,,,3.07,15.37,0.2,0.04,0.19,2.88,15.37,20.0,-23.2
2025-06-09 08:05:00,M0028,OP0046,T00247,,,3.07,15.37,0.2,0.05,0.19,2.88,15.37,20.0,-23.2
2025-06-09 08:17:00,M0028,OP0046,T00247,,,3.07,15.37,0.2,0.06,0.19,2.88,15.37,20.0,-23.2
2025-06-09 08:29:00,M0028,OP0046,T00247,,,3.07,15.37,0.2,0.04,0.19,2.88,15.37,20.0,-23.2
2025-06-09 08:41:00,M0028,OP0046,T00247,,,3.07,15.37,0.2,0.04,0.19,2.88,15.37,20.0,-23.2
2025-06-09 08:53:00,M0028,OP0046,T00247,,,3.07,15.37,0.2,0.06,0.19,2.88,15.37,20.0,-23.2
2025-06-09 09:05:00,M0028,OP0046,T00247,,,2.82,15.37,0.18,0.06,0.18,2.64,15.37,20.0,-23.2
2025-04-29 07:36:00,M0024,OP0049,T00251,309.9,,3.04,15.21,0.2,0.04,0.19,2.85,15.21,19.5,-22.0
2025-04-29 07:48:00,M0024,OP0049,T00251,,,3.04,15.21,0.2,0.04,0.19,2.85,15.21,19.5,-22.0
2025-04-29 08:00:00,M0024,OP0049,T00251,,,3.04,15.21,0.2,0.06,0.19,2.85,15.21,19.5,-22.0
2025-04-29 08:12:00,M0024,OP0049,T00251,,,3.04,15.21,0.2,0.03,0.19,2.85,15.21,19.5,-22.0
2025-04-29 08:24:00,M0024,OP0049,T00251,,,3.04,15.21,0.2,0.05,0.19,2.85,15.21,19.5,-22.0
2025-04-29 08:36:00,M0024,OP0049,T00251,,,3.04,15.21,0.2,0.04,0.19,2.85,15.21,19.5,-22.0
2025-04-29 08:48:00,M0024,OP0049,T00251,,,3.04,15.21,0.2,0.03,0.19,2.85,15.21,19.5,-22.0
2025-04-29 09:00:00,M0024,OP0049,T00251,,,3.04,15.21,0.2,0.04,0.19,2.85,15.21,19.5,-22.0
2025-04-29 09:12:00,M0024,OP0049,T00251,,,3.04,15.21,0.2,0.05,0.19,2.85,15.21,19.5,-22.0
2025-04-29 09:24:00,M0024,OP0049,T00251,,,3.04,15.21,0.2,0.05,0.19,2.85,15.21,19.5,-22.0
2025-04-29 09:36:00,M0024,OP0049,T00251,,,3.04,15.21,0.2,0.03,0.19,2.85,15.21,19.5,-22.0
2025-04-29 09:48:00,M0024,OP0049,T00251,,,3.04,15.21,0.2,0.05,0.19,2.85,15.21,19.5,-22.0
2025-04-29 10:00:00,M0024,OP0049,T00251,,,3.04,15.21,0.2,0.04,0.19,2.85,15.21,19.5,-22.0
2025-04-29 10:12:00,M0024,OP0049,T00251,,,3.04,15.21,0.2,0.05,0.19,2.85,15.21,19.5,-22.0
2025-04-29 10:24:00,M0024,OP0049,T00251,,,3.04,15.21,0.2,0.05,0.19,2.85,15.21,19.5,-22.0
2025-04-29 10:36:00,M0024,OP0049,T00251,,,3.04,15.21,0.2,0.04,0.19,2.85,15.21,19.5,-22.0
2025-04-29 10:48:00,M0024,OP0049,T00251,,,3.04,15.21,0.2,0.04,0.19,2.85,15.21,19.5,-22.0
2025-04-29 11:00:00,M0024,OP0049,T00251,,,3.04,15.21,0.2,0.04,0.19,2.85,15.21,19.5,-22.0
2025-04-29 11:12:00,M0024,OP0049,T00251,,,3.04,15.21,0.2,0.06,0.19,2.85,15.21,19.5,-22.0
2025-04-29 11:24:00,M0024,OP0049,T00251,,,3.04,15.21,0.2,0.03,0.19,2.85,15.21,19.5,-22.0
2025-01-21 14:02:00,M0021,OP0022,T00252,366.7,,2.26,11.29,0.2,0.01,0.13,2.12,11.29,14.5,-22.2
2025-01-21 14:14:00,M0021,OP0022,T00252,,,2.26,11.29,0.2,0.02,0.13,2.12,11.29,14.5,-22.2
2025-01-21 14:26:00,M0021,OP0022,T00252,,,2.26,11.29,0.2,0.02,0.13,2.12,11.29,14.5,-22.2
2025-01-21 14:38:00,M0021,OP0022,T00252,,,2.26,11.29,0.2,0.02,0.13,2.12,11.29,14.5,-22.2
2025-01-21 14:50:00,M0021,OP0022,T00252,,,2.26,11.29,0.2,0.03,0.13,2.12,11.29,14.5,-22.2
2025-01-21 15:02:00,M0021,OP0022,T00252,,,2.26,11.29,0.2,0.02,0.13,2.12,11.29,14.5,-22.2
2025-01-21 15:14:00,M0021,OP0022,T00252,,,2.26,11.29,0.2,0.02,0.13,2.12,11.29,14.5,-22.2
2025-01-21 15:26:00,M0021,OP0022,T00252,,,2.26,11.29,0.2,0.02,0.13,2.12,11.29,14.5,-22.2
2025-01-21 15:38:00,M0021,OP0022,T00252,,,2.26,11.29,0.2,0.02,0.13,2.12,11.29,14.5,-22.2
2025-01-21 15:50:00,M0021,OP0022,T00252,,,2.26,11.29,0.2,0.02,0.13,2.12,11.29,14.5,-22.2
2025-01-21 16:02:00,M0021,OP0022,T00252,,,2.26,11.29,0.2,0.02,0.13,2.12,11.29,14.5,-22.2
2025-01-21 16:14:00,M0021,OP0022,T00252,,,2.26,11.29,0.2,0.02,0.13,2.12,11.29,14.5,-22.2
2025-01-21 16:26:00,M0021,OP0022,T00252,,,2.26,11.29,0.2,0.02,0.13,2.12,11.29,14.5,-22.2
2025-01-21 16:38:00,M0021,OP0022,T00252,,,2.26,11.29,0.2,0.03,0.13,2.12,11.29,14.5,-22.2
2025-01-21 16:50:00,M0021,OP0022,T00252,,,2.26,11.29,0.2,0.02,0.13,2.12,11.29,14.5,-22.2
2025-01-21 17:02:00,M0021,OP0022,T00252,,,2.26,11.29,0.2,0.02,0.13,2.12,11.29,14.5,-22.2
2025-01-21 17:14:00,M0021,OP0022,T00252,,,2.26,11.29,0.2,0.02,0.13,2.12,11.29,14.5,-22.2
2025-01-21 17:26:00,M0021,OP0022,T00252,,,2.26,11.29,0.2,0.02,0.13,2.12,11.29,14.5,-22.2
2025-01-21 17:38:00,M0021,OP0022,T00252,,,2.26,11.29,0.2,0.02,0.13,2.12,11.29,14.5,-22.2
2025-01-21 17:50:00,M0021,OP0022,T00252,,,2.26,11.29,0.2,0.01,0.13,2.12,11.29,14.5,-22.2
2025-03-17 12:48:00,M0004,OP0035,T00253,302.2,,2.02,10.12,0.2,0.0,0.09,1.94,10.12,14.5,-30.2
2025-03-17 13:00:00,M0004,OP0035,T00253,,,2.02,10.12,0.2,0.0,0.09,1.94,10.12,14.5,-30.2
2025-03-17 13:12:00,M0004,OP0035,T00253,,,2.02,10.12,0.2,0.0,0.09,1.94,10.12,14.5,-30.2
2025-03-17 13:24:00,M0004,OP0035,T00253,,,2.02,10.12,0.2,0.0,0.09,1.94,10.12,14.5,-30.2
2025-03-17 13:36:00,M0004,OP0035,T00253,,,2.02,10.12,0.2,0.0,0.09,1.94,10.12,14.5,-30.2
2025-03-17 13:48:00,M0004,OP0035,T00253,,,2.02,10.12,0.2,0.0,0.09,1.94,10.12,14.5,-30.2
2025-03-17 14:00:00,M0004,OP0035,T00253,,,2.02,10.12,0.2,0.0,0.09,1.94,10.12,14.5,-30.2
2025-03-17 14:12:00,M0004,OP0035,T00253,,,2.02,10.12,0.2,0.0,0.09,1.94,10.12,14.5,-30.2
2025-03-17 14:24:00,M0004,OP0035,T00253,,,2.02,10.12,0.2,0.0,0.09,1.94,10.12,14.5,-30.2
2025-03-17 14:36:00,M0004,OP0035,T00253,,,2.02,10.12,0.2,0.0,0.09,1.94,10.12,14.5,-30.2
2025-03-17 14:48:00,M0004,OP0035,T00253,,,2.02,10.12,0.2,0.0,0.09,1.94,10.12,14.5,-30.2
2025-03-17 15:00:00,M0004,OP0035,T00253,,,2.02,10.12,0.2,0.0,0.09,1.94,10.12,14.5,-30.2
2025-03-17 15:12:00,M0004,OP0035,T00253,,,2.02,10.12,0.2,0.0,0.09,1.94,10.12,14.5,-30.2
2025-03-17 15:24:00,M0004,OP0035,T00253,,,2.02,10.12,0.2,0.0,0.09,1.94,10.12,14.5,-30.2
2025-03-17 15:36:00,M0004,OP0035,T00253,,,2.02,10.12,0.2,0.0,0.09,1.94,10.12,14.5,-30.2
2025-03-17 15:48:00,M0004,OP0035,T00253,,,2.02,10.12,0.2,0.0,0.09,1.94,10.12,14.5,-30.2
2025-03-17 16:00:00,M0004,OP0035,T00253,,,2.02,10.12,0.2,0.0,0.09,1.94,10.12,14.5,-30.2
2025-03-17 16:12:00,M0004,OP0035,T00253,,,2.02,10.12,0.2,0.0,0.09,1.94,10.12,14.5,-30.2
2025-03-17 16:24:00,M0004,OP0035,T00253,,,2.02,10.12,0.2,0.0,0.09,1.94,10.12,14.5,-30.2
2025-03-17 16:36:00,M0004,OP0035,T00253,,,2.02,10.12,0.2,0.0,0.09,1.94,10.12,14.5,-30.2
2025-05-18 10:56:00,M0035,OP0047,T00254,250.6,,3.07,15.35,0.2,0.0,0.16,2.91,15.35,14.5,5.9
2025-05-18 11:08:00,M0035,OP0047,T00254,,,3.07,15.35,0.2,0.0,0.16,2.91,15.35,14.5,5.9
2025-05-18 11:20:00,M0035,OP0047,T00254,,,3.07,15.35,0.2,0.0,0.16,2.91,15.35,14.5,5.9
2025-05-18 11:32:00,M0035,OP0047,T00254,,,3.07,15.35,0.2,0.0,0.16,2.91,15.35,14.5,5.9
2025-05-18 11:44:00,M0035,OP0047,T00254,,,3.07,15.35,0.2,0.0,0.16,2.91,15.35,14.5,5.9
2025-05-18 11:56:00,M0035,OP0047,T00254,,,3.07,15.35,0.2,0.0,0.16,2.91,15.35,14.5,5.9
2025-05-18 12:08:00,M0035,OP0047,T00254,,,3.07,15.35,0.2,0.0,0.16,2.91,15.35,14.5,5.9
2025-05-18 12:20:00,M0035,OP0047,T00254,,,3.07,15.35,0.2,0.0,0.16,2.91,15.35,14.5,5.9
2025-05-18 12:32:00,M0035,OP0047,T00254,,,3.07,15.35,0.2,0.0,0.16,2.91,15.35,14.5,5.9
2025-05-18 12:44:00,M0035,OP0047,T00254,,,3.07,15.35,0.2,0.0,0.16,2.91,15.35,14.5,5.9
2025-05-18 12:56:00,M0035,OP0047,T00254,,,3.07,15.35,0.2,0.0,0.16,2.91,15.35,14.5,5.9
2025-05-18 13:08:00,M0035,OP0047,T00254,,,3.07,15.35,0.2,0.0,0.16,2.91,15.35,14.5,5.9
2025-05-18 13:20:00,M0035,OP0047,T00254,,,3.07,15.35,0.2,0.0,0.16,2.91,15.35,14.5,5.9
2025-05-18 13:32:00,M0035,OP0047,T00254,,,3.07,15.35,0.2,0.0,0.16,2.91,15.35,14.5,5.9
2025-05-18 13:44:00,M0035,OP0047,T00254,,,3.07,15.35,0.2,0.0,0.16,2.91,15.35,14.5,5.9
2025-05-18 13:56:00,M0035,OP0047,T00254,,,3.07,15.35,0.2,0.0,0.16,2.91,15.35,14.5,5.9
2025-05-18 14:08:00,M0035,OP0047,T00254,,,3.07,15.35,0.2,0.0,0.16,2.91,15.35,14.5,5.9
2025-05-18 14:20:00,M0035,OP0047,T00254,,,3.07,15.35,0.2,0.0,0.16,2.91,15.35,14.5,5.9
2025-05-18 14:32:00,M0035,OP0047,T00254,,,3.07,15.35,0.2,0.0,0.16,2.91,15.35,14.5,5.9
2025-05-18 14:44:00,M0035,OP0047,T00254,,,3.07,15.35,0.2,0.0,0.16,2.91,15.35,14.5,5.9
2025-09-08 10:53:00,M0036,OP0048,T00255,417.3,,3.16,15.81,0.2,0.02,0.34,2.82,15.81,25.0,-36.8
2025-09-08 11:05:00,M0036,OP0048,T00255,,,3.16,15.81,0.2,0.02,0.34,2.82,15.81,25.0,-36.8
2025-09-08 11:17:00,M0036,OP0048,T00255,,,3.16,15.81,0.2,0.03,0.34,2.82,15.81,25.0,-36.8
2025-09-08 11:29:00,M0036,OP0048,T00255,,,3.16,15.81,0.2,0.02,0.34,2.82,15.81,25.0,-36.8
2025-09-08 11:41:00,M0036,OP0048,T00255,,,3.16,15.81,0.2,0.03,0.34,2.82,15.81,25.0,-36.8
2025-09-08 11:53:00,M0036,OP0048,T00255,,,3.16,15.81,0.2,0.03,0.34,2.82,15.81,25.0,-36.8
2025-09-08 12:05:00,M0036,OP0048,T00255,,,3.16,15.81,0.2,0.03,0.34,2.82,15.81,25.0,-36.8
2025-09-08 12:17:00,M0036,OP0048,T00255,,,3.16,15.81,0.2,0.03,0.34,2.82,15.81,25.0,-36.8
2025-09-08 12:29:00,M0036,OP0048,T00255,,,3.16,15.81,0.2,0.02,0.34,2.82,15.81,25.0,-36.8
2025-09-08 12:41:00,M0036,OP0048,T00255,,,3.16,15.81,0.2,0.03,0.34,2.82,15.81,25.0,-36.8
2025-09-08 12:53:00,M0036,OP0048,T00255,,,3.16,15.81,0.2,0.03,0.34,2.82,15.81,25.0,-36.8
2025-09-08 13:05:00,M0036,OP0048,T00255,,,3.16,15.81,0.2,0.03,0.34,2.82,15.81,25.0,-36.8
2025-09-08 13:17:00,M0036,OP0048,T00255,,,3.16,15.81,0.2,0.04,0.34,2.82,15.81,25.0,-36.8
2025-09-08 13:29:00,M0036,OP0048,T00255,,,3.16,15.81,0.2,0.02,0.34,2.82,15.81,25.0,-36.8
2025-09-08 13:41:00,M0036,OP0048,T00255,,,3.16,15.81,0.2,0.03,0.34,2.82,15.81,25.0,-36.8
2025-09-08 13:53:00,M0036,OP0048,T00255,,,3.16,15.81,0.2,0.04,0.34,2.82,15.81,25.0,-36.8
2025-09-08 14:05:00,M0036,OP0048,T00255,,,3.16,15.81,0.2,0.02,0.34,2.82,15.81,25.0,-36.8
2025-09-08 14:17:00,M0036,OP0048,T00255,,,3.16,15.81,0.2,0.02,0.34,2.82,15.81,25.0,-36.8
2025-09-08 14:29:00,M0036,OP0048,T00255,,,3.16,15.81,0.2,0.03,0.34,2.82,15.81,25.0,-36.8
2025-09-08 14:41:00,M0036,OP0048,T00255,,,3.16,15.81,0.2,0.02,0.34,2.82,15.81,25.0,-36.8
2025-06-28 08:17:00,M0006,OP0050,T00256,157.1,,1.57,7.86,0.2,0.02,0.08,1.49,7.86,10.5,-25.1
2025-06-28 08:29:00,M0006,OP0050,T00256,,,1.57,7.86,0.2,0.01,0.08,1.49,7.86,10.5,-25.1
2025-06-28 08:41:00,M0006,OP0050,T00256,,,1.57,7.86,0.2,0.02,0.08,1.49,7.86,10.5,-25.1
2025-06-28 08:53:00,M0006,OP0050,T00256,,,1.57,7.86,0.2,0.02,0.08,1.49,7.86,10.5,-25.1
2025-06-28 09:05:00,M0006,OP0050,T00256,,,1.57,7.86,0.2,0.02,0.08,1.49,7.86,10.5,-25.1
2025-06-28 09:17:00,M0006,OP0050,T00256,,,1.57,7.86,0.2,0.01,0.08,1.49,7.86,10.5,-25.1
2025-06-28 09:29:00,M0006,OP0050,T00256,,,1.57,7.86,0.2,0.01,0.08,1.49,7.86,10.5,-25.1
2025-06-28 09:41:00,M0006,OP0050,T00256,,,1.57,7.86,0.2,0.02,0.08,1.49,7.86,10.5,-25.1
2025-06-28 09:53:00,M0006,OP0050,T00256,,,1.57,7.86,0.2,0.01,0.08,1.49,7.86,10.5,-25.1
2025-06-28 10:05:00,M0006,OP0050,T00256,,,1.57,7.86,0.2,0.02,0.08,1.49,7.86,10.5,-25.1
2025-06-28 10:17:00,M0006,OP0050,T00256,,,1.57,7.86,0.2,0.02,0.08,1.49,7.86,10.5,-25.1
2025-06-28 10:29:00,M0006,OP0050,T00256,,,1.57,7.86,0.2,0.02,0.08,1.49,7.86,10.5,-25.1
2025-06-28 10:41:00,M0006,OP0050,T00256,,,1.57,7.86,0.2,0.01,0.08,1.49,7.86,10.5,-25.1
2025-06-28 10:53:00,M0006,OP0050,T00256,,,1.57,7.86,0.2,0.01,0.08,1.49,7.86,10.5,-25.1
2025-06-28 11:05:00,M0006,OP0050,T00256,,,1.57,7.86,0.2,0.01,0.08,1.49,7.86,10.5,-25.1
2025-06-28 11:17:00,M0006,OP0050,T00256,,,1.57,7.86,0.2,0.02,0.08,1.49,7.86,10.5,-25.1
2025-06-28 11:29:00,M0006,OP0050,T00256,,,1.57,7.86,0.2,0.02,0.08,1.49,7.86,10.5,-25.1
2025-06-28 11:41:00,M0006,OP0050,T00256,,,1.57,7.86,0.2,0.02,0.08,1.49,7.86,10.5,-25.1
2025-06-28 11:53:00,M0006,OP0050,T00256,,,1.57,7.86,0.2,0.01,0.08,1.49,7.86,10.5,-25.1
2025-06-28 12:05:00,M0006,OP0050,T00256,,,1.57,7.86,0.2,0.02,0.08,1.49,7.86,10.5,-25.1
2025-01-07 14:18:00,M0003,OP0001,T00258,718.2,,3.94,19.7,0.2,0.01,0.24,3.7,19.7,25.0,-21.2
2025-01-07 14:30:00,M0003,OP0001,T00258,,,3.94,19.7,0.2,0.01,0.24,3.7,19.7,25.0,-21.2
2025-01-07 14:42:00,M0003,OP0001,T00258,,,3.94,19.7,0.2,0.01,0.24,3.7,19.7,25.0,-21.2
2025-01-07 14:54:00,M0003,OP0001,T00258,,,3.94,19.7,0.2,0.01,0.24,3.7,19.7,25.0,-21.2
2025-01-07 15:06:00,M0003,OP0001,T00258,,,3.94,19.7,0.2,0.01,0.24,3.7,19.7,25.0,-21.2
2025-01-07 15:18:00,M0003,OP0001,T00258,,,3.94,19.7,0.2,0.01,0.24,3.7,19.7,25.0,-21.2
2025-01-07 15:30:00,M0003,OP0001,T00258,,,3.94,19.7,0.2,0.01,0.24,3.7,19.7,25.0,-21.2
2025-01-07 15:42:00,M0003,OP0001,T00258,,,2.3,19.7,0.12,0.01,0.14,2.16,19.7,25.0,-21.2
2025-03-01 11:17:00,M0012,OP0036,T00260,487.6,,5.0,24.99,0.2,0.02,0.17,4.82,24.99,28.0,-10.7
2025-03-01 11:29:00,M0012,OP0036,T00260,,,5.0,24.99,0.2,0.02,0.17,4.82,24.99,28.0,-10.7
2025-03-01 11:41:00,M0012,OP0036,T00260,,,5.0,24.99,0.2,0.03,0.17,4.82,24.99,28.0,-10.7
2025-03-01 11:53:00,M0012,OP0036,T00260,,,5.0,24.99,0.2,0.02,0.17,4.82,24.99,28.0,-10.7
2025-03-01 12:05:00,M0012,OP0036,T00260,,,5.0,24.99,0.2,0.03,0.17,4.82,24.99,28.0,-10.7
2025-03-01 12:17:00,M0012,OP0036,T00260,,,5.0,24.99,0.2,0.02,0.17,4.82,24.99,28.0,-10.7
2025-03-01 12:29:00,M0012,OP0036,T00260,,,5.0,24.99,0.2,0.03,0.17,4.82,24.99,28.0,-10.7
2025-03-01 12:41:00,M0012,OP0036,T00260,,,5.0,24.99,0.2,0.03,0.17,4.82,24.99,28.0,-10.7
2025-03-01 12:53:00,M0012,OP0036,T00260,,,5.0,24.99,0.2,0.02,0.17,4.82,24.99,28.0,-10.7
2025-03-01 13:05:00,M0012,OP0036,T00260,,,5.0,24.99,0.2,0.03,0.17,4.82,24.99,28.0,-10.7
2025-03-01 13:17:00,M0012,OP0036,T00260,,,5.0,24.99,0.2,0.03,0.17,4.82,24.99,28.0,-10.7
2025-03-01 13:29:00,M0012,OP0036,T00260,,,5.0,24.99,0.2,0.02,0.17,4.82,24.99,28.0,-10.7
2025-03-01 13:41:00,M0012,OP0036,T00260,,,5.0,24.99,0.2,0.02,0.17,4.82,24.99,28.0,-10.7
2025-03-01 13:53:00,M0012,OP0036,T00260,,,5.0,24.99,0.2,0.03,0.17,4.82,24.99,28.0,-10.7
2025-03-01 14:05:00,M0012,OP0036,T00260,,,5.0,24.99,0.2,0.03,0.17,4.82,24.99,28.0,-10.7
2025-03-01 14:17:00,M0012,OP0036,T00260,,,5.0,24.99,0.2,0.02,0.17,4.82,24.99,28.0,-10.7
2025-03-01 14:29:00,M0012,OP0036,T00260,,,5.0,24.99,0.2,0.03,0.17,4.82,24.99,28.0,-10.7
2025-03-01 14:41:00,M0012,OP0036,T00260,,,5.0,24.99,0.2,0.03,0.17,4.82,24.99,28.0,-10.7
2025-03-01 14:53:00,M0012,OP0036,T00260,,,5.0,24.99,0.2,0.02,0.17,4.82,24.99,28.0,-10.7
2025-03-01 15:05:00,M0012,OP0036,T00260,,,5.0,24.99,0.2,0.03,0.17,4.82,24.99,28.0,-10.7
2025-05-26 13:13:00,M0018,OP0055,T00261,572.0,,3.32,16.58,0.2,0.04,0.12,3.19,16.58,20.0,-17.1
2025-05-26 13:25:00,M0018,OP0055,T00261,,,3.32,16.58,0.2,0.03,0.12,3.19,16.58,20.0,-17.1
2025-05-26 13:37:00,M0018,OP0055,T00261,,,3.32,16.58,0.2,0.04,0.12,3.19,16.58,20.0,-17.1
2025-05-26 13:49:00,M0018,OP0055,T00261,,,3.32,16.58,0.2,0.04,0.12,3.19,16.58,20.0,-17.1
2025-05-26 14:01:00,M0018,OP0055,T00261,,,3.32,16.58,0.2,0.03,0.12,3.19,16.58,20.0,-17.1
2025-05-26 14:13:00,M0018,OP0055,T00261,,,3.32,16.58,0.2,0.04,0.12,3.19,16.58,20.0,-17.1
2025-05-26 14:25:00,M0018,OP0055,T00261,,,3.32,16.58,0.2,0.04,0.12,3.19,16.58,20.0,-17.1
2025-05-26 14:37:00,M0018,OP0055,T00261,,,3.32,16.58,0.2,0.03,0.12,3.19,16.58,20.0,-17.1
2025-05-26 14:49:00,M0018,OP0055,T00261,,,3.32,16.58,0.2,0.03,0.12,3.19,16.58,20.0,-17.1
2025-05-26 15:01:00,M0018,OP0055,T00261,,,3.32,16.58,0.2,0.04,0.12,3.19,16.58,20.0,-17.1
2025-05-26 15:13:00,M0018,OP0055,T00261,,,3.32,16.58,0.2,0.03,0.12,3.19,16.58,20.0,-17.1
2025-05-26 15:25:00,M0018,OP0055,T00261,,,3.32,16.58,0.2,0.04,0.12,3.19,16.58,20.0,-17.1
2025-05-26 15:37:00,M0018,OP0055,T00261,,,3.32,16.58,0.2,0.03,0.12,3.19,16.58,20.0,-17.1
2025-05-26 15:49:00,M0018,OP0055,T00261,,,3.32,16.58,0.2,0.04,0.12,3.19,16.58,20.0,-17.1
2025-05-26 16:01:00,M0018,OP0055,T00261,,,3.32,16.58,0.2,0.03,0.12,3.19,16.58,20.0,-17.1
2025-05-26 16:13:00,M0018,OP0055,T00261,,,3.32,16.58,0.2,0.03,0.12,3.19,16.58,20.0,-17.1
2025-05-26 16:25:00,M0018,OP0055,T00261,,,3.32,16.58,0.2,0.04,0.12,3.19,16.58,20.0,-17.1
2025-05-26 16:37:00,M0018,OP0055,T00261,,,3.32,16.58,0.2,0.04,0.12,3.19,16.58,20.0,-17.1
2025-05-26 16:49:00,M0018,OP0055,T00261,,,3.32,16.58,0.2,0.04,0.12,3.19,16.58,20.0,-17.1
2025-05-26 17:01:00,M0018,OP0055,T00261,,,3.32,16.58,0.2,0.04,0.12,3.19,16.58,20.0,-17.1
2025-05-14 09:33:00,M0009,OP0055,T00262,312.7,,3.14,15.68,0.2,0.03,0.16,2.97,15.68,20.0,-21.6
2025-05-14 09:45:00,M0009,OP0055,T00262,,,3.14,15.68,0.2,0.02,0.16,2.97,15.68,20.0,-21.6
2025-05-14 09:57:00,M0009,OP0055,T00262,,,3.14,15.68,0.2,0.02,0.16,2.97,15.68,20.0,-21.6
2025-05-14 10:09:00,M0009,OP0055,T00262,,,3.14,15.68,0.2,0.02,0.16,2.97,15.68,20.0,-21.6
2025-05-14 10:21:00,M0009,OP0055,T00262,,,3.14,15.68,0.2,0.03,0.16,2.97,15.68,20.0,-21.6
2025-05-14 10:33:00,M0009,OP0055,T00262,,,3.14,15.68,0.2,0.03,0.16,2.97,15.68,20.0,-21.6
2025-05-14 10:45:00,M0009,OP0055,T00262,,,3.14,15.68,0.2,0.03,0.16,2.97,15.68,20.0,-21.6
2025-05-14 10:57:00,M0009,OP0055,T00262,,,3.14,15.68,0.2,0.02,0.16,2.97,15.68,20.0,-21.6
2025-05-14 11:09:00,M0009,OP0055,T00262,,,3.14,15.68,0.2,0.02,0.16,2.97,15.68,20.0,-21.6
2025-05-14 11:21:00,M0009,OP0055,T00262,,,3.14,15.68,0.2,0.02,0.16,2.97,15.68,20.0,-21.6
2025-05-14 11:33:00,M0009,OP0055,T00262,,,3.14,15.68,0.2,0.03,0.16,2.97,15.68,20.0,-21.6
2025-05-14 11:45:00,M0009,OP0055,T00262,,,3.14,15.68,0.2,0.03,0.16,2.97,15.68,20.0,-21.6
2025-05-14 11:57:00,M0009,OP0055,T00262,,,3.14,15.68,0.2,0.02,0.16,2.97,15.68,20.0,-21.6
2025-05-14 12:09:00,M0009,OP0055,T00262,,,3.14,15.68,0.2,0.03,0.16,2.97,15.68,20.0,-21.6
2025-05-14 12:21:00,M0009,OP0055,T00262,,,3.14,15.68,0.2,0.03,0.16,2.97,15.68,20.0,-21.6
2025-05-14 12:33:00,M0009,OP0055,T00262,,,3.14,15.68,0.2,0.03,0.16,2.97,15.68,20.0,-21.6
2025-05-14 12:45:00,M0009,OP0055,T00262,,,3.14,15.68,0.2,0.03,0.16,2.97,15.68,20.0,-21.6
2025-05-14 12:57:00,M0009,OP0055,T00262,,,3.14,15.68,0.2,0.03,0.16,2.97,15.68,20.0,-21.6
2025-05-14 13:09:00,M0009,OP0055,T00262,,,3.14,15.68,0.2,0.02,0.16,2.97,15.68,20.0,-21.6
2025-05-14 13:21:00,M0009,OP0055,T00262,,,3.14,15.68,0.2,0.03,0.16,2.97,15.68,20.0,-21.6
2025-01-05 07:05:00,M0013,OP0018,T00263,164.8,,1.39,6.97,0.2,0.03,0.09,1.3,6.97,10.5,-33.6
2025-01-05 07:17:00,M0013,OP0018,T00263,,,1.39,6.97,0.2,0.04,0.09,1.3,6.97,10.5,-33.6
2025-01-05 07:29:00,M0013,OP0018,T00263,,,1.39,6.97,0.2,0.04,0.09,1.3,6.97,10.5,-33.6
2025-01-05 07:41:00,M0013,OP0018,T00263,,,1.39,6.97,0.2,0.04,0.09,1.3,6.97,10.5,-33.6
2025-01-05 07:53:00,M0013,OP0018,T00263,,,1.39,6.97,0.2,0.03,0.09,1.3,6.97,10.5,-33.6
2025-01-05 08:05:00,M0013,OP0018,T00263,,,1.39,6.97,0.2,0.04,0.09,1.3,6.97,10.5,-33.6
2025-01-05 08:17:00,M0013,OP0018,T00263,,,1.39,6.97,0.2,0.03,0.09,1.3,6.97,10.5,-33.6
2025-01-05 08:29:00,M0013,OP0018,T00263,,,1.39,6.97,0.2,0.04,0.09,1.3,6.97,10.5,-33.6
2025-01-05 08:41:00,M0013,OP0018,T00263,,,1.39,6.97,0.2,0.03,0.09,1.3,6.97,10.5,-33.6
2025-01-05 08:53:00,M0013,OP0018,T00263,,,1.39,6.97,0.2,0.03,0.09,1.3,6.97,10.5,-33.6
2025-01-05 09:05:00,M0013,OP0018,T00263,,,1.39,6.97,0.2,0.03,0.09,1.3,6.97,10.5,-33.6
2025-01-05 09:17:00,M0013,OP0018,T00263,,,1.39,6.97,0.2,0.04,0.09,1.3,6.97,10.5,-33.6
2025-01-05 09:29:00,M0013,OP0018,T00263,,,1.39,6.97,0.2,0.04,0.09,1.3,6.97,10.5,-33.6
2025-01-05 09:41:00,M0013,OP0018,T00263,,,1.39,6.97,0.2,0.03,0.09,1.3,6.97,10.5,-33.6
2025-01-05 09:53:00,M0013,OP0018,T00263,,,1.39,6.97,0.2,0.03,0.09,1.3,6.97,10.5,-33.6
2025-01-05 10:05:00,M0013,OP0018,T00263,,,1.39,6.97,0.2,0.03,0.09,1.3,6.97,10.5,-33.6
2025-01-05 10:17:00,M0013,OP0018,T00263,,,1.39,6.97,0.2,0.04,0.09,1.3,6.97,10.5,-33.6
2025-01-05 10:29:00,M0013,OP0018,T00263,,,1.39,6.97,0.2,0.03,0.09,1.3,6.97,10.5,-33.6
2025-01-05 10:41:00,M0013,OP0018,T00263,,,1.39,6.97,0.2,0.03,0.09,1.3,6.97,10.5,-33.6
2025-01-05 10:53:00,M0013,OP0018,T00263,,,1.39,6.97,0.2,0.02,0.09,1.3,6.97,10.5,-33.6
2025-03-31 08:04:00,M0029,OP0049,T00264,393.3,,3.8,19.0,0.2,0.03,0.25,3.55,19.0,25.0,-24.0
2025-03-31 08:16:00,M0029,OP0049,T00264,,,3.8,19.0,0.2,0.03,0.25,3.55,19.0,25.0,-24.0
2025-03-31 08:28:00,M0029,OP0049,T00264,,,3.8,19.0,0.2,0.03,0.25,3.55,19.0,25.0,-24.0
2025-03-31 08:40:00,M0029,OP0049,T00264,,,3.8,19.0,0.2,0.02,0.25,3.55,19.0,25.0,-24.0
2025-03-31 08:52:00,M0029,OP0049,T00264,,,3.8,19.0,0.2,0.03,0.25,3.55,19.0,25.0,-24.0
2025-03-31 09:04:00,M0029,OP0049,T00264,,,3.8,19.0,0.2,0.03,0.25,3.55,19.0,25.0,-24.0
2025-03-31 09:16:00,M0029,OP0049,T00264,,,3.8,19.0,0.2,0.03,0.25,3.55,19.0,25.0,-24.0
2025-03-31 09:28:00,M0029,OP0049,T00264,,,3.8,19.0,0.2,0.03,0.25,3.55,19.0,25.0,-24.0
2025-03-31 09:40:00,M0029,OP0049,T00264,,,3.8,19.0,0.2,0.04,0.25,3.55,19.0,25.0,-24.0
2025-03-31 09:52:00,M0029,OP0049,T00264,,,3.8,19.0,0.2,0.03,0.25,3.55,19.0,25.0,-24.0
2025-03-31 10:04:00,M0029,OP0049,T00264,,,3.8,19.0,0.2,0.04,0.25,3.55,19.0,25.0,-24.0
2025-03-31 10:16:00,M0029,OP0049,T00264,,,3.8,19.0,0.2,0.03,0.25,3.55,19.0,25.0,-24.0
2025-03-31 10:28:00,M0029,OP0049,T00264,,,3.8,19.0,0.2,0.03,0.25,3.55,19.0,25.0,-24.0
2025-03-31 10:40:00,M0029,OP0049,T00264,,,3.8,19.0,0.2,0.03,0.25,3.55,19.0,25.0,-24.0
2025-03-31 10:52:00,M0029,OP0049,T00264,,,3.8,19.0,0.2,0.04,0.25,3.55,19.0,25.0,-24.0
2025-03-31 11:04:00,M0029,OP0049,T00264,,,3.8,19.0,0.2,0.03,0.25,3.55,19.0,25.0,-24.0
2025-03-31 11:16:00,M0029,OP0049,T00264,,,3.8,19.0,0.2,0.04,0.25,3.55,19.0,25.0,-24.0
2025-03-31 11:28:00,M0029,OP0049,T00264,,,3.8,19.0,0.2,0.02,0.25,3.55,19.0,25.0,-24.0
2025-03-31 11:40:00,M0029,OP0049,T00264,,,3.8,19.0,0.2,0.03,0.25,3.55,19.0,25.0,-24.0
2025-03-31 11:52:00,M0029,OP0049,T00264,,,3.8,19.0,0.2,0.03,0.25,3.55,19.0,25.0,-24.0
2025-05-07 09:44:00,M0006,OP0014,T00265,140.7,,1.44,7.18,0.2,0.02,0.1,1.33,7.18,10.5,-31.6
2025-05-07 09:56:00,M0006,OP0014,T00265,,,1.44,7.18,0.2,0.02,0.1,1.33,7.18,10.5,-31.6
2025-05-07 10:08:00,M0006,OP0014,T00265,,,1.44,7.18,0.2,0.02,0.1,1.33,7.18,10.5,-31.6
2025-05-07 10:20:00,M0006,OP0014,T00265,,,1.44,7.18,0.2,0.02,0.1,1.33,7.18,10.5,-31.6
2025-05-07 10:32:00,M0006,OP0014,T00265,,,1.44,7.18,0.2,0.03,0.1,1.33,7.18,10.5,-31.6
2025-05-07 10:44:00,M0006,OP0014,T00265,,,1.44,7.18,0.2,0.02,0.1,1.33,7.18,10.5,-31.6
2025-05-07 10:56:00,M0006,OP0014,T00265,,,1.44,7.18,0.2,0.02,0.1,1.33,7.18,10.5,-31.6
2025-05-07 11:08:00,M0006,OP0014,T00265,,,1.44,7.18,0.2,0.03,0.1,1.33,7.18,10.5,-31.6
2025-05-07 11:20:00,M0006,OP0014,T00265,,,1.44,7.18,0.2,0.03,0.1,1.33,7.18,10.5,-31.6
2025-05-07 11:32:00,M0006,OP0014,T00265,,,1.44,7.18,0.2,0.02,0.1,1.33,7.18,10.5,-31.6
2025-05-07 11:44:00,M0006,OP0014,T00265,,,1.44,7.18,0.2,0.03,0.1,1.33,7.18,10.5,-31.6
2025-05-07 11:56:00,M0006,OP0014,T00265,,,1.44,7.18,0.2,0.02,0.1,1.33,7.18,10.5,-31.6
2025-05-07 12:08:00,M0006,OP0014,T00265,,,1.44,7.18,0.2,0.02,0.1,1.33,7.18,10.5,-31.6
2025-05-07 12:20:00,M0006,OP0014,T00265,,,1.44,7.18,0.2,0.03,0.1,1.33,7.18,10.5,-31.6
2025-05-07 12:32:00,M0006,OP0014,T00265,,,1.44,7.18,0.2,0.03,0.1,1.33,7.18,10.5,-31.6
2025-05-07 12:44:00,M0006,OP0014,T00265,,,1.44,7.18,0.2,0.02,0.1,1.33,7.18,10.5,-31.6
2025-05-07 12:56:00,M0006,OP0014,T00265,,,1.44,7.18,0.2,0.03,0.1,1.33,7.18,10.5,-31.6
2025-05-07 13:08:00,M0006,OP0014,T00265,,,1.44,7.18,0.2,0.02,0.1,1.33,7.18,10.5,-31.6
2025-05-07 13:20:00,M0006,OP0014,T00265,,,1.44,7.18,0.2,0.02,0.1,1.33,7.18,10.5,-31.6
2025-05-07 13:32:00,M0006,OP0014,T00265,,,1.44,7.18,0.2,0.02,0.1,1.33,7.18,10.5,-31.6
2025-01-06 09:48:00,M0031,OP0014,T00267,261.5,,2.73,13.67,0.2,0.02,0.16,2.57,13.67,19.5,-29.9
2025-01-06 10:00:00,M0031,OP0014,T00267,,,2.73,13.67,0.2,0.03,0.16,2.57,13.67,19.5,-29.9
2025-01-06 10:12:00,M0031,OP0014,T00267,,,2.73,13.67,0.2,0.02,0.16,2.57,13.67,19.5,-29.9
2025-01-06 10:24:00,M0031,OP0014,T00267,,,2.73,13.67,0.2,0.02,0.16,2.57,13.67,19.5,-29.9
2025-01-06 10:36:00,M0031,OP0014,T00267,,,2.73,13.67,0.2,0.04,0.16,2.57,13.67,19.5,-29.9
2025-01-06 10:48:00,M0031,OP0014,T00267,,,2.73,13.67,0.2,0.04,0.16,2.57,13.67,19.5,-29.9
2025-01-06 11:00:00,M0031,OP0014,T00267,,,2.73,13.67,0.2,0.03,0.16,2.57,13.67,19.5,-29.9
2025-01-06 11:12:00,M0031,OP0014,T00267,,,2.73,13.67,0.2,0.04,0.16,2.57,13.67,19.5,-29.9
2025-01-06 11:24:00,M0031,OP0014,T00267,,,2.73,13.67,0.2,0.02,0.16,2.57,13.67,19.5,-29.9
2025-01-06 11:36:00,M0031,OP0014,T00267,,,0.91,13.67,0.07,0.01,0.05,0.86,13.67,19.5,-29.9
2025-04-29 15:08:00,M0026,OP0025,T00269,210.3,,2.18,10.91,0.2,0.03,0.12,2.06,10.91,14.5,-24.8
2025-04-29 15:20:00,M0026,OP0025,T00269,,,2.18,10.91,0.2,0.03,0.12,2.06,10.91,14.5,-24.8
2025-04-29 15:32:00,M0026,OP0025,T00269,,,2.18,10.91,0.2,0.02,0.12,2.06,10.91,14.5,-24.8
2025-04-29 15:44:00,M0026,OP0025,T00269,,,2.18,10.91,0.2,0.04,0.12,2.06,10.91,14.5,-24.8
2025-04-29 15:56:00,M0026,OP0025,T00269,,,2.18,10.91,0.2,0.03,0.12,2.06,10.91,14.5,-24.8
2025-04-29 16:08:00,M0026,OP0025,T00269,,,2.18,10.91,0.2,0.03,0.12,2.06,10.91,14.5,-24.8
2025-04-29 16:20:00,M0026,OP0025,T00269,,,2.18,10.91,0.2,0.04,0.12,2.06,10.91,14.5,-24.8
2025-04-29 16:32:00,M0026,OP0025,T00269,,,2.18,10.91,0.2,0.04,0.12,2.06,10.91,14.5,-24.8
2025-04-29 16:44:00,M0026,OP0025,T00269,,,2.18,10.91,0.2,0.03,0.12,2.06,10.91,14.5,-24.8
2025-04-29 16:56:00,M0026,OP0025,T00269,,,2.18,10.91,0.2,0.04,0.12,2.06,10.91,14.5,-24.8
2025-04-29 17:08:00,M0026,OP0025,T00269,,,2.18,10.91,0.2,0.04,0.12,2.06,10.91,14.5,-24.8
2025-04-29 17:20:00,M0026,OP0025,T00269,,,2.18,10.91,0.2,0.04,0.12,2.06,10.91,14.5,-24.8
2025-04-29 17:32:00,M0026,OP0025,T00269,,,2.18,10.91,0.2,0.04,0.12,2.06,10.91,14.5,-24.8
2025-04-29 17:44:00,M0026,OP0025,T00269,,,2.18,10.91,0.2,0.02,0.12,2.06,10.91,14.5,-24.8
2025-04-29 17:56:00,M0026,OP0025,T00269,,,2.18,10.91,0.2,0.03,0.12,2.06,10.91,14.5,-24.8
2025-04-29 18:08:00,M0026,OP0025,T00269,,,2.18,10.91,0.2,0.04,0.12,2.06,10.91,14.5,-24.8
2025-04-29 18:20:00,M0026,OP0025,T00269,,,2.18,10.91,0.2,0.02,0.12,2.06,10.91,14.5,-24.8
2025-04-29 18:32:00,M0026,OP0025,T00269,,,2.18,10.91,0.2,0.03,0.12,2.06,10.91,14.5,-24.8
2025-04-29 18:44:00,M0026,OP0025,T00269,,,2.18,10.91,0.2,0.02,0.12,2.06,10.91,14.5,-24.8
2025-04-29 18:56:00,M0026,OP0025,T00269,,,2.18,10.91,0.2,0.03,0.12,2.06,10.91,14.5,-24.8
2025-06-08 06:59:00,M0020,OP0033,T00271,202.2,,1.6,8.0,0.2,0.04,0.06,1.54,8.0,10.5,-23.8
2025-06-08 07:11:00,M0020,OP0033,T00271,,,1.6,8.0,0.2,0.03,0.06,1.54,8.0,10.5,-23.8
2025-06-08 07:23:00,M0020,OP0033,T00271,,,1.6,8.0,0.2,0.03,0.06,1.54,8.0,10.5,-23.8
2025-06-08 07:35:00,M0020,OP0033,T00271,,,0.53,8.0,0.07,0.01,0.02,0.51,8.0,10.5,-23.8
2025-04-21 13:20:00,M0039,OP0028,T00272,503.0,,2.35,11.76,0.2,0.05,0.23,2.12,11.76,20.0,-41.2
2025-04-21 13:32:00,M0039,OP0028,T00272,,,2.35,11.76,0.2,0.05,0.23,2.12,11.76,20.0,-41.2
2025-04-21 13:44:00,M0039,OP0028,T00272,,,2.35,11.76,0.2,0.05,0.23,2.12,11.76,20.0,-41.2
2025-04-21 13:56:00,M0039,OP0028,T00272,,,2.35,11.76,0.2,0.04,0.23,2.12,11.76,20.0,-41.2
2025-04-21 14:08:00,M0039,OP0028,T00272,,,2.35,11.76,0.2,0.05,0.23,2.12,11.76,20.0,-41.2
2025-04-21 14:20:00,M0039,OP0028,T00272,,,2.35,11.76,0.2,0.04,0.23,2.12,11.76,20.0,-41.2
2025-04-21 14:32:00,M0039,OP0028,T00272,,,2.35,11.76,0.2,0.04,0.23,2.12,11.76,20.0,-41.2
2025-04-21 14:44:00,M0039,OP0028,T00272,,,2.35,11.76,0.2,0.03,0.23,2.12,11.76,20.0,-41.2
2025-04-21 14:56:00,M0039,OP0028,T00272,,,2.35,11.76,0.2,0.04,0.23,2.12,11.76,20.0,-41.2
2025-04-21 15:08:00,M0039,OP0028,T00272,,,2.35,11.76,0.2,0.05,0.23,2.12,11.76,20.0,-41.2
2025-04-21 15:20:00,M0039,OP0028,T00272,,,2.35,11.76,0.2,0.03,0.23,2.12,11.76,20.0,-41.2
2025-04-21 15:32:00,M0039,OP0028,T00272,,,2.35,11.76,0.2,0.03,0.23,2.12,11.76,20.0,-41.2
2025-04-21 15:44:00,M0039,OP0028,T00272,,,2.35,11.76,0.2,0.04,0.23,2.12,11.76,20.0,-41.2
2025-04-21 15:56:00,M0039,OP0028,T00272,,,2.35,11.76,0.2,0.04,0.23,2.12,11.76,20.0,-41.2
2025-04-21 16:08:00,M0039,OP0028,T00272,,,2.35,11.76,0.2,0.05,0.23,2.12,11.76,20.0,-41.2
2025-04-21 16:20:00,M0039,OP0028,T00272,,,2.35,11.76,0.2,0.03,0.23,2.12,11.76,20.0,-41.2
2025-04-21 16:32:00,M0039,OP0028,T00272,,,2.35,11.76,0.2,0.05,0.23,2.12,11.76,20.0,-41.2
2025-04-21 16:44:00,M0039,OP0028,T00272,,,2.35,11.76,0.2,0.04,0.23,2.12,11.76,20.0,-41.2
2025-04-21 16:56:00,M0039,OP0028,T00272,,,2.35,11.76,0.2,0.03,0.23,2.12,11.76,20.0,-41.2
2025-04-21 17:08:00,M0039,OP0028,T00272,,,2.35,11.76,0.2,0.06,0.23,2.12,11.76,20.0,-41.2
2025-02-24 08:48:00,M0033,OP0004,T00274,374.3,,2.22,11.11,0.2,0.03,0.15,2.07,11.11,14.5,-23.4
2025-02-24 09:00:00,M0033,OP0004,T00274,,,2.22,11.11,0.2,0.03,0.15,2.07,11.11,14.5,-23.4
2025-02-24 09:12:00,M0033,OP0004,T00274,,,2.22,11.11,0.2,0.03,0.15,2.07,11.11,14.5,-23.4
2025-02-24 09:24:00,M0033,OP0004,T00274,,,2.22,11.11,0.2,0.03,0.15,2.07,11.11,14.5,-23.4
2025-02-24 09:36:00,M0033,OP0004,T00274,,,2.22,11.11,0.2,0.02,0.15,2.07,11.11,14.5,-23.4
2025-02-24 09:48:00,M0033,OP0004,T00274,,,2.22,11.11,0.2,0.02,0.15,2.07,11.11,14.5,-23.4
2025-02-24 10:00:00,M0033,OP0004,T00274,,,2.22,11.11,0.2,0.03,0.15,2.07,11.11,14.5,-23.4
2025-02-24 10:12:00,M0033,OP0004,T00274,,,2.22,11.11,0.2,0.03,0.15,2.07,11.11,14.5,-23.4
2025-02-24 10:24:00,M0033,OP0004,T00274,,,2.22,11.11,0.2,0.02,0.15,2.07,11.11,14.5,-23.4
2025-02-24 10:36:00,M0033,OP0004,T00274,,,2.22,11.11,0.2,0.03,0.15,2.07,11.11,14.5,-23.4
2025-02-24 10:48:00,M0033,OP0004,T00274,,,2.22,11.11,0.2,0.03,0.15,2.07,11.11,14.5,-23.4
2025-02-24 11:00:00,M0033,OP0004,T00274,,,2.22,11.11,0.2,0.03,0.15,2.07,11.11,14.5,-23.4
2025-02-24 11:12:00,M0033,OP0004,T00274,,,0.56,11.11,0.05,0.01,0.04,0.52,11.11,14.5,-23.4
2025-02-19 10:15:00,M0028,OP0034,T00275,657.0,,2.78,13.88,0.2,0.07,0.16,2.62,13.88,20.0,-30.6
2025-02-19 10:27:00,M0028,OP0034,T00275,,,2.78,13.88,0.2,0.07,0.16,2.62,13.88,20.0,-30.6
2025-02-19 10:39:00,M0028,OP0034,T00275,,,2.78,13.88,0.2,0.06,0.16,2.62,13.88,20.0,-30.6
2025-02-19 10:51:00,M0028,OP0034,T00275,,,2.78,13.88,0.2,0.05,0.16,2.62,13.88,20.0,-30.6
2025-02-19 11:03:00,M0028,OP0034,T00275,,,2.78,13.88,0.2,0.06,0.16,2.62,13.88,20.0,-30.6
2025-02-19 11:15:00,M0028,OP0034,T00275,,,2.78,13.88,0.2,0.05,0.16,2.62,13.88,20.0,-30.6
2025-02-19 11:27:00,M0028,OP0034,T00275,,,2.78,13.88,0.2,0.05,0.16,2.62,13.88,20.0,-30.6
2025-02-19 11:39:00,M0028,OP0034,T00275,,,2.78,13.88,0.2,0.06,0.16,2.62,13.88,20.0,-30.6
2025-02-19 11:51:00,M0028,OP0034,T00275,,,2.78,13.88,0.2,0.07,0.16,2.62,13.88,20.0,-30.6
2025-02-19 12:03:00,M0028,OP0034,T00275,,,2.78,13.88,0.2,0.07,0.16,2.62,13.88,20.0,-30.6
2025-02-19 12:15:00,M0028,OP0034,T00275,,,2.78,13.88,0.2,0.05,0.16,2.62,13.88,20.0,-30.6
2025-02-19 12:27:00,M0028,OP0034,T00275,,,2.78,13.88,0.2,0.05,0.16,2.62,13.88,20.0,-30.6
2025-02-19 12:39:00,M0028,OP0034,T00275,,,2.78,13.88,0.2,0.05,0.16,2.62,13.88,20.0,-30.6
2025-02-19 12:51:00,M0028,OP0034,T00275,,,2.78,13.88,0.2,0.05,0.16,2.62,13.88,20.0,-30.6
2025-02-19 13:03:00,M0028,OP0034,T00275,,,2.78,13.88,0.2,0.05,0.16,2.62,13.88,20.0,-30.6
2025-02-19 13:15:00,M0028,OP0034,T00275,,,2.78,13.88,0.2,0.05,0.16,2.62,13.88,20.0,-30.6
2025-02-19 13:27:00,M0028,OP0034,T00275,,,2.78,13.88,0.2,0.05,0.16,2.62,13.88,20.0,-30.6
2025-02-19 13:39:00,M0028,OP0034,T00275,,,2.78,13.88,0.2,0.07,0.16,2.62,13.88,20.0,-30.6
2025-02-19 13:51:00,M0028,OP0034,T00275,,,2.78,13.88,0.2,0.04,0.16,2.62,13.88,20.0,-30.6
2025-02-19 14:03:00,M0028,OP0034,T00275,,,2.78,13.88,0.2,0.06,0.16,2.62,13.88,20.0,-30.6
2025-01-01 11:59:00,M0034,OP0031,T00276,413.8,,3.46,17.32,0.2,0.01,0.21,3.26,17.32,20.0,-13.4
2025-01-01 12:11:00,M0034,OP0031,T00276,,,3.46,17.32,0.2,0.01,0.21,3.26,17.32,20.0,-13.4
2025-01-01 12:23:00,M0034,OP0031,T00276,,,3.46,17.32,0.2,0.01,0.21,3.26,17.32,20.0,-13.4
2025-01-01 12:35:00,M0034,OP0031,T00276,,,3.46,17.32,0.2,0.01,0.21,3.26,17.32,20.0,-13.4
2025-01-01 12:47:00,M0034,OP0031,T00276,,,3.46,17.32,0.2,0.01,0.21,3.26,17.32,20.0,-13.4
2025-01-01 12:59:00,M0034,OP0031,T00276,,,3.46,17.32,0.2,0.01,0.21,3.26,17.32,20.0,-13.4
2025-01-01 13:11:00,M0034,OP0031,T00276,,,3.46,17.32,0.2,0.01,0.21,3.26,17.32,20.0,-13.4
2025-01-01 13:23:00,M0034,OP0031,T00276,,,3.46,17.32,0.2,0.01,0.21,3.26,17.32,20.0,-13.4
2025-01-01 13:35:00,M0034,OP0031,T00276,,,3.46,17.32,0.2,0.01,0.21,3.26,17.32,20.0,-13.4
2025-01-01 13:47:00,M0034,OP0031,T00276,,,3.46,17.32,0.2,0.01,0.21,3.26,17.32,20.0,-13.4
2025-01-01 13:59:00,M0034,OP0031,T00276,,,3.46,17.32,0.2,0.01,0.21,3.26,17.32,20.0,-13.4
2025-01-01 14:11:00,M0034,OP0031,T00276,,,3.46,17.32,0.2,0.01,0.21,3.26,17.32,20.0,-13.4
2025-01-01 14:23:00,M0034,OP0031,T00276,,,3.46,17.32,0.2,0.01,0.21,3.26,17.32,20.0,-13.4
2025-01-01 14:35:00,M0034,OP0031,T00276,,,3.46,17.32,0.2,0.01,0.21,3.26,17.32,20.0,-13.4
2025-01-01 14:47:00,M0034,OP0031,T00276,,,3.46,17.32,0.2,0.01,0.21,3.26,17.32,20.0,-13.4
2025-01-01 14:59:00,M0034,OP0031,T00276,,,3.46,17.32,0.2,0.01,0.21,3.26,17.32,20.0,-13.4
2025-01-01 15:11:00,M0034,OP0031,T00276,,,3.46,17.32,0.2,0.01,0.21,3.26,17.32,20.0,-13.4
2025-01-01 15:23:00,M0034,OP0031,T00276,,,3.46,17.32,0.2,0.01,0.21,3.26,17.32,20.0,-13.4
2025-01-01 15:35:00,M0034,OP0031,T00276,,,3.46,17.32,0.2,0.01,0.21,3.26,17.32,20.0,-13.4
2025-01-01 15:47:00,M0034,OP0031,T00276,,,3.46,17.32,0.2,0.01,0.21,3.26,17.32,20.0,-13.4
2025-08-26 07:41:00,M0018,OP0047,T00277,418.6,,4.45,22.26,0.2,0.01,0.19,4.27,22.26,20.0,11.3
2025-08-26 07:53:00,M0018,OP0047,T00277,,,4.45,22.26,0.2,0.02,0.19,4.27,22.26,20.0,11.3
2025-08-26 08:05:00,M0018,OP0047,T00277,,,4.45,22.26,0.2,0.01,0.19,4.27,22.26,20.0,11.3
2025-08-26 08:17:00,M0018,OP0047,T00277,,,4.45,22.26,0.2,0.01,0.19,4.27,22.26,20.0,11.3
2025-08-26 08:29:00,M0018,OP0047,T00277,,,4.45,22.26,0.2,0.02,0.19,4.27,22.26,20.0,11.3
2025-08-26 08:41:00,M0018,OP0047,T00277,,,4.45,22.26,0.2,0.02,0.19,4.27,22.26,20.0,11.3
2025-08-26 08:53:00,M0018,OP0047,T00277,,,4.45,22.26,0.2,0.02,0.19,4.27,22.26,20.0,11.3
2025-08-26 09:05:00,M0018,OP0047,T00277,,,4.45,22.26,0.2,0.02,0.19,4.27,22.26,20.0,11.3
2025-08-26 09:17:00,M0018,OP0047,T00277,,,4.08,22.26,0.18,0.01,0.17,3.91,22.26,20.0,11.3
2025-09-17 10:12:00,M0010,OP0001,T00278,345.5,,4.79,23.96,0.2,0.03,0.09,4.7,23.96,28.0,-14.4
2025-09-17 10:24:00,M0010,OP0001,T00278,,,4.79,23.96,0.2,0.02,0.09,4.7,23.96,28.0,-14.4
2025-09-17 10:36:00,M0010,OP0001,T00278,,,4.79,23.96,0.2,0.02,0.09,4.7,23.96,28.0,-14.4
2025-09-17 10:48:00,M0010,OP0001,T00278,,,4.79,23.96,0.2,0.03,0.09,4.7,23.96,28.0,-14.4
2025-09-17 11:00:00,M0010,OP0001,T00278,,,4.79,23.96,0.2,0.03,0.09,4.7,23.96,28.0,-14.4
2025-09-17 11:12:00,M0010,OP0001,T00278,,,4.79,23.96,0.2,0.03,0.09,4.7,23.96,28.0,-14.4
2025-09-17 11:24:00,M0010,OP0001,T00278,,,4.79,23.96,0.2,0.03,0.09,4.7,23.96,28.0,-14.4
2025-09-17 11:36:00,M0010,OP0001,T00278,,,4.79,23.96,0.2,0.02,0.09,4.7,23.96,28.0,-14.4
2025-09-17 11:48:00,M0010,OP0001,T00278,,,4.79,23.96,0.2,0.02,0.09,4.7,23.96,28.0,-14.4
2025-09-17 12:00:00,M0010,OP0001,T00278,,,4.79,23.96,0.2,0.02,0.09,4.7,23.96,28.0,-14.4
2025-09-17 12:12:00,M0010,OP0001,T00278,,,4.79,23.96,0.2,0.02,0.09,4.7,23.96,28.0,-14.4
2025-09-17 12:24:00,M0010,OP0001,T00278,,,4.79,23.96,0.2,0.02,0.09,4.7,23.96,28.0,-14.4
2025-09-17 12:36:00,M0010,OP0001,T00278,,,4.79,23.96,0.2,0.03,0.09,4.7,23.96,28.0,-14.4
2025-09-17 12:48:00,M0010,OP0001,T00278,,,4.79,23.96,0.2,0.02,0.09,4.7,23.96,28.0,-14.4
2025-09-17 13:00:00,M0010,OP0001,T00278,,,4.79,23.96,0.2,0.02,0.09,4.7,23.96,28.0,-14.4
2025-09-17 13:12:00,M0010,OP0001,T00278,,,4.79,23.96,0.2,0.03,0.09,4.7,23.96,28.0,-14.4
2025-09-17 13:24:00,M0010,OP0001,T00278,,,4.79,23.96,0.2,0.02,0.09,4.7,23.96,28.0,-14.4
2025-09-17 13:36:00,M0010,OP0001,T00278,,,4.79,23.96,0.2,0.02,0.09,4.7,23.96,28.0,-14.4
2025-09-17 13:48:00,M0010,OP0001,T00278,,,4.79,23.96,0.2,0.03,0.09,4.7,23.96,28.0,-14.4
2025-09-17 14:00:00,M0010,OP0001,T00278,,,4.79,23.96,0.2,0.02,0.09,4.7,23.96,28.0,-14.4
2025-07-27 07:08:00,M0029,OP0051,T00279,277.6,,2.99,14.97,0.2,0.05,0.31,2.69,14.97,25.0,-40.1
2025-07-27 07:20:00,M0029,OP0051,T00279,,,2.99,14.97,0.2,0.04,0.31,2.69,14.97,25.0,-40.1
2025-07-27 07:32:00,M0029,OP0051,T00279,,,2.99,14.97,0.2,0.04,0.31,2.69,14.97,25.0,-40.1
2025-07-27 07:44:00,M0029,OP0051,T00279,,,2.99,14.97,0.2,0.03,0.31,2.69,14.97,25.0,-40.1
2025-07-27 07:56:00,M0029,OP0051,T00279,,,2.99,14.97,0.2,0.04,0.31,2.69,14.97,25.0,-40.1
2025-07-27 08:08:00,M0029,OP0051,T00279,,,2.99,14.97,0.2,0.04,0.31,2.69,14.97,25.0,-40.1
2025-07-27 08:20:00,M0029,OP0051,T00279,,,2.99,14.97,0.2,0.05,0.31,2.69,14.97,25.0,-40.1
2025-07-27 08:32:00,M0029,OP0051,T00279,,,2.99,14.97,0.2,0.04,0.31,2.69,14.97,25.0,-40.1
2025-07-27 08:44:00,M0029,OP0051,T00279,,,2.99,14.97,0.2,0.04,0.31,2.69,14.97,25.0,-40.1
2025-07-27 08:56:00,M0029,OP0051,T00279,,,2.99,14.97,0.2,0.04,0.31,2.69,14.97,25.0,-40.1
2025-07-27 09:08:00,M0029,OP0051,T00279,,,2.99,14.97,0.2,0.04,0.31,2.69,14.97,25.0,-40.1
2025-07-27 09:20:00,M0029,OP0051,T00279,,,1.25,14.97,0.08,0.01,0.13,1.12,14.97,25.0,-40.1
2025-09-13 09:43:00,M0019,OP0045,T00280,169.2,,2.01,10.03,0.2,0.07,0.04,1.96,10.03,10.5,-4.5
2025-09-13 09:55:00,M0019,OP0045,T00280,,,2.01,10.03,0.2,0.07,0.04,1.96,10.03,10.5,-4.5
2025-09-13 10:07:00,M0019,OP0045,T00280,,,2.01,10.03,0.2,0.09,0.04,1.96,10.03,10.5,-4.5
2025-09-13 10:19:00,M0019,OP0045,T00280,,,2.01,10.03,0.2,0.08,0.04,1.96,10.03,10.5,-4.5
2025-09-13 10:31:00,M0019,OP0045,T00280,,,2.01,10.03,0.2,0.05,0.04,1.96,10.03,10.5,-4.5
2025-09-13 10:43:00,M0019,OP0045,T00280,,,2.01,10.03,0.2,0.07,0.04,1.96,10.03,10.5,-4.5
2025-09-13 10:55:00,M0019,OP0045,T00280,,,2.01,10.03,0.2,0.07,0.04,1.96,10.03,10.5,-4.5
2025-09-13 11:07:00,M0019,OP0045,T00280,,,2.01,10.03,0.2,0.07,0.04,1.96,10.03,10.5,-4.5
2025-09-13 11:19:00,M0019,OP0045,T00280,,,2.01,10.03,0.2,0.08,0.04,1.96,10.03,10.5,-4.5
2025-09-13 11:31:00,M0019,OP0045,T00280,,,2.01,10.03,0.2,0.05,0.04,1.96,10.03,10.5,-4.5
2025-09-13 11:43:00,M0019,OP0045,T00280,,,2.01,10.03,0.2,0.06,0.04,1.96,10.03,10.5,-4.5
2025-09-13 11:55:00,M0019,OP0045,T00280,,,2.01,10.03,0.2,0.06,0.04,1.96,10.03,10.5,-4.5
2025-09-13 12:07:00,M0019,OP0045,T00280,,,2.01,10.03,0.2,0.08,0.04,1.96,10.03,10.5,-4.5
2025-09-13 12:19:00,M0019,OP0045,T00280,,,2.01,10.03,0.2,0.06,0.04,1.96,10.03,10.5,-4.5
2025-09-13 12:31:00,M0019,OP0045,T00280,,,2.01,10.03,0.2,0.06,0.04,1.96,10.03,10.5,-4.5
2025-09-13 12:43:00,M0019,OP0045,T00280,,,2.01,10.03,0.2,0.06,0.04,1.96,10.03,10.5,-4.5
2025-09-13 12:55:00,M0019,OP0045,T00280,,,2.01,10.03,0.2,0.08,0.04,1.96,10.03,10.5,-4.5
2025-09-13 13:07:00,M0019,OP0045,T00280,,,2.01,10.03,0.2,0.06,0.04,1.96,10.03,10.5,-4.5
2025-09-13 13:19:00,M0019,OP0045,T00280,,,2.01,10.03,0.2,0.06,0.04,1.96,10.03,10.5,-4.5
2025-09-13 13:31:00,M0019,OP0045,T00280,,,2.01,10.03,0.2,0.07,0.04,1.96,10.03,10.5,-4.5
2025-05-06 08:23:00,M0035,OP0030,T00281,253.7,,2.0,10.0,0.2,0.04,0.16,1.84,10.0,14.5,-31.0
2025-05-06 08:35:00,M0035,OP0030,T00281,,,2.0,10.0,0.2,0.03,0.16,1.84,10.0,14.5,-31.0
2025-05-06 08:47:00,M0035,OP0030,T00281,,,2.0,10.0,0.2,0.04,0.16,1.84,10.0,14.5,-31.0
2025-05-06 08:59:00,M0035,OP0030,T00281,,,2.0,10.0,0.2,0.03,0.16,1.84,10.0,14.5,-31.0
2025-05-06 09:11:00,M0035,OP0030,T00281,,,2.0,10.0,0.2,0.05,0.16,1.84,10.0,14.5,-31.0
2025-05-06 09:23:00,M0035,OP0030,T00281,,,2.0,10.0,0.2,0.04,0.16,1.84,10.0,14.5,-31.0
2025-05-06 09:35:00,M0035,OP0030,T00281,,,2.0,10.0,0.2,0.05,0.16,1.84,10.0,14.5,-31.0
2025-05-06 09:47:00,M0035,OP0030,T00281,,,2.0,10.0,0.2,0.05,0.16,1.84,10.0,14.5,-31.0
2025-05-06 09:59:00,M0035,OP0030,T00281,,,2.0,10.0,0.2,0.04,0.16,1.84,10.0,14.5,-31.0
2025-05-06 10:11:00,M0035,OP0030,T00281,,,2.0,10.0,0.2,0.03,0.16,1.84,10.0,14.5,-31.0
2025-05-06 10:23:00,M0035,OP0030,T00281,,,2.0,10.0,0.2,0.04,0.16,1.84,10.0,14.5,-31.0
2025-05-06 10:35:00,M0035,OP0030,T00281,,,2.0,10.0,0.2,0.05,0.16,1.84,10.0,14.5,-31.0
2025-05-06 10:47:00,M0035,OP0030,T00281,,,2.0,10.0,0.2,0.05,0.16,1.84,10.0,14.5,-31.0
2025-05-06 10:59:00,M0035,OP0030,T00281,,,1.67,10.0,0.17,0.03,0.13,1.53,10.0,14.5,-31.0
2025-03-04 06:06:00,M0026,OP0048,T00282,331.2,,2.07,10.36,0.2,0.01,0.12,1.96,10.36,14.5,-28.6
2025-03-04 06:18:00,M0026,OP0048,T00282,,,2.07,10.36,0.2,0.01,0.12,1.96,10.36,14.5,-28.6
2025-03-04 06:30:00,M0026,OP0048,T00282,,,1.38,10.36,0.13,0.01,0.08,1.3,10.36,14.5,-28.6
2025-01-02 15:54:00,M0012,OP0017,T00283,338.2,,4.76,23.8,0.2,0.02,0.28,4.48,23.8,28.0,-15.0
2025-01-02 16:06:00,M0012,OP0017,T00283,,,4.76,23.8,0.2,0.03,0.28,4.48,23.8,28.0,-15.0
2025-01-02 16:18:00,M0012,OP0017,T00283,,,4.76,23.8,0.2,0.03,0.28,4.48,23.8,28.0,-15.0
2025-01-02 16:30:00,M0012,OP0017,T00283,,,4.76,23.8,0.2,0.03,0.28,4.48,23.8,28.0,-15.0
2025-01-02 16:42:00,M0012,OP0017,T00283,,,4.76,23.8,0.2,0.03,0.28,4.48,23.8,28.0,-15.0
2025-01-02 16:54:00,M0012,OP0017,T00283,,,4.76,23.8,0.2,0.02,0.28,4.48,23.8,28.0,-15.0
2025-01-02 17:06:00,M0012,OP0017,T00283,,,4.76,23.8,0.2,0.03,0.28,4.48,23.8,28.0,-15.0
2025-01-02 17:18:00,M0012,OP0017,T00283,,,4.76,23.8,0.2,0.02,0.28,4.48,23.8,28.0,-15.0
2025-01-02 17:30:00,M0012,OP0017,T00283,,,3.57,23.8,0.15,0.02,0.21,3.36,23.8,28.0,-15.0
2025-02-18 10:47:00,M0012,OP0054,T00286,338.5,,4.53,22.64,0.2,0.01,0.21,4.31,22.64,28.0,-19.1
2025-02-18 10:59:00,M0012,OP0054,T00286,,,4.53,22.64,0.2,0.0,0.21,4.31,22.64,28.0,-19.1
2025-02-18 11:11:00,M0012,OP0054,T00286,,,4.53,22.64,0.2,0.01,0.21,4.31,22.64,28.0,-19.1
2025-02-18 11:23:00,M0012,OP0054,T00286,,,4.53,22.64,0.2,0.01,0.21,4.31,22.64,28.0,-19.1
2025-02-18 11:35:00,M0012,OP0054,T00286,,,4.53,22.64,0.2,0.01,0.21,4.31,22.64,28.0,-19.1
2025-02-18 11:47:00,M0012,OP0054,T00286,,,4.53,22.64,0.2,0.0,0.21,4.31,22.64,28.0,-19.1
2025-02-18 11:59:00,M0012,OP0054,T00286,,,4.53,22.64,0.2,0.0,0.21,4.31,22.64,28.0,-19.1
2025-02-18 12:11:00,M0012,OP0054,T00286,,,4.53,22.64,0.2,0.0,0.21,4.31,22.64,28.0,-19.1
2025-02-18 12:23:00,M0012,OP0054,T00286,,,4.53,22.64,0.2,0.01,0.21,4.31,22.64,28.0,-19.1
2025-02-18 12:35:00,M0012,OP0054,T00286,,,4.53,22.64,0.2,0.0,0.21,4.31,22.64,28.0,-19.1
2025-02-18 12:47:00,M0012,OP0054,T00286,,,4.53,22.64,0.2,0.0,0.21,4.31,22.64,28.0,-19.1
2025-02-18 12:59:00,M0012,OP0054,T00286,,,4.53,22.64,0.2,0.0,0.21,4.31,22.64,28.0,-19.1
2025-02-18 13:11:00,M0012,OP0054,T00286,,,4.53,22.64,0.2,0.0,0.21,4.31,22.64,28.0,-19.1
2025-02-18 13:23:00,M0012,OP0054,T00286,,,4.53,22.64,0.2,0.0,0.21,4.31,22.64,28.0,-19.1
2025-02-18 13:35:00,M0012,OP0054,T00286,,,4.53,22.64,0.2,0.01,0.21,4.31,22.64,28.0,-19.1
2025-02-18 13:47:00,M0012,OP0054,T00286,,,4.53,22.64,0.2,0.0,0.21,4.31,22.64,28.0,-19.1
2025-02-18 13:59:00,M0012,OP0054,T00286,,,4.53,22.64,0.2,0.0,0.21,4.31,22.64,28.0,-19.1
2025-02-18 14:11:00,M0012,OP0054,T00286,,,4.53,22.64,0.2,0.01,0.21,4.31,22.64,28.0,-19.1
2025-02-18 14:23:00,M0012,OP0054,T00286,,,4.53,22.64,0.2,0.01,0.21,4.31,22.64,28.0,-19.1
2025-02-18 14:35:00,M0012,OP0054,T00286,,,4.53,22.64,0.2,0.0,0.21,4.31,22.64,28.0,-19.1
2025-04-20 07:37:00,M0027,OP0037,T00287,444.6,,4.21,21.04,0.2,0.04,0.1,4.11,21.04,20.0,5.2
2025-04-20 07:49:00,M0027,OP0037,T00287,,,4.21,21.04,0.2,0.04,0.1,4.11,21.04,20.0,5.2
2025-04-20 08:01:00,M0027,OP0037,T00287,,,4.21,21.04,0.2,0.04,0.1,4.11,21.04,20.0,5.2
2025-04-20 08:13:00,M0027,OP0037,T00287,,,4.21,21.04,0.2,0.03,0.1,4.11,21.04,20.0,5.2
2025-04-20 08:25:00,M0027,OP0037,T00287,,,4.21,21.04,0.2,0.04,0.1,4.11,21.04,20.0,5.2
2025-04-20 08:37:00,M0027,OP0037,T00287,,,4.21,21.04,0.2,0.04,0.1,4.11,21.04,20.0,5.2
2025-04-20 08:49:00,M0027,OP0037,T00287,,,4.21,21.04,0.2,0.03,0.1,4.11,21.04,20.0,5.2
2025-04-20 09:01:00,M0027,OP0037,T00287,,,4.21,21.04,0.2,0.03,0.1,4.11,21.04,20.0,5.2
2025-04-20 09:13:00,M0027,OP0037,T00287,,,0.35,21.04,0.02,0.0,0.01,0.34,21.04,20.0,5.2
2025-09-21 13:53:00,M0005,OP0004,T00288,569.9,,5.3,26.49,0.2,0.01,0.11,5.18,26.49,28.0,-5.4
2025-09-21 14:05:00,M0005,OP0004,T00288,,,5.3,26.49,0.2,0.01,0.11,5.18,26.49,28.0,-5.4
2025-09-21 14:17:00,M0005,OP0004,T00288,,,5.3,26.49,0.2,0.01,0.11,5.18,26.49,28.0,-5.4
2025-09-21 14:29:00,M0005,OP0004,T00288,,,5.3,26.49,0.2,0.01,0.11,5.18,26.49,28.0,-5.4
2025-09-21 14:41:00,M0005,OP0004,T00288,,,5.3,26.49,0.2,0.01,0.11,5.18,26.49,28.0,-5.4
2025-09-21 14:53:00,M0005,OP0004,T00288,,,5.3,26.49,0.2,0.01,0.11,5.18,26.49,28.0,-5.4
2025-09-21 15:05:00,M0005,OP0004,T00288,,,5.3,26.49,0.2,0.01,0.11,5.18,26.49,28.0,-5.4
2025-09-21 15:17:00,M0005,OP0004,T00288,,,5.3,26.49,0.2,0.01,0.11,5.18,26.49,28.0,-5.4
2025-09-21 15:29:00,M0005,OP0004,T00288,,,3.97,26.49,0.15,0.01,0.09,3.89,26.49,28.0,-5.4
2025-06-11 07:21:00,M0032,OP0019,T00289,303.7,,3.33,16.63,0.2,0.06,0.33,3.0,16.63,25.0,-33.5
2025-06-11 07:33:00,M0032,OP0019,T00289,,,3.33,16.63,0.2,0.07,0.33,3.0,16.63,25.0,-33.5
2025-06-11 07:45:00,M0032,OP0019,T00289,,,3.33,16.63,0.2,0.05,0.33,3.0,16.63,25.0,-33.5
2025-06-11 07:57:00,M0032,OP0019,T00289,,,3.33,16.63,0.2,0.05,0.33,3.0,16.63,25.0,-33.5
2025-06-11 08:09:00,M0032,OP0019,T00289,,,3.33,16.63,0.2,0.07,0.33,3.0,16.63,25.0,-33.5
2025-06-11 08:21:00,M0032,OP0019,T00289,,,3.33,16.63,0.2,0.06,0.33,3.0,16.63,25.0,-33.5
2025-06-11 08:33:00,M0032,OP0019,T00289,,,3.33,16.63,0.2,0.06,0.33,3.0,16.63,25.0,-33.5
2025-06-11 08:45:00,M0032,OP0019,T00289,,,3.33,16.63,0.2,0.06,0.33,3.0,16.63,25.0,-33.5
2025-06-11 08:57:00,M0032,OP0019,T00289,,,3.33,16.63,0.2,0.04,0.33,3.0,16.63,25.0,-33.5
2025-06-11 09:09:00,M0032,OP0019,T00289,,,3.33,16.63,0.2,0.04,0.33,3.0,16.63,25.0,-33.5
2025-06-11 09:21:00,M0032,OP0019,T00289,,,3.33,16.63,0.2,0.05,0.33,3.0,16.63,25.0,-33.5
2025-06-11 09:33:00,M0032,OP0019,T00289,,,3.33,16.63,0.2,0.06,0.33,3.0,16.63,25.0,-33.5
2025-06-11 09:45:00,M0032,OP0019,T00289,,,3.33,16.63,0.2,0.06,0.33,3.0,16.63,25.0,-33.5
2025-06-11 09:57:00,M0032,OP0019,T00289,,,3.33,16.63,0.2,0.04,0.33,3.0,16.63,25.0,-33.5
2025-06-11 10:09:00,M0032,OP0019,T00289,,,3.33,16.63,0.2,0.07,0.33,3.0,16.63,25.0,-33.5
2025-06-11 10:21:00,M0032,OP0019,T00289,,,3.33,16.63,0.2,0.04,0.33,3.0,16.63,25.0,-33.5
2025-06-11 10:33:00,M0032,OP0019,T00289,,,3.33,16.63,0.2,0.05,0.33,3.0,16.63,25.0,-33.5
2025-06-11 10:45:00,M0032,OP0019,T00289,,,3.33,16.63,0.2,0.04,0.33,3.0,16.63,25.0,-33.5
2025-06-11 10:57:00,M0032,OP0019,T00289,,,3.33,16.63,0.2,0.06,0.33,3.0,16.63,25.0,-33.5
2025-06-11 11:09:00,M0032,OP0019,T00289,,,3.33,16.63,0.2,0.05,0.33,3.0,16.63,25.0,-33.5
2025-08-14 08:50:00,M0003,OP0046,T00290,595.1,,4.25,21.27,0.2,0.06,0.19,4.06,21.27,25.0,-14.9
2025-08-14 09:02:00,M0003,OP0046,T00290,,,4.25,21.27,0.2,0.06,0.19,4.06,21.27,25.0,-14.9
2025-08-14 09:14:00,M0003,OP0046,T00290,,,4.25,21.27,0.2,0.04,0.19,4.06,21.27,25.0,-14.9
2025-08-14 09:26:00,M0003,OP0046,T00290,,,4.25,21.27,0.2,0.06,0.19,4.06,21.27,25.0,-14.9
2025-08-14 09:38:00,M0003,OP0046,T00290,,,4.25,21.27,0.2,0.04,0.19,4.06,21.27,25.0,-14.9
2025-08-14 09:50:00,M0003,OP0046,T00290,,,4.25,21.27,0.2,0.05,0.19,4.06,21.27,25.0,-14.9
2025-08-14 10:02:00,M0003,OP0046,T00290,,,4.25,21.27,0.2,0.06,0.19,4.06,21.27,25.0,-14.9
2025-08-14 10:14:00,M0003,OP0046,T00290,,,4.25,21.27,0.2,0.06,0.19,4.06,21.27,25.0,-14.9
2025-08-14 10:26:00,M0003,OP0046,T00290,,,4.25,21.27,0.2,0.06,0.19,4.06,21.27,25.0,-14.9
2025-08-14 10:38:00,M0003,OP0046,T00290,,,4.25,21.27,0.2,0.03,0.19,4.06,21.27,25.0,-14.9
2025-08-14 10:50:00,M0003,OP0046,T00290,,,4.25,21.27,0.2,0.06,0.19,4.06,21.27,25.0,-14.9
2025-08-14 11:02:00,M0003,OP0046,T00290,,,4.25,21.27,0.2,0.04,0.19,4.06,21.27,25.0,-14.9
2025-08-14 11:14:00,M0003,OP0046,T00290,,,4.25,21.27,0.2,0.05,0.19,4.06,21.27,25.0,-14.9
2025-08-14 11:26:00,M0003,OP0046,T00290,,,4.25,21.27,0.2,0.04,0.19,4.06,21.27,25.0,-14.9
2025-08-14 11:38:00,M0003,OP0046,T00290,,,4.25,21.27,0.2,0.05,0.19,4.06,21.27,25.0,-14.9
2025-08-14 11:50:00,M0003,OP0046,T00290,,,4.25,21.27,0.2,0.06,0.19,4.06,21.27,25.0,-14.9
2025-08-14 12:02:00,M0003,OP0046,T00290,,,4.25,21.27,0.2,0.06,0.19,4.06,21.27,25.0,-14.9
2025-08-14 12:14:00,M0003,OP0046,T00290,,,4.25,21.27,0.2,0.06,0.19,4.06,21.27,25.0,-14.9
2025-08-14 12:26:00,M0003,OP0046,T00290,,,4.25,21.27,0.2,0.04,0.19,4.06,21.27,25.0,-14.9
2025-08-14 12:38:00,M0003,OP0046,T00290,,,4.25,21.27,0.2,0.04,0.19,4.06,21.27,25.0,-14.9
2025-02-05 14:42:00,M0039,OP0030,T00291,650.8,,2.88,14.41,0.2,0.02,0.17,2.71,14.41,20.0,-28.0
2025-02-05 14:54:00,M0039,OP0030,T00291,,,2.88,14.41,0.2,0.03,0.17,2.71,14.41,20.0,-28.0
2025-02-05 15:06:00,M0039,OP0030,T00291,,,2.88,14.41,0.2,0.02,0.17,2.71,14.41,20.0,-28.0
2025-02-05 15:18:00,M0039,OP0030,T00291,,,2.88,14.41,0.2,0.03,0.17,2.71,14.41,20.0,-28.0
2025-02-05 15:30:00,M0039,OP0030,T00291,,,2.88,14.41,0.2,0.02,0.17,2.71,14.41,20.0,-28.0
2025-02-05 15:42:00,M0039,OP0030,T00291,,,2.88,14.41,0.2,0.03,0.17,2.71,14.41,20.0,-28.0
2025-02-05 15:54:00,M0039,OP0030,T00291,,,2.88,14.41,0.2,0.03,0.17,2.71,14.41,20.0,-28.0
2025-02-05 16:06:00,M0039,OP0030,T00291,,,2.88,14.41,0.2,0.03,0.17,2.71,14.41,20.0,-28.0
2025-02-05 16:18:00,M0039,OP0030,T00291,,,2.88,14.41,0.2,0.02,0.17,2.71,14.41,20.0,-28.0
2025-02-05 16:30:00,M0039,OP0030,T00291,,,2.88,14.41,0.2,0.03,0.17,2.71,14.41,20.0,-28.0
2025-02-05 16:42:00,M0039,OP0030,T00291,,,2.88,14.41,0.2,0.03,0.17,2.71,14.41,20.0,-28.0
2025-02-05 16:54:00,M0039,OP0030,T00291,,,2.88,14.41,0.2,0.03,0.17,2.71,14.41,20.0,-28.0
2025-02-05 17:06:00,M0039,OP0030,T00291,,,2.88,14.41,0.2,0.03,0.17,2.71,14.41,20.0,-28.0
2025-02-05 17:18:00,M0039,OP0030,T00291,,,2.88,14.41,0.2,0.03,0.17,2.71,14.41,20.0,-28.0
2025-02-05 17:30:00,M0039,OP0030,T00291,,,2.88,14.41,0.2,0.03,0.17,2.71,14.41,20.0,-28.0
2025-02-05 17:42:00,M0039,OP0030,T00291,,,2.88,14.41,0.2,0.03,0.17,2.71,14.41,20.0,-28.0
2025-02-05 17:54:00,M0039,OP0030,T00291,,,2.88,14.41,0.2,0.03,0.17,2.71,14.41,20.0,-28.0
2025-02-05 18:06:00,M0039,OP0030,T00291,,,2.88,14.41,0.2,0.02,0.17,2.71,14.41,20.0,-28.0
2025-02-05 18:18:00,M0039,OP0030,T00291,,,2.88,14.41,0.2,0.02,0.17,2.71,14.41,20.0,-28.0
2025-02-05 18:30:00,M0039,OP0030,T00291,,,2.88,14.41,0.2,0.03,0.17,2.71,14.41,20.0,-28.0
2025-01-23 09:03:00,M0021,OP0025,T00292,274.4,,1.96,9.8,0.2,0.02,0.17,1.79,9.8,14.5,-32.4
2025-01-23 09:15:00,M0021,OP0025,T00292,,,1.96,9.8,0.2,0.02,0.17,1.79,9.8,14.5,-32.4
2025-01-23 09:27:00,M0021,OP0025,T00292,,,1.96,9.8,0.2,0.04,0.17,1.79,9.8,14.5,-32.4
2025-01-23 09:39:00,M0021,OP0025,T00292,,,1.96,9.8,0.2,0.02,0.17,1.79,9.8,14.5,-32.4
2025-01-23 09:51:00,M0021,OP0025,T00292,,,1.96,9.8,0.2,0.02,0.17,1.79,9.8,14.5,-32.4
2025-01-23 10:03:00,M0021,OP0025,T00292,,,1.96,9.8,0.2,0.02,0.17,1.79,9.8,14.5,-32.4
2025-01-23 10:15:00,M0021,OP0025,T00292,,,1.96,9.8,0.2,0.03,0.17,1.79,9.8,14.5,-32.4
2025-01-23 10:27:00,M0021,OP0025,T00292,,,1.96,9.8,0.2,0.04,0.17,1.79,9.8,14.5,-32.4
2025-01-23 10:39:00,M0021,OP0025,T00292,,,1.96,9.8,0.2,0.02,0.17,1.79,9.8,14.5,-32.4
2025-01-23 10:51:00,M0021,OP0025,T00292,,,1.96,9.8,0.2,0.03,0.17,1.79,9.8,14.5,-32.4
2025-01-23 11:03:00,M0021,OP0025,T00292,,,1.96,9.8,0.2,0.03,0.17,1.79,9.8,14.5,-32.4
2025-01-23 11:15:00,M0021,OP0025,T00292,,,1.96,9.8,0.2,0.03,0.17,1.79,9.8,14.5,-32.4
2025-01-23 11:27:00,M0021,OP0025,T00292,,,1.96,9.8,0.2,0.03,0.17,1.79,9.8,14.5,-32.4
2025-01-23 11:39:00,M0021,OP0025,T00292,,,1.96,9.8,0.2,0.04,0.17,1.79,9.8,14.5,-32.4
2025-01-23 11:51:00,M0021,OP0025,T00292,,,1.96,9.8,0.2,0.04,0.17,1.79,9.8,14.5,-32.4
2025-01-23 12:03:00,M0021,OP0025,T00292,,,1.96,9.8,0.2,0.02,0.17,1.79,9.8,14.5,-32.4
2025-01-23 12:15:00,M0021,OP0025,T00292,,,1.96,9.8,0.2,0.04,0.17,1.79,9.8,14.5,-32.4
2025-01-23 12:27:00,M0021,OP0025,T00292,,,1.96,9.8,0.2,0.04,0.17,1.79,9.8,14.5,-32.4
2025-01-23 12:39:00,M0021,OP0025,T00292,,,1.96,9.8,0.2,0.02,0.17,1.79,9.8,14.5,-32.4
2025-01-23 12:51:00,M0021,OP0025,T00292,,,1.96,9.8,0.2,0.04,0.17,1.79,9.8,14.5,-32.4
2025-09-05 10:22:00,M0006,OP0010,T00293,135.8,,1.77,8.85,0.2,0.03,0.1,1.67,8.85,10.5,-15.7
2025-09-05 10:34:00,M0006,OP0010,T00293,,,1.77,8.85,0.2,0.04,0.1,1.67,8.85,10.5,-15.7
2025-09-05 10:46:00,M0006,OP0010,T00293,,,1.77,8.85,0.2,0.02,0.1,1.67,8.85,10.5,-15.7
2025-09-05 10:58:00,M0006,OP0010,T00293,,,1.77,8.85,0.2,0.04,0.1,1.67,8.85,10.5,-15.7
2025-09-05 11:10:00,M0006,OP0010,T00293,,,1.77,8.85,0.2,0.02,0.1,1.67,8.85,10.5,-15.7
2025-09-05 11:22:00,M0006,OP0010,T00293,,,1.77,8.85,0.2,0.04,0.1,1.67,8.85,10.5,-15.7
2025-09-05 11:34:00,M0006,OP0010,T00293,,,1.77,8.85,0.2,0.04,0.1,1.67,8.85,10.5,-15.7
2025-09-05 11:46:00,M0006,OP0010,T00293,,,1.77,8.85,0.2,0.03,0.1,1.67,8.85,10.5,-15.7
2025-09-05 11:58:00,M0006,OP0010,T00293,,,1.77,8.85,0.2,0.04,0.1,1.67,8.85,10.5,-15.7
2025-09-05 12:10:00,M0006,OP0010,T00293,,,1.77,8.85,0.2,0.04,0.1,1.67,8.85,10.5,-15.7
2025-09-05 12:22:00,M0006,OP0010,T00293,,,1.77,8.85,0.2,0.03,0.1,1.67,8.85,10.5,-15.7
2025-09-05 12:34:00,M0006,OP0010,T00293,,,1.77,8.85,0.2,0.03,0.1,1.67,8.85,10.5,-15.7
2025-09-05 12:46:00,M0006,OP0010,T00293,,,1.77,8.85,0.2,0.03,0.1,1.67,8.85,10.5,-15.7
2025-09-05 12:58:00,M0006,OP0010,T00293,,,1.77,8.85,0.2,0.03,0.1,1.67,8.85,10.5,-15.7
2025-09-05 13:10:00,M0006,OP0010,T00293,,,1.77,8.85,0.2,0.04,0.1,1.67,8.85,10.5,-15.7
2025-09-05 13:22:00,M0006,OP0010,T00293,,,1.77,8.85,0.2,0.04,0.1,1.67,8.85,10.5,-15.7
2025-09-05 13:34:00,M0006,OP0010,T00293,,,1.77,8.85,0.2,0.03,0.1,1.67,8.85,10.5,-15.7
2025-09-05 13:46:00,M0006,OP0010,T00293,,,1.77,8.85,0.2,0.03,0.1,1.67,8.85,10.5,-15.7
2025-09-05 13:58:00,M0006,OP0010,T00293,,,1.77,8.85,0.2,0.03,0.1,1.67,8.85,10.5,-15.7
2025-09-05 14:10:00,M0006,OP0010,T00293,,,1.77,8.85,0.2,0.02,0.1,1.67,8.85,10.5,-15.7
2025-09-12 06:52:00,M0022,OP0020,T00294,376.8,,4.09,20.46,0.2,0.05,0.16,3.93,20.46,28.0,-26.9
2025-09-12 07:04:00,M0022,OP0020,T00294,,,4.09,20.46,0.2,0.05,0.16,3.93,20.46,28.0,-26.9
2025-09-12 07:16:00,M0022,OP0020,T00294,,,4.09,20.46,0.2,0.06,0.16,3.93,20.46,28.0,-26.9
2025-09-12 07:28:00,M0022,OP0020,T00294,,,4.09,20.46,0.2,0.07,0.16,3.93,20.46,28.0,-26.9
2025-09-12 07:40:00,M0022,OP0020,T00294,,,4.09,20.46,0.2,0.04,0.16,3.93,20.46,28.0,-26.9
2025-09-12 07:52:00,M0022,OP0020,T00294,,,4.09,20.46,0.2,0.05,0.16,3.93,20.46,28.0,-26.9
2025-09-12 08:04:00,M0022,OP0020,T00294,,,4.09,20.46,0.2,0.06,0.16,3.93,20.46,28.0,-26.9
2025-09-12 08:16:00,M0022,OP0020,T00294,,,4.09,20.46,0.2,0.06,0.16,3.93,20.46,28.0,-26.9
2025-09-12 08:28:00,M0022,OP0020,T00294,,,4.09,20.46,0.2,0.07,0.16,3.93,20.46,28.0,-26.9
2025-09-12 08:40:00,M0022,OP0020,T00294,,,4.09,20.46,0.2,0.07,0.16,3.93,20.46,28.0,-26.9
2025-09-12 08:52:00,M0022,OP0020,T00294,,,4.09,20.46,0.2,0.05,0.16,3.93,20.46,28.0,-26.9
2025-09-12 09:04:00,M0022,OP0020,T00294,,,4.09,20.46,0.2,0.07,0.16,3.93,20.46,28.0,-26.9
2025-09-12 09:16:00,M0022,OP0020,T00294,,,4.09,20.46,0.2,0.06,0.16,3.93,20.46,28.0,-26.9
2025-09-12 09:28:00,M0022,OP0020,T00294,,,4.09,20.46,0.2,0.07,0.16,3.93,20.46,28.0,-26.9
2025-09-12 09:40:00,M0022,OP0020,T00294,,,4.09,20.46,0.2,0.04,0.16,3.93,20.46,28.0,-26.9
2025-09-12 09:52:00,M0022,OP0020,T00294,,,4.09,20.46,0.2,0.07,0.16,3.93,20.46,28.0,-26.9
2025-09-12 10:04:00,M0022,OP0020,T00294,,,4.09,20.46,0.2,0.04,0.16,3.93,20.46,28.0,-26.9
2025-09-12 10:16:00,M0022,OP0020,T00294,,,4.09,20.46,0.2,0.05,0.16,3.93,20.46,28.0,-26.9
2025-09-12 10:28:00,M0022,OP0020,T00294,,,4.09,20.46,0.2,0.07,0.16,3.93,20.46,28.0,-26.9
2025-09-12 10:40:00,M0022,OP0020,T00294,,,4.09,20.46,0.2,0.04,0.16,3.93,20.46,28.0,-26.9
2025-09-03 06:44:00,M0037,OP0042,T00296,320.6,,1.86,9.29,0.2,0.04,0.08,1.77,9.29,12.0,-22.6
2025-09-03 06:56:00,M0037,OP0042,T00296,,,1.86,9.29,0.2,0.03,0.08,1.77,9.29,12.0,-22.6
2025-09-03 07:08:00,M0037,OP0042,T00296,,,1.86,9.29,0.2,0.04,0.08,1.77,9.29,12.0,-22.6
2025-09-03 07:20:00,M0037,OP0042,T00296,,,1.86,9.29,0.2,0.04,0.08,1.77,9.29,12.0,-22.6
2025-09-03 07:32:00,M0037,OP0042,T00296,,,1.86,9.29,0.2,0.04,0.08,1.77,9.29,12.0,-22.6
2025-09-03 07:44:00,M0037,OP0042,T00296,,,1.86,9.29,0.2,0.04,0.08,1.77,9.29,12.0,-22.6
2025-09-03 07:56:00,M0037,OP0042,T00296,,,1.86,9.29,0.2,0.04,0.08,1.77,9.29,12.0,-22.6
2025-09-03 08:08:00,M0037,OP0042,T00296,,,1.86,9.29,0.2,0.04,0.08,1.77,9.29,12.0,-22.6
2025-09-03 08:20:00,M0037,OP0042,T00296,,,1.86,9.29,0.2,0.04,0.08,1.77,9.29,12.0,-22.6
2025-09-03 08:32:00,M0037,OP0042,T00296,,,1.86,9.29,0.2,0.03,0.08,1.77,9.29,12.0,-22.6
2025-09-03 08:44:00,M0037,OP0042,T00296,,,1.86,9.29,0.2,0.05,0.08,1.77,9.29,12.0,-22.6
2025-09-03 08:56:00,M0037,OP0042,T00296,,,1.86,9.29,0.2,0.04,0.08,1.77,9.29,12.0,-22.6
2025-09-03 09:08:00,M0037,OP0042,T00296,,,1.86,9.29,0.2,0.04,0.08,1.77,9.29,12.0,-22.6
2025-09-03 09:20:00,M0037,OP0042,T00296,,,1.86,9.29,0.2,0.03,0.08,1.77,9.29,12.0,-22.6
2025-09-03 09:32:00,M0037,OP0042,T00296,,,1.86,9.29,0.2,0.04,0.08,1.77,9.29,12.0,-22.6
2025-09-03 09:44:00,M0037,OP0042,T00296,,,1.86,9.29,0.2,0.04,0.08,1.77,9.29,12.0,-22.6
2025-09-03 09:56:00,M0037,OP0042,T00296,,,1.86,9.29,0.2,0.03,0.08,1.77,9.29,12.0,-22.6
2025-09-03 10:08:00,M0037,OP0042,T00296,,,1.86,9.29,0.2,0.04,0.08,1.77,9.29,12.0,-22.6
2025-09-03 10:20:00,M0037,OP0042,T00296,,,1.86,9.29,0.2,0.05,0.08,1.77,9.29,12.0,-22.6
2025-09-03 10:32:00,M0037,OP0042,T00296,,,1.86,9.29,0.2,0.05,0.08,1.77,9.29,12.0,-22.6
2025-04-27 11:46:00,M0011,OP0046,T00297,183.1,,1.6,7.98,0.2,0.04,0.11,1.49,7.98,10.5,-24.0
2025-04-27 11:58:00,M0011,OP0046,T00297,,,1.6,7.98,0.2,0.04,0.11,1.49,7.98,10.5,-24.0
2025-04-27 12:10:00,M0011,OP0046,T00297,,,1.6,7.98,0.2,0.03,0.11,1.49,7.98,10.5,-24.0
2025-04-27 12:22:00,M0011,OP0046,T00297,,,1.6,7.98,0.2,0.06,0.11,1.49,7.98,10.5,-24.0
2025-04-27 12:34:00,M0011,OP0046,T00297,,,1.6,7.98,0.2,0.04,0.11,1.49,7.98,10.5,-24.0
2025-04-27 12:46:00,M0011,OP0046,T00297,,,1.6,7.98,0.2,0.03,0.11,1.49,7.98,10.5,-24.0
2025-04-27 12:58:00,M0011,OP0046,T00297,,,1.6,7.98,0.2,0.04,0.11,1.49,7.98,10.5,-24.0
2025-04-27 13:10:00,M0011,OP0046,T00297,,,1.6,7.98,0.2,0.04,0.11,1.49,7.98,10.5,-24.0
2025-04-27 13:22:00,M0011,OP0046,T00297,,,1.6,7.98,0.2,0.05,0.11,1.49,7.98,10.5,-24.0
2025-04-27 13:34:00,M0011,OP0046,T00297,,,1.6,7.98,0.2,0.04,0.11,1.49,7.98,10.5,-24.0
2025-04-27 13:46:00,M0011,OP0046,T00297,,,1.6,7.98,0.2,0.05,0.11,1.49,7.98,10.5,-24.0
2025-04-27 13:58:00,M0011,OP0046,T00297,,,1.6,7.98,0.2,0.05,0.11,1.49,7.98,10.5,-24.0
2025-04-27 14:10:00,M0011,OP0046,T00297,,,1.6,7.98,0.2,0.04,0.11,1.49,7.98,10.5,-24.0
2025-04-27 14:22:00,M0011,OP0046,T00297,,,1.6,7.98,0.2,0.05,0.11,1.49,7.98,10.5,-24.0
2025-04-27 14:34:00,M0011,OP0046,T00297,,,1.6,7.98,0.2,0.05,0.11,1.49,7.98,10.5,-24.0
2025-04-27 14:46:00,M0011,OP0046,T00297,,,1.6,7.98,0.2,0.05,0.11,1.49,7.98,10.5,-24.0
2025-04-27 14:58:00,M0011,OP0046,T00297,,,1.6,7.98,0.2,0.05,0.11,1.49,7.98,10.5,-24.0
2025-04-27 15:10:00,M0011,OP0046,T00297,,,1.6,7.98,0.2,0.05,0.11,1.49,7.98,10.5,-24.0
2025-04-27 15:22:00,M0011,OP0046,T00297,,,1.6,7.98,0.2,0.05,0.11,1.49,7.98,10.5,-24.0
2025-04-27 15:34:00,M0011,OP0046,T00297,,,1.6,7.98,0.2,0.04,0.11,1.49,7.98,10.5,-24.0
2025-04-24 08:56:00,M0026,OP0020,T00299,302.3,,1.79,8.94,0.2,0.03,0.18,1.61,8.94,14.5,-38.3
2025-04-24 09:08:00,M0026,OP0020,T00299,,,1.79,8.94,0.2,0.04,0.18,1.61,8.94,14.5,-38.3
2025-04-24 09:20:00,M0026,OP0020,T00299,,,1.79,8.94,0.2,0.05,0.18,1.61,8.94,14.5,-38.3
2025-04-24 09:32:00,M0026,OP0020,T00299,,,1.79,8.94,0.2,0.05,0.18,1.61,8.94,14.5,-38.3
2025-04-24 09:44:00,M0026,OP0020,T00299,,,1.79,8.94,0.2,0.05,0.18,1.61,8.94,14.5,-38.3
2025-04-24 09:56:00,M0026,OP0020,T00299,,,1.79,8.94,0.2,0.03,0.18,1.61,8.94,14.5,-38.3
2025-04-24 10:08:00,M0026,OP0020,T00299,,,1.79,8.94,0.2,0.05,0.18,1.61,8.94,14.5,-38.3
2025-04-24 10:20:00,M0026,OP0020,T00299,,,1.79,8.94,0.2,0.03,0.18,1.61,8.94,14.5,-38.3
2025-04-24 10:32:00,M0026,OP0020,T00299,,,1.79,8.94,0.2,0.05,0.18,1.61,8.94,14.5,-38.3
2025-04-24 10:44:00,M0026,OP0020,T00299,,,1.79,8.94,0.2,0.04,0.18,1.61,8.94,14.5,-38.3
2025-04-24 10:56:00,M0026,OP0020,T00299,,,1.79,8.94,0.2,0.04,0.18,1.61,8.94,14.5,-38.3
2025-04-24 11:08:00,M0026,OP0020,T00299,,,1.79,8.94,0.2,0.04,0.18,1.61,8.94,14.5,-38.3
2025-04-24 11:20:00,M0026,OP0020,T00299,,,1.79,8.94,0.2,0.03,0.18,1.61,8.94,14.5,-38.3
2025-04-24 11:32:00,M0026,OP0020,T00299,,,1.79,8.94,0.2,0.06,0.18,1.61,8.94,14.5,-38.3
2025-04-24 11:44:00,M0026,OP0020,T00299,,,1.79,8.94,0.2,0.04,0.18,1.61,8.94,14.5,-38.3
2025-04-24 11:56:00,M0026,OP0020,T00299,,,1.79,8.94,0.2,0.04,0.18,1.61,8.94,14.5,-38.3
2025-04-24 12:08:00,M0026,OP0020,T00299,,,1.79,8.94,0.2,0.04,0.18,1.61,8.94,14.5,-38.3
2025-04-24 12:20:00,M0026,OP0020,T00299,,,1.79,8.94,0.2,0.04,0.18,1.61,8.94,14.5,-38.3
2025-04-24 12:32:00,M0026,OP0020,T00299,,,1.79,8.94,0.2,0.05,0.18,1.61,8.94,14.5,-38.3
2025-04-24 12:44:00,M0026,OP0020,T00299,,,1.79,8.94,0.2,0.05,0.18,1.61,8.94,14.5,-38.3
2025-06-01 07:00:00,M0002,OP0029,T00300,487.8,,2.71,13.55,0.2,0.04,0.28,2.43,13.55,19.5,-30.5
2025-06-01 07:12:00,M0002,OP0029,T00300,,,2.71,13.55,0.2,0.06,0.28,2.43,13.55,19.5,-30.5
2025-06-01 07:24:00,M0002,OP0029,T00300,,,2.71,13.55,0.2,0.04,0.28,2.43,13.55,19.5,-30.5
2025-06-01 07:36:00,M0002,OP0029,T00300,,,2.71,13.55,0.2,0.04,0.28,2.43,13.55,19.5,-30.5
2025-06-01 07:48:00,M0002,OP0029,T00300,,,2.71,13.55,0.2,0.05,0.28,2.43,13.55,19.5,-30.5
2025-06-01 08:00:00,M0002,OP0029,T00300,,,2.71,13.55,0.2,0.06,0.28,2.43,13.55,19.5,-30.5
2025-06-01 08:12:00,M0002,OP0029,T00300,,,2.71,13.55,0.2,0.04,0.28,2.43,13.55,19.5,-30.5
2025-06-01 08:24:00,M0002,OP0029,T00300,,,2.71,13.55,0.2,0.06,0.28,2.43,13.55,19.5,-30.5
2025-06-01 08:36:00,M0002,OP0029,T00300,,,2.71,13.55,0.2,0.04,0.28,2.43,13.55,19.5,-30.5
2025-06-01 08:48:00,M0002,OP0029,T00300,,,2.71,13.55,0.2,0.05,0.28,2.43,13.55,19.5,-30.5
2025-06-01 09:00:00,M0002,OP0029,T00300,,,2.71,13.55,0.2,0.04,0.28,2.43,13.55,19.5,-30.5
2025-06-01 09:12:00,M0002,OP0029,T00300,,,2.71,13.55,0.2,0.06,0.28,2.43,13.55,19.5,-30.5
2025-06-01 09:24:00,M0002,OP0029,T00300,,,2.71,13.55,0.2,0.05,0.28,2.43,13.55,19.5,-30.5
2025-06-01 09:36:00,M0002,OP0029,T00300,,,2.71,13.55,0.2,0.03,0.28,2.43,13.55,19.5,-30.5
2025-06-01 09:48:00,M0002,OP0029,T00300,,,2.71,13.55,0.2,0.05,0.28,2.43,13.55,19.5,-30.5
2025-06-01 10:00:00,M0002,OP0029,T00300,,,2.71,13.55,0.2,0.05,0.28,2.43,13.55,19.5,-30.5
2025-06-01 10:12:00,M0002,OP0029,T00300,,,2.71,13.55,0.2,0.05,0.28,2.43,13.55,19.5,-30.5
2025-06-01 10:24:00,M0002,OP0029,T00300,,,2.71,13.55,0.2,0.05,0.28,2.43,13.55,19.5,-30.5
2025-06-01 10:36:00,M0002,OP0029,T00300,,,2.71,13.55,0.2,0.05,0.28,2.43,13.55,19.5,-30.5
2025-06-01 10:48:00,M0002,OP0029,T00300,,,2.71,13.55,0.2,0.05,0.28,2.43,13.55,19.5,-30.5
2025-08-27 13:33:00,M0038,OP0034,T00303,671.8,,3.73,18.65,0.2,0.03,0.13,3.6,18.65,25.0,-25.4
2025-08-27 13:45:00,M0038,OP0034,T00303,,,3.73,18.65,0.2,0.03,0.13,3.6,18.65,25.0,-25.4
2025-08-27 13:57:00,M0038,OP0034,T00303,,,3.73,18.65,0.2,0.03,0.13,3.6,18.65,25.0,-25.4
2025-08-27 14:09:00,M0038,OP0034,T00303,,,3.73,18.65,0.2,0.04,0.13,3.6,18.65,25.0,-25.4
2025-08-27 14:21:00,M0038,OP0034,T00303,,,3.73,18.65,0.2,0.02,0.13,3.6,18.65,25.0,-25.4
2025-08-27 14:33:00,M0038,OP0034,T00303,,,3.73,18.65,0.2,0.03,0.13,3.6,18.65,25.0,-25.4
2025-08-27 14:45:00,M0038,OP0034,T00303,,,3.73,18.65,0.2,0.02,0.13,3.6,18.65,25.0,-25.4
2025-08-27 14:57:00,M0038,OP0034,T00303,,,3.73,18.65,0.2,0.03,0.13,3.6,18.65,25.0,-25.4
2025-08-27 15:09:00,M0038,OP0034,T00303,,,3.73,18.65,0.2,0.03,0.13,3.6,18.65,25.0,-25.4
2025-08-27 15:21:00,M0038,OP0034,T00303,,,3.73,18.65,0.2,0.03,0.13,3.6,18.65,25.0,-25.4
2025-08-27 15:33:00,M0038,OP0034,T00303,,,3.73,18.65,0.2,0.03,0.13,3.6,18.65,25.0,-25.4
2025-08-27 15:45:00,M0038,OP0034,T00303,,,3.73,18.65,0.2,0.03,0.13,3.6,18.65,25.0,-25.4
2025-08-27 15:57:00,M0038,OP0034,T00303,,,3.73,18.65,0.2,0.03,0.13,3.6,18.65,25.0,-25.4
2025-08-27 16:09:00,M0038,OP0034,T00303,,,3.73,18.65,0.2,0.02,0.13,3.6,18.65,25.0,-25.4
2025-08-27 16:21:00,M0038,OP0034,T00303,,,3.73,18.65,0.2,0.02,0.13,3.6,18.65,25.0,-25.4
2025-08-27 16:33:00,M0038,OP0034,T00303,,,3.73,18.65,0.2,0.04,0.13,3.6,18.65,25.0,-25.4
2025-08-27 16:45:00,M0038,OP0034,T00303,,,3.73,18.65,0.2,0.03,0.13,3.6,18.65,25.0,-25.4
2025-08-27 16:57:00,M0038,OP0034,T00303,,,3.73,18.65,0.2,0.03,0.13,3.6,18.65,25.0,-25.4
2025-08-27 17:09:00,M0038,OP0034,T00303,,,3.73,18.65,0.2,0.04,0.13,3.6,18.65,25.0,-25.4
2025-08-27 17:21:00,M0038,OP0034,T00303,,,3.73,18.65,0.2,0.03,0.13,3.6,18.65,25.0,-25.4
2025-04-21 14:41:00,M0033,OP0027,T00304,423.6,,1.76,8.81,0.2,0.04,0.15,1.61,8.81,14.5,-39.2
2025-04-21 14:53:00,M0033,OP0027,T00304,,,1.76,8.81,0.2,0.04,0.15,1.61,8.81,14.5,-39.2
2025-04-21 15:05:00,M0033,OP0027,T00304,,,1.76,8.81,0.2,0.06,0.15,1.61,8.81,14.5,-39.2
2025-04-21 15:17:00,M0033,OP0027,T00304,,,1.76,8.81,0.2,0.03,0.15,1.61,8.81,14.5,-39.2
2025-04-21 15:29:00,M0033,OP0027,T00304,,,1.76,8.81,0.2,0.06,0.15,1.61,8.81,14.5,-39.2
2025-04-21 15:41:00,M0033,OP0027,T00304,,,1.76,8.81,0.2,0.05,0.15,1.61,8.81,14.5,-39.2
2025-04-21 15:53:00,M0033,OP0027,T00304,,,1.76,8.81,0.2,0.04,0.15,1.61,8.81,14.5,-39.2
2025-04-21 16:05:00,M0033,OP0027,T00304,,,1.76,8.81,0.2,0.04,0.15,1.61,8.81,14.5,-39.2
2025-04-21 16:17:00,M0033,OP0027,T00304,,,1.76,8.81,0.2,0.05,0.15,1.61,8.81,14.5,-39.2
2025-04-21 16:29:00,M0033,OP0027,T00304,,,1.76,8.81,0.2,0.06,0.15,1.61,8.81,14.5,-39.2
2025-04-21 16:41:00,M0033,OP0027,T00304,,,1.76,8.81,0.2,0.04,0.15,1.61,8.81,14.5,-39.2
2025-04-21 16:53:00,M0033,OP0027,T00304,,,1.76,8.81,0.2,0.06,0.15,1.61,8.81,14.5,-39.2
2025-04-21 17:05:00,M0033,OP0027,T00304,,,1.76,8.81,0.2,0.06,0.15,1.61,8.81,14.5,-39.2
2025-04-21 17:17:00,M0033,OP0027,T00304,,,1.76,8.81,0.2,0.04,0.15,1.61,8.81,14.5,-39.2
2025-04-21 17:29:00,M0033,OP0027,T00304,,,1.76,8.81,0.2,0.04,0.15,1.61,8.81,14.5,-39.2
2025-04-21 17:41:00,M0033,OP0027,T00304,,,1.76,8.81,0.2,0.04,0.15,1.61,8.81,14.5,-39.2
2025-04-21 17:53:00,M0033,OP0027,T00304,,,1.76,8.81,0.2,0.06,0.15,1.61,8.81,14.5,-39.2
2025-04-21 18:05:00,M0033,OP0027,T00304,,,1.76,8.81,0.2,0.06,0.15,1.61,8.81,14.5,-39.2
2025-04-21 18:17:00,M0033,OP0027,T00304,,,1.76,8.81,0.2,0.04,0.15,1.61,8.81,14.5,-39.2
2025-04-21 18:29:00,M0033,OP0027,T00304,,,1.76,8.81,0.2,0.05,0.15,1.61,8.81,14.5,-39.2
2025-02-02 10:01:00,M0014,OP0003,T00305,519.9,,3.73,18.64,0.2,0.04,0.26,3.47,18.64,28.0,-33.4
2025-02-02 10:13:00,M0014,OP0003,T00305,,,3.73,18.64,0.2,0.03,0.26,3.47,18.64,28.0,-33.4
2025-02-02 10:25:00,M0014,OP0003,T00305,,,3.73,18.64,0.2,0.03,0.26,3.47,18.64,28.0,-33.4
2025-02-02 10:37:00,M0014,OP0003,T00305,,,3.73,18.64,0.2,0.04,0.26,3.47,18.64,28.0,-33.4
2025-02-02 10:49:00,M0014,OP0003,T00305,,,3.73,18.64,0.2,0.05,0.26,3.47,18.64,28.0,-33.4
2025-02-02 11:01:00,M0014,OP0003,T00305,,,3.73,18.64,0.2,0.04,0.26,3.47,18.64,28.0,-33.4
2025-02-02 11:13:00,M0014,OP0003,T00305,,,3.73,18.64,0.2,0.04,0.26,3.47,18.64,28.0,-33.4
2025-02-02 11:25:00,M0014,OP0003,T00305,,,3.73,18.64,0.2,0.04,0.26,3.47,18.64,28.0,-33.4
2025-02-02 11:37:00,M0014,OP0003,T00305,,,3.73,18.64,0.2,0.04,0.26,3.47,18.64,28.0,-33.4
2025-02-02 11:49:00,M0014,OP0003,T00305,,,3.73,18.64,0.2,0.04,0.26,3.47,18.64,28.0,-33.4
2025-02-02 12:01:00,M0014,OP0003,T00305,,,3.73,18.64,0.2,0.04,0.26,3.47,18.64,28.0,-33.4
2025-02-02 12:13:00,M0014,OP0003,T00305,,,3.73,18.64,0.2,0.03,0.26,3.47,18.64,28.0,-33.4
2025-02-02 12:25:00,M0014,OP0003,T00305,,,3.73,18.64,0.2,0.04,0.26,3.47,18.64,28.0,-33.4
2025-02-02 12:37:00,M0014,OP0003,T00305,,,3.73,18.64,0.2,0.03,0.26,3.47,18.64,28.0,-33.4
2025-02-02 12:49:00,M0014,OP0003,T00305,,,3.73,18.64,0.2,0.05,0.26,3.47,18.64,28.0,-33.4
2025-02-02 13:01:00,M0014,OP0003,T00305,,,3.73,18.64,0.2,0.03,0.26,3.47,18.64,28.0,-33.4
2025-02-02 13:13:00,M0014,OP0003,T00305,,,3.73,18.64,0.2,0.03,0.26,3.47,18.64,28.0,-33.4
2025-02-02 13:25:00,M0014,OP0003,T00305,,,3.73,18.64,0.2,0.04,0.26,3.47,18.64,28.0,-33.4
2025-02-02 13:37:00,M0014,OP0003,T00305,,,3.73,18.64,0.2,0.04,0.26,3.47,18.64,28.0,-33.4
2025-02-02 13:49:00,M0014,OP0003,T00305,,,3.73,18.64,0.2,0.05,0.26,3.47,18.64,28.0,-33.4
2025-05-29 09:46:00,M0036,OP0014,T00306,490.2,,3.56,17.78,0.2,0.02,0.24,3.32,17.78,25.0,-28.9
2025-05-29 09:58:00,M0036,OP0014,T00306,,,3.56,17.78,0.2,0.02,0.24,3.32,17.78,25.0,-28.9
2025-05-29 10:10:00,M0036,OP0014,T00306,,,3.56,17.78,0.2,0.02,0.24,3.32,17.78,25.0,-28.9
2025-05-29 10:22:00,M0036,OP0014,T00306,,,3.56,17.78,0.2,0.02,0.24,3.32,17.78,25.0,-28.9
2025-05-29 10:34:00,M0036,OP0014,T00306,,,3.56,17.78,0.2,0.02,0.24,3.32,17.78,25.0,-28.9
2025-05-29 10:46:00,M0036,OP0014,T00306,,,3.56,17.78,0.2,0.02,0.24,3.32,17.78,25.0,-28.9
2025-05-29 10:58:00,M0036,OP0014,T00306,,,3.56,17.78,0.2,0.02,0.24,3.32,17.78,25.0,-28.9
2025-05-29 11:10:00,M0036,OP0014,T00306,,,3.56,17.78,0.2,0.02,0.24,3.32,17.78,25.0,-28.9
2025-05-29 11:22:00,M0036,OP0014,T00306,,,3.56,17.78,0.2,0.02,0.24,3.32,17.78,25.0,-28.9
2025-05-29 11:34:00,M0036,OP0014,T00306,,,3.56,17.78,0.2,0.01,0.24,3.32,17.78,25.0,-28.9
2025-05-29 11:46:00,M0036,OP0014,T00306,,,3.56,17.78,0.2,0.02,0.24,3.32,17.78,25.0,-28.9
2025-05-29 11:58:00,M0036,OP0014,T00306,,,3.56,17.78,0.2,0.02,0.24,3.32,17.78,25.0,-28.9
2025-05-29 12:10:00,M0036,OP0014,T00306,,,3.56,17.78,0.2,0.02,0.24,3.32,17.78,25.0,-28.9
2025-05-29 12:22:00,M0036,OP0014,T00306,,,3.56,17.78,0.2,0.02,0.24,3.32,17.78,25.0,-28.9
2025-05-29 12:34:00,M0036,OP0014,T00306,,,3.56,17.78,0.2,0.02,0.24,3.32,17.78,25.0,-28.9
2025-05-29 12:46:00,M0036,OP0014,T00306,,,3.56,17.78,0.2,0.02,0.24,3.32,17.78,25.0,-28.9
2025-05-29 12:58:00,M0036,OP0014,T00306,,,3.56,17.78,0.2,0.02,0.24,3.32,17.78,25.0,-28.9
2025-05-29 13:10:00,M0036,OP0014,T00306,,,3.56,17.78,0.2,0.01,0.24,3.32,17.78,25.0,-28.9
2025-05-29 13:22:00,M0036,OP0014,T00306,,,3.56,17.78,0.2,0.02,0.24,3.32,17.78,25.0,-28.9
2025-05-29 13:34:00,M0036,OP0014,T00306,,,3.56,17.78,0.2,0.02,0.24,3.32,17.78,25.0,-28.9
2025-07-13 06:40:00,M0020,OP0049,T00307,188.1,,1.71,8.55,0.2,0.06,0.06,1.65,8.55,10.5,-18.6
2025-07-13 06:52:00,M0020,OP0049,T00307,,,1.71,8.55,0.2,0.05,0.06,1.65,8.55,10.5,-18.6
2025-07-13 07:04:00,M0020,OP0049,T00307,,,1.71,8.55,0.2,0.04,0.06,1.65,8.55,10.5,-18.6
2025-07-13 07:16:00,M0020,OP0049,T00307,,,1.71,8.55,0.2,0.05,0.06,1.65,8.55,10.5,-18.6
2025-07-13 07:28:00,M0020,OP0049,T00307,,,1.71,8.55,0.2,0.04,0.06,1.65,8.55,10.5,-18.6
2025-07-13 07:40:00,M0020,OP0049,T00307,,,1.71,8.55,0.2,0.04,0.06,1.65,8.55,10.5,-18.6
2025-07-13 07:52:00,M0020,OP0049,T00307,,,1.71,8.55,0.2,0.06,0.06,1.65,8.55,10.5,-18.6
2025-07-13 08:04:00,M0020,OP0049,T00307,,,1.14,8.55,0.13,0.04,0.04,1.1,8.55,10.5,-18.6
2025-02-23 07:52:00,M0018,OP0007,T00308,429.8,,2.6,12.99,0.2,0.04,0.2,2.4,12.99,20.0,-35.0
2025-02-23 08:04:00,M0018,OP0007,T00308,,,2.6,12.99,0.2,0.05,0.2,2.4,12.99,20.0,-35.0
2025-02-23 08:16:00,M0018,OP0007,T00308,,,2.6,12.99,0.2,0.05,0.2,2.4,12.99,20.0,-35.0
2025-02-23 08:28:00,M0018,OP0007,T00308,,,2.6,12.99,0.2,0.05,0.2,2.4,12.99,20.0,-35.0
2025-02-23 08:40:00,M0018,OP0007,T00308,,,2.6,12.99,0.2,0.05,0.2,2.4,12.99,20.0,-35.0
2025-02-23 08:52:00,M0018,OP0007,T00308,,,2.6,12.99,0.2,0.04,0.2,2.4,12.99,20.0,-35.0
2025-02-23 09:04:00,M0018,OP0007,T00308,,,2.6,12.99,0.2,0.04,0.2,2.4,12.99,20.0,-35.0
2025-02-23 09:16:00,M0018,OP0007,T00308,,,2.6,12.99,0.2,0.04,0.2,2.4,12.99,20.0,-35.0
2025-02-23 09:28:00,M0018,OP0007,T00308,,,2.6,12.99,0.2,0.06,0.2,2.4,12.99,20.0,-35.0
2025-02-23 09:40:00,M0018,OP0007,T00308,,,2.6,12.99,0.2,0.06,0.2,2.4,12.99,20.0,-35.0
2025-02-23 09:52:00,M0018,OP0007,T00308,,,2.6,12.99,0.2,0.06,0.2,2.4,12.99,20.0,-35.0
2025-02-23 10:04:00,M0018,OP0007,T00308,,,2.6,12.99,0.2,0.04,0.2,2.4,12.99,20.0,-35.0
2025-02-23 10:16:00,M0018,OP0007,T00308,,,2.6,12.99,0.2,0.04,0.2,2.4,12.99,20.0,-35.0
2025-02-23 10:28:00,M0018,OP0007,T00308,,,2.6,12.99,0.2,0.04,0.2,2.4,12.99,20.0,-35.0
2025-02-23 10:40:00,M0018,OP0007,T00308,,,2.6,12.99,0.2,0.06,0.2,2.4,12.99,20.0,-35.0
2025-02-23 10:52:00,M0018,OP0007,T00308,,,2.6,12.99,0.2,0.04,0.2,2.4,12.99,20.0,-35.0
2025-02-23 11:04:00,M0018,OP0007,T00308,,,2.6,12.99,0.2,0.03,0.2,2.4,12.99,20.0,-35.0
2025-02-23 11:16:00,M0018,OP0007,T00308,,,2.6,12.99,0.2,0.04,0.2,2.4,12.99,20.0,-35.0
2025-02-23 11:28:00,M0018,OP0007,T00308,,,2.6,12.99,0.2,0.06,0.2,2.4,12.99,20.0,-35.0
2025-02-23 11:40:00,M0018,OP0007,T00308,,,2.6,12.99,0.2,0.06,0.2,2.4,12.99,20.0,-35.0
2025-09-10 10:42:00,M0021,OP0003,T00309,251.3,,2.02,10.12,0.2,0.05,0.11,1.91,10.12,14.5,-30.2
2025-09-10 10:54:00,M0021,OP0003,T00309,,,2.02,10.12,0.2,0.05,0.11,1.91,10.12,14.5,-30.2
2025-09-10 11:06:00,M0021,OP0003,T00309,,,2.02,10.12,0.2,0.03,0.11,1.91,10.12,14.5,-30.2
2025-09-10 11:18:00,M0021,OP0003,T00309,,,2.02,10.12,0.2,0.04,0.11,1.91,10.12,14.5,-30.2
2025-09-10 11:30:00,M0021,OP0003,T00309,,,2.02,10.12,0.2,0.04,0.11,1.91,10.12,14.5,-30.2
2025-09-10 11:42:00,M0021,OP0003,T00309,,,2.02,10.12,0.2,0.05,0.11,1.91,10.12,14.5,-30.2
2025-09-10 11:54:00,M0021,OP0003,T00309,,,2.02,10.12,0.2,0.05,0.11,1.91,10.12,14.5,-30.2
2025-09-10 12:06:00,M0021,OP0003,T00309,,,2.02,10.12,0.2,0.06,0.11,1.91,10.12,14.5,-30.2
2025-09-10 12:18:00,M0021,OP0003,T00309,,,2.02,10.12,0.2,0.04,0.11,1.91,10.12,14.5,-30.2
2025-09-10 12:30:00,M0021,OP0003,T00309,,,2.02,10.12,0.2,0.04,0.11,1.91,10.12,14.5,-30.2
2025-09-10 12:42:00,M0021,OP0003,T00309,,,2.02,10.12,0.2,0.05,0.11,1.91,10.12,14.5,-30.2
2025-09-10 12:54:00,M0021,OP0003,T00309,,,2.02,10.12,0.2,0.05,0.11,1.91,10.12,14.5,-30.2
2025-09-10 13:06:00,M0021,OP0003,T00309,,,2.02,10.12,0.2,0.03,0.11,1.91,10.12,14.5,-30.2
2025-09-10 13:18:00,M0021,OP0003,T00309,,,2.02,10.12,0.2,0.05,0.11,1.91,10.12,14.5,-30.2
2025-09-10 13:30:00,M0021,OP0003,T00309,,,2.02,10.12,0.2,0.04,0.11,1.91,10.12,14.5,-30.2
2025-09-10 13:42:00,M0021,OP0003,T00309,,,2.02,10.12,0.2,0.04,0.11,1.91,10.12,14.5,-30.2
2025-09-10 13:54:00,M0021,OP0003,T00309,,,1.01,10.12,0.1,0.02,0.06,0.96,10.12,14.5,-30.2
2025-02-14 10:18:00,M0039,OP0031,T00310,385.2,,3.65,18.26,0.2,0.0,0.09,3.57,18.26,20.0,-8.7
2025-02-14 10:30:00,M0039,OP0031,T00310,,,3.65,18.26,0.2,0.0,0.09,3.57,18.26,20.0,-8.7
2025-02-14 10:42:00,M0039,OP0031,T00310,,,3.65,18.26,0.2,0.0,0.09,3.57,18.26,20.0,-8.7
2025-02-14 10:54:00,M0039,OP0031,T00310,,,3.65,18.26,0.2,0.0,0.09,3.57,18.26,20.0,-8.7
2025-02-14 11:06:00,M0039,OP0031,T00310,,,3.65,18.26,0.2,0.0,0.09,3.57,18.26,20.0,-8.7
2025-02-14 11:18:00,M0039,OP0031,T00310,,,3.65,18.26,0.2,0.0,0.09,3.57,18.26,20.0,-8.7
2025-02-14 11:30:00,M0039,OP0031,T00310,,,2.43,18.26,0.13,0.0,0.06,2.38,18.26,20.0,-8.7
2025-02-04 14:15:00,M0004,OP0017,T00312,230.6,,2.47,12.35,0.2,0.01,0.14,2.33,12.35,14.5,-14.9
2025-02-04 14:27:00,M0004,OP0017,T00312,,,2.47,12.35,0.2,0.01,0.14,2.33,12.35,14.5,-14.9
2025-02-04 14:39:00,M0004,OP0017,T00312,,,2.47,12.35,0.2,0.01,0.14,2.33,12.35,14.5,-14.9
2025-02-04 14:51:00,M0004,OP0017,T00312,,,2.47,12.35,0.2,0.01,0.14,2.33,12.35,14.5,-14.9
2025-02-04 15:03:00,M0004,OP0017,T00312,,,2.47,12.35,0.2,0.01,0.14,2.33,12.35,14.5,-14.9
2025-02-04 15:15:00,M0004,OP0017,T00312,,,2.47,12.35,0.2,0.01,0.14,2.33,12.35,14.5,-14.9
2025-02-04 15:27:00,M0004,OP0017,T00312,,,2.47,12.35,0.2,0.01,0.14,2.33,12.35,14.5,-14.9
2025-02-04 15:39:00,M0004,OP0017,T00312,,,2.47,12.35,0.2,0.01,0.14,2.33,12.35,14.5,-14.9
2025-02-04 15:51:00,M0004,OP0017,T00312,,,2.47,12.35,0.2,0.01,0.14,2.33,12.35,14.5,-14.9
2025-02-04 16:03:00,M0004,OP0017,T00312,,,2.47,12.35,0.2,0.01,0.14,2.33,12.35,14.5,-14.9
2025-02-04 16:15:00,M0004,OP0017,T00312,,,2.47,12.35,0.2,0.01,0.14,2.33,12.35,14.5,-14.9
2025-02-04 16:27:00,M0004,OP0017,T00312,,,2.47,12.35,0.2,0.01,0.14,2.33,12.35,14.5,-14.9
2025-02-04 16:39:00,M0004,OP0017,T00312,,,2.26,12.35,0.18,0.01,0.13,2.13,12.35,14.5,-14.9
2025-04-26 13:19:00,M0013,OP0050,T00313,184.4,,1.53,7.67,0.2,0.02,0.09,1.44,7.67,10.5,-27.0
2025-04-26 13:31:00,M0013,OP0050,T00313,,,1.53,7.67,0.2,0.02,0.09,1.44,7.67,10.5,-27.0
2025-04-26 13:43:00,M0013,OP0050,T00313,,,1.53,7.67,0.2,0.02,0.09,1.44,7.67,10.5,-27.0
2025-04-26 13:55:00,M0013,OP0050,T00313,,,1.53,7.67,0.2,0.02,0.09,1.44,7.67,10.5,-27.0
2025-04-26 14:07:00,M0013,OP0050,T00313,,,1.53,7.67,0.2,0.02,0.09,1.44,7.67,10.5,-27.0
2025-04-26 14:19:00,M0013,OP0050,T00313,,,1.53,7.67,0.2,0.03,0.09,1.44,7.67,10.5,-27.0
2025-04-26 14:31:00,M0013,OP0050,T00313,,,1.53,7.67,0.2,0.03,0.09,1.44,7.67,10.5,-27.0
2025-04-26 14:43:00,M0013,OP0050,T00313,,,1.53,7.67,0.2,0.02,0.09,1.44,7.67,10.5,-27.0
2025-04-26 14:55:00,M0013,OP0050,T00313,,,1.53,7.67,0.2,0.02,0.09,1.44,7.67,10.5,-27.0
2025-04-26 15:07:00,M0013,OP0050,T00313,,,1.53,7.67,0.2,0.01,0.09,1.44,7.67,10.5,-27.0
2025-04-26 15:19:00,M0013,OP0050,T00313,,,1.53,7.67,0.2,0.02,0.09,1.44,7.67,10.5,-27.0
2025-04-26 15:31:00,M0013,OP0050,T00313,,,1.53,7.67,0.2,0.02,0.09,1.44,7.67,10.5,-27.0
2025-04-26 15:43:00,M0013,OP0050,T00313,,,1.53,7.67,0.2,0.02,0.09,1.44,7.67,10.5,-27.0
2025-04-26 15:55:00,M0013,OP0050,T00313,,,1.53,7.67,0.2,0.01,0.09,1.44,7.67,10.5,-27.0
2025-04-26 16:07:00,M0013,OP0050,T00313,,,0.89,7.67,0.12,0.01,0.05,0.84,7.67,10.5,-27.0
2025-01-20 09:53:00,M0007,OP0028,T00314,227.3,,1.5,7.5,0.2,0.04,0.14,1.36,7.5,12.0,-37.5
2025-01-20 10:05:00,M0007,OP0028,T00314,,,1.5,7.5,0.2,0.05,0.14,1.36,7.5,12.0,-37.5
2025-01-20 10:17:00,M0007,OP0028,T00314,,,1.5,7.5,0.2,0.05,0.14,1.36,7.5,12.0,-37.5
2025-01-20 10:29:00,M0007,OP0028,T00314,,,1.5,7.5,0.2,0.04,0.14,1.36,7.5,12.0,-37.5
2025-01-20 10:41:00,M0007,OP0028,T00314,,,1.5,7.5,0.2,0.06,0.14,1.36,7.5,12.0,-37.5
2025-01-20 10:53:00,M0007,OP0028,T00314,,,1.5,7.5,0.2,0.04,0.14,1.36,7.5,12.0,-37.5
2025-01-20 11:05:00,M0007,OP0028,T00314,,,1.5,7.5,0.2,0.07,0.14,1.36,7.5,12.0,-37.5
2025-01-20 11:17:00,M0007,OP0028,T00314,,,1.5,7.5,0.2,0.06,0.14,1.36,7.5,12.0,-37.5
2025-01-20 11:29:00,M0007,OP0028,T00314,,,1.5,7.5,0.2,0.06,0.14,1.36,7.5,12.0,-37.5
2025-01-20 11:41:00,M0007,OP0028,T00314,,,1.5,7.5,0.2,0.04,0.14,1.36,7.5,12.0,-37.5
2025-01-20 11:53:00,M0007,OP0028,T00314,,,1.5,7.5,0.2,0.04,0.14,1.36,7.5,12.0,-37.5
2025-01-20 12:05:00,M0007,OP0028,T00314,,,1.5,7.5,0.2,0.04,0.14,1.36,7.5,12.0,-37.5
2025-01-20 12:17:00,M0007,OP0028,T00314,,,1.5,7.5,0.2,0.05,0.14,1.36,7.5,12.0,-37.5
2025-01-20 12:29:00,M0007,OP0028,T00314,,,1.5,7.5,0.2,0.06,0.14,1.36,7.5,12.0,-37.5
2025-01-20 12:41:00,M0007,OP0028,T00314,,,1.5,7.5,0.2,0.06,0.14,1.36,7.5,12.0,-37.5
2025-01-20 12:53:00,M0007,OP0028,T00314,,,1.5,7.5,0.2,0.04,0.14,1.36,7.5,12.0,-37.5
2025-01-20 13:05:00,M0007,OP0028,T00314,,,1.5,7.5,0.2,0.06,0.14,1.36,7.5,12.0,-37.5
2025-01-20 13:17:00,M0007,OP0028,T00314,,,1.5,7.5,0.2,0.06,0.14,1.36,7.5,12.0,-37.5
2025-01-20 13:29:00,M0007,OP0028,T00314,,,1.5,7.5,0.2,0.06,0.14,1.36,7.5,12.0,-37.5
2025-01-20 13:41:00,M0007,OP0028,T00314,,,1.5,7.5,0.2,0.06,0.14,1.36,7.5,12.0,-37.5
2025-06-04 15:09:00,M0016,OP0023,T00315,223.7,,2.01,10.05,0.2,0.03,0.1,1.91,10.05,12.0,-16.2
2025-06-04 15:21:00,M0016,OP0023,T00315,,,2.01,10.05,0.2,0.05,0.1,1.91,10.05,12.0,-16.2
2025-06-04 15:33:00,M0016,OP0023,T00315,,,2.01,10.05,0.2,0.03,0.1,1.91,10.05,12.0,-16.2
2025-06-04 15:45:00,M0016,OP0023,T00315,,,2.01,10.05,0.2,0.03,0.1,1.91,10.05,12.0,-16.2
2025-06-04 15:57:00,M0016,OP0023,T00315,,,2.01,10.05,0.2,0.04,0.1,1.91,10.05,12.0,-16.2
2025-06-04 16:09:00,M0016,OP0023,T00315,,,2.01,10.05,0.2,0.04,0.1,1.91,10.05,12.0,-16.2
2025-06-04 16:21:00,M0016,OP0023,T00315,,,2.01,10.05,0.2,0.03,0.1,1.91,10.05,12.0,-16.2
2025-06-04 16:33:00,M0016,OP0023,T00315,,,2.01,10.05,0.2,0.03,0.1,1.91,10.05,12.0,-16.2
2025-06-04 16:45:00,M0016,OP0023,T00315,,,2.01,10.05,0.2,0.04,0.1,1.91,10.05,12.0,-16.2
2025-06-04 16:57:00,M0016,OP0023,T00315,,,2.01,10.05,0.2,0.04,0.1,1.91,10.05,12.0,-16.2
2025-06-04 17:09:00,M0016,OP0023,T00315,,,2.01,10.05,0.2,0.04,0.1,1.91,10.05,12.0,-16.2
2025-06-04 17:21:00,M0016,OP0023,T00315,,,2.01,10.05,0.2,0.04,0.1,1.91,10.05,12.0,-16.2
2025-06-04 17:33:00,M0016,OP0023,T00315,,,2.01,10.05,0.2,0.03,0.1,1.91,10.05,12.0,-16.2
2025-06-04 17:45:00,M0016,OP0023,T00315,,,2.01,10.05,0.2,0.04,0.1,1.91,10.05,12.0,-16.2
2025-06-04 17:57:00,M0016,OP0023,T00315,,,2.01,10.05,0.2,0.04,0.1,1.91,10.05,12.0,-16.2
2025-06-04 18:09:00,M0016,OP0023,T00315,,,2.01,10.05,0.2,0.04,0.1,1.91,10.05,12.0,-16.2
2025-06-04 18:21:00,M0016,OP0023,T00315,,,2.01,10.05,0.2,0.04,0.1,1.91,10.05,12.0,-16.2
2025-06-04 18:33:00,M0016,OP0023,T00315,,,2.01,10.05,0.2,0.04,0.1,1.91,10.05,12.0,-16.2
2025-06-04 18:45:00,M0016,OP0023,T00315,,,2.01,10.05,0.2,0.03,0.1,1.91,10.05,12.0,-16.2
2025-06-04 18:57:00,M0016,OP0023,T00315,,,2.01,10.05,0.2,0.04,0.1,1.91,10.05,12.0,-16.2
2025-05-17 12:36:00,M0040,OP0003,T00316,344.7,,3.02,15.12,0.2,0.04,0.12,2.91,15.12,19.5,-22.5
2025-05-17 12:48:00,M0040,OP0003,T00316,,,3.02,15.12,0.2,0.03,0.12,2.91,15.12,19.5,-22.5
2025-05-17 13:00:00,M0040,OP0003,T00316,,,3.02,15.12,0.2,0.05,0.12,2.91,15.12,19.5,-22.5
2025-05-17 13:12:00,M0040,OP0003,T00316,,,3.02,15.12,0.2,0.04,0.12,2.91,15.12,19.5,-22.5
2025-05-17 13:24:00,M0040,OP0003,T00316,,,3.02,15.12,0.2,0.06,0.12,2.91,15.12,19.5,-22.5
2025-05-17 13:36:00,M0040,OP0003,T00316,,,3.02,15.12,0.2,0.06,0.12,2.91,15.12,19.5,-22.5
2025-05-17 13:48:00,M0040,OP0003,T00316,,,3.02,15.12,0.2,0.05,0.12,2.91,15.12,19.5,-22.5
2025-05-17 14:00:00,M0040,OP0003,T00316,,,3.02,15.12,0.2,0.04,0.12,2.91,15.12,19.5,-22.5
2025-05-17 14:12:00,M0040,OP0003,T00316,,,3.02,15.12,0.2,0.06,0.12,2.91,15.12,19.5,-22.5
2025-05-17 14:24:00,M0040,OP0003,T00316,,,3.02,15.12,0.2,0.06,0.12,2.91,15.12,19.5,-22.5
2025-05-17 14:36:00,M0040,OP0003,T00316,,,3.02,15.12,0.2,0.05,0.12,2.91,15.12,19.5,-22.5
2025-05-17 14:48:00,M0040,OP0003,T00316,,,3.02,15.12,0.2,0.03,0.12,2.91,15.12,19.5,-22.5
2025-05-17 15:00:00,M0040,OP0003,T00316,,,3.02,15.12,0.2,0.04,0.12,2.91,15.12,19.5,-22.5
2025-05-17 15:12:00,M0040,OP0003,T00316,,,3.02,15.12,0.2,0.04,0.12,2.91,15.12,19.5,-22.5
2025-05-17 15:24:00,M0040,OP0003,T00316,,,3.02,15.12,0.2,0.06,0.12,2.91,15.12,19.5,-22.5
2025-05-17 15:36:00,M0040,OP0003,T00316,,,1.01,15.12,0.07,0.01,0.04,0.97,15.12,19.5,-22.5
2025-02-27 13:55:00,M0025,OP0026,T00317,490.7,,3.19,15.96,0.2,0.02,0.11,3.08,15.96,19.5,-18.2
2025-02-27 14:07:00,M0025,OP0026,T00317,,,3.19,15.96,0.2,0.02,0.11,3.08,15.96,19.5,-18.2
2025-02-27 14:19:00,M0025,OP0026,T00317,,,3.19,15.96,0.2,0.02,0.11,3.08,15.96,19.5,-18.2
2025-02-27 14:31:00,M0025,OP0026,T00317,,,3.19,15.96,0.2,0.02,0.11,3.08,15.96,19.5,-18.2
2025-02-27 14:43:00,M0025,OP0026,T00317,,,3.19,15.96,0.2,0.02,0.11,3.08,15.96,19.5,-18.2
2025-02-27 14:55:00,M0025,OP0026,T00317,,,3.19,15.96,0.2,0.01,0.11,3.08,15.96,19.5,-18.2
2025-02-27 15:07:00,M0025,OP0026,T00317,,,3.19,15.96,0.2,0.01,0.11,3.08,15.96,19.5,-18.2
2025-02-27 15:19:00,M0025,OP0026,T00317,,,3.19,15.96,0.2,0.02,0.11,3.08,15.96,19.5,-18.2
2025-02-27 15:31:00,M0025,OP0026,T00317,,,3.19,15.96,0.2,0.01,0.11,3.08,15.96,19.5,-18.2
2025-02-27 15:43:00,M0025,OP0026,T00317,,,3.19,15.96,0.2,0.02,0.11,3.08,15.96,19.5,-18.2
2025-02-27 15:55:00,M0025,OP0026,T00317,,,3.19,15.96,0.2,0.02,0.11,3.08,15.96,19.5,-18.2
2025-02-27 16:07:00,M0025,OP0026,T00317,,,3.19,15.96,0.2,0.02,0.11,3.08,15.96,19.5,-18.2
2025-02-27 16:19:00,M0025,OP0026,T00317,,,3.19,15.96,0.2,0.01,0.11,3.08,15.96,19.5,-18.2
2025-02-27 16:31:00,M0025,OP0026,T00317,,,3.19,15.96,0.2,0.02,0.11,3.08,15.96,19.5,-18.2
2025-02-27 16:43:00,M0025,OP0026,T00317,,,3.19,15.96,0.2,0.02,0.11,3.08,15.96,19.5,-18.2
2025-02-27 16:55:00,M0025,OP0026,T00317,,,3.19,15.96,0.2,0.01,0.11,3.08,15.96,19.5,-18.2
2025-02-27 17:07:00,M0025,OP0026,T00317,,,3.19,15.96,0.2,0.02,0.11,3.08,15.96,19.5,-18.2
2025-02-27 17:19:00,M0025,OP0026,T00317,,,3.19,15.96,0.2,0.02,0.11,3.08,15.96,19.5,-18.2
2025-02-27 17:31:00,M0025,OP0026,T00317,,,3.19,15.96,0.2,0.01,0.11,3.08,15.96,19.5,-18.2
2025-02-27 17:43:00,M0025,OP0026,T00317,,,3.19,15.96,0.2,0.02,0.11,3.08,15.96,19.5,-18.2
2025-05-27 14:14:00,M0033,OP0008,T00318,264.4,,2.33,11.66,0.2,0.03,0.32,2.02,11.66,14.5,-19.6
2025-05-27 14:26:00,M0033,OP0008,T00318,,,2.33,11.66,0.2,0.04,0.32,2.02,11.66,14.5,-19.6
2025-05-27 14:38:00,M0033,OP0008,T00318,,,2.33,11.66,0.2,0.03,0.32,2.02,11.66,14.5,-19.6
2025-05-27 14:50:00,M0033,OP0008,T00318,,,2.33,11.66,0.2,0.04,0.32,2.02,11.66,14.5,-19.6
2025-05-27 15:02:00,M0033,OP0008,T00318,,,2.33,11.66,0.2,0.03,0.32,2.02,11.66,14.5,-19.6
2025-05-27 15:14:00,M0033,OP0008,T00318,,,2.33,11.66,0.2,0.05,0.32,2.02,11.66,14.5,-19.6
2025-05-27 15:26:00,M0033,OP0008,T00318,,,2.33,11.66,0.2,0.05,0.32,2.02,11.66,14.5,-19.6
2025-05-27 15:38:00,M0033,OP0008,T00318,,,2.33,11.66,0.2,0.05,0.32,2.02,11.66,14.5,-19.6
2025-05-27 15:50:00,M0033,OP0008,T00318,,,2.33,11.66,0.2,0.04,0.32,2.02,11.66,14.5,-19.6
2025-05-27 16:02:00,M0033,OP0008,T00318,,,2.33,11.66,0.2,0.03,0.32,2.02,11.66,14.5,-19.6
2025-04-27 06:35:00,M0023,OP0023,T00319,320.4,,2.82,14.08,0.2,0.02,0.24,2.58,14.08,19.5,-27.8
2025-04-27 06:47:00,M0023,OP0023,T00319,,,2.82,14.08,0.2,0.03,0.24,2.58,14.08,19.5,-27.8
2025-04-27 06:59:00,M0023,OP0023,T00319,,,2.82,14.08,0.2,0.03,0.24,2.58,14.08,19.5,-27.8
2025-04-27 07:11:00,M0023,OP0023,T00319,,,2.82,14.08,0.2,0.03,0.24,2.58,14.08,19.5,-27.8
2025-04-27 07:23:00,M0023,OP0023,T00319,,,2.82,14.08,0.2,0.03,0.24,2.58,14.08,19.5,-27.8
2025-04-27 07:35:00,M0023,OP0023,T00319,,,2.82,14.08,0.2,0.03,0.24,2.58,14.08,19.5,-27.8
2025-04-27 07:47:00,M0023,OP0023,T00319,,,2.82,14.08,0.2,0.04,0.24,2.58,14.08,19.5,-27.8
2025-04-27 07:59:00,M0023,OP0023,T00319,,,2.82,14.08,0.2,0.03,0.24,2.58,14.08,19.5,-27.8
2025-04-27 08:11:00,M0023,OP0023,T00319,,,2.82,14.08,0.2,0.04,0.24,2.58,14.08,19.5,-27.8
2025-04-27 08:23:00,M0023,OP0023,T00319,,,2.82,14.08,0.2,0.02,0.24,2.58,14.08,19.5,-27.8
2025-04-27 08:35:00,M0023,OP0023,T00319,,,2.82,14.08,0.2,0.03,0.24,2.58,14.08,19.5,-27.8
2025-04-27 08:47:00,M0023,OP0023,T00319,,,2.82,14.08,0.2,0.03,0.24,2.58,14.08,19.5,-27.8
2025-04-27 08:59:00,M0023,OP0023,T00319,,,2.82,14.08,0.2,0.03,0.24,2.58,14.08,19.5,-27.8
2025-04-27 09:11:00,M0023,OP0023,T00319,,,2.82,14.08,0.2,0.04,0.24,2.58,14.08,19.5,-27.8
2025-04-27 09:23:00,M0023,OP0023,T00319,,,2.82,14.08,0.2,0.04,0.24,2.58,14.08,19.5,-27.8
2025-04-27 09:35:00,M0023,OP0023,T00319,,,2.82,14.08,0.2,0.03,0.24,2.58,14.08,19.5,-27.8
2025-04-27 09:47:00,M0023,OP0023,T00319,,,2.82,14.08,0.2,0.03,0.24,2.58,14.08,19.5,-27.8
2025-04-27 09:59:00,M0023,OP0023,T00319,,,2.82,14.08,0.2,0.04,0.24,2.58,14.08,19.5,-27.8
2025-04-27 10:11:00,M0023,OP0023,T00319,,,2.82,14.08,0.2,0.03,0.24,2.58,14.08,19.5,-27.8
2025-04-27 10:23:00,M0023,OP0023,T00319,,,2.82,14.08,0.2,0.03,0.24,2.58,14.08,19.5,-27.8
2025-01-31 07:12:00,M0017,OP0016,T00321,346.5,,2.17,10.84,0.2,0.05,0.19,1.98,10.84,14.5,-25.3
2025-01-31 07:24:00,M0017,OP0016,T00321,,,2.17,10.84,0.2,0.06,0.19,1.98,10.84,14.5,-25.3
2025-01-31 07:36:00,M0017,OP0016,T00321,,,2.17,10.84,0.2,0.05,0.19,1.98,10.84,14.5,-25.3
2025-01-31 07:48:00,M0017,OP0016,T00321,,,2.17,10.84,0.2,0.04,0.19,1.98,10.84,14.5,-25.3
2025-01-31 08:00:00,M0017,OP0016,T00321,,,2.17,10.84,0.2,0.05,0.19,1.98,10.84,14.5,-25.3
2025-01-31 08:12:00,M0017,OP0016,T00321,,,2.17,10.84,0.2,0.06,0.19,1.98,10.84,14.5,-25.3
2025-01-31 08:24:00,M0017,OP0016,T00321,,,2.17,10.84,0.2,0.05,0.19,1.98,10.84,14.5,-25.3
2025-01-31 08:36:00,M0017,OP0016,T00321,,,2.17,10.84,0.2,0.04,0.19,1.98,10.84,14.5,-25.3
2025-01-31 08:48:00,M0017,OP0016,T00321,,,2.17,10.84,0.2,0.04,0.19,1.98,10.84,14.5,-25.3
2025-01-31 09:00:00,M0017,OP0016,T00321,,,2.17,10.84,0.2,0.04,0.19,1.98,10.84,14.5,-25.3
2025-01-31 09:12:00,M0017,OP0016,T00321,,,2.17,10.84,0.2,0.04,0.19,1.98,10.84,14.5,-25.3
2025-01-31 09:24:00,M0017,OP0016,T00321,,,2.17,10.84,0.2,0.05,0.19,1.98,10.84,14.5,-25.3
2025-01-31 09:36:00,M0017,OP0016,T00321,,,2.17,10.84,0.2,0.05,0.19,1.98,10.84,14.5,-25.3
2025-01-31 09:48:00,M0017,OP0016,T00321,,,2.17,10.84,0.2,0.05,0.19,1.98,10.84,14.5,-25.3
2025-01-31 10:00:00,M0017,OP0016,T00321,,,2.17,10.84,0.2,0.05,0.19,1.98,10.84,14.5,-25.3
2025-01-31 10:12:00,M0017,OP0016,T00321,,,2.17,10.84,0.2,0.05,0.19,1.98,10.84,14.5,-25.3
2025-01-31 10:24:00,M0017,OP0016,T00321,,,2.17,10.84,0.2,0.04,0.19,1.98,10.84,14.5,-25.3
2025-01-31 10:36:00,M0017,OP0016,T00321,,,2.17,10.84,0.2,0.06,0.19,1.98,10.84,14.5,-25.3
2025-01-31 10:48:00,M0017,OP0016,T00321,,,2.17,10.84,0.2,0.05,0.19,1.98,10.84,14.5,-25.3
2025-01-31 11:00:00,M0017,OP0016,T00321,,,2.17,10.84,0.2,0.06,0.19,1.98,10.84,14.5,-25.3
2025-06-27 12:55:00,M0026,OP0008,T00323,297.2,,2.89,14.45,0.2,0.04,0.22,2.66,14.45,14.5,-0.4
2025-06-27 13:07:00,M0026,OP0008,T00323,,,2.89,14.45,0.2,0.03,0.22,2.66,14.45,14.5,-0.4
2025-06-27 13:19:00,M0026,OP0008,T00323,,,2.89,14.45,0.2,0.03,0.22,2.66,14.45,14.5,-0.4
2025-06-27 13:31:00,M0026,OP0008,T00323,,,2.89,14.45,0.2,0.04,0.22,2.66,14.45,14.5,-0.4
2025-06-27 13:43:00,M0026,OP0008,T00323,,,2.89,14.45,0.2,0.06,0.22,2.66,14.45,14.5,-0.4
2025-06-27 13:55:00,M0026,OP0008,T00323,,,2.89,14.45,0.2,0.05,0.22,2.66,14.45,14.5,-0.4
2025-06-27 14:07:00,M0026,OP0008,T00323,,,2.89,14.45,0.2,0.04,0.22,2.66,14.45,14.5,-0.4
2025-06-27 14:19:00,M0026,OP0008,T00323,,,2.89,14.45,0.2,0.03,0.22,2.66,14.45,14.5,-0.4
2025-06-27 14:31:00,M0026,OP0008,T00323,,,2.89,14.45,0.2,0.05,0.22,2.66,14.45,14.5,-0.4
2025-06-27 14:43:00,M0026,OP0008,T00323,,,2.89,14.45,0.2,0.05,0.22,2.66,14.45,14.5,-0.4
2025-06-27 14:55:00,M0026,OP0008,T00323,,,2.89,14.45,0.2,0.03,0.22,2.66,14.45,14.5,-0.4
2025-06-27 15:07:00,M0026,OP0008,T00323,,,2.89,14.45,0.2,0.04,0.22,2.66,14.45,14.5,-0.4
2025-06-27 15:19:00,M0026,OP0008,T00323,,,2.89,14.45,0.2,0.03,0.22,2.66,14.45,14.5,-0.4
2025-06-27 15:31:00,M0026,OP0008,T00323,,,2.89,14.45,0.2,0.04,0.22,2.66,14.45,14.5,-0.4
2025-06-27 15:43:00,M0026,OP0008,T00323,,,2.89,14.45,0.2,0.03,0.22,2.66,14.45,14.5,-0.4
2025-06-27 15:55:00,M0026,OP0008,T00323,,,2.89,14.45,0.2,0.04,0.22,2.66,14.45,14.5,-0.4
2025-06-27 16:07:00,M0026,OP0008,T00323,,,2.89,14.45,0.2,0.04,0.22,2.66,14.45,14.5,-0.4
2025-06-27 16:19:00,M0026,OP0008,T00323,,,2.89,14.45,0.2,0.04,0.22,2.66,14.45,14.5,-0.4
2025-06-27 16:31:00,M0026,OP0008,T00323,,,2.89,14.45,0.2,0.03,0.22,2.66,14.45,14.5,-0.4
2025-06-27 16:43:00,M0026,OP0008,T00323,,,2.89,14.45,0.2,0.05,0.22,2.66,14.45,14.5,-0.4
2025-03-04 08:49:00,M0042,OP0008,T00324,385.1,,5.16,25.79,0.2,0.04,0.33,4.83,25.79,25.0,3.2
2025-03-04 09:01:00,M0042,OP0008,T00324,,,5.16,25.79,0.2,0.03,0.33,4.83,25.79,25.0,3.2
2025-03-04 09:13:00,M0042,OP0008,T00324,,,5.16,25.79,0.2,0.03,0.33,4.83,25.79,25.0,3.2
2025-03-04 09:25:00,M0042,OP0008,T00324,,,5.16,25.79,0.2,0.05,0.33,4.83,25.79,25.0,3.2
2025-03-04 09:37:00,M0042,OP0008,T00324,,,5.16,25.79,0.2,0.04,0.33,4.83,25.79,25.0,3.2
2025-03-04 09:49:00,M0042,OP0008,T00324,,,5.16,25.79,0.2,0.03,0.33,4.83,25.79,25.0,3.2
2025-03-04 10:01:00,M0042,OP0008,T00324,,,5.16,25.79,0.2,0.04,0.33,4.83,25.79,25.0,3.2
2025-03-04 10:13:00,M0042,OP0008,T00324,,,5.16,25.79,0.2,0.05,0.33,4.83,25.79,25.0,3.2
2025-03-04 10:25:00,M0042,OP0008,T00324,,,5.16,25.79,0.2,0.04,0.33,4.83,25.79,25.0,3.2
2025-03-04 10:37:00,M0042,OP0008,T00324,,,5.16,25.79,0.2,0.04,0.33,4.83,25.79,25.0,3.2
2025-03-04 10:49:00,M0042,OP0008,T00324,,,5.16,25.79,0.2,0.04,0.33,4.83,25.79,25.0,3.2
2025-03-04 11:01:00,M0042,OP0008,T00324,,,5.16,25.79,0.2,0.05,0.33,4.83,25.79,25.0,3.2
2025-03-04 11:13:00,M0042,OP0008,T00324,,,5.16,25.79,0.2,0.04,0.33,4.83,25.79,25.0,3.2
2025-03-04 11:25:00,M0042,OP0008,T00324,,,5.16,25.79,0.2,0.04,0.33,4.83,25.79,25.0,3.2
2025-03-04 11:37:00,M0042,OP0008,T00324,,,5.16,25.79,0.2,0.03,0.33,4.83,25.79,25.0,3.2
2025-03-04 11:49:00,M0042,OP0008,T00324,,,5.16,25.79,0.2,0.03,0.33,4.83,25.79,25.0,3.2
2025-03-04 12:01:00,M0042,OP0008,T00324,,,5.16,25.79,0.2,0.03,0.33,4.83,25.79,25.0,3.2
2025-03-04 12:13:00,M0042,OP0008,T00324,,,5.16,25.79,0.2,0.03,0.33,4.83,25.79,25.0,3.2
2025-03-04 12:25:00,M0042,OP0008,T00324,,,5.16,25.79,0.2,0.04,0.33,4.83,25.79,25.0,3.2
2025-03-04 12:37:00,M0042,OP0008,T00324,,,5.16,25.79,0.2,0.04,0.33,4.83,25.79,25.0,3.2
2025-08-10 15:35:00,M0026,OP0013,T00326,388.9,,2.19,10.96,0.2,0.01,0.1,2.09,10.96,14.5,-24.4
2025-08-10 15:47:00,M0026,OP0013,T00326,,,2.19,10.96,0.2,0.02,0.1,2.09,10.96,14.5,-24.4
2025-08-10 15:59:00,M0026,OP0013,T00326,,,2.19,10.96,0.2,0.01,0.1,2.09,10.96,14.5,-24.4
2025-08-10 16:11:00,M0026,OP0013,T00326,,,2.19,10.96,0.2,0.01,0.1,2.09,10.96,14.5,-24.4
2025-08-10 16:23:00,M0026,OP0013,T00326,,,2.19,10.96,0.2,0.01,0.1,2.09,10.96,14.5,-24.4
2025-08-10 16:35:00,M0026,OP0013,T00326,,,2.19,10.96,0.2,0.02,0.1,2.09,10.96,14.5,-24.4
2025-08-10 16:47:00,M0026,OP0013,T00326,,,2.19,10.96,0.2,0.01,0.1,2.09,10.96,14.5,-24.4
2025-08-10 16:59:00,M0026,OP0013,T00326,,,2.19,10.96,0.2,0.01,0.1,2.09,10.96,14.5,-24.4
2025-08-10 17:11:00,M0026,OP0013,T00326,,,2.19,10.96,0.2,0.02,0.1,2.09,10.96,14.5,-24.4
2025-08-10 17:23:00,M0026,OP0013,T00326,,,2.19,10.96,0.2,0.02,0.1,2.09,10.96,14.5,-24.4
2025-08-10 17:35:00,M0026,OP0013,T00326,,,2.19,10.96,0.2,0.01,0.1,2.09,10.96,14.5,-24.4
2025-08-10 17:47:00,M0026,OP0013,T00326,,,2.19,10.96,0.2,0.02,0.1,2.09,10.96,14.5,-24.4
2025-08-10 17:59:00,M0026,OP0013,T00326,,,2.19,10.96,0.2,0.01,0.1,2.09,10.96,14.5,-24.4
2025-08-10 18:11:00,M0026,OP0013,T00326,,,2.19,10.96,0.2,0.02,0.1,2.09,10.96,14.5,-24.4
2025-08-10 18:23:00,M0026,OP0013,T00326,,,2.19,10.96,0.2,0.02,0.1,2.09,10.96,14.5,-24.4
2025-08-10 18:35:00,M0026,OP0013,T00326,,,2.19,10.96,0.2,0.02,0.1,2.09,10.96,14.5,-24.4
2025-08-10 18:47:00,M0026,OP0013,T00326,,,2.19,10.96,0.2,0.02,0.1,2.09,10.96,14.5,-24.4
2025-08-10 18:59:00,M0026,OP0013,T00326,,,2.19,10.96,0.2,0.01,0.1,2.09,10.96,14.5,-24.4
2025-08-10 19:11:00,M0026,OP0013,T00326,,,2.19,10.96,0.2,0.02,0.1,2.09,10.96,14.5,-24.4
2025-08-10 19:23:00,M0026,OP0013,T00326,,,2.19,10.96,0.2,0.01,0.1,2.09,10.96,14.5,-24.4
2025-04-29 06:03:00,M0004,OP0031,T00327,233.6,,2.4,12.02,0.2,0.0,0.11,2.29,12.02,14.5,-17.1
2025-04-29 06:15:00,M0004,OP0031,T00327,,,2.4,12.02,0.2,0.0,0.11,2.29,12.02,14.5,-17.1
2025-04-29 06:27:00,M0004,OP0031,T00327,,,2.4,12.02,0.2,0.0,0.11,2.29,12.02,14.5,-17.1
2025-04-29 06:39:00,M0004,OP0031,T00327,,,2.4,12.02,0.2,0.0,0.11,2.29,12.02,14.5,-17.1
2025-04-29 06:51:00,M0004,OP0031,T00327,,,2.4,12.02,0.2,0.0,0.11,2.29,12.02,14.5,-17.1
2025-04-29 07:03:00,M0004,OP0031,T00327,,,2.4,12.02,0.2,0.0,0.11,2.29,12.02,14.5,-17.1
2025-04-29 07:15:00,M0004,OP0031,T00327,,,2.4,12.02,0.2,0.0,0.11,2.29,12.02,14.5,-17.1
2025-04-29 07:27:00,M0004,OP0031,T00327,,,2.4,12.02,0.2,0.0,0.11,2.29,12.02,14.5,-17.1
2025-04-29 07:39:00,M0004,OP0031,T00327,,,2.4,12.02,0.2,0.0,0.11,2.29,12.02,14.5,-17.1
2025-04-29 07:51:00,M0004,OP0031,T00327,,,2.4,12.02,0.2,0.0,0.11,2.29,12.02,14.5,-17.1
2025-04-29 08:03:00,M0004,OP0031,T00327,,,2.4,12.02,0.2,0.0,0.11,2.29,12.02,14.5,-17.1
2025-04-29 08:15:00,M0004,OP0031,T00327,,,2.4,12.02,0.2,0.0,0.11,2.29,12.02,14.5,-17.1
2025-04-29 08:27:00,M0004,OP0031,T00327,,,2.4,12.02,0.2,0.0,0.11,2.29,12.02,14.5,-17.1
2025-04-29 08:39:00,M0004,OP0031,T00327,,,2.4,12.02,0.2,0.0,0.11,2.29,12.02,14.5,-17.1
2025-04-29 08:51:00,M0004,OP0031,T00327,,,2.4,12.02,0.2,0.0,0.11,2.29,12.02,14.5,-17.1
2025-04-29 09:03:00,M0004,OP0031,T00327,,,2.4,12.02,0.2,0.0,0.11,2.29,12.02,14.5,-17.1
2025-04-29 09:15:00,M0004,OP0031,T00327,,,2.4,12.02,0.2,0.0,0.11,2.29,12.02,14.5,-17.1
2025-04-29 09:27:00,M0004,OP0031,T00327,,,2.4,12.02,0.2,0.0,0.11,2.29,12.02,14.5,-17.1
2025-04-29 09:39:00,M0004,OP0031,T00327,,,2.4,12.02,0.2,0.0,0.11,2.29,12.02,14.5,-17.1
2025-04-29 09:51:00,M0004,OP0031,T00327,,,2.4,12.02,0.2,0.0,0.11,2.29,12.02,14.5,-17.1
2025-04-19 09:02:00,M0032,OP0046,T00328,283.1,,3.78,18.89,0.2,0.05,0.28,3.5,18.89,25.0,-24.4
2025-04-19 09:14:00,M0032,OP0046,T00328,,,3.78,18.89,0.2,0.05,0.28,3.5,18.89,25.0,-24.4
2025-04-19 09:26:00,M0032,OP0046,T00328,,,3.78,18.89,0.2,0.06,0.28,3.5,18.89,25.0,-24.4
2025-04-19 09:38:00,M0032,OP0046,T00328,,,3.78,18.89,0.2,0.04,0.28,3.5,18.89,25.0,-24.4
2025-04-19 09:50:00,M0032,OP0046,T00328,,,3.78,18.89,0.2,0.06,0.28,3.5,18.89,25.0,-24.4
2025-04-19 10:02:00,M0032,OP0046,T00328,,,3.78,18.89,0.2,0.05,0.28,3.5,18.89,25.0,-24.4
2025-04-19 10:14:00,M0032,OP0046,T00328,,,3.78,18.89,0.2,0.06,0.28,3.5,18.89,25.0,-24.4
2025-04-19 10:26:00,M0032,OP0046,T00328,,,3.78,18.89,0.2,0.04,0.28,3.5,18.89,25.0,-24.4
2025-04-19 10:38:00,M0032,OP0046,T00328,,,3.78,18.89,0.2,0.04,0.28,3.5,18.89,25.0,-24.4
2025-04-19 10:50:00,M0032,OP0046,T00328,,,3.78,18.89,0.2,0.05,0.28,3.5,18.89,25.0,-24.4
2025-04-19 11:02:00,M0032,OP0046,T00328,,,3.78,18.89,0.2,0.06,0.28,3.5,18.89,25.0,-24.4
2025-04-19 11:14:00,M0032,OP0046,T00328,,,3.78,18.89,0.2,0.07,0.28,3.5,18.89,25.0,-24.4
2025-04-19 11:26:00,M0032,OP0046,T00328,,,3.78,18.89,0.2,0.04,0.28,3.5,18.89,25.0,-24.4
2025-04-19 11:38:00,M0032,OP0046,T00328,,,3.78,18.89,0.2,0.04,0.28,3.5,18.89,25.0,-24.4
2025-04-19 11:50:00,M0032,OP0046,T00328,,,3.78,18.89,0.2,0.05,0.28,3.5,18.89,25.0,-24.4
2025-04-19 12:02:00,M0032,OP0046,T00328,,,3.78,18.89,0.2,0.05,0.28,3.5,18.89,25.0,-24.4
2025-04-19 12:14:00,M0032,OP0046,T00328,,,3.78,18.89,0.2,0.06,0.28,3.5,18.89,25.0,-24.4
2025-09-13 06:00:00,M0009,OP0046,T00330,247.2,,2.75,13.73,0.2,0.06,0.29,2.45,13.73,20.0,-31.4
2025-09-13 06:12:00,M0009,OP0046,T00330,,,2.75,13.73,0.2,0.07,0.29,2.45,13.73,20.0,-31.4
2025-09-13 06:24:00,M0009,OP0046,T00330,,,2.75,13.73,0.2,0.05,0.29,2.45,13.73,20.0,-31.4
2025-09-13 06:36:00,M0009,OP0046,T00330,,,2.75,13.73,0.2,0.06,0.29,2.45,13.73,20.0,-31.4
2025-09-13 06:48:00,M0009,OP0046,T00330,,,2.75,13.73,0.2,0.06,0.29,2.45,13.73,20.0,-31.4
2025-09-13 07:00:00,M0009,OP0046,T00330,,,2.75,13.73,0.2,0.07,0.29,2.45,13.73,20.0,-31.4
2025-09-13 07:12:00,M0009,OP0046,T00330,,,2.75,13.73,0.2,0.05,0.29,2.45,13.73,20.0,-31.4
2025-09-13 07:24:00,M0009,OP0046,T00330,,,2.75,13.73,0.2,0.06,0.29,2.45,13.73,20.0,-31.4
2025-09-13 07:36:00,M0009,OP0046,T00330,,,2.75,13.73,0.2,0.06,0.29,2.45,13.73,20.0,-31.4
2025-09-13 07:48:00,M0009,OP0046,T00330,,,2.75,13.73,0.2,0.06,0.29,2.45,13.73,20.0,-31.4
2025-09-13 08:00:00,M0009,OP0046,T00330,,,2.75,13.73,0.2,0.06,0.29,2.45,13.73,20.0,-31.4
2025-09-13 08:12:00,M0009,OP0046,T00330,,,2.75,13.73,0.2,0.06,0.29,2.45,13.73,20.0,-31.4
2025-09-13 08:24:00,M0009,OP0046,T00330,,,2.75,13.73,0.2,0.04,0.29,2.45,13.73,20.0,-31.4
2025-09-13 08:36:00,M0009,OP0046,T00330,,,1.14,13.73,0.08,0.03,0.12,1.02,13.73,20.0,-31.4
2025-04-12 15:45:00,M0022,OP0049,T00332,247.7,,4.36,21.8,0.2,0.06,0.29,4.07,21.8,28.0,-22.1
2025-04-12 15:57:00,M0022,OP0049,T00332,,,4.36,21.8,0.2,0.06,0.29,4.07,21.8,28.0,-22.1
2025-04-12 16:09:00,M0022,OP0049,T00332,,,4.36,21.8,0.2,0.06,0.29,4.07,21.8,28.0,-22.1
2025-04-12 16:21:00,M0022,OP0049,T00332,,,4.36,21.8,0.2,0.04,0.29,4.07,21.8,28.0,-22.1
2025-04-12 16:33:00,M0022,OP0049,T00332,,,4.36,21.8,0.2,0.07,0.29,4.07,21.8,28.0,-22.1
2025-04-12 16:45:00,M0022,OP0049,T00332,,,4.36,21.8,0.2,0.05,0.29,4.07,21.8,28.0,-22.1
2025-04-12 16:57:00,M0022,OP0049,T00332,,,4.36,21.8,0.2,0.06,0.29,4.07,21.8,28.0,-22.1
2025-04-12 17:09:00,M0022,OP0049,T00332,,,4.36,21.8,0.2,0.04,0.29,4.07,21.8,28.0,-22.1
2025-04-12 17:21:00,M0022,OP0049,T00332,,,4.36,21.8,0.2,0.04,0.29,4.07,21.8,28.0,-22.1
2025-04-12 17:33:00,M0022,OP0049,T00332,,,4.36,21.8,0.2,0.07,0.29,4.07,21.8,28.0,-22.1
2025-04-12 17:45:00,M0022,OP0049,T00332,,,4.36,21.8,0.2,0.07,0.29,4.07,21.8,28.0,-22.1
2025-04-12 17:57:00,M0022,OP0049,T00332,,,4.36,21.8,0.2,0.04,0.29,4.07,21.8,28.0,-22.1
2025-04-12 18:09:00,M0022,OP0049,T00332,,,4.36,21.8,0.2,0.05,0.29,4.07,21.8,28.0,-22.1
2025-04-12 18:21:00,M0022,OP0049,T00332,,,4.36,21.8,0.2,0.04,0.29,4.07,21.8,28.0,-22.1
2025-04-12 18:33:00,M0022,OP0049,T00332,,,4.36,21.8,0.2,0.06,0.29,4.07,21.8,28.0,-22.1
2025-04-12 18:45:00,M0022,OP0049,T00332,,,4.36,21.8,0.2,0.04,0.29,4.07,21.8,28.0,-22.1
2025-04-12 18:57:00,M0022,OP0049,T00332,,,4.36,21.8,0.2,0.04,0.29,4.07,21.8,28.0,-22.1
2025-04-12 19:09:00,M0022,OP0049,T00332,,,4.36,21.8,0.2,0.04,0.29,4.07,21.8,28.0,-22.1
2025-04-12 19:21:00,M0022,OP0049,T00332,,,4.36,21.8,0.2,0.04,0.29,4.07,21.8,28.0,-22.1
2025-04-12 19:33:00,M0022,OP0049,T00332,,,4.36,21.8,0.2,0.07,0.29,4.07,21.8,28.0,-22.1
2025-02-07 15:18:00,M0016,OP0023,T00333,273.0,,1.88,9.41,0.2,0.02,0.12,1.77,9.41,12.0,-21.6
2025-02-07 15:30:00,M0016,OP0023,T00333,,,1.88,9.41,0.2,0.01,0.12,1.77,9.41,12.0,-21.6
2025-02-07 15:42:00,M0016,OP0023,T00333,,,1.88,9.41,0.2,0.02,0.12,1.77,9.41,12.0,-21.6
2025-02-07 15:54:00,M0016,OP0023,T00333,,,1.88,9.41,0.2,0.01,0.12,1.77,9.41,12.0,-21.6
2025-02-07 16:06:00,M0016,OP0023,T00333,,,1.88,9.41,0.2,0.01,0.12,1.77,9.41,12.0,-21.6
2025-02-07 16:18:00,M0016,OP0023,T00333,,,1.88,9.41,0.2,0.02,0.12,1.77,9.41,12.0,-21.6
2025-02-07 16:30:00,M0016,OP0023,T00333,,,1.88,9.41,0.2,0.01,0.12,1.77,9.41,12.0,-21.6
2025-02-07 16:42:00,M0016,OP0023,T00333,,,1.88,9.41,0.2,0.01,0.12,1.77,9.41,12.0,-21.6
2025-02-07 16:54:00,M0016,OP0023,T00333,,,1.88,9.41,0.2,0.01,0.12,1.77,9.41,12.0,-21.6
2025-02-07 17:06:00,M0016,OP0023,T00333,,,1.88,9.41,0.2,0.02,0.12,1.77,9.41,12.0,-21.6
2025-02-07 17:18:00,M0016,OP0023,T00333,,,1.88,9.41,0.2,0.02,0.12,1.77,9.41,12.0,-21.6
2025-02-07 17:30:00,M0016,OP0023,T00333,,,1.88,9.41,0.2,0.02,0.12,1.77,9.41,12.0,-21.6
2025-02-07 17:42:00,M0016,OP0023,T00333,,,1.88,9.41,0.2,0.01,0.12,1.77,9.41,12.0,-21.6
2025-02-07 17:54:00,M0016,OP0023,T00333,,,1.88,9.41,0.2,0.01,0.12,1.77,9.41,12.0,-21.6
2025-02-07 18:06:00,M0016,OP0023,T00333,,,1.88,9.41,0.2,0.01,0.12,1.77,9.41,12.0,-21.6
2025-02-07 18:18:00,M0016,OP0023,T00333,,,1.88,9.41,0.2,0.02,0.12,1.77,9.41,12.0,-21.6
2025-02-07 18:30:00,M0016,OP0023,T00333,,,1.88,9.41,0.2,0.01,0.12,1.77,9.41,12.0,-21.6
2025-02-07 18:42:00,M0016,OP0023,T00333,,,1.88,9.41,0.2,0.02,0.12,1.77,9.41,12.0,-21.6
2025-02-07 18:54:00,M0016,OP0023,T00333,,,1.88,9.41,0.2,0.01,0.12,1.77,9.41,12.0,-21.6
2025-02-07 19:06:00,M0016,OP0023,T00333,,,1.88,9.41,0.2,0.01,0.12,1.77,9.41,12.0,-21.6
2025-09-23 13:36:00,M0019,OP0009,T00334,162.7,,1.55,7.76,0.2,0.06,0.1,1.45,7.76,10.5,-26.1
2025-09-23 13:48:00,M0019,OP0009,T00334,,,1.55,7.76,0.2,0.06,0.1,1.45,7.76,10.5,-26.1
2025-09-23 14:00:00,M0019,OP0009,T00334,,,1.55,7.76,0.2,0.05,0.1,1.45,7.76,10.5,-26.1
2025-09-23 14:12:00,M0019,OP0009,T00334,,,1.55,7.76,0.2,0.05,0.1,1.45,7.76,10.5,-26.1
2025-09-23 14:24:00,M0019,OP0009,T00334,,,1.55,7.76,0.2,0.05,0.1,1.45,7.76,10.5,-26.1
2025-09-23 14:36:00,M0019,OP0009,T00334,,,1.55,7.76,0.2,0.05,0.1,1.45,7.76,10.5,-26.1
2025-09-23 14:48:00,M0019,OP0009,T00334,,,1.55,7.76,0.2,0.06,0.1,1.45,7.76,10.5,-26.1
2025-09-23 15:00:00,M0019,OP0009,T00334,,,1.55,7.76,0.2,0.04,0.1,1.45,7.76,10.5,-26.1
2025-09-23 15:12:00,M0019,OP0009,T00334,,,1.55,7.76,0.2,0.06,0.1,1.45,7.76,10.5,-26.1
2025-09-23 15:24:00,M0019,OP0009,T00334,,,1.55,7.76,0.2,0.06,0.1,1.45,7.76,10.5,-26.1
2025-09-23 15:36:00,M0019,OP0009,T00334,,,1.55,7.76,0.2,0.06,0.1,1.45,7.76,10.5,-26.1
2025-09-23 15:48:00,M0019,OP0009,T00334,,,1.55,7.76,0.2,0.05,0.1,1.45,7.76,10.5,-26.1
2025-09-23 16:00:00,M0019,OP0009,T00334,,,1.55,7.76,0.2,0.05,0.1,1.45,7.76,10.5,-26.1
2025-09-23 16:12:00,M0019,OP0009,T00334,,,1.55,7.76,0.2,0.04,0.1,1.45,7.76,10.5,-26.1
2025-09-23 16:24:00,M0019,OP0009,T00334,,,1.55,7.76,0.2,0.04,0.1,1.45,7.76,10.5,-26.1
2025-09-23 16:36:00,M0019,OP0009,T00334,,,1.55,7.76,0.2,0.05,0.1,1.45,7.76,10.5,-26.1
2025-09-23 16:48:00,M0019,OP0009,T00334,,,1.55,7.76,0.2,0.05,0.1,1.45,7.76,10.5,-26.1
2025-09-23 17:00:00,M0019,OP0009,T00334,,,1.55,7.76,0.2,0.05,0.1,1.45,7.76,10.5,-26.1
2025-09-23 17:12:00,M0019,OP0009,T00334,,,1.55,7.76,0.2,0.04,0.1,1.45,7.76,10.5,-26.1
2025-09-23 17:24:00,M0019,OP0009,T00334,,,1.55,7.76,0.2,0.05,0.1,1.45,7.76,10.5,-26.1
2025-04-15 08:01:00,M0039,OP0040,T00336,346.9,,3.29,16.47,0.2,0.0,0.12,3.18,16.47,20.0,-17.7
2025-04-15 08:13:00,M0039,OP0040,T00336,,,3.29,16.47,0.2,0.0,0.12,3.18,16.47,20.0,-17.7
2025-04-15 08:25:00,M0039,OP0040,T00336,,,3.29,16.47,0.2,0.01,0.12,3.18,16.47,20.0,-17.7
2025-04-15 08:37:00,M0039,OP0040,T00336,,,3.29,16.47,0.2,0.0,0.12,3.18,16.47,20.0,-17.7
2025-04-15 08:49:00,M0039,OP0040,T00336,,,3.29,16.47,0.2,0.0,0.12,3.18,16.47,20.0,-17.7
2025-04-15 09:01:00,M0039,OP0040,T00336,,,3.29,16.47,0.2,0.01,0.12,3.18,16.47,20.0,-17.7
2025-04-15 09:13:00,M0039,OP0040,T00336,,,3.29,16.47,0.2,0.01,0.12,3.18,16.47,20.0,-17.7
2025-04-15 09:25:00,M0039,OP0040,T00336,,,3.29,16.47,0.2,0.0,0.12,3.18,16.47,20.0,-17.7
2025-04-15 09:37:00,M0039,OP0040,T00336,,,3.29,16.47,0.2,0.0,0.12,3.18,16.47,20.0,-17.7
2025-04-15 09:49:00,M0039,OP0040,T00336,,,3.29,16.47,0.2,0.01,0.12,3.18,16.47,20.0,-17.7
2025-04-15 10:01:00,M0039,OP0040,T00336,,,3.29,16.47,0.2,0.01,0.12,3.18,16.47,20.0,-17.7
2025-04-15 10:13:00,M0039,OP0040,T00336,,,3.29,16.47,0.2,0.01,0.12,3.18,16.47,20.0,-17.7
2025-04-15 10:25:00,M0039,OP0040,T00336,,,3.29,16.47,0.2,0.01,0.12,3.18,16.47,20.0,-17.7
2025-04-15 10:37:00,M0039,OP0040,T00336,,,3.29,16.47,0.2,0.01,0.12,3.18,16.47,20.0,-17.7
2025-04-15 10:49:00,M0039,OP0040,T00336,,,3.29,16.47,0.2,0.01,0.12,3.18,16.47,20.0,-17.7
2025-04-15 11:01:00,M0039,OP0040,T00336,,,3.29,16.47,0.2,0.01,0.12,3.18,16.47,20.0,-17.7
2025-04-15 11:13:00,M0039,OP0040,T00336,,,3.29,16.47,0.2,0.0,0.12,3.18,16.47,20.0,-17.7
2025-04-15 11:25:00,M0039,OP0040,T00336,,,3.29,16.47,0.2,0.01,0.12,3.18,16.47,20.0,-17.7
2025-04-15 11:37:00,M0039,OP0040,T00336,,,3.29,16.47,0.2,0.01,0.12,3.18,16.47,20.0,-17.7
2025-04-15 11:49:00,M0039,OP0040,T00336,,,3.29,16.47,0.2,0.01,0.12,3.18,16.47,20.0,-17.7
2025-09-25 06:10:00,M0039,OP0028,T00337,446.8,,2.39,11.95,0.2,0.04,0.23,2.16,11.95,20.0,-40.2
2025-09-25 06:22:00,M0039,OP0028,T00337,,,2.39,11.95,0.2,0.04,0.23,2.16,11.95,20.0,-40.2
2025-09-25 06:34:00,M0039,OP0028,T00337,,,2.39,11.95,0.2,0.03,0.23,2.16,11.95,20.0,-40.2
2025-09-25 06:46:00,M0039,OP0028,T00337,,,2.39,11.95,0.2,0.04,0.23,2.16,11.95,20.0,-40.2
2025-09-25 06:58:00,M0039,OP0028,T00337,,,2.39,11.95,0.2,0.03,0.23,2.16,11.95,20.0,-40.2
2025-09-25 07:10:00,M0039,OP0028,T00337,,,2.39,11.95,0.2,0.04,0.23,2.16,11.95,20.0,-40.2
2025-09-25 07:22:00,M0039,OP0028,T00337,,,2.39,11.95,0.2,0.03,0.23,2.16,11.95,20.0,-40.2
2025-09-25 07:34:00,M0039,OP0028,T00337,,,2.39,11.95,0.2,0.03,0.23,2.16,11.95,20.0,-40.2
2025-09-25 07:46:00,M0039,OP0028,T00337,,,2.39,11.95,0.2,0.04,0.23,2.16,11.95,20.0,-40.2
2025-09-25 07:58:00,M0039,OP0028,T00337,,,2.39,11.95,0.2,0.03,0.23,2.16,11.95,20.0,-40.2
2025-09-25 08:10:00,M0039,OP0028,T00337,,,2.39,11.95,0.2,0.04,0.23,2.16,11.95,20.0,-40.2
2025-09-25 08:22:00,M0039,OP0028,T00337,,,2.39,11.95,0.2,0.04,0.23,2.16,11.95,20.0,-40.2
2025-09-25 08:34:00,M0039,OP0028,T00337,,,2.39,11.95,0.2,0.03,0.23,2.16,11.95,20.0,-40.2
2025-09-25 08:46:00,M0039,OP0028,T00337,,,2.39,11.95,0.2,0.04,0.23,2.16,11.95,20.0,-40.2
2025-09-25 08:58:00,M0039,OP0028,T00337,,,2.39,11.95,0.2,0.03,0.23,2.16,11.95,20.0,-40.2
2025-09-25 09:10:00,M0039,OP0028,T00337,,,2.39,11.95,0.2,0.04,0.23,2.16,11.95,20.0,-40.2
2025-09-25 09:22:00,M0039,OP0028,T00337,,,2.39,11.95,0.2,0.04,0.23,2.16,11.95,20.0,-40.2
2025-09-25 09:34:00,M0039,OP0028,T00337,,,2.39,11.95,0.2,0.03,0.23,2.16,11.95,20.0,-40.2
2025-09-25 09:46:00,M0039,OP0028,T00337,,,2.39,11.95,0.2,0.03,0.23,2.16,11.95,20.0,-40.2
2025-09-25 09:58:00,M0039,OP0028,T00337,,,1.79,11.95,0.15,0.03,0.18,1.62,11.95,20.0,-40.2
2025-09-19 07:10:00,M0026,OP0015,T00338,248.0,,1.78,8.88,0.2,0.03,0.12,1.66,8.88,14.5,-38.8
2025-09-19 07:22:00,M0026,OP0015,T00338,,,1.78,8.88,0.2,0.04,0.12,1.66,8.88,14.5,-38.8
2025-09-19 07:34:00,M0026,OP0015,T00338,,,1.78,8.88,0.2,0.04,0.12,1.66,8.88,14.5,-38.8
2025-09-19 07:46:00,M0026,OP0015,T00338,,,1.78,8.88,0.2,0.03,0.12,1.66,8.88,14.5,-38.8
2025-09-19 07:58:00,M0026,OP0015,T00338,,,1.78,8.88,0.2,0.03,0.12,1.66,8.88,14.5,-38.8
2025-09-19 08:10:00,M0026,OP0015,T00338,,,1.78,8.88,0.2,0.02,0.12,1.66,8.88,14.5,-38.8
2025-09-19 08:22:00,M0026,OP0015,T00338,,,1.78,8.88,0.2,0.04,0.12,1.66,8.88,14.5,-38.8
2025-09-19 08:34:00,M0026,OP0015,T00338,,,1.78,8.88,0.2,0.03,0.12,1.66,8.88,14.5,-38.8
2025-09-19 08:46:00,M0026,OP0015,T00338,,,1.78,8.88,0.2,0.03,0.12,1.66,8.88,14.5,-38.8
2025-09-19 08:58:00,M0026,OP0015,T00338,,,1.78,8.88,0.2,0.02,0.12,1.66,8.88,14.5,-38.8
2025-09-19 09:10:00,M0026,OP0015,T00338,,,1.78,8.88,0.2,0.04,0.12,1.66,8.88,14.5,-38.8
2025-09-19 09:22:00,M0026,OP0015,T00338,,,1.78,8.88,0.2,0.02,0.12,1.66,8.88,14.5,-38.8
2025-09-19 09:34:00,M0026,OP0015,T00338,,,0.59,8.88,0.07,0.01,0.04,0.55,8.88,14.5,-38.8
2025-06-11 08:20:00,M0034,OP0046,T00339,584.2,,3.19,15.93,0.2,0.05,0.21,2.98,15.93,20.0,-20.4
2025-06-11 08:32:00,M0034,OP0046,T00339,,,3.19,15.93,0.2,0.04,0.21,2.98,15.93,20.0,-20.4
2025-06-11 08:44:00,M0034,OP0046,T00339,,,3.19,15.93,0.2,0.05,0.21,2.98,15.93,20.0,-20.4
2025-06-11 08:56:00,M0034,OP0046,T00339,,,3.19,15.93,0.2,0.03,0.21,2.98,15.93,20.0,-20.4
2025-06-11 09:08:00,M0034,OP0046,T00339,,,3.19,15.93,0.2,0.04,0.21,2.98,15.93,20.0,-20.4
2025-06-11 09:20:00,M0034,OP0046,T00339,,,3.19,15.93,0.2,0.04,0.21,2.98,15.93,20.0,-20.4
2025-06-11 09:32:00,M0034,OP0046,T00339,,,3.19,15.93,0.2,0.06,0.21,2.98,15.93,20.0,-20.4
2025-06-11 09:44:00,M0034,OP0046,T00339,,,3.19,15.93,0.2,0.05,0.21,2.98,15.93,20.0,-20.4
2025-06-11 09:56:00,M0034,OP0046,T00339,,,3.19,15.93,0.2,0.03,0.21,2.98,15.93,20.0,-20.4
2025-06-11 10:08:00,M0034,OP0046,T00339,,,2.12,15.93,0.13,0.02,0.14,1.99,15.93,20.0,-20.4
2025-09-16 13:18:00,M0028,OP0046,T00340,643.0,,3.16,15.79,0.2,0.05,0.17,2.99,15.79,20.0,-21.0
2025-09-16 13:30:00,M0028,OP0046,T00340,,,3.16,15.79,0.2,0.04,0.17,2.99,15.79,20.0,-21.0
2025-09-16 13:42:00,M0028,OP0046,T00340,,,3.16,15.79,0.2,0.04,0.17,2.99,15.79,20.0,-21.0
2025-09-16 13:54:00,M0028,OP0046,T00340,,,3.16,15.79,0.2,0.05,0.17,2.99,15.79,20.0,-21.0
2025-09-16 14:06:00,M0028,OP0046,T00340,,,3.16,15.79,0.2,0.05,0.17,2.99,15.79,20.0,-21.0
2025-09-16 14:18:00,M0028,OP0046,T00340,,,3.16,15.79,0.2,0.03,0.17,2.99,15.79,20.0,-21.0
2025-09-16 14:30:00,M0028,OP0046,T00340,,,3.16,15.79,0.2,0.04,0.17,2.99,15.79,20.0,-21.0
2025-09-16 14:42:00,M0028,OP0046,T00340,,,3.16,15.79,0.2,0.05,0.17,2.99,15.79,20.0,-21.0
2025-09-16 14:54:00,M0028,OP0046,T00340,,,2.11,15.79,0.13,0.03,0.11,1.99,15.79,20.0,-21.0
2025-05-10 13:31:00,M0023,OP0043,T00341,276.1,,2.49,12.47,0.2,0.0,0.22,2.27,12.47,19.5,-36.1
2025-05-10 13:43:00,M0023,OP0043,T00341,,,2.49,12.47,0.2,0.0,0.22,2.27,12.47,19.5,-36.1
2025-05-10 13:55:00,M0023,OP0043,T00341,,,2.49,12.47,0.2,0.0,0.22,2.27,12.47,19.5,-36.1
2025-05-10 14:07:00,M0023,OP0043,T00341,,,2.49,12.47,0.2,0.0,0.22,2.27,12.47,19.5,-36.1
2025-05-10 14:19:00,M0023,OP0043,T00341,,,2.49,12.47,0.2,0.0,0.22,2.27,12.47,19.5,-36.1
2025-05-10 14:31:00,M0023,OP0043,T00341,,,2.49,12.47,0.2,0.0,0.22,2.27,12.47,19.5,-36.1
2025-05-10 14:43:00,M0023,OP0043,T00341,,,2.49,12.47,0.2,0.0,0.22,2.27,12.47,19.5,-36.1
2025-05-10 14:55:00,M0023,OP0043,T00341,,,2.49,12.47,0.2,0.0,0.22,2.27,12.47,19.5,-36.1
2025-05-10 15:07:00,M0023,OP0043,T00341,,,2.49,12.47,0.2,0.0,0.22,2.27,12.47,19.5,-36.1
2025-05-10 15:19:00,M0023,OP0043,T00341,,,2.49,12.47,0.2,0.0,0.22,2.27,12.47,19.5,-36.1
2025-05-10 15:31:00,M0023,OP0043,T00341,,,2.49,12.47,0.2,0.0,0.22,2.27,12.47,19.5,-36.1
2025-05-10 15:43:00,M0023,OP0043,T00341,,,2.49,12.47,0.2,0.0,0.22,2.27,12.47,19.5,-36.1
2025-05-10 15:55:00,M0023,OP0043,T00341,,,2.49,12.47,0.2,0.0,0.22,2.27,12.47,19.5,-36.1
2025-05-10 16:07:00,M0023,OP0043,T00341,,,2.49,12.47,0.2,0.0,0.22,2.27,12.47,19.5,-36.1
2025-05-10 16:19:00,M0023,OP0043,T00341,,,2.49,12.47,0.2,0.0,0.22,2.27,12.47,19.5,-36.1
2025-05-10 16:31:00,M0023,OP0043,T00341,,,2.49,12.47,0.2,0.0,0.22,2.27,12.47,19.5,-36.1
2025-05-10 16:43:00,M0023,OP0043,T00341,,,2.49,12.47,0.2,0.0,0.22,2.27,12.47,19.5,-36.1
2025-05-10 16:55:00,M0023,OP0043,T00341,,,2.49,12.47,0.2,0.0,0.22,2.27,12.47,19.5,-36.1
2025-05-10 17:07:00,M0023,OP0043,T00341,,,2.49,12.47,0.2,0.0,0.22,2.27,12.47,19.5,-36.1
2025-05-10 17:19:00,M0023,OP0043,T00341,,,2.49,12.47,0.2,0.0,0.22,2.27,12.47,19.5,-36.1
2025-06-26 13:52:00,M0001,OP0038,T00342,734.4,,3.0,14.99,0.2,0.06,0.16,2.84,14.99,20.0,-25.0
2025-06-26 14:04:00,M0001,OP0038,T00342,,,3.0,14.99,0.2,0.04,0.16,2.84,14.99,20.0,-25.0
2025-06-26 14:16:00,M0001,OP0038,T00342,,,3.0,14.99,0.2,0.05,0.16,2.84,14.99,20.0,-25.0
2025-06-26 14:28:00,M0001,OP0038,T00342,,,3.0,14.99,0.2,0.06,0.16,2.84,14.99,20.0,-25.0
2025-06-26 14:40:00,M0001,OP0038,T00342,,,3.0,14.99,0.2,0.06,0.16,2.84,14.99,20.0,-25.0
2025-06-26 14:52:00,M0001,OP0038,T00342,,,3.0,14.99,0.2,0.05,0.16,2.84,14.99,20.0,-25.0
2025-06-26 15:04:00,M0001,OP0038,T00342,,,3.0,14.99,0.2,0.05,0.16,2.84,14.99,20.0,-25.0
2025-06-26 15:16:00,M0001,OP0038,T00342,,,3.0,14.99,0.2,0.05,0.16,2.84,14.99,20.0,-25.0
2025-06-26 15:28:00,M0001,OP0038,T00342,,,3.0,14.99,0.2,0.07,0.16,2.84,14.99,20.0,-25.0
2025-06-26 15:40:00,M0001,OP0038,T00342,,,3.0,14.99,0.2,0.07,0.16,2.84,14.99,20.0,-25.0
2025-06-26 15:52:00,M0001,OP0038,T00342,,,3.0,14.99,0.2,0.06,0.16,2.84,14.99,20.0,-25.0
2025-06-26 16:04:00,M0001,OP0038,T00342,,,3.0,14.99,0.2,0.04,0.16,2.84,14.99,20.0,-25.0
2025-06-26 16:16:00,M0001,OP0038,T00342,,,3.0,14.99,0.2,0.06,0.16,2.84,14.99,20.0,-25.0
2025-06-26 16:28:00,M0001,OP0038,T00342,,,3.0,14.99,0.2,0.05,0.16,2.84,14.99,20.0,-25.0
2025-06-26 16:40:00,M0001,OP0038,T00342,,,3.0,14.99,0.2,0.05,0.16,2.84,14.99,20.0,-25.0
2025-06-26 16:52:00,M0001,OP0038,T00342,,,3.0,14.99,0.2,0.06,0.16,2.84,14.99,20.0,-25.0
2025-06-26 17:04:00,M0001,OP0038,T00342,,,3.0,14.99,0.2,0.06,0.16,2.84,14.99,20.0,-25.0
2025-06-26 17:16:00,M0001,OP0038,T00342,,,3.0,14.99,0.2,0.05,0.16,2.84,14.99,20.0,-25.0
2025-06-26 17:28:00,M0001,OP0038,T00342,,,3.0,14.99,0.2,0.06,0.16,2.84,14.99,20.0,-25.0
2025-06-26 17:40:00,M0001,OP0038,T00342,,,3.0,14.99,0.2,0.04,0.16,2.84,14.99,20.0,-25.0
2025-05-06 11:02:00,M0025,OP0046,T00343,395.9,,2.99,14.93,0.2,0.04,0.21,2.78,14.93,19.5,-23.4
2025-05-06 11:14:00,M0025,OP0046,T00343,,,2.99,14.93,0.2,0.06,0.21,2.78,14.93,19.5,-23.4
2025-05-06 11:26:00,M0025,OP0046,T00343,,,2.99,14.93,0.2,0.05,0.21,2.78,14.93,19.5,-23.4
2025-05-06 11:38:00,M0025,OP0046,T00343,,,2.99,14.93,0.2,0.05,0.21,2.78,14.93,19.5,-23.4
2025-05-06 11:50:00,M0025,OP0046,T00343,,,2.99,14.93,0.2,0.06,0.21,2.78,14.93,19.5,-23.4
2025-05-06 12:02:00,M0025,OP0046,T00343,,,2.99,14.93,0.2,0.05,0.21,2.78,14.93,19.5,-23.4
2025-05-06 12:14:00,M0025,OP0046,T00343,,,2.99,14.93,0.2,0.06,0.21,2.78,14.93,19.5,-23.4
2025-05-06 12:26:00,M0025,OP0046,T00343,,,2.99,14.93,0.2,0.05,0.21,2.78,14.93,19.5,-23.4
2025-05-06 12:38:00,M0025,OP0046,T00343,,,2.99,14.93,0.2,0.07,0.21,2.78,14.93,19.5,-23.4
2025-05-06 12:50:00,M0025,OP0046,T00343,,,2.99,14.93,0.2,0.07,0.21,2.78,14.93,19.5,-23.4
2025-05-06 13:02:00,M0025,OP0046,T00343,,,2.99,14.93,0.2,0.04,0.21,2.78,14.93,19.5,-23.4
2025-05-06 13:14:00,M0025,OP0046,T00343,,,2.99,14.93,0.2,0.07,0.21,2.78,14.93,19.5,-23.4
2025-05-06 13:26:00,M0025,OP0046,T00343,,,2.99,14.93,0.2,0.07,0.21,2.78,14.93,19.5,-23.4
2025-05-06 13:38:00,M0025,OP0046,T00343,,,2.99,14.93,0.2,0.05,0.21,2.78,14.93,19.5,-23.4
2025-05-06 13:50:00,M0025,OP0046,T00343,,,2.99,14.93,0.2,0.06,0.21,2.78,14.93,19.5,-23.4
2025-05-06 14:02:00,M0025,OP0046,T00343,,,2.99,14.93,0.2,0.07,0.21,2.78,14.93,19.5,-23.4
2025-05-06 14:14:00,M0025,OP0046,T00343,,,2.99,14.93,0.2,0.06,0.21,2.78,14.93,19.5,-23.4
2025-05-06 14:26:00,M0025,OP0046,T00343,,,2.99,14.93,0.2,0.05,0.21,2.78,14.93,19.5,-23.4
2025-05-06 14:38:00,M0025,OP0046,T00343,,,2.99,14.93,0.2,0.06,0.21,2.78,14.93,19.5,-23.4
2025-05-06 14:50:00,M0025,OP0046,T00343,,,2.99,14.93,0.2,0.04,0.21,2.78,14.93,19.5,-23.4
2025-06-10 12:33:00,M0033,OP0041,T00344,276.9,,2.0,9.99,0.2,0.06,0.2,1.8,9.99,14.5,-31.1
2025-06-10 12:45:00,M0033,OP0041,T00344,,,2.0,9.99,0.2,0.06,0.2,1.8,9.99,14.5,-31.1
2025-06-10 12:57:00,M0033,OP0041,T00344,,,2.0,9.99,0.2,0.05,0.2,1.8,9.99,14.5,-31.1
2025-06-10 13:09:00,M0033,OP0041,T00344,,,2.0,9.99,0.2,0.08,0.2,1.8,9.99,14.5,-31.1
2025-06-10 13:21:00,M0033,OP0041,T00344,,,2.0,9.99,0.2,0.07,0.2,1.8,9.99,14.5,-31.1
2025-06-10 13:33:00,M0033,OP0041,T00344,,,2.0,9.99,0.2,0.05,0.2,1.8,9.99,14.5,-31.1
2025-06-10 13:45:00,M0033,OP0041,T00344,,,2.0,9.99,0.2,0.05,0.2,1.8,9.99,14.5,-31.1
2025-06-10 13:57:00,M0033,OP0041,T00344,,,2.0,9.99,0.2,0.05,0.2,1.8,9.99,14.5,-31.1
2025-06-10 14:09:00,M0033,OP0041,T00344,,,2.0,9.99,0.2,0.08,0.2,1.8,9.99,14.5,-31.1
2025-06-10 14:21:00,M0033,OP0041,T00344,,,2.0,9.99,0.2,0.05,0.2,1.8,9.99,14.5,-31.1
2025-06-10 14:33:00,M0033,OP0041,T00344,,,2.0,9.99,0.2,0.06,0.2,1.8,9.99,14.5,-31.1
2025-06-10 14:45:00,M0033,OP0041,T00344,,,2.0,9.99,0.2,0.06,0.2,1.8,9.99,14.5,-31.1
2025-06-10 14:57:00,M0033,OP0041,T00344,,,2.0,9.99,0.2,0.05,0.2,1.8,9.99,14.5,-31.1
2025-06-10 15:09:00,M0033,OP0041,T00344,,,2.0,9.99,0.2,0.05,0.2,1.8,9.99,14.5,-31.1
2025-06-10 15:21:00,M0033,OP0041,T00344,,,2.0,9.99,0.2,0.05,0.2,1.8,9.99,14.5,-31.1
2025-06-10 15:33:00,M0033,OP0041,T00344,,,2.0,9.99,0.2,0.06,0.2,1.8,9.99,14.5,-31.1
2025-06-10 15:45:00,M0033,OP0041,T00344,,,2.0,9.99,0.2,0.06,0.2,1.8,9.99,14.5,-31.1
2025-06-10 15:57:00,M0033,OP0041,T00344,,,2.0,9.99,0.2,0.07,0.2,1.8,9.99,14.5,-31.1
2025-06-10 16:09:00,M0033,OP0041,T00344,,,2.0,9.99,0.2,0.05,0.2,1.8,9.99,14.5,-31.1
2025-06-10 16:21:00,M0033,OP0041,T00344,,,2.0,9.99,0.2,0.05,0.2,1.8,9.99,14.5,-31.1
2025-06-18 08:43:00,M0001,OP0006,T00345,404.1,,3.53,17.66,0.2,0.03,0.17,3.36,17.66,20.0,-11.7
2025-06-18 08:55:00,M0001,OP0006,T00345,,,3.53,17.66,0.2,0.02,0.17,3.36,17.66,20.0,-11.7
2025-06-18 09:07:00,M0001,OP0006,T00345,,,3.53,17.66,0.2,0.03,0.17,3.36,17.66,20.0,-11.7
2025-06-18 09:19:00,M0001,OP0006,T00345,,,3.53,17.66,0.2,0.02,0.17,3.36,17.66,20.0,-11.7
2025-06-18 09:31:00,M0001,OP0006,T00345,,,3.53,17.66,0.2,0.03,0.17,3.36,17.66,20.0,-11.7
2025-06-18 09:43:00,M0001,OP0006,T00345,,,3.53,17.66,0.2,0.03,0.17,3.36,17.66,20.0,-11.7
2025-06-18 09:55:00,M0001,OP0006,T00345,,,3.53,17.66,0.2,0.03,0.17,3.36,17.66,20.0,-11.7
2025-06-18 10:07:00,M0001,OP0006,T00345,,,3.53,17.66,0.2,0.03,0.17,3.36,17.66,20.0,-11.7
2025-06-18 10:19:00,M0001,OP0006,T00345,,,3.53,17.66,0.2,0.03,0.17,3.36,17.66,20.0,-11.7
2025-06-18 10:31:00,M0001,OP0006,T00345,,,3.53,17.66,0.2,0.03,0.17,3.36,17.66,20.0,-11.7
2025-06-18 10:43:00,M0001,OP0006,T00345,,,3.53,17.66,0.2,0.02,0.17,3.36,17.66,20.0,-11.7
2025-06-18 10:55:00,M0001,OP0006,T00345,,,3.53,17.66,0.2,0.03,0.17,3.36,17.66,20.0,-11.7
2025-06-18 11:07:00,M0001,OP0006,T00345,,,3.53,17.66,0.2,0.02,0.17,3.36,17.66,20.0,-11.7
2025-06-18 11:19:00,M0001,OP0006,T00345,,,3.53,17.66,0.2,0.03,0.17,3.36,17.66,20.0,-11.7
2025-06-18 11:31:00,M0001,OP0006,T00345,,,3.53,17.66,0.2,0.02,0.17,3.36,17.66,20.0,-11.7
2025-06-18 11:43:00,M0001,OP0006,T00345,,,3.53,17.66,0.2,0.03,0.17,3.36,17.66,20.0,-11.7
2025-06-18 11:55:00,M0001,OP0006,T00345,,,3.53,17.66,0.2,0.02,0.17,3.36,17.66,20.0,-11.7
2025-06-18 12:07:00,M0001,OP0006,T00345,,,2.94,17.66,0.17,0.02,0.14,2.8,17.66,20.0,-11.7
2025-06-09 14:24:00,M0004,OP0016,T00346,352.9,,2.29,11.46,0.2,0.06,0.15,2.14,11.46,14.5,-20.9
2025-06-09 14:36:00,M0004,OP0016,T00346,,,2.29,11.46,0.2,0.05,0.15,2.14,11.46,14.5,-20.9
2025-06-09 14:48:00,M0004,OP0016,T00346,,,2.29,11.46,0.2,0.06,0.15,2.14,11.46,14.5,-20.9
2025-06-09 15:00:00,M0004,OP0016,T00346,,,2.29,11.46,0.2,0.06,0.15,2.14,11.46,14.5,-20.9
2025-06-09 15:12:00,M0004,OP0016,T00346,,,2.29,11.46,0.2,0.05,0.15,2.14,11.46,14.5,-20.9
2025-06-09 15:24:00,M0004,OP0016,T00346,,,2.29,11.46,0.2,0.05,0.15,2.14,11.46,14.5,-20.9
2025-06-09 15:36:00,M0004,OP0016,T00346,,,2.29,11.46,0.2,0.05,0.15,2.14,11.46,14.5,-20.9
2025-06-09 15:48:00,M0004,OP0016,T00346,,,2.29,11.46,0.2,0.05,0.15,2.14,11.46,14.5,-20.9
2025-06-09 16:00:00,M0004,OP0016,T00346,,,2.29,11.46,0.2,0.06,0.15,2.14,11.46,14.5,-20.9
2025-06-09 16:12:00,M0004,OP0016,T00346,,,2.29,11.46,0.2,0.05,0.15,2.14,11.46,14.5,-20.9
2025-06-09 16:24:00,M0004,OP0016,T00346,,,2.29,11.46,0.2,0.05,0.15,2.14,11.46,14.5,-20.9
2025-06-09 16:36:00,M0004,OP0016,T00346,,,2.29,11.46,0.2,0.04,0.15,2.14,11.46,14.5,-20.9
2025-06-09 16:48:00,M0004,OP0016,T00346,,,2.29,11.46,0.2,0.05,0.15,2.14,11.46,14.5,-20.9
2025-06-09 17:00:00,M0004,OP0016,T00346,,,2.29,11.46,0.2,0.05,0.15,2.14,11.46,14.5,-20.9
2025-06-09 17:12:00,M0004,OP0016,T00346,,,2.29,11.46,0.2,0.04,0.15,2.14,11.46,14.5,-20.9
2025-06-09 17:24:00,M0004,OP0016,T00346,,,0.76,11.46,0.07,0.01,0.05,0.71,11.46,14.5,-20.9
2025-07-04 11:19:00,M0003,OP0007,T00347,778.5,,3.35,16.73,0.2,0.03,0.25,3.09,16.73,25.0,-33.1
2025-07-04 11:31:00,M0003,OP0007,T00347,,,3.35,16.73,0.2,0.05,0.25,3.09,16.73,25.0,-33.1
2025-07-04 11:43:00,M0003,OP0007,T00347,,,3.35,16.73,0.2,0.04,0.25,3.09,16.73,25.0,-33.1
2025-07-04 11:55:00,M0003,OP0007,T00347,,,3.35,16.73,0.2,0.03,0.25,3.09,16.73,25.0,-33.1
2025-07-04 12:07:00,M0003,OP0007,T00347,,,3.35,16.73,0.2,0.05,0.25,3.09,16.73,25.0,-33.1
2025-07-04 12:19:00,M0003,OP0007,T00347,,,3.35,16.73,0.2,0.03,0.25,3.09,16.73,25.0,-33.1
2025-07-04 12:31:00,M0003,OP0007,T00347,,,3.35,16.73,0.2,0.04,0.25,3.09,16.73,25.0,-33.1
2025-07-04 12:43:00,M0003,OP0007,T00347,,,3.35,16.73,0.2,0.05,0.25,3.09,16.73,25.0,-33.1
2025-07-04 12:55:00,M0003,OP0007,T00347,,,3.35,16.73,0.2,0.04,0.25,3.09,16.73,25.0,-33.1
2025-07-04 13:07:00,M0003,OP0007,T00347,,,3.35,16.73,0.2,0.05,0.25,3.09,16.73,25.0,-33.1
2025-07-04 13:19:00,M0003,OP0007,T00347,,,3.35,16.73,0.2,0.03,0.25,3.09,16.73,25.0,-33.1
2025-07-04 13:31:00,M0003,OP0007,T00347,,,3.35,16.73,0.2,0.04,0.25,3.09,16.73,25.0,-33.1
2025-07-04 13:43:00,M0003,OP0007,T00347,,,3.35,16.73,0.2,0.03,0.25,3.09,16.73,25.0,-33.1
2025-07-04 13:55:00,M0003,OP0007,T00347,,,3.35,16.73,0.2,0.04,0.25,3.09,16.73,25.0,-33.1
2025-07-04 14:07:00,M0003,OP0007,T00347,,,3.35,16.73,0.2,0.03,0.25,3.09,16.73,25.0,-33.1
2025-07-04 14:19:00,M0003,OP0007,T00347,,,3.35,16.73,0.2,0.04,0.25,3.09,16.73,25.0,-33.1
2025-07-04 14:31:00,M0003,OP0007,T00347,,,3.35,16.73,0.2,0.04,0.25,3.09,16.73,25.0,-33.1
2025-07-04 14:43:00,M0003,OP0007,T00347,,,3.35,16.73,0.2,0.03,0.25,3.09,16.73,25.0,-33.1
2025-07-04 14:55:00,M0003,OP0007,T00347,,,3.35,16.73,0.2,0.03,0.25,3.09,16.73,25.0,-33.1
2025-07-04 15:07:00,M0003,OP0007,T00347,,,3.35,16.73,0.2,0.03,0.25,3.09,16.73,25.0,-33.1
2025-08-28 09:34:00,M0008,OP0027,T00348,364.7,,2.7,13.52,0.2,0.04,0.14,2.56,13.52,20.0,-32.4
2025-08-28 09:46:00,M0008,OP0027,T00348,,,2.7,13.52,0.2,0.04,0.14,2.56,13.52,20.0,-32.4
2025-08-28 09:58:00,M0008,OP0027,T00348,,,2.7,13.52,0.2,0.05,0.14,2.56,13.52,20.0,-32.4
2025-08-28 10:10:00,M0008,OP0027,T00348,,,2.7,13.52,0.2,0.05,0.14,2.56,13.52,20.0,-32.4
2025-08-28 10:22:00,M0008,OP0027,T00348,,,2.7,13.52,0.2,0.04,0.14,2.56,13.52,20.0,-32.4
2025-08-28 10:34:00,M0008,OP0027,T00348,,,2.7,13.52,0.2,0.04,0.14,2.56,13.52,20.0,-32.4
2025-08-28 10:46:00,M0008,OP0027,T00348,,,2.7,13.52,0.2,0.06,0.14,2.56,13.52,20.0,-32.4
2025-08-28 10:58:00,M0008,OP0027,T00348,,,2.7,13.52,0.2,0.06,0.14,2.56,13.52,20.0,-32.4
2025-08-28 11:10:00,M0008,OP0027,T00348,,,2.7,13.52,0.2,0.04,0.14,2.56,13.52,20.0,-32.4
2025-08-28 11:22:00,M0008,OP0027,T00348,,,2.7,13.52,0.2,0.04,0.14,2.56,13.52,20.0,-32.4
2025-08-28 11:34:00,M0008,OP0027,T00348,,,2.7,13.52,0.2,0.04,0.14,2.56,13.52,20.0,-32.4
2025-08-28 11:46:00,M0008,OP0027,T00348,,,2.7,13.52,0.2,0.05,0.14,2.56,13.52,20.0,-32.4
2025-08-28 11:58:00,M0008,OP0027,T00348,,,2.7,13.52,0.2,0.06,0.14,2.56,13.52,20.0,-32.4
2025-08-28 12:10:00,M0008,OP0027,T00348,,,2.7,13.52,0.2,0.05,0.14,2.56,13.52,20.0,-32.4
2025-08-28 12:22:00,M0008,OP0027,T00348,,,2.7,13.52,0.2,0.04,0.14,2.56,13.52,20.0,-32.4
2025-08-28 12:34:00,M0008,OP0027,T00348,,,2.7,13.52,0.2,0.06,0.14,2.56,13.52,20.0,-32.4
2025-08-28 12:46:00,M0008,OP0027,T00348,,,1.35,13.52,0.1,0.03,0.07,1.28,13.52,20.0,-32.4
2025-06-01 07:18:00,M0017,OP0022,T00349,317.7,,2.26,11.31,0.2,0.02,0.14,2.12,11.31,14.5,-22.0
2025-06-01 07:30:00,M0017,OP0022,T00349,,,2.26,11.31,0.2,0.02,0.14,2.12,11.31,14.5,-22.0
2025-06-01 07:42:00,M0017,OP0022,T00349,,,2.26,11.31,0.2,0.02,0.14,2.12,11.31,14.5,-22.0
2025-06-01 07:54:00,M0017,OP0022,T00349,,,2.26,11.31,0.2,0.02,0.14,2.12,11.31,14.5,-22.0
2025-06-01 08:06:00,M0017,OP0022,T00349,,,2.26,11.31,0.2,0.02,0.14,2.12,11.31,14.5,-22.0
2025-06-01 08:18:00,M0017,OP0022,T00349,,,2.26,11.31,0.2,0.02,0.14,2.12,11.31,14.5,-22.0
2025-06-01 08:30:00,M0017,OP0022,T00349,,,2.26,11.31,0.2,0.02,0.14,2.12,11.31,14.5,-22.0
2025-06-01 08:42:00,M0017,OP0022,T00349,,,2.26,11.31,0.2,0.02,0.14,2.12,11.31,14.5,-22.0
2025-06-01 08:54:00,M0017,OP0022,T00349,,,2.26,11.31,0.2,0.01,0.14,2.12,11.31,14.5,-22.0
2025-06-01 09:06:00,M0017,OP0022,T00349,,,2.26,11.31,0.2,0.02,0.14,2.12,11.31,14.5,-22.0
2025-06-01 09:18:00,M0017,OP0022,T00349,,,2.26,11.31,0.2,0.02,0.14,2.12,11.31,14.5,-22.0
2025-06-01 09:30:00,M0017,OP0022,T00349,,,2.26,11.31,0.2,0.02,0.14,2.12,11.31,14.5,-22.0
2025-06-01 09:42:00,M0017,OP0022,T00349,,,2.26,11.31,0.2,0.02,0.14,2.12,11.31,14.5,-22.0
2025-06-01 09:54:00,M0017,OP0022,T00349,,,2.26,11.31,0.2,0.02,0.14,2.12,11.31,14.5,-22.0
2025-06-01 10:06:00,M0017,OP0022,T00349,,,2.26,11.31,0.2,0.02,0.14,2.12,11.31,14.5,-22.0
2025-06-01 10:18:00,M0017,OP0022,T00349,,,2.26,11.31,0.2,0.02,0.14,2.12,11.31,14.5,-22.0
2025-06-01 10:30:00,M0017,OP0022,T00349,,,2.26,11.31,0.2,0.02,0.14,2.12,11.31,14.5,-22.0
2025-06-01 10:42:00,M0017,OP0022,T00349,,,2.26,11.31,0.2,0.02,0.14,2.12,11.31,14.5,-22.0
2025-06-01 10:54:00,M0017,OP0022,T00349,,,2.26,11.31,0.2,0.02,0.14,2.12,11.31,14.5,-22.0
2025-06-01 11:06:00,M0017,OP0022,T00349,,,2.26,11.31,0.2,0.02,0.14,2.12,11.31,14.5,-22.0
2025-03-01 06:49:00,M0039,OP0008,T00350,534.0,,4.04,20.22,0.2,0.05,0.3,3.74,20.22,20.0,1.1
2025-03-01 07:01:00,M0039,OP0008,T00350,,,4.04,20.22,0.2,0.04,0.3,3.74,20.22,20.0,1.1
2025-03-01 07:13:00,M0039,OP0008,T00350,,,3.37,20.22,0.17,0.05,0.25,3.12,20.22,20.0,1.1
2025-08-28 07:52:00,M0035,OP0005,T00351,259.8,,2.42,12.11,0.2,0.05,0.08,2.34,12.11,14.5,-16.5
2025-08-28 08:04:00,M0035,OP0005,T00351,,,2.42,12.11,0.2,0.04,0.08,2.34,12.11,14.5,-16.5
2025-08-28 08:16:00,M0035,OP0005,T00351,,,2.42,12.11,0.2,0.03,0.08,2.34,12.11,14.5,-16.5
2025-08-28 08:28:00,M0035,OP0005,T00351,,,2.42,12.11,0.2,0.03,0.08,2.34,12.11,14.5,-16.5
2025-08-28 08:40:00,M0035,OP0005,T00351,,,2.42,12.11,0.2,0.05,0.08,2.34,12.11,14.5,-16.5
2025-08-28 08:52:00,M0035,OP0005,T00351,,,2.42,12.11,0.2,0.04,0.08,2.34,12.11,14.5,-16.5
2025-08-28 09:04:00,M0035,OP0005,T00351,,,2.42,12.11,0.2,0.04,0.08,2.34,12.11,14.5,-16.5
2025-08-28 09:16:00,M0035,OP0005,T00351,,,2.42,12.11,0.2,0.04,0.08,2.34,12.11,14.5,-16.5
2025-08-28 09:28:00,M0035,OP0005,T00351,,,2.42,12.11,0.2,0.03,0.08,2.34,12.11,14.5,-16.5
2025-08-28 09:40:00,M0035,OP0005,T00351,,,2.42,12.11,0.2,0.04,0.08,2.34,12.11,14.5,-16.5
2025-08-28 09:52:00,M0035,OP0005,T00351,,,2.42,12.11,0.2,0.03,0.08,2.34,12.11,14.5,-16.5
2025-08-28 10:04:00,M0035,OP0005,T00351,,,2.42,12.11,0.2,0.04,0.08,2.34,12.11,14.5,-16.5
2025-08-28 10:16:00,M0035,OP0005,T00351,,,2.42,12.11,0.2,0.03,0.08,2.34,12.11,14.5,-16.5
2025-08-28 10:28:00,M0035,OP0005,T00351,,,2.42,12.11,0.2,0.05,0.08,2.34,12.11,14.5,-16.5
2025-08-28 10:40:00,M0035,OP0005,T00351,,,2.42,12.11,0.2,0.04,0.08,2.34,12.11,14.5,-16.5
2025-08-28 10:52:00,M0035,OP0005,T00351,,,2.42,12.11,0.2,0.03,0.08,2.34,12.11,14.5,-16.5
2025-08-28 11:04:00,M0035,OP0005,T00351,,,2.42,12.11,0.2,0.03,0.08,2.34,12.11,14.5,-16.5
2025-08-28 11:16:00,M0035,OP0005,T00351,,,2.42,12.11,0.2,0.04,0.08,2.34,12.11,14.5,-16.5
2025-08-28 11:28:00,M0035,OP0005,T00351,,,2.42,12.11,0.2,0.04,0.08,2.34,12.11,14.5,-16.5
2025-08-28 11:40:00,M0035,OP0005,T00351,,,0.4,12.11,0.03,0.01,0.01,0.39,12.11,14.5,-16.5
2025-09-14 15:43:00,M0037,OP0025,T00352,238.9,,1.93,9.65,0.2,0.02,0.09,1.84,9.65,12.0,-19.5
2025-09-14 15:55:00,M0037,OP0025,T00352,,,1.93,9.65,0.2,0.03,0.09,1.84,9.65,12.0,-19.5
2025-09-14 16:07:00,M0037,OP0025,T00352,,,1.93,9.65,0.2,0.03,0.09,1.84,9.65,12.0,-19.5
2025-09-14 16:19:00,M0037,OP0025,T00352,,,1.93,9.65,0.2,0.02,0.09,1.84,9.65,12.0,-19.5
2025-09-14 16:31:00,M0037,OP0025,T00352,,,1.93,9.65,0.2,0.03,0.09,1.84,9.65,12.0,-19.5
2025-09-14 16:43:00,M0037,OP0025,T00352,,,1.93,9.65,0.2,0.03,0.09,1.84,9.65,12.0,-19.5
2025-09-14 16:55:00,M0037,OP0025,T00352,,,1.93,9.65,0.2,0.02,0.09,1.84,9.65,12.0,-19.5
2025-09-14 17:07:00,M0037,OP0025,T00352,,,1.93,9.65,0.2,0.03,0.09,1.84,9.65,12.0,-19.5
2025-09-14 17:19:00,M0037,OP0025,T00352,,,1.93,9.65,0.2,0.03,0.09,1.84,9.65,12.0,-19.5
2025-09-14 17:31:00,M0037,OP0025,T00352,,,1.93,9.65,0.2,0.03,0.09,1.84,9.65,12.0,-19.5
2025-09-14 17:43:00,M0037,OP0025,T00352,,,1.29,9.65,0.13,0.02,0.06,1.23,9.65,12.0,-19.5
2025-02-04 14:50:00,M0005,OP0027,T00353,418.5,,3.64,18.19,0.2,0.06,0.21,3.42,18.19,28.0,-35.0
2025-02-04 15:02:00,M0005,OP0027,T00353,,,3.64,18.19,0.2,0.06,0.21,3.42,18.19,28.0,-35.0
2025-02-04 15:14:00,M0005,OP0027,T00353,,,3.64,18.19,0.2,0.06,0.21,3.42,18.19,28.0,-35.0
2025-02-04 15:26:00,M0005,OP0027,T00353,,,3.64,18.19,0.2,0.07,0.21,3.42,18.19,28.0,-35.0
2025-02-04 15:38:00,M0005,OP0027,T00353,,,3.64,18.19,0.2,0.07,0.21,3.42,18.19,28.0,-35.0
2025-02-04 15:50:00,M0005,OP0027,T00353,,,3.64,18.19,0.2,0.06,0.21,3.42,18.19,28.0,-35.0
2025-02-04 16:02:00,M0005,OP0027,T00353,,,3.64,18.19,0.2,0.04,0.21,3.42,18.19,28.0,-35.0
2025-02-04 16:14:00,M0005,OP0027,T00353,,,3.64,18.19,0.2,0.07,0.21,3.42,18.19,28.0,-35.0
2025-02-04 16:26:00,M0005,OP0027,T00353,,,3.64,18.19,0.2,0.05,0.21,3.42,18.19,28.0,-35.0
2025-02-04 16:38:00,M0005,OP0027,T00353,,,3.64,18.19,0.2,0.07,0.21,3.42,18.19,28.0,-35.0
2025-02-04 16:50:00,M0005,OP0027,T00353,,,3.64,18.19,0.2,0.07,0.21,3.42,18.19,28.0,-35.0
2025-02-04 17:02:00,M0005,OP0027,T00353,,,3.64,18.19,0.2,0.06,0.21,3.42,18.19,28.0,-35.0
2025-02-04 17:14:00,M0005,OP0027,T00353,,,3.64,18.19,0.2,0.05,0.21,3.42,18.19,28.0,-35.0
2025-02-04 17:26:00,M0005,OP0027,T00353,,,3.64,18.19,0.2,0.05,0.21,3.42,18.19,28.0,-35.0
2025-02-04 17:38:00,M0005,OP0027,T00353,,,3.64,18.19,0.2,0.04,0.21,3.42,18.19,28.0,-35.0
2025-02-04 17:50:00,M0005,OP0027,T00353,,,3.64,18.19,0.2,0.06,0.21,3.42,18.19,28.0,-35.0
2025-08-27 11:36:00,M0025,OP0030,T00354,378.6,,3.03,15.16,0.2,0.05,0.13,2.9,15.16,19.5,-22.3
2025-08-27 11:48:00,M0025,OP0030,T00354,,,3.03,15.16,0.2,0.05,0.13,2.9,15.16,19.5,-22.3
2025-08-27 12:00:00,M0025,OP0030,T00354,,,3.03,15.16,0.2,0.03,0.13,2.9,15.16,19.5,-22.3
2025-08-27 12:12:00,M0025,OP0030,T00354,,,3.03,15.16,0.2,0.03,0.13,2.9,15.16,19.5,-22.3
2025-08-27 12:24:00,M0025,OP0030,T00354,,,3.03,15.16,0.2,0.05,0.13,2.9,15.16,19.5,-22.3
2025-08-27 12:36:00,M0025,OP0030,T00354,,,3.03,15.16,0.2,0.04,0.13,2.9,15.16,19.5,-22.3
2025-08-27 12:48:00,M0025,OP0030,T00354,,,3.03,15.16,0.2,0.05,0.13,2.9,15.16,19.5,-22.3
2025-08-27 13:00:00,M0025,OP0030,T00354,,,3.03,15.16,0.2,0.04,0.13,2.9,15.16,19.5,-22.3
2025-08-27 13:12:00,M0025,OP0030,T00354,,,3.03,15.16,0.2,0.05,0.13,2.9,15.16,19.5,-22.3
2025-08-27 13:24:00,M0025,OP0030,T00354,,,3.03,15.16,0.2,0.05,0.13,2.9,15.16,19.5,-22.3
2025-08-27 13:36:00,M0025,OP0030,T00354,,,3.03,15.16,0.2,0.04,0.13,2.9,15.16,19.5,-22.3
2025-08-27 13:48:00,M0025,OP0030,T00354,,,3.03,15.16,0.2,0.03,0.13,2.9,15.16,19.5,-22.3
2025-08-27 14:00:00,M0025,OP0030,T00354,,,3.03,15.16,0.2,0.04,0.13,2.9,15.16,19.5,-22.3
2025-08-27 14:12:00,M0025,OP0030,T00354,,,3.03,15.16,0.2,0.05,0.13,2.9,15.16,19.5,-22.3
2025-08-27 14:24:00,M0025,OP0030,T00354,,,3.03,15.16,0.2,0.04,0.13,2.9,15.16,19.5,-22.3
2025-08-27 14:36:00,M0025,OP0030,T00354,,,3.03,15.16,0.2,0.05,0.13,2.9,15.16,19.5,-22.3
2025-08-27 14:48:00,M0025,OP0030,T00354,,,3.03,15.16,0.2,0.05,0.13,2.9,15.16,19.5,-22.3
2025-08-27 15:00:00,M0025,OP0030,T00354,,,3.03,15.16,0.2,0.04,0.13,2.9,15.16,19.5,-22.3
2025-08-27 15:12:00,M0025,OP0030,T00354,,,3.03,15.16,0.2,0.03,0.13,2.9,15.16,19.5,-22.3
2025-08-27 15:24:00,M0025,OP0030,T00354,,,3.03,15.16,0.2,0.04,0.13,2.9,15.16,19.5,-22.3
2025-06-21 11:37:00,M0021,OP0030,T00356,374.8,,1.78,8.9,0.2,0.03,0.21,1.57,8.9,14.5,-38.6
2025-06-21 11:49:00,M0021,OP0030,T00356,,,1.78,8.9,0.2,0.04,0.21,1.57,8.9,14.5,-38.6
2025-06-21 12:01:00,M0021,OP0030,T00356,,,1.78,8.9,0.2,0.03,0.21,1.57,8.9,14.5,-38.6
2025-06-21 12:13:00,M0021,OP0030,T00356,,,1.78,8.9,0.2,0.04,0.21,1.57,8.9,14.5,-38.6
2025-06-21 12:25:00,M0021,OP0030,T00356,,,1.78,8.9,0.2,0.05,0.21,1.57,8.9,14.5,-38.6
2025-06-21 12:37:00,M0021,OP0030,T00356,,,1.78,8.9,0.2,0.03,0.21,1.57,8.9,14.5,-38.6
2025-06-21 12:49:00,M0021,OP0030,T00356,,,1.78,8.9,0.2,0.03,0.21,1.57,8.9,14.5,-38.6
2025-06-21 13:01:00,M0021,OP0030,T00356,,,1.78,8.9,0.2,0.03,0.21,1.57,8.9,14.5,-38.6
2025-06-21 13:13:00,M0021,OP0030,T00356,,,1.78,8.9,0.2,0.03,0.21,1.57,8.9,14.5,-38.6
2025-06-21 13:25:00,M0021,OP0030,T00356,,,1.78,8.9,0.2,0.03,0.21,1.57,8.9,14.5,-38.6
2025-06-21 13:37:00,M0021,OP0030,T00356,,,1.78,8.9,0.2,0.03,0.21,1.57,8.9,14.5,-38.6
2025-06-21 13:49:00,M0021,OP0030,T00356,,,1.78,8.9,0.2,0.03,0.21,1.57,8.9,14.5,-38.6
2025-06-21 14:01:00,M0021,OP0030,T00356,,,1.78,8.9,0.2,0.03,0.21,1.57,8.9,14.5,-38.6
2025-06-21 14:13:00,M0021,OP0030,T00356,,,1.78,8.9,0.2,0.05,0.21,1.57,8.9,14.5,-38.6
2025-06-21 14:25:00,M0021,OP0030,T00356,,,1.78,8.9,0.2,0.03,0.21,1.57,8.9,14.5,-38.6
2025-06-21 14:37:00,M0021,OP0030,T00356,,,1.78,8.9,0.2,0.04,0.21,1.57,8.9,14.5,-38.6
2025-06-21 14:49:00,M0021,OP0030,T00356,,,1.78,8.9,0.2,0.04,0.21,1.57,8.9,14.5,-38.6
2025-06-21 15:01:00,M0021,OP0030,T00356,,,1.78,8.9,0.2,0.04,0.21,1.57,8.9,14.5,-38.6
2025-06-21 15:13:00,M0021,OP0030,T00356,,,1.78,8.9,0.2,0.04,0.21,1.57,8.9,14.5,-38.6
2025-06-21 15:25:00,M0021,OP0030,T00356,,,1.78,8.9,0.2,0.04,0.21,1.57,8.9,14.5,-38.6
2025-06-07 13:58:00,M0016,OP0036,T00357,169.2,,1.85,9.25,0.2,0.02,0.13,1.72,9.25,12.0,-22.9
2025-06-07 14:10:00,M0016,OP0036,T00357,,,1.85,9.25,0.2,0.03,0.13,1.72,9.25,12.0,-22.9
2025-06-07 14:22:00,M0016,OP0036,T00357,,,1.85,9.25,0.2,0.02,0.13,1.72,9.25,12.0,-22.9
2025-06-07 14:34:00,M0016,OP0036,T00357,,,1.85,9.25,0.2,0.03,0.13,1.72,9.25,12.0,-22.9
2025-06-07 14:46:00,M0016,OP0036,T00357,,,1.85,9.25,0.2,0.03,0.13,1.72,9.25,12.0,-22.9
2025-06-07 14:58:00,M0016,OP0036,T00357,,,1.85,9.25,0.2,0.02,0.13,1.72,9.25,12.0,-22.9
2025-06-07 15:10:00,M0016,OP0036,T00357,,,1.85,9.25,0.2,0.03,0.13,1.72,9.25,12.0,-22.9
2025-06-07 15:22:00,M0016,OP0036,T00357,,,1.85,9.25,0.2,0.03,0.13,1.72,9.25,12.0,-22.9
2025-06-07 15:34:00,M0016,OP0036,T00357,,,1.85,9.25,0.2,0.02,0.13,1.72,9.25,12.0,-22.9
2025-06-07 15:46:00,M0016,OP0036,T00357,,,1.85,9.25,0.2,0.03,0.13,1.72,9.25,12.0,-22.9
2025-06-07 15:58:00,M0016,OP0036,T00357,,,1.85,9.25,0.2,0.03,0.13,1.72,9.25,12.0,-22.9
2025-06-07 16:10:00,M0016,OP0036,T00357,,,1.85,9.25,0.2,0.02,0.13,1.72,9.25,12.0,-22.9
2025-06-07 16:22:00,M0016,OP0036,T00357,,,1.85,9.25,0.2,0.02,0.13,1.72,9.25,12.0,-22.9
2025-06-07 16:34:00,M0016,OP0036,T00357,,,1.85,9.25,0.2,0.02,0.13,1.72,9.25,12.0,-22.9
2025-06-07 16:46:00,M0016,OP0036,T00357,,,1.85,9.25,0.2,0.02,0.13,1.72,9.25,12.0,-22.9
2025-06-07 16:58:00,M0016,OP0036,T00357,,,0.92,9.25,0.1,0.01,0.07,0.86,9.25,12.0,-22.9
2025-04-27 07:58:00,M0021,OP0041,T00358,385.8,,1.82,9.09,0.2,0.09,0.23,1.59,9.09,14.5,-37.3
2025-04-27 08:10:00,M0021,OP0041,T00358,,,1.82,9.09,0.2,0.08,0.23,1.59,9.09,14.5,-37.3
2025-04-27 08:22:00,M0021,OP0041,T00358,,,1.82,9.09,0.2,0.06,0.23,1.59,9.09,14.5,-37.3
2025-04-27 08:34:00,M0021,OP0041,T00358,,,1.82,9.09,0.2,0.09,0.23,1.59,9.09,14.5,-37.3
2025-04-27 08:46:00,M0021,OP0041,T00358,,,1.82,9.09,0.2,0.07,0.23,1.59,9.09,14.5,-37.3
2025-04-27 08:58:00,M0021,OP0041,T00358,,,1.82,9.09,0.2,0.05,0.23,1.59,9.09,14.5,-37.3
2025-04-27 09:10:00,M0021,OP0041,T00358,,,1.82,9.09,0.2,0.08,0.23,1.59,9.09,14.5,-37.3
2025-04-27 09:22:00,M0021,OP0041,T00358,,,1.82,9.09,0.2,0.06,0.23,1.59,9.09,14.5,-37.3
2025-04-27 09:34:00,M0021,OP0041,T00358,,,1.82,9.09,0.2,0.07,0.23,1.59,9.09,14.5,-37.3
2025-04-27 09:46:00,M0021,OP0041,T00358,,,1.82,9.09,0.2,0.09,0.23,1.59,9.09,14.5,-37.3
2025-04-27 09:58:00,M0021,OP0041,T00358,,,1.82,9.09,0.2,0.06,0.23,1.59,9.09,14.5,-37.3
2025-04-27 10:10:00,M0021,OP0041,T00358,,,1.82,9.09,0.2,0.07,0.23,1.59,9.09,14.5,-37.3
2025-04-27 10:22:00,M0021,OP0041,T00358,,,1.82,9.09,0.2,0.06,0.23,1.59,9.09,14.5,-37.3
2025-04-27 10:34:00,M0021,OP0041,T00358,,,1.82,9.09,0.2,0.09,0.23,1.59,9.09,14.5,-37.3
2025-04-27 10:46:00,M0021,OP0041,T00358,,,1.82,9.09,0.2,0.05,0.23,1.59,9.09,14.5,-37.3
2025-04-27 10:58:00,M0021,OP0041,T00358,,,1.82,9.09,0.2,0.07,0.23,1.59,9.09,14.5,-37.3
2025-04-27 11:10:00,M0021,OP0041,T00358,,,1.82,9.09,0.2,0.06,0.23,1.59,9.09,14.5,-37.3
2025-04-27 11:22:00,M0021,OP0041,T00358,,,1.82,9.09,0.2,0.06,0.23,1.59,9.09,14.5,-37.3
2025-04-27 11:34:00,M0021,OP0041,T00358,,,1.82,9.09,0.2,0.06,0.23,1.59,9.09,14.5,-37.3
2025-04-27 11:46:00,M0021,OP0041,T00358,,,1.82,9.09,0.2,0.08,0.23,1.59,9.09,14.5,-37.3
2025-05-03 12:11:00,M0012,OP0026,T00359,468.5,,4.64,23.18,0.2,0.02,0.22,4.42,23.18,28.0,-17.2
2025-05-03 12:23:00,M0012,OP0026,T00359,,,4.64,23.18,0.2,0.01,0.22,4.42,23.18,28.0,-17.2
2025-05-03 12:35:00,M0012,OP0026,T00359,,,4.64,23.18,0.2,0.02,0.22,4.42,23.18,28.0,-17.2
2025-05-03 12:47:00,M0012,OP0026,T00359,,,4.64,23.18,0.2,0.02,0.22,4.42,23.18,28.0,-17.2
2025-05-03 12:59:00,M0012,OP0026,T00359,,,4.64,23.18,0.2,0.03,0.22,4.42,23.18,28.0,-17.2
2025-05-03 13:11:00,M0012,OP0026,T00359,,,4.64,23.18,0.2,0.02,0.22,4.42,23.18,28.0,-17.2
2025-05-03 13:23:00,M0012,OP0026,T00359,,,4.64,23.18,0.2,0.02,0.22,4.42,23.18,28.0,-17.2
2025-05-03 13:35:00,M0012,OP0026,T00359,,,4.64,23.18,0.2,0.02,0.22,4.42,23.18,28.0,-17.2
2025-05-03 13:47:00,M0012,OP0026,T00359,,,4.64,23.18,0.2,0.02,0.22,4.42,23.18,28.0,-17.2
2025-05-03 13:59:00,M0012,OP0026,T00359,,,4.64,23.18,0.2,0.01,0.22,4.42,23.18,28.0,-17.2
2025-05-03 14:11:00,M0012,OP0026,T00359,,,4.64,23.18,0.2,0.02,0.22,4.42,23.18,28.0,-17.2
2025-05-03 14:23:00,M0012,OP0026,T00359,,,4.64,23.18,0.2,0.02,0.22,4.42,23.18,28.0,-17.2
2025-05-03 14:35:00,M0012,OP0026,T00359,,,4.64,23.18,0.2,0.02,0.22,4.42,23.18,28.0,-17.2
2025-05-03 14:47:00,M0012,OP0026,T00359,,,4.64,23.18,0.2,0.01,0.22,4.42,23.18,28.0,-17.2
2025-05-03 14:59:00,M0012,OP0026,T00359,,,4.64,23.18,0.2,0.03,0.22,4.42,23.18,28.0,-17.2
2025-05-03 15:11:00,M0012,OP0026,T00359,,,4.64,23.18,0.2,0.02,0.22,4.42,23.18,28.0,-17.2
2025-05-03 15:23:00,M0012,OP0026,T00359,,,4.64,23.18,0.2,0.02,0.22,4.42,23.18,28.0,-17.2
2025-05-03 15:35:00,M0012,OP0026,T00359,,,4.64,23.18,0.2,0.01,0.22,4.42,23.18,28.0,-17.2
2025-05-03 15:47:00,M0012,OP0026,T00359,,,4.64,23.18,0.2,0.02,0.22,4.42,23.18,28.0,-17.2
2025-05-03 15:59:00,M0012,OP0026,T00359,,,4.64,23.18,0.2,0.02,0.22,4.42,23.18,28.0,-17.2
2025-06-03 09:52:00,M0017,OP0011,T00360,239.7,,2.18,10.9,0.2,0.06,0.13,2.05,10.9,14.5,-24.8
2025-06-03 10:04:00,M0017,OP0011,T00360,,,2.18,10.9,0.2,0.04,0.13,2.05,10.9,14.5,-24.8
2025-06-03 10:16:00,M0017,OP0011,T00360,,,2.18,10.9,0.2,0.03,0.13,2.05,10.9,14.5,-24.8
2025-06-03 10:28:00,M0017,OP0011,T00360,,,2.18,10.9,0.2,0.04,0.13,2.05,10.9,14.5,-24.8
2025-06-03 10:40:00,M0017,OP0011,T00360,,,2.18,10.9,0.2,0.05,0.13,2.05,10.9,14.5,-24.8
2025-06-03 10:52:00,M0017,OP0011,T00360,,,2.18,10.9,0.2,0.05,0.13,2.05,10.9,14.5,-24.8
2025-06-03 11:04:00,M0017,OP0011,T00360,,,2.18,10.9,0.2,0.05,0.13,2.05,10.9,14.5,-24.8
2025-06-03 11:16:00,M0017,OP0011,T00360,,,2.18,10.9,0.2,0.04,0.13,2.05,10.9,14.5,-24.8
2025-06-03 11:28:00,M0017,OP0011,T00360,,,2.18,10.9,0.2,0.05,0.13,2.05,10.9,14.5,-24.8
2025-06-03 11:40:00,M0017,OP0011,T00360,,,2.18,10.9,0.2,0.05,0.13,2.05,10.9,14.5,-24.8
2025-06-03 11:52:00,M0017,OP0011,T00360,,,2.18,10.9,0.2,0.04,0.13,2.05,10.9,14.5,-24.8
2025-06-03 12:04:00,M0017,OP0011,T00360,,,2.18,10.9,0.2,0.03,0.13,2.05,10.9,14.5,-24.8
2025-06-03 12:16:00,M0017,OP0011,T00360,,,2.18,10.9,0.2,0.04,0.13,2.05,10.9,14.5,-24.8
2025-06-03 12:28:00,M0017,OP0011,T00360,,,2.18,10.9,0.2,0.04,0.13,2.05,10.9,14.5,-24.8
2025-06-03 12:40:00,M0017,OP0011,T00360,,,2.18,10.9,0.2,0.06,0.13,2.05,10.9,14.5,-24.8
2025-06-03 12:52:00,M0017,OP0011,T00360,,,2.18,10.9,0.2,0.05,0.13,2.05,10.9,14.5,-24.8
2025-06-03 13:04:00,M0017,OP0011,T00360,,,2.18,10.9,0.2,0.05,0.13,2.05,10.9,14.5,-24.8
2025-06-03 13:16:00,M0017,OP0011,T00360,,,2.18,10.9,0.2,0.04,0.13,2.05,10.9,14.5,-24.8
2025-06-03 13:28:00,M0017,OP0011,T00360,,,2.18,10.9,0.2,0.05,0.13,2.05,10.9,14.5,-24.8
2025-06-03 13:40:00,M0017,OP0011,T00360,,,2.18,10.9,0.2,0.04,0.13,2.05,10.9,14.5,-24.8
2025-03-25 14:44:00,M0020,OP0019,T00362,196.7,,1.72,8.58,0.2,0.05,0.05,1.66,8.58,10.5,-18.3
2025-03-25 14:56:00,M0020,OP0019,T00362,,,1.72,8.58,0.2,0.03,0.05,1.66,8.58,10.5,-18.3
2025-03-25 15:08:00,M0020,OP0019,T00362,,,1.72,8.58,0.2,0.04,0.05,1.66,8.58,10.5,-18.3
2025-03-25 15:20:00,M0020,OP0019,T00362,,,1.72,8.58,0.2,0.04,0.05,1.66,8.58,10.5,-18.3
2025-03-25 15:32:00,M0020,OP0019,T00362,,,1.72,8.58,0.2,0.04,0.05,1.66,8.58,10.5,-18.3
2025-03-25 15:44:00,M0020,OP0019,T00362,,,1.72,8.58,0.2,0.03,0.05,1.66,8.58,10.5,-18.3
2025-03-25 15:56:00,M0020,OP0019,T00362,,,1.72,8.58,0.2,0.04,0.05,1.66,8.58,10.5,-18.3
2025-03-25 16:08:00,M0020,OP0019,T00362,,,1.72,8.58,0.2,0.03,0.05,1.66,8.58,10.5,-18.3
2025-03-25 16:20:00,M0020,OP0019,T00362,,,1.72,8.58,0.2,0.04,0.05,1.66,8.58,10.5,-18.3
2025-03-25 16:32:00,M0020,OP0019,T00362,,,1.72,8.58,0.2,0.04,0.05,1.66,8.58,10.5,-18.3
2025-03-25 16:44:00,M0020,OP0019,T00362,,,1.72,8.58,0.2,0.05,0.05,1.66,8.58,10.5,-18.3
2025-03-25 16:56:00,M0020,OP0019,T00362,,,1.72,8.58,0.2,0.04,0.05,1.66,8.58,10.5,-18.3
2025-03-25 17:08:00,M0020,OP0019,T00362,,,1.72,8.58,0.2,0.05,0.05,1.66,8.58,10.5,-18.3
2025-03-25 17:20:00,M0020,OP0019,T00362,,,1.72,8.58,0.2,0.03,0.05,1.66,8.58,10.5,-18.3
2025-03-25 17:32:00,M0020,OP0019,T00362,,,1.72,8.58,0.2,0.04,0.05,1.66,8.58,10.5,-18.3
2025-03-25 17:44:00,M0020,OP0019,T00362,,,1.72,8.58,0.2,0.05,0.05,1.66,8.58,10.5,-18.3
2025-03-25 17:56:00,M0020,OP0019,T00362,,,1.72,8.58,0.2,0.04,0.05,1.66,8.58,10.5,-18.3
2025-03-25 18:08:00,M0020,OP0019,T00362,,,1.72,8.58,0.2,0.04,0.05,1.66,8.58,10.5,-18.3
2025-03-25 18:20:00,M0020,OP0019,T00362,,,1.72,8.58,0.2,0.03,0.05,1.66,8.58,10.5,-18.3
2025-03-24 12:46:00,M0008,OP0010,T00363,322.4,,3.72,18.61,0.2,0.01,0.15,3.58,18.61,20.0,-7.0
2025-03-24 12:58:00,M0008,OP0010,T00363,,,3.72,18.61,0.2,0.01,0.15,3.58,18.61,20.0,-7.0
2025-03-24 13:10:00,M0008,OP0010,T00363,,,3.72,18.61,0.2,0.01,0.15,3.58,18.61,20.0,-7.0
2025-03-24 13:22:00,M0008,OP0010,T00363,,,3.72,18.61,0.2,0.01,0.15,3.58,18.61,20.0,-7.0
2025-03-24 13:34:00,M0008,OP0010,T00363,,,3.72,18.61,0.2,0.01,0.15,3.58,18.61,20.0,-7.0
2025-03-24 13:46:00,M0008,OP0010,T00363,,,3.72,18.61,0.2,0.01,0.15,3.58,18.61,20.0,-7.0
2025-03-24 13:58:00,M0008,OP0010,T00363,,,3.72,18.61,0.2,0.01,0.15,3.58,18.61,20.0,-7.0
2025-03-24 14:10:00,M0008,OP0010,T00363,,,3.72,18.61,0.2,0.01,0.15,3.58,18.61,20.0,-7.0
2025-03-24 14:22:00,M0008,OP0010,T00363,,,3.72,18.61,0.2,0.01,0.15,3.58,18.61,20.0,-7.0
2025-03-24 14:34:00,M0008,OP0010,T00363,,,3.72,18.61,0.2,0.01,0.15,3.58,18.61,20.0,-7.0
2025-03-24 14:46:00,M0008,OP0010,T00363,,,3.72,18.61,0.2,0.01,0.15,3.58,18.61,20.0,-7.0
2025-03-24 14:58:00,M0008,OP0010,T00363,,,3.72,18.61,0.2,0.01,0.15,3.58,18.61,20.0,-7.0
2025-03-24 15:10:00,M0008,OP0010,T00363,,,3.72,18.61,0.2,0.01,0.15,3.58,18.61,20.0,-7.0
2025-03-24 15:22:00,M0008,OP0010,T00363,,,3.72,18.61,0.2,0.01,0.15,3.58,18.61,20.0,-7.0
2025-03-24 15:34:00,M0008,OP0010,T00363,,,3.72,18.61,0.2,0.01,0.15,3.58,18.61,20.0,-7.0
2025-03-24 15:46:00,M0008,OP0010,T00363,,,3.72,18.61,0.2,0.01,0.15,3.58,18.61,20.0,-7.0
2025-03-24 15:58:00,M0008,OP0010,T00363,,,3.72,18.61,0.2,0.01,0.15,3.58,18.61,20.0,-7.0
2025-03-24 16:10:00,M0008,OP0010,T00363,,,3.72,18.61,0.2,0.01,0.15,3.58,18.61,20.0,-7.0
2025-03-24 16:22:00,M0008,OP0010,T00363,,,3.72,18.61,0.2,0.01,0.15,3.58,18.61,20.0,-7.0
2025-03-24 16:34:00,M0008,OP0010,T00363,,,3.72,18.61,0.2,0.01,0.15,3.58,18.61,20.0,-7.0
2025-04-02 11:30:00,M0023,OP0050,T00364,294.4,,2.67,13.37,0.2,0.03,0.2,2.47,13.37,19.5,-31.4
2025-04-02 11:42:00,M0023,OP0050,T00364,,,2.67,13.37,0.2,0.03,0.2,2.47,13.37,19.5,-31.4
2025-04-02 11:54:00,M0023,OP0050,T00364,,,2.67,13.37,0.2,0.03,0.2,2.47,13.37,19.5,-31.4
2025-04-02 12:06:00,M0023,OP0050,T00364,,,2.67,13.37,0.2,0.02,0.2,2.47,13.37,19.5,-31.4
2025-04-02 12:18:00,M0023,OP0050,T00364,,,2.67,13.37,0.2,0.02,0.2,2.47,13.37,19.5,-31.4
2025-04-02 12:30:00,M0023,OP0050,T00364,,,2.67,13.37,0.2,0.03,0.2,2.47,13.37,19.5,-31.4
2025-04-02 12:42:00,M0023,OP0050,T00364,,,2.67,13.37,0.2,0.02,0.2,2.47,13.37,19.5,-31.4
2025-04-02 12:54:00,M0023,OP0050,T00364,,,2.67,13.37,0.2,0.03,0.2,2.47,13.37,19.5,-31.4
2025-04-02 13:06:00,M0023,OP0050,T00364,,,2.67,13.37,0.2,0.03,0.2,2.47,13.37,19.5,-31.4
2025-04-02 13:18:00,M0023,OP0050,T00364,,,2.67,13.37,0.2,0.03,0.2,2.47,13.37,19.5,-31.4
2025-04-02 13:30:00,M0023,OP0050,T00364,,,2.67,13.37,0.2,0.02,0.2,2.47,13.37,19.5,-31.4
2025-04-02 13:42:00,M0023,OP0050,T00364,,,2.67,13.37,0.2,0.02,0.2,2.47,13.37,19.5,-31.4
2025-04-02 13:54:00,M0023,OP0050,T00364,,,2.67,13.37,0.2,0.03,0.2,2.47,13.37,19.5,-31.4
2025-04-02 14:06:00,M0023,OP0050,T00364,,,2.67,13.37,0.2,0.02,0.2,2.47,13.37,19.5,-31.4
2025-04-02 14:18:00,M0023,OP0050,T00364,,,2.67,13.37,0.2,0.02,0.2,2.47,13.37,19.5,-31.4
2025-04-02 14:30:00,M0023,OP0050,T00364,,,2.67,13.37,0.2,0.02,0.2,2.47,13.37,19.5,-31.4
2025-04-02 14:42:00,M0023,OP0050,T00364,,,2.67,13.37,0.2,0.03,0.2,2.47,13.37,19.5,-31.4
2025-04-02 14:54:00,M0023,OP0050,T00364,,,2.67,13.37,0.2,0.03,0.2,2.47,13.37,19.5,-31.4
2025-04-02 15:06:00,M0023,OP0050,T00364,,,2.67,13.37,0.2,0.03,0.2,2.47,13.37,19.5,-31.4
2025-04-02 15:18:00,M0023,OP0050,T00364,,,2.67,13.37,0.2,0.02,0.2,2.47,13.37,19.5,-31.4
2025-07-06 07:21:00,M0034,OP0032,T00365,408.5,,2.91,14.54,0.2,0.02,0.17,2.74,14.54,20.0,-27.3
2025-07-06 07:33:00,M0034,OP0032,T00365,,,2.91,14.54,0.2,0.03,0.17,2.74,14.54,20.0,-27.3
2025-07-06 07:45:00,M0034,OP0032,T00365,,,2.91,14.54,0.2,0.03,0.17,2.74,14.54,20.0,-27.3
2025-07-06 07:57:00,M0034,OP0032,T00365,,,2.91,14.54,0.2,0.03,0.17,2.74,14.54,20.0,-27.3
2025-07-06 08:09:00,M0034,OP0032,T00365,,,2.91,14.54,0.2,0.03,0.17,2.74,14.54,20.0,-27.3
2025-07-06 08:21:00,M0034,OP0032,T00365,,,2.91,14.54,0.2,0.03,0.17,2.74,14.54,20.0,-27.3
2025-07-06 08:33:00,M0034,OP0032,T00365,,,2.91,14.54,0.2,0.03,0.17,2.74,14.54,20.0,-27.3
2025-07-06 08:45:00,M0034,OP0032,T00365,,,2.91,14.54,0.2,0.02,0.17,2.74,14.54,20.0,-27.3
2025-07-06 08:57:00,M0034,OP0032,T00365,,,2.91,14.54,0.2,0.03,0.17,2.74,14.54,20.0,-27.3
2025-07-06 09:09:00,M0034,OP0032,T00365,,,2.91,14.54,0.2,0.03,0.17,2.74,14.54,20.0,-27.3
2025-07-06 09:21:00,M0034,OP0032,T00365,,,2.91,14.54,0.2,0.03,0.17,2.74,14.54,20.0,-27.3
2025-07-06 09:33:00,M0034,OP0032,T00365,,,2.91,14.54,0.2,0.03,0.17,2.74,14.54,20.0,-27.3
2025-07-06 09:45:00,M0034,OP0032,T00365,,,2.91,14.54,0.2,0.03,0.17,2.74,14.54,20.0,-27.3
2025-07-06 09:57:00,M0034,OP0032,T00365,,,2.91,14.54,0.2,0.03,0.17,2.74,14.54,20.0,-27.3
2025-07-06 10:09:00,M0034,OP0032,T00365,,,2.91,14.54,0.2,0.02,0.17,2.74,14.54,20.0,-27.3
2025-07-06 10:21:00,M0034,OP0032,T00365,,,2.91,14.54,0.2,0.02,0.17,2.74,14.54,20.0,-27.3
2025-07-06 10:33:00,M0034,OP0032,T00365,,,2.91,14.54,0.2,0.02,0.17,2.74,14.54,20.0,-27.3
2025-07-06 10:45:00,M0034,OP0032,T00365,,,2.91,14.54,0.2,0.02,0.17,2.74,14.54,20.0,-27.3
2025-07-06 10:57:00,M0034,OP0032,T00365,,,2.91,14.54,0.2,0.03,0.17,2.74,14.54,20.0,-27.3
2025-07-06 11:09:00,M0034,OP0032,T00365,,,2.91,14.54,0.2,0.02,0.17,2.74,14.54,20.0,-27.3
2025-09-07 14:50:00,M0039,OP0014,T00366,512.5,,3.22,16.12,0.2,0.04,0.11,3.11,16.12,20.0,-19.4
2025-09-07 15:02:00,M0039,OP0014,T00366,,,3.22,16.12,0.2,0.04,0.11,3.11,16.12,20.0,-19.4
2025-09-07 15:14:00,M0039,OP0014,T00366,,,3.22,16.12,0.2,0.04,0.11,3.11,16.12,20.0,-19.4
2025-09-07 15:26:00,M0039,OP0014,T00366,,,3.22,16.12,0.2,0.04,0.11,3.11,16.12,20.0,-19.4
2025-09-07 15:38:00,M0039,OP0014,T00366,,,3.22,16.12,0.2,0.05,0.11,3.11,16.12,20.0,-19.4
2025-09-07 15:50:00,M0039,OP0014,T00366,,,3.22,16.12,0.2,0.04,0.11,3.11,16.12,20.0,-19.4
2025-09-07 16:02:00,M0039,OP0014,T00366,,,3.22,16.12,0.2,0.04,0.11,3.11,16.12,20.0,-19.4
2025-09-07 16:14:00,M0039,OP0014,T00366,,,3.22,16.12,0.2,0.04,0.11,3.11,16.12,20.0,-19.4
2025-09-07 16:26:00,M0039,OP0014,T00366,,,3.22,16.12,0.2,0.03,0.11,3.11,16.12,20.0,-19.4
2025-09-07 16:38:00,M0039,OP0014,T00366,,,3.22,16.12,0.2,0.03,0.11,3.11,16.12,20.0,-19.4
2025-09-07 16:50:00,M0039,OP0014,T00366,,,3.22,16.12,0.2,0.03,0.11,3.11,16.12,20.0,-19.4
2025-09-07 17:02:00,M0039,OP0014,T00366,,,3.22,16.12,0.2,0.04,0.11,3.11,16.12,20.0,-19.4
2025-09-07 17:14:00,M0039,OP0014,T00366,,,3.22,16.12,0.2,0.03,0.11,3.11,16.12,20.0,-19.4
2025-09-07 17:26:00,M0039,OP0014,T00366,,,3.22,16.12,0.2,0.05,0.11,3.11,16.12,20.0,-19.4
2025-09-07 17:38:00,M0039,OP0014,T00366,,,3.22,16.12,0.2,0.05,0.11,3.11,16.12,20.0,-19.4
2025-09-07 17:50:00,M0039,OP0014,T00366,,,3.22,16.12,0.2,0.04,0.11,3.11,16.12,20.0,-19.4
2025-09-07 18:02:00,M0039,OP0014,T00366,,,3.22,16.12,0.2,0.03,0.11,3.11,16.12,20.0,-19.4
2025-09-07 18:14:00,M0039,OP0014,T00366,,,3.22,16.12,0.2,0.04,0.11,3.11,16.12,20.0,-19.4
2025-09-07 18:26:00,M0039,OP0014,T00366,,,3.22,16.12,0.2,0.04,0.11,3.11,16.12,20.0,-19.4
2025-09-07 18:38:00,M0039,OP0014,T00366,,,3.22,16.12,0.2,0.04,0.11,3.11,16.12,20.0,-19.4
2025-02-16 11:27:00,M0035,OP0051,T00367,176.5,,2.13,10.66,0.2,0.03,0.09,2.04,10.66,14.5,-26.5
2025-02-16 11:39:00,M0035,OP0051,T00367,,,2.13,10.66,0.2,0.03,0.09,2.04,10.66,14.5,-26.5
2025-02-16 11:51:00,M0035,OP0051,T00367,,,2.13,10.66,0.2,0.04,0.09,2.04,10.66,14.5,-26.5
2025-02-16 12:03:00,M0035,OP0051,T00367,,,2.13,10.66,0.2,0.03,0.09,2.04,10.66,14.5,-26.5
2025-02-16 12:15:00,M0035,OP0051,T00367,,,2.13,10.66,0.2,0.03,0.09,2.04,10.66,14.5,-26.5
2025-02-16 12:27:00,M0035,OP0051,T00367,,,2.13,10.66,0.2,0.04,0.09,2.04,10.66,14.5,-26.5
2025-02-16 12:39:00,M0035,OP0051,T00367,,,2.13,10.66,0.2,0.02,0.09,2.04,10.66,14.5,-26.5
2025-02-16 12:51:00,M0035,OP0051,T00367,,,2.13,10.66,0.2,0.03,0.09,2.04,10.66,14.5,-26.5
2025-02-16 13:03:00,M0035,OP0051,T00367,,,2.13,10.66,0.2,0.04,0.09,2.04,10.66,14.5,-26.5
2025-02-16 13:15:00,M0035,OP0051,T00367,,,2.13,10.66,0.2,0.03,0.09,2.04,10.66,14.5,-26.5
2025-02-16 13:27:00,M0035,OP0051,T00367,,,2.13,10.66,0.2,0.04,0.09,2.04,10.66,14.5,-26.5
2025-02-16 13:39:00,M0035,OP0051,T00367,,,2.13,10.66,0.2,0.04,0.09,2.04,10.66,14.5,-26.5
2025-02-16 13:51:00,M0035,OP0051,T00367,,,2.13,10.66,0.2,0.03,0.09,2.04,10.66,14.5,-26.5
2025-02-16 14:03:00,M0035,OP0051,T00367,,,2.13,10.66,0.2,0.04,0.09,2.04,10.66,14.5,-26.5
2025-02-16 14:15:00,M0035,OP0051,T00367,,,0.53,10.66,0.05,0.01,0.02,0.51,10.66,14.5,-26.5
2025-04-15 06:05:00,M0028,OP0028,T00368,463.6,,2.7,13.49,0.2,0.03,0.19,2.51,13.49,20.0,-32.5
2025-04-15 06:17:00,M0028,OP0028,T00368,,,2.7,13.49,0.2,0.03,0.19,2.51,13.49,20.0,-32.5
2025-04-15 06:29:00,M0028,OP0028,T00368,,,2.7,13.49,0.2,0.02,0.19,2.51,13.49,20.0,-32.5
2025-04-15 06:41:00,M0028,OP0028,T00368,,,2.7,13.49,0.2,0.03,0.19,2.51,13.49,20.0,-32.5
2025-04-15 06:53:00,M0028,OP0028,T00368,,,2.7,13.49,0.2,0.04,0.19,2.51,13.49,20.0,-32.5
2025-04-15 07:05:00,M0028,OP0028,T00368,,,2.7,13.49,0.2,0.03,0.19,2.51,13.49,20.0,-32.5
2025-04-15 07:17:00,M0028,OP0028,T00368,,,2.7,13.49,0.2,0.03,0.19,2.51,13.49,20.0,-32.5
2025-04-15 07:29:00,M0028,OP0028,T00368,,,2.7,13.49,0.2,0.03,0.19,2.51,13.49,20.0,-32.5
2025-04-15 07:41:00,M0028,OP0028,T00368,,,2.7,13.49,0.2,0.04,0.19,2.51,13.49,20.0,-32.5
2025-04-15 07:53:00,M0028,OP0028,T00368,,,2.7,13.49,0.2,0.03,0.19,2.51,13.49,20.0,-32.5
2025-04-15 08:05:00,M0028,OP0028,T00368,,,2.7,13.49,0.2,0.04,0.19,2.51,13.49,20.0,-32.5
2025-04-15 08:17:00,M0028,OP0028,T00368,,,2.7,13.49,0.2,0.03,0.19,2.51,13.49,20.0,-32.5
2025-04-15 08:29:00,M0028,OP0028,T00368,,,2.7,13.49,0.2,0.04,0.19,2.51,13.49,20.0,-32.5
2025-04-15 08:41:00,M0028,OP0028,T00368,,,2.7,13.49,0.2,0.03,0.19,2.51,13.49,20.0,-32.5
2025-04-15 08:53:00,M0028,OP0028,T00368,,,2.7,13.49,0.2,0.03,0.19,2.51,13.49,20.0,-32.5
2025-04-15 09:05:00,M0028,OP0028,T00368,,,2.7,13.49,0.2,0.03,0.19,2.51,13.49,20.0,-32.5
2025-04-15 09:17:00,M0028,OP0028,T00368,,,2.7,13.49,0.2,0.03,0.19,2.51,13.49,20.0,-32.5
2025-04-15 09:29:00,M0028,OP0028,T00368,,,2.7,13.49,0.2,0.04,0.19,2.51,13.49,20.0,-32.5
2025-04-15 09:41:00,M0028,OP0028,T00368,,,2.7,13.49,0.2,0.04,0.19,2.51,13.49,20.0,-32.5
2025-04-15 09:53:00,M0028,OP0028,T00368,,,2.7,13.49,0.2,0.03,0.19,2.51,13.49,20.0,-32.5
2025-08-25 08:33:00,M0009,OP0017,T00370,201.3,,3.26,16.29,0.2,0.05,0.25,3.01,16.29,20.0,-18.5
2025-08-25 08:45:00,M0009,OP0017,T00370,,,3.26,16.29,0.2,0.03,0.25,3.01,16.29,20.0,-18.5
2025-08-25 08:57:00,M0009,OP0017,T00370,,,3.26,16.29,0.2,0.04,0.25,3.01,16.29,20.0,-18.5
2025-08-25 09:09:00,M0009,OP0017,T00370,,,3.26,16.29,0.2,0.03,0.25,3.01,16.29,20.0,-18.5
2025-08-25 09:21:00,M0009,OP0017,T00370,,,3.26,16.29,0.2,0.04,0.25,3.01,16.29,20.0,-18.5
2025-08-25 09:33:00,M0009,OP0017,T00370,,,3.26,16.29,0.2,0.04,0.25,3.01,16.29,20.0,-18.5
2025-08-25 09:45:00,M0009,OP0017,T00370,,,3.26,16.29,0.2,0.05,0.25,3.01,16.29,20.0,-18.5
2025-08-25 09:57:00,M0009,OP0017,T00370,,,3.26,16.29,0.2,0.03,0.25,3.01,16.29,20.0,-18.5
2025-08-25 10:09:00,M0009,OP0017,T00370,,,3.26,16.29,0.2,0.04,0.25,3.01,16.29,20.0,-18.5
2025-08-25 10:21:00,M0009,OP0017,T00370,,,3.26,16.29,0.2,0.04,0.25,3.01,16.29,20.0,-18.5
2025-08-25 10:33:00,M0009,OP0017,T00370,,,3.26,16.29,0.2,0.04,0.25,3.01,16.29,20.0,-18.5
2025-08-25 10:45:00,M0009,OP0017,T00370,,,3.26,16.29,0.2,0.03,0.25,3.01,16.29,20.0,-18.5
2025-08-25 10:57:00,M0009,OP0017,T00370,,,3.26,16.29,0.2,0.03,0.25,3.01,16.29,20.0,-18.5
2025-08-25 11:09:00,M0009,OP0017,T00370,,,3.26,16.29,0.2,0.03,0.25,3.01,16.29,20.0,-18.5
2025-08-25 11:21:00,M0009,OP0017,T00370,,,3.26,16.29,0.2,0.04,0.25,3.01,16.29,20.0,-18.5
2025-08-25 11:33:00,M0009,OP0017,T00370,,,3.26,16.29,0.2,0.04,0.25,3.01,16.29,20.0,-18.5
2025-08-25 11:45:00,M0009,OP0017,T00370,,,3.26,16.29,0.2,0.03,0.25,3.01,16.29,20.0,-18.5
2025-08-25 11:57:00,M0009,OP0017,T00370,,,3.26,16.29,0.2,0.03,0.25,3.01,16.29,20.0,-18.5
2025-08-25 12:09:00,M0009,OP0017,T00370,,,3.26,16.29,0.2,0.04,0.25,3.01,16.29,20.0,-18.5
2025-08-25 12:21:00,M0009,OP0017,T00370,,,3.26,16.29,0.2,0.03,0.25,3.01,16.29,20.0,-18.5
2025-05-26 08:27:00,M0040,OP0016,T00371,244.8,,3.34,16.68,0.2,0.04,0.19,3.15,16.68,19.5,-14.5
2025-05-26 08:39:00,M0040,OP0016,T00371,,,3.34,16.68,0.2,0.05,0.19,3.15,16.68,19.5,-14.5
2025-05-26 08:51:00,M0040,OP0016,T00371,,,3.34,16.68,0.2,0.04,0.19,3.15,16.68,19.5,-14.5
2025-05-26 09:03:00,M0040,OP0016,T00371,,,3.34,16.68,0.2,0.05,0.19,3.15,16.68,19.5,-14.5
2025-05-26 09:15:00,M0040,OP0016,T00371,,,3.34,16.68,0.2,0.04,0.19,3.15,16.68,19.5,-14.5
2025-05-26 09:27:00,M0040,OP0016,T00371,,,3.34,16.68,0.2,0.05,0.19,3.15,16.68,19.5,-14.5
2025-05-26 09:39:00,M0040,OP0016,T00371,,,3.34,16.68,0.2,0.05,0.19,3.15,16.68,19.5,-14.5
2025-05-26 09:51:00,M0040,OP0016,T00371,,,3.34,16.68,0.2,0.04,0.19,3.15,16.68,19.5,-14.5
2025-05-26 10:03:00,M0040,OP0016,T00371,,,3.34,16.68,0.2,0.03,0.19,3.15,16.68,19.5,-14.5
2025-05-26 10:15:00,M0040,OP0016,T00371,,,3.34,16.68,0.2,0.05,0.19,3.15,16.68,19.5,-14.5
2025-05-26 10:27:00,M0040,OP0016,T00371,,,3.34,16.68,0.2,0.05,0.19,3.15,16.68,19.5,-14.5
2025-05-26 10:39:00,M0040,OP0016,T00371,,,3.34,16.68,0.2,0.04,0.19,3.15,16.68,19.5,-14.5
2025-05-26 10:51:00,M0040,OP0016,T00371,,,3.34,16.68,0.2,0.04,0.19,3.15,16.68,19.5,-14.5
2025-05-26 11:03:00,M0040,OP0016,T00371,,,3.34,16.68,0.2,0.04,0.19,3.15,16.68,19.5,-14.5
2025-05-26 11:15:00,M0040,OP0016,T00371,,,3.34,16.68,0.2,0.04,0.19,3.15,16.68,19.5,-14.5
2025-05-26 11:27:00,M0040,OP0016,T00371,,,3.34,16.68,0.2,0.03,0.19,3.15,16.68,19.5,-14.5
2025-05-26 11:39:00,M0040,OP0016,T00371,,,3.34,16.68,0.2,0.06,0.19,3.15,16.68,19.5,-14.5
2025-05-26 11:51:00,M0040,OP0016,T00371,,,3.34,16.68,0.2,0.04,0.19,3.15,16.68,19.5,-14.5
2025-05-26 12:03:00,M0040,OP0016,T00371,,,3.34,16.68,0.2,0.05,0.19,3.15,16.68,19.5,-14.5
2025-05-26 12:15:00,M0040,OP0016,T00371,,,3.34,16.68,0.2,0.05,0.19,3.15,16.68,19.5,-14.5
2025-03-11 15:54:00,M0027,OP0013,T00372,444.1,,3.19,15.93,0.2,0.01,0.13,3.06,15.93,20.0,-20.3
2025-03-11 16:06:00,M0027,OP0013,T00372,,,3.19,15.93,0.2,0.02,0.13,3.06,15.93,20.0,-20.3
2025-03-11 16:18:00,M0027,OP0013,T00372,,,3.19,15.93,0.2,0.02,0.13,3.06,15.93,20.0,-20.3
2025-03-11 16:30:00,M0027,OP0013,T00372,,,3.19,15.93,0.2,0.01,0.13,3.06,15.93,20.0,-20.3
2025-03-11 16:42:00,M0027,OP0013,T00372,,,3.19,15.93,0.2,0.01,0.13,3.06,15.93,20.0,-20.3
2025-03-11 16:54:00,M0027,OP0013,T00372,,,3.19,15.93,0.2,0.01,0.13,3.06,15.93,20.0,-20.3
2025-03-11 17:06:00,M0027,OP0013,T00372,,,3.19,15.93,0.2,0.01,0.13,3.06,15.93,20.0,-20.3
2025-03-11 17:18:00,M0027,OP0013,T00372,,,3.19,15.93,0.2,0.01,0.13,3.06,15.93,20.0,-20.3
2025-03-11 17:30:00,M0027,OP0013,T00372,,,3.19,15.93,0.2,0.01,0.13,3.06,15.93,20.0,-20.3
2025-03-11 17:42:00,M0027,OP0013,T00372,,,3.19,15.93,0.2,0.02,0.13,3.06,15.93,20.0,-20.3
2025-03-11 17:54:00,M0027,OP0013,T00372,,,3.19,15.93,0.2,0.01,0.13,3.06,15.93,20.0,-20.3
2025-03-11 18:06:00,M0027,OP0013,T00372,,,3.19,15.93,0.2,0.02,0.13,3.06,15.93,20.0,-20.3
2025-03-11 18:18:00,M0027,OP0013,T00372,,,3.19,15.93,0.2,0.01,0.13,3.06,15.93,20.0,-20.3
2025-03-11 18:30:00,M0027,OP0013,T00372,,,3.19,15.93,0.2,0.01,0.13,3.06,15.93,20.0,-20.3
2025-03-11 18:42:00,M0027,OP0013,T00372,,,3.19,15.93,0.2,0.02,0.13,3.06,15.93,20.0,-20.3
2025-03-11 18:54:00,M0027,OP0013,T00372,,,3.19,15.93,0.2,0.01,0.13,3.06,15.93,20.0,-20.3
2025-03-11 19:06:00,M0027,OP0013,T00372,,,3.19,15.93,0.2,0.02,0.13,3.06,15.93,20.0,-20.3
2025-03-11 19:18:00,M0027,OP0013,T00372,,,3.19,15.93,0.2,0.01,0.13,3.06,15.93,20.0,-20.3
2025-03-11 19:30:00,M0027,OP0013,T00372,,,3.19,15.93,0.2,0.02,0.13,3.06,15.93,20.0,-20.3
2025-03-11 19:42:00,M0027,OP0013,T00372,,,3.19,15.93,0.2,0.01,0.13,3.06,15.93,20.0,-20.3
2025-05-04 12:01:00,M0008,OP0025,T00373,408.9,,3.07,15.36,0.2,0.04,0.15,2.92,15.36,20.0,-23.2
2025-05-04 12:13:00,M0008,OP0025,T00373,,,3.07,15.36,0.2,0.04,0.15,2.92,15.36,20.0,-23.2
2025-05-04 12:25:00,M0008,OP0025,T00373,,,3.07,15.36,0.2,0.04,0.15,2.92,15.36,20.0,-23.2
2025-05-04 12:37:00,M0008,OP0025,T00373,,,3.07,15.36,0.2,0.04,0.15,2.92,15.36,20.0,-23.2
2025-05-04 12:49:00,M0008,OP0025,T00373,,,3.07,15.36,0.2,0.05,0.15,2.92,15.36,20.0,-23.2
2025-05-04 13:01:00,M0008,OP0025,T00373,,,3.07,15.36,0.2,0.05,0.15,2.92,15.36,20.0,-23.2
2025-05-04 13:13:00,M0008,OP0025,T00373,,,3.07,15.36,0.2,0.03,0.15,2.92,15.36,20.0,-23.2
2025-05-04 13:25:00,M0008,OP0025,T00373,,,3.07,15.36,0.2,0.03,0.15,2.92,15.36,20.0,-23.2
2025-05-04 13:37:00,M0008,OP0025,T00373,,,3.07,15.36,0.2,0.04,0.15,2.92,15.36,20.0,-23.2
2025-05-04 13:49:00,M0008,OP0025,T00373,,,3.07,15.36,0.2,0.03,0.15,2.92,15.36,20.0,-23.2
2025-05-04 14:01:00,M0008,OP0025,T00373,,,3.07,15.36,0.2,0.04,0.15,2.92,15.36,20.0,-23.2
2025-05-04 14:13:00,M0008,OP0025,T00373,,,3.07,15.36,0.2,0.04,0.15,2.92,15.36,20.0,-23.2
2025-05-04 14:25:00,M0008,OP0025,T00373,,,3.07,15.36,0.2,0.03,0.15,2.92,15.36,20.0,-23.2
2025-05-04 14:37:00,M0008,OP0025,T00373,,,3.07,15.36,0.2,0.03,0.15,2.92,15.36,20.0,-23.2
2025-05-04 14:49:00,M0008,OP0025,T00373,,,3.07,15.36,0.2,0.04,0.15,2.92,15.36,20.0,-23.2
2025-05-04 15:01:00,M0008,OP0025,T00373,,,3.07,15.36,0.2,0.05,0.15,2.92,15.36,20.0,-23.2
2025-05-04 15:13:00,M0008,OP0025,T00373,,,3.07,15.36,0.2,0.03,0.15,2.92,15.36,20.0,-23.2
2025-05-04 15:25:00,M0008,OP0025,T00373,,,3.07,15.36,0.2,0.03,0.15,2.92,15.36,20.0,-23.2
2025-05-04 15:37:00,M0008,OP0025,T00373,,,3.07,15.36,0.2,0.04,0.15,2.92,15.36,20.0,-23.2
2025-05-04 15:49:00,M0008,OP0025,T00373,,,3.07,15.36,0.2,0.05,0.15,2.92,15.36,20.0,-23.2
2025-05-08 11:02:00,M0004,OP0010,T00374,354.6,,2.49,12.46,0.2,0.02,0.16,2.33,12.46,14.5,-14.1
2025-05-08 11:14:00,M0004,OP0010,T00374,,,2.49,12.46,0.2,0.01,0.16,2.33,12.46,14.5,-14.1
2025-05-08 11:26:00,M0004,OP0010,T00374,,,2.49,12.46,0.2,0.02,0.16,2.33,12.46,14.5,-14.1
2025-05-08 11:38:00,M0004,OP0010,T00374,,,2.49,12.46,0.2,0.02,0.16,2.33,12.46,14.5,-14.1
2025-05-08 11:50:00,M0004,OP0010,T00374,,,2.49,12.46,0.2,0.02,0.16,2.33,12.46,14.5,-14.1
2025-05-08 12:02:00,M0004,OP0010,T00374,,,2.49,12.46,0.2,0.02,0.16,2.33,12.46,14.5,-14.1
2025-05-08 12:14:00,M0004,OP0010,T00374,,,2.49,12.46,0.2,0.01,0.16,2.33,12.46,14.5,-14.1
2025-05-08 12:26:00,M0004,OP0010,T00374,,,2.49,12.46,0.2,0.02,0.16,2.33,12.46,14.5,-14.1
2025-05-08 12:38:00,M0004,OP0010,T00374,,,2.49,12.46,0.2,0.02,0.16,2.33,12.46,14.5,-14.1
2025-05-08 12:50:00,M0004,OP0010,T00374,,,2.49,12.46,0.2,0.03,0.16,2.33,12.46,14.5,-14.1
2025-05-08 13:02:00,M0004,OP0010,T00374,,,2.49,12.46,0.2,0.03,0.16,2.33,12.46,14.5,-14.1
2025-05-08 13:14:00,M0004,OP0010,T00374,,,2.49,12.46,0.2,0.03,0.16,2.33,12.46,14.5,-14.1
2025-05-08 13:26:00,M0004,OP0010,T00374,,,2.49,12.46,0.2,0.02,0.16,2.33,12.46,14.5,-14.1
2025-05-08 13:38:00,M0004,OP0010,T00374,,,2.49,12.46,0.2,0.02,0.16,2.33,12.46,14.5,-14.1
2025-05-08 13:50:00,M0004,OP0010,T00374,,,2.49,12.46,0.2,0.02,0.16,2.33,12.46,14.5,-14.1
2025-05-08 14:02:00,M0004,OP0010,T00374,,,2.49,12.46,0.2,0.02,0.16,2.33,12.46,14.5,-14.1
2025-05-08 14:14:00,M0004,OP0010,T00374,,,2.49,12.46,0.2,0.02,0.16,2.33,12.46,14.5,-14.1
2025-05-08 14:26:00,M0004,OP0010,T00374,,,2.49,12.46,0.2,0.02,0.16,2.33,12.46,14.5,-14.1
2025-05-08 14:38:00,M0004,OP0010,T00374,,,2.49,12.46,0.2,0.02,0.16,2.33,12.46,14.5,-14.1
2025-05-08 14:50:00,M0004,OP0010,T00374,,,2.49,12.46,0.2,0.02,0.16,2.33,12.46,14.5,-14.1
2025-04-01 10:36:00,M0027,OP0027,T00375,323.6,,2.48,12.39,0.2,0.04,0.25,2.23,12.39,20.0,-38.1
2025-04-01 10:48:00,M0027,OP0027,T00375,,,2.48,12.39,0.2,0.04,0.25,2.23,12.39,20.0,-38.1
2025-04-01 11:00:00,M0027,OP0027,T00375,,,2.48,12.39,0.2,0.04,0.25,2.23,12.39,20.0,-38.1
2025-04-01 11:12:00,M0027,OP0027,T00375,,,2.48,12.39,0.2,0.04,0.25,2.23,12.39,20.0,-38.1
2025-04-01 11:24:00,M0027,OP0027,T00375,,,2.48,12.39,0.2,0.05,0.25,2.23,12.39,20.0,-38.1
2025-04-01 11:36:00,M0027,OP0027,T00375,,,2.48,12.39,0.2,0.05,0.25,2.23,12.39,20.0,-38.1
2025-04-01 11:48:00,M0027,OP0027,T00375,,,2.48,12.39,0.2,0.04,0.25,2.23,12.39,20.0,-38.1
2025-04-01 12:00:00,M0027,OP0027,T00375,,,2.48,12.39,0.2,0.05,0.25,2.23,12.39,20.0,-38.1
2025-04-01 12:12:00,M0027,OP0027,T00375,,,2.48,12.39,0.2,0.06,0.25,2.23,12.39,20.0,-38.1
2025-04-01 12:24:00,M0027,OP0027,T00375,,,2.48,12.39,0.2,0.04,0.25,2.23,12.39,20.0,-38.1
2025-04-01 12:36:00,M0027,OP0027,T00375,,,2.48,12.39,0.2,0.05,0.25,2.23,12.39,20.0,-38.1
2025-04-01 12:48:00,M0027,OP0027,T00375,,,2.48,12.39,0.2,0.03,0.25,2.23,12.39,20.0,-38.1
2025-04-01 13:00:00,M0027,OP0027,T00375,,,2.48,12.39,0.2,0.04,0.25,2.23,12.39,20.0,-38.1
2025-04-01 13:12:00,M0027,OP0027,T00375,,,2.48,12.39,0.2,0.06,0.25,2.23,12.39,20.0,-38.1
2025-04-01 13:24:00,M0027,OP0027,T00375,,,2.48,12.39,0.2,0.03,0.25,2.23,12.39,20.0,-38.1
2025-04-01 13:36:00,M0027,OP0027,T00375,,,2.48,12.39,0.2,0.06,0.25,2.23,12.39,20.0,-38.1
2025-04-01 13:48:00,M0027,OP0027,T00375,,,2.48,12.39,0.2,0.06,0.25,2.23,12.39,20.0,-38.1
2025-04-01 14:00:00,M0027,OP0027,T00375,,,2.48,12.39,0.2,0.06,0.25,2.23,12.39,20.0,-38.1
2025-04-01 14:12:00,M0027,OP0027,T00375,,,2.48,12.39,0.2,0.04,0.25,2.23,12.39,20.0,-38.1
2025-04-01 14:24:00,M0027,OP0027,T00375,,,2.48,12.39,0.2,0.05,0.25,2.23,12.39,20.0,-38.1
2025-02-08 12:20:00,M0018,OP0045,T00376,500.3,,3.34,16.7,0.2,0.06,0.25,3.09,16.7,20.0,-16.5
2025-02-08 12:32:00,M0018,OP0045,T00376,,,3.34,16.7,0.2,0.07,0.25,3.09,16.7,20.0,-16.5
2025-02-08 12:44:00,M0018,OP0045,T00376,,,3.34,16.7,0.2,0.07,0.25,3.09,16.7,20.0,-16.5
2025-02-08 12:56:00,M0018,OP0045,T00376,,,3.34,16.7,0.2,0.07,0.25,3.09,16.7,20.0,-16.5
2025-02-08 13:08:00,M0018,OP0045,T00376,,,3.34,16.7,0.2,0.08,0.25,3.09,16.7,20.0,-16.5
2025-02-08 13:20:00,M0018,OP0045,T00376,,,3.34,16.7,0.2,0.08,0.25,3.09,16.7,20.0,-16.5
2025-02-08 13:32:00,M0018,OP0045,T00376,,,3.34,16.7,0.2,0.07,0.25,3.09,16.7,20.0,-16.5
2025-02-08 13:44:00,M0018,OP0045,T00376,,,3.34,16.7,0.2,0.08,0.25,3.09,16.7,20.0,-16.5
2025-02-08 13:56:00,M0018,OP0045,T00376,,,3.34,16.7,0.2,0.05,0.25,3.09,16.7,20.0,-16.5
2025-02-08 14:08:00,M0018,OP0045,T00376,,,3.34,16.7,0.2,0.06,0.25,3.09,16.7,20.0,-16.5
2025-02-08 14:20:00,M0018,OP0045,T00376,,,3.34,16.7,0.2,0.05,0.25,3.09,16.7,20.0,-16.5
2025-02-08 14:32:00,M0018,OP0045,T00376,,,3.34,16.7,0.2,0.08,0.25,3.09,16.7,20.0,-16.5
2025-02-08 14:44:00,M0018,OP0045,T00376,,,1.11,16.7,0.07,0.02,0.08,1.03,16.7,20.0,-16.5
2025-07-09 07:59:00,M0040,OP0036,T00377,376.3,,3.19,15.95,0.2,0.02,0.22,2.97,15.95,19.5,-18.2
2025-07-09 08:11:00,M0040,OP0036,T00377,,,3.19,15.95,0.2,0.03,0.22,2.97,15.95,19.5,-18.2
2025-07-09 08:23:00,M0040,OP0036,T00377,,,3.19,15.95,0.2,0.02,0.22,2.97,15.95,19.5,-18.2
2025-07-09 08:35:00,M0040,OP0036,T00377,,,3.19,15.95,0.2,0.03,0.22,2.97,15.95,19.5,-18.2
2025-07-09 08:47:00,M0040,OP0036,T00377,,,3.19,15.95,0.2,0.02,0.22,2.97,15.95,19.5,-18.2
2025-07-09 08:59:00,M0040,OP0036,T00377,,,3.19,15.95,0.2,0.02,0.22,2.97,15.95,19.5,-18.2
2025-07-09 09:11:00,M0040,OP0036,T00377,,,3.19,15.95,0.2,0.02,0.22,2.97,15.95,19.5,-18.2
2025-07-09 09:23:00,M0040,OP0036,T00377,,,3.19,15.95,0.2,0.02,0.22,2.97,15.95,19.5,-18.2
2025-07-09 09:35:00,M0040,OP0036,T00377,,,3.19,15.95,0.2,0.02,0.22,2.97,15.95,19.5,-18.2
2025-07-09 09:47:00,M0040,OP0036,T00377,,,3.19,15.95,0.2,0.03,0.22,2.97,15.95,19.5,-18.2
2025-07-09 09:59:00,M0040,OP0036,T00377,,,3.19,15.95,0.2,0.02,0.22,2.97,15.95,19.5,-18.2
2025-07-09 10:11:00,M0040,OP0036,T00377,,,3.19,15.95,0.2,0.03,0.22,2.97,15.95,19.5,-18.2
2025-07-09 10:23:00,M0040,OP0036,T00377,,,3.19,15.95,0.2,0.02,0.22,2.97,15.95,19.5,-18.2
2025-07-09 10:35:00,M0040,OP0036,T00377,,,3.19,15.95,0.2,0.02,0.22,2.97,15.95,19.5,-18.2
2025-07-09 10:47:00,M0040,OP0036,T00377,,,3.19,15.95,0.2,0.02,0.22,2.97,15.95,19.5,-18.2
2025-07-09 10:59:00,M0040,OP0036,T00377,,,3.19,15.95,0.2,0.02,0.22,2.97,15.95,19.5,-18.2
2025-07-09 11:11:00,M0040,OP0036,T00377,,,3.19,15.95,0.2,0.02,0.22,2.97,15.95,19.5,-18.2
2025-07-09 11:23:00,M0040,OP0036,T00377,,,3.19,15.95,0.2,0.03,0.22,2.97,15.95,19.5,-18.2
2025-07-09 11:35:00,M0040,OP0036,T00377,,,3.19,15.95,0.2,0.03,0.22,2.97,15.95,19.5,-18.2
2025-07-09 11:47:00,M0040,OP0036,T00377,,,3.19,15.95,0.2,0.02,0.22,2.97,15.95,19.5,-18.2
2025-05-03 09:54:00,M0026,OP0028,T00378,382.1,,2.05,10.24,0.2,0.04,0.1,1.95,10.24,14.5,-29.4
2025-05-03 10:06:00,M0026,OP0028,T00378,,,2.05,10.24,0.2,0.03,0.1,1.95,10.24,14.5,-29.4
2025-05-03 10:18:00,M0026,OP0028,T00378,,,2.05,10.24,0.2,0.05,0.1,1.95,10.24,14.5,-29.4
2025-05-03 10:30:00,M0026,OP0028,T00378,,,2.05,10.24,0.2,0.05,0.1,1.95,10.24,14.5,-29.4
2025-05-03 10:42:00,M0026,OP0028,T00378,,,2.05,10.24,0.2,0.05,0.1,1.95,10.24,14.5,-29.4
2025-05-03 10:54:00,M0026,OP0028,T00378,,,2.05,10.24,0.2,0.03,0.1,1.95,10.24,14.5,-29.4
2025-05-03 11:06:00,M0026,OP0028,T00378,,,2.05,10.24,0.2,0.05,0.1,1.95,10.24,14.5,-29.4
2025-05-03 11:18:00,M0026,OP0028,T00378,,,2.05,10.24,0.2,0.03,0.1,1.95,10.24,14.5,-29.4
2025-05-03 11:30:00,M0026,OP0028,T00378,,,2.05,10.24,0.2,0.03,0.1,1.95,10.24,14.5,-29.4
2025-05-03 11:42:00,M0026,OP0028,T00378,,,2.05,10.24,0.2,0.04,0.1,1.95,10.24,14.5,-29.4
2025-05-03 11:54:00,M0026,OP0028,T00378,,,2.05,10.24,0.2,0.03,0.1,1.95,10.24,14.5,-29.4
2025-05-03 12:06:00,M0026,OP0028,T00378,,,2.05,10.24,0.2,0.05,0.1,1.95,10.24,14.5,-29.4
2025-05-03 12:18:00,M0026,OP0028,T00378,,,2.05,10.24,0.2,0.04,0.1,1.95,10.24,14.5,-29.4
2025-05-03 12:30:00,M0026,OP0028,T00378,,,2.05,10.24,0.2,0.04,0.1,1.95,10.24,14.5,-29.4
2025-05-03 12:42:00,M0026,OP0028,T00378,,,2.05,10.24,0.2,0.03,0.1,1.95,10.24,14.5,-29.4
2025-05-03 12:54:00,M0026,OP0028,T00378,,,2.05,10.24,0.2,0.05,0.1,1.95,10.24,14.5,-29.4
2025-05-03 13:06:00,M0026,OP0028,T00378,,,2.05,10.24,0.2,0.03,0.1,1.95,10.24,14.5,-29.4
2025-05-03 13:18:00,M0026,OP0028,T00378,,,2.05,10.24,0.2,0.05,0.1,1.95,10.24,14.5,-29.4
2025-05-03 13:30:00,M0026,OP0028,T00378,,,2.05,10.24,0.2,0.05,0.1,1.95,10.24,14.5,-29.4
2025-05-03 13:42:00,M0026,OP0028,T00378,,,2.05,10.24,0.2,0.05,0.1,1.95,10.24,14.5,-29.4
2025-04-14 14:28:00,M0024,OP0026,T00379,344.1,,3.3,16.49,0.2,0.01,0.1,3.2,16.49,19.5,-15.4
2025-04-14 14:40:00,M0024,OP0026,T00379,,,3.3,16.49,0.2,0.02,0.1,3.2,16.49,19.5,-15.4
2025-04-14 14:52:00,M0024,OP0026,T00379,,,3.3,16.49,0.2,0.02,0.1,3.2,16.49,19.5,-15.4
2025-04-14 15:04:00,M0024,OP0026,T00379,,,3.3,16.49,0.2,0.01,0.1,3.2,16.49,19.5,-15.4
2025-04-14 15:16:00,M0024,OP0026,T00379,,,3.3,16.49,0.2,0.02,0.1,3.2,16.49,19.5,-15.4
2025-04-14 15:28:00,M0024,OP0026,T00379,,,3.3,16.49,0.2,0.02,0.1,3.2,16.49,19.5,-15.4
2025-04-14 15:40:00,M0024,OP0026,T00379,,,3.3,16.49,0.2,0.02,0.1,3.2,16.49,19.5,-15.4
2025-04-14 15:52:00,M0024,OP0026,T00379,,,3.3,16.49,0.2,0.02,0.1,3.2,16.49,19.5,-15.4
2025-04-14 16:04:00,M0024,OP0026,T00379,,,3.3,16.49,0.2,0.02,0.1,3.2,16.49,19.5,-15.4
2025-04-14 16:16:00,M0024,OP0026,T00379,,,3.3,16.49,0.2,0.01,0.1,3.2,16.49,19.5,-15.4
2025-04-14 16:28:00,M0024,OP0026,T00379,,,3.3,16.49,0.2,0.02,0.1,3.2,16.49,19.5,-15.4
2025-04-14 16:40:00,M0024,OP0026,T00379,,,3.3,16.49,0.2,0.02,0.1,3.2,16.49,19.5,-15.4
2025-04-14 16:52:00,M0024,OP0026,T00379,,,3.3,16.49,0.2,0.02,0.1,3.2,16.49,19.5,-15.4
2025-04-14 17:04:00,M0024,OP0026,T00379,,,3.3,16.49,0.2,0.01,0.1,3.2,16.49,19.5,-15.4
2025-04-14 17:16:00,M0024,OP0026,T00379,,,3.3,16.49,0.2,0.02,0.1,3.2,16.49,19.5,-15.4
2025-04-14 17:28:00,M0024,OP0026,T00379,,,3.3,16.49,0.2,0.01,0.1,3.2,16.49,19.5,-15.4
2025-04-14 17:40:00,M0024,OP0026,T00379,,,3.3,16.49,0.2,0.01,0.1,3.2,16.49,19.5,-15.4
2025-04-14 17:52:00,M0024,OP0026,T00379,,,3.3,16.49,0.2,0.02,0.1,3.2,16.49,19.5,-15.4
2025-04-14 18:04:00,M0024,OP0026,T00379,,,3.3,16.49,0.2,0.02,0.1,3.2,16.49,19.5,-15.4
2025-04-14 18:16:00,M0024,OP0026,T00379,,,3.3,16.49,0.2,0.02,0.1,3.2,16.49,19.5,-15.4
2025-03-02 13:21:00,M0026,OP0015,T00380,297.7,,1.66,8.29,0.2,0.03,0.16,1.49,8.29,14.5,-42.9
2025-03-02 13:33:00,M0026,OP0015,T00380,,,1.66,8.29,0.2,0.05,0.16,1.49,8.29,14.5,-42.9
2025-03-02 13:45:00,M0026,OP0015,T00380,,,1.66,8.29,0.2,0.05,0.16,1.49,8.29,14.5,-42.9
2025-03-02 13:57:00,M0026,OP0015,T00380,,,1.66,8.29,0.2,0.04,0.16,1.49,8.29,14.5,-42.9
2025-03-02 14:09:00,M0026,OP0015,T00380,,,1.66,8.29,0.2,0.04,0.16,1.49,8.29,14.5,-42.9
2025-03-02 14:21:00,M0026,OP0015,T00380,,,1.66,8.29,0.2,0.05,0.16,1.49,8.29,14.5,-42.9
2025-03-02 14:33:00,M0026,OP0015,T00380,,,1.66,8.29,0.2,0.04,0.16,1.49,8.29,14.5,-42.9
2025-03-02 14:45:00,M0026,OP0015,T00380,,,1.66,8.29,0.2,0.04,0.16,1.49,8.29,14.5,-42.9
2025-03-02 14:57:00,M0026,OP0015,T00380,,,1.66,8.29,0.2,0.04,0.16,1.49,8.29,14.5,-42.9
2025-03-02 15:09:00,M0026,OP0015,T00380,,,1.66,8.29,0.2,0.04,0.16,1.49,8.29,14.5,-42.9
2025-03-02 15:21:00,M0026,OP0015,T00380,,,1.66,8.29,0.2,0.04,0.16,1.49,8.29,14.5,-42.9
2025-03-02 15:33:00,M0026,OP0015,T00380,,,1.66,8.29,0.2,0.03,0.16,1.49,8.29,14.5,-42.9
2025-03-02 15:45:00,M0026,OP0015,T00380,,,1.66,8.29,0.2,0.05,0.16,1.49,8.29,14.5,-42.9
2025-03-02 15:57:00,M0026,OP0015,T00380,,,1.66,8.29,0.2,0.05,0.16,1.49,8.29,14.5,-42.9
2025-03-02 16:09:00,M0026,OP0015,T00380,,,1.66,8.29,0.2,0.04,0.16,1.49,8.29,14.5,-42.9
2025-03-02 16:21:00,M0026,OP0015,T00380,,,1.66,8.29,0.2,0.04,0.16,1.49,8.29,14.5,-42.9
2025-03-02 16:33:00,M0026,OP0015,T00380,,,1.66,8.29,0.2,0.04,0.16,1.49,8.29,14.5,-42.9
2025-03-02 16:45:00,M0026,OP0015,T00380,,,1.66,8.29,0.2,0.05,0.16,1.49,8.29,14.5,-42.9
2025-03-02 16:57:00,M0026,OP0015,T00380,,,1.66,8.29,0.2,0.04,0.16,1.49,8.29,14.5,-42.9
2025-03-02 17:09:00,M0026,OP0015,T00380,,,1.66,8.29,0.2,0.04,0.16,1.49,8.29,14.5,-42.9
2025-02-09 12:52:00,M0024,OP0024,T00381,218.4,,3.14,15.69,0.2,0.04,0.16,2.98,15.69,19.5,-19.5
2025-02-09 13:04:00,M0024,OP0024,T00381,,,3.14,15.69,0.2,0.05,0.16,2.98,15.69,19.5,-19.5
2025-02-09 13:16:00,M0024,OP0024,T00381,,,3.14,15.69,0.2,0.05,0.16,2.98,15.69,19.5,-19.5
2025-02-09 13:28:00,M0024,OP0024,T00381,,,3.14,15.69,0.2,0.05,0.16,2.98,15.69,19.5,-19.5
2025-02-09 13:40:00,M0024,OP0024,T00381,,,3.14,15.69,0.2,0.04,0.16,2.98,15.69,19.5,-19.5
2025-02-09 13:52:00,M0024,OP0024,T00381,,,3.14,15.69,0.2,0.04,0.16,2.98,15.69,19.5,-19.5
2025-02-09 14:04:00,M0024,OP0024,T00381,,,3.14,15.69,0.2,0.04,0.16,2.98,15.69,19.5,-19.5
2025-02-09 14:16:00,M0024,OP0024,T00381,,,3.14,15.69,0.2,0.04,0.16,2.98,15.69,19.5,-19.5
2025-02-09 14:28:00,M0024,OP0024,T00381,,,1.57,15.69,0.1,0.03,0.08,1.49,15.69,19.5,-19.5
2025-06-29 14:55:00,M0008,OP0035,T00382,503.9,,2.86,14.3,0.2,0.01,0.13,2.73,14.3,20.0,-28.5
2025-06-29 15:07:00,M0008,OP0035,T00382,,,2.86,14.3,0.2,0.01,0.13,2.73,14.3,20.0,-28.5
2025-06-29 15:19:00,M0008,OP0035,T00382,,,2.86,14.3,0.2,0.01,0.13,2.73,14.3,20.0,-28.5
2025-06-29 15:31:00,M0008,OP0035,T00382,,,2.86,14.3,0.2,0.01,0.13,2.73,14.3,20.0,-28.5
2025-06-29 15:43:00,M0008,OP0035,T00382,,,2.86,14.3,0.2,0.01,0.13,2.73,14.3,20.0,-28.5
2025-06-29 15:55:00,M0008,OP0035,T00382,,,2.86,14.3,0.2,0.01,0.13,2.73,14.3,20.0,-28.5
2025-06-29 16:07:00,M0008,OP0035,T00382,,,2.86,14.3,0.2,0.01,0.13,2.73,14.3,20.0,-28.5
2025-06-29 16:19:00,M0008,OP0035,T00382,,,2.86,14.3,0.2,0.01,0.13,2.73,14.3,20.0,-28.5
2025-06-29 16:31:00,M0008,OP0035,T00382,,,2.86,14.3,0.2,0.01,0.13,2.73,14.3,20.0,-28.5
2025-06-29 16:43:00,M0008,OP0035,T00382,,,2.86,14.3,0.2,0.01,0.13,2.73,14.3,20.0,-28.5
2025-06-29 16:55:00,M0008,OP0035,T00382,,,2.86,14.3,0.2,0.01,0.13,2.73,14.3,20.0,-28.5
2025-06-29 17:07:00,M0008,OP0035,T00382,,,2.86,14.3,0.2,0.01,0.13,2.73,14.3,20.0,-28.5
2025-06-29 17:19:00,M0008,OP0035,T00382,,,2.86,14.3,0.2,0.01,0.13,2.73,14.3,20.0,-28.5
2025-06-29 17:31:00,M0008,OP0035,T00382,,,2.86,14.3,0.2,0.01,0.13,2.73,14.3,20.0,-28.5
2025-06-29 17:43:00,M0008,OP0035,T00382,,,2.86,14.3,0.2,0.01,0.13,2.73,14.3,20.0,-28.5
2025-06-29 17:55:00,M0008,OP0035,T00382,,,2.86,14.3,0.2,0.01,0.13,2.73,14.3,20.0,-28.5
2025-06-29 18:07:00,M0008,OP0035,T00382,,,2.86,14.3,0.2,0.01,0.13,2.73,14.3,20.0,-28.5
2025-06-29 18:19:00,M0008,OP0035,T00382,,,2.86,14.3,0.2,0.01,0.13,2.73,14.3,20.0,-28.5
2025-06-29 18:31:00,M0008,OP0035,T00382,,,2.86,14.3,0.2,0.01,0.13,2.73,14.3,20.0,-28.5
2025-06-29 18:43:00,M0008,OP0035,T00382,,,2.86,14.3,0.2,0.01,0.13,2.73,14.3,20.0,-28.5
2025-01-31 11:37:00,M0022,OP0052,T00384,395.3,,5.42,27.1,0.2,0.04,0.11,5.31,27.1,28.0,-3.2
2025-01-31 11:49:00,M0022,OP0052,T00384,,,5.42,27.1,0.2,0.04,0.11,5.31,27.1,28.0,-3.2
2025-01-31 12:01:00,M0022,OP0052,T00384,,,5.42,27.1,0.2,0.03,0.11,5.31,27.1,28.0,-3.2
2025-01-31 12:13:00,M0022,OP0052,T00384,,,5.42,27.1,0.2,0.04,0.11,5.31,27.1,28.0,-3.2
2025-01-31 12:25:00,M0022,OP0052,T00384,,,5.42,27.1,0.2,0.04,0.11,5.31,27.1,28.0,-3.2
2025-01-31 12:37:00,M0022,OP0052,T00384,,,5.42,27.1,0.2,0.03,0.11,5.31,27.1,28.0,-3.2
2025-01-31 12:49:00,M0022,OP0052,T00384,,,5.42,27.1,0.2,0.04,0.11,5.31,27.1,28.0,-3.2
2025-01-31 13:01:00,M0022,OP0052,T00384,,,5.42,27.1,0.2,0.04,0.11,5.31,27.1,28.0,-3.2
2025-01-31 13:13:00,M0022,OP0052,T00384,,,5.42,27.1,0.2,0.03,0.11,5.31,27.1,28.0,-3.2
2025-01-31 13:25:00,M0022,OP0052,T00384,,,5.42,27.1,0.2,0.03,0.11,5.31,27.1,28.0,-3.2
2025-01-31 13:37:00,M0022,OP0052,T00384,,,5.42,27.1,0.2,0.03,0.11,5.31,27.1,28.0,-3.2
2025-01-31 13:49:00,M0022,OP0052,T00384,,,5.42,27.1,0.2,0.03,0.11,5.31,27.1,28.0,-3.2
2025-01-31 14:01:00,M0022,OP0052,T00384,,,5.42,27.1,0.2,0.03,0.11,5.31,27.1,28.0,-3.2
2025-01-31 14:13:00,M0022,OP0052,T00384,,,5.42,27.1,0.2,0.03,0.11,5.31,27.1,28.0,-3.2
2025-01-31 14:25:00,M0022,OP0052,T00384,,,5.42,27.1,0.2,0.02,0.11,5.31,27.1,28.0,-3.2
2025-01-31 14:37:00,M0022,OP0052,T00384,,,5.42,27.1,0.2,0.02,0.11,5.31,27.1,28.0,-3.2
2025-01-31 14:49:00,M0022,OP0052,T00384,,,5.42,27.1,0.2,0.03,0.11,5.31,27.1,28.0,-3.2
2025-01-31 15:01:00,M0022,OP0052,T00384,,,5.42,27.1,0.2,0.03,0.11,5.31,27.1,28.0,-3.2
2025-01-31 15:13:00,M0022,OP0052,T00384,,,5.42,27.1,0.2,0.04,0.11,5.31,27.1,28.0,-3.2
2025-01-31 15:25:00,M0022,OP0052,T00384,,,5.42,27.1,0.2,0.03,0.11,5.31,27.1,28.0,-3.2
2025-09-21 13:48:00,M0040,OP0046,T00385,307.7,,2.7,13.48,0.2,0.06,0.27,2.43,13.48,19.5,-30.8
2025-09-21 14:00:00,M0040,OP0046,T00385,,,2.7,13.48,0.2,0.06,0.27,2.43,13.48,19.5,-30.8
2025-09-21 14:12:00,M0040,OP0046,T00385,,,2.7,13.48,0.2,0.06,0.27,2.43,13.48,19.5,-30.8
2025-09-21 14:24:00,M0040,OP0046,T00385,,,2.7,13.48,0.2,0.08,0.27,2.43,13.48,19.5,-30.8
2025-09-21 14:36:00,M0040,OP0046,T00385,,,2.7,13.48,0.2,0.06,0.27,2.43,13.48,19.5,-30.8
2025-09-21 14:48:00,M0040,OP0046,T00385,,,2.7,13.48,0.2,0.08,0.27,2.43,13.48,19.5,-30.8
2025-09-21 15:00:00,M0040,OP0046,T00385,,,2.7,13.48,0.2,0.06,0.27,2.43,13.48,19.5,-30.8
2025-09-21 15:12:00,M0040,OP0046,T00385,,,2.7,13.48,0.2,0.06,0.27,2.43,13.48,19.5,-30.8
2025-09-21 15:24:00,M0040,OP0046,T00385,,,2.7,13.48,0.2,0.07,0.27,2.43,13.48,19.5,-30.8
2025-09-21 15:36:00,M0040,OP0046,T00385,,,2.7,13.48,0.2,0.07,0.27,2.43,13.48,19.5,-30.8
2025-09-21 15:48:00,M0040,OP0046,T00385,,,2.7,13.48,0.2,0.07,0.27,2.43,13.48,19.5,-30.8
2025-09-21 16:00:00,M0040,OP0046,T00385,,,2.7,13.48,0.2,0.07,0.27,2.43,13.48,19.5,-30.8
2025-09-21 16:12:00,M0040,OP0046,T00385,,,2.7,13.48,0.2,0.05,0.27,2.43,13.48,19.5,-30.8
2025-09-21 16:24:00,M0040,OP0046,T00385,,,2.7,13.48,0.2,0.07,0.27,2.43,13.48,19.5,-30.8
2025-09-21 16:36:00,M0040,OP0046,T00385,,,2.7,13.48,0.2,0.05,0.27,2.43,13.48,19.5,-30.8
2025-09-21 16:48:00,M0040,OP0046,T00385,,,2.7,13.48,0.2,0.07,0.27,2.43,13.48,19.5,-30.8
2025-09-21 17:00:00,M0040,OP0046,T00385,,,2.7,13.48,0.2,0.06,0.27,2.43,13.48,19.5,-30.8
2025-09-21 17:12:00,M0040,OP0046,T00385,,,2.7,13.48,0.2,0.07,0.27,2.43,13.48,19.5,-30.8
2025-09-21 17:24:00,M0040,OP0046,T00385,,,2.7,13.48,0.2,0.08,0.27,2.43,13.48,19.5,-30.8
2025-09-21 17:36:00,M0040,OP0046,T00385,,,2.7,13.48,0.2,0.08,0.27,2.43,13.48,19.5,-30.8
2025-05-01 07:16:00,M0040,OP0022,T00386,289.4,,3.4,17.01,0.2,0.01,0.18,3.22,17.01,19.5,-12.8
2025-05-01 07:28:00,M0040,OP0022,T00386,,,3.4,17.01,0.2,0.01,0.18,3.22,17.01,19.5,-12.8
2025-05-01 07:40:00,M0040,OP0022,T00386,,,2.84,17.01,0.17,0.01,0.15,2.68,17.01,19.5,-12.8
2025-03-30 15:49:00,M0025,OP0011,T00387,298.2,,2.88,14.41,0.2,0.04,0.18,2.7,14.41,19.5,-26.1
2025-03-30 16:01:00,M0025,OP0011,T00387,,,2.88,14.41,0.2,0.05,0.18,2.7,14.41,19.5,-26.1
2025-03-30 16:13:00,M0025,OP0011,T00387,,,2.88,14.41,0.2,0.04,0.18,2.7,14.41,19.5,-26.1
2025-03-30 16:25:00,M0025,OP0011,T00387,,,2.88,14.41,0.2,0.05,0.18,2.7,14.41,19.5,-26.1
2025-03-30 16:37:00,M0025,OP0011,T00387,,,2.88,14.41,0.2,0.06,0.18,2.7,14.41,19.5,-26.1
2025-03-30 16:49:00,M0025,OP0011,T00387,,,2.88,14.41,0.2,0.06,0.18,2.7,14.41,19.5,-26.1
2025-03-30 17:01:00,M0025,OP0011,T00387,,,2.88,14.41,0.2,0.05,0.18,2.7,14.41,19.5,-26.1
2025-03-30 17:13:00,M0025,OP0011,T00387,,,2.88,14.41,0.2,0.05,0.18,2.7,14.41,19.5,-26.1
2025-03-30 17:25:00,M0025,OP0011,T00387,,,2.88,14.41,0.2,0.04,0.18,2.7,14.41,19.5,-26.1
2025-03-30 17:37:00,M0025,OP0011,T00387,,,2.88,14.41,0.2,0.05,0.18,2.7,14.41,19.5,-26.1
2025-03-30 17:49:00,M0025,OP0011,T00387,,,2.88,14.41,0.2,0.04,0.18,2.7,14.41,19.5,-26.1
2025-03-30 18:01:00,M0025,OP0011,T00387,,,2.88,14.41,0.2,0.07,0.18,2.7,14.41,19.5,-26.1
2025-03-30 18:13:00,M0025,OP0011,T00387,,,2.88,14.41,0.2,0.05,0.18,2.7,14.41,19.5,-26.1
2025-03-30 18:25:00,M0025,OP0011,T00387,,,2.88,14.41,0.2,0.06,0.18,2.7,14.41,19.5,-26.1
2025-03-30 18:37:00,M0025,OP0011,T00387,,,2.88,14.41,0.2,0.05,0.18,2.7,14.41,19.5,-26.1
2025-03-30 18:49:00,M0025,OP0011,T00387,,,2.88,14.41,0.2,0.05,0.18,2.7,14.41,19.5,-26.1
2025-03-30 19:01:00,M0025,OP0011,T00387,,,2.88,14.41,0.2,0.04,0.18,2.7,14.41,19.5,-26.1
2025-03-30 19:13:00,M0025,OP0011,T00387,,,2.88,14.41,0.2,0.04,0.18,2.7,14.41,19.5,-26.1
2025-03-30 19:25:00,M0025,OP0011,T00387,,,2.88,14.41,0.2,0.06,0.18,2.7,14.41,19.5,-26.1
2025-03-30 19:37:00,M0025,OP0011,T00387,,,2.88,14.41,0.2,0.06,0.18,2.7,14.41,19.5,-26.1
2025-09-20 09:43:00,M0020,OP0024,T00389,230.9,,1.76,8.78,0.2,0.02,0.04,1.72,8.78,10.5,-16.3
2025-09-20 09:55:00,M0020,OP0024,T00389,,,1.76,8.78,0.2,0.02,0.04,1.72,8.78,10.5,-16.3
2025-09-20 10:07:00,M0020,OP0024,T00389,,,1.76,8.78,0.2,0.03,0.04,1.72,8.78,10.5,-16.3
2025-09-20 10:19:00,M0020,OP0024,T00389,,,1.76,8.78,0.2,0.02,0.04,1.72,8.78,10.5,-16.3
2025-09-20 10:31:00,M0020,OP0024,T00389,,,1.76,8.78,0.2,0.02,0.04,1.72,8.78,10.5,-16.3
2025-09-20 10:43:00,M0020,OP0024,T00389,,,1.76,8.78,0.2,0.02,0.04,1.72,8.78,10.5,-16.3
2025-09-20 10:55:00,M0020,OP0024,T00389,,,1.76,8.78,0.2,0.02,0.04,1.72,8.78,10.5,-16.3
2025-09-20 11:07:00,M0020,OP0024,T00389,,,1.76,8.78,0.2,0.02,0.04,1.72,8.78,10.5,-16.3
2025-09-20 11:19:00,M0020,OP0024,T00389,,,1.76,8.78,0.2,0.02,0.04,1.72,8.78,10.5,-16.3
2025-09-20 11:31:00,M0020,OP0024,T00389,,,1.76,8.78,0.2,0.02,0.04,1.72,8.78,10.5,-16.3
2025-09-20 11:43:00,M0020,OP0024,T00389,,,1.76,8.78,0.2,0.02,0.04,1.72,8.78,10.5,-16.3
2025-09-20 11:55:00,M0020,OP0024,T00389,,,1.76,8.78,0.2,0.02,0.04,1.72,8.78,10.5,-16.3
2025-09-20 12:07:00,M0020,OP0024,T00389,,,1.76,8.78,0.2,0.02,0.04,1.72,8.78,10.5,-16.3
2025-09-20 12:19:00,M0020,OP0024,T00389,,,1.76,8.78,0.2,0.02,0.04,1.72,8.78,10.5,-16.3
2025-09-20 12:31:00,M0020,OP0024,T00389,,,1.76,8.78,0.2,0.02,0.04,1.72,8.78,10.5,-16.3
2025-09-20 12:43:00,M0020,OP0024,T00389,,,0.44,8.78,0.05,0.01,0.01,0.43,8.78,10.5,-16.3
2025-01-20 15:42:00,M0030,OP0007,T00390,296.7,,2.86,14.28,0.2,0.03,0.09,2.76,14.28,20.0,-28.6
2025-01-20 15:54:00,M0030,OP0007,T00390,,,2.86,14.28,0.2,0.03,0.09,2.76,14.28,20.0,-28.6
2025-01-20 16:06:00,M0030,OP0007,T00390,,,2.86,14.28,0.2,0.03,0.09,2.76,14.28,20.0,-28.6
2025-01-20 16:18:00,M0030,OP0007,T00390,,,2.86,14.28,0.2,0.03,0.09,2.76,14.28,20.0,-28.6
2025-01-20 16:30:00,M0030,OP0007,T00390,,,2.86,14.28,0.2,0.03,0.09,2.76,14.28,20.0,-28.6
2025-01-20 16:42:00,M0030,OP0007,T00390,,,2.86,14.28,0.2,0.03,0.09,2.76,14.28,20.0,-28.6
2025-01-20 16:54:00,M0030,OP0007,T00390,,,2.86,14.28,0.2,0.02,0.09,2.76,14.28,20.0,-28.6
2025-01-20 17:06:00,M0030,OP0007,T00390,,,2.86,14.28,0.2,0.02,0.09,2.76,14.28,20.0,-28.6
2025-01-20 17:18:00,M0030,OP0007,T00390,,,2.86,14.28,0.2,0.02,0.09,2.76,14.28,20.0,-28.6
2025-01-20 17:30:00,M0030,OP0007,T00390,,,2.86,14.28,0.2,0.03,0.09,2.76,14.28,20.0,-28.6
2025-01-20 17:42:00,M0030,OP0007,T00390,,,2.86,14.28,0.2,0.03,0.09,2.76,14.28,20.0,-28.6
2025-01-20 17:54:00,M0030,OP0007,T00390,,,2.86,14.28,0.2,0.03,0.09,2.76,14.28,20.0,-28.6
2025-01-20 18:06:00,M0030,OP0007,T00390,,,2.86,14.28,0.2,0.02,0.09,2.76,14.28,20.0,-28.6
2025-01-20 18:18:00,M0030,OP0007,T00390,,,2.86,14.28,0.2,0.03,0.09,2.76,14.28,20.0,-28.6
2025-01-20 18:30:00,M0030,OP0007,T00390,,,2.86,14.28,0.2,0.03,0.09,2.76,14.28,20.0,-28.6
2025-01-20 18:42:00,M0030,OP0007,T00390,,,2.86,14.28,0.2,0.03,0.09,2.76,14.28,20.0,-28.6
2025-01-20 18:54:00,M0030,OP0007,T00390,,,2.86,14.28,0.2,0.02,0.09,2.76,14.28,20.0,-28.6
2025-01-20 19:06:00,M0030,OP0007,T00390,,,1.67,14.28,0.12,0.02,0.06,1.61,14.28,20.0,-28.6
2025-06-12 08:14:00,M0018,OP0012,T00391,500.8,,2.66,13.29,0.2,0.05,0.28,2.38,13.29,20.0,-33.6
2025-06-12 08:26:00,M0018,OP0012,T00391,,,2.66,13.29,0.2,0.04,0.28,2.38,13.29,20.0,-33.6
2025-06-12 08:38:00,M0018,OP0012,T00391,,,2.66,13.29,0.2,0.04,0.28,2.38,13.29,20.0,-33.6
2025-06-12 08:50:00,M0018,OP0012,T00391,,,2.66,13.29,0.2,0.05,0.28,2.38,13.29,20.0,-33.6
2025-06-12 09:02:00,M0018,OP0012,T00391,,,2.66,13.29,0.2,0.05,0.28,2.38,13.29,20.0,-33.6
2025-06-12 09:14:00,M0018,OP0012,T00391,,,2.66,13.29,0.2,0.04,0.28,2.38,13.29,20.0,-33.6
2025-06-12 09:26:00,M0018,OP0012,T00391,,,2.66,13.29,0.2,0.04,0.28,2.38,13.29,20.0,-33.6
2025-06-12 09:38:00,M0018,OP0012,T00391,,,0.44,13.29,0.03,0.01,0.05,0.4,13.29,20.0,-33.6
2025-05-27 06:13:00,M0023,OP0053,T00392,512.2,,4.3,21.51,0.2,0.01,0.19,4.11,21.51,19.5,10.3
2025-05-27 06:25:00,M0023,OP0053,T00392,,,4.3,21.51,0.2,0.02,0.19,4.11,21.51,19.5,10.3
2025-05-27 06:37:00,M0023,OP0053,T00392,,,4.3,21.51,0.2,0.02,0.19,4.11,21.51,19.5,10.3
2025-05-27 06:49:00,M0023,OP0053,T00392,,,4.3,21.51,0.2,0.01,0.19,4.11,21.51,19.5,10.3
2025-05-27 07:01:00,M0023,OP0053,T00392,,,4.3,21.51,0.2,0.02,0.19,4.11,21.51,19.5,10.3
2025-05-27 07:13:00,M0023,OP0053,T00392,,,4.3,21.51,0.2,0.02,0.19,4.11,21.51,19.5,10.3
2025-05-27 07:25:00,M0023,OP0053,T00392,,,4.3,21.51,0.2,0.01,0.19,4.11,21.51,19.5,10.3
2025-05-27 07:37:00,M0023,OP0053,T00392,,,4.3,21.51,0.2,0.02,0.19,4.11,21.51,19.5,10.3
2025-05-27 07:49:00,M0023,OP0053,T00392,,,4.3,21.51,0.2,0.02,0.19,4.11,21.51,19.5,10.3
2025-05-27 08:01:00,M0023,OP0053,T00392,,,4.3,21.51,0.2,0.02,0.19,4.11,21.51,19.5,10.3
2025-05-27 08:13:00,M0023,OP0053,T00392,,,4.3,21.51,0.2,0.01,0.19,4.11,21.51,19.5,10.3
2025-05-27 08:25:00,M0023,OP0053,T00392,,,4.3,21.51,0.2,0.02,0.19,4.11,21.51,19.5,10.3
2025-05-27 08:37:00,M0023,OP0053,T00392,,,4.3,21.51,0.2,0.01,0.19,4.11,21.51,19.5,10.3
2025-05-27 08:49:00,M0023,OP0053,T00392,,,4.3,21.51,0.2,0.02,0.19,4.11,21.51,19.5,10.3
2025-05-27 09:01:00,M0023,OP0053,T00392,,,4.3,21.51,0.2,0.02,0.19,4.11,21.51,19.5,10.3
2025-05-27 09:13:00,M0023,OP0053,T00392,,,4.3,21.51,0.2,0.02,0.19,4.11,21.51,19.5,10.3
2025-05-27 09:25:00,M0023,OP0053,T00392,,,4.3,21.51,0.2,0.01,0.19,4.11,21.51,19.5,10.3
2025-05-27 09:37:00,M0023,OP0053,T00392,,,4.3,21.51,0.2,0.02,0.19,4.11,21.51,19.5,10.3
2025-05-27 09:49:00,M0023,OP0053,T00392,,,4.3,21.51,0.2,0.02,0.19,4.11,21.51,19.5,10.3
2025-05-27 10:01:00,M0023,OP0053,T00392,,,4.3,21.51,0.2,0.01,0.19,4.11,21.51,19.5,10.3
2025-02-24 06:51:00,M0042,OP0037,T00393,350.4,,4.75,23.77,0.2,0.01,0.21,4.54,23.77,25.0,-4.9
2025-02-24 07:03:00,M0042,OP0037,T00393,,,4.75,23.77,0.2,0.02,0.21,4.54,23.77,25.0,-4.9
2025-02-24 07:15:00,M0042,OP0037,T00393,,,4.75,23.77,0.2,0.02,0.21,4.54,23.77,25.0,-4.9
2025-02-24 07:27:00,M0042,OP0037,T00393,,,4.75,23.77,0.2,0.01,0.21,4.54,23.77,25.0,-4.9
2025-02-24 07:39:00,M0042,OP0037,T00393,,,4.75,23.77,0.2,0.02,0.21,4.54,23.77,25.0,-4.9
2025-02-24 07:51:00,M0042,OP0037,T00393,,,4.75,23.77,0.2,0.02,0.21,4.54,23.77,25.0,-4.9
2025-02-24 08:03:00,M0042,OP0037,T00393,,,4.75,23.77,0.2,0.02,0.21,4.54,23.77,25.0,-4.9
2025-02-24 08:15:00,M0042,OP0037,T00393,,,4.75,23.77,0.2,0.02,0.21,4.54,23.77,25.0,-4.9
2025-02-24 08:27:00,M0042,OP0037,T00393,,,4.75,23.77,0.2,0.02,0.21,4.54,23.77,25.0,-4.9
2025-02-24 08:39:00,M0042,OP0037,T00393,,,4.75,23.77,0.2,0.02,0.21,4.54,23.77,25.0,-4.9
2025-02-24 08:51:00,M0042,OP0037,T00393,,,4.75,23.77,0.2,0.02,0.21,4.54,23.77,25.0,-4.9
2025-02-24 09:03:00,M0042,OP0037,T00393,,,4.75,23.77,0.2,0.02,0.21,4.54,23.77,25.0,-4.9
2025-02-24 09:15:00,M0042,OP0037,T00393,,,4.75,23.77,0.2,0.02,0.21,4.54,23.77,25.0,-4.9
2025-02-24 09:27:00,M0042,OP0037,T00393,,,4.75,23.77,0.2,0.02,0.21,4.54,23.77,25.0,-4.9
2025-02-24 09:39:00,M0042,OP0037,T00393,,,4.75,23.77,0.2,0.02,0.21,4.54,23.77,25.0,-4.9
2025-02-24 09:51:00,M0042,OP0037,T00393,,,4.75,23.77,0.2,0.02,0.21,4.54,23.77,25.0,-4.9
2025-02-24 10:03:00,M0042,OP0037,T00393,,,4.75,23.77,0.2,0.02,0.21,4.54,23.77,25.0,-4.9
2025-02-24 10:15:00,M0042,OP0037,T00393,,,4.75,23.77,0.2,0.02,0.21,4.54,23.77,25.0,-4.9
2025-02-24 10:27:00,M0042,OP0037,T00393,,,4.75,23.77,0.2,0.02,0.21,4.54,23.77,25.0,-4.9
2025-02-24 10:39:00,M0042,OP0037,T00393,,,4.75,23.77,0.2,0.02,0.21,4.54,23.77,25.0,-4.9
2025-05-22 09:29:00,M0021,OP0038,T00394,354.7,,1.98,9.91,0.2,0.04,0.15,1.83,9.91,14.5,-31.7
2025-05-22 09:41:00,M0021,OP0038,T00394,,,1.98,9.91,0.2,0.05,0.15,1.83,9.91,14.5,-31.7
2025-05-22 09:53:00,M0021,OP0038,T00394,,,1.98,9.91,0.2,0.04,0.15,1.83,9.91,14.5,-31.7
2025-05-22 10:05:00,M0021,OP0038,T00394,,,1.98,9.91,0.2,0.05,0.15,1.83,9.91,14.5,-31.7
2025-05-22 10:17:00,M0021,OP0038,T00394,,,1.98,9.91,0.2,0.05,0.15,1.83,9.91,14.5,-31.7
2025-05-22 10:29:00,M0021,OP0038,T00394,,,1.98,9.91,0.2,0.04,0.15,1.83,9.91,14.5,-31.7
2025-05-22 10:41:00,M0021,OP0038,T00394,,,1.98,9.91,0.2,0.06,0.15,1.83,9.91,14.5,-31.7
2025-05-22 10:53:00,M0021,OP0038,T00394,,,1.98,9.91,0.2,0.04,0.15,1.83,9.91,14.5,-31.7
2025-05-22 11:05:00,M0021,OP0038,T00394,,,1.98,9.91,0.2,0.06,0.15,1.83,9.91,14.5,-31.7
2025-05-22 11:17:00,M0021,OP0038,T00394,,,1.98,9.91,0.2,0.04,0.15,1.83,9.91,14.5,-31.7
2025-05-22 11:29:00,M0021,OP0038,T00394,,,1.98,9.91,0.2,0.05,0.15,1.83,9.91,14.5,-31.7
2025-05-22 11:41:00,M0021,OP0038,T00394,,,1.98,9.91,0.2,0.05,0.15,1.83,9.91,14.5,-31.7
2025-05-22 11:53:00,M0021,OP0038,T00394,,,1.98,9.91,0.2,0.05,0.15,1.83,9.91,14.5,-31.7
2025-05-22 12:05:00,M0021,OP0038,T00394,,,1.98,9.91,0.2,0.04,0.15,1.83,9.91,14.5,-31.7
2025-05-22 12:17:00,M0021,OP0038,T00394,,,1.98,9.91,0.2,0.04,0.15,1.83,9.91,14.5,-31.7
2025-05-22 12:29:00,M0021,OP0038,T00394,,,1.98,9.91,0.2,0.05,0.15,1.83,9.91,14.5,-31.7
2025-05-22 12:41:00,M0021,OP0038,T00394,,,1.98,9.91,0.2,0.05,0.15,1.83,9.91,14.5,-31.7
2025-05-22 12:53:00,M0021,OP0038,T00394,,,1.98,9.91,0.2,0.05,0.15,1.83,9.91,14.5,-31.7
2025-05-22 13:05:00,M0021,OP0038,T00394,,,1.98,9.91,0.2,0.06,0.15,1.83,9.91,14.5,-31.7
2025-05-22 13:17:00,M0021,OP0038,T00394,,,1.98,9.91,0.2,0.05,0.15,1.83,9.91,14.5,-31.7
2025-01-23 08:42:00,M0009,OP0052,T00395,226.5,,3.2,16.01,0.2,0.05,0.22,2.99,16.01,20.0,-20.0
2025-01-23 08:54:00,M0009,OP0052,T00395,,,3.2,16.01,0.2,0.05,0.22,2.99,16.01,20.0,-20.0
2025-01-23 09:06:00,M0009,OP0052,T00395,,,3.2,16.01,0.2,0.06,0.22,2.99,16.01,20.0,-20.0
2025-01-23 09:18:00,M0009,OP0052,T00395,,,3.2,16.01,0.2,0.04,0.22,2.99,16.01,20.0,-20.0
2025-01-23 09:30:00,M0009,OP0052,T00395,,,3.2,16.01,0.2,0.05,0.22,2.99,16.01,20.0,-20.0
2025-01-23 09:42:00,M0009,OP0052,T00395,,,3.2,16.01,0.2,0.05,0.22,2.99,16.01,20.0,-20.0
2025-01-23 09:54:00,M0009,OP0052,T00395,,,3.2,16.01,0.2,0.04,0.22,2.99,16.01,20.0,-20.0
2025-01-23 10:06:00,M0009,OP0052,T00395,,,3.2,16.01,0.2,0.05,0.22,2.99,16.01,20.0,-20.0
2025-01-23 10:18:00,M0009,OP0052,T00395,,,3.2,16.01,0.2,0.04,0.22,2.99,16.01,20.0,-20.0
2025-01-23 10:30:00,M0009,OP0052,T00395,,,3.2,16.01,0.2,0.05,0.22,2.99,16.01,20.0,-20.0
2025-01-23 10:42:00,M0009,OP0052,T00395,,,3.2,16.01,0.2,0.06,0.22,2.99,16.01,20.0,-20.0
2025-01-23 10:54:00,M0009,OP0052,T00395,,,3.2,16.01,0.2,0.06,0.22,2.99,16.01,20.0,-20.0
2025-01-23 11:06:00,M0009,OP0052,T00395,,,3.2,16.01,0.2,0.05,0.22,2.99,16.01,20.0,-20.0
2025-01-23 11:18:00,M0009,OP0052,T00395,,,3.2,16.01,0.2,0.04,0.22,2.99,16.01,20.0,-20.0
2025-01-23 11:30:00,M0009,OP0052,T00395,,,3.2,16.01,0.2,0.05,0.22,2.99,16.01,20.0,-20.0
2025-01-23 11:42:00,M0009,OP0052,T00395,,,3.2,16.01,0.2,0.04,0.22,2.99,16.01,20.0,-20.0
2025-01-23 11:54:00,M0009,OP0052,T00395,,,3.2,16.01,0.2,0.06,0.22,2.99,16.01,20.0,-20.0
2025-01-23 12:06:00,M0009,OP0052,T00395,,,3.2,16.01,0.2,0.04,0.22,2.99,16.01,20.0,-20.0
2025-01-23 12:18:00,M0009,OP0052,T00395,,,3.2,16.01,0.2,0.04,0.22,2.99,16.01,20.0,-20.0
2025-01-23 12:30:00,M0009,OP0052,T00395,,,3.2,16.01,0.2,0.04,0.22,2.99,16.01,20.0,-20.0
2025-04-26 08:48:00,M0006,OP0029,T00396,114.6,,1.49,7.43,0.2,0.06,0.12,1.37,7.43,10.5,-29.2
2025-04-26 09:00:00,M0006,OP0029,T00396,,,1.49,7.43,0.2,0.05,0.12,1.37,7.43,10.5,-29.2
2025-04-26 09:12:00,M0006,OP0029,T00396,,,1.49,7.43,0.2,0.04,0.12,1.37,7.43,10.5,-29.2
2025-04-26 09:24:00,M0006,OP0029,T00396,,,1.49,7.43,0.2,0.05,0.12,1.37,7.43,10.5,-29.2
2025-04-26 09:36:00,M0006,OP0029,T00396,,,1.49,7.43,0.2,0.06,0.12,1.37,7.43,10.5,-29.2
2025-04-26 09:48:00,M0006,OP0029,T00396,,,1.49,7.43,0.2,0.04,0.12,1.37,7.43,10.5,-29.2
2025-04-26 10:00:00,M0006,OP0029,T00396,,,1.49,7.43,0.2,0.05,0.12,1.37,7.43,10.5,-29.2
2025-04-26 10:12:00,M0006,OP0029,T00396,,,1.49,7.43,0.2,0.05,0.12,1.37,7.43,10.5,-29.2
2025-04-26 10:24:00,M0006,OP0029,T00396,,,1.49,7.43,0.2,0.06,0.12,1.37,7.43,10.5,-29.2
2025-04-26 10:36:00,M0006,OP0029,T00396,,,1.49,7.43,0.2,0.06,0.12,1.37,7.43,10.5,-29.2
2025-04-26 10:48:00,M0006,OP0029,T00396,,,1.49,7.43,0.2,0.04,0.12,1.37,7.43,10.5,-29.2
2025-04-26 11:00:00,M0006,OP0029,T00396,,,1.49,7.43,0.2,0.06,0.12,1.37,7.43,10.5,-29.2
2025-04-26 11:12:00,M0006,OP0029,T00396,,,1.49,7.43,0.2,0.05,0.12,1.37,7.43,10.5,-29.2
2025-04-26 11:24:00,M0006,OP0029,T00396,,,1.49,7.43,0.2,0.03,0.12,1.37,7.43,10.5,-29.2
2025-04-26 11:36:00,M0006,OP0029,T00396,,,1.49,7.43,0.2,0.05,0.12,1.37,7.43,10.5,-29.2
2025-04-26 11:48:00,M0006,OP0029,T00396,,,1.49,7.43,0.2,0.05,0.12,1.37,7.43,10.5,-29.2
2025-04-26 12:00:00,M0006,OP0029,T00396,,,1.49,7.43,0.2,0.04,0.12,1.37,7.43,10.5,-29.2
2025-04-26 12:12:00,M0006,OP0029,T00396,,,1.49,7.43,0.2,0.06,0.12,1.37,7.43,10.5,-29.2
2025-04-26 12:24:00,M0006,OP0029,T00396,,,1.49,7.43,0.2,0.04,0.12,1.37,7.43,10.5,-29.2
2025-04-26 12:36:00,M0006,OP0029,T00396,,,1.49,7.43,0.2,0.05,0.12,1.37,7.43,10.5,-29.2
2025-06-15 13:33:00,M0030,OP0035,T00397,359.2,,2.95,14.77,0.2,0.01,0.1,2.86,14.77,20.0,-26.2
2025-06-15 13:45:00,M0030,OP0035,T00397,,,2.95,14.77,0.2,0.02,0.1,2.86,14.77,20.0,-26.2
2025-06-15 13:57:00,M0030,OP0035,T00397,,,2.95,14.77,0.2,0.01,0.1,2.86,14.77,20.0,-26.2
2025-06-15 14:09:00,M0030,OP0035,T00397,,,2.95,14.77,0.2,0.02,0.1,2.86,14.77,20.0,-26.2
2025-06-15 14:21:00,M0030,OP0035,T00397,,,2.95,14.77,0.2,0.02,0.1,2.86,14.77,20.0,-26.2
2025-06-15 14:33:00,M0030,OP0035,T00397,,,2.95,14.77,0.2,0.02,0.1,2.86,14.77,20.0,-26.2
2025-06-15 14:45:00,M0030,OP0035,T00397,,,2.95,14.77,0.2,0.01,0.1,2.86,14.77,20.0,-26.2
2025-06-15 14:57:00,M0030,OP0035,T00397,,,2.95,14.77,0.2,0.01,0.1,2.86,14.77,20.0,-26.2
2025-06-15 15:09:00,M0030,OP0035,T00397,,,2.95,14.77,0.2,0.02,0.1,2.86,14.77,20.0,-26.2
2025-06-15 15:21:00,M0030,OP0035,T00397,,,2.95,14.77,0.2,0.01,0.1,2.86,14.77,20.0,-26.2
2025-06-15 15:33:00,M0030,OP0035,T00397,,,2.95,14.77,0.2,0.01,0.1,2.86,14.77,20.0,-26.2
2025-06-15 15:45:00,M0030,OP0035,T00397,,,2.95,14.77,0.2,0.02,0.1,2.86,14.77,20.0,-26.2
2025-06-15 15:57:00,M0030,OP0035,T00397,,,2.95,14.77,0.2,0.01,0.1,2.86,14.77,20.0,-26.2
2025-06-15 16:09:00,M0030,OP0035,T00397,,,2.95,14.77,0.2,0.02,0.1,2.86,14.77,20.0,-26.2
2025-06-15 16:21:00,M0030,OP0035,T00397,,,2.95,14.77,0.2,0.01,0.1,2.86,14.77,20.0,-26.2
2025-06-15 16:33:00,M0030,OP0035,T00397,,,2.95,14.77,0.2,0.01,0.1,2.86,14.77,20.0,-26.2
2025-06-15 16:45:00,M0030,OP0035,T00397,,,2.95,14.77,0.2,0.01,0.1,2.86,14.77,20.0,-26.2
2025-06-15 16:57:00,M0030,OP0035,T00397,,,2.95,14.77,0.2,0.01,0.1,2.86,14.77,20.0,-26.2
2025-06-15 17:09:00,M0030,OP0035,T00397,,,2.95,14.77,0.2,0.02,0.1,2.86,14.77,20.0,-26.2
2025-06-15 17:21:00,M0030,OP0035,T00397,,,2.95,14.77,0.2,0.02,0.1,2.86,14.77,20.0,-26.2
2025-09-02 15:14:00,M0011,OP0050,T00398,149.1,,1.51,7.55,0.2,0.02,0.08,1.43,7.55,10.5,-28.1
2025-09-02 15:26:00,M0011,OP0050,T00398,,,1.51,7.55,0.2,0.03,0.08,1.43,7.55,10.5,-28.1
2025-09-02 15:38:00,M0011,OP0050,T00398,,,1.51,7.55,0.2,0.02,0.08,1.43,7.55,10.5,-28.1
2025-09-02 15:50:00,M0011,OP0050,T00398,,,1.51,7.55,0.2,0.03,0.08,1.43,7.55,10.5,-28.1
2025-09-02 16:02:00,M0011,OP0050,T00398,,,1.51,7.55,0.2,0.02,0.08,1.43,7.55,10.5,-28.1
2025-09-02 16:14:00,M0011,OP0050,T00398,,,1.51,7.55,0.2,0.02,0.08,1.43,7.55,10.5,-28.1
2025-09-02 16:26:00,M0011,OP0050,T00398,,,1.51,7.55,0.2,0.02,0.08,1.43,7.55,10.5,-28.1
2025-09-02 16:38:00,M0011,OP0050,T00398,,,1.51,7.55,0.2,0.03,0.08,1.43,7.55,10.5,-28.1
2025-09-02 16:50:00,M0011,OP0050,T00398,,,1.51,7.55,0.2,0.02,0.08,1.43,7.55,10.5,-28.1
2025-09-02 17:02:00,M0011,OP0050,T00398,,,1.51,7.55,0.2,0.02,0.08,1.43,7.55,10.5,-28.1
2025-09-02 17:14:00,M0011,OP0050,T00398,,,1.51,7.55,0.2,0.02,0.08,1.43,7.55,10.5,-28.1
2025-09-02 17:26:00,M0011,OP0050,T00398,,,1.51,7.55,0.2,0.02,0.08,1.43,7.55,10.5,-28.1
2025-09-02 17:38:00,M0011,OP0050,T00398,,,1.51,7.55,0.2,0.02,0.08,1.43,7.55,10.5,-28.1
2025-09-02 17:50:00,M0011,OP0050,T00398,,,1.51,7.55,0.2,0.02,0.08,1.43,7.55,10.5,-28.1
2025-09-02 18:02:00,M0011,OP0050,T00398,,,1.51,7.55,0.2,0.02,0.08,1.43,7.55,10.5,-28.1
2025-09-02 18:14:00,M0011,OP0050,T00398,,,1.51,7.55,0.2,0.02,0.08,1.43,7.55,10.5,-28.1
2025-09-02 18:26:00,M0011,OP0050,T00398,,,1.51,7.55,0.2,0.02,0.08,1.43,7.55,10.5,-28.1
2025-09-02 18:38:00,M0011,OP0050,T00398,,,1.51,7.55,0.2,0.03,0.08,1.43,7.55,10.5,-28.1
2025-09-02 18:50:00,M0011,OP0050,T00398,,,1.01,7.55,0.13,0.01,0.05,0.95,7.55,10.5,-28.1
2025-04-16 14:55:00,M0016,OP0004,T00403,266.9,,2.01,10.06,0.2,0.0,0.1,1.91,10.06,12.0,-16.1
2025-04-16 15:07:00,M0016,OP0004,T00403,,,2.01,10.06,0.2,0.0,0.1,1.91,10.06,12.0,-16.1
2025-04-16 15:19:00,M0016,OP0004,T00403,,,2.01,10.06,0.2,0.0,0.1,1.91,10.06,12.0,-16.1
2025-04-16 15:31:00,M0016,OP0004,T00403,,,2.01,10.06,0.2,0.0,0.1,1.91,10.06,12.0,-16.1
2025-04-16 15:43:00,M0016,OP0004,T00403,,,2.01,10.06,0.2,0.0,0.1,1.91,10.06,12.0,-16.1
2025-04-16 15:55:00,M0016,OP0004,T00403,,,2.01,10.06,0.2,0.0,0.1,1.91,10.06,12.0,-16.1
2025-04-16 16:07:00,M0016,OP0004,T00403,,,2.01,10.06,0.2,0.0,0.1,1.91,10.06,12.0,-16.1
2025-04-16 16:19:00,M0016,OP0004,T00403,,,2.01,10.06,0.2,0.0,0.1,1.91,10.06,12.0,-16.1
2025-04-16 16:31:00,M0016,OP0004,T00403,,,2.01,10.06,0.2,0.0,0.1,1.91,10.06,12.0,-16.1
2025-04-16 16:43:00,M0016,OP0004,T00403,,,2.01,10.06,0.2,0.0,0.1,1.91,10.06,12.0,-16.1
2025-04-16 16:55:00,M0016,OP0004,T00403,,,0.5,10.06,0.05,0.0,0.03,0.48,10.06,12.0,-16.1
2025-03-07 09:23:00,M0030,OP0049,T00404,308.3,,2.8,14.02,0.2,0.04,0.27,2.53,14.02,20.0,-29.9
2025-03-07 09:35:00,M0030,OP0049,T00404,,,2.8,14.02,0.2,0.04,0.27,2.53,14.02,20.0,-29.9
2025-03-07 09:47:00,M0030,OP0049,T00404,,,2.8,14.02,0.2,0.03,0.27,2.53,14.02,20.0,-29.9
2025-03-07 09:59:00,M0030,OP0049,T00404,,,2.8,14.02,0.2,0.06,0.27,2.53,14.02,20.0,-29.9
2025-03-07 10:11:00,M0030,OP0049,T00404,,,2.8,14.02,0.2,0.06,0.27,2.53,14.02,20.0,-29.9
2025-03-07 10:23:00,M0030,OP0049,T00404,,,2.8,14.02,0.2,0.05,0.27,2.53,14.02,20.0,-29.9
2025-03-07 10:35:00,M0030,OP0049,T00404,,,2.8,14.02,0.2,0.05,0.27,2.53,14.02,20.0,-29.9
2025-03-07 10:47:00,M0030,OP0049,T00404,,,2.8,14.02,0.2,0.05,0.27,2.53,14.02,20.0,-29.9
2025-03-07 10:59:00,M0030,OP0049,T00404,,,2.8,14.02,0.2,0.04,0.27,2.53,14.02,20.0,-29.9
2025-03-07 11:11:00,M0030,OP0049,T00404,,,2.8,14.02,0.2,0.04,0.27,2.53,14.02,20.0,-29.9
2025-03-07 11:23:00,M0030,OP0049,T00404,,,2.8,14.02,0.2,0.04,0.27,2.53,14.02,20.0,-29.9
2025-03-07 11:35:00,M0030,OP0049,T00404,,,2.8,14.02,0.2,0.06,0.27,2.53,14.02,20.0,-29.9
2025-03-07 11:47:00,M0030,OP0049,T00404,,,2.8,14.02,0.2,0.05,0.27,2.53,14.02,20.0,-29.9
2025-03-07 11:59:00,M0030,OP0049,T00404,,,2.8,14.02,0.2,0.05,0.27,2.53,14.02,20.0,-29.9
2025-03-07 12:11:00,M0030,OP0049,T00404,,,2.8,14.02,0.2,0.05,0.27,2.53,14.02,20.0,-29.9
2025-03-07 12:23:00,M0030,OP0049,T00404,,,2.8,14.02,0.2,0.06,0.27,2.53,14.02,20.0,-29.9
2025-03-07 12:35:00,M0030,OP0049,T00404,,,2.8,14.02,0.2,0.05,0.27,2.53,14.02,20.0,-29.9
2025-03-07 12:47:00,M0030,OP0049,T00404,,,2.8,14.02,0.2,0.04,0.27,2.53,14.02,20.0,-29.9
2025-03-07 12:59:00,M0030,OP0049,T00404,,,2.8,14.02,0.2,0.05,0.27,2.53,14.02,20.0,-29.9
2025-03-07 13:11:00,M0030,OP0049,T00404,,,2.8,14.02,0.2,0.06,0.27,2.53,14.02,20.0,-29.9
2025-03-14 08:46:00,M0030,OP0042,T00405,302.1,,3.16,15.81,0.2,0.02,0.12,3.04,15.81,20.0,-21.0
2025-03-14 08:58:00,M0030,OP0042,T00405,,,3.16,15.81,0.2,0.01,0.12,3.04,15.81,20.0,-21.0
2025-03-14 09:10:00,M0030,OP0042,T00405,,,3.16,15.81,0.2,0.01,0.12,3.04,15.81,20.0,-21.0
2025-03-14 09:22:00,M0030,OP0042,T00405,,,3.16,15.81,0.2,0.01,0.12,3.04,15.81,20.0,-21.0
2025-03-14 09:34:00,M0030,OP0042,T00405,,,3.16,15.81,0.2,0.01,0.12,3.04,15.81,20.0,-21.0
2025-03-14 09:46:00,M0030,OP0042,T00405,,,3.16,15.81,0.2,0.01,0.12,3.04,15.81,20.0,-21.0
2025-03-14 09:58:00,M0030,OP0042,T00405,,,3.16,15.81,0.2,0.01,0.12,3.04,15.81,20.0,-21.0
2025-03-14 10:10:00,M0030,OP0042,T00405,,,3.16,15.81,0.2,0.01,0.12,3.04,15.81,20.0,-21.0
2025-03-14 10:22:00,M0030,OP0042,T00405,,,3.16,15.81,0.2,0.01,0.12,3.04,15.81,20.0,-21.0
2025-03-14 10:34:00,M0030,OP0042,T00405,,,3.16,15.81,0.2,0.02,0.12,3.04,15.81,20.0,-21.0
2025-03-14 10:46:00,M0030,OP0042,T00405,,,3.16,15.81,0.2,0.02,0.12,3.04,15.81,20.0,-21.0
2025-03-14 10:58:00,M0030,OP0042,T00405,,,3.16,15.81,0.2,0.02,0.12,3.04,15.81,20.0,-21.0
2025-03-14 11:10:00,M0030,OP0042,T00405,,,3.16,15.81,0.2,0.01,0.12,3.04,15.81,20.0,-21.0
2025-03-14 11:22:00,M0030,OP0042,T00405,,,3.16,15.81,0.2,0.01,0.12,3.04,15.81,20.0,-21.0
2025-03-14 11:34:00,M0030,OP0042,T00405,,,3.16,15.81,0.2,0.01,0.12,3.04,15.81,20.0,-21.0
2025-03-14 11:46:00,M0030,OP0042,T00405,,,3.16,15.81,0.2,0.01,0.12,3.04,15.81,20.0,-21.0
2025-03-14 11:58:00,M0030,OP0042,T00405,,,3.16,15.81,0.2,0.01,0.12,3.04,15.81,20.0,-21.0
2025-03-14 12:10:00,M0030,OP0042,T00405,,,3.16,15.81,0.2,0.01,0.12,3.04,15.81,20.0,-21.0
2025-03-14 12:22:00,M0030,OP0042,T00405,,,3.16,15.81,0.2,0.01,0.12,3.04,15.81,20.0,-21.0
2025-03-14 12:34:00,M0030,OP0042,T00405,,,3.16,15.81,0.2,0.01,0.12,3.04,15.81,20.0,-21.0
2025-09-27 12:34:00,M0006,OP0041,T00406,147.7,,1.59,7.96,0.2,0.07,0.09,1.51,7.96,10.5,-24.2
2025-09-27 12:46:00,M0006,OP0041,T00406,,,1.59,7.96,0.2,0.06,0.09,1.51,7.96,10.5,-24.2
2025-09-27 12:58:00,M0006,OP0041,T00406,,,1.59,7.96,0.2,0.06,0.09,1.51,7.96,10.5,-24.2
2025-09-27 13:10:00,M0006,OP0041,T00406,,,1.59,7.96,0.2,0.05,0.09,1.51,7.96,10.5,-24.2
2025-09-27 13:22:00,M0006,OP0041,T00406,,,1.59,7.96,0.2,0.05,0.09,1.51,7.96,10.5,-24.2
2025-09-27 13:34:00,M0006,OP0041,T00406,,,1.59,7.96,0.2,0.06,0.09,1.51,7.96,10.5,-24.2
2025-09-27 13:46:00,M0006,OP0041,T00406,,,1.59,7.96,0.2,0.04,0.09,1.51,7.96,10.5,-24.2
2025-09-27 13:58:00,M0006,OP0041,T00406,,,1.59,7.96,0.2,0.05,0.09,1.51,7.96,10.5,-24.2
2025-09-27 14:10:00,M0006,OP0041,T00406,,,1.59,7.96,0.2,0.04,0.09,1.51,7.96,10.5,-24.2
2025-09-27 14:22:00,M0006,OP0041,T00406,,,1.59,7.96,0.2,0.06,0.09,1.51,7.96,10.5,-24.2
2025-09-27 14:34:00,M0006,OP0041,T00406,,,1.59,7.96,0.2,0.08,0.09,1.51,7.96,10.5,-24.2
2025-09-27 14:46:00,M0006,OP0041,T00406,,,1.59,7.96,0.2,0.07,0.09,1.51,7.96,10.5,-24.2
2025-09-27 14:58:00,M0006,OP0041,T00406,,,1.59,7.96,0.2,0.06,0.09,1.51,7.96,10.5,-24.2
2025-09-27 15:10:00,M0006,OP0041,T00406,,,1.59,7.96,0.2,0.07,0.09,1.51,7.96,10.5,-24.2
2025-09-27 15:22:00,M0006,OP0041,T00406,,,1.59,7.96,0.2,0.06,0.09,1.51,7.96,10.5,-24.2
2025-09-27 15:34:00,M0006,OP0041,T00406,,,1.59,7.96,0.2,0.05,0.09,1.51,7.96,10.5,-24.2
2025-09-27 15:46:00,M0006,OP0041,T00406,,,1.59,7.96,0.2,0.05,0.09,1.51,7.96,10.5,-24.2
2025-09-27 15:58:00,M0006,OP0041,T00406,,,1.59,7.96,0.2,0.07,0.09,1.51,7.96,10.5,-24.2
2025-09-27 16:10:00,M0006,OP0041,T00406,,,0.13,7.96,0.02,0.0,0.01,0.13,7.96,10.5,-24.2
2025-08-22 08:05:00,M0027,OP0018,T00407,308.6,,2.14,10.7,0.2,0.05,0.29,1.85,10.7,20.0,-46.5
2025-08-22 08:17:00,M0027,OP0018,T00407,,,2.14,10.7,0.2,0.04,0.29,1.85,10.7,20.0,-46.5
2025-08-22 08:29:00,M0027,OP0018,T00407,,,2.14,10.7,0.2,0.05,0.29,1.85,10.7,20.0,-46.5
2025-08-22 08:41:00,M0027,OP0018,T00407,,,2.14,10.7,0.2,0.06,0.29,1.85,10.7,20.0,-46.5
2025-08-22 08:53:00,M0027,OP0018,T00407,,,2.14,10.7,0.2,0.04,0.29,1.85,10.7,20.0,-46.5
2025-08-22 09:05:00,M0027,OP0018,T00407,,,2.14,10.7,0.2,0.05,0.29,1.85,10.7,20.0,-46.5
2025-08-22 09:17:00,M0027,OP0018,T00407,,,2.14,10.7,0.2,0.06,0.29,1.85,10.7,20.0,-46.5
2025-08-22 09:29:00,M0027,OP0018,T00407,,,2.14,10.7,0.2,0.06,0.29,1.85,10.7,20.0,-46.5
2025-08-22 09:41:00,M0027,OP0018,T00407,,,2.14,10.7,0.2,0.06,0.29,1.85,10.7,20.0,-46.5
2025-08-22 09:53:00,M0027,OP0018,T00407,,,2.14,10.7,0.2,0.06,0.29,1.85,10.7,20.0,-46.5
2025-08-22 10:05:00,M0027,OP0018,T00407,,,2.14,10.7,0.2,0.06,0.29,1.85,10.7,20.0,-46.5
2025-08-22 10:17:00,M0027,OP0018,T00407,,,2.14,10.7,0.2,0.06,0.29,1.85,10.7,20.0,-46.5
2025-08-22 10:29:00,M0027,OP0018,T00407,,,2.14,10.7,0.2,0.06,0.29,1.85,10.7,20.0,-46.5
2025-08-22 10:41:00,M0027,OP0018,T00407,,,2.14,10.7,0.2,0.05,0.29,1.85,10.7,20.0,-46.5
2025-08-22 10:53:00,M0027,OP0018,T00407,,,2.14,10.7,0.2,0.04,0.29,1.85,10.7,20.0,-46.5
2025-08-22 11:05:00,M0027,OP0018,T00407,,,2.14,10.7,0.2,0.05,0.29,1.85,10.7,20.0,-46.5
2025-08-22 11:17:00,M0027,OP0018,T00407,,,2.14,10.7,0.2,0.04,0.29,1.85,10.7,20.0,-46.5
2025-08-22 11:29:00,M0027,OP0018,T00407,,,2.14,10.7,0.2,0.04,0.29,1.85,10.7,20.0,-46.5
2025-08-22 11:41:00,M0027,OP0018,T00407,,,2.14,10.7,0.2,0.04,0.29,1.85,10.7,20.0,-46.5
2025-08-22 11:53:00,M0027,OP0018,T00407,,,2.14,10.7,0.2,0.06,0.29,1.85,10.7,20.0,-46.5
2025-08-14 09:59:00,M0001,OP0012,T00409,427.2,,3.06,15.3,0.2,0.03,0.21,2.85,15.3,20.0,-23.5
2025-08-14 10:11:00,M0001,OP0012,T00409,,,3.06,15.3,0.2,0.03,0.21,2.85,15.3,20.0,-23.5
2025-08-14 10:23:00,M0001,OP0012,T00409,,,3.06,15.3,0.2,0.04,0.21,2.85,15.3,20.0,-23.5
2025-08-14 10:35:00,M0001,OP0012,T00409,,,3.06,15.3,0.2,0.04,0.21,2.85,15.3,20.0,-23.5
2025-08-14 10:47:00,M0001,OP0012,T00409,,,3.06,15.3,0.2,0.03,0.21,2.85,15.3,20.0,-23.5
2025-08-14 10:59:00,M0001,OP0012,T00409,,,3.06,15.3,0.2,0.04,0.21,2.85,15.3,20.0,-23.5
2025-08-14 11:11:00,M0001,OP0012,T00409,,,3.06,15.3,0.2,0.03,0.21,2.85,15.3,20.0,-23.5
2025-08-14 11:23:00,M0001,OP0012,T00409,,,3.06,15.3,0.2,0.04,0.21,2.85,15.3,20.0,-23.5
2025-08-14 11:35:00,M0001,OP0012,T00409,,,3.06,15.3,0.2,0.02,0.21,2.85,15.3,20.0,-23.5
2025-08-14 11:47:00,M0001,OP0012,T00409,,,3.06,15.3,0.2,0.03,0.21,2.85,15.3,20.0,-23.5
2025-08-14 11:59:00,M0001,OP0012,T00409,,,3.06,15.3,0.2,0.04,0.21,2.85,15.3,20.0,-23.5
2025-08-14 12:11:00,M0001,OP0012,T00409,,,3.06,15.3,0.2,0.04,0.21,2.85,15.3,20.0,-23.5
2025-08-14 12:23:00,M0001,OP0012,T00409,,,3.06,15.3,0.2,0.03,0.21,2.85,15.3,20.0,-23.5
2025-08-14 12:35:00,M0001,OP0012,T00409,,,3.06,15.3,0.2,0.04,0.21,2.85,15.3,20.0,-23.5
2025-08-14 12:47:00,M0001,OP0012,T00409,,,1.27,15.3,0.08,0.02,0.09,1.19,15.3,20.0,-23.5
2025-03-07 06:22:00,M0042,OP0030,T00410,278.8,,3.47,17.37,0.2,0.04,0.26,3.21,17.37,25.0,-30.5
2025-03-07 06:34:00,M0042,OP0030,T00410,,,3.47,17.37,0.2,0.04,0.26,3.21,17.37,25.0,-30.5
2025-03-07 06:46:00,M0042,OP0030,T00410,,,3.47,17.37,0.2,0.03,0.26,3.21,17.37,25.0,-30.5
2025-03-07 06:58:00,M0042,OP0030,T00410,,,3.47,17.37,0.2,0.04,0.26,3.21,17.37,25.0,-30.5
2025-03-07 07:10:00,M0042,OP0030,T00410,,,3.47,17.37,0.2,0.04,0.26,3.21,17.37,25.0,-30.5
2025-03-07 07:22:00,M0042,OP0030,T00410,,,3.47,17.37,0.2,0.02,0.26,3.21,17.37,25.0,-30.5
2025-03-07 07:34:00,M0042,OP0030,T00410,,,3.47,17.37,0.2,0.03,0.26,3.21,17.37,25.0,-30.5
2025-03-07 07:46:00,M0042,OP0030,T00410,,,3.47,17.37,0.2,0.03,0.26,3.21,17.37,25.0,-30.5
2025-03-07 07:58:00,M0042,OP0030,T00410,,,3.47,17.37,0.2,0.03,0.26,3.21,17.37,25.0,-30.5
2025-03-07 08:10:00,M0042,OP0030,T00410,,,3.47,17.37,0.2,0.03,0.26,3.21,17.37,25.0,-30.5
2025-03-07 08:22:00,M0042,OP0030,T00410,,,3.47,17.37,0.2,0.04,0.26,3.21,17.37,25.0,-30.5
2025-03-07 08:34:00,M0042,OP0030,T00410,,,3.47,17.37,0.2,0.04,0.26,3.21,17.37,25.0,-30.5
2025-03-07 08:46:00,M0042,OP0030,T00410,,,3.47,17.37,0.2,0.04,0.26,3.21,17.37,25.0,-30.5
2025-03-07 08:58:00,M0042,OP0030,T00410,,,3.47,17.37,0.2,0.02,0.26,3.21,17.37,25.0,-30.5
2025-03-07 09:10:00,M0042,OP0030,T00410,,,3.47,17.37,0.2,0.03,0.26,3.21,17.37,25.0,-30.5
2025-03-07 09:22:00,M0042,OP0030,T00410,,,3.47,17.37,0.2,0.04,0.26,3.21,17.37,25.0,-30.5
2025-03-07 09:34:00,M0042,OP0030,T00410,,,3.47,17.37,0.2,0.03,0.26,3.21,17.37,25.0,-30.5
2025-03-07 09:46:00,M0042,OP0030,T00410,,,3.47,17.37,0.2,0.04,0.26,3.21,17.37,25.0,-30.5
2025-03-07 09:58:00,M0042,OP0030,T00410,,,3.47,17.37,0.2,0.04,0.26,3.21,17.37,25.0,-30.5
2025-03-07 10:10:00,M0042,OP0030,T00410,,,3.47,17.37,0.2,0.04,0.26,3.21,17.37,25.0,-30.5
2025-04-30 07:19:00,M0010,OP0012,T00412,324.3,,4.87,24.35,0.2,0.04,0.12,4.75,24.35,28.0,-13.0
2025-04-30 07:31:00,M0010,OP0012,T00412,,,4.87,24.35,0.2,0.03,0.12,4.75,24.35,28.0,-13.0
2025-04-30 07:43:00,M0010,OP0012,T00412,,,4.87,24.35,0.2,0.03,0.12,4.75,24.35,28.0,-13.0
2025-04-30 07:55:00,M0010,OP0012,T00412,,,4.87,24.35,0.2,0.04,0.12,4.75,24.35,28.0,-13.0
2025-04-30 08:07:00,M0010,OP0012,T00412,,,4.87,24.35,0.2,0.03,0.12,4.75,24.35,28.0,-13.0
2025-04-30 08:19:00,M0010,OP0012,T00412,,,4.87,24.35,0.2,0.03,0.12,4.75,24.35,28.0,-13.0
2025-04-30 08:31:00,M0010,OP0012,T00412,,,4.87,24.35,0.2,0.05,0.12,4.75,24.35,28.0,-13.0
2025-04-30 08:43:00,M0010,OP0012,T00412,,,4.87,24.35,0.2,0.04,0.12,4.75,24.35,28.0,-13.0
2025-04-30 08:55:00,M0010,OP0012,T00412,,,4.87,24.35,0.2,0.03,0.12,4.75,24.35,28.0,-13.0
2025-04-30 09:07:00,M0010,OP0012,T00412,,,4.87,24.35,0.2,0.05,0.12,4.75,24.35,28.0,-13.0
2025-04-30 09:19:00,M0010,OP0012,T00412,,,4.87,24.35,0.2,0.03,0.12,4.75,24.35,28.0,-13.0
2025-04-30 09:31:00,M0010,OP0012,T00412,,,4.87,24.35,0.2,0.03,0.12,4.75,24.35,28.0,-13.0
2025-04-30 09:43:00,M0010,OP0012,T00412,,,4.87,24.35,0.2,0.04,0.12,4.75,24.35,28.0,-13.0
2025-04-30 09:55:00,M0010,OP0012,T00412,,,4.06,24.35,0.17,0.02,0.1,3.96,24.35,28.0,-13.0
2025-09-07 07:36:00,M0001,OP0018,T00413,519.3,,2.97,14.83,0.2,0.03,0.11,2.86,14.83,20.0,-25.8
2025-09-07 07:48:00,M0001,OP0018,T00413,,,2.97,14.83,0.2,0.02,0.11,2.86,14.83,20.0,-25.8
2025-09-07 08:00:00,M0001,OP0018,T00413,,,2.97,14.83,0.2,0.02,0.11,2.86,14.83,20.0,-25.8
2025-09-07 08:12:00,M0001,OP0018,T00413,,,2.97,14.83,0.2,0.02,0.11,2.86,14.83,20.0,-25.8
2025-09-07 08:24:00,M0001,OP0018,T00413,,,2.97,14.83,0.2,0.02,0.11,2.86,14.83,20.0,-25.8
2025-09-07 08:36:00,M0001,OP0018,T00413,,,2.97,14.83,0.2,0.03,0.11,2.86,14.83,20.0,-25.8
2025-09-07 08:48:00,M0001,OP0018,T00413,,,2.97,14.83,0.2,0.02,0.11,2.86,14.83,20.0,-25.8
2025-09-07 09:00:00,M0001,OP0018,T00413,,,2.97,14.83,0.2,0.03,0.11,2.86,14.83,20.0,-25.8
2025-09-07 09:12:00,M0001,OP0018,T00413,,,2.97,14.83,0.2,0.03,0.11,2.86,14.83,20.0,-25.8
2025-09-07 09:24:00,M0001,OP0018,T00413,,,2.97,14.83,0.2,0.03,0.11,2.86,14.83,20.0,-25.8
2025-09-07 09:36:00,M0001,OP0018,T00413,,,2.97,14.83,0.2,0.02,0.11,2.86,14.83,20.0,-25.8
2025-09-07 09:48:00,M0001,OP0018,T00413,,,2.97,14.83,0.2,0.02,0.11,2.86,14.83,20.0,-25.8
2025-09-07 10:00:00,M0001,OP0018,T00413,,,2.97,14.83,0.2,0.02,0.11,2.86,14.83,20.0,-25.8
2025-09-07 10:12:00,M0001,OP0018,T00413,,,2.97,14.83,0.2,0.02,0.11,2.86,14.83,20.0,-25.8
2025-09-07 10:24:00,M0001,OP0018,T00413,,,2.97,14.83,0.2,0.03,0.11,2.86,14.83,20.0,-25.8
2025-05-25 08:33:00,M0023,OP0009,T00414,384.2,,2.62,13.11,0.2,0.06,0.22,2.41,13.11,19.5,-32.8
2025-05-25 08:45:00,M0023,OP0009,T00414,,,2.62,13.11,0.2,0.07,0.22,2.41,13.11,19.5,-32.8
2025-05-25 08:57:00,M0023,OP0009,T00414,,,2.62,13.11,0.2,0.05,0.22,2.41,13.11,19.5,-32.8
2025-05-25 09:09:00,M0023,OP0009,T00414,,,2.62,13.11,0.2,0.05,0.22,2.41,13.11,19.5,-32.8
2025-05-25 09:21:00,M0023,OP0009,T00414,,,2.62,13.11,0.2,0.06,0.22,2.41,13.11,19.5,-32.8
2025-05-25 09:33:00,M0023,OP0009,T00414,,,2.62,13.11,0.2,0.07,0.22,2.41,13.11,19.5,-32.8
2025-05-25 09:45:00,M0023,OP0009,T00414,,,2.62,13.11,0.2,0.05,0.22,2.41,13.11,19.5,-32.8
2025-05-25 09:57:00,M0023,OP0009,T00414,,,2.62,13.11,0.2,0.05,0.22,2.41,13.11,19.5,-32.8
2025-05-25 10:09:00,M0023,OP0009,T00414,,,2.62,13.11,0.2,0.05,0.22,2.41,13.11,19.5,-32.8
2025-05-25 10:21:00,M0023,OP0009,T00414,,,2.62,13.11,0.2,0.09,0.22,2.41,13.11,19.5,-32.8
2025-05-25 10:33:00,M0023,OP0009,T00414,,,2.62,13.11,0.2,0.09,0.22,2.41,13.11,19.5,-32.8
2025-05-25 10:45:00,M0023,OP0009,T00414,,,2.62,13.11,0.2,0.07,0.22,2.41,13.11,19.5,-32.8
2025-05-25 10:57:00,M0023,OP0009,T00414,,,2.62,13.11,0.2,0.06,0.22,2.41,13.11,19.5,-32.8
2025-05-25 11:09:00,M0023,OP0009,T00414,,,2.62,13.11,0.2,0.08,0.22,2.41,13.11,19.5,-32.8
2025-05-25 11:21:00,M0023,OP0009,T00414,,,2.62,13.11,0.2,0.06,0.22,2.41,13.11,19.5,-32.8
2025-05-25 11:33:00,M0023,OP0009,T00414,,,2.62,13.11,0.2,0.07,0.22,2.41,13.11,19.5,-32.8
2025-05-25 11:45:00,M0023,OP0009,T00414,,,2.62,13.11,0.2,0.06,0.22,2.41,13.11,19.5,-32.8
2025-05-25 11:57:00,M0023,OP0009,T00414,,,2.62,13.11,0.2,0.06,0.22,2.41,13.11,19.5,-32.8
2025-05-25 12:09:00,M0023,OP0009,T00414,,,2.62,13.11,0.2,0.08,0.22,2.41,13.11,19.5,-32.8
2025-05-25 12:21:00,M0023,OP0009,T00414,,,2.62,13.11,0.2,0.05,0.22,2.41,13.11,19.5,-32.8
2025-07-20 15:44:00,M0001,OP0036,T00415,683.8,,3.44,17.21,0.2,0.03,0.18,3.26,17.21,20.0,-13.9
2025-07-20 15:56:00,M0001,OP0036,T00415,,,3.44,17.21,0.2,0.03,0.18,3.26,17.21,20.0,-13.9
2025-07-20 16:08:00,M0001,OP0036,T00415,,,3.44,17.21,0.2,0.03,0.18,3.26,17.21,20.0,-13.9
2025-07-20 16:20:00,M0001,OP0036,T00415,,,3.44,17.21,0.2,0.03,0.18,3.26,17.21,20.0,-13.9
2025-07-20 16:32:00,M0001,OP0036,T00415,,,3.44,17.21,0.2,0.03,0.18,3.26,17.21,20.0,-13.9
2025-07-20 16:44:00,M0001,OP0036,T00415,,,3.44,17.21,0.2,0.04,0.18,3.26,17.21,20.0,-13.9
2025-07-20 16:56:00,M0001,OP0036,T00415,,,3.44,17.21,0.2,0.03,0.18,3.26,17.21,20.0,-13.9
2025-07-20 17:08:00,M0001,OP0036,T00415,,,3.44,17.21,0.2,0.03,0.18,3.26,17.21,20.0,-13.9
2025-07-20 17:20:00,M0001,OP0036,T00415,,,3.44,17.21,0.2,0.03,0.18,3.26,17.21,20.0,-13.9
2025-07-20 17:32:00,M0001,OP0036,T00415,,,3.44,17.21,0.2,0.03,0.18,3.26,17.21,20.0,-13.9
2025-07-20 17:44:00,M0001,OP0036,T00415,,,0.57,17.21,0.03,0.01,0.03,0.54,17.21,20.0,-13.9
2025-04-13 13:24:00,M0001,OP0051,T00416,659.2,,2.91,14.55,0.2,0.02,0.12,2.79,14.55,20.0,-27.2
2025-04-13 13:36:00,M0001,OP0051,T00416,,,2.91,14.55,0.2,0.03,0.12,2.79,14.55,20.0,-27.2
2025-04-13 13:48:00,M0001,OP0051,T00416,,,2.91,14.55,0.2,0.03,0.12,2.79,14.55,20.0,-27.2
2025-04-13 14:00:00,M0001,OP0051,T00416,,,2.91,14.55,0.2,0.02,0.12,2.79,14.55,20.0,-27.2
2025-04-13 14:12:00,M0001,OP0051,T00416,,,2.91,14.55,0.2,0.03,0.12,2.79,14.55,20.0,-27.2
2025-04-13 14:24:00,M0001,OP0051,T00416,,,2.91,14.55,0.2,0.03,0.12,2.79,14.55,20.0,-27.2
2025-04-13 14:36:00,M0001,OP0051,T00416,,,2.91,14.55,0.2,0.02,0.12,2.79,14.55,20.0,-27.2
2025-04-13 14:48:00,M0001,OP0051,T00416,,,2.91,14.55,0.2,0.02,0.12,2.79,14.55,20.0,-27.2
2025-04-13 15:00:00,M0001,OP0051,T00416,,,2.91,14.55,0.2,0.02,0.12,2.79,14.55,20.0,-27.2
2025-04-13 15:12:00,M0001,OP0051,T00416,,,2.91,14.55,0.2,0.02,0.12,2.79,14.55,20.0,-27.2
2025-04-13 15:24:00,M0001,OP0051,T00416,,,2.91,14.55,0.2,0.02,0.12,2.79,14.55,20.0,-27.2
2025-04-13 15:36:00,M0001,OP0051,T00416,,,2.91,14.55,0.2,0.03,0.12,2.79,14.55,20.0,-27.2
2025-04-13 15:48:00,M0001,OP0051,T00416,,,2.91,14.55,0.2,0.03,0.12,2.79,14.55,20.0,-27.2
2025-04-13 16:00:00,M0001,OP0051,T00416,,,2.91,14.55,0.2,0.03,0.12,2.79,14.55,20.0,-27.2
2025-04-13 16:12:00,M0001,OP0051,T00416,,,2.91,14.55,0.2,0.03,0.12,2.79,14.55,20.0,-27.2
2025-04-13 16:24:00,M0001,OP0051,T00416,,,2.91,14.55,0.2,0.03,0.12,2.79,14.55,20.0,-27.2
2025-04-13 16:36:00,M0001,OP0051,T00416,,,2.91,14.55,0.2,0.02,0.12,2.79,14.55,20.0,-27.2
2025-04-13 16:48:00,M0001,OP0051,T00416,,,2.91,14.55,0.2,0.03,0.12,2.79,14.55,20.0,-27.2
2025-04-13 17:00:00,M0001,OP0051,T00416,,,2.91,14.55,0.2,0.02,0.12,2.79,14.55,20.0,-27.2
2025-04-13 17:12:00,M0001,OP0051,T00416,,,2.91,14.55,0.2,0.03,0.12,2.79,14.55,20.0,-27.2
2025-01-19 11:22:00,M0025,OP0035,T00420,396.1,,2.73,13.64,0.2,0.0,0.1,2.63,13.64,19.5,-30.0
2025-01-19 11:34:00,M0025,OP0035,T00420,,,2.73,13.64,0.2,0.0,0.1,2.63,13.64,19.5,-30.0
2025-01-19 11:46:00,M0025,OP0035,T00420,,,2.73,13.64,0.2,0.0,0.1,2.63,13.64,19.5,-30.0
2025-01-19 11:58:00,M0025,OP0035,T00420,,,2.73,13.64,0.2,0.0,0.1,2.63,13.64,19.5,-30.0
2025-01-19 12:10:00,M0025,OP0035,T00420,,,2.73,13.64,0.2,0.0,0.1,2.63,13.64,19.5,-30.0
2025-01-19 12:22:00,M0025,OP0035,T00420,,,2.73,13.64,0.2,0.0,0.1,2.63,13.64,19.5,-30.0
2025-01-19 12:34:00,M0025,OP0035,T00420,,,2.73,13.64,0.2,0.0,0.1,2.63,13.64,19.5,-30.0
2025-01-19 12:46:00,M0025,OP0035,T00420,,,2.73,13.64,0.2,0.0,0.1,2.63,13.64,19.5,-30.0
2025-01-19 12:58:00,M0025,OP0035,T00420,,,2.73,13.64,0.2,0.0,0.1,2.63,13.64,19.5,-30.0
2025-01-19 13:10:00,M0025,OP0035,T00420,,,2.73,13.64,0.2,0.0,0.1,2.63,13.64,19.5,-30.0
2025-01-19 13:22:00,M0025,OP0035,T00420,,,2.73,13.64,0.2,0.0,0.1,2.63,13.64,19.5,-30.0
2025-01-19 13:34:00,M0025,OP0035,T00420,,,2.73,13.64,0.2,0.0,0.1,2.63,13.64,19.5,-30.0
2025-01-19 13:46:00,M0025,OP0035,T00420,,,2.73,13.64,0.2,0.0,0.1,2.63,13.64,19.5,-30.0
2025-01-19 13:58:00,M0025,OP0035,T00420,,,2.73,13.64,0.2,0.0,0.1,2.63,13.64,19.5,-30.0
2025-01-19 14:10:00,M0025,OP0035,T00420,,,2.73,13.64,0.2,0.0,0.1,2.63,13.64,19.5,-30.0
2025-01-19 14:22:00,M0025,OP0035,T00420,,,2.73,13.64,0.2,0.0,0.1,2.63,13.64,19.5,-30.0
2025-01-19 14:34:00,M0025,OP0035,T00420,,,2.73,13.64,0.2,0.0,0.1,2.63,13.64,19.5,-30.0
2025-01-19 14:46:00,M0025,OP0035,T00420,,,2.73,13.64,0.2,0.0,0.1,2.63,13.64,19.5,-30.0
2025-01-19 14:58:00,M0025,OP0035,T00420,,,2.73,13.64,0.2,0.0,0.1,2.63,13.64,19.5,-30.0
2025-01-19 15:10:00,M0025,OP0035,T00420,,,2.73,13.64,0.2,0.0,0.1,2.63,13.64,19.5,-30.0
2025-03-22 09:45:00,M0024,OP0016,T00421,369.7,,2.89,14.47,0.2,0.05,0.24,2.65,14.47,19.5,-25.8
2025-03-22 09:57:00,M0024,OP0016,T00421,,,2.89,14.47,0.2,0.05,0.24,2.65,14.47,19.5,-25.8
2025-03-22 10:09:00,M0024,OP0016,T00421,,,2.89,14.47,0.2,0.05,0.24,2.65,14.47,19.5,-25.8
2025-03-22 10:21:00,M0024,OP0016,T00421,,,2.89,14.47,0.2,0.05,0.24,2.65,14.47,19.5,-25.8
2025-03-22 10:33:00,M0024,OP0016,T00421,,,2.89,14.47,0.2,0.04,0.24,2.65,14.47,19.5,-25.8
2025-03-22 10:45:00,M0024,OP0016,T00421,,,2.89,14.47,0.2,0.04,0.24,2.65,14.47,19.5,-25.8
2025-03-22 10:57:00,M0024,OP0016,T00421,,,2.89,14.47,0.2,0.06,0.24,2.65,14.47,19.5,-25.8
2025-03-22 11:09:00,M0024,OP0016,T00421,,,2.89,14.47,0.2,0.05,0.24,2.65,14.47,19.5,-25.8
2025-03-22 11:21:00,M0024,OP0016,T00421,,,2.89,14.47,0.2,0.05,0.24,2.65,14.47,19.5,-25.8
2025-03-22 11:33:00,M0024,OP0016,T00421,,,2.89,14.47,0.2,0.04,0.24,2.65,14.47,19.5,-25.8
2025-03-22 11:45:00,M0024,OP0016,T00421,,,2.89,14.47,0.2,0.04,0.24,2.65,14.47,19.5,-25.8
2025-03-22 11:57:00,M0024,OP0016,T00421,,,2.89,14.47,0.2,0.04,0.24,2.65,14.47,19.5,-25.8
2025-03-22 12:09:00,M0024,OP0016,T00421,,,2.89,14.47,0.2,0.06,0.24,2.65,14.47,19.5,-25.8
2025-03-22 12:21:00,M0024,OP0016,T00421,,,2.89,14.47,0.2,0.04,0.24,2.65,14.47,19.5,-25.8
2025-03-22 12:33:00,M0024,OP0016,T00421,,,2.89,14.47,0.2,0.06,0.24,2.65,14.47,19.5,-25.8
2025-03-22 12:45:00,M0024,OP0016,T00421,,,2.89,14.47,0.2,0.05,0.24,2.65,14.47,19.5,-25.8
2025-03-22 12:57:00,M0024,OP0016,T00421,,,2.89,14.47,0.2,0.04,0.24,2.65,14.47,19.5,-25.8
2025-03-22 13:09:00,M0024,OP0016,T00421,,,2.89,14.47,0.2,0.04,0.24,2.65,14.47,19.5,-25.8
2025-03-22 13:21:00,M0024,OP0016,T00421,,,2.89,14.47,0.2,0.04,0.24,2.65,14.47,19.5,-25.8
2025-03-22 13:33:00,M0024,OP0016,T00421,,,2.89,14.47,0.2,0.06,0.24,2.65,14.47,19.5,-25.8
2025-01-02 10:26:00,M0001,OP0003,T00422,587.5,,2.98,14.88,0.2,0.04,0.15,2.82,14.88,20.0,-25.6
2025-01-02 10:38:00,M0001,OP0003,T00422,,,2.98,14.88,0.2,0.02,0.15,2.82,14.88,20.0,-25.6
2025-01-02 10:50:00,M0001,OP0003,T00422,,,2.98,14.88,0.2,0.03,0.15,2.82,14.88,20.0,-25.6
2025-01-02 11:02:00,M0001,OP0003,T00422,,,2.98,14.88,0.2,0.02,0.15,2.82,14.88,20.0,-25.6
2025-01-02 11:14:00,M0001,OP0003,T00422,,,2.98,14.88,0.2,0.03,0.15,2.82,14.88,20.0,-25.6
2025-01-02 11:26:00,M0001,OP0003,T00422,,,2.98,14.88,0.2,0.03,0.15,2.82,14.88,20.0,-25.6
2025-01-02 11:38:00,M0001,OP0003,T00422,,,2.98,14.88,0.2,0.03,0.15,2.82,14.88,20.0,-25.6
2025-01-02 11:50:00,M0001,OP0003,T00422,,,2.98,14.88,0.2,0.03,0.15,2.82,14.88,20.0,-25.6
2025-01-02 12:02:00,M0001,OP0003,T00422,,,2.98,14.88,0.2,0.02,0.15,2.82,14.88,20.0,-25.6
2025-01-02 12:14:00,M0001,OP0003,T00422,,,2.98,14.88,0.2,0.02,0.15,2.82,14.88,20.0,-25.6
2025-01-02 12:26:00,M0001,OP0003,T00422,,,2.98,14.88,0.2,0.03,0.15,2.82,14.88,20.0,-25.6
2025-01-02 12:38:00,M0001,OP0003,T00422,,,2.98,14.88,0.2,0.02,0.15,2.82,14.88,20.0,-25.6
2025-01-02 12:50:00,M0001,OP0003,T00422,,,2.98,14.88,0.2,0.03,0.15,2.82,14.88,20.0,-25.6
2025-01-02 13:02:00,M0001,OP0003,T00422,,,2.98,14.88,0.2,0.03,0.15,2.82,14.88,20.0,-25.6
2025-01-02 13:14:00,M0001,OP0003,T00422,,,2.98,14.88,0.2,0.03,0.15,2.82,14.88,20.0,-25.6
2025-01-02 13:26:00,M0001,OP0003,T00422,,,2.98,14.88,0.2,0.02,0.15,2.82,14.88,20.0,-25.6
2025-01-02 13:38:00,M0001,OP0003,T00422,,,2.98,14.88,0.2,0.02,0.15,2.82,14.88,20.0,-25.6
2025-01-02 13:50:00,M0001,OP0003,T00422,,,2.98,14.88,0.2,0.02,0.15,2.82,14.88,20.0,-25.6
2025-01-02 14:02:00,M0001,OP0003,T00422,,,2.98,14.88,0.2,0.03,0.15,2.82,14.88,20.0,-25.6
2025-01-02 14:14:00,M0001,OP0003,T00422,,,2.98,14.88,0.2,0.02,0.15,2.82,14.88,20.0,-25.6
2025-02-04 06:13:00,M0019,OP0005,T00423,155.1,,1.71,8.53,0.2,0.04,0.07,1.63,8.53,10.5,-18.7
2025-02-04 06:25:00,M0019,OP0005,T00423,,,1.71,8.53,0.2,0.03,0.07,1.63,8.53,10.5,-18.7
2025-02-04 06:37:00,M0019,OP0005,T00423,,,1.71,8.53,0.2,0.02,0.07,1.63,8.53,10.5,-18.7
2025-02-04 06:49:00,M0019,OP0005,T00423,,,1.71,8.53,0.2,0.04,0.07,1.63,8.53,10.5,-18.7
2025-02-04 07:01:00,M0019,OP0005,T00423,,,1.71,8.53,0.2,0.03,0.07,1.63,8.53,10.5,-18.7
2025-02-04 07:13:00,M0019,OP0005,T00423,,,1.71,8.53,0.2,0.03,0.07,1.63,8.53,10.5,-18.7
2025-02-04 07:25:00,M0019,OP0005,T00423,,,1.71,8.53,0.2,0.04,0.07,1.63,8.53,10.5,-18.7
2025-02-04 07:37:00,M0019,OP0005,T00423,,,1.71,8.53,0.2,0.04,0.07,1.63,8.53,10.5,-18.7
2025-02-04 07:49:00,M0019,OP0005,T00423,,,1.71,8.53,0.2,0.02,0.07,1.63,8.53,10.5,-18.7
2025-02-04 08:01:00,M0019,OP0005,T00423,,,1.71,8.53,0.2,0.04,0.07,1.63,8.53,10.5,-18.7
2025-02-04 08:13:00,M0019,OP0005,T00423,,,1.71,8.53,0.2,0.04,0.07,1.63,8.53,10.5,-18.7
2025-02-04 08:25:00,M0019,OP0005,T00423,,,1.71,8.53,0.2,0.04,0.07,1.63,8.53,10.5,-18.7
2025-02-04 08:37:00,M0019,OP0005,T00423,,,1.71,8.53,0.2,0.02,0.07,1.63,8.53,10.5,-18.7
2025-02-04 08:49:00,M0019,OP0005,T00423,,,1.71,8.53,0.2,0.04,0.07,1.63,8.53,10.5,-18.7
2025-02-04 09:01:00,M0019,OP0005,T00423,,,1.71,8.53,0.2,0.04,0.07,1.63,8.53,10.5,-18.7
2025-02-04 09:13:00,M0019,OP0005,T00423,,,1.71,8.53,0.2,0.03,0.07,1.63,8.53,10.5,-18.7
2025-02-04 09:25:00,M0019,OP0005,T00423,,,1.71,8.53,0.2,0.04,0.07,1.63,8.53,10.5,-18.7
2025-02-04 09:37:00,M0019,OP0005,T00423,,,1.71,8.53,0.2,0.04,0.07,1.63,8.53,10.5,-18.7
2025-02-04 09:49:00,M0019,OP0005,T00423,,,1.71,8.53,0.2,0.03,0.07,1.63,8.53,10.5,-18.7
2025-02-04 10:01:00,M0019,OP0005,T00423,,,1.71,8.53,0.2,0.03,0.07,1.63,8.53,10.5,-18.7
2025-04-20 06:45:00,M0004,OP0045,T00424,274.6,,2.2,11.01,0.2,0.06,0.18,2.02,11.01,14.5,-24.1
2025-04-20 06:57:00,M0004,OP0045,T00424,,,2.2,11.01,0.2,0.08,0.18,2.02,11.01,14.5,-24.1
2025-04-20 07:09:00,M0004,OP0045,T00424,,,2.2,11.01,0.2,0.08,0.18,2.02,11.01,14.5,-24.1
2025-04-20 07:21:00,M0004,OP0045,T00424,,,2.2,11.01,0.2,0.07,0.18,2.02,11.01,14.5,-24.1
2025-04-20 07:33:00,M0004,OP0045,T00424,,,2.2,11.01,0.2,0.07,0.18,2.02,11.01,14.5,-24.1
2025-04-20 07:45:00,M0004,OP0045,T00424,,,2.2,11.01,0.2,0.07,0.18,2.02,11.01,14.5,-24.1
2025-04-20 07:57:00,M0004,OP0045,T00424,,,2.2,11.01,0.2,0.06,0.18,2.02,11.01,14.5,-24.1
2025-04-20 08:09:00,M0004,OP0045,T00424,,,2.2,11.01,0.2,0.07,0.18,2.02,11.01,14.5,-24.1
2025-04-20 08:21:00,M0004,OP0045,T00424,,,2.2,11.01,0.2,0.05,0.18,2.02,11.01,14.5,-24.1
2025-04-20 08:33:00,M0004,OP0045,T00424,,,2.2,11.01,0.2,0.06,0.18,2.02,11.01,14.5,-24.1
2025-04-20 08:45:00,M0004,OP0045,T00424,,,2.2,11.01,0.2,0.07,0.18,2.02,11.01,14.5,-24.1
2025-04-20 08:57:00,M0004,OP0045,T00424,,,2.2,11.01,0.2,0.05,0.18,2.02,11.01,14.5,-24.1
2025-04-20 09:09:00,M0004,OP0045,T00424,,,2.2,11.01,0.2,0.06,0.18,2.02,11.01,14.5,-24.1
2025-04-20 09:21:00,M0004,OP0045,T00424,,,2.2,11.01,0.2,0.06,0.18,2.02,11.01,14.5,-24.1
2025-04-20 09:33:00,M0004,OP0045,T00424,,,2.2,11.01,0.2,0.06,0.18,2.02,11.01,14.5,-24.1
2025-04-20 09:45:00,M0004,OP0045,T00424,,,2.2,11.01,0.2,0.08,0.18,2.02,11.01,14.5,-24.1
2025-04-20 09:57:00,M0004,OP0045,T00424,,,2.2,11.01,0.2,0.06,0.18,2.02,11.01,14.5,-24.1
2025-04-20 10:09:00,M0004,OP0045,T00424,,,2.2,11.01,0.2,0.08,0.18,2.02,11.01,14.5,-24.1
2025-04-20 10:21:00,M0004,OP0045,T00424,,,2.2,11.01,0.2,0.06,0.18,2.02,11.01,14.5,-24.1
2025-04-20 10:33:00,M0004,OP0045,T00424,,,2.2,11.01,0.2,0.06,0.18,2.02,11.01,14.5,-24.1
2025-05-16 12:06:00,M0003,OP0007,T00426,813.2,,3.66,18.31,0.2,0.06,0.16,3.5,18.31,25.0,-26.8
2025-05-16 12:18:00,M0003,OP0007,T00426,,,3.66,18.31,0.2,0.04,0.16,3.5,18.31,25.0,-26.8
2025-05-16 12:30:00,M0003,OP0007,T00426,,,3.66,18.31,0.2,0.07,0.16,3.5,18.31,25.0,-26.8
2025-05-16 12:42:00,M0003,OP0007,T00426,,,3.66,18.31,0.2,0.06,0.16,3.5,18.31,25.0,-26.8
2025-05-16 12:54:00,M0003,OP0007,T00426,,,3.66,18.31,0.2,0.07,0.16,3.5,18.31,25.0,-26.8
2025-05-16 13:06:00,M0003,OP0007,T00426,,,3.66,18.31,0.2,0.04,0.16,3.5,18.31,25.0,-26.8
2025-05-16 13:18:00,M0003,OP0007,T00426,,,3.66,18.31,0.2,0.05,0.16,3.5,18.31,25.0,-26.8
2025-05-16 13:30:00,M0003,OP0007,T00426,,,3.66,18.31,0.2,0.06,0.16,3.5,18.31,25.0,-26.8
2025-05-16 13:42:00,M0003,OP0007,T00426,,,3.66,18.31,0.2,0.07,0.16,3.5,18.31,25.0,-26.8
2025-05-16 13:54:00,M0003,OP0007,T00426,,,3.66,18.31,0.2,0.06,0.16,3.5,18.31,25.0,-26.8
2025-05-16 14:06:00,M0003,OP0007,T00426,,,3.66,18.31,0.2,0.06,0.16,3.5,18.31,25.0,-26.8
2025-05-16 14:18:00,M0003,OP0007,T00426,,,3.66,18.31,0.2,0.06,0.16,3.5,18.31,25.0,-26.8
2025-05-16 14:30:00,M0003,OP0007,T00426,,,3.66,18.31,0.2,0.07,0.16,3.5,18.31,25.0,-26.8
2025-05-16 14:42:00,M0003,OP0007,T00426,,,3.66,18.31,0.2,0.07,0.16,3.5,18.31,25.0,-26.8
2025-05-16 14:54:00,M0003,OP0007,T00426,,,3.66,18.31,0.2,0.05,0.16,3.5,18.31,25.0,-26.8
2025-05-16 15:06:00,M0003,OP0007,T00426,,,3.66,18.31,0.2,0.06,0.16,3.5,18.31,25.0,-26.8
2025-05-16 15:18:00,M0003,OP0007,T00426,,,3.66,18.31,0.2,0.04,0.16,3.5,18.31,25.0,-26.8
2025-05-16 15:30:00,M0003,OP0007,T00426,,,3.66,18.31,0.2,0.05,0.16,3.5,18.31,25.0,-26.8
2025-05-16 15:42:00,M0003,OP0007,T00426,,,3.66,18.31,0.2,0.04,0.16,3.5,18.31,25.0,-26.8
2025-05-16 15:54:00,M0003,OP0007,T00426,,,3.66,18.31,0.2,0.05,0.16,3.5,18.31,25.0,-26.8
2025-01-14 15:04:00,M0017,OP0012,T00428,320.6,,2.3,11.52,0.2,0.03,0.1,2.2,11.52,14.5,-20.6
2025-01-14 15:16:00,M0017,OP0012,T00428,,,2.3,11.52,0.2,0.03,0.1,2.2,11.52,14.5,-20.6
2025-01-14 15:28:00,M0017,OP0012,T00428,,,2.3,11.52,0.2,0.03,0.1,2.2,11.52,14.5,-20.6
2025-01-14 15:40:00,M0017,OP0012,T00428,,,2.3,11.52,0.2,0.04,0.1,2.2,11.52,14.5,-20.6
2025-01-14 15:52:00,M0017,OP0012,T00428,,,2.3,11.52,0.2,0.03,0.1,2.2,11.52,14.5,-20.6
2025-01-14 16:04:00,M0017,OP0012,T00428,,,2.3,11.52,0.2,0.04,0.1,2.2,11.52,14.5,-20.6
2025-01-14 16:16:00,M0017,OP0012,T00428,,,2.3,11.52,0.2,0.04,0.1,2.2,11.52,14.5,-20.6
2025-01-14 16:28:00,M0017,OP0012,T00428,,,2.3,11.52,0.2,0.04,0.1,2.2,11.52,14.5,-20.6
2025-01-14 16:40:00,M0017,OP0012,T00428,,,2.3,11.52,0.2,0.03,0.1,2.2,11.52,14.5,-20.6
2025-01-14 16:52:00,M0017,OP0012,T00428,,,2.3,11.52,0.2,0.04,0.1,2.2,11.52,14.5,-20.6
2025-01-14 17:04:00,M0017,OP0012,T00428,,,2.3,11.52,0.2,0.03,0.1,2.2,11.52,14.5,-20.6
2025-01-14 17:16:00,M0017,OP0012,T00428,,,2.3,11.52,0.2,0.03,0.1,2.2,11.52,14.5,-20.6
2025-01-14 17:28:00,M0017,OP0012,T00428,,,2.3,11.52,0.2,0.04,0.1,2.2,11.52,14.5,-20.6
2025-01-14 17:40:00,M0017,OP0012,T00428,,,2.3,11.52,0.2,0.03,0.1,2.2,11.52,14.5,-20.6
2025-01-14 17:52:00,M0017,OP0012,T00428,,,2.3,11.52,0.2,0.03,0.1,2.2,11.52,14.5,-20.6
2025-01-14 18:04:00,M0017,OP0012,T00428,,,2.3,11.52,0.2,0.03,0.1,2.2,11.52,14.5,-20.6
2025-01-14 18:16:00,M0017,OP0012,T00428,,,2.3,11.52,0.2,0.02,0.1,2.2,11.52,14.5,-20.6
2025-01-14 18:28:00,M0017,OP0012,T00428,,,2.3,11.52,0.2,0.03,0.1,2.2,11.52,14.5,-20.6
2025-01-14 18:40:00,M0017,OP0012,T00428,,,2.3,11.52,0.2,0.02,0.1,2.2,11.52,14.5,-20.6
2025-01-14 18:52:00,M0017,OP0012,T00428,,,2.3,11.52,0.2,0.04,0.1,2.2,11.52,14.5,-20.6
2025-01-14 15:26:00,M0003,OP0001,T00430,576.6,,3.94,19.71,0.2,0.02,0.17,3.77,19.71,25.0,-21.2
2025-01-14 15:38:00,M0003,OP0001,T00430,,,3.94,19.71,0.2,0.02,0.17,3.77,19.71,25.0,-21.2
2025-01-14 15:50:00,M0003,OP0001,T00430,,,3.94,19.71,0.2,0.01,0.17,3.77,19.71,25.0,-21.2
2025-01-14 16:02:00,M0003,OP0001,T00430,,,3.94,19.71,0.2,0.02,0.17,3.77,19.71,25.0,-21.2
2025-01-14 16:14:00,M0003,OP0001,T00430,,,3.94,19.71,0.2,0.02,0.17,3.77,19.71,25.0,-21.2
2025-01-14 16:26:00,M0003,OP0001,T00430,,,3.94,19.71,0.2,0.02,0.17,3.77,19.71,25.0,-21.2
2025-01-14 16:38:00,M0003,OP0001,T00430,,,3.94,19.71,0.2,0.02,0.17,3.77,19.71,25.0,-21.2
2025-01-14 16:50:00,M0003,OP0001,T00430,,,3.94,19.71,0.2,0.02,0.17,3.77,19.71,25.0,-21.2
2025-01-14 17:02:00,M0003,OP0001,T00430,,,3.94,19.71,0.2,0.01,0.17,3.77,19.71,25.0,-21.2
2025-01-14 17:14:00,M0003,OP0001,T00430,,,3.94,19.71,0.2,0.02,0.17,3.77,19.71,25.0,-21.2
2025-01-14 17:26:00,M0003,OP0001,T00430,,,3.94,19.71,0.2,0.02,0.17,3.77,19.71,25.0,-21.2
2025-01-14 17:38:00,M0003,OP0001,T00430,,,3.94,19.71,0.2,0.02,0.17,3.77,19.71,25.0,-21.2
2025-01-14 17:50:00,M0003,OP0001,T00430,,,3.94,19.71,0.2,0.02,0.17,3.77,19.71,25.0,-21.2
2025-01-14 18:02:00,M0003,OP0001,T00430,,,3.94,19.71,0.2,0.02,0.17,3.77,19.71,25.0,-21.2
2025-01-14 18:14:00,M0003,OP0001,T00430,,,3.94,19.71,0.2,0.02,0.17,3.77,19.71,25.0,-21.2
2025-01-14 18:26:00,M0003,OP0001,T00430,,,3.94,19.71,0.2,0.01,0.17,3.77,19.71,25.0,-21.2
2025-01-14 18:38:00,M0003,OP0001,T00430,,,3.94,19.71,0.2,0.02,0.17,3.77,19.71,25.0,-21.2
2025-01-14 18:50:00,M0003,OP0001,T00430,,,3.94,19.71,0.2,0.01,0.17,3.77,19.71,25.0,-21.2
2025-01-14 19:02:00,M0003,OP0001,T00430,,,3.94,19.71,0.2,0.01,0.17,3.77,19.71,25.0,-21.2
2025-01-14 19:14:00,M0003,OP0001,T00430,,,3.94,19.71,0.2,0.02,0.17,3.77,19.71,25.0,-21.2
2025-07-08 14:55:00,M0026,OP0049,T00431,374.8,,2.12,10.61,0.2,0.05,0.16,1.96,10.61,14.5,-26.8
2025-07-08 15:07:00,M0026,OP0049,T00431,,,2.12,10.61,0.2,0.04,0.16,1.96,10.61,14.5,-26.8
2025-07-08 15:19:00,M0026,OP0049,T00431,,,2.12,10.61,0.2,0.04,0.16,1.96,10.61,14.5,-26.8
2025-07-08 15:31:00,M0026,OP0049,T00431,,,2.12,10.61,0.2,0.04,0.16,1.96,10.61,14.5,-26.8
2025-07-08 15:43:00,M0026,OP0049,T00431,,,2.12,10.61,0.2,0.05,0.16,1.96,10.61,14.5,-26.8
2025-07-08 15:55:00,M0026,OP0049,T00431,,,2.12,10.61,0.2,0.06,0.16,1.96,10.61,14.5,-26.8
2025-07-08 16:07:00,M0026,OP0049,T00431,,,2.12,10.61,0.2,0.06,0.16,1.96,10.61,14.5,-26.8
2025-07-08 16:19:00,M0026,OP0049,T00431,,,2.12,10.61,0.2,0.04,0.16,1.96,10.61,14.5,-26.8
2025-07-08 16:31:00,M0026,OP0049,T00431,,,2.12,10.61,0.2,0.04,0.16,1.96,10.61,14.5,-26.8
2025-07-08 16:43:00,M0026,OP0049,T00431,,,2.12,10.61,0.2,0.04,0.16,1.96,10.61,14.5,-26.8
2025-07-08 16:55:00,M0026,OP0049,T00431,,,2.12,10.61,0.2,0.06,0.16,1.96,10.61,14.5,-26.8
2025-07-08 17:07:00,M0026,OP0049,T00431,,,2.12,10.61,0.2,0.06,0.16,1.96,10.61,14.5,-26.8
2025-07-08 17:19:00,M0026,OP0049,T00431,,,2.12,10.61,0.2,0.06,0.16,1.96,10.61,14.5,-26.8
2025-07-08 17:31:00,M0026,OP0049,T00431,,,2.12,10.61,0.2,0.05,0.16,1.96,10.61,14.5,-26.8
2025-07-08 17:43:00,M0026,OP0049,T00431,,,2.12,10.61,0.2,0.05,0.16,1.96,10.61,14.5,-26.8
2025-07-08 17:55:00,M0026,OP0049,T00431,,,2.12,10.61,0.2,0.05,0.16,1.96,10.61,14.5,-26.8
2025-07-08 18:07:00,M0026,OP0049,T00431,,,2.12,10.61,0.2,0.04,0.16,1.96,10.61,14.5,-26.8
2025-07-08 18:19:00,M0026,OP0049,T00431,,,2.12,10.61,0.2,0.04,0.16,1.96,10.61,14.5,-26.8
2025-07-08 18:31:00,M0026,OP0049,T00431,,,2.12,10.61,0.2,0.05,0.16,1.96,10.61,14.5,-26.8
2025-07-08 18:43:00,M0026,OP0049,T00431,,,2.12,10.61,0.2,0.06,0.16,1.96,10.61,14.5,-26.8
2025-01-09 07:33:00,M0024,OP0039,T00432,415.0,,2.75,13.75,0.2,0.01,0.23,2.52,13.75,19.5,-29.5
2025-01-09 07:45:00,M0024,OP0039,T00432,,,2.75,13.75,0.2,0.01,0.23,2.52,13.75,19.5,-29.5
2025-01-09 07:57:00,M0024,OP0039,T00432,,,2.75,13.75,0.2,0.02,0.23,2.52,13.75,19.5,-29.5
2025-01-09 08:09:00,M0024,OP0039,T00432,,,2.75,13.75,0.2,0.02,0.23,2.52,13.75,19.5,-29.5
2025-01-09 08:21:00,M0024,OP0039,T00432,,,2.75,13.75,0.2,0.01,0.23,2.52,13.75,19.5,-29.5
2025-01-09 08:33:00,M0024,OP0039,T00432,,,2.75,13.75,0.2,0.01,0.23,2.52,13.75,19.5,-29.5
2025-01-09 08:45:00,M0024,OP0039,T00432,,,2.75,13.75,0.2,0.02,0.23,2.52,13.75,19.5,-29.5
2025-01-09 08:57:00,M0024,OP0039,T00432,,,2.75,13.75,0.2,0.01,0.23,2.52,13.75,19.5,-29.5
2025-01-09 09:09:00,M0024,OP0039,T00432,,,2.75,13.75,0.2,0.02,0.23,2.52,13.75,19.5,-29.5
2025-01-09 09:21:00,M0024,OP0039,T00432,,,2.75,13.75,0.2,0.02,0.23,2.52,13.75,19.5,-29.5
2025-01-09 09:33:00,M0024,OP0039,T00432,,,2.75,13.75,0.2,0.02,0.23,2.52,13.75,19.5,-29.5
2025-01-09 09:45:00,M0024,OP0039,T00432,,,2.75,13.75,0.2,0.02,0.23,2.52,13.75,19.5,-29.5
2025-01-09 09:57:00,M0024,OP0039,T00432,,,2.75,13.75,0.2,0.02,0.23,2.52,13.75,19.5,-29.5
2025-01-09 10:09:00,M0024,OP0039,T00432,,,2.75,13.75,0.2,0.02,0.23,2.52,13.75,19.5,-29.5
2025-01-09 10:21:00,M0024,OP0039,T00432,,,2.75,13.75,0.2,0.01,0.23,2.52,13.75,19.5,-29.5
2025-01-09 10:33:00,M0024,OP0039,T00432,,,2.75,13.75,0.2,0.01,0.23,2.52,13.75,19.5,-29.5
2025-01-09 10:45:00,M0024,OP0039,T00432,,,2.75,13.75,0.2,0.02,0.23,2.52,13.75,19.5,-29.5
2025-01-09 10:57:00,M0024,OP0039,T00432,,,2.75,13.75,0.2,0.02,0.23,2.52,13.75,19.5,-29.5
2025-01-09 11:09:00,M0024,OP0039,T00432,,,2.75,13.75,0.2,0.02,0.23,2.52,13.75,19.5,-29.5
2025-01-09 11:21:00,M0024,OP0039,T00432,,,2.75,13.75,0.2,0.02,0.23,2.52,13.75,19.5,-29.5
2025-05-25 12:28:00,M0004,OP0024,T00434,381.4,,2.03,10.14,0.2,0.03,0.18,1.85,10.14,14.5,-30.1
2025-05-25 12:40:00,M0004,OP0024,T00434,,,2.03,10.14,0.2,0.02,0.18,1.85,10.14,14.5,-30.1
2025-05-25 12:52:00,M0004,OP0024,T00434,,,2.03,10.14,0.2,0.03,0.18,1.85,10.14,14.5,-30.1
2025-05-25 13:04:00,M0004,OP0024,T00434,,,2.03,10.14,0.2,0.03,0.18,1.85,10.14,14.5,-30.1
2025-05-25 13:16:00,M0004,OP0024,T00434,,,2.03,10.14,0.2,0.02,0.18,1.85,10.14,14.5,-30.1
2025-05-25 13:28:00,M0004,OP0024,T00434,,,2.03,10.14,0.2,0.03,0.18,1.85,10.14,14.5,-30.1
2025-05-25 13:40:00,M0004,OP0024,T00434,,,2.03,10.14,0.2,0.03,0.18,1.85,10.14,14.5,-30.1
2025-05-25 13:52:00,M0004,OP0024,T00434,,,2.03,10.14,0.2,0.02,0.18,1.85,10.14,14.5,-30.1
2025-05-25 14:04:00,M0004,OP0024,T00434,,,2.03,10.14,0.2,0.02,0.18,1.85,10.14,14.5,-30.1
2025-05-25 14:16:00,M0004,OP0024,T00434,,,2.03,10.14,0.2,0.03,0.18,1.85,10.14,14.5,-30.1
2025-05-25 14:28:00,M0004,OP0024,T00434,,,2.03,10.14,0.2,0.03,0.18,1.85,10.14,14.5,-30.1
2025-05-25 14:40:00,M0004,OP0024,T00434,,,2.03,10.14,0.2,0.02,0.18,1.85,10.14,14.5,-30.1
2025-05-25 14:52:00,M0004,OP0024,T00434,,,2.03,10.14,0.2,0.03,0.18,1.85,10.14,14.5,-30.1
2025-05-25 15:04:00,M0004,OP0024,T00434,,,2.03,10.14,0.2,0.03,0.18,1.85,10.14,14.5,-30.1
2025-05-25 15:16:00,M0004,OP0024,T00434,,,2.03,10.14,0.2,0.03,0.18,1.85,10.14,14.5,-30.1
2025-05-25 15:28:00,M0004,OP0024,T00434,,,2.03,10.14,0.2,0.02,0.18,1.85,10.14,14.5,-30.1
2025-05-25 15:40:00,M0004,OP0024,T00434,,,1.01,10.14,0.1,0.01,0.09,0.93,10.14,14.5,-30.1
2025-03-07 10:41:00,M0033,OP0011,T00435,252.4,,2.2,11.02,0.2,0.04,0.13,2.07,11.02,14.5,-24.0
2025-03-07 10:53:00,M0033,OP0011,T00435,,,2.2,11.02,0.2,0.03,0.13,2.07,11.02,14.5,-24.0
2025-03-07 11:05:00,M0033,OP0011,T00435,,,2.2,11.02,0.2,0.04,0.13,2.07,11.02,14.5,-24.0
2025-03-07 11:17:00,M0033,OP0011,T00435,,,2.2,11.02,0.2,0.04,0.13,2.07,11.02,14.5,-24.0
2025-03-07 11:29:00,M0033,OP0011,T00435,,,2.2,11.02,0.2,0.04,0.13,2.07,11.02,14.5,-24.0
2025-03-07 11:41:00,M0033,OP0011,T00435,,,2.2,11.02,0.2,0.03,0.13,2.07,11.02,14.5,-24.0
2025-03-07 11:53:00,M0033,OP0011,T00435,,,2.2,11.02,0.2,0.04,0.13,2.07,11.02,14.5,-24.0
2025-03-07 12:05:00,M0033,OP0011,T00435,,,2.2,11.02,0.2,0.04,0.13,2.07,11.02,14.5,-24.0
2025-03-07 12:17:00,M0033,OP0011,T00435,,,2.2,11.02,0.2,0.04,0.13,2.07,11.02,14.5,-24.0
2025-03-07 12:29:00,M0033,OP0011,T00435,,,2.2,11.02,0.2,0.04,0.13,2.07,11.02,14.5,-24.0
2025-03-07 12:41:00,M0033,OP0011,T00435,,,2.2,11.02,0.2,0.03,0.13,2.07,11.02,14.5,-24.0
2025-03-07 12:53:00,M0033,OP0011,T00435,,,2.2,11.02,0.2,0.03,0.13,2.07,11.02,14.5,-24.0
2025-03-07 13:05:00,M0033,OP0011,T00435,,,2.2,11.02,0.2,0.04,0.13,2.07,11.02,14.5,-24.0
2025-03-07 13:17:00,M0033,OP0011,T00435,,,2.2,11.02,0.2,0.04,0.13,2.07,11.02,14.5,-24.0
2025-03-07 13:29:00,M0033,OP0011,T00435,,,2.2,11.02,0.2,0.04,0.13,2.07,11.02,14.5,-24.0
2025-03-07 13:41:00,M0033,OP0011,T00435,,,2.2,11.02,0.2,0.04,0.13,2.07,11.02,14.5,-24.0
2025-03-07 13:53:00,M0033,OP0011,T00435,,,2.2,11.02,0.2,0.04,0.13,2.07,11.02,14.5,-24.0
2025-03-07 14:05:00,M0033,OP0011,T00435,,,2.2,11.02,0.2,0.03,0.13,2.07,11.02,14.5,-24.0
2025-03-07 14:17:00,M0033,OP0011,T00435,,,2.2,11.02,0.2,0.03,0.13,2.07,11.02,14.5,-24.0
2025-03-07 14:29:00,M0033,OP0011,T00435,,,2.2,11.02,0.2,0.03,0.13,2.07,11.02,14.5,-24.0
2025-05-06 07:52:00,M0009,OP0026,T00439,275.0,,3.5,17.51,0.2,0.03,0.07,3.43,17.51,20.0,-12.4
2025-05-06 08:04:00,M0009,OP0026,T00439,,,3.5,17.51,0.2,0.03,0.07,3.43,17.51,20.0,-12.4
2025-05-06 08:16:00,M0009,OP0026,T00439,,,3.5,17.51,0.2,0.03,0.07,3.43,17.51,20.0,-12.4
2025-05-06 08:28:00,M0009,OP0026,T00439,,,3.5,17.51,0.2,0.02,0.07,3.43,17.51,20.0,-12.4
2025-05-06 08:40:00,M0009,OP0026,T00439,,,3.5,17.51,0.2,0.03,0.07,3.43,17.51,20.0,-12.4
2025-05-06 08:52:00,M0009,OP0026,T00439,,,3.5,17.51,0.2,0.03,0.07,3.43,17.51,20.0,-12.4
2025-05-06 09:04:00,M0009,OP0026,T00439,,,3.5,17.51,0.2,0.03,0.07,3.43,17.51,20.0,-12.4
2025-05-06 09:16:00,M0009,OP0026,T00439,,,3.5,17.51,0.2,0.02,0.07,3.43,17.51,20.0,-12.4
2025-05-06 09:28:00,M0009,OP0026,T00439,,,3.5,17.51,0.2,0.03,0.07,3.43,17.51,20.0,-12.4
2025-05-06 09:40:00,M0009,OP0026,T00439,,,3.5,17.51,0.2,0.02,0.07,3.43,17.51,20.0,-12.4
2025-05-06 09:52:00,M0009,OP0026,T00439,,,3.5,17.51,0.2,0.03,0.07,3.43,17.51,20.0,-12.4
2025-05-06 10:04:00,M0009,OP0026,T00439,,,3.5,17.51,0.2,0.03,0.07,3.43,17.51,20.0,-12.4
2025-05-06 10:16:00,M0009,OP0026,T00439,,,3.5,17.51,0.2,0.02,0.07,3.43,17.51,20.0,-12.4
2025-05-06 10:28:00,M0009,OP0026,T00439,,,1.75,17.51,0.1,0.01,0.04,1.72,17.51,20.0,-12.4
2025-05-18 12:20:00,M0031,OP0032,T00440,176.7,,3.24,16.2,0.2,0.01,0.11,3.13,16.2,19.5,-16.9
2025-05-18 12:32:00,M0031,OP0032,T00440,,,3.24,16.2,0.2,0.02,0.11,3.13,16.2,19.5,-16.9
2025-05-18 12:44:00,M0031,OP0032,T00440,,,3.24,16.2,0.2,0.02,0.11,3.13,16.2,19.5,-16.9
2025-05-18 12:56:00,M0031,OP0032,T00440,,,3.24,16.2,0.2,0.02,0.11,3.13,16.2,19.5,-16.9
2025-05-18 13:08:00,M0031,OP0032,T00440,,,3.24,16.2,0.2,0.01,0.11,3.13,16.2,19.5,-16.9
2025-05-18 13:20:00,M0031,OP0032,T00440,,,3.24,16.2,0.2,0.01,0.11,3.13,16.2,19.5,-16.9
2025-05-18 13:32:00,M0031,OP0032,T00440,,,3.24,16.2,0.2,0.01,0.11,3.13,16.2,19.5,-16.9
2025-05-18 13:44:00,M0031,OP0032,T00440,,,3.24,16.2,0.2,0.02,0.11,3.13,16.2,19.5,-16.9
2025-05-18 13:56:00,M0031,OP0032,T00440,,,3.24,16.2,0.2,0.01,0.11,3.13,16.2,19.5,-16.9
2025-05-18 14:08:00,M0031,OP0032,T00440,,,3.24,16.2,0.2,0.02,0.11,3.13,16.2,19.5,-16.9
2025-05-18 14:20:00,M0031,OP0032,T00440,,,3.24,16.2,0.2,0.01,0.11,3.13,16.2,19.5,-16.9
2025-05-18 14:32:00,M0031,OP0032,T00440,,,3.24,16.2,0.2,0.02,0.11,3.13,16.2,19.5,-16.9
2025-05-18 14:44:00,M0031,OP0032,T00440,,,3.24,16.2,0.2,0.02,0.11,3.13,16.2,19.5,-16.9
2025-05-18 14:56:00,M0031,OP0032,T00440,,,3.24,16.2,0.2,0.01,0.11,3.13,16.2,19.5,-16.9
2025-05-18 15:08:00,M0031,OP0032,T00440,,,3.24,16.2,0.2,0.02,0.11,3.13,16.2,19.5,-16.9
2025-05-18 15:20:00,M0031,OP0032,T00440,,,3.24,16.2,0.2,0.02,0.11,3.13,16.2,19.5,-16.9
2025-05-18 15:32:00,M0031,OP0032,T00440,,,3.24,16.2,0.2,0.02,0.11,3.13,16.2,19.5,-16.9
2025-05-18 15:44:00,M0031,OP0032,T00440,,,3.24,16.2,0.2,0.02,0.11,3.13,16.2,19.5,-16.9
2025-05-18 15:56:00,M0031,OP0032,T00440,,,0.27,16.2,0.02,0.0,0.01,0.26,16.2,19.5,-16.9
2025-09-10 08:50:00,M0023,OP0016,T00442,278.4,,3.58,17.92,0.2,0.05,0.12,3.46,17.92,19.5,-8.1
2025-09-10 09:02:00,M0023,OP0016,T00442,,,3.58,17.92,0.2,0.05,0.12,3.46,17.92,19.5,-8.1
2025-09-10 09:14:00,M0023,OP0016,T00442,,,3.58,17.92,0.2,0.06,0.12,3.46,17.92,19.5,-8.1
2025-09-10 09:26:00,M0023,OP0016,T00442,,,3.58,17.92,0.2,0.04,0.12,3.46,17.92,19.5,-8.1
2025-09-10 09:38:00,M0023,OP0016,T00442,,,3.58,17.92,0.2,0.05,0.12,3.46,17.92,19.5,-8.1
2025-09-10 09:50:00,M0023,OP0016,T00442,,,3.58,17.92,0.2,0.04,0.12,3.46,17.92,19.5,-8.1
2025-09-10 10:02:00,M0023,OP0016,T00442,,,3.58,17.92,0.2,0.05,0.12,3.46,17.92,19.5,-8.1
2025-09-10 10:14:00,M0023,OP0016,T00442,,,3.58,17.92,0.2,0.04,0.12,3.46,17.92,19.5,-8.1
2025-09-10 10:26:00,M0023,OP0016,T00442,,,3.58,17.92,0.2,0.04,0.12,3.46,17.92,19.5,-8.1
2025-09-10 10:38:00,M0023,OP0016,T00442,,,3.58,17.92,0.2,0.06,0.12,3.46,17.92,19.5,-8.1
2025-09-10 10:50:00,M0023,OP0016,T00442,,,3.58,17.92,0.2,0.05,0.12,3.46,17.92,19.5,-8.1
2025-09-10 11:02:00,M0023,OP0016,T00442,,,3.58,17.92,0.2,0.05,0.12,3.46,17.92,19.5,-8.1
2025-09-10 11:14:00,M0023,OP0016,T00442,,,3.58,17.92,0.2,0.04,0.12,3.46,17.92,19.5,-8.1
2025-09-10 11:26:00,M0023,OP0016,T00442,,,3.58,17.92,0.2,0.05,0.12,3.46,17.92,19.5,-8.1
2025-09-10 11:38:00,M0023,OP0016,T00442,,,3.58,17.92,0.2,0.05,0.12,3.46,17.92,19.5,-8.1
2025-09-10 11:50:00,M0023,OP0016,T00442,,,3.58,17.92,0.2,0.05,0.12,3.46,17.92,19.5,-8.1
2025-09-10 12:02:00,M0023,OP0016,T00442,,,3.58,17.92,0.2,0.06,0.12,3.46,17.92,19.5,-8.1
2025-09-10 12:14:00,M0023,OP0016,T00442,,,3.58,17.92,0.2,0.04,0.12,3.46,17.92,19.5,-8.1
2025-09-10 12:26:00,M0023,OP0016,T00442,,,3.58,17.92,0.2,0.05,0.12,3.46,17.92,19.5,-8.1
2025-09-10 12:38:00,M0023,OP0016,T00442,,,3.58,17.92,0.2,0.05,0.12,3.46,17.92,19.5,-8.1
2025-02-12 11:43:00,M0020,OP0021,T00443,139.0,,1.69,8.43,0.2,0.03,0.09,1.6,8.43,10.5,-19.7
2025-02-12 11:55:00,M0020,OP0021,T00443,,,1.69,8.43,0.2,0.03,0.09,1.6,8.43,10.5,-19.7
2025-02-12 12:07:00,M0020,OP0021,T00443,,,1.69,8.43,0.2,0.03,0.09,1.6,8.43,10.5,-19.7
2025-02-12 12:19:00,M0020,OP0021,T00443,,,1.69,8.43,0.2,0.04,0.09,1.6,8.43,10.5,-19.7
2025-02-12 12:31:00,M0020,OP0021,T00443,,,1.69,8.43,0.2,0.03,0.09,1.6,8.43,10.5,-19.7
2025-02-12 12:43:00,M0020,OP0021,T00443,,,1.69,8.43,0.2,0.05,0.09,1.6,8.43,10.5,-19.7
2025-02-12 12:55:00,M0020,OP0021,T00443,,,1.69,8.43,0.2,0.03,0.09,1.6,8.43,10.5,-19.7
2025-02-12 13:07:00,M0020,OP0021,T00443,,,1.69,8.43,0.2,0.05,0.09,1.6,8.43,10.5,-19.7
2025-02-12 13:19:00,M0020,OP0021,T00443,,,1.69,8.43,0.2,0.04,0.09,1.6,8.43,10.5,-19.7
2025-02-12 13:31:00,M0020,OP0021,T00443,,,1.69,8.43,0.2,0.03,0.09,1.6,8.43,10.5,-19.7
2025-02-12 13:43:00,M0020,OP0021,T00443,,,1.69,8.43,0.2,0.04,0.09,1.6,8.43,10.5,-19.7
2025-02-12 13:55:00,M0020,OP0021,T00443,,,1.69,8.43,0.2,0.03,0.09,1.6,8.43,10.5,-19.7
2025-02-12 14:07:00,M0020,OP0021,T00443,,,1.69,8.43,0.2,0.03,0.09,1.6,8.43,10.5,-19.7
2025-02-12 14:19:00,M0020,OP0021,T00443,,,1.69,8.43,0.2,0.03,0.09,1.6,8.43,10.5,-19.7
2025-02-12 14:31:00,M0020,OP0021,T00443,,,1.69,8.43,0.2,0.04,0.09,1.6,8.43,10.5,-19.7
2025-02-12 14:43:00,M0020,OP0021,T00443,,,1.69,8.43,0.2,0.05,0.09,1.6,8.43,10.5,-19.7
2025-02-12 14:55:00,M0020,OP0021,T00443,,,1.69,8.43,0.2,0.05,0.09,1.6,8.43,10.5,-19.7
2025-02-12 15:07:00,M0020,OP0021,T00443,,,1.69,8.43,0.2,0.03,0.09,1.6,8.43,10.5,-19.7
2025-02-12 15:19:00,M0020,OP0021,T00443,,,1.69,8.43,0.2,0.04,0.09,1.6,8.43,10.5,-19.7
2025-02-12 15:31:00,M0020,OP0021,T00443,,,1.69,8.43,0.2,0.03,0.09,1.6,8.43,10.5,-19.7
2025-05-15 09:16:00,M0021,OP0007,T00444,286.2,,2.21,11.07,0.2,0.05,0.1,2.12,11.07,14.5,-23.7
2025-05-15 09:28:00,M0021,OP0007,T00444,,,2.21,11.07,0.2,0.04,0.1,2.12,11.07,14.5,-23.7
2025-05-15 09:40:00,M0021,OP0007,T00444,,,2.21,11.07,0.2,0.07,0.1,2.12,11.07,14.5,-23.7
2025-05-15 09:52:00,M0021,OP0007,T00444,,,2.21,11.07,0.2,0.04,0.1,2.12,11.07,14.5,-23.7
2025-05-15 10:04:00,M0021,OP0007,T00444,,,2.21,11.07,0.2,0.05,0.1,2.12,11.07,14.5,-23.7
2025-05-15 10:16:00,M0021,OP0007,T00444,,,2.21,11.07,0.2,0.04,0.1,2.12,11.07,14.5,-23.7
2025-05-15 10:28:00,M0021,OP0007,T00444,,,2.21,11.07,0.2,0.05,0.1,2.12,11.07,14.5,-23.7
2025-05-15 10:40:00,M0021,OP0007,T00444,,,2.21,11.07,0.2,0.04,0.1,2.12,11.07,14.5,-23.7
2025-05-15 10:52:00,M0021,OP0007,T00444,,,2.21,11.07,0.2,0.06,0.1,2.12,11.07,14.5,-23.7
2025-05-15 11:04:00,M0021,OP0007,T00444,,,2.21,11.07,0.2,0.05,0.1,2.12,11.07,14.5,-23.7
2025-05-15 11:16:00,M0021,OP0007,T00444,,,2.21,11.07,0.2,0.06,0.1,2.12,11.07,14.5,-23.7
2025-05-15 11:28:00,M0021,OP0007,T00444,,,2.21,11.07,0.2,0.05,0.1,2.12,11.07,14.5,-23.7
2025-05-15 11:40:00,M0021,OP0007,T00444,,,2.21,11.07,0.2,0.04,0.1,2.12,11.07,14.5,-23.7
2025-05-15 11:52:00,M0021,OP0007,T00444,,,2.21,11.07,0.2,0.07,0.1,2.12,11.07,14.5,-23.7
2025-05-15 12:04:00,M0021,OP0007,T00444,,,2.21,11.07,0.2,0.07,0.1,2.12,11.07,14.5,-23.7
2025-05-15 12:16:00,M0021,OP0007,T00444,,,2.21,11.07,0.2,0.06,0.1,2.12,11.07,14.5,-23.7
2025-05-15 12:28:00,M0021,OP0007,T00444,,,2.21,11.07,0.2,0.04,0.1,2.12,11.07,14.5,-23.7
2025-05-15 12:40:00,M0021,OP0007,T00444,,,2.21,11.07,0.2,0.07,0.1,2.12,11.07,14.5,-23.7
2025-05-15 12:52:00,M0021,OP0007,T00444,,,2.21,11.07,0.2,0.04,0.1,2.12,11.07,14.5,-23.7
2025-05-15 13:04:00,M0021,OP0007,T00444,,,2.21,11.07,0.2,0.07,0.1,2.12,11.07,14.5,-23.7
2025-06-29 15:29:00,M0038,OP0045,T00445,591.0,,4.1,20.48,0.2,0.05,0.27,3.82,20.48,25.0,-18.1
2025-06-29 15:41:00,M0038,OP0045,T00445,,,4.1,20.48,0.2,0.07,0.27,3.82,20.48,25.0,-18.1
2025-06-29 15:53:00,M0038,OP0045,T00445,,,4.1,20.48,0.2,0.07,0.27,3.82,20.48,25.0,-18.1
2025-06-29 16:05:00,M0038,OP0045,T00445,,,4.1,20.48,0.2,0.06,0.27,3.82,20.48,25.0,-18.1
2025-06-29 16:17:00,M0038,OP0045,T00445,,,4.1,20.48,0.2,0.08,0.27,3.82,20.48,25.0,-18.1
2025-06-29 16:29:00,M0038,OP0045,T00445,,,4.1,20.48,0.2,0.05,0.27,3.82,20.48,25.0,-18.1
2025-06-29 16:41:00,M0038,OP0045,T00445,,,4.1,20.48,0.2,0.06,0.27,3.82,20.48,25.0,-18.1
2025-06-29 16:53:00,M0038,OP0045,T00445,,,4.1,20.48,0.2,0.07,0.27,3.82,20.48,25.0,-18.1
2025-06-29 17:05:00,M0038,OP0045,T00445,,,4.1,20.48,0.2,0.08,0.27,3.82,20.48,25.0,-18.1
2025-06-29 17:17:00,M0038,OP0045,T00445,,,4.1,20.48,0.2,0.06,0.27,3.82,20.48,25.0,-18.1
2025-06-29 17:29:00,M0038,OP0045,T00445,,,4.1,20.48,0.2,0.04,0.27,3.82,20.48,25.0,-18.1
2025-06-29 17:41:00,M0038,OP0045,T00445,,,4.1,20.48,0.2,0.07,0.27,3.82,20.48,25.0,-18.1
2025-06-29 17:53:00,M0038,OP0045,T00445,,,4.1,20.48,0.2,0.05,0.27,3.82,20.48,25.0,-18.1
2025-06-29 18:05:00,M0038,OP0045,T00445,,,4.1,20.48,0.2,0.04,0.27,3.82,20.48,25.0,-18.1
2025-06-29 18:17:00,M0038,OP0045,T00445,,,4.1,20.48,0.2,0.06,0.27,3.82,20.48,25.0,-18.1
2025-06-29 18:29:00,M0038,OP0045,T00445,,,4.1,20.48,0.2,0.06,0.27,3.82,20.48,25.0,-18.1
2025-06-29 18:41:00,M0038,OP0045,T00445,,,4.1,20.48,0.2,0.06,0.27,3.82,20.48,25.0,-18.1
2025-06-29 18:53:00,M0038,OP0045,T00445,,,4.1,20.48,0.2,0.05,0.27,3.82,20.48,25.0,-18.1
2025-06-29 19:05:00,M0038,OP0045,T00445,,,3.07,20.48,0.15,0.04,0.2,2.87,20.48,25.0,-18.1
2025-06-10 15:01:00,M0017,OP0041,T00446,308.1,,2.49,12.46,0.2,0.05,0.1,2.39,12.46,14.5,-14.1
2025-06-10 15:13:00,M0017,OP0041,T00446,,,2.49,12.46,0.2,0.06,0.1,2.39,12.46,14.5,-14.1
2025-06-10 15:25:00,M0017,OP0041,T00446,,,2.49,12.46,0.2,0.07,0.1,2.39,12.46,14.5,-14.1
2025-06-10 15:37:00,M0017,OP0041,T00446,,,2.49,12.46,0.2,0.06,0.1,2.39,12.46,14.5,-14.1
2025-06-10 15:49:00,M0017,OP0041,T00446,,,2.49,12.46,0.2,0.04,0.1,2.39,12.46,14.5,-14.1
2025-06-10 16:01:00,M0017,OP0041,T00446,,,2.49,12.46,0.2,0.04,0.1,2.39,12.46,14.5,-14.1
2025-06-10 16:13:00,M0017,OP0041,T00446,,,2.49,12.46,0.2,0.06,0.1,2.39,12.46,14.5,-14.1
2025-06-10 16:25:00,M0017,OP0041,T00446,,,2.49,12.46,0.2,0.05,0.1,2.39,12.46,14.5,-14.1
2025-06-10 16:37:00,M0017,OP0041,T00446,,,0.62,12.46,0.05,0.02,0.03,0.6,12.46,14.5,-14.1
2025-01-17 14:02:00,M0007,OP0021,T00448,279.0,,1.98,9.92,0.2,0.04,0.08,1.9,9.92,12.0,-17.3
2025-01-17 14:14:00,M0007,OP0021,T00448,,,1.98,9.92,0.2,0.04,0.08,1.9,9.92,12.0,-17.3
2025-01-17 14:26:00,M0007,OP0021,T00448,,,1.98,9.92,0.2,0.04,0.08,1.9,9.92,12.0,-17.3
2025-01-17 14:38:00,M0007,OP0021,T00448,,,1.98,9.92,0.2,0.03,0.08,1.9,9.92,12.0,-17.3
2025-01-17 14:50:00,M0007,OP0021,T00448,,,1.98,9.92,0.2,0.03,0.08,1.9,9.92,12.0,-17.3
2025-01-17 15:02:00,M0007,OP0021,T00448,,,1.98,9.92,0.2,0.04,0.08,1.9,9.92,12.0,-17.3
2025-01-17 15:14:00,M0007,OP0021,T00448,,,1.98,9.92,0.2,0.03,0.08,1.9,9.92,12.0,-17.3
2025-01-17 15:26:00,M0007,OP0021,T00448,,,1.98,9.92,0.2,0.03,0.08,1.9,9.92,12.0,-17.3
2025-01-17 15:38:00,M0007,OP0021,T00448,,,1.98,9.92,0.2,0.03,0.08,1.9,9.92,12.0,-17.3
2025-01-17 15:50:00,M0007,OP0021,T00448,,,1.98,9.92,0.2,0.04,0.08,1.9,9.92,12.0,-17.3
2025-01-17 16:02:00,M0007,OP0021,T00448,,,1.98,9.92,0.2,0.03,0.08,1.9,9.92,12.0,-17.3
2025-01-17 16:14:00,M0007,OP0021,T00448,,,1.98,9.92,0.2,0.04,0.08,1.9,9.92,12.0,-17.3
2025-01-17 16:26:00,M0007,OP0021,T00448,,,1.98,9.92,0.2,0.04,0.08,1.9,9.92,12.0,-17.3
2025-01-17 16:38:00,M0007,OP0021,T00448,,,1.98,9.92,0.2,0.03,0.08,1.9,9.92,12.0,-17.3
2025-01-17 16:50:00,M0007,OP0021,T00448,,,1.98,9.92,0.2,0.04,0.08,1.9,9.92,12.0,-17.3
2025-01-17 17:02:00,M0007,OP0021,T00448,,,1.98,9.92,0.2,0.02,0.08,1.9,9.92,12.0,-17.3
2025-01-17 17:14:00,M0007,OP0021,T00448,,,1.98,9.92,0.2,0.03,0.08,1.9,9.92,12.0,-17.3
2025-01-17 17:26:00,M0007,OP0021,T00448,,,1.98,9.92,0.2,0.04,0.08,1.9,9.92,12.0,-17.3
2025-01-17 17:38:00,M0007,OP0021,T00448,,,1.98,9.92,0.2,0.03,0.08,1.9,9.92,12.0,-17.3
2025-01-17 17:50:00,M0007,OP0021,T00448,,,1.98,9.92,0.2,0.04,0.08,1.9,9.92,12.0,-17.3
2025-03-18 07:25:00,M0033,OP0011,T00449,315.9,,2.17,10.85,0.2,0.07,0.13,2.04,10.85,14.5,-25.2
2025-03-18 07:37:00,M0033,OP0011,T00449,,,2.17,10.85,0.2,0.06,0.13,2.04,10.85,14.5,-25.2
2025-03-18 07:49:00,M0033,OP0011,T00449,,,2.17,10.85,0.2,0.07,0.13,2.04,10.85,14.5,-25.2
2025-03-18 08:01:00,M0033,OP0011,T00449,,,2.17,10.85,0.2,0.06,0.13,2.04,10.85,14.5,-25.2
2025-03-18 08:13:00,M0033,OP0011,T00449,,,2.17,10.85,0.2,0.05,0.13,2.04,10.85,14.5,-25.2
2025-03-18 08:25:00,M0033,OP0011,T00449,,,2.17,10.85,0.2,0.04,0.13,2.04,10.85,14.5,-25.2
2025-03-18 08:37:00,M0033,OP0011,T00449,,,2.17,10.85,0.2,0.05,0.13,2.04,10.85,14.5,-25.2
2025-03-18 08:49:00,M0033,OP0011,T00449,,,2.17,10.85,0.2,0.07,0.13,2.04,10.85,14.5,-25.2
2025-03-18 09:01:00,M0033,OP0011,T00449,,,2.17,10.85,0.2,0.07,0.13,2.04,10.85,14.5,-25.2
2025-03-18 09:13:00,M0033,OP0011,T00449,,,2.17,10.85,0.2,0.07,0.13,2.04,10.85,14.5,-25.2
2025-03-18 09:25:00,M0033,OP0011,T00449,,,2.17,10.85,0.2,0.06,0.13,2.04,10.85,14.5,-25.2
2025-03-18 09:37:00,M0033,OP0011,T00449,,,2.17,10.85,0.2,0.06,0.13,2.04,10.85,14.5,-25.2
2025-03-18 09:49:00,M0033,OP0011,T00449,,,2.17,10.85,0.2,0.04,0.13,2.04,10.85,14.5,-25.2
2025-03-18 10:01:00,M0033,OP0011,T00449,,,2.17,10.85,0.2,0.06,0.13,2.04,10.85,14.5,-25.2
2025-03-18 10:13:00,M0033,OP0011,T00449,,,2.17,10.85,0.2,0.07,0.13,2.04,10.85,14.5,-25.2
2025-03-18 10:25:00,M0033,OP0011,T00449,,,2.17,10.85,0.2,0.05,0.13,2.04,10.85,14.5,-25.2
2025-03-18 10:37:00,M0033,OP0011,T00449,,,2.17,10.85,0.2,0.05,0.13,2.04,10.85,14.5,-25.2
2025-03-18 10:49:00,M0033,OP0011,T00449,,,2.17,10.85,0.2,0.06,0.13,2.04,10.85,14.5,-25.2
2025-03-18 11:01:00,M0033,OP0011,T00449,,,2.17,10.85,0.2,0.06,0.13,2.04,10.85,14.5,-25.2
2025-03-18 11:13:00,M0033,OP0011,T00449,,,2.17,10.85,0.2,0.06,0.13,2.04,10.85,14.5,-25.2
2025-07-24 14:52:00,M0027,OP0049,T00450,402.6,,3.19,15.96,0.2,0.04,0.16,3.03,15.96,20.0,-20.2
2025-07-24 15:04:00,M0027,OP0049,T00450,,,3.19,15.96,0.2,0.03,0.16,3.03,15.96,20.0,-20.2
2025-07-24 15:16:00,M0027,OP0049,T00450,,,3.19,15.96,0.2,0.05,0.16,3.03,15.96,20.0,-20.2
2025-07-24 15:28:00,M0027,OP0049,T00450,,,3.19,15.96,0.2,0.04,0.16,3.03,15.96,20.0,-20.2
2025-07-24 15:40:00,M0027,OP0049,T00450,,,3.19,15.96,0.2,0.04,0.16,3.03,15.96,20.0,-20.2
2025-07-24 15:52:00,M0027,OP0049,T00450,,,3.19,15.96,0.2,0.04,0.16,3.03,15.96,20.0,-20.2
2025-07-24 16:04:00,M0027,OP0049,T00450,,,3.19,15.96,0.2,0.03,0.16,3.03,15.96,20.0,-20.2
2025-07-24 16:16:00,M0027,OP0049,T00450,,,3.19,15.96,0.2,0.04,0.16,3.03,15.96,20.0,-20.2
2025-07-24 16:28:00,M0027,OP0049,T00450,,,2.93,15.96,0.18,0.04,0.15,2.78,15.96,20.0,-20.2
2025-01-13 11:35:00,M0035,OP0050,T00451,200.6,,1.94,9.71,0.2,0.02,0.16,1.78,9.71,14.5,-33.0
2025-01-13 11:47:00,M0035,OP0050,T00451,,,1.94,9.71,0.2,0.02,0.16,1.78,9.71,14.5,-33.0
2025-01-13 11:59:00,M0035,OP0050,T00451,,,1.94,9.71,0.2,0.01,0.16,1.78,9.71,14.5,-33.0
2025-01-13 12:11:00,M0035,OP0050,T00451,,,1.94,9.71,0.2,0.01,0.16,1.78,9.71,14.5,-33.0
2025-01-13 12:23:00,M0035,OP0050,T00451,,,1.94,9.71,0.2,0.01,0.16,1.78,9.71,14.5,-33.0
2025-01-13 12:35:00,M0035,OP0050,T00451,,,1.94,9.71,0.2,0.02,0.16,1.78,9.71,14.5,-33.0
2025-01-13 12:47:00,M0035,OP0050,T00451,,,1.94,9.71,0.2,0.01,0.16,1.78,9.71,14.5,-33.0
2025-01-13 12:59:00,M0035,OP0050,T00451,,,1.94,9.71,0.2,0.02,0.16,1.78,9.71,14.5,-33.0
2025-01-13 13:11:00,M0035,OP0050,T00451,,,1.94,9.71,0.2,0.02,0.16,1.78,9.71,14.5,-33.0
2025-01-13 13:23:00,M0035,OP0050,T00451,,,1.94,9.71,0.2,0.01,0.16,1.78,9.71,14.5,-33.0
2025-01-13 13:35:00,M0035,OP0050,T00451,,,1.94,9.71,0.2,0.01,0.16,1.78,9.71,14.5,-33.0
2025-01-13 13:47:00,M0035,OP0050,T00451,,,1.94,9.71,0.2,0.02,0.16,1.78,9.71,14.5,-33.0
2025-01-13 13:59:00,M0035,OP0050,T00451,,,1.94,9.71,0.2,0.01,0.16,1.78,9.71,14.5,-33.0
2025-01-13 14:11:00,M0035,OP0050,T00451,,,1.94,9.71,0.2,0.02,0.16,1.78,9.71,14.5,-33.0
2025-01-13 14:23:00,M0035,OP0050,T00451,,,1.94,9.71,0.2,0.02,0.16,1.78,9.71,14.5,-33.0
2025-01-13 14:35:00,M0035,OP0050,T00451,,,1.94,9.71,0.2,0.01,0.16,1.78,9.71,14.5,-33.0
2025-01-13 14:47:00,M0035,OP0050,T00451,,,1.94,9.71,0.2,0.02,0.16,1.78,9.71,14.5,-33.0
2025-01-13 14:59:00,M0035,OP0050,T00451,,,1.94,9.71,0.2,0.01,0.16,1.78,9.71,14.5,-33.0
2025-01-13 15:11:00,M0035,OP0050,T00451,,,1.94,9.71,0.2,0.02,0.16,1.78,9.71,14.5,-33.0
2025-01-13 15:23:00,M0035,OP0050,T00451,,,1.94,9.71,0.2,0.01,0.16,1.78,9.71,14.5,-33.0
2025-02-22 09:15:00,M0019,OP0008,T00452,122.0,,2.24,11.18,0.2,0.04,0.12,2.12,11.18,10.5,6.5
2025-02-22 09:27:00,M0019,OP0008,T00452,,,2.24,11.18,0.2,0.05,0.12,2.12,11.18,10.5,6.5
2025-02-22 09:39:00,M0019,OP0008,T00452,,,2.24,11.18,0.2,0.04,0.12,2.12,11.18,10.5,6.5
2025-02-22 09:51:00,M0019,OP0008,T00452,,,2.24,11.18,0.2,0.05,0.12,2.12,11.18,10.5,6.5
2025-02-22 10:03:00,M0019,OP0008,T00452,,,2.24,11.18,0.2,0.04,0.12,2.12,11.18,10.5,6.5
2025-02-22 10:15:00,M0019,OP0008,T00452,,,2.24,11.18,0.2,0.05,0.12,2.12,11.18,10.5,6.5
2025-02-22 10:27:00,M0019,OP0008,T00452,,,2.24,11.18,0.2,0.05,0.12,2.12,11.18,10.5,6.5
2025-02-22 10:39:00,M0019,OP0008,T00452,,,2.24,11.18,0.2,0.05,0.12,2.12,11.18,10.5,6.5
2025-02-22 10:51:00,M0019,OP0008,T00452,,,2.24,11.18,0.2,0.06,0.12,2.12,11.18,10.5,6.5
2025-02-22 11:03:00,M0019,OP0008,T00452,,,2.24,11.18,0.2,0.04,0.12,2.12,11.18,10.5,6.5
2025-02-22 11:15:00,M0019,OP0008,T00452,,,2.24,11.18,0.2,0.06,0.12,2.12,11.18,10.5,6.5
2025-02-22 11:27:00,M0019,OP0008,T00452,,,2.24,11.18,0.2,0.04,0.12,2.12,11.18,10.5,6.5
2025-02-22 11:39:00,M0019,OP0008,T00452,,,2.24,11.18,0.2,0.04,0.12,2.12,11.18,10.5,6.5
2025-02-22 11:51:00,M0019,OP0008,T00452,,,2.24,11.18,0.2,0.06,0.12,2.12,11.18,10.5,6.5
2025-02-22 12:03:00,M0019,OP0008,T00452,,,2.24,11.18,0.2,0.04,0.12,2.12,11.18,10.5,6.5
2025-02-22 12:15:00,M0019,OP0008,T00452,,,2.24,11.18,0.2,0.06,0.12,2.12,11.18,10.5,6.5
2025-02-22 12:27:00,M0019,OP0008,T00452,,,2.24,11.18,0.2,0.05,0.12,2.12,11.18,10.5,6.5
2025-02-22 12:39:00,M0019,OP0008,T00452,,,2.24,11.18,0.2,0.06,0.12,2.12,11.18,10.5,6.5
2025-02-22 12:51:00,M0019,OP0008,T00452,,,2.24,11.18,0.2,0.05,0.12,2.12,11.18,10.5,6.5
2025-02-22 13:03:00,M0019,OP0008,T00452,,,2.24,11.18,0.2,0.06,0.12,2.12,11.18,10.5,6.5
2025-03-30 07:19:00,M0031,OP0026,T00453,196.1,,3.09,15.47,0.2,0.02,0.13,2.96,15.47,19.5,-20.6
2025-03-30 07:31:00,M0031,OP0026,T00453,,,3.09,15.47,0.2,0.03,0.13,2.96,15.47,19.5,-20.6
2025-03-30 07:43:00,M0031,OP0026,T00453,,,3.09,15.47,0.2,0.03,0.13,2.96,15.47,19.5,-20.6
2025-03-30 07:55:00,M0031,OP0026,T00453,,,3.09,15.47,0.2,0.02,0.13,2.96,15.47,19.5,-20.6
2025-03-30 08:07:00,M0031,OP0026,T00453,,,3.09,15.47,0.2,0.02,0.13,2.96,15.47,19.5,-20.6
2025-03-30 08:19:00,M0031,OP0026,T00453,,,3.09,15.47,0.2,0.03,0.13,2.96,15.47,19.5,-20.6
2025-03-30 08:31:00,M0031,OP0026,T00453,,,3.09,15.47,0.2,0.03,0.13,2.96,15.47,19.5,-20.6
2025-03-30 08:43:00,M0031,OP0026,T00453,,,3.09,15.47,0.2,0.03,0.13,2.96,15.47,19.5,-20.6
2025-03-30 08:55:00,M0031,OP0026,T00453,,,3.09,15.47,0.2,0.03,0.13,2.96,15.47,19.5,-20.6
2025-03-30 09:07:00,M0031,OP0026,T00453,,,3.09,15.47,0.2,0.03,0.13,2.96,15.47,19.5,-20.6
2025-03-30 09:19:00,M0031,OP0026,T00453,,,3.09,15.47,0.2,0.02,0.13,2.96,15.47,19.5,-20.6
2025-03-30 09:31:00,M0031,OP0026,T00453,,,3.09,15.47,0.2,0.02,0.13,2.96,15.47,19.5,-20.6
2025-03-30 09:43:00,M0031,OP0026,T00453,,,3.09,15.47,0.2,0.02,0.13,2.96,15.47,19.5,-20.6
2025-03-30 09:55:00,M0031,OP0026,T00453,,,3.09,15.47,0.2,0.03,0.13,2.96,15.47,19.5,-20.6
2025-03-30 10:07:00,M0031,OP0026,T00453,,,3.09,15.47,0.2,0.03,0.13,2.96,15.47,19.5,-20.6
2025-03-30 10:19:00,M0031,OP0026,T00453,,,3.09,15.47,0.2,0.03,0.13,2.96,15.47,19.5,-20.6
2025-03-30 10:31:00,M0031,OP0026,T00453,,,3.09,15.47,0.2,0.02,0.13,2.96,15.47,19.5,-20.6
2025-03-30 10:43:00,M0031,OP0026,T00453,,,3.09,15.47,0.2,0.03,0.13,2.96,15.47,19.5,-20.6
2025-03-30 10:55:00,M0031,OP0026,T00453,,,3.09,15.47,0.2,0.02,0.13,2.96,15.47,19.5,-20.6
2025-03-30 11:07:00,M0031,OP0026,T00453,,,3.09,15.47,0.2,0.03,0.13,2.96,15.47,19.5,-20.6
2025-04-13 14:55:00,M0036,OP0055,T00455,528.9,,4.1,20.49,0.2,0.03,0.16,3.94,20.49,25.0,-18.0
2025-04-13 15:07:00,M0036,OP0055,T00455,,,4.1,20.49,0.2,0.03,0.16,3.94,20.49,25.0,-18.0
2025-04-13 15:19:00,M0036,OP0055,T00455,,,4.1,20.49,0.2,0.03,0.16,3.94,20.49,25.0,-18.0
2025-04-13 15:31:00,M0036,OP0055,T00455,,,4.1,20.49,0.2,0.03,0.16,3.94,20.49,25.0,-18.0
2025-04-13 15:43:00,M0036,OP0055,T00455,,,4.1,20.49,0.2,0.03,0.16,3.94,20.49,25.0,-18.0
2025-04-13 15:55:00,M0036,OP0055,T00455,,,4.1,20.49,0.2,0.03,0.16,3.94,20.49,25.0,-18.0
2025-04-13 16:07:00,M0036,OP0055,T00455,,,4.1,20.49,0.2,0.02,0.16,3.94,20.49,25.0,-18.0
2025-04-13 16:19:00,M0036,OP0055,T00455,,,4.1,20.49,0.2,0.04,0.16,3.94,20.49,25.0,-18.0
2025-04-13 16:31:00,M0036,OP0055,T00455,,,4.1,20.49,0.2,0.02,0.16,3.94,20.49,25.0,-18.0
2025-04-13 16:43:00,M0036,OP0055,T00455,,,4.1,20.49,0.2,0.03,0.16,3.94,20.49,25.0,-18.0
2025-04-13 16:55:00,M0036,OP0055,T00455,,,4.1,20.49,0.2,0.03,0.16,3.94,20.49,25.0,-18.0
2025-04-13 17:07:00,M0036,OP0055,T00455,,,4.1,20.49,0.2,0.03,0.16,3.94,20.49,25.0,-18.0
2025-04-13 17:19:00,M0036,OP0055,T00455,,,4.1,20.49,0.2,0.02,0.16,3.94,20.49,25.0,-18.0
2025-04-13 17:31:00,M0036,OP0055,T00455,,,4.1,20.49,0.2,0.02,0.16,3.94,20.49,25.0,-18.0
2025-04-13 17:43:00,M0036,OP0055,T00455,,,4.1,20.49,0.2,0.02,0.16,3.94,20.49,25.0,-18.0
2025-04-13 17:55:00,M0036,OP0055,T00455,,,4.1,20.49,0.2,0.02,0.16,3.94,20.49,25.0,-18.0
2025-04-13 18:07:00,M0036,OP0055,T00455,,,4.1,20.49,0.2,0.03,0.16,3.94,20.49,25.0,-18.0
2025-04-13 18:19:00,M0036,OP0055,T00455,,,4.1,20.49,0.2,0.02,0.16,3.94,20.49,25.0,-18.0
2025-04-13 18:31:00,M0036,OP0055,T00455,,,4.1,20.49,0.2,0.03,0.16,3.94,20.49,25.0,-18.0
2025-04-13 18:43:00,M0036,OP0055,T00455,,,4.1,20.49,0.2,0.03,0.16,3.94,20.49,25.0,-18.0
2025-02-11 15:25:00,M0020,OP0048,T00457,184.5,,1.43,7.16,0.2,0.02,0.08,1.35,7.16,10.5,-31.8
2025-02-11 15:37:00,M0020,OP0048,T00457,,,1.43,7.16,0.2,0.02,0.08,1.35,7.16,10.5,-31.8
2025-02-11 15:49:00,M0020,OP0048,T00457,,,1.43,7.16,0.2,0.03,0.08,1.35,7.16,10.5,-31.8
2025-02-11 16:01:00,M0020,OP0048,T00457,,,1.43,7.16,0.2,0.02,0.08,1.35,7.16,10.5,-31.8
2025-02-11 16:13:00,M0020,OP0048,T00457,,,1.43,7.16,0.2,0.02,0.08,1.35,7.16,10.5,-31.8
2025-02-11 16:25:00,M0020,OP0048,T00457,,,0.6,7.16,0.08,0.01,0.04,0.56,7.16,10.5,-31.8
2025-02-18 08:23:00,M0017,OP0039,T00459,213.1,,1.9,9.49,0.2,0.01,0.18,1.72,9.49,14.5,-34.5
2025-02-18 08:35:00,M0017,OP0039,T00459,,,1.9,9.49,0.2,0.01,0.18,1.72,9.49,14.5,-34.5
2025-02-18 08:47:00,M0017,OP0039,T00459,,,1.9,9.49,0.2,0.01,0.18,1.72,9.49,14.5,-34.5
2025-02-18 08:59:00,M0017,OP0039,T00459,,,1.9,9.49,0.2,0.01,0.18,1.72,9.49,14.5,-34.5
2025-02-18 09:11:00,M0017,OP0039,T00459,,,1.27,9.49,0.13,0.0,0.12,1.14,9.49,14.5,-34.5
2025-09-19 09:05:00,M0040,OP0020,T00460,374.6,,2.8,14.0,0.2,0.03,0.1,2.7,14.0,19.5,-28.2
2025-09-19 09:17:00,M0040,OP0020,T00460,,,2.8,14.0,0.2,0.05,0.1,2.7,14.0,19.5,-28.2
2025-09-19 09:29:00,M0040,OP0020,T00460,,,2.8,14.0,0.2,0.06,0.1,2.7,14.0,19.5,-28.2
2025-09-19 09:41:00,M0040,OP0020,T00460,,,2.8,14.0,0.2,0.05,0.1,2.7,14.0,19.5,-28.2
2025-09-19 09:53:00,M0040,OP0020,T00460,,,2.8,14.0,0.2,0.06,0.1,2.7,14.0,19.5,-28.2
2025-09-19 10:05:00,M0040,OP0020,T00460,,,2.8,14.0,0.2,0.04,0.1,2.7,14.0,19.5,-28.2
2025-09-19 10:17:00,M0040,OP0020,T00460,,,2.8,14.0,0.2,0.04,0.1,2.7,14.0,19.5,-28.2
2025-09-19 10:29:00,M0040,OP0020,T00460,,,2.8,14.0,0.2,0.06,0.1,2.7,14.0,19.5,-28.2
2025-09-19 10:41:00,M0040,OP0020,T00460,,,2.8,14.0,0.2,0.04,0.1,2.7,14.0,19.5,-28.2
2025-09-19 10:53:00,M0040,OP0020,T00460,,,2.8,14.0,0.2,0.04,0.1,2.7,14.0,19.5,-28.2
2025-09-19 11:05:00,M0040,OP0020,T00460,,,2.8,14.0,0.2,0.05,0.1,2.7,14.0,19.5,-28.2
2025-09-19 11:17:00,M0040,OP0020,T00460,,,2.8,14.0,0.2,0.04,0.1,2.7,14.0,19.5,-28.2
2025-09-19 11:29:00,M0040,OP0020,T00460,,,2.8,14.0,0.2,0.04,0.1,2.7,14.0,19.5,-28.2
2025-09-19 11:41:00,M0040,OP0020,T00460,,,2.8,14.0,0.2,0.06,0.1,2.7,14.0,19.5,-28.2
2025-09-19 11:53:00,M0040,OP0020,T00460,,,2.8,14.0,0.2,0.03,0.1,2.7,14.0,19.5,-28.2
2025-09-19 12:05:00,M0040,OP0020,T00460,,,2.8,14.0,0.2,0.05,0.1,2.7,14.0,19.5,-28.2
2025-09-19 12:17:00,M0040,OP0020,T00460,,,2.8,14.0,0.2,0.04,0.1,2.7,14.0,19.5,-28.2
2025-09-19 12:29:00,M0040,OP0020,T00460,,,2.8,14.0,0.2,0.04,0.1,2.7,14.0,19.5,-28.2
2025-09-19 12:41:00,M0040,OP0020,T00460,,,2.8,14.0,0.2,0.06,0.1,2.7,14.0,19.5,-28.2
2025-09-19 12:53:00,M0040,OP0020,T00460,,,2.8,14.0,0.2,0.04,0.1,2.7,14.0,19.5,-28.2
2025-01-02 08:18:00,M0021,OP0035,T00461,324.6,,1.87,9.33,0.2,0.01,0.13,1.74,9.33,14.5,-35.7
2025-01-02 08:30:00,M0021,OP0035,T00461,,,1.87,9.33,0.2,0.01,0.13,1.74,9.33,14.5,-35.7
2025-01-02 08:42:00,M0021,OP0035,T00461,,,1.87,9.33,0.2,0.01,0.13,1.74,9.33,14.5,-35.7
2025-01-02 08:54:00,M0021,OP0035,T00461,,,1.87,9.33,0.2,0.01,0.13,1.74,9.33,14.5,-35.7
2025-01-02 09:06:00,M0021,OP0035,T00461,,,1.87,9.33,0.2,0.01,0.13,1.74,9.33,14.5,-35.7
2025-01-02 09:18:00,M0021,OP0035,T00461,,,1.87,9.33,0.2,0.01,0.13,1.74,9.33,14.5,-35.7
2025-01-02 09:30:00,M0021,OP0035,T00461,,,1.87,9.33,0.2,0.01,0.13,1.74,9.33,14.5,-35.7
2025-01-02 09:42:00,M0021,OP0035,T00461,,,1.87,9.33,0.2,0.01,0.13,1.74,9.33,14.5,-35.7
2025-01-02 09:54:00,M0021,OP0035,T00461,,,0.62,9.33,0.07,0.0,0.04,0.58,9.33,14.5,-35.7
2025-03-06 12:43:00,M0027,OP0008,T00464,442.5,,3.97,19.87,0.2,0.06,0.34,3.63,19.87,20.0,-0.6
2025-03-06 12:55:00,M0027,OP0008,T00464,,,3.97,19.87,0.2,0.06,0.34,3.63,19.87,20.0,-0.6
2025-03-06 13:07:00,M0027,OP0008,T00464,,,3.97,19.87,0.2,0.05,0.34,3.63,19.87,20.0,-0.6
2025-03-06 13:19:00,M0027,OP0008,T00464,,,3.97,19.87,0.2,0.04,0.34,3.63,19.87,20.0,-0.6
2025-03-06 13:31:00,M0027,OP0008,T00464,,,3.97,19.87,0.2,0.06,0.34,3.63,19.87,20.0,-0.6
2025-03-06 13:43:00,M0027,OP0008,T00464,,,3.97,19.87,0.2,0.06,0.34,3.63,19.87,20.0,-0.6
2025-03-06 13:55:00,M0027,OP0008,T00464,,,3.97,19.87,0.2,0.05,0.34,3.63,19.87,20.0,-0.6
2025-03-06 14:07:00,M0027,OP0008,T00464,,,3.97,19.87,0.2,0.07,0.34,3.63,19.87,20.0,-0.6
2025-03-06 14:19:00,M0027,OP0008,T00464,,,3.97,19.87,0.2,0.05,0.34,3.63,19.87,20.0,-0.6
2025-03-06 14:31:00,M0027,OP0008,T00464,,,3.97,19.87,0.2,0.06,0.34,3.63,19.87,20.0,-0.6
2025-03-06 14:43:00,M0027,OP0008,T00464,,,3.97,19.87,0.2,0.07,0.34,3.63,19.87,20.0,-0.6
2025-03-06 14:55:00,M0027,OP0008,T00464,,,3.97,19.87,0.2,0.06,0.34,3.63,19.87,20.0,-0.6
2025-03-06 15:07:00,M0027,OP0008,T00464,,,3.97,19.87,0.2,0.05,0.34,3.63,19.87,20.0,-0.6
2025-03-06 15:19:00,M0027,OP0008,T00464,,,3.97,19.87,0.2,0.05,0.34,3.63,19.87,20.0,-0.6
2025-03-06 15:31:00,M0027,OP0008,T00464,,,3.97,19.87,0.2,0.04,0.34,3.63,19.87,20.0,-0.6
2025-03-06 15:43:00,M0027,OP0008,T00464,,,3.97,19.87,0.2,0.06,0.34,3.63,19.87,20.0,-0.6
2025-03-06 15:55:00,M0027,OP0008,T00464,,,3.97,19.87,0.2,0.06,0.34,3.63,19.87,20.0,-0.6
2025-03-06 16:07:00,M0027,OP0008,T00464,,,3.97,19.87,0.2,0.07,0.34,3.63,19.87,20.0,-0.6
2025-03-06 16:19:00,M0027,OP0008,T00464,,,3.97,19.87,0.2,0.05,0.34,3.63,19.87,20.0,-0.6
2025-03-06 16:31:00,M0027,OP0008,T00464,,,3.97,19.87,0.2,0.05,0.34,3.63,19.87,20.0,-0.6
2025-09-05 13:08:00,M0018,OP0005,T00465,441.8,,2.95,14.76,0.2,0.04,0.23,2.72,14.76,20.0,-26.2
2025-09-05 13:20:00,M0018,OP0005,T00465,,,2.95,14.76,0.2,0.03,0.23,2.72,14.76,20.0,-26.2
2025-09-05 13:32:00,M0018,OP0005,T00465,,,2.95,14.76,0.2,0.03,0.23,2.72,14.76,20.0,-26.2
2025-09-05 13:44:00,M0018,OP0005,T00465,,,2.95,14.76,0.2,0.03,0.23,2.72,14.76,20.0,-26.2
2025-09-05 13:56:00,M0018,OP0005,T00465,,,2.95,14.76,0.2,0.03,0.23,2.72,14.76,20.0,-26.2
2025-09-05 14:08:00,M0018,OP0005,T00465,,,2.95,14.76,0.2,0.03,0.23,2.72,14.76,20.0,-26.2
2025-09-05 14:20:00,M0018,OP0005,T00465,,,2.95,14.76,0.2,0.03,0.23,2.72,14.76,20.0,-26.2
2025-09-05 14:32:00,M0018,OP0005,T00465,,,2.95,14.76,0.2,0.03,0.23,2.72,14.76,20.0,-26.2
2025-09-05 14:44:00,M0018,OP0005,T00465,,,2.95,14.76,0.2,0.02,0.23,2.72,14.76,20.0,-26.2
2025-09-05 14:56:00,M0018,OP0005,T00465,,,2.95,14.76,0.2,0.02,0.23,2.72,14.76,20.0,-26.2
2025-09-05 15:08:00,M0018,OP0005,T00465,,,2.95,14.76,0.2,0.03,0.23,2.72,14.76,20.0,-26.2
2025-09-05 15:20:00,M0018,OP0005,T00465,,,2.95,14.76,0.2,0.03,0.23,2.72,14.76,20.0,-26.2
2025-09-05 15:32:00,M0018,OP0005,T00465,,,2.95,14.76,0.2,0.03,0.23,2.72,14.76,20.0,-26.2
2025-09-05 15:44:00,M0018,OP0005,T00465,,,2.95,14.76,0.2,0.03,0.23,2.72,14.76,20.0,-26.2
2025-09-05 15:56:00,M0018,OP0005,T00465,,,2.95,14.76,0.2,0.04,0.23,2.72,14.76,20.0,-26.2
2025-09-05 16:08:00,M0018,OP0005,T00465,,,2.95,14.76,0.2,0.04,0.23,2.72,14.76,20.0,-26.2
2025-09-05 16:20:00,M0018,OP0005,T00465,,,2.95,14.76,0.2,0.03,0.23,2.72,14.76,20.0,-26.2
2025-09-05 16:32:00,M0018,OP0005,T00465,,,2.95,14.76,0.2,0.04,0.23,2.72,14.76,20.0,-26.2
2025-09-05 16:44:00,M0018,OP0005,T00465,,,2.95,14.76,0.2,0.02,0.23,2.72,14.76,20.0,-26.2
2025-09-05 16:56:00,M0018,OP0005,T00465,,,2.95,14.76,0.2,0.02,0.23,2.72,14.76,20.0,-26.2
2025-09-18 14:57:00,M0038,OP0039,T00466,367.9,,3.46,17.28,0.2,0.01,0.25,3.21,17.28,25.0,-30.9
2025-09-18 15:09:00,M0038,OP0039,T00466,,,3.46,17.28,0.2,0.01,0.25,3.21,17.28,25.0,-30.9
2025-09-18 15:21:00,M0038,OP0039,T00466,,,3.46,17.28,0.2,0.01,0.25,3.21,17.28,25.0,-30.9
2025-09-18 15:33:00,M0038,OP0039,T00466,,,3.46,17.28,0.2,0.01,0.25,3.21,17.28,25.0,-30.9
2025-09-18 15:45:00,M0038,OP0039,T00466,,,3.46,17.28,0.2,0.02,0.25,3.21,17.28,25.0,-30.9
2025-09-18 15:57:00,M0038,OP0039,T00466,,,3.46,17.28,0.2,0.01,0.25,3.21,17.28,25.0,-30.9
2025-09-18 16:09:00,M0038,OP0039,T00466,,,3.46,17.28,0.2,0.01,0.25,3.21,17.28,25.0,-30.9
2025-09-18 16:21:00,M0038,OP0039,T00466,,,3.46,17.28,0.2,0.02,0.25,3.21,17.28,25.0,-30.9
2025-09-18 16:33:00,M0038,OP0039,T00466,,,3.46,17.28,0.2,0.01,0.25,3.21,17.28,25.0,-30.9
2025-09-18 16:45:00,M0038,OP0039,T00466,,,3.46,17.28,0.2,0.01,0.25,3.21,17.28,25.0,-30.9
2025-09-18 16:57:00,M0038,OP0039,T00466,,,3.46,17.28,0.2,0.01,0.25,3.21,17.28,25.0,-30.9
2025-09-18 17:09:00,M0038,OP0039,T00466,,,3.46,17.28,0.2,0.01,0.25,3.21,17.28,25.0,-30.9
2025-09-18 17:21:00,M0038,OP0039,T00466,,,3.46,17.28,0.2,0.01,0.25,3.21,17.28,25.0,-30.9
2025-09-18 17:33:00,M0038,OP0039,T00466,,,3.46,17.28,0.2,0.01,0.25,3.21,17.28,25.0,-30.9
2025-09-18 17:45:00,M0038,OP0039,T00466,,,3.46,17.28,0.2,0.01,0.25,3.21,17.28,25.0,-30.9
2025-09-18 17:57:00,M0038,OP0039,T00466,,,3.46,17.28,0.2,0.02,0.25,3.21,17.28,25.0,-30.9
2025-09-18 18:09:00,M0038,OP0039,T00466,,,3.46,17.28,0.2,0.01,0.25,3.21,17.28,25.0,-30.9
2025-09-18 18:21:00,M0038,OP0039,T00466,,,3.46,17.28,0.2,0.01,0.25,3.21,17.28,25.0,-30.9
2025-09-18 18:33:00,M0038,OP0039,T00466,,,1.73,17.28,0.1,0.01,0.13,1.6,17.28,25.0,-30.9
2025-01-10 13:45:00,M0013,OP0007,T00467,101.6,,1.56,7.8,0.2,0.05,0.07,1.49,7.8,10.5,-25.7
2025-01-10 13:57:00,M0013,OP0007,T00467,,,1.56,7.8,0.2,0.05,0.07,1.49,7.8,10.5,-25.7
2025-01-10 14:09:00,M0013,OP0007,T00467,,,1.56,7.8,0.2,0.04,0.07,1.49,7.8,10.5,-25.7
2025-01-10 14:21:00,M0013,OP0007,T00467,,,1.56,7.8,0.2,0.05,0.07,1.49,7.8,10.5,-25.7
2025-01-10 14:33:00,M0013,OP0007,T00467,,,1.56,7.8,0.2,0.04,0.07,1.49,7.8,10.5,-25.7
2025-01-10 14:45:00,M0013,OP0007,T00467,,,1.56,7.8,0.2,0.05,0.07,1.49,7.8,10.5,-25.7
2025-01-10 14:57:00,M0013,OP0007,T00467,,,1.56,7.8,0.2,0.05,0.07,1.49,7.8,10.5,-25.7
2025-01-10 15:09:00,M0013,OP0007,T00467,,,1.56,7.8,0.2,0.06,0.07,1.49,7.8,10.5,-25.7
2025-01-10 15:21:00,M0013,OP0007,T00467,,,1.56,7.8,0.2,0.04,0.07,1.49,7.8,10.5,-25.7
2025-01-10 15:33:00,M0013,OP0007,T00467,,,1.56,7.8,0.2,0.04,0.07,1.49,7.8,10.5,-25.7
2025-01-10 15:45:00,M0013,OP0007,T00467,,,1.56,7.8,0.2,0.05,0.07,1.49,7.8,10.5,-25.7
2025-01-10 15:57:00,M0013,OP0007,T00467,,,1.56,7.8,0.2,0.05,0.07,1.49,7.8,10.5,-25.7
2025-01-10 16:09:00,M0013,OP0007,T00467,,,1.56,7.8,0.2,0.03,0.07,1.49,7.8,10.5,-25.7
2025-01-10 16:21:00,M0013,OP0007,T00467,,,1.56,7.8,0.2,0.06,0.07,1.49,7.8,10.5,-25.7
2025-01-10 16:33:00,M0013,OP0007,T00467,,,1.56,7.8,0.2,0.04,0.07,1.49,7.8,10.5,-25.7
2025-01-10 16:45:00,M0013,OP0007,T00467,,,1.56,7.8,0.2,0.05,0.07,1.49,7.8,10.5,-25.7
2025-01-10 16:57:00,M0013,OP0007,T00467,,,1.56,7.8,0.2,0.04,0.07,1.49,7.8,10.5,-25.7
2025-01-10 17:09:00,M0013,OP0007,T00467,,,1.56,7.8,0.2,0.06,0.07,1.49,7.8,10.5,-25.7
2025-01-10 17:21:00,M0013,OP0007,T00467,,,1.56,7.8,0.2,0.04,0.07,1.49,7.8,10.5,-25.7
2025-01-10 17:33:00,M0013,OP0007,T00467,,,0.52,7.8,0.07,0.02,0.02,0.5,7.8,10.5,-25.7
2025-08-27 14:44:00,M0037,OP0019,T00468,301.7,,1.63,8.15,0.2,0.04,0.13,1.5,8.15,12.0,-32.1
2025-08-27 14:56:00,M0037,OP0019,T00468,,,1.63,8.15,0.2,0.05,0.13,1.5,8.15,12.0,-32.1
2025-08-27 15:08:00,M0037,OP0019,T00468,,,1.63,8.15,0.2,0.04,0.13,1.5,8.15,12.0,-32.1
2025-08-27 15:20:00,M0037,OP0019,T00468,,,1.63,8.15,0.2,0.03,0.13,1.5,8.15,12.0,-32.1
2025-08-27 15:32:00,M0037,OP0019,T00468,,,1.63,8.15,0.2,0.04,0.13,1.5,8.15,12.0,-32.1
2025-08-27 15:44:00,M0037,OP0019,T00468,,,1.63,8.15,0.2,0.03,0.13,1.5,8.15,12.0,-32.1
2025-08-27 15:56:00,M0037,OP0019,T00468,,,1.63,8.15,0.2,0.04,0.13,1.5,8.15,12.0,-32.1
2025-08-27 16:08:00,M0037,OP0019,T00468,,,1.63,8.15,0.2,0.03,0.13,1.5,8.15,12.0,-32.1
2025-08-27 16:20:00,M0037,OP0019,T00468,,,1.63,8.15,0.2,0.03,0.13,1.5,8.15,12.0,-32.1
2025-08-27 16:32:00,M0037,OP0019,T00468,,,1.63,8.15,0.2,0.04,0.13,1.5,8.15,12.0,-32.1
2025-08-27 16:44:00,M0037,OP0019,T00468,,,1.63,8.15,0.2,0.03,0.13,1.5,8.15,12.0,-32.1
2025-08-27 16:56:00,M0037,OP0019,T00468,,,1.63,8.15,0.2,0.04,0.13,1.5,8.15,12.0,-32.1
2025-08-27 17:08:00,M0037,OP0019,T00468,,,1.63,8.15,0.2,0.04,0.13,1.5,8.15,12.0,-32.1
2025-08-27 17:20:00,M0037,OP0019,T00468,,,1.63,8.15,0.2,0.04,0.13,1.5,8.15,12.0,-32.1
2025-08-27 17:32:00,M0037,OP0019,T00468,,,1.63,8.15,0.2,0.03,0.13,1.5,8.15,12.0,-32.1
2025-08-27 17:44:00,M0037,OP0019,T00468,,,1.63,8.15,0.2,0.04,0.13,1.5,8.15,12.0,-32.1
2025-08-27 17:56:00,M0037,OP0019,T00468,,,1.49,8.15,0.18,0.04,0.12,1.37,8.15,12.0,-32.1
2025-04-10 13:33:00,M0031,OP0036,T00469,245.8,,3.22,16.12,0.2,0.03,0.17,3.05,16.12,19.5,-17.3
2025-04-10 13:45:00,M0031,OP0036,T00469,,,3.22,16.12,0.2,0.04,0.17,3.05,16.12,19.5,-17.3
2025-04-10 13:57:00,M0031,OP0036,T00469,,,3.22,16.12,0.2,0.02,0.17,3.05,16.12,19.5,-17.3
2025-04-10 14:09:00,M0031,OP0036,T00469,,,3.22,16.12,0.2,0.02,0.17,3.05,16.12,19.5,-17.3
2025-04-10 14:21:00,M0031,OP0036,T00469,,,3.22,16.12,0.2,0.03,0.17,3.05,16.12,19.5,-17.3
2025-04-10 14:33:00,M0031,OP0036,T00469,,,3.22,16.12,0.2,0.03,0.17,3.05,16.12,19.5,-17.3
2025-04-10 14:45:00,M0031,OP0036,T00469,,,3.22,16.12,0.2,0.03,0.17,3.05,16.12,19.5,-17.3
2025-04-10 14:57:00,M0031,OP0036,T00469,,,3.22,16.12,0.2,0.03,0.17,3.05,16.12,19.5,-17.3
2025-04-10 15:09:00,M0031,OP0036,T00469,,,3.22,16.12,0.2,0.02,0.17,3.05,16.12,19.5,-17.3
2025-04-10 15:21:00,M0031,OP0036,T00469,,,3.22,16.12,0.2,0.03,0.17,3.05,16.12,19.5,-17.3
2025-04-10 15:33:00,M0031,OP0036,T00469,,,3.22,16.12,0.2,0.03,0.17,3.05,16.12,19.5,-17.3
2025-04-10 15:45:00,M0031,OP0036,T00469,,,3.22,16.12,0.2,0.02,0.17,3.05,16.12,19.5,-17.3
2025-04-10 15:57:00,M0031,OP0036,T00469,,,3.22,16.12,0.2,0.02,0.17,3.05,16.12,19.5,-17.3
2025-04-10 16:09:00,M0031,OP0036,T00469,,,3.22,16.12,0.2,0.04,0.17,3.05,16.12,19.5,-17.3
2025-04-10 16:21:00,M0031,OP0036,T00469,,,3.22,16.12,0.2,0.04,0.17,3.05,16.12,19.5,-17.3
2025-04-10 16:33:00,M0031,OP0036,T00469,,,3.22,16.12,0.2,0.03,0.17,3.05,16.12,19.5,-17.3
2025-04-10 16:45:00,M0031,OP0036,T00469,,,3.22,16.12,0.2,0.03,0.17,3.05,16.12,19.5,-17.3
2025-04-10 16:57:00,M0031,OP0036,T00469,,,3.22,16.12,0.2,0.02,0.17,3.05,16.12,19.5,-17.3
2025-04-10 17:09:00,M0031,OP0036,T00469,,,3.22,16.12,0.2,0.02,0.17,3.05,16.12,19.5,-17.3
2025-04-10 17:21:00,M0031,OP0036,T00469,,,3.22,16.12,0.2,0.03,0.17,3.05,16.12,19.5,-17.3
2025-02-01 10:14:00,M0038,OP0050,T00470,599.9,,3.58,17.92,0.2,0.02,0.21,3.38,17.92,25.0,-28.3
2025-02-01 10:26:00,M0038,OP0050,T00470,,,3.58,17.92,0.2,0.02,0.21,3.38,17.92,25.0,-28.3
2025-02-01 10:38:00,M0038,OP0050,T00470,,,3.58,17.92,0.2,0.03,0.21,3.38,17.92,25.0,-28.3
2025-02-01 10:50:00,M0038,OP0050,T00470,,,3.58,17.92,0.2,0.02,0.21,3.38,17.92,25.0,-28.3
2025-02-01 11:02:00,M0038,OP0050,T00470,,,3.58,17.92,0.2,0.03,0.21,3.38,17.92,25.0,-28.3
2025-02-01 11:14:00,M0038,OP0050,T00470,,,3.58,17.92,0.2,0.02,0.21,3.38,17.92,25.0,-28.3
2025-02-01 11:26:00,M0038,OP0050,T00470,,,3.58,17.92,0.2,0.02,0.21,3.38,17.92,25.0,-28.3
2025-02-01 11:38:00,M0038,OP0050,T00470,,,3.58,17.92,0.2,0.03,0.21,3.38,17.92,25.0,-28.3
2025-02-01 11:50:00,M0038,OP0050,T00470,,,3.58,17.92,0.2,0.02,0.21,3.38,17.92,25.0,-28.3
2025-02-01 12:02:00,M0038,OP0050,T00470,,,3.58,17.92,0.2,0.02,0.21,3.38,17.92,25.0,-28.3
2025-02-01 12:14:00,M0038,OP0050,T00470,,,3.58,17.92,0.2,0.02,0.21,3.38,17.92,25.0,-28.3
2025-02-01 12:26:00,M0038,OP0050,T00470,,,3.58,17.92,0.2,0.02,0.21,3.38,17.92,25.0,-28.3
2025-02-01 12:38:00,M0038,OP0050,T00470,,,3.58,17.92,0.2,0.02,0.21,3.38,17.92,25.0,-28.3
2025-02-01 12:50:00,M0038,OP0050,T00470,,,3.58,17.92,0.2,0.01,0.21,3.38,17.92,25.0,-28.3
2025-02-01 13:02:00,M0038,OP0050,T00470,,,3.58,17.92,0.2,0.01,0.21,3.38,17.92,25.0,-28.3
2025-02-01 13:14:00,M0038,OP0050,T00470,,,3.58,17.92,0.2,0.02,0.21,3.38,17.92,25.0,-28.3
2025-02-01 13:26:00,M0038,OP0050,T00470,,,3.58,17.92,0.2,0.02,0.21,3.38,17.92,25.0,-28.3
2025-02-01 13:38:00,M0038,OP0050,T00470,,,3.58,17.92,0.2,0.02,0.21,3.38,17.92,25.0,-28.3
2025-02-01 13:50:00,M0038,OP0050,T00470,,,3.58,17.92,0.2,0.03,0.21,3.38,17.92,25.0,-28.3
2025-02-01 14:02:00,M0038,OP0050,T00470,,,3.58,17.92,0.2,0.02,0.21,3.38,17.92,25.0,-28.3
2025-07-03 10:23:00,M0018,OP0049,T00471,346.9,,3.32,16.62,0.2,0.04,0.14,3.19,16.62,20.0,-16.9
2025-07-03 10:35:00,M0018,OP0049,T00471,,,3.32,16.62,0.2,0.03,0.14,3.19,16.62,20.0,-16.9
2025-07-03 10:47:00,M0018,OP0049,T00471,,,3.32,16.62,0.2,0.02,0.14,3.19,16.62,20.0,-16.9
2025-07-03 10:59:00,M0018,OP0049,T00471,,,3.32,16.62,0.2,0.04,0.14,3.19,16.62,20.0,-16.9
2025-07-03 11:11:00,M0018,OP0049,T00471,,,3.32,16.62,0.2,0.04,0.14,3.19,16.62,20.0,-16.9
2025-07-03 11:23:00,M0018,OP0049,T00471,,,3.32,16.62,0.2,0.02,0.14,3.19,16.62,20.0,-16.9
2025-07-03 11:35:00,M0018,OP0049,T00471,,,1.94,16.62,0.12,0.02,0.08,1.86,16.62,20.0,-16.9
2025-08-28 07:27:00,M0033,OP0010,T00472,456.4,,2.61,13.03,0.2,0.02,0.11,2.5,13.03,14.5,-10.2
2025-08-28 07:39:00,M0033,OP0010,T00472,,,2.61,13.03,0.2,0.02,0.11,2.5,13.03,14.5,-10.2
2025-08-28 07:51:00,M0033,OP0010,T00472,,,2.61,13.03,0.2,0.01,0.11,2.5,13.03,14.5,-10.2
2025-08-28 08:03:00,M0033,OP0010,T00472,,,2.61,13.03,0.2,0.01,0.11,2.5,13.03,14.5,-10.2
2025-08-28 08:15:00,M0033,OP0010,T00472,,,2.61,13.03,0.2,0.02,0.11,2.5,13.03,14.5,-10.2
2025-08-28 08:27:00,M0033,OP0010,T00472,,,2.61,13.03,0.2,0.01,0.11,2.5,13.03,14.5,-10.2
2025-08-28 08:39:00,M0033,OP0010,T00472,,,2.61,13.03,0.2,0.02,0.11,2.5,13.03,14.5,-10.2
2025-08-28 08:51:00,M0033,OP0010,T00472,,,2.61,13.03,0.2,0.01,0.11,2.5,13.03,14.5,-10.2
2025-08-28 09:03:00,M0033,OP0010,T00472,,,2.61,13.03,0.2,0.01,0.11,2.5,13.03,14.5,-10.2
2025-08-28 09:15:00,M0033,OP0010,T00472,,,2.61,13.03,0.2,0.01,0.11,2.5,13.03,14.5,-10.2
2025-08-28 09:27:00,M0033,OP0010,T00472,,,2.61,13.03,0.2,0.02,0.11,2.5,13.03,14.5,-10.2
2025-08-28 09:39:00,M0033,OP0010,T00472,,,2.61,13.03,0.2,0.02,0.11,2.5,13.03,14.5,-10.2
2025-08-28 09:51:00,M0033,OP0010,T00472,,,2.61,13.03,0.2,0.01,0.11,2.5,13.03,14.5,-10.2
2025-08-28 10:03:00,M0033,OP0010,T00472,,,2.61,13.03,0.2,0.01,0.11,2.5,13.03,14.5,-10.2
2025-08-28 10:15:00,M0033,OP0010,T00472,,,2.61,13.03,0.2,0.01,0.11,2.5,13.03,14.5,-10.2
2025-08-28 10:27:00,M0033,OP0010,T00472,,,2.61,13.03,0.2,0.01,0.11,2.5,13.03,14.5,-10.2
2025-08-28 10:39:00,M0033,OP0010,T00472,,,2.61,13.03,0.2,0.01,0.11,2.5,13.03,14.5,-10.2
2025-08-28 10:51:00,M0033,OP0010,T00472,,,2.61,13.03,0.2,0.01,0.11,2.5,13.03,14.5,-10.2
2025-08-28 11:03:00,M0033,OP0010,T00472,,,2.61,13.03,0.2,0.01,0.11,2.5,13.03,14.5,-10.2
2025-08-28 11:15:00,M0033,OP0010,T00472,,,2.61,13.03,0.2,0.01,0.11,2.5,13.03,14.5,-10.2
2025-09-24 13:56:00,M0001,OP0050,T00474,463.2,,2.74,13.68,0.2,0.01,0.23,2.51,13.68,20.0,-31.6
2025-09-24 14:08:00,M0001,OP0050,T00474,,,2.74,13.68,0.2,0.01,0.23,2.51,13.68,20.0,-31.6
2025-09-24 14:20:00,M0001,OP0050,T00474,,,2.74,13.68,0.2,0.01,0.23,2.51,13.68,20.0,-31.6
2025-09-24 14:32:00,M0001,OP0050,T00474,,,2.74,13.68,0.2,0.01,0.23,2.51,13.68,20.0,-31.6
2025-09-24 14:44:00,M0001,OP0050,T00474,,,2.74,13.68,0.2,0.01,0.23,2.51,13.68,20.0,-31.6
2025-09-24 14:56:00,M0001,OP0050,T00474,,,2.74,13.68,0.2,0.01,0.23,2.51,13.68,20.0,-31.6
2025-09-24 15:08:00,M0001,OP0050,T00474,,,2.74,13.68,0.2,0.01,0.23,2.51,13.68,20.0,-31.6
2025-09-24 15:20:00,M0001,OP0050,T00474,,,2.74,13.68,0.2,0.01,0.23,2.51,13.68,20.0,-31.6
2025-09-24 15:32:00,M0001,OP0050,T00474,,,2.74,13.68,0.2,0.01,0.23,2.51,13.68,20.0,-31.6
2025-09-24 15:44:00,M0001,OP0050,T00474,,,2.74,13.68,0.2,0.01,0.23,2.51,13.68,20.0,-31.6
2025-09-24 15:56:00,M0001,OP0050,T00474,,,2.74,13.68,0.2,0.01,0.23,2.51,13.68,20.0,-31.6
2025-09-24 16:08:00,M0001,OP0050,T00474,,,2.74,13.68,0.2,0.01,0.23,2.51,13.68,20.0,-31.6
2025-09-24 16:20:00,M0001,OP0050,T00474,,,2.74,13.68,0.2,0.01,0.23,2.51,13.68,20.0,-31.6
2025-09-24 16:32:00,M0001,OP0050,T00474,,,2.74,13.68,0.2,0.01,0.23,2.51,13.68,20.0,-31.6
2025-09-24 16:44:00,M0001,OP0050,T00474,,,2.74,13.68,0.2,0.01,0.23,2.51,13.68,20.0,-31.6
2025-09-24 16:56:00,M0001,OP0050,T00474,,,2.74,13.68,0.2,0.01,0.23,2.51,13.68,20.0,-31.6
2025-09-24 17:08:00,M0001,OP0050,T00474,,,2.74,13.68,0.2,0.01,0.23,2.51,13.68,20.0,-31.6
2025-09-24 17:20:00,M0001,OP0050,T00474,,,2.74,13.68,0.2,0.01,0.23,2.51,13.68,20.0,-31.6
2025-09-24 17:32:00,M0001,OP0050,T00474,,,2.74,13.68,0.2,0.01,0.23,2.51,13.68,20.0,-31.6
2025-09-24 17:44:00,M0001,OP0050,T00474,,,2.74,13.68,0.2,0.01,0.23,2.51,13.68,20.0,-31.6
2025-03-28 13:37:00,M0024,OP0028,T00477,271.6,,2.62,13.11,0.2,0.06,0.18,2.44,13.11,19.5,-32.8
2025-03-28 13:49:00,M0024,OP0028,T00477,,,2.62,13.11,0.2,0.04,0.18,2.44,13.11,19.5,-32.8
2025-03-28 14:01:00,M0024,OP0028,T00477,,,2.62,13.11,0.2,0.06,0.18,2.44,13.11,19.5,-32.8
2025-03-28 14:13:00,M0024,OP0028,T00477,,,2.62,13.11,0.2,0.04,0.18,2.44,13.11,19.5,-32.8
2025-03-28 14:25:00,M0024,OP0028,T00477,,,2.62,13.11,0.2,0.04,0.18,2.44,13.11,19.5,-32.8
2025-03-28 14:37:00,M0024,OP0028,T00477,,,2.62,13.11,0.2,0.05,0.18,2.44,13.11,19.5,-32.8
2025-03-28 14:49:00,M0024,OP0028,T00477,,,0.22,13.11,0.02,0.0,0.01,0.2,13.11,19.5,-32.8
2025-02-27 06:55:00,M0027,OP0044,T00479,309.0,,3.42,17.08,0.2,0.02,0.18,3.24,17.08,20.0,-14.6
2025-02-27 07:07:00,M0027,OP0044,T00479,,,3.42,17.08,0.2,0.02,0.18,3.24,17.08,20.0,-14.6
2025-02-27 07:19:00,M0027,OP0044,T00479,,,3.42,17.08,0.2,0.03,0.18,3.24,17.08,20.0,-14.6
2025-02-27 07:31:00,M0027,OP0044,T00479,,,3.42,17.08,0.2,0.02,0.18,3.24,17.08,20.0,-14.6
2025-02-27 07:43:00,M0027,OP0044,T00479,,,3.42,17.08,0.2,0.03,0.18,3.24,17.08,20.0,-14.6
2025-02-27 07:55:00,M0027,OP0044,T00479,,,3.42,17.08,0.2,0.03,0.18,3.24,17.08,20.0,-14.6
2025-02-27 08:07:00,M0027,OP0044,T00479,,,3.42,17.08,0.2,0.03,0.18,3.24,17.08,20.0,-14.6
2025-02-27 08:19:00,M0027,OP0044,T00479,,,3.42,17.08,0.2,0.03,0.18,3.24,17.08,20.0,-14.6
2025-02-27 08:31:00,M0027,OP0044,T00479,,,3.42,17.08,0.2,0.02,0.18,3.24,17.08,20.0,-14.6
2025-02-27 08:43:00,M0027,OP0044,T00479,,,3.42,17.08,0.2,0.02,0.18,3.24,17.08,20.0,-14.6
2025-02-27 08:55:00,M0027,OP0044,T00479,,,3.42,17.08,0.2,0.03,0.18,3.24,17.08,20.0,-14.6
2025-02-27 09:07:00,M0027,OP0044,T00479,,,3.42,17.08,0.2,0.03,0.18,3.24,17.08,20.0,-14.6
2025-02-27 09:19:00,M0027,OP0044,T00479,,,3.42,17.08,0.2,0.02,0.18,3.24,17.08,20.0,-14.6
2025-02-27 09:31:00,M0027,OP0044,T00479,,,3.42,17.08,0.2,0.02,0.18,3.24,17.08,20.0,-14.6
2025-02-27 09:43:00,M0027,OP0044,T00479,,,3.42,17.08,0.2,0.02,0.18,3.24,17.08,20.0,-14.6
2025-02-27 09:55:00,M0027,OP0044,T00479,,,3.42,17.08,0.2,0.03,0.18,3.24,17.08,20.0,-14.6
2025-02-27 10:07:00,M0027,OP0044,T00479,,,3.42,17.08,0.2,0.03,0.18,3.24,17.08,20.0,-14.6
2025-02-27 10:19:00,M0027,OP0044,T00479,,,3.42,17.08,0.2,0.02,0.18,3.24,17.08,20.0,-14.6
2025-02-27 10:31:00,M0027,OP0044,T00479,,,3.42,17.08,0.2,0.03,0.18,3.24,17.08,20.0,-14.6
2025-02-27 10:43:00,M0027,OP0044,T00479,,,3.42,17.08,0.2,0.03,0.18,3.24,17.08,20.0,-14.6
2025-08-09 06:07:00,M0042,OP0002,T00480,346.3,,3.36,16.82,0.2,0.02,0.34,3.03,16.82,25.0,-32.7
2025-08-09 06:19:00,M0042,OP0002,T00480,,,3.36,16.82,0.2,0.03,0.34,3.03,16.82,25.0,-32.7
2025-08-09 06:31:00,M0042,OP0002,T00480,,,3.36,16.82,0.2,0.02,0.34,3.03,16.82,25.0,-32.7
2025-08-09 06:43:00,M0042,OP0002,T00480,,,3.36,16.82,0.2,0.02,0.34,3.03,16.82,25.0,-32.7
2025-08-09 06:55:00,M0042,OP0002,T00480,,,3.36,16.82,0.2,0.02,0.34,3.03,16.82,25.0,-32.7
2025-08-09 07:07:00,M0042,OP0002,T00480,,,3.36,16.82,0.2,0.02,0.34,3.03,16.82,25.0,-32.7
2025-08-09 07:19:00,M0042,OP0002,T00480,,,3.36,16.82,0.2,0.02,0.34,3.03,16.82,25.0,-32.7
2025-08-09 07:31:00,M0042,OP0002,T00480,,,3.36,16.82,0.2,0.02,0.34,3.03,16.82,25.0,-32.7
2025-08-09 07:43:00,M0042,OP0002,T00480,,,3.36,16.82,0.2,0.02,0.34,3.03,16.82,25.0,-32.7
2025-08-09 07:55:00,M0042,OP0002,T00480,,,3.36,16.82,0.2,0.02,0.34,3.03,16.82,25.0,-32.7
2025-08-09 08:07:00,M0042,OP0002,T00480,,,3.36,16.82,0.2,0.02,0.34,3.03,16.82,25.0,-32.7
2025-08-09 08:19:00,M0042,OP0002,T00480,,,3.36,16.82,0.2,0.03,0.34,3.03,16.82,25.0,-32.7
2025-08-09 08:31:00,M0042,OP0002,T00480,,,3.36,16.82,0.2,0.03,0.34,3.03,16.82,25.0,-32.7
2025-08-09 08:43:00,M0042,OP0002,T00480,,,3.36,16.82,0.2,0.02,0.34,3.03,16.82,25.0,-32.7
2025-08-09 08:55:00,M0042,OP0002,T00480,,,3.36,16.82,0.2,0.02,0.34,3.03,16.82,25.0,-32.7
2025-08-09 09:07:00,M0042,OP0002,T00480,,,3.36,16.82,0.2,0.02,0.34,3.03,16.82,25.0,-32.7
2025-08-09 09:19:00,M0042,OP0002,T00480,,,3.36,16.82,0.2,0.02,0.34,3.03,16.82,25.0,-32.7
2025-08-09 09:31:00,M0042,OP0002,T00480,,,3.36,16.82,0.2,0.02,0.34,3.03,16.82,25.0,-32.7
2025-08-09 09:43:00,M0042,OP0002,T00480,,,3.36,16.82,0.2,0.03,0.34,3.03,16.82,25.0,-32.7
2025-08-09 09:55:00,M0042,OP0002,T00480,,,3.36,16.82,0.2,0.03,0.34,3.03,16.82,25.0,-32.7
2025-03-17 06:56:00,M0015,OP0024,T00481,245.2,,2.58,12.88,0.2,0.05,0.31,2.27,12.88,20.0,-35.6
2025-03-17 07:08:00,M0015,OP0024,T00481,,,2.58,12.88,0.2,0.04,0.31,2.27,12.88,20.0,-35.6
2025-03-17 07:20:00,M0015,OP0024,T00481,,,2.58,12.88,0.2,0.04,0.31,2.27,12.88,20.0,-35.6
2025-03-17 07:32:00,M0015,OP0024,T00481,,,2.58,12.88,0.2,0.05,0.31,2.27,12.88,20.0,-35.6
2025-03-17 07:44:00,M0015,OP0024,T00481,,,2.58,12.88,0.2,0.03,0.31,2.27,12.88,20.0,-35.6
2025-03-17 07:56:00,M0015,OP0024,T00481,,,2.58,12.88,0.2,0.04,0.31,2.27,12.88,20.0,-35.6
2025-03-17 08:08:00,M0015,OP0024,T00481,,,2.58,12.88,0.2,0.04,0.31,2.27,12.88,20.0,-35.6
2025-03-17 08:20:00,M0015,OP0024,T00481,,,2.58,12.88,0.2,0.03,0.31,2.27,12.88,20.0,-35.6
2025-03-17 08:32:00,M0015,OP0024,T00481,,,2.58,12.88,0.2,0.04,0.31,2.27,12.88,20.0,-35.6
2025-03-17 08:44:00,M0015,OP0024,T00481,,,2.58,12.88,0.2,0.04,0.31,2.27,12.88,20.0,-35.6
2025-03-17 08:56:00,M0015,OP0024,T00481,,,2.58,12.88,0.2,0.03,0.31,2.27,12.88,20.0,-35.6
2025-03-17 09:08:00,M0015,OP0024,T00481,,,2.58,12.88,0.2,0.04,0.31,2.27,12.88,20.0,-35.6
2025-03-17 09:20:00,M0015,OP0024,T00481,,,2.58,12.88,0.2,0.03,0.31,2.27,12.88,20.0,-35.6
2025-03-17 09:32:00,M0015,OP0024,T00481,,,2.58,12.88,0.2,0.05,0.31,2.27,12.88,20.0,-35.6
2025-03-17 09:44:00,M0015,OP0024,T00481,,,2.58,12.88,0.2,0.04,0.31,2.27,12.88,20.0,-35.6
2025-03-17 09:56:00,M0015,OP0024,T00481,,,2.58,12.88,0.2,0.03,0.31,2.27,12.88,20.0,-35.6
2025-03-17 10:08:00,M0015,OP0024,T00481,,,2.58,12.88,0.2,0.04,0.31,2.27,12.88,20.0,-35.6
2025-03-17 10:20:00,M0015,OP0024,T00481,,,2.58,12.88,0.2,0.04,0.31,2.27,12.88,20.0,-35.6
2025-03-17 10:32:00,M0015,OP0024,T00481,,,2.58,12.88,0.2,0.04,0.31,2.27,12.88,20.0,-35.6
2025-03-17 10:44:00,M0015,OP0024,T00481,,,2.58,12.88,0.2,0.03,0.31,2.27,12.88,20.0,-35.6
2025-07-14 08:29:00,M0034,OP0002,T00483,563.1,,2.76,13.82,0.2,0.02,0.25,2.51,13.82,20.0,-30.9
2025-07-14 08:41:00,M0034,OP0002,T00483,,,2.76,13.82,0.2,0.01,0.25,2.51,13.82,20.0,-30.9
2025-07-14 08:53:00,M0034,OP0002,T00483,,,2.76,13.82,0.2,0.01,0.25,2.51,13.82,20.0,-30.9
2025-07-14 09:05:00,M0034,OP0002,T00483,,,2.76,13.82,0.2,0.01,0.25,2.51,13.82,20.0,-30.9
2025-07-14 09:17:00,M0034,OP0002,T00483,,,2.76,13.82,0.2,0.01,0.25,2.51,13.82,20.0,-30.9
2025-07-14 09:29:00,M0034,OP0002,T00483,,,2.76,13.82,0.2,0.01,0.25,2.51,13.82,20.0,-30.9
2025-07-14 09:41:00,M0034,OP0002,T00483,,,2.76,13.82,0.2,0.01,0.25,2.51,13.82,20.0,-30.9
2025-07-14 09:53:00,M0034,OP0002,T00483,,,2.76,13.82,0.2,0.01,0.25,2.51,13.82,20.0,-30.9
2025-07-14 10:05:00,M0034,OP0002,T00483,,,2.76,13.82,0.2,0.02,0.25,2.51,13.82,20.0,-30.9
2025-07-14 10:17:00,M0034,OP0002,T00483,,,2.76,13.82,0.2,0.01,0.25,2.51,13.82,20.0,-30.9
2025-07-14 10:29:00,M0034,OP0002,T00483,,,2.76,13.82,0.2,0.01,0.25,2.51,13.82,20.0,-30.9
2025-07-14 10:41:00,M0034,OP0002,T00483,,,2.76,13.82,0.2,0.02,0.25,2.51,13.82,20.0,-30.9
2025-07-14 10:53:00,M0034,OP0002,T00483,,,2.76,13.82,0.2,0.01,0.25,2.51,13.82,20.0,-30.9
2025-07-14 11:05:00,M0034,OP0002,T00483,,,2.76,13.82,0.2,0.01,0.25,2.51,13.82,20.0,-30.9
2025-07-14 11:17:00,M0034,OP0002,T00483,,,2.76,13.82,0.2,0.02,0.25,2.51,13.82,20.0,-30.9
2025-07-14 11:29:00,M0034,OP0002,T00483,,,2.76,13.82,0.2,0.01,0.25,2.51,13.82,20.0,-30.9
2025-07-14 11:41:00,M0034,OP0002,T00483,,,2.76,13.82,0.2,0.01,0.25,2.51,13.82,20.0,-30.9
2025-07-14 11:53:00,M0034,OP0002,T00483,,,2.76,13.82,0.2,0.01,0.25,2.51,13.82,20.0,-30.9
2025-07-14 12:05:00,M0034,OP0002,T00483,,,2.76,13.82,0.2,0.01,0.25,2.51,13.82,20.0,-30.9
2025-07-14 12:17:00,M0034,OP0002,T00483,,,2.76,13.82,0.2,0.01,0.25,2.51,13.82,20.0,-30.9
2025-09-02 14:21:00,M0034,OP0006,T00484,562.9,,3.94,19.69,0.2,0.02,0.08,3.86,19.69,20.0,-1.5
2025-09-02 14:33:00,M0034,OP0006,T00484,,,3.94,19.69,0.2,0.03,0.08,3.86,19.69,20.0,-1.5
2025-09-02 14:45:00,M0034,OP0006,T00484,,,3.94,19.69,0.2,0.03,0.08,3.86,19.69,20.0,-1.5
2025-09-02 14:57:00,M0034,OP0006,T00484,,,3.94,19.69,0.2,0.04,0.08,3.86,19.69,20.0,-1.5
2025-09-02 15:09:00,M0034,OP0006,T00484,,,3.94,19.69,0.2,0.04,0.08,3.86,19.69,20.0,-1.5
2025-09-02 15:21:00,M0034,OP0006,T00484,,,3.94,19.69,0.2,0.03,0.08,3.86,19.69,20.0,-1.5
2025-09-02 15:33:00,M0034,OP0006,T00484,,,3.94,19.69,0.2,0.03,0.08,3.86,19.69,20.0,-1.5
2025-09-02 15:45:00,M0034,OP0006,T00484,,,3.94,19.69,0.2,0.03,0.08,3.86,19.69,20.0,-1.5
2025-09-02 15:57:00,M0034,OP0006,T00484,,,3.94,19.69,0.2,0.04,0.08,3.86,19.69,20.0,-1.5
2025-09-02 16:09:00,M0034,OP0006,T00484,,,3.94,19.69,0.2,0.03,0.08,3.86,19.69,20.0,-1.5
2025-09-02 16:21:00,M0034,OP0006,T00484,,,3.94,19.69,0.2,0.03,0.08,3.86,19.69,20.0,-1.5
2025-09-02 16:33:00,M0034,OP0006,T00484,,,3.94,19.69,0.2,0.02,0.08,3.86,19.69,20.0,-1.5
2025-09-02 16:45:00,M0034,OP0006,T00484,,,3.94,19.69,0.2,0.02,0.08,3.86,19.69,20.0,-1.5
2025-09-02 16:57:00,M0034,OP0006,T00484,,,3.94,19.69,0.2,0.03,0.08,3.86,19.69,20.0,-1.5
2025-09-02 17:09:00,M0034,OP0006,T00484,,,3.94,19.69,0.2,0.03,0.08,3.86,19.69,20.0,-1.5
2025-09-02 17:21:00,M0034,OP0006,T00484,,,3.94,19.69,0.2,0.02,0.08,3.86,19.69,20.0,-1.5
2025-09-02 17:33:00,M0034,OP0006,T00484,,,3.94,19.69,0.2,0.03,0.08,3.86,19.69,20.0,-1.5
2025-09-02 17:45:00,M0034,OP0006,T00484,,,3.94,19.69,0.2,0.03,0.08,3.86,19.69,20.0,-1.5
2025-09-02 17:57:00,M0034,OP0006,T00484,,,3.94,19.69,0.2,0.02,0.08,3.86,19.69,20.0,-1.5
2025-09-02 18:09:00,M0034,OP0006,T00484,,,3.94,19.69,0.2,0.04,0.08,3.86,19.69,20.0,-1.5
2025-06-29 11:14:00,M0022,OP0048,T00487,330.5,,4.56,22.81,0.2,0.02,0.13,4.43,22.81,28.0,-18.5
2025-06-29 11:26:00,M0022,OP0048,T00487,,,4.56,22.81,0.2,0.03,0.13,4.43,22.81,28.0,-18.5
2025-06-29 11:38:00,M0022,OP0048,T00487,,,4.56,22.81,0.2,0.02,0.13,4.43,22.81,28.0,-18.5
2025-06-29 11:50:00,M0022,OP0048,T00487,,,4.56,22.81,0.2,0.03,0.13,4.43,22.81,28.0,-18.5
2025-06-29 12:02:00,M0022,OP0048,T00487,,,4.56,22.81,0.2,0.02,0.13,4.43,22.81,28.0,-18.5
2025-06-29 12:14:00,M0022,OP0048,T00487,,,4.56,22.81,0.2,0.03,0.13,4.43,22.81,28.0,-18.5
2025-06-29 12:26:00,M0022,OP0048,T00487,,,4.56,22.81,0.2,0.02,0.13,4.43,22.81,28.0,-18.5
2025-06-29 12:38:00,M0022,OP0048,T00487,,,4.56,22.81,0.2,0.02,0.13,4.43,22.81,28.0,-18.5
2025-06-29 12:50:00,M0022,OP0048,T00487,,,4.56,22.81,0.2,0.02,0.13,4.43,22.81,28.0,-18.5
2025-06-29 13:02:00,M0022,OP0048,T00487,,,4.56,22.81,0.2,0.02,0.13,4.43,22.81,28.0,-18.5
2025-06-29 13:14:00,M0022,OP0048,T00487,,,4.56,22.81,0.2,0.03,0.13,4.43,22.81,28.0,-18.5
2025-06-29 13:26:00,M0022,OP0048,T00487,,,4.56,22.81,0.2,0.02,0.13,4.43,22.81,28.0,-18.5
2025-06-29 13:38:00,M0022,OP0048,T00487,,,4.56,22.81,0.2,0.03,0.13,4.43,22.81,28.0,-18.5
2025-06-29 13:50:00,M0022,OP0048,T00487,,,4.56,22.81,0.2,0.02,0.13,4.43,22.81,28.0,-18.5
2025-06-29 14:02:00,M0022,OP0048,T00487,,,4.56,22.81,0.2,0.02,0.13,4.43,22.81,28.0,-18.5
2025-06-29 14:14:00,M0022,OP0048,T00487,,,4.56,22.81,0.2,0.02,0.13,4.43,22.81,28.0,-18.5
2025-06-29 14:26:00,M0022,OP0048,T00487,,,4.56,22.81,0.2,0.02,0.13,4.43,22.81,28.0,-18.5
2025-06-29 14:38:00,M0022,OP0048,T00487,,,4.56,22.81,0.2,0.03,0.13,4.43,22.81,28.0,-18.5
2025-06-29 14:50:00,M0022,OP0048,T00487,,,4.56,22.81,0.2,0.02,0.13,4.43,22.81,28.0,-18.5
2025-06-29 15:02:00,M0022,OP0048,T00487,,,4.56,22.81,0.2,0.02,0.13,4.43,22.81,28.0,-18.5
2025-08-22 09:00:00,M0021,OP0042,T00488,346.8,,2.1,10.5,0.2,0.02,0.13,1.97,10.5,14.5,-27.6
2025-08-22 09:12:00,M0021,OP0042,T00488,,,2.1,10.5,0.2,0.04,0.13,1.97,10.5,14.5,-27.6
2025-08-22 09:24:00,M0021,OP0042,T00488,,,2.1,10.5,0.2,0.04,0.13,1.97,10.5,14.5,-27.6
2025-08-22 09:36:00,M0021,OP0042,T00488,,,2.1,10.5,0.2,0.03,0.13,1.97,10.5,14.5,-27.6
2025-08-22 09:48:00,M0021,OP0042,T00488,,,2.1,10.5,0.2,0.04,0.13,1.97,10.5,14.5,-27.6
2025-08-22 10:00:00,M0021,OP0042,T00488,,,2.1,10.5,0.2,0.03,0.13,1.97,10.5,14.5,-27.6
2025-08-22 10:12:00,M0021,OP0042,T00488,,,0.18,10.5,0.02,0.0,0.01,0.16,10.5,14.5,-27.6
2025-01-12 15:04:00,M0010,OP0033,T00490,316.4,,4.12,20.62,0.2,0.03,0.18,3.94,20.62,28.0,-26.3
2025-01-12 15:16:00,M0010,OP0033,T00490,,,4.12,20.62,0.2,0.03,0.18,3.94,20.62,28.0,-26.3
2025-01-12 15:28:00,M0010,OP0033,T00490,,,4.12,20.62,0.2,0.03,0.18,3.94,20.62,28.0,-26.3
2025-01-12 15:40:00,M0010,OP0033,T00490,,,4.12,20.62,0.2,0.03,0.18,3.94,20.62,28.0,-26.3
2025-01-12 15:52:00,M0010,OP0033,T00490,,,4.12,20.62,0.2,0.04,0.18,3.94,20.62,28.0,-26.3
2025-01-12 16:04:00,M0010,OP0033,T00490,,,4.12,20.62,0.2,0.04,0.18,3.94,20.62,28.0,-26.3
2025-01-12 16:16:00,M0010,OP0033,T00490,,,4.12,20.62,0.2,0.05,0.18,3.94,20.62,28.0,-26.3
2025-01-12 16:28:00,M0010,OP0033,T00490,,,4.12,20.62,0.2,0.03,0.18,3.94,20.62,28.0,-26.3
2025-01-12 16:40:00,M0010,OP0033,T00490,,,4.12,20.62,0.2,0.03,0.18,3.94,20.62,28.0,-26.3
2025-01-12 16:52:00,M0010,OP0033,T00490,,,4.12,20.62,0.2,0.05,0.18,3.94,20.62,28.0,-26.3
2025-01-12 17:04:00,M0010,OP0033,T00490,,,4.12,20.62,0.2,0.03,0.18,3.94,20.62,28.0,-26.3
2025-01-12 17:16:00,M0010,OP0033,T00490,,,4.12,20.62,0.2,0.03,0.18,3.94,20.62,28.0,-26.3
2025-01-12 17:28:00,M0010,OP0033,T00490,,,4.12,20.62,0.2,0.03,0.18,3.94,20.62,28.0,-26.3
2025-01-12 17:40:00,M0010,OP0033,T00490,,,4.12,20.62,0.2,0.04,0.18,3.94,20.62,28.0,-26.3
2025-01-12 17:52:00,M0010,OP0033,T00490,,,4.12,20.62,0.2,0.04,0.18,3.94,20.62,28.0,-26.3
2025-01-12 18:04:00,M0010,OP0033,T00490,,,4.12,20.62,0.2,0.04,0.18,3.94,20.62,28.0,-26.3
2025-01-12 18:16:00,M0010,OP0033,T00490,,,4.12,20.62,0.2,0.04,0.18,3.94,20.62,28.0,-26.3
2025-01-12 18:28:00,M0010,OP0033,T00490,,,4.12,20.62,0.2,0.04,0.18,3.94,20.62,28.0,-26.3
2025-01-12 18:40:00,M0010,OP0033,T00490,,,4.12,20.62,0.2,0.05,0.18,3.94,20.62,28.0,-26.3
2025-01-12 18:52:00,M0010,OP0033,T00490,,,4.12,20.62,0.2,0.04,0.18,3.94,20.62,28.0,-26.3
2025-05-01 15:22:00,M0012,OP0028,T00492,522.6,,4.46,22.31,0.2,0.05,0.12,4.34,22.31,28.0,-20.3
2025-05-01 15:34:00,M0012,OP0028,T00492,,,4.46,22.31,0.2,0.06,0.12,4.34,22.31,28.0,-20.3
2025-05-01 15:46:00,M0012,OP0028,T00492,,,4.46,22.31,0.2,0.04,0.12,4.34,22.31,28.0,-20.3
2025-05-01 15:58:00,M0012,OP0028,T00492,,,4.46,22.31,0.2,0.06,0.12,4.34,22.31,28.0,-20.3
2025-05-01 16:10:00,M0012,OP0028,T00492,,,4.46,22.31,0.2,0.04,0.12,4.34,22.31,28.0,-20.3
2025-05-01 16:22:00,M0012,OP0028,T00492,,,4.46,22.31,0.2,0.04,0.12,4.34,22.31,28.0,-20.3
2025-05-01 16:34:00,M0012,OP0028,T00492,,,4.46,22.31,0.2,0.04,0.12,4.34,22.31,28.0,-20.3
2025-05-01 16:46:00,M0012,OP0028,T00492,,,4.46,22.31,0.2,0.05,0.12,4.34,22.31,28.0,-20.3
2025-05-01 16:58:00,M0012,OP0028,T00492,,,4.46,22.31,0.2,0.05,0.12,4.34,22.31,28.0,-20.3
2025-06-12 10:53:00,M0031,OP0021,T00493,181.8,,2.96,14.82,0.2,0.02,0.16,2.8,14.82,19.5,-24.0
2025-06-12 11:05:00,M0031,OP0021,T00493,,,2.96,14.82,0.2,0.02,0.16,2.8,14.82,19.5,-24.0
2025-06-12 11:17:00,M0031,OP0021,T00493,,,2.96,14.82,0.2,0.03,0.16,2.8,14.82,19.5,-24.0
2025-06-12 11:29:00,M0031,OP0021,T00493,,,2.96,14.82,0.2,0.02,0.16,2.8,14.82,19.5,-24.0
2025-06-12 11:41:00,M0031,OP0021,T00493,,,2.96,14.82,0.2,0.02,0.16,2.8,14.82,19.5,-24.0
2025-06-12 11:53:00,M0031,OP0021,T00493,,,2.96,14.82,0.2,0.02,0.16,2.8,14.82,19.5,-24.0
2025-06-12 12:05:00,M0031,OP0021,T00493,,,2.96,14.82,0.2,0.03,0.16,2.8,14.82,19.5,-24.0
2025-06-12 12:17:00,M0031,OP0021,T00493,,,2.96,14.82,0.2,0.03,0.16,2.8,14.82,19.5,-24.0
2025-06-12 12:29:00,M0031,OP0021,T00493,,,2.96,14.82,0.2,0.02,0.16,2.8,14.82,19.5,-24.0
2025-06-12 12:41:00,M0031,OP0021,T00493,,,2.96,14.82,0.2,0.02,0.16,2.8,14.82,19.5,-24.0
2025-06-12 12:53:00,M0031,OP0021,T00493,,,2.96,14.82,0.2,0.02,0.16,2.8,14.82,19.5,-24.0
2025-06-12 13:05:00,M0031,OP0021,T00493,,,2.96,14.82,0.2,0.03,0.16,2.8,14.82,19.5,-24.0
2025-06-12 13:17:00,M0031,OP0021,T00493,,,2.96,14.82,0.2,0.03,0.16,2.8,14.82,19.5,-24.0
2025-06-12 13:29:00,M0031,OP0021,T00493,,,2.96,14.82,0.2,0.03,0.16,2.8,14.82,19.5,-24.0
2025-06-12 13:41:00,M0031,OP0021,T00493,,,2.96,14.82,0.2,0.03,0.16,2.8,14.82,19.5,-24.0
2025-06-12 13:53:00,M0031,OP0021,T00493,,,2.96,14.82,0.2,0.02,0.16,2.8,14.82,19.5,-24.0
2025-06-12 14:05:00,M0031,OP0021,T00493,,,2.96,14.82,0.2,0.03,0.16,2.8,14.82,19.5,-24.0
2025-06-12 14:17:00,M0031,OP0021,T00493,,,2.96,14.82,0.2,0.03,0.16,2.8,14.82,19.5,-24.0
2025-06-12 14:29:00,M0031,OP0021,T00493,,,2.96,14.82,0.2,0.03,0.16,2.8,14.82,19.5,-24.0
2025-06-12 14:41:00,M0031,OP0021,T00493,,,2.96,14.82,0.2,0.02,0.16,2.8,14.82,19.5,-24.0
2025-08-21 08:45:00,M0022,OP0035,T00494,359.0,,4.05,20.24,0.2,0.0,0.18,3.87,20.24,28.0,-27.7
2025-08-21 08:57:00,M0022,OP0035,T00494,,,4.05,20.24,0.2,0.0,0.18,3.87,20.24,28.0,-27.7
2025-08-21 09:09:00,M0022,OP0035,T00494,,,4.05,20.24,0.2,0.0,0.18,3.87,20.24,28.0,-27.7
2025-08-21 09:21:00,M0022,OP0035,T00494,,,4.05,20.24,0.2,0.0,0.18,3.87,20.24,28.0,-27.7
2025-08-21 09:33:00,M0022,OP0035,T00494,,,4.05,20.24,0.2,0.0,0.18,3.87,20.24,28.0,-27.7
2025-08-21 09:45:00,M0022,OP0035,T00494,,,4.05,20.24,0.2,0.0,0.18,3.87,20.24,28.0,-27.7
2025-08-21 09:57:00,M0022,OP0035,T00494,,,4.05,20.24,0.2,0.0,0.18,3.87,20.24,28.0,-27.7
2025-08-21 10:09:00,M0022,OP0035,T00494,,,4.05,20.24,0.2,0.0,0.18,3.87,20.24,28.0,-27.7
2025-08-21 10:21:00,M0022,OP0035,T00494,,,4.05,20.24,0.2,0.0,0.18,3.87,20.24,28.0,-27.7
2025-08-21 10:33:00,M0022,OP0035,T00494,,,4.05,20.24,0.2,0.0,0.18,3.87,20.24,28.0,-27.7
2025-08-21 10:45:00,M0022,OP0035,T00494,,,4.05,20.24,0.2,0.0,0.18,3.87,20.24,28.0,-27.7
2025-08-21 10:57:00,M0022,OP0035,T00494,,,4.05,20.24,0.2,0.0,0.18,3.87,20.24,28.0,-27.7
2025-08-21 11:09:00,M0022,OP0035,T00494,,,4.05,20.24,0.2,0.0,0.18,3.87,20.24,28.0,-27.7
2025-08-21 11:21:00,M0022,OP0035,T00494,,,4.05,20.24,0.2,0.0,0.18,3.87,20.24,28.0,-27.7
2025-08-21 11:33:00,M0022,OP0035,T00494,,,4.05,20.24,0.2,0.0,0.18,3.87,20.24,28.0,-27.7
2025-08-21 11:45:00,M0022,OP0035,T00494,,,4.05,20.24,0.2,0.0,0.18,3.87,20.24,28.0,-27.7
2025-08-21 11:57:00,M0022,OP0035,T00494,,,4.05,20.24,0.2,0.0,0.18,3.87,20.24,28.0,-27.7
2025-08-21 12:09:00,M0022,OP0035,T00494,,,4.05,20.24,0.2,0.0,0.18,3.87,20.24,28.0,-27.7
2025-08-21 12:21:00,M0022,OP0035,T00494,,,0.67,20.24,0.03,0.0,0.03,0.65,20.24,28.0,-27.7
2025-01-07 11:18:00,M0021,OP0052,T00495,214.3,,2.66,13.32,0.2,0.03,0.07,2.6,13.32,14.5,-8.1
2025-01-07 11:30:00,M0021,OP0052,T00495,,,2.66,13.32,0.2,0.03,0.07,2.6,13.32,14.5,-8.1
2025-01-07 11:42:00,M0021,OP0052,T00495,,,2.66,13.32,0.2,0.04,0.07,2.6,13.32,14.5,-8.1
2025-01-07 11:54:00,M0021,OP0052,T00495,,,2.66,13.32,0.2,0.04,0.07,2.6,13.32,14.5,-8.1
2025-01-07 12:06:00,M0021,OP0052,T00495,,,2.66,13.32,0.2,0.03,0.07,2.6,13.32,14.5,-8.1
2025-01-07 12:18:00,M0021,OP0052,T00495,,,2.66,13.32,0.2,0.03,0.07,2.6,13.32,14.5,-8.1
2025-01-07 12:30:00,M0021,OP0052,T00495,,,2.66,13.32,0.2,0.04,0.07,2.6,13.32,14.5,-8.1
2025-01-07 12:42:00,M0021,OP0052,T00495,,,2.66,13.32,0.2,0.03,0.07,2.6,13.32,14.5,-8.1
2025-01-07 12:54:00,M0021,OP0052,T00495,,,2.66,13.32,0.2,0.04,0.07,2.6,13.32,14.5,-8.1
2025-01-07 13:06:00,M0021,OP0052,T00495,,,2.66,13.32,0.2,0.04,0.07,2.6,13.32,14.5,-8.1
2025-01-07 13:18:00,M0021,OP0052,T00495,,,2.66,13.32,0.2,0.04,0.07,2.6,13.32,14.5,-8.1
2025-01-07 13:30:00,M0021,OP0052,T00495,,,2.66,13.32,0.2,0.02,0.07,2.6,13.32,14.5,-8.1
2025-01-07 13:42:00,M0021,OP0052,T00495,,,2.66,13.32,0.2,0.03,0.07,2.6,13.32,14.5,-8.1
2025-01-07 13:54:00,M0021,OP0052,T00495,,,2.66,13.32,0.2,0.04,0.07,2.6,13.32,14.5,-8.1
2025-01-07 14:06:00,M0021,OP0052,T00495,,,2.66,13.32,0.2,0.04,0.07,2.6,13.32,14.5,-8.1
2025-01-07 14:18:00,M0021,OP0052,T00495,,,2.66,13.32,0.2,0.03,0.07,2.6,13.32,14.5,-8.1
2025-01-07 14:30:00,M0021,OP0052,T00495,,,2.66,13.32,0.2,0.03,0.07,2.6,13.32,14.5,-8.1
2025-01-07 14:42:00,M0021,OP0052,T00495,,,2.66,13.32,0.2,0.03,0.07,2.6,13.32,14.5,-8.1
2025-01-07 14:54:00,M0021,OP0052,T00495,,,2.66,13.32,0.2,0.03,0.07,2.6,13.32,14.5,-8.1
2025-01-07 15:06:00,M0021,OP0052,T00495,,,2.66,13.32,0.2,0.03,0.07,2.6,13.32,14.5,-8.1
2025-01-19 11:10:00,M0042,OP0048,T00496,406.0,,3.99,19.96,0.2,0.02,0.19,3.8,19.96,25.0,-20.2
2025-01-19 11:22:00,M0042,OP0048,T00496,,,3.99,19.96,0.2,0.03,0.19,3.8,19.96,25.0,-20.2
2025-01-19 11:34:00,M0042,OP0048,T00496,,,3.99,19.96,0.2,0.03,0.19,3.8,19.96,25.0,-20.2
2025-01-19 11:46:00,M0042,OP0048,T00496,,,3.99,19.96,0.2,0.02,0.19,3.8,19.96,25.0,-20.2
2025-01-19 11:58:00,M0042,OP0048,T00496,,,3.99,19.96,0.2,0.03,0.19,3.8,19.96,25.0,-20.2
2025-01-19 12:10:00,M0042,OP0048,T00496,,,3.99,19.96,0.2,0.02,0.19,3.8,19.96,25.0,-20.2
2025-01-19 12:22:00,M0042,OP0048,T00496,,,3.99,19.96,0.2,0.02,0.19,3.8,19.96,25.0,-20.2
2025-01-19 12:34:00,M0042,OP0048,T00496,,,3.99,19.96,0.2,0.02,0.19,3.8,19.96,25.0,-20.2
2025-01-19 12:46:00,M0042,OP0048,T00496,,,3.99,19.96,0.2,0.03,0.19,3.8,19.96,25.0,-20.2
2025-01-19 12:58:00,M0042,OP0048,T00496,,,3.99,19.96,0.2,0.03,0.19,3.8,19.96,25.0,-20.2
2025-01-19 13:10:00,M0042,OP0048,T00496,,,3.99,19.96,0.2,0.02,0.19,3.8,19.96,25.0,-20.2
2025-01-19 13:22:00,M0042,OP0048,T00496,,,3.99,19.96,0.2,0.02,0.19,3.8,19.96,25.0,-20.2
2025-01-19 13:34:00,M0042,OP0048,T00496,,,3.99,19.96,0.2,0.03,0.19,3.8,19.96,25.0,-20.2
2025-01-19 13:46:00,M0042,OP0048,T00496,,,3.99,19.96,0.2,0.03,0.19,3.8,19.96,25.0,-20.2
2025-01-19 13:58:00,M0042,OP0048,T00496,,,3.99,19.96,0.2,0.03,0.19,3.8,19.96,25.0,-20.2
2025-01-19 14:10:00,M0042,OP0048,T00496,,,3.99,19.96,0.2,0.03,0.19,3.8,19.96,25.0,-20.2
2025-01-19 14:22:00,M0042,OP0048,T00496,,,3.99,19.96,0.2,0.02,0.19,3.8,19.96,25.0,-20.2
2025-01-19 14:34:00,M0042,OP0048,T00496,,,3.99,19.96,0.2,0.02,0.19,3.8,19.96,25.0,-20.2
2025-01-19 14:46:00,M0042,OP0048,T00496,,,3.99,19.96,0.2,0.02,0.19,3.8,19.96,25.0,-20.2
2025-01-19 14:58:00,M0042,OP0048,T00496,,,3.99,19.96,0.2,0.03,0.19,3.8,19.96,25.0,-20.2
2025-09-27 11:24:00,M0023,OP0034,T00498,476.2,,2.82,14.08,0.2,0.03,0.14,2.68,14.08,19.5,-27.8
2025-09-27 11:36:00,M0023,OP0034,T00498,,,2.82,14.08,0.2,0.03,0.14,2.68,14.08,19.5,-27.8
2025-09-27 11:48:00,M0023,OP0034,T00498,,,2.82,14.08,0.2,0.02,0.14,2.68,14.08,19.5,-27.8
2025-09-27 12:00:00,M0023,OP0034,T00498,,,2.82,14.08,0.2,0.03,0.14,2.68,14.08,19.5,-27.8
2025-09-27 12:12:00,M0023,OP0034,T00498,,,2.82,14.08,0.2,0.02,0.14,2.68,14.08,19.5,-27.8
2025-09-27 12:24:00,M0023,OP0034,T00498,,,2.82,14.08,0.2,0.02,0.14,2.68,14.08,19.5,-27.8
2025-09-27 12:36:00,M0023,OP0034,T00498,,,2.82,14.08,0.2,0.02,0.14,2.68,14.08,19.5,-27.8
2025-09-27 12:48:00,M0023,OP0034,T00498,,,2.82,14.08,0.2,0.02,0.14,2.68,14.08,19.5,-27.8
2025-09-27 13:00:00,M0023,OP0034,T00498,,,2.82,14.08,0.2,0.02,0.14,2.68,14.08,19.5,-27.8
2025-09-27 13:12:00,M0023,OP0034,T00498,,,2.82,14.08,0.2,0.03,0.14,2.68,14.08,19.5,-27.8
2025-09-27 13:24:00,M0023,OP0034,T00498,,,2.82,14.08,0.2,0.02,0.14,2.68,14.08,19.5,-27.8
2025-09-27 13:36:00,M0023,OP0034,T00498,,,2.82,14.08,0.2,0.02,0.14,2.68,14.08,19.5,-27.8
2025-09-27 13:48:00,M0023,OP0034,T00498,,,2.82,14.08,0.2,0.02,0.14,2.68,14.08,19.5,-27.8
2025-09-27 14:00:00,M0023,OP0034,T00498,,,2.82,14.08,0.2,0.02,0.14,2.68,14.08,19.5,-27.8
2025-09-27 14:12:00,M0023,OP0034,T00498,,,2.82,14.08,0.2,0.03,0.14,2.68,14.08,19.5,-27.8
2025-09-27 14:24:00,M0023,OP0034,T00498,,,2.82,14.08,0.2,0.02,0.14,2.68,14.08,19.5,-27.8
2025-09-27 14:36:00,M0023,OP0034,T00498,,,2.82,14.08,0.2,0.02,0.14,2.68,14.08,19.5,-27.8
2025-09-27 14:48:00,M0023,OP0034,T00498,,,2.82,14.08,0.2,0.02,0.14,2.68,14.08,19.5,-27.8
2025-09-27 15:00:00,M0023,OP0034,T00498,,,2.82,14.08,0.2,0.03,0.14,2.68,14.08,19.5,-27.8
2025-09-27 15:12:00,M0023,OP0034,T00498,,,2.82,14.08,0.2,0.02,0.14,2.68,14.08,19.5,-27.8
2025-08-15 15:13:00,M0007,OP0014,T00499,236.6,,1.66,8.29,0.2,0.03,0.12,1.53,8.29,12.0,-30.9
2025-08-15 15:25:00,M0007,OP0014,T00499,,,1.66,8.29,0.2,0.02,0.12,1.53,8.29,12.0,-30.9
2025-08-15 15:37:00,M0007,OP0014,T00499,,,1.66,8.29,0.2,0.03,0.12,1.53,8.29,12.0,-30.9
2025-08-15 15:49:00,M0007,OP0014,T00499,,,1.66,8.29,0.2,0.03,0.12,1.53,8.29,12.0,-30.9
2025-08-15 16:01:00,M0007,OP0014,T00499,,,1.66,8.29,0.2,0.02,0.12,1.53,8.29,12.0,-30.9
2025-08-15 16:13:00,M0007,OP0014,T00499,,,1.66,8.29,0.2,0.03,0.12,1.53,8.29,12.0,-30.9
2025-08-15 16:25:00,M0007,OP0014,T00499,,,1.38,8.29,0.17,0.03,0.1,1.28,8.29,12.0,-30.9
2025-07-28 11:13:00,M0034,OP0021,T00500,564.5,,3.05,15.23,0.2,0.07,0.22,2.82,15.23,20.0,-23.8
2025-07-28 11:25:00,M0034,OP0021,T00500,,,3.05,15.23,0.2,0.05,0.22,2.82,15.23,20.0,-23.8
2025-07-28 11:37:00,M0034,OP0021,T00500,,,3.05,15.23,0.2,0.04,0.22,2.82,15.23,20.0,-23.8
2025-07-28 11:49:00,M0034,OP0021,T00500,,,3.05,15.23,0.2,0.07,0.22,2.82,15.23,20.0,-23.8
2025-07-28 12:01:00,M0034,OP0021,T00500,,,3.05,15.23,0.2,0.04,0.22,2.82,15.23,20.0,-23.8
2025-07-28 12:13:00,M0034,OP0021,T00500,,,3.05,15.23,0.2,0.05,0.22,2.82,15.23,20.0,-23.8
2025-07-28 12:25:00,M0034,OP0021,T00500,,,3.05,15.23,0.2,0.04,0.22,2.82,15.23,20.0,-23.8
2025-07-28 12:37:00,M0034,OP0021,T00500,,,3.05,15.23,0.2,0.05,0.22,2.82,15.23,20.0,-23.8
2025-07-28 12:49:00,M0034,OP0021,T00500,,,3.05,15.23,0.2,0.06,0.22,2.82,15.23,20.0,-23.8
2025-07-28 13:01:00,M0034,OP0021,T00500,,,3.05,15.23,0.2,0.05,0.22,2.82,15.23,20.0,-23.8
2025-07-28 13:13:00,M0034,OP0021,T00500,,,3.05,15.23,0.2,0.05,0.22,2.82,15.23,20.0,-23.8
2025-07-28 13:25:00,M0034,OP0021,T00500,,,3.05,15.23,0.2,0.04,0.22,2.82,15.23,20.0,-23.8
2025-07-28 13:37:00,M0034,OP0021,T00500,,,3.05,15.23,0.2,0.06,0.22,2.82,15.23,20.0,-23.8
2025-07-28 13:49:00,M0034,OP0021,T00500,,,3.05,15.23,0.2,0.05,0.22,2.82,15.23,20.0,-23.8
2025-07-28 14:01:00,M0034,OP0021,T00500,,,3.05,15.23,0.2,0.05,0.22,2.82,15.23,20.0,-23.8
2025-07-28 14:13:00,M0034,OP0021,T00500,,,3.05,15.23,0.2,0.04,0.22,2.82,15.23,20.0,-23.8
2025-07-28 14:25:00,M0034,OP0021,T00500,,,3.05,15.23,0.2,0.07,0.22,2.82,15.23,20.0,-23.8
2025-07-28 14:37:00,M0034,OP0021,T00500,,,1.78,15.23,0.12,0.04,0.13,1.65,15.23,20.0,-23.8
2025-03-18 10:01:00,M0029,OP0051,T00501,308.7,,2.95,14.75,0.2,0.04,0.41,2.53,14.75,25.0,-41.0
2025-03-18 10:13:00,M0029,OP0051,T00501,,,2.95,14.75,0.2,0.04,0.41,2.53,14.75,25.0,-41.0
2025-03-18 10:25:00,M0029,OP0051,T00501,,,2.95,14.75,0.2,0.04,0.41,2.53,14.75,25.0,-41.0
2025-03-18 10:37:00,M0029,OP0051,T00501,,,2.95,14.75,0.2,0.03,0.41,2.53,14.75,25.0,-41.0
2025-03-18 10:49:00,M0029,OP0051,T00501,,,1.97,14.75,0.13,0.03,0.28,1.69,14.75,25.0,-41.0
2025-08-13 13:13:00,M0002,OP0031,T00502,449.2,,3.56,17.82,0.2,0.01,0.12,3.44,17.82,19.5,-8.6
2025-08-13 13:25:00,M0002,OP0031,T00502,,,3.56,17.82,0.2,0.01,0.12,3.44,17.82,19.5,-8.6
2025-08-13 13:37:00,M0002,OP0031,T00502,,,3.56,17.82,0.2,0.01,0.12,3.44,17.82,19.5,-8.6
2025-08-13 13:49:00,M0002,OP0031,T00502,,,3.56,17.82,0.2,0.01,0.12,3.44,17.82,19.5,-8.6
2025-08-13 14:01:00,M0002,OP0031,T00502,,,3.56,17.82,0.2,0.01,0.12,3.44,17.82,19.5,-8.6
2025-08-13 14:13:00,M0002,OP0031,T00502,,,3.56,17.82,0.2,0.01,0.12,3.44,17.82,19.5,-8.6
2025-08-13 14:25:00,M0002,OP0031,T00502,,,3.56,17.82,0.2,0.01,0.12,3.44,17.82,19.5,-8.6
2025-08-13 14:37:00,M0002,OP0031,T00502,,,3.56,17.82,0.2,0.01,0.12,3.44,17.82,19.5,-8.6
2025-08-13 14:49:00,M0002,OP0031,T00502,,,3.56,17.82,0.2,0.01,0.12,3.44,17.82,19.5,-8.6
2025-08-13 15:01:00,M0002,OP0031,T00502,,,3.56,17.82,0.2,0.01,0.12,3.44,17.82,19.5,-8.6
2025-08-13 15:13:00,M0002,OP0031,T00502,,,3.56,17.82,0.2,0.01,0.12,3.44,17.82,19.5,-8.6
2025-08-13 15:25:00,M0002,OP0031,T00502,,,3.56,17.82,0.2,0.01,0.12,3.44,17.82,19.5,-8.6
2025-08-13 15:37:00,M0002,OP0031,T00502,,,3.56,17.82,0.2,0.01,0.12,3.44,17.82,19.5,-8.6
2025-08-13 15:49:00,M0002,OP0031,T00502,,,3.56,17.82,0.2,0.01,0.12,3.44,17.82,19.5,-8.6
2025-08-13 16:01:00,M0002,OP0031,T00502,,,3.56,17.82,0.2,0.01,0.12,3.44,17.82,19.5,-8.6
2025-08-13 16:13:00,M0002,OP0031,T00502,,,3.56,17.82,0.2,0.01,0.12,3.44,17.82,19.5,-8.6
2025-08-13 16:25:00,M0002,OP0031,T00502,,,3.56,17.82,0.2,0.01,0.12,3.44,17.82,19.5,-8.6
2025-08-13 16:37:00,M0002,OP0031,T00502,,,3.56,17.82,0.2,0.01,0.12,3.44,17.82,19.5,-8.6
2025-08-13 16:49:00,M0002,OP0031,T00502,,,3.56,17.82,0.2,0.01,0.12,3.44,17.82,19.5,-8.6
2025-08-13 17:01:00,M0002,OP0031,T00502,,,3.56,17.82,0.2,0.01,0.12,3.44,17.82,19.5,-8.6
2025-07-22 14:42:00,M0028,OP0050,T00504,606.9,,3.31,16.55,0.2,0.03,0.06,3.25,16.55,20.0,-17.3
2025-07-22 14:54:00,M0028,OP0050,T00504,,,3.31,16.55,0.2,0.03,0.06,3.25,16.55,20.0,-17.3
2025-07-22 15:06:00,M0028,OP0050,T00504,,,3.31,16.55,0.2,0.03,0.06,3.25,16.55,20.0,-17.3
2025-07-22 15:18:00,M0028,OP0050,T00504,,,1.65,16.55,0.1,0.01,0.03,1.62,16.55,20.0,-17.3
2025-08-28 14:06:00,M0006,OP0053,T00505,149.6,,2.37,11.84,0.2,0.02,0.11,2.25,11.84,10.5,12.8
2025-08-28 14:18:00,M0006,OP0053,T00505,,,2.37,11.84,0.2,0.02,0.11,2.25,11.84,10.5,12.8
2025-08-28 14:30:00,M0006,OP0053,T00505,,,2.37,11.84,0.2,0.03,0.11,2.25,11.84,10.5,12.8
2025-08-28 14:42:00,M0006,OP0053,T00505,,,2.37,11.84,0.2,0.03,0.11,2.25,11.84,10.5,12.8
2025-08-28 14:54:00,M0006,OP0053,T00505,,,2.37,11.84,0.2,0.03,0.11,2.25,11.84,10.5,12.8
2025-08-28 15:06:00,M0006,OP0053,T00505,,,2.37,11.84,0.2,0.02,0.11,2.25,11.84,10.5,12.8
2025-08-28 15:18:00,M0006,OP0053,T00505,,,2.37,11.84,0.2,0.03,0.11,2.25,11.84,10.5,12.8
2025-08-28 15:30:00,M0006,OP0053,T00505,,,2.37,11.84,0.2,0.02,0.11,2.25,11.84,10.5,12.8
2025-08-28 15:42:00,M0006,OP0053,T00505,,,2.37,11.84,0.2,0.02,0.11,2.25,11.84,10.5,12.8
2025-08-28 15:54:00,M0006,OP0053,T00505,,,2.37,11.84,0.2,0.03,0.11,2.25,11.84,10.5,12.8
2025-08-28 16:06:00,M0006,OP0053,T00505,,,2.37,11.84,0.2,0.03,0.11,2.25,11.84,10.5,12.8
2025-08-28 16:18:00,M0006,OP0053,T00505,,,2.37,11.84,0.2,0.03,0.11,2.25,11.84,10.5,12.8
2025-08-28 16:30:00,M0006,OP0053,T00505,,,2.37,11.84,0.2,0.03,0.11,2.25,11.84,10.5,12.8
2025-08-28 16:42:00,M0006,OP0053,T00505,,,2.37,11.84,0.2,0.02,0.11,2.25,11.84,10.5,12.8
2025-08-28 16:54:00,M0006,OP0053,T00505,,,2.37,11.84,0.2,0.03,0.11,2.25,11.84,10.5,12.8
2025-08-28 17:06:00,M0006,OP0053,T00505,,,2.37,11.84,0.2,0.02,0.11,2.25,11.84,10.5,12.8
2025-08-28 17:18:00,M0006,OP0053,T00505,,,2.37,11.84,0.2,0.02,0.11,2.25,11.84,10.5,12.8
2025-08-28 17:30:00,M0006,OP0053,T00505,,,0.39,11.84,0.03,0.0,0.02,0.38,11.84,10.5,12.8
2025-09-29 10:21:00,M0011,OP0020,T00507,150.6,,1.33,6.66,0.2,0.03,0.12,1.21,6.66,10.5,-36.6
2025-09-29 10:33:00,M0011,OP0020,T00507,,,1.33,6.66,0.2,0.03,0.12,1.21,6.66,10.5,-36.6
2025-09-29 10:45:00,M0011,OP0020,T00507,,,1.33,6.66,0.2,0.04,0.12,1.21,6.66,10.5,-36.6
2025-09-29 10:57:00,M0011,OP0020,T00507,,,1.33,6.66,0.2,0.04,0.12,1.21,6.66,10.5,-36.6
2025-09-29 11:09:00,M0011,OP0020,T00507,,,1.33,6.66,0.2,0.05,0.12,1.21,6.66,10.5,-36.6
2025-09-29 11:21:00,M0011,OP0020,T00507,,,1.33,6.66,0.2,0.03,0.12,1.21,6.66,10.5,-36.6
2025-09-29 11:33:00,M0011,OP0020,T00507,,,1.33,6.66,0.2,0.04,0.12,1.21,6.66,10.5,-36.6
2025-09-29 11:45:00,M0011,OP0020,T00507,,,1.33,6.66,0.2,0.03,0.12,1.21,6.66,10.5,-36.6
2025-09-29 11:57:00,M0011,OP0020,T00507,,,1.33,6.66,0.2,0.04,0.12,1.21,6.66,10.5,-36.6
2025-09-29 12:09:00,M0011,OP0020,T00507,,,1.33,6.66,0.2,0.04,0.12,1.21,6.66,10.5,-36.6
2025-09-29 12:21:00,M0011,OP0020,T00507,,,1.33,6.66,0.2,0.03,0.12,1.21,6.66,10.5,-36.6
2025-09-29 12:33:00,M0011,OP0020,T00507,,,1.33,6.66,0.2,0.04,0.12,1.21,6.66,10.5,-36.6
2025-09-29 12:45:00,M0011,OP0020,T00507,,,1.33,6.66,0.2,0.04,0.12,1.21,6.66,10.5,-36.6
2025-09-29 12:57:00,M0011,OP0020,T00507,,,1.33,6.66,0.2,0.03,0.12,1.21,6.66,10.5,-36.6
2025-09-29 13:09:00,M0011,OP0020,T00507,,,1.33,6.66,0.2,0.03,0.12,1.21,6.66,10.5,-36.6
2025-09-29 13:21:00,M0011,OP0020,T00507,,,1.33,6.66,0.2,0.05,0.12,1.21,6.66,10.5,-36.6
2025-09-29 13:33:00,M0011,OP0020,T00507,,,1.33,6.66,0.2,0.03,0.12,1.21,6.66,10.5,-36.6
2025-09-29 13:45:00,M0011,OP0020,T00507,,,1.33,6.66,0.2,0.03,0.12,1.21,6.66,10.5,-36.6
2025-09-29 13:57:00,M0011,OP0020,T00507,,,1.33,6.66,0.2,0.04,0.12,1.21,6.66,10.5,-36.6
2025-09-29 14:09:00,M0011,OP0020,T00507,,,1.33,6.66,0.2,0.04,0.12,1.21,6.66,10.5,-36.6
2025-04-14 08:29:00,M0030,OP0041,T00509,301.9,,3.08,15.39,0.2,0.06,0.16,2.92,15.39,20.0,-23.0
2025-04-14 08:41:00,M0030,OP0041,T00509,,,3.08,15.39,0.2,0.07,0.16,2.92,15.39,20.0,-23.0
2025-04-14 08:53:00,M0030,OP0041,T00509,,,3.08,15.39,0.2,0.04,0.16,2.92,15.39,20.0,-23.0
2025-04-14 09:05:00,M0030,OP0041,T00509,,,3.08,15.39,0.2,0.05,0.16,2.92,15.39,20.0,-23.0
2025-04-14 09:17:00,M0030,OP0041,T00509,,,3.08,15.39,0.2,0.07,0.16,2.92,15.39,20.0,-23.0
2025-04-14 09:29:00,M0030,OP0041,T00509,,,3.08,15.39,0.2,0.06,0.16,2.92,15.39,20.0,-23.0
2025-04-14 09:41:00,M0030,OP0041,T00509,,,3.08,15.39,0.2,0.05,0.16,2.92,15.39,20.0,-23.0
2025-04-14 09:53:00,M0030,OP0041,T00509,,,3.08,15.39,0.2,0.06,0.16,2.92,15.39,20.0,-23.0
2025-04-14 10:05:00,M0030,OP0041,T00509,,,3.08,15.39,0.2,0.06,0.16,2.92,15.39,20.0,-23.0
2025-04-14 10:17:00,M0030,OP0041,T00509,,,3.08,15.39,0.2,0.06,0.16,2.92,15.39,20.0,-23.0
2025-04-14 10:29:00,M0030,OP0041,T00509,,,3.08,15.39,0.2,0.05,0.16,2.92,15.39,20.0,-23.0
2025-04-14 10:41:00,M0030,OP0041,T00509,,,3.08,15.39,0.2,0.06,0.16,2.92,15.39,20.0,-23.0
2025-04-14 10:53:00,M0030,OP0041,T00509,,,3.08,15.39,0.2,0.07,0.16,2.92,15.39,20.0,-23.0
2025-04-14 11:05:00,M0030,OP0041,T00509,,,3.08,15.39,0.2,0.05,0.16,2.92,15.39,20.0,-23.0
2025-04-14 11:17:00,M0030,OP0041,T00509,,,3.08,15.39,0.2,0.06,0.16,2.92,15.39,20.0,-23.0
2025-04-14 11:29:00,M0030,OP0041,T00509,,,3.08,15.39,0.2,0.05,0.16,2.92,15.39,20.0,-23.0
2025-04-14 11:41:00,M0030,OP0041,T00509,,,3.08,15.39,0.2,0.07,0.16,2.92,15.39,20.0,-23.0
2025-04-14 11:53:00,M0030,OP0041,T00509,,,3.08,15.39,0.2,0.06,0.16,2.92,15.39,20.0,-23.0
2025-04-14 12:05:00,M0030,OP0041,T00509,,,3.08,15.39,0.2,0.06,0.16,2.92,15.39,20.0,-23.0
2025-04-14 12:17:00,M0030,OP0041,T00509,,,3.08,15.39,0.2,0.07,0.16,2.92,15.39,20.0,-23.0
2025-05-16 09:59:00,M0038,OP0020,T00510,424.7,,3.41,17.07,0.2,0.04,0.21,3.2,17.07,25.0,-31.7
2025-05-16 10:11:00,M0038,OP0020,T00510,,,3.41,17.07,0.2,0.03,0.21,3.2,17.07,25.0,-31.7
2025-05-16 10:23:00,M0038,OP0020,T00510,,,3.41,17.07,0.2,0.04,0.21,3.2,17.07,25.0,-31.7
2025-05-16 10:35:00,M0038,OP0020,T00510,,,3.41,17.07,0.2,0.03,0.21,3.2,17.07,25.0,-31.7
2025-05-16 10:47:00,M0038,OP0020,T00510,,,3.41,17.07,0.2,0.03,0.21,3.2,17.07,25.0,-31.7
2025-05-16 10:59:00,M0038,OP0020,T00510,,,3.41,17.07,0.2,0.03,0.21,3.2,17.07,25.0,-31.7
2025-05-16 11:11:00,M0038,OP0020,T00510,,,3.41,17.07,0.2,0.04,0.21,3.2,17.07,25.0,-31.7
2025-05-16 11:23:00,M0038,OP0020,T00510,,,3.41,17.07,0.2,0.04,0.21,3.2,17.07,25.0,-31.7
2025-05-16 11:35:00,M0038,OP0020,T00510,,,3.41,17.07,0.2,0.03,0.21,3.2,17.07,25.0,-31.7
2025-05-16 11:47:00,M0038,OP0020,T00510,,,3.41,17.07,0.2,0.03,0.21,3.2,17.07,25.0,-31.7
2025-05-16 11:59:00,M0038,OP0020,T00510,,,3.41,17.07,0.2,0.02,0.21,3.2,17.07,25.0,-31.7
2025-05-16 12:11:00,M0038,OP0020,T00510,,,3.41,17.07,0.2,0.03,0.21,3.2,17.07,25.0,-31.7
2025-05-16 12:23:00,M0038,OP0020,T00510,,,3.41,17.07,0.2,0.04,0.21,3.2,17.07,25.0,-31.7
2025-05-16 12:35:00,M0038,OP0020,T00510,,,3.41,17.07,0.2,0.03,0.21,3.2,17.07,25.0,-31.7
2025-05-16 12:47:00,M0038,OP0020,T00510,,,3.41,17.07,0.2,0.03,0.21,3.2,17.07,25.0,-31.7
2025-05-16 12:59:00,M0038,OP0020,T00510,,,3.41,17.07,0.2,0.03,0.21,3.2,17.07,25.0,-31.7
2025-05-16 13:11:00,M0038,OP0020,T00510,,,3.41,17.07,0.2,0.02,0.21,3.2,17.07,25.0,-31.7
2025-05-16 13:23:00,M0038,OP0020,T00510,,,3.41,17.07,0.2,0.03,0.21,3.2,17.07,25.0,-31.7
2025-05-16 13:35:00,M0038,OP0020,T00510,,,3.41,17.07,0.2,0.03,0.21,3.2,17.07,25.0,-31.7
2025-05-16 13:47:00,M0038,OP0020,T00510,,,1.71,17.07,0.1,0.02,0.1,1.6,17.07,25.0,-31.7
2025-06-29 15:54:00,M0022,OP0050,T00511,447.0,,4.24,21.22,0.2,0.01,0.21,4.04,21.22,28.0,-24.2
2025-06-29 16:06:00,M0022,OP0050,T00511,,,4.24,21.22,0.2,0.01,0.21,4.04,21.22,28.0,-24.2
2025-06-29 16:18:00,M0022,OP0050,T00511,,,4.24,21.22,0.2,0.01,0.21,4.04,21.22,28.0,-24.2
2025-06-29 16:30:00,M0022,OP0050,T00511,,,4.24,21.22,0.2,0.02,0.21,4.04,21.22,28.0,-24.2
2025-06-29 16:42:00,M0022,OP0050,T00511,,,4.24,21.22,0.2,0.01,0.21,4.04,21.22,28.0,-24.2
2025-06-29 16:54:00,M0022,OP0050,T00511,,,4.24,21.22,0.2,0.01,0.21,4.04,21.22,28.0,-24.2
2025-06-29 17:06:00,M0022,OP0050,T00511,,,4.24,21.22,0.2,0.02,0.21,4.04,21.22,28.0,-24.2
2025-06-29 17:18:00,M0022,OP0050,T00511,,,4.24,21.22,0.2,0.01,0.21,4.04,21.22,28.0,-24.2
2025-06-29 17:30:00,M0022,OP0050,T00511,,,4.24,21.22,0.2,0.02,0.21,4.04,21.22,28.0,-24.2
2025-06-29 17:42:00,M0022,OP0050,T00511,,,4.24,21.22,0.2,0.01,0.21,4.04,21.22,28.0,-24.2
2025-06-29 17:54:00,M0022,OP0050,T00511,,,4.24,21.22,0.2,0.01,0.21,4.04,21.22,28.0,-24.2
2025-06-29 18:06:00,M0022,OP0050,T00511,,,4.24,21.22,0.2,0.01,0.21,4.04,21.22,28.0,-24.2
2025-06-29 18:18:00,M0022,OP0050,T00511,,,4.24,21.22,0.2,0.01,0.21,4.04,21.22,28.0,-24.2
2025-06-29 18:30:00,M0022,OP0050,T00511,,,4.24,21.22,0.2,0.01,0.21,4.04,21.22,28.0,-24.2
2025-06-29 18:42:00,M0022,OP0050,T00511,,,4.24,21.22,0.2,0.01,0.21,4.04,21.22,28.0,-24.2
2025-06-29 18:54:00,M0022,OP0050,T00511,,,4.24,21.22,0.2,0.01,0.21,4.04,21.22,28.0,-24.2
2025-06-29 19:06:00,M0022,OP0050,T00511,,,4.24,21.22,0.2,0.01,0.21,4.04,21.22,28.0,-24.2
2025-06-29 19:18:00,M0022,OP0050,T00511,,,4.24,21.22,0.2,0.02,0.21,4.04,21.22,28.0,-24.2
2025-06-29 19:30:00,M0022,OP0050,T00511,,,4.24,21.22,0.2,0.01,0.21,4.04,21.22,28.0,-24.2
2025-06-29 19:42:00,M0022,OP0050,T00511,,,4.24,21.22,0.2,0.01,0.21,4.04,21.22,28.0,-24.2
2025-06-21 12:55:00,M0002,OP0046,T00512,307.0,,3.14,15.69,0.2,0.06,0.16,2.98,15.69,19.5,-19.5
2025-06-21 13:07:00,M0002,OP0046,T00512,,,3.14,15.69,0.2,0.05,0.16,2.98,15.69,19.5,-19.5
2025-06-21 13:19:00,M0002,OP0046,T00512,,,3.14,15.69,0.2,0.06,0.16,2.98,15.69,19.5,-19.5
2025-06-21 13:31:00,M0002,OP0046,T00512,,,3.14,15.69,0.2,0.05,0.16,2.98,15.69,19.5,-19.5
2025-06-21 13:43:00,M0002,OP0046,T00512,,,2.35,15.69,0.15,0.04,0.12,2.23,15.69,19.5,-19.5
2025-05-30 14:22:00,M0038,OP0027,T00513,348.8,,3.01,15.07,0.2,0.03,0.27,2.75,15.07,25.0,-39.7
2025-05-30 14:34:00,M0038,OP0027,T00513,,,3.01,15.07,0.2,0.05,0.27,2.75,15.07,25.0,-39.7
2025-05-30 14:46:00,M0038,OP0027,T00513,,,3.01,15.07,0.2,0.05,0.27,2.75,15.07,25.0,-39.7
2025-05-30 14:58:00,M0038,OP0027,T00513,,,3.01,15.07,0.2,0.05,0.27,2.75,15.07,25.0,-39.7
2025-05-30 15:10:00,M0038,OP0027,T00513,,,3.01,15.07,0.2,0.05,0.27,2.75,15.07,25.0,-39.7
2025-05-30 15:22:00,M0038,OP0027,T00513,,,3.01,15.07,0.2,0.05,0.27,2.75,15.07,25.0,-39.7
2025-05-30 15:34:00,M0038,OP0027,T00513,,,3.01,15.07,0.2,0.03,0.27,2.75,15.07,25.0,-39.7
2025-05-30 15:46:00,M0038,OP0027,T00513,,,3.01,15.07,0.2,0.03,0.27,2.75,15.07,25.0,-39.7
2025-05-30 15:58:00,M0038,OP0027,T00513,,,3.01,15.07,0.2,0.04,0.27,2.75,15.07,25.0,-39.7
2025-05-30 16:10:00,M0038,OP0027,T00513,,,3.01,15.07,0.2,0.03,0.27,2.75,15.07,25.0,-39.7
2025-05-30 16:22:00,M0038,OP0027,T00513,,,3.01,15.07,0.2,0.05,0.27,2.75,15.07,25.0,-39.7
2025-05-30 16:34:00,M0038,OP0027,T00513,,,3.01,15.07,0.2,0.03,0.27,2.75,15.07,25.0,-39.7
2025-05-30 16:46:00,M0038,OP0027,T00513,,,3.01,15.07,0.2,0.04,0.27,2.75,15.07,25.0,-39.7
2025-05-30 16:58:00,M0038,OP0027,T00513,,,3.01,15.07,0.2,0.05,0.27,2.75,15.07,25.0,-39.7
2025-05-30 17:10:00,M0038,OP0027,T00513,,,3.01,15.07,0.2,0.05,0.27,2.75,15.07,25.0,-39.7
2025-05-30 17:22:00,M0038,OP0027,T00513,,,3.01,15.07,0.2,0.05,0.27,2.75,15.07,25.0,-39.7
2025-05-30 17:34:00,M0038,OP0027,T00513,,,3.01,15.07,0.2,0.04,0.27,2.75,15.07,25.0,-39.7
2025-05-30 17:46:00,M0038,OP0027,T00513,,,3.01,15.07,0.2,0.03,0.27,2.75,15.07,25.0,-39.7
2025-05-30 17:58:00,M0038,OP0027,T00513,,,3.01,15.07,0.2,0.03,0.27,2.75,15.07,25.0,-39.7
2025-05-30 18:10:00,M0038,OP0027,T00513,,,3.01,15.07,0.2,0.03,0.27,2.75,15.07,25.0,-39.7
2025-01-22 08:31:00,M0039,OP0022,T00514,426.0,,2.99,14.96,0.2,0.02,0.18,2.81,14.96,20.0,-25.2
2025-01-22 08:43:00,M0039,OP0022,T00514,,,2.99,14.96,0.2,0.02,0.18,2.81,14.96,20.0,-25.2
2025-01-22 08:55:00,M0039,OP0022,T00514,,,2.99,14.96,0.2,0.02,0.18,2.81,14.96,20.0,-25.2
2025-01-22 09:07:00,M0039,OP0022,T00514,,,2.99,14.96,0.2,0.01,0.18,2.81,14.96,20.0,-25.2
2025-01-22 09:19:00,M0039,OP0022,T00514,,,2.99,14.96,0.2,0.02,0.18,2.81,14.96,20.0,-25.2
2025-01-22 09:31:00,M0039,OP0022,T00514,,,2.99,14.96,0.2,0.02,0.18,2.81,14.96,20.0,-25.2
2025-01-22 09:43:00,M0039,OP0022,T00514,,,2.99,14.96,0.2,0.01,0.18,2.81,14.96,20.0,-25.2
2025-01-22 09:55:00,M0039,OP0022,T00514,,,2.99,14.96,0.2,0.02,0.18,2.81,14.96,20.0,-25.2
2025-01-22 10:07:00,M0039,OP0022,T00514,,,2.99,14.96,0.2,0.02,0.18,2.81,14.96,20.0,-25.2
2025-01-22 10:19:00,M0039,OP0022,T00514,,,2.99,14.96,0.2,0.02,0.18,2.81,14.96,20.0,-25.2
2025-01-22 10:31:00,M0039,OP0022,T00514,,,2.99,14.96,0.2,0.02,0.18,2.81,14.96,20.0,-25.2
2025-01-22 10:43:00,M0039,OP0022,T00514,,,2.99,14.96,0.2,0.02,0.18,2.81,14.96,20.0,-25.2
2025-01-22 10:55:00,M0039,OP0022,T00514,,,2.99,14.96,0.2,0.02,0.18,2.81,14.96,20.0,-25.2
2025-01-22 11:07:00,M0039,OP0022,T00514,,,2.99,14.96,0.2,0.02,0.18,2.81,14.96,20.0,-25.2
2025-01-22 11:19:00,M0039,OP0022,T00514,,,2.99,14.96,0.2,0.02,0.18,2.81,14.96,20.0,-25.2
2025-01-22 11:31:00,M0039,OP0022,T00514,,,2.99,14.96,0.2,0.01,0.18,2.81,14.96,20.0,-25.2
2025-01-22 11:43:00,M0039,OP0022,T00514,,,2.99,14.96,0.2,0.02,0.18,2.81,14.96,20.0,-25.2
2025-01-22 11:55:00,M0039,OP0022,T00514,,,2.99,14.96,0.2,0.02,0.18,2.81,14.96,20.0,-25.2
2025-01-22 12:07:00,M0039,OP0022,T00514,,,2.99,14.96,0.2,0.02,0.18,2.81,14.96,20.0,-25.2
2025-01-22 12:19:00,M0039,OP0022,T00514,,,2.99,14.96,0.2,0.02,0.18,2.81,14.96,20.0,-25.2
2025-09-28 06:25:00,M0041,OP0029,T00517,126.9,,1.54,7.72,0.2,0.06,0.1,1.45,7.72,10.5,-26.5
2025-09-28 06:37:00,M0041,OP0029,T00517,,,1.54,7.72,0.2,0.05,0.1,1.45,7.72,10.5,-26.5
2025-09-28 06:49:00,M0041,OP0029,T00517,,,1.54,7.72,0.2,0.05,0.1,1.45,7.72,10.5,-26.5
2025-09-28 07:01:00,M0041,OP0029,T00517,,,1.54,7.72,0.2,0.07,0.1,1.45,7.72,10.5,-26.5
2025-09-28 07:13:00,M0041,OP0029,T00517,,,1.54,7.72,0.2,0.08,0.1,1.45,7.72,10.5,-26.5
2025-09-28 07:25:00,M0041,OP0029,T00517,,,1.54,7.72,0.2,0.05,0.1,1.45,7.72,10.5,-26.5
2025-09-28 07:37:00,M0041,OP0029,T00517,,,1.54,7.72,0.2,0.08,0.1,1.45,7.72,10.5,-26.5
2025-09-28 07:49:00,M0041,OP0029,T00517,,,1.54,7.72,0.2,0.05,0.1,1.45,7.72,10.5,-26.5
2025-09-28 08:01:00,M0041,OP0029,T00517,,,1.54,7.72,0.2,0.07,0.1,1.45,7.72,10.5,-26.5
2025-09-28 08:13:00,M0041,OP0029,T00517,,,1.54,7.72,0.2,0.05,0.1,1.45,7.72,10.5,-26.5
2025-09-28 08:25:00,M0041,OP0029,T00517,,,1.54,7.72,0.2,0.06,0.1,1.45,7.72,10.5,-26.5
2025-09-28 08:37:00,M0041,OP0029,T00517,,,1.54,7.72,0.2,0.05,0.1,1.45,7.72,10.5,-26.5
2025-09-28 08:49:00,M0041,OP0029,T00517,,,1.54,7.72,0.2,0.06,0.1,1.45,7.72,10.5,-26.5
2025-09-28 09:01:00,M0041,OP0029,T00517,,,1.54,7.72,0.2,0.07,0.1,1.45,7.72,10.5,-26.5
2025-09-28 09:13:00,M0041,OP0029,T00517,,,1.54,7.72,0.2,0.07,0.1,1.45,7.72,10.5,-26.5
2025-09-28 09:25:00,M0041,OP0029,T00517,,,1.54,7.72,0.2,0.05,0.1,1.45,7.72,10.5,-26.5
2025-09-28 09:37:00,M0041,OP0029,T00517,,,1.54,7.72,0.2,0.05,0.1,1.45,7.72,10.5,-26.5
2025-09-28 09:49:00,M0041,OP0029,T00517,,,1.54,7.72,0.2,0.07,0.1,1.45,7.72,10.5,-26.5
2025-09-28 10:01:00,M0041,OP0029,T00517,,,1.54,7.72,0.2,0.07,0.1,1.45,7.72,10.5,-26.5
2025-09-28 10:13:00,M0041,OP0029,T00517,,,1.54,7.72,0.2,0.07,0.1,1.45,7.72,10.5,-26.5
2025-01-01 06:03:00,M0014,OP0023,T00518,409.8,,4.65,23.27,0.2,0.03,0.21,4.44,23.27,28.0,-16.9
2025-01-01 06:15:00,M0014,OP0023,T00518,,,4.65,23.27,0.2,0.03,0.21,4.44,23.27,28.0,-16.9
2025-01-01 06:27:00,M0014,OP0023,T00518,,,4.65,23.27,0.2,0.02,0.21,4.44,23.27,28.0,-16.9
2025-01-01 06:39:00,M0014,OP0023,T00518,,,4.65,23.27,0.2,0.02,0.21,4.44,23.27,28.0,-16.9
2025-01-01 06:51:00,M0014,OP0023,T00518,,,4.65,23.27,0.2,0.03,0.21,4.44,23.27,28.0,-16.9
2025-01-01 07:03:00,M0014,OP0023,T00518,,,4.65,23.27,0.2,0.03,0.21,4.44,23.27,28.0,-16.9
2025-01-01 07:15:00,M0014,OP0023,T00518,,,4.65,23.27,0.2,0.02,0.21,4.44,23.27,28.0,-16.9
2025-01-01 07:27:00,M0014,OP0023,T00518,,,4.65,23.27,0.2,0.02,0.21,4.44,23.27,28.0,-16.9
2025-01-01 07:39:00,M0014,OP0023,T00518,,,4.65,23.27,0.2,0.03,0.21,4.44,23.27,28.0,-16.9
2025-01-01 07:51:00,M0014,OP0023,T00518,,,4.65,23.27,0.2,0.03,0.21,4.44,23.27,28.0,-16.9
2025-01-01 08:03:00,M0014,OP0023,T00518,,,4.65,23.27,0.2,0.03,0.21,4.44,23.27,28.0,-16.9
2025-01-01 08:15:00,M0014,OP0023,T00518,,,4.65,23.27,0.2,0.03,0.21,4.44,23.27,28.0,-16.9
2025-01-01 08:27:00,M0014,OP0023,T00518,,,4.65,23.27,0.2,0.02,0.21,4.44,23.27,28.0,-16.9
2025-01-01 08:39:00,M0014,OP0023,T00518,,,4.65,23.27,0.2,0.02,0.21,4.44,23.27,28.0,-16.9
2025-01-01 08:51:00,M0014,OP0023,T00518,,,4.65,23.27,0.2,0.02,0.21,4.44,23.27,28.0,-16.9
2025-01-01 09:03:00,M0014,OP0023,T00518,,,4.65,23.27,0.2,0.02,0.21,4.44,23.27,28.0,-16.9
2025-01-01 09:15:00,M0014,OP0023,T00518,,,4.65,23.27,0.2,0.02,0.21,4.44,23.27,28.0,-16.9
2025-01-01 09:27:00,M0014,OP0023,T00518,,,4.65,23.27,0.2,0.02,0.21,4.44,23.27,28.0,-16.9
2025-01-01 09:39:00,M0014,OP0023,T00518,,,4.65,23.27,0.2,0.02,0.21,4.44,23.27,28.0,-16.9
2025-01-01 09:51:00,M0014,OP0023,T00518,,,4.65,23.27,0.2,0.03,0.21,4.44,23.27,28.0,-16.9
2025-05-13 07:28:00,M0027,OP0006,T00519,322.2,,3.28,16.42,0.2,0.03,0.26,3.02,16.42,20.0,-17.9
2025-05-13 07:40:00,M0027,OP0006,T00519,,,3.28,16.42,0.2,0.02,0.26,3.02,16.42,20.0,-17.9
2025-05-13 07:52:00,M0027,OP0006,T00519,,,3.28,16.42,0.2,0.03,0.26,3.02,16.42,20.0,-17.9
2025-05-13 08:04:00,M0027,OP0006,T00519,,,3.28,16.42,0.2,0.02,0.26,3.02,16.42,20.0,-17.9
2025-05-13 08:16:00,M0027,OP0006,T00519,,,3.28,16.42,0.2,0.03,0.26,3.02,16.42,20.0,-17.9
2025-05-13 08:28:00,M0027,OP0006,T00519,,,3.28,16.42,0.2,0.03,0.26,3.02,16.42,20.0,-17.9
2025-05-13 08:40:00,M0027,OP0006,T00519,,,3.28,16.42,0.2,0.03,0.26,3.02,16.42,20.0,-17.9
2025-05-13 08:52:00,M0027,OP0006,T00519,,,3.28,16.42,0.2,0.03,0.26,3.02,16.42,20.0,-17.9
2025-05-13 09:04:00,M0027,OP0006,T00519,,,3.28,16.42,0.2,0.03,0.26,3.02,16.42,20.0,-17.9
2025-05-13 09:16:00,M0027,OP0006,T00519,,,3.28,16.42,0.2,0.03,0.26,3.02,16.42,20.0,-17.9
2025-05-13 09:28:00,M0027,OP0006,T00519,,,3.28,16.42,0.2,0.02,0.26,3.02,16.42,20.0,-17.9
2025-05-13 09:40:00,M0027,OP0006,T00519,,,3.28,16.42,0.2,0.03,0.26,3.02,16.42,20.0,-17.9
2025-05-13 09:52:00,M0027,OP0006,T00519,,,3.28,16.42,0.2,0.03,0.26,3.02,16.42,20.0,-17.9
2025-05-13 10:04:00,M0027,OP0006,T00519,,,3.28,16.42,0.2,0.04,0.26,3.02,16.42,20.0,-17.9
2025-05-13 10:16:00,M0027,OP0006,T00519,,,3.28,16.42,0.2,0.04,0.26,3.02,16.42,20.0,-17.9
2025-05-13 10:28:00,M0027,OP0006,T00519,,,3.28,16.42,0.2,0.03,0.26,3.02,16.42,20.0,-17.9
2025-05-13 10:40:00,M0027,OP0006,T00519,,,3.28,16.42,0.2,0.02,0.26,3.02,16.42,20.0,-17.9
2025-05-13 10:52:00,M0027,OP0006,T00519,,,3.28,16.42,0.2,0.02,0.26,3.02,16.42,20.0,-17.9
2025-05-13 11:04:00,M0027,OP0006,T00519,,,0.82,16.42,0.05,0.01,0.07,0.76,16.42,20.0,-17.9
2025-04-11 14:11:00,M0038,OP0049,T00520,686.5,,4.18,20.89,0.2,0.04,0.19,3.98,20.89,25.0,-16.5
2025-04-11 14:23:00,M0038,OP0049,T00520,,,4.18,20.89,0.2,0.04,0.19,3.98,20.89,25.0,-16.5
2025-04-11 14:35:00,M0038,OP0049,T00520,,,4.18,20.89,0.2,0.04,0.19,3.98,20.89,25.0,-16.5
2025-04-11 14:47:00,M0038,OP0049,T00520,,,4.18,20.89,0.2,0.04,0.19,3.98,20.89,25.0,-16.5
2025-04-11 14:59:00,M0038,OP0049,T00520,,,4.18,20.89,0.2,0.05,0.19,3.98,20.89,25.0,-16.5
2025-04-11 15:11:00,M0038,OP0049,T00520,,,4.18,20.89,0.2,0.03,0.19,3.98,20.89,25.0,-16.5
2025-04-11 15:23:00,M0038,OP0049,T00520,,,4.18,20.89,0.2,0.04,0.19,3.98,20.89,25.0,-16.5
2025-04-11 15:35:00,M0038,OP0049,T00520,,,4.18,20.89,0.2,0.05,0.19,3.98,20.89,25.0,-16.5
2025-04-11 15:47:00,M0038,OP0049,T00520,,,4.18,20.89,0.2,0.05,0.19,3.98,20.89,25.0,-16.5
2025-04-11 15:59:00,M0038,OP0049,T00520,,,4.18,20.89,0.2,0.05,0.19,3.98,20.89,25.0,-16.5
2025-04-11 16:11:00,M0038,OP0049,T00520,,,4.18,20.89,0.2,0.05,0.19,3.98,20.89,25.0,-16.5
2025-04-11 16:23:00,M0038,OP0049,T00520,,,4.18,20.89,0.2,0.04,0.19,3.98,20.89,25.0,-16.5
2025-04-11 16:35:00,M0038,OP0049,T00520,,,4.18,20.89,0.2,0.05,0.19,3.98,20.89,25.0,-16.5
2025-04-11 16:47:00,M0038,OP0049,T00520,,,4.18,20.89,0.2,0.05,0.19,3.98,20.89,25.0,-16.5
2025-04-11 16:59:00,M0038,OP0049,T00520,,,4.18,20.89,0.2,0.05,0.19,3.98,20.89,25.0,-16.5
2025-04-11 17:11:00,M0038,OP0049,T00520,,,4.18,20.89,0.2,0.04,0.19,3.98,20.89,25.0,-16.5
2025-04-11 17:23:00,M0038,OP0049,T00520,,,4.18,20.89,0.2,0.03,0.19,3.98,20.89,25.0,-16.5
2025-04-11 17:35:00,M0038,OP0049,T00520,,,4.18,20.89,0.2,0.04,0.19,3.98,20.89,25.0,-16.5
2025-04-11 17:47:00,M0038,OP0049,T00520,,,1.39,20.89,0.07,0.02,0.06,1.33,20.89,25.0,-16.5
2025-05-25 13:36:00,M0027,OP0003,T00521,404.0,,2.86,14.3,0.2,0.05,0.15,2.71,14.3,20.0,-28.5
2025-05-25 13:48:00,M0027,OP0003,T00521,,,2.86,14.3,0.2,0.05,0.15,2.71,14.3,20.0,-28.5
2025-05-25 14:00:00,M0027,OP0003,T00521,,,2.86,14.3,0.2,0.05,0.15,2.71,14.3,20.0,-28.5
2025-05-25 14:12:00,M0027,OP0003,T00521,,,2.86,14.3,0.2,0.05,0.15,2.71,14.3,20.0,-28.5
2025-05-25 14:24:00,M0027,OP0003,T00521,,,2.86,14.3,0.2,0.04,0.15,2.71,14.3,20.0,-28.5
2025-05-25 14:36:00,M0027,OP0003,T00521,,,2.86,14.3,0.2,0.05,0.15,2.71,14.3,20.0,-28.5
2025-05-25 14:48:00,M0027,OP0003,T00521,,,2.86,14.3,0.2,0.05,0.15,2.71,14.3,20.0,-28.5
2025-05-25 15:00:00,M0027,OP0003,T00521,,,2.86,14.3,0.2,0.05,0.15,2.71,14.3,20.0,-28.5
2025-05-25 15:12:00,M0027,OP0003,T00521,,,2.86,14.3,0.2,0.05,0.15,2.71,14.3,20.0,-28.5
2025-05-25 15:24:00,M0027,OP0003,T00521,,,2.86,14.3,0.2,0.03,0.15,2.71,14.3,20.0,-28.5
2025-05-25 15:36:00,M0027,OP0003,T00521,,,2.86,14.3,0.2,0.04,0.15,2.71,14.3,20.0,-28.5
2025-05-25 15:48:00,M0027,OP0003,T00521,,,2.86,14.3,0.2,0.03,0.15,2.71,14.3,20.0,-28.5
2025-05-25 16:00:00,M0027,OP0003,T00521,,,2.86,14.3,0.2,0.03,0.15,2.71,14.3,20.0,-28.5
2025-05-25 16:12:00,M0027,OP0003,T00521,,,2.86,14.3,0.2,0.05,0.15,2.71,14.3,20.0,-28.5
2025-05-25 16:24:00,M0027,OP0003,T00521,,,2.86,14.3,0.2,0.03,0.15,2.71,14.3,20.0,-28.5
2025-05-25 16:36:00,M0027,OP0003,T00521,,,2.86,14.3,0.2,0.03,0.15,2.71,14.3,20.0,-28.5
2025-05-25 16:48:00,M0027,OP0003,T00521,,,2.86,14.3,0.2,0.05,0.15,2.71,14.3,20.0,-28.5
2025-05-25 17:00:00,M0027,OP0003,T00521,,,2.86,14.3,0.2,0.04,0.15,2.71,14.3,20.0,-28.5
2025-05-25 17:12:00,M0027,OP0003,T00521,,,2.86,14.3,0.2,0.04,0.15,2.71,14.3,20.0,-28.5
2025-05-25 17:24:00,M0027,OP0003,T00521,,,2.86,14.3,0.2,0.04,0.15,2.71,14.3,20.0,-28.5
2025-01-02 09:16:00,M0008,OP0030,T00522,505.3,,2.88,14.4,0.2,0.02,0.21,2.67,14.4,20.0,-28.0
2025-01-02 09:28:00,M0008,OP0030,T00522,,,2.88,14.4,0.2,0.03,0.21,2.67,14.4,20.0,-28.0
2025-01-02 09:40:00,M0008,OP0030,T00522,,,2.88,14.4,0.2,0.03,0.21,2.67,14.4,20.0,-28.0
2025-01-02 09:52:00,M0008,OP0030,T00522,,,2.88,14.4,0.2,0.03,0.21,2.67,14.4,20.0,-28.0
2025-01-02 10:04:00,M0008,OP0030,T00522,,,2.88,14.4,0.2,0.02,0.21,2.67,14.4,20.0,-28.0
2025-01-02 10:16:00,M0008,OP0030,T00522,,,2.88,14.4,0.2,0.02,0.21,2.67,14.4,20.0,-28.0
2025-01-02 10:28:00,M0008,OP0030,T00522,,,2.88,14.4,0.2,0.02,0.21,2.67,14.4,20.0,-28.0
2025-01-02 10:40:00,M0008,OP0030,T00522,,,2.88,14.4,0.2,0.03,0.21,2.67,14.4,20.0,-28.0
2025-01-02 10:52:00,M0008,OP0030,T00522,,,2.88,14.4,0.2,0.02,0.21,2.67,14.4,20.0,-28.0
2025-01-02 11:04:00,M0008,OP0030,T00522,,,2.88,14.4,0.2,0.02,0.21,2.67,14.4,20.0,-28.0
2025-01-02 11:16:00,M0008,OP0030,T00522,,,2.88,14.4,0.2,0.02,0.21,2.67,14.4,20.0,-28.0
2025-01-02 11:28:00,M0008,OP0030,T00522,,,2.88,14.4,0.2,0.02,0.21,2.67,14.4,20.0,-28.0
2025-01-02 11:40:00,M0008,OP0030,T00522,,,2.88,14.4,0.2,0.02,0.21,2.67,14.4,20.0,-28.0
2025-01-02 11:52:00,M0008,OP0030,T00522,,,2.88,14.4,0.2,0.02,0.21,2.67,14.4,20.0,-28.0
2025-01-02 12:04:00,M0008,OP0030,T00522,,,2.88,14.4,0.2,0.02,0.21,2.67,14.4,20.0,-28.0
2025-01-02 12:16:00,M0008,OP0030,T00522,,,2.88,14.4,0.2,0.02,0.21,2.67,14.4,20.0,-28.0
2025-01-02 12:28:00,M0008,OP0030,T00522,,,2.88,14.4,0.2,0.03,0.21,2.67,14.4,20.0,-28.0
2025-01-02 12:40:00,M0008,OP0030,T00522,,,2.88,14.4,0.2,0.03,0.21,2.67,14.4,20.0,-28.0
2025-01-02 12:52:00,M0008,OP0030,T00522,,,2.88,14.4,0.2,0.03,0.21,2.67,14.4,20.0,-28.0
2025-01-02 13:04:00,M0008,OP0030,T00522,,,2.64,14.4,0.18,0.02,0.19,2.45,14.4,20.0,-28.0
2025-03-10 07:37:00,M0015,OP0041,T00523,337.8,,3.04,15.18,0.2,0.08,0.15,2.89,15.18,20.0,-24.1
2025-03-10 07:49:00,M0015,OP0041,T00523,,,3.04,15.18,0.2,0.07,0.15,2.89,15.18,20.0,-24.1
2025-03-10 08:01:00,M0015,OP0041,T00523,,,3.04,15.18,0.2,0.05,0.15,2.89,15.18,20.0,-24.1
2025-03-10 08:13:00,M0015,OP0041,T00523,,,3.04,15.18,0.2,0.05,0.15,2.89,15.18,20.0,-24.1
2025-03-10 08:25:00,M0015,OP0041,T00523,,,3.04,15.18,0.2,0.04,0.15,2.89,15.18,20.0,-24.1
2025-03-10 08:37:00,M0015,OP0041,T00523,,,3.04,15.18,0.2,0.05,0.15,2.89,15.18,20.0,-24.1
2025-03-10 08:49:00,M0015,OP0041,T00523,,,3.04,15.18,0.2,0.05,0.15,2.89,15.18,20.0,-24.1
2025-03-10 09:01:00,M0015,OP0041,T00523,,,3.04,15.18,0.2,0.08,0.15,2.89,15.18,20.0,-24.1
2025-03-10 09:13:00,M0015,OP0041,T00523,,,3.04,15.18,0.2,0.06,0.15,2.89,15.18,20.0,-24.1
2025-03-10 09:25:00,M0015,OP0041,T00523,,,3.04,15.18,0.2,0.07,0.15,2.89,15.18,20.0,-24.1
2025-03-10 09:37:00,M0015,OP0041,T00523,,,3.04,15.18,0.2,0.06,0.15,2.89,15.18,20.0,-24.1
2025-03-10 09:49:00,M0015,OP0041,T00523,,,3.04,15.18,0.2,0.05,0.15,2.89,15.18,20.0,-24.1
2025-03-10 10:01:00,M0015,OP0041,T00523,,,3.04,15.18,0.2,0.05,0.15,2.89,15.18,20.0,-24.1
2025-03-10 10:13:00,M0015,OP0041,T00523,,,3.04,15.18,0.2,0.05,0.15,2.89,15.18,20.0,-24.1
2025-03-10 10:25:00,M0015,OP0041,T00523,,,3.04,15.18,0.2,0.06,0.15,2.89,15.18,20.0,-24.1
2025-03-10 10:37:00,M0015,OP0041,T00523,,,3.04,15.18,0.2,0.05,0.15,2.89,15.18,20.0,-24.1
2025-03-10 10:49:00,M0015,OP0041,T00523,,,3.04,15.18,0.2,0.07,0.15,2.89,15.18,20.0,-24.1
2025-03-10 11:01:00,M0015,OP0041,T00523,,,3.04,15.18,0.2,0.05,0.15,2.89,15.18,20.0,-24.1
2025-03-10 11:13:00,M0015,OP0041,T00523,,,3.04,15.18,0.2,0.06,0.15,2.89,15.18,20.0,-24.1
2025-03-10 11:25:00,M0015,OP0041,T00523,,,3.04,15.18,0.2,0.07,0.15,2.89,15.18,20.0,-24.1
2025-07-08 12:48:00,M0035,OP0004,T00524,260.4,,2.47,12.36,0.2,0.0,0.13,2.34,12.36,14.5,-14.8
2025-07-08 13:00:00,M0035,OP0004,T00524,,,2.47,12.36,0.2,0.01,0.13,2.34,12.36,14.5,-14.8
2025-07-08 13:12:00,M0035,OP0004,T00524,,,2.47,12.36,0.2,0.01,0.13,2.34,12.36,14.5,-14.8
2025-07-08 13:24:00,M0035,OP0004,T00524,,,2.47,12.36,0.2,0.01,0.13,2.34,12.36,14.5,-14.8
2025-07-08 13:36:00,M0035,OP0004,T00524,,,2.47,12.36,0.2,0.01,0.13,2.34,12.36,14.5,-14.8
2025-07-08 13:48:00,M0035,OP0004,T00524,,,2.47,12.36,0.2,0.01,0.13,2.34,12.36,14.5,-14.8
2025-07-08 14:00:00,M0035,OP0004,T00524,,,2.47,12.36,0.2,0.01,0.13,2.34,12.36,14.5,-14.8
2025-07-08 14:12:00,M0035,OP0004,T00524,,,2.47,12.36,0.2,0.01,0.13,2.34,12.36,14.5,-14.8
2025-07-08 14:24:00,M0035,OP0004,T00524,,,2.47,12.36,0.2,0.0,0.13,2.34,12.36,14.5,-14.8
2025-07-08 14:36:00,M0035,OP0004,T00524,,,2.47,12.36,0.2,0.0,0.13,2.34,12.36,14.5,-14.8
2025-07-08 14:48:00,M0035,OP0004,T00524,,,2.47,12.36,0.2,0.01,0.13,2.34,12.36,14.5,-14.8
2025-07-08 15:00:00,M0035,OP0004,T00524,,,2.47,12.36,0.2,0.01,0.13,2.34,12.36,14.5,-14.8
2025-07-08 15:12:00,M0035,OP0004,T00524,,,2.47,12.36,0.2,0.0,0.13,2.34,12.36,14.5,-14.8
2025-07-08 15:24:00,M0035,OP0004,T00524,,,2.47,12.36,0.2,0.01,0.13,2.34,12.36,14.5,-14.8
2025-07-08 15:36:00,M0035,OP0004,T00524,,,2.47,12.36,0.2,0.0,0.13,2.34,12.36,14.5,-14.8
2025-07-08 15:48:00,M0035,OP0004,T00524,,,2.47,12.36,0.2,0.01,0.13,2.34,12.36,14.5,-14.8
2025-07-08 16:00:00,M0035,OP0004,T00524,,,2.47,12.36,0.2,0.01,0.13,2.34,12.36,14.5,-14.8
2025-07-08 16:12:00,M0035,OP0004,T00524,,,2.47,12.36,0.2,0.01,0.13,2.34,12.36,14.5,-14.8
2025-07-08 16:24:00,M0035,OP0004,T00524,,,1.65,12.36,0.13,0.0,0.09,1.56,12.36,14.5,-14.8
2025-03-10 11:48:00,M0017,OP0016,T00526,187.3,,2.42,12.11,0.2,0.05,0.15,2.27,12.11,14.5,-16.5
2025-03-10 12:00:00,M0017,OP0016,T00526,,,2.42,12.11,0.2,0.04,0.15,2.27,12.11,14.5,-16.5
2025-03-10 12:12:00,M0017,OP0016,T00526,,,2.42,12.11,0.2,0.06,0.15,2.27,12.11,14.5,-16.5
2025-03-10 12:24:00,M0017,OP0016,T00526,,,2.42,12.11,0.2,0.06,0.15,2.27,12.11,14.5,-16.5
2025-03-10 12:36:00,M0017,OP0016,T00526,,,2.42,12.11,0.2,0.04,0.15,2.27,12.11,14.5,-16.5
2025-03-10 12:48:00,M0017,OP0016,T00526,,,2.42,12.11,0.2,0.05,0.15,2.27,12.11,14.5,-16.5
2025-03-10 13:00:00,M0017,OP0016,T00526,,,2.42,12.11,0.2,0.04,0.15,2.27,12.11,14.5,-16.5
2025-03-10 13:12:00,M0017,OP0016,T00526,,,2.42,12.11,0.2,0.05,0.15,2.27,12.11,14.5,-16.5
2025-03-10 13:24:00,M0017,OP0016,T00526,,,2.42,12.11,0.2,0.04,0.15,2.27,12.11,14.5,-16.5
2025-03-10 13:36:00,M0017,OP0016,T00526,,,2.42,12.11,0.2,0.06,0.15,2.27,12.11,14.5,-16.5
2025-03-10 13:48:00,M0017,OP0016,T00526,,,2.42,12.11,0.2,0.05,0.15,2.27,12.11,14.5,-16.5
2025-03-10 14:00:00,M0017,OP0016,T00526,,,2.42,12.11,0.2,0.06,0.15,2.27,12.11,14.5,-16.5
2025-03-10 14:12:00,M0017,OP0016,T00526,,,2.42,12.11,0.2,0.05,0.15,2.27,12.11,14.5,-16.5
2025-03-10 14:24:00,M0017,OP0016,T00526,,,2.42,12.11,0.2,0.05,0.15,2.27,12.11,14.5,-16.5
2025-03-10 14:36:00,M0017,OP0016,T00526,,,2.42,12.11,0.2,0.07,0.15,2.27,12.11,14.5,-16.5
2025-03-10 14:48:00,M0017,OP0016,T00526,,,2.42,12.11,0.2,0.05,0.15,2.27,12.11,14.5,-16.5
2025-03-10 15:00:00,M0017,OP0016,T00526,,,2.42,12.11,0.2,0.05,0.15,2.27,12.11,14.5,-16.5
2025-03-10 15:12:00,M0017,OP0016,T00526,,,2.42,12.11,0.2,0.05,0.15,2.27,12.11,14.5,-16.5
2025-03-10 15:24:00,M0017,OP0016,T00526,,,2.42,12.11,0.2,0.05,0.15,2.27,12.11,14.5,-16.5
2025-03-10 15:36:00,M0017,OP0016,T00526,,,2.42,12.11,0.2,0.06,0.15,2.27,12.11,14.5,-16.5
2025-02-09 10:27:00,M0018,OP0029,T00527,524.7,,2.94,14.68,0.2,0.05,0.22,2.71,14.68,20.0,-26.6
2025-02-09 10:39:00,M0018,OP0029,T00527,,,2.94,14.68,0.2,0.06,0.22,2.71,14.68,20.0,-26.6
2025-02-09 10:51:00,M0018,OP0029,T00527,,,2.94,14.68,0.2,0.06,0.22,2.71,14.68,20.0,-26.6
2025-02-09 11:03:00,M0018,OP0029,T00527,,,2.94,14.68,0.2,0.04,0.22,2.71,14.68,20.0,-26.6
2025-02-09 11:15:00,M0018,OP0029,T00527,,,2.94,14.68,0.2,0.05,0.22,2.71,14.68,20.0,-26.6
2025-02-09 11:27:00,M0018,OP0029,T00527,,,2.94,14.68,0.2,0.06,0.22,2.71,14.68,20.0,-26.6
2025-02-09 11:39:00,M0018,OP0029,T00527,,,2.94,14.68,0.2,0.06,0.22,2.71,14.68,20.0,-26.6
2025-02-09 11:51:00,M0018,OP0029,T00527,,,2.94,14.68,0.2,0.05,0.22,2.71,14.68,20.0,-26.6
2025-02-09 12:03:00,M0018,OP0029,T00527,,,2.94,14.68,0.2,0.05,0.22,2.71,14.68,20.0,-26.6
2025-02-09 12:15:00,M0018,OP0029,T00527,,,2.94,14.68,0.2,0.06,0.22,2.71,14.68,20.0,-26.6
2025-02-09 12:27:00,M0018,OP0029,T00527,,,2.94,14.68,0.2,0.05,0.22,2.71,14.68,20.0,-26.6
2025-02-09 12:39:00,M0018,OP0029,T00527,,,2.94,14.68,0.2,0.04,0.22,2.71,14.68,20.0,-26.6
2025-02-09 12:51:00,M0018,OP0029,T00527,,,2.94,14.68,0.2,0.04,0.22,2.71,14.68,20.0,-26.6
2025-02-09 13:03:00,M0018,OP0029,T00527,,,2.94,14.68,0.2,0.06,0.22,2.71,14.68,20.0,-26.6
2025-02-09 13:15:00,M0018,OP0029,T00527,,,2.94,14.68,0.2,0.05,0.22,2.71,14.68,20.0,-26.6
2025-02-09 13:27:00,M0018,OP0029,T00527,,,2.94,14.68,0.2,0.05,0.22,2.71,14.68,20.0,-26.6
2025-02-09 13:39:00,M0018,OP0029,T00527,,,2.94,14.68,0.2,0.05,0.22,2.71,14.68,20.0,-26.6
2025-02-09 13:51:00,M0018,OP0029,T00527,,,2.94,14.68,0.2,0.04,0.22,2.71,14.68,20.0,-26.6
2025-02-09 14:03:00,M0018,OP0029,T00527,,,2.94,14.68,0.2,0.04,0.22,2.71,14.68,20.0,-26.6
2025-02-09 14:15:00,M0018,OP0029,T00527,,,2.94,14.68,0.2,0.05,0.22,2.71,14.68,20.0,-26.6
2025-05-12 07:51:00,M0041,OP0050,T00528,82.1,,1.64,8.21,0.2,0.0,0.07,1.57,8.21,10.5,-21.9
2025-05-12 08:03:00,M0041,OP0050,T00528,,,1.64,8.21,0.2,0.0,0.07,1.57,8.21,10.5,-21.9
2025-05-12 08:15:00,M0041,OP0050,T00528,,,1.64,8.21,0.2,0.0,0.07,1.57,8.21,10.5,-21.9
2025-05-12 08:27:00,M0041,OP0050,T00528,,,1.64,8.21,0.2,0.0,0.07,1.57,8.21,10.5,-21.9
2025-05-12 08:39:00,M0041,OP0050,T00528,,,1.64,8.21,0.2,0.0,0.07,1.57,8.21,10.5,-21.9
2025-05-12 08:51:00,M0041,OP0050,T00528,,,1.64,8.21,0.2,0.0,0.07,1.57,8.21,10.5,-21.9
2025-05-12 09:03:00,M0041,OP0050,T00528,,,1.64,8.21,0.2,0.0,0.07,1.57,8.21,10.5,-21.9
2025-05-12 09:15:00,M0041,OP0050,T00528,,,1.64,8.21,0.2,0.0,0.07,1.57,8.21,10.5,-21.9
2025-05-12 09:27:00,M0041,OP0050,T00528,,,1.64,8.21,0.2,0.0,0.07,1.57,8.21,10.5,-21.9
2025-05-12 09:39:00,M0041,OP0050,T00528,,,1.64,8.21,0.2,0.0,0.07,1.57,8.21,10.5,-21.9
2025-05-12 09:51:00,M0041,OP0050,T00528,,,1.64,8.21,0.2,0.0,0.07,1.57,8.21,10.5,-21.9
2025-05-12 10:03:00,M0041,OP0050,T00528,,,1.64,8.21,0.2,0.0,0.07,1.57,8.21,10.5,-21.9
2025-05-12 10:15:00,M0041,OP0050,T00528,,,1.64,8.21,0.2,0.0,0.07,1.57,8.21,10.5,-21.9
2025-05-12 10:27:00,M0041,OP0050,T00528,,,1.64,8.21,0.2,0.0,0.07,1.57,8.21,10.5,-21.9
2025-05-12 10:39:00,M0041,OP0050,T00528,,,1.64,8.21,0.2,0.0,0.07,1.57,8.21,10.5,-21.9
2025-05-12 10:51:00,M0041,OP0050,T00528,,,1.64,8.21,0.2,0.0,0.07,1.57,8.21,10.5,-21.9
2025-05-12 11:03:00,M0041,OP0050,T00528,,,1.64,8.21,0.2,0.0,0.07,1.57,8.21,10.5,-21.9
2025-05-12 11:15:00,M0041,OP0050,T00528,,,1.64,8.21,0.2,0.0,0.07,1.57,8.21,10.5,-21.9
2025-05-12 11:27:00,M0041,OP0050,T00528,,,1.64,8.21,0.2,0.0,0.07,1.57,8.21,10.5,-21.9
2025-05-12 11:39:00,M0041,OP0050,T00528,,,1.64,8.21,0.2,0.0,0.07,1.57,8.21,10.5,-21.9
2025-05-08 13:35:00,M0026,OP0001,T00529,209.1,,2.44,12.22,0.2,0.02,0.09,2.35,12.22,14.5,-15.7
2025-05-08 13:47:00,M0026,OP0001,T00529,,,2.44,12.22,0.2,0.02,0.09,2.35,12.22,14.5,-15.7
2025-05-08 13:59:00,M0026,OP0001,T00529,,,2.44,12.22,0.2,0.03,0.09,2.35,12.22,14.5,-15.7
2025-05-08 14:11:00,M0026,OP0001,T00529,,,2.44,12.22,0.2,0.02,0.09,2.35,12.22,14.5,-15.7
2025-05-08 14:23:00,M0026,OP0001,T00529,,,2.44,12.22,0.2,0.02,0.09,2.35,12.22,14.5,-15.7
2025-05-08 14:35:00,M0026,OP0001,T00529,,,2.44,12.22,0.2,0.03,0.09,2.35,12.22,14.5,-15.7
2025-05-08 14:47:00,M0026,OP0001,T00529,,,2.44,12.22,0.2,0.03,0.09,2.35,12.22,14.5,-15.7
2025-05-08 14:59:00,M0026,OP0001,T00529,,,1.83,12.22,0.15,0.02,0.07,1.76,12.22,14.5,-15.7
2025-04-07 12:42:00,M0025,OP0021,T00531,513.5,,2.84,14.18,0.2,0.05,0.21,2.63,14.18,19.5,-27.3
2025-04-07 12:54:00,M0025,OP0021,T00531,,,2.84,14.18,0.2,0.06,0.21,2.63,14.18,19.5,-27.3
2025-04-07 13:06:00,M0025,OP0021,T00531,,,2.84,14.18,0.2,0.07,0.21,2.63,14.18,19.5,-27.3
2025-04-07 13:18:00,M0025,OP0021,T00531,,,2.84,14.18,0.2,0.05,0.21,2.63,14.18,19.5,-27.3
2025-04-07 13:30:00,M0025,OP0021,T00531,,,2.84,14.18,0.2,0.04,0.21,2.63,14.18,19.5,-27.3
2025-04-07 13:42:00,M0025,OP0021,T00531,,,2.84,14.18,0.2,0.05,0.21,2.63,14.18,19.5,-27.3
2025-04-07 13:54:00,M0025,OP0021,T00531,,,2.84,14.18,0.2,0.06,0.21,2.63,14.18,19.5,-27.3
2025-04-07 14:06:00,M0025,OP0021,T00531,,,2.84,14.18,0.2,0.04,0.21,2.63,14.18,19.5,-27.3
2025-04-07 14:18:00,M0025,OP0021,T00531,,,2.84,14.18,0.2,0.07,0.21,2.63,14.18,19.5,-27.3
2025-04-07 14:30:00,M0025,OP0021,T00531,,,2.84,14.18,0.2,0.06,0.21,2.63,14.18,19.5,-27.3
2025-04-07 14:42:00,M0025,OP0021,T00531,,,2.84,14.18,0.2,0.06,0.21,2.63,14.18,19.5,-27.3
2025-04-07 14:54:00,M0025,OP0021,T00531,,,2.84,14.18,0.2,0.05,0.21,2.63,14.18,19.5,-27.3
2025-04-07 15:06:00,M0025,OP0021,T00531,,,2.84,14.18,0.2,0.07,0.21,2.63,14.18,19.5,-27.3
2025-04-07 15:18:00,M0025,OP0021,T00531,,,2.84,14.18,0.2,0.04,0.21,2.63,14.18,19.5,-27.3
2025-04-07 15:30:00,M0025,OP0021,T00531,,,2.84,14.18,0.2,0.06,0.21,2.63,14.18,19.5,-27.3
2025-04-07 15:42:00,M0025,OP0021,T00531,,,2.84,14.18,0.2,0.07,0.21,2.63,14.18,19.5,-27.3
2025-04-07 15:54:00,M0025,OP0021,T00531,,,2.84,14.18,0.2,0.06,0.21,2.63,14.18,19.5,-27.3
2025-04-07 16:06:00,M0025,OP0021,T00531,,,2.84,14.18,0.2,0.06,0.21,2.63,14.18,19.5,-27.3
2025-04-07 16:18:00,M0025,OP0021,T00531,,,2.84,14.18,0.2,0.04,0.21,2.63,14.18,19.5,-27.3
2025-04-07 16:30:00,M0025,OP0021,T00531,,,2.84,14.18,0.2,0.05,0.21,2.63,14.18,19.5,-27.3
2025-03-30 06:52:00,M0017,OP0042,T00532,332.4,,2.27,11.35,0.2,0.02,0.09,2.18,11.35,14.5,-21.7
2025-03-30 07:04:00,M0017,OP0042,T00532,,,2.27,11.35,0.2,0.01,0.09,2.18,11.35,14.5,-21.7
2025-03-30 07:16:00,M0017,OP0042,T00532,,,2.27,11.35,0.2,0.02,0.09,2.18,11.35,14.5,-21.7
2025-03-30 07:28:00,M0017,OP0042,T00532,,,2.27,11.35,0.2,0.02,0.09,2.18,11.35,14.5,-21.7
2025-03-30 07:40:00,M0017,OP0042,T00532,,,2.27,11.35,0.2,0.02,0.09,2.18,11.35,14.5,-21.7
2025-03-30 07:52:00,M0017,OP0042,T00532,,,2.27,11.35,0.2,0.02,0.09,2.18,11.35,14.5,-21.7
2025-03-30 08:04:00,M0017,OP0042,T00532,,,2.27,11.35,0.2,0.02,0.09,2.18,11.35,14.5,-21.7
2025-03-30 08:16:00,M0017,OP0042,T00532,,,2.27,11.35,0.2,0.01,0.09,2.18,11.35,14.5,-21.7
2025-03-30 08:28:00,M0017,OP0042,T00532,,,2.27,11.35,0.2,0.02,0.09,2.18,11.35,14.5,-21.7
2025-03-30 08:40:00,M0017,OP0042,T00532,,,2.27,11.35,0.2,0.02,0.09,2.18,11.35,14.5,-21.7
2025-03-30 08:52:00,M0017,OP0042,T00532,,,2.27,11.35,0.2,0.01,0.09,2.18,11.35,14.5,-21.7
2025-03-30 09:04:00,M0017,OP0042,T00532,,,2.27,11.35,0.2,0.01,0.09,2.18,11.35,14.5,-21.7
2025-03-30 09:16:00,M0017,OP0042,T00532,,,2.27,11.35,0.2,0.01,0.09,2.18,11.35,14.5,-21.7
2025-03-30 09:28:00,M0017,OP0042,T00532,,,2.27,11.35,0.2,0.02,0.09,2.18,11.35,14.5,-21.7
2025-03-30 09:40:00,M0017,OP0042,T00532,,,2.27,11.35,0.2,0.01,0.09,2.18,11.35,14.5,-21.7
2025-03-30 09:52:00,M0017,OP0042,T00532,,,2.27,11.35,0.2,0.01,0.09,2.18,11.35,14.5,-21.7
2025-03-30 10:04:00,M0017,OP0042,T00532,,,2.27,11.35,0.2,0.02,0.09,2.18,11.35,14.5,-21.7
2025-03-30 10:16:00,M0017,OP0042,T00532,,,2.27,11.35,0.2,0.02,0.09,2.18,11.35,14.5,-21.7
2025-03-30 10:28:00,M0017,OP0042,T00532,,,2.27,11.35,0.2,0.02,0.09,2.18,11.35,14.5,-21.7
2025-03-30 10:40:00,M0017,OP0042,T00532,,,2.27,11.35,0.2,0.01,0.09,2.18,11.35,14.5,-21.7
2025-08-21 10:03:00,M0036,OP0045,T00533,677.0,,3.48,17.39,0.2,0.05,0.42,3.06,17.39,25.0,-30.4
2025-08-21 10:15:00,M0036,OP0045,T00533,,,3.48,17.39,0.2,0.05,0.42,3.06,17.39,25.0,-30.4
2025-08-21 10:27:00,M0036,OP0045,T00533,,,3.48,17.39,0.2,0.05,0.42,3.06,17.39,25.0,-30.4
2025-08-21 10:39:00,M0036,OP0045,T00533,,,3.48,17.39,0.2,0.05,0.42,3.06,17.39,25.0,-30.4
2025-08-21 10:51:00,M0036,OP0045,T00533,,,3.48,17.39,0.2,0.04,0.42,3.06,17.39,25.0,-30.4
2025-08-21 11:03:00,M0036,OP0045,T00533,,,3.48,17.39,0.2,0.05,0.42,3.06,17.39,25.0,-30.4
2025-08-21 11:15:00,M0036,OP0045,T00533,,,3.48,17.39,0.2,0.05,0.42,3.06,17.39,25.0,-30.4
2025-08-21 11:27:00,M0036,OP0045,T00533,,,3.48,17.39,0.2,0.06,0.42,3.06,17.39,25.0,-30.4
2025-08-21 11:39:00,M0036,OP0045,T00533,,,3.48,17.39,0.2,0.04,0.42,3.06,17.39,25.0,-30.4
2025-08-21 11:51:00,M0036,OP0045,T00533,,,3.48,17.39,0.2,0.04,0.42,3.06,17.39,25.0,-30.4
2025-08-21 12:03:00,M0036,OP0045,T00533,,,3.48,17.39,0.2,0.05,0.42,3.06,17.39,25.0,-30.4
2025-08-21 12:15:00,M0036,OP0045,T00533,,,3.48,17.39,0.2,0.05,0.42,3.06,17.39,25.0,-30.4
2025-08-21 12:27:00,M0036,OP0045,T00533,,,3.48,17.39,0.2,0.06,0.42,3.06,17.39,25.0,-30.4
2025-08-21 12:39:00,M0036,OP0045,T00533,,,3.48,17.39,0.2,0.05,0.42,3.06,17.39,25.0,-30.4
2025-08-21 12:51:00,M0036,OP0045,T00533,,,3.48,17.39,0.2,0.06,0.42,3.06,17.39,25.0,-30.4
2025-08-21 13:03:00,M0036,OP0045,T00533,,,3.48,17.39,0.2,0.06,0.42,3.06,17.39,25.0,-30.4
2025-08-21 13:15:00,M0036,OP0045,T00533,,,3.48,17.39,0.2,0.06,0.42,3.06,17.39,25.0,-30.4
2025-08-21 13:27:00,M0036,OP0045,T00533,,,3.48,17.39,0.2,0.06,0.42,3.06,17.39,25.0,-30.4
2025-08-21 13:39:00,M0036,OP0045,T00533,,,3.48,17.39,0.2,0.05,0.42,3.06,17.39,25.0,-30.4
2025-08-21 13:51:00,M0036,OP0045,T00533,,,3.48,17.39,0.2,0.05,0.42,3.06,17.39,25.0,-30.4
2025-03-09 12:07:00,M0041,OP0007,T00534,148.7,,1.63,8.16,0.2,0.05,0.05,1.58,8.16,10.5,-22.3
2025-03-09 12:19:00,M0041,OP0007,T00534,,,1.63,8.16,0.2,0.04,0.05,1.58,8.16,10.5,-22.3
2025-03-09 12:31:00,M0041,OP0007,T00534,,,1.63,8.16,0.2,0.04,0.05,1.58,8.16,10.5,-22.3
2025-03-09 12:43:00,M0041,OP0007,T00534,,,1.63,8.16,0.2,0.04,0.05,1.58,8.16,10.5,-22.3
2025-03-09 12:55:00,M0041,OP0007,T00534,,,1.63,8.16,0.2,0.05,0.05,1.58,8.16,10.5,-22.3
2025-03-09 13:07:00,M0041,OP0007,T00534,,,1.63,8.16,0.2,0.05,0.05,1.58,8.16,10.5,-22.3
2025-03-09 13:19:00,M0041,OP0007,T00534,,,1.63,8.16,0.2,0.04,0.05,1.58,8.16,10.5,-22.3
2025-03-09 13:31:00,M0041,OP0007,T00534,,,1.63,8.16,0.2,0.05,0.05,1.58,8.16,10.5,-22.3
2025-03-09 13:43:00,M0041,OP0007,T00534,,,1.63,8.16,0.2,0.03,0.05,1.58,8.16,10.5,-22.3
2025-03-09 13:55:00,M0041,OP0007,T00534,,,1.63,8.16,0.2,0.04,0.05,1.58,8.16,10.5,-22.3
2025-03-09 14:07:00,M0041,OP0007,T00534,,,1.63,8.16,0.2,0.05,0.05,1.58,8.16,10.5,-22.3
2025-03-09 14:19:00,M0041,OP0007,T00534,,,1.63,8.16,0.2,0.05,0.05,1.58,8.16,10.5,-22.3
2025-03-09 14:31:00,M0041,OP0007,T00534,,,1.63,8.16,0.2,0.05,0.05,1.58,8.16,10.5,-22.3
2025-03-09 14:43:00,M0041,OP0007,T00534,,,1.63,8.16,0.2,0.04,0.05,1.58,8.16,10.5,-22.3
2025-03-09 14:55:00,M0041,OP0007,T00534,,,1.63,8.16,0.2,0.04,0.05,1.58,8.16,10.5,-22.3
2025-03-09 15:07:00,M0041,OP0007,T00534,,,1.63,8.16,0.2,0.03,0.05,1.58,8.16,10.5,-22.3
2025-03-09 15:19:00,M0041,OP0007,T00534,,,1.63,8.16,0.2,0.04,0.05,1.58,8.16,10.5,-22.3
2025-03-09 15:31:00,M0041,OP0007,T00534,,,1.63,8.16,0.2,0.04,0.05,1.58,8.16,10.5,-22.3
2025-03-09 15:43:00,M0041,OP0007,T00534,,,1.63,8.16,0.2,0.04,0.05,1.58,8.16,10.5,-22.3
2025-03-09 15:55:00,M0041,OP0007,T00534,,,1.63,8.16,0.2,0.03,0.05,1.58,8.16,10.5,-22.3
2025-08-03 15:46:00,M0029,OP0051,T00535,374.0,,3.58,17.9,0.2,0.04,0.18,3.39,17.9,25.0,-28.4
2025-08-03 15:58:00,M0029,OP0051,T00535,,,3.58,17.9,0.2,0.03,0.18,3.39,17.9,25.0,-28.4
2025-08-03 16:10:00,M0029,OP0051,T00535,,,3.58,17.9,0.2,0.02,0.18,3.39,17.9,25.0,-28.4
2025-08-03 16:22:00,M0029,OP0051,T00535,,,3.58,17.9,0.2,0.04,0.18,3.39,17.9,25.0,-28.4
2025-08-03 16:34:00,M0029,OP0051,T00535,,,3.58,17.9,0.2,0.03,0.18,3.39,17.9,25.0,-28.4
2025-08-03 16:46:00,M0029,OP0051,T00535,,,3.58,17.9,0.2,0.04,0.18,3.39,17.9,25.0,-28.4
2025-08-03 16:58:00,M0029,OP0051,T00535,,,3.58,17.9,0.2,0.03,0.18,3.39,17.9,25.0,-28.4
2025-08-03 17:10:00,M0029,OP0051,T00535,,,3.58,17.9,0.2,0.03,0.18,3.39,17.9,25.0,-28.4
2025-08-03 17:22:00,M0029,OP0051,T00535,,,3.58,17.9,0.2,0.03,0.18,3.39,17.9,25.0,-28.4
2025-08-03 17:34:00,M0029,OP0051,T00535,,,3.58,17.9,0.2,0.04,0.18,3.39,17.9,25.0,-28.4
2025-08-03 17:46:00,M0029,OP0051,T00535,,,3.58,17.9,0.2,0.04,0.18,3.39,17.9,25.0,-28.4
2025-08-03 17:58:00,M0029,OP0051,T00535,,,3.58,17.9,0.2,0.02,0.18,3.39,17.9,25.0,-28.4
2025-08-03 18:10:00,M0029,OP0051,T00535,,,3.58,17.9,0.2,0.03,0.18,3.39,17.9,25.0,-28.4
2025-08-03 18:22:00,M0029,OP0051,T00535,,,3.58,17.9,0.2,0.02,0.18,3.39,17.9,25.0,-28.4
2025-08-03 18:34:00,M0029,OP0051,T00535,,,3.58,17.9,0.2,0.03,0.18,3.39,17.9,25.0,-28.4
2025-08-03 18:46:00,M0029,OP0051,T00535,,,3.58,17.9,0.2,0.02,0.18,3.39,17.9,25.0,-28.4
2025-08-03 18:58:00,M0029,OP0051,T00535,,,3.58,17.9,0.2,0.04,0.18,3.39,17.9,25.0,-28.4
2025-08-03 19:10:00,M0029,OP0051,T00535,,,3.58,17.9,0.2,0.03,0.18,3.39,17.9,25.0,-28.4
2025-08-03 19:22:00,M0029,OP0051,T00535,,,3.58,17.9,0.2,0.03,0.18,3.39,17.9,25.0,-28.4
2025-08-03 19:34:00,M0029,OP0051,T00535,,,3.58,17.9,0.2,0.03,0.18,3.39,17.9,25.0,-28.4
2025-08-16 08:43:00,M0011,OP0048,T00536,199.0,,1.54,7.7,0.2,0.03,0.09,1.45,7.7,10.5,-26.6
2025-08-16 08:55:00,M0011,OP0048,T00536,,,1.54,7.7,0.2,0.02,0.09,1.45,7.7,10.5,-26.6
2025-08-16 09:07:00,M0011,OP0048,T00536,,,1.54,7.7,0.2,0.02,0.09,1.45,7.7,10.5,-26.6
2025-08-16 09:19:00,M0011,OP0048,T00536,,,1.54,7.7,0.2,0.02,0.09,1.45,7.7,10.5,-26.6
2025-08-16 09:31:00,M0011,OP0048,T00536,,,1.54,7.7,0.2,0.03,0.09,1.45,7.7,10.5,-26.6
2025-08-16 09:43:00,M0011,OP0048,T00536,,,1.54,7.7,0.2,0.02,0.09,1.45,7.7,10.5,-26.6
2025-08-16 09:55:00,M0011,OP0048,T00536,,,1.54,7.7,0.2,0.03,0.09,1.45,7.7,10.5,-26.6
2025-08-16 10:07:00,M0011,OP0048,T00536,,,1.54,7.7,0.2,0.02,0.09,1.45,7.7,10.5,-26.6
2025-08-16 10:19:00,M0011,OP0048,T00536,,,1.54,7.7,0.2,0.02,0.09,1.45,7.7,10.5,-26.6
2025-08-16 10:31:00,M0011,OP0048,T00536,,,1.54,7.7,0.2,0.03,0.09,1.45,7.7,10.5,-26.6
2025-08-16 10:43:00,M0011,OP0048,T00536,,,1.54,7.7,0.2,0.02,0.09,1.45,7.7,10.5,-26.6
2025-08-16 10:55:00,M0011,OP0048,T00536,,,1.54,7.7,0.2,0.03,0.09,1.45,7.7,10.5,-26.6
2025-08-16 11:07:00,M0011,OP0048,T00536,,,1.54,7.7,0.2,0.02,0.09,1.45,7.7,10.5,-26.6
2025-08-16 11:19:00,M0011,OP0048,T00536,,,1.54,7.7,0.2,0.03,0.09,1.45,7.7,10.5,-26.6
2025-08-16 11:31:00,M0011,OP0048,T00536,,,1.54,7.7,0.2,0.02,0.09,1.45,7.7,10.5,-26.6
2025-08-16 11:43:00,M0011,OP0048,T00536,,,1.54,7.7,0.2,0.03,0.09,1.45,7.7,10.5,-26.6
2025-08-16 11:55:00,M0011,OP0048,T00536,,,1.54,7.7,0.2,0.03,0.09,1.45,7.7,10.5,-26.6
2025-08-16 12:07:00,M0011,OP0048,T00536,,,1.54,7.7,0.2,0.02,0.09,1.45,7.7,10.5,-26.6
2025-08-16 12:19:00,M0011,OP0048,T00536,,,1.54,7.7,0.2,0.02,0.09,1.45,7.7,10.5,-26.6
2025-08-16 12:31:00,M0011,OP0048,T00536,,,1.54,7.7,0.2,0.02,0.09,1.45,7.7,10.5,-26.6
2025-09-08 12:06:00,M0029,OP0030,T00538,356.5,,3.79,18.94,0.2,0.02,0.17,3.61,18.94,25.0,-24.3
2025-09-08 12:18:00,M0029,OP0030,T00538,,,3.79,18.94,0.2,0.03,0.17,3.61,18.94,25.0,-24.3
2025-09-08 12:30:00,M0029,OP0030,T00538,,,3.79,18.94,0.2,0.02,0.17,3.61,18.94,25.0,-24.3
2025-09-08 12:42:00,M0029,OP0030,T00538,,,3.79,18.94,0.2,0.03,0.17,3.61,18.94,25.0,-24.3
2025-09-08 12:54:00,M0029,OP0030,T00538,,,3.79,18.94,0.2,0.03,0.17,3.61,18.94,25.0,-24.3
2025-09-08 13:06:00,M0029,OP0030,T00538,,,3.79,18.94,0.2,0.02,0.17,3.61,18.94,25.0,-24.3
2025-09-08 13:18:00,M0029,OP0030,T00538,,,3.79,18.94,0.2,0.03,0.17,3.61,18.94,25.0,-24.3
2025-09-08 13:30:00,M0029,OP0030,T00538,,,3.79,18.94,0.2,0.02,0.17,3.61,18.94,25.0,-24.3
2025-09-08 13:42:00,M0029,OP0030,T00538,,,3.79,18.94,0.2,0.02,0.17,3.61,18.94,25.0,-24.3
2025-09-08 13:54:00,M0029,OP0030,T00538,,,3.79,18.94,0.2,0.03,0.17,3.61,18.94,25.0,-24.3
2025-09-08 14:06:00,M0029,OP0030,T00538,,,3.79,18.94,0.2,0.03,0.17,3.61,18.94,25.0,-24.3
2025-09-08 14:18:00,M0029,OP0030,T00538,,,3.79,18.94,0.2,0.02,0.17,3.61,18.94,25.0,-24.3
2025-09-08 14:30:00,M0029,OP0030,T00538,,,3.79,18.94,0.2,0.02,0.17,3.61,18.94,25.0,-24.3
2025-09-08 14:42:00,M0029,OP0030,T00538,,,3.79,18.94,0.2,0.02,0.17,3.61,18.94,25.0,-24.3
2025-09-08 14:54:00,M0029,OP0030,T00538,,,3.79,18.94,0.2,0.02,0.17,3.61,18.94,25.0,-24.3
2025-09-08 15:06:00,M0029,OP0030,T00538,,,3.79,18.94,0.2,0.03,0.17,3.61,18.94,25.0,-24.3
2025-09-08 15:18:00,M0029,OP0030,T00538,,,3.79,18.94,0.2,0.02,0.17,3.61,18.94,25.0,-24.3
2025-09-08 15:30:00,M0029,OP0030,T00538,,,3.79,18.94,0.2,0.02,0.17,3.61,18.94,25.0,-24.3
2025-09-08 15:42:00,M0029,OP0030,T00538,,,3.79,18.94,0.2,0.02,0.17,3.61,18.94,25.0,-24.3
2025-09-08 15:54:00,M0029,OP0030,T00538,,,3.79,18.94,0.2,0.02,0.17,3.61,18.94,25.0,-24.3
2025-04-28 11:08:00,M0012,OP0018,T00539,392.3,,4.07,20.37,0.2,0.03,0.13,3.95,20.37,28.0,-27.2
2025-04-28 11:20:00,M0012,OP0018,T00539,,,4.07,20.37,0.2,0.02,0.13,3.95,20.37,28.0,-27.2
2025-04-28 11:32:00,M0012,OP0018,T00539,,,4.07,20.37,0.2,0.03,0.13,3.95,20.37,28.0,-27.2
2025-04-28 11:44:00,M0012,OP0018,T00539,,,4.07,20.37,0.2,0.03,0.13,3.95,20.37,28.0,-27.2
2025-04-28 11:56:00,M0012,OP0018,T00539,,,4.07,20.37,0.2,0.04,0.13,3.95,20.37,28.0,-27.2
2025-04-28 12:08:00,M0012,OP0018,T00539,,,4.07,20.37,0.2,0.04,0.13,3.95,20.37,28.0,-27.2
2025-04-28 12:20:00,M0012,OP0018,T00539,,,4.07,20.37,0.2,0.03,0.13,3.95,20.37,28.0,-27.2
2025-04-28 12:32:00,M0012,OP0018,T00539,,,4.07,20.37,0.2,0.03,0.13,3.95,20.37,28.0,-27.2
2025-04-28 12:44:00,M0012,OP0018,T00539,,,4.07,20.37,0.2,0.03,0.13,3.95,20.37,28.0,-27.2
2025-04-28 12:56:00,M0012,OP0018,T00539,,,4.07,20.37,0.2,0.03,0.13,3.95,20.37,28.0,-27.2
2025-04-28 13:08:00,M0012,OP0018,T00539,,,4.07,20.37,0.2,0.02,0.13,3.95,20.37,28.0,-27.2
2025-04-28 13:20:00,M0012,OP0018,T00539,,,4.07,20.37,0.2,0.03,0.13,3.95,20.37,28.0,-27.2
2025-04-28 13:32:00,M0012,OP0018,T00539,,,4.07,20.37,0.2,0.03,0.13,3.95,20.37,28.0,-27.2
2025-04-28 13:44:00,M0012,OP0018,T00539,,,4.07,20.37,0.2,0.03,0.13,3.95,20.37,28.0,-27.2
2025-04-28 13:56:00,M0012,OP0018,T00539,,,4.07,20.37,0.2,0.04,0.13,3.95,20.37,28.0,-27.2
2025-04-28 14:08:00,M0012,OP0018,T00539,,,4.07,20.37,0.2,0.04,0.13,3.95,20.37,28.0,-27.2
2025-04-28 14:20:00,M0012,OP0018,T00539,,,4.07,20.37,0.2,0.03,0.13,3.95,20.37,28.0,-27.2
2025-04-28 14:32:00,M0012,OP0018,T00539,,,4.07,20.37,0.2,0.03,0.13,3.95,20.37,28.0,-27.2
2025-04-28 14:44:00,M0012,OP0018,T00539,,,4.07,20.37,0.2,0.04,0.13,3.95,20.37,28.0,-27.2
2025-04-28 14:56:00,M0012,OP0018,T00539,,,4.07,20.37,0.2,0.04,0.13,3.95,20.37,28.0,-27.2
2025-03-03 06:36:00,M0005,OP0029,T00540,595.6,,4.44,22.18,0.2,0.04,0.19,4.25,22.18,28.0,-20.8
2025-03-03 06:48:00,M0005,OP0029,T00540,,,4.44,22.18,0.2,0.04,0.19,4.25,22.18,28.0,-20.8
2025-03-03 07:00:00,M0005,OP0029,T00540,,,4.44,22.18,0.2,0.04,0.19,4.25,22.18,28.0,-20.8
2025-03-03 07:12:00,M0005,OP0029,T00540,,,4.44,22.18,0.2,0.04,0.19,4.25,22.18,28.0,-20.8
2025-03-03 07:24:00,M0005,OP0029,T00540,,,4.44,22.18,0.2,0.04,0.19,4.25,22.18,28.0,-20.8
2025-03-03 07:36:00,M0005,OP0029,T00540,,,4.44,22.18,0.2,0.05,0.19,4.25,22.18,28.0,-20.8
2025-03-03 07:48:00,M0005,OP0029,T00540,,,4.44,22.18,0.2,0.04,0.19,4.25,22.18,28.0,-20.8
2025-03-03 08:00:00,M0005,OP0029,T00540,,,4.44,22.18,0.2,0.06,0.19,4.25,22.18,28.0,-20.8
2025-03-03 08:12:00,M0005,OP0029,T00540,,,4.44,22.18,0.2,0.04,0.19,4.25,22.18,28.0,-20.8
2025-03-03 08:24:00,M0005,OP0029,T00540,,,4.44,22.18,0.2,0.05,0.19,4.25,22.18,28.0,-20.8
2025-03-03 08:36:00,M0005,OP0029,T00540,,,4.44,22.18,0.2,0.03,0.19,4.25,22.18,28.0,-20.8
2025-03-03 08:48:00,M0005,OP0029,T00540,,,4.44,22.18,0.2,0.04,0.19,4.25,22.18,28.0,-20.8
2025-03-03 09:00:00,M0005,OP0029,T00540,,,4.44,22.18,0.2,0.05,0.19,4.25,22.18,28.0,-20.8
2025-03-03 09:12:00,M0005,OP0029,T00540,,,4.44,22.18,0.2,0.03,0.19,4.25,22.18,28.0,-20.8
2025-03-03 09:24:00,M0005,OP0029,T00540,,,4.44,22.18,0.2,0.03,0.19,4.25,22.18,28.0,-20.8
2025-03-03 09:36:00,M0005,OP0029,T00540,,,4.44,22.18,0.2,0.05,0.19,4.25,22.18,28.0,-20.8
2025-03-03 09:48:00,M0005,OP0029,T00540,,,4.44,22.18,0.2,0.05,0.19,4.25,22.18,28.0,-20.8
2025-03-03 10:00:00,M0005,OP0029,T00540,,,4.44,22.18,0.2,0.06,0.19,4.25,22.18,28.0,-20.8
2025-03-03 10:12:00,M0005,OP0029,T00540,,,4.44,22.18,0.2,0.05,0.19,4.25,22.18,28.0,-20.8
2025-03-03 10:24:00,M0005,OP0029,T00540,,,4.44,22.18,0.2,0.03,0.19,4.25,22.18,28.0,-20.8
2025-06-24 07:27:00,M0039,OP0027,T00543,485.6,,2.53,12.67,0.2,0.05,0.23,2.31,12.67,20.0,-36.7
2025-06-24 07:39:00,M0039,OP0027,T00543,,,2.53,12.67,0.2,0.04,0.23,2.31,12.67,20.0,-36.7
2025-06-24 07:51:00,M0039,OP0027,T00543,,,2.53,12.67,0.2,0.06,0.23,2.31,12.67,20.0,-36.7
2025-06-24 08:03:00,M0039,OP0027,T00543,,,2.53,12.67,0.2,0.05,0.23,2.31,12.67,20.0,-36.7
2025-06-24 08:15:00,M0039,OP0027,T00543,,,2.53,12.67,0.2,0.06,0.23,2.31,12.67,20.0,-36.7
2025-06-24 08:27:00,M0039,OP0027,T00543,,,1.27,12.67,0.1,0.02,0.11,1.15,12.67,20.0,-36.7
2025-07-01 08:10:00,M0037,OP0004,T00544,323.7,,2.09,10.47,0.2,0.0,0.07,2.02,10.47,12.0,-12.7
2025-07-01 08:22:00,M0037,OP0004,T00544,,,2.09,10.47,0.2,0.0,0.07,2.02,10.47,12.0,-12.7
2025-07-01 08:34:00,M0037,OP0004,T00544,,,2.09,10.47,0.2,0.0,0.07,2.02,10.47,12.0,-12.7
2025-07-01 08:46:00,M0037,OP0004,T00544,,,2.09,10.47,0.2,0.0,0.07,2.02,10.47,12.0,-12.7
2025-07-01 08:58:00,M0037,OP0004,T00544,,,2.09,10.47,0.2,0.0,0.07,2.02,10.47,12.0,-12.7
2025-07-01 09:10:00,M0037,OP0004,T00544,,,2.09,10.47,0.2,0.0,0.07,2.02,10.47,12.0,-12.7
2025-07-01 09:22:00,M0037,OP0004,T00544,,,2.09,10.47,0.2,0.01,0.07,2.02,10.47,12.0,-12.7
2025-07-01 09:34:00,M0037,OP0004,T00544,,,2.09,10.47,0.2,0.01,0.07,2.02,10.47,12.0,-12.7
2025-07-01 09:46:00,M0037,OP0004,T00544,,,2.09,10.47,0.2,0.01,0.07,2.02,10.47,12.0,-12.7
2025-07-01 09:58:00,M0037,OP0004,T00544,,,2.09,10.47,0.2,0.0,0.07,2.02,10.47,12.0,-12.7
2025-07-01 10:10:00,M0037,OP0004,T00544,,,2.09,10.47,0.2,0.0,0.07,2.02,10.47,12.0,-12.7
2025-07-01 10:22:00,M0037,OP0004,T00544,,,2.09,10.47,0.2,0.0,0.07,2.02,10.47,12.0,-12.7
2025-07-01 10:34:00,M0037,OP0004,T00544,,,2.09,10.47,0.2,0.0,0.07,2.02,10.47,12.0,-12.7
2025-07-01 10:46:00,M0037,OP0004,T00544,,,2.09,10.47,0.2,0.0,0.07,2.02,10.47,12.0,-12.7
2025-07-01 10:58:00,M0037,OP0004,T00544,,,2.09,10.47,0.2,0.0,0.07,2.02,10.47,12.0,-12.7
2025-07-01 11:10:00,M0037,OP0004,T00544,,,2.09,10.47,0.2,0.0,0.07,2.02,10.47,12.0,-12.7
2025-07-01 11:22:00,M0037,OP0004,T00544,,,2.09,10.47,0.2,0.01,0.07,2.02,10.47,12.0,-12.7
2025-07-01 11:34:00,M0037,OP0004,T00544,,,2.09,10.47,0.2,0.01,0.07,2.02,10.47,12.0,-12.7
2025-07-01 11:46:00,M0037,OP0004,T00544,,,2.09,10.47,0.2,0.0,0.07,2.02,10.47,12.0,-12.7
2025-07-01 11:58:00,M0037,OP0004,T00544,,,2.09,10.47,0.2,0.01,0.07,2.02,10.47,12.0,-12.7
2025-05-20 11:58:00,M0015,OP0028,T00545,275.4,,2.52,12.58,0.2,0.06,0.25,2.27,12.58,20.0,-37.1
2025-05-20 12:10:00,M0015,OP0028,T00545,,,2.52,12.58,0.2,0.04,0.25,2.27,12.58,20.0,-37.1
2025-05-20 12:22:00,M0015,OP0028,T00545,,,2.52,12.58,0.2,0.05,0.25,2.27,12.58,20.0,-37.1
2025-05-20 12:34:00,M0015,OP0028,T00545,,,2.52,12.58,0.2,0.05,0.25,2.27,12.58,20.0,-37.1
2025-05-20 12:46:00,M0015,OP0028,T00545,,,2.52,12.58,0.2,0.06,0.25,2.27,12.58,20.0,-37.1
2025-05-20 12:58:00,M0015,OP0028,T00545,,,2.52,12.58,0.2,0.04,0.25,2.27,12.58,20.0,-37.1
2025-05-20 13:10:00,M0015,OP0028,T00545,,,2.52,12.58,0.2,0.07,0.25,2.27,12.58,20.0,-37.1
2025-05-20 13:22:00,M0015,OP0028,T00545,,,2.52,12.58,0.2,0.05,0.25,2.27,12.58,20.0,-37.1
2025-05-20 13:34:00,M0015,OP0028,T00545,,,2.52,12.58,0.2,0.06,0.25,2.27,12.58,20.0,-37.1
2025-05-20 13:46:00,M0015,OP0028,T00545,,,2.52,12.58,0.2,0.06,0.25,2.27,12.58,20.0,-37.1
2025-05-20 13:58:00,M0015,OP0028,T00545,,,2.52,12.58,0.2,0.04,0.25,2.27,12.58,20.0,-37.1
2025-05-20 14:10:00,M0015,OP0028,T00545,,,2.52,12.58,0.2,0.05,0.25,2.27,12.58,20.0,-37.1
2025-05-20 14:22:00,M0015,OP0028,T00545,,,2.52,12.58,0.2,0.04,0.25,2.27,12.58,20.0,-37.1
2025-05-20 14:34:00,M0015,OP0028,T00545,,,2.52,12.58,0.2,0.06,0.25,2.27,12.58,20.0,-37.1
2025-05-20 14:46:00,M0015,OP0028,T00545,,,2.52,12.58,0.2,0.04,0.25,2.27,12.58,20.0,-37.1
2025-05-20 14:58:00,M0015,OP0028,T00545,,,2.52,12.58,0.2,0.04,0.25,2.27,12.58,20.0,-37.1
2025-05-20 15:10:00,M0015,OP0028,T00545,,,2.52,12.58,0.2,0.06,0.25,2.27,12.58,20.0,-37.1
2025-05-20 15:22:00,M0015,OP0028,T00545,,,2.52,12.58,0.2,0.06,0.25,2.27,12.58,20.0,-37.1
2025-05-20 15:34:00,M0015,OP0028,T00545,,,2.52,12.58,0.2,0.05,0.25,2.27,12.58,20.0,-37.1
2025-05-20 15:46:00,M0015,OP0028,T00545,,,1.26,12.58,0.1,0.03,0.12,1.14,12.58,20.0,-37.1
2025-05-12 13:15:00,M0014,OP0001,T00546,531.1,,4.2,21.02,0.2,0.01,0.25,3.95,21.02,28.0,-24.9
2025-05-12 13:27:00,M0014,OP0001,T00546,,,4.2,21.02,0.2,0.01,0.25,3.95,21.02,28.0,-24.9
2025-05-12 13:39:00,M0014,OP0001,T00546,,,4.2,21.02,0.2,0.01,0.25,3.95,21.02,28.0,-24.9
2025-05-12 13:51:00,M0014,OP0001,T00546,,,4.2,21.02,0.2,0.01,0.25,3.95,21.02,28.0,-24.9
2025-05-12 14:03:00,M0014,OP0001,T00546,,,4.2,21.02,0.2,0.01,0.25,3.95,21.02,28.0,-24.9
2025-05-12 14:15:00,M0014,OP0001,T00546,,,4.2,21.02,0.2,0.02,0.25,3.95,21.02,28.0,-24.9
2025-05-12 14:27:00,M0014,OP0001,T00546,,,4.2,21.02,0.2,0.01,0.25,3.95,21.02,28.0,-24.9
2025-05-12 14:39:00,M0014,OP0001,T00546,,,4.2,21.02,0.2,0.01,0.25,3.95,21.02,28.0,-24.9
2025-05-12 14:51:00,M0014,OP0001,T00546,,,4.2,21.02,0.2,0.01,0.25,3.95,21.02,28.0,-24.9
2025-05-12 15:03:00,M0014,OP0001,T00546,,,4.2,21.02,0.2,0.01,0.25,3.95,21.02,28.0,-24.9
2025-05-12 15:15:00,M0014,OP0001,T00546,,,4.2,21.02,0.2,0.01,0.25,3.95,21.02,28.0,-24.9
2025-05-12 15:27:00,M0014,OP0001,T00546,,,4.2,21.02,0.2,0.01,0.25,3.95,21.02,28.0,-24.9
2025-05-12 15:39:00,M0014,OP0001,T00546,,,4.2,21.02,0.2,0.01,0.25,3.95,21.02,28.0,-24.9
2025-05-12 15:51:00,M0014,OP0001,T00546,,,4.2,21.02,0.2,0.01,0.25,3.95,21.02,28.0,-24.9
2025-05-12 16:03:00,M0014,OP0001,T00546,,,4.2,21.02,0.2,0.01,0.25,3.95,21.02,28.0,-24.9
2025-05-12 16:15:00,M0014,OP0001,T00546,,,4.2,21.02,0.2,0.02,0.25,3.95,21.02,28.0,-24.9
2025-05-12 16:27:00,M0014,OP0001,T00546,,,4.2,21.02,0.2,0.01,0.25,3.95,21.02,28.0,-24.9
2025-05-12 16:39:00,M0014,OP0001,T00546,,,4.2,21.02,0.2,0.02,0.25,3.95,21.02,28.0,-24.9
2025-05-12 16:51:00,M0014,OP0001,T00546,,,4.2,21.02,0.2,0.01,0.25,3.95,21.02,28.0,-24.9
2025-05-12 17:03:00,M0014,OP0001,T00546,,,4.2,21.02,0.2,0.01,0.25,3.95,21.02,28.0,-24.9
2025-09-20 15:32:00,M0027,OP0035,T00547,438.9,,2.8,14.02,0.2,0.03,0.13,2.67,14.02,20.0,-29.9
2025-09-20 15:44:00,M0027,OP0035,T00547,,,2.8,14.02,0.2,0.03,0.13,2.67,14.02,20.0,-29.9
2025-09-20 15:56:00,M0027,OP0035,T00547,,,2.8,14.02,0.2,0.02,0.13,2.67,14.02,20.0,-29.9
2025-09-20 16:08:00,M0027,OP0035,T00547,,,2.8,14.02,0.2,0.02,0.13,2.67,14.02,20.0,-29.9
2025-09-20 16:20:00,M0027,OP0035,T00547,,,2.8,14.02,0.2,0.02,0.13,2.67,14.02,20.0,-29.9
2025-09-20 16:32:00,M0027,OP0035,T00547,,,2.8,14.02,0.2,0.03,0.13,2.67,14.02,20.0,-29.9
2025-09-20 16:44:00,M0027,OP0035,T00547,,,2.8,14.02,0.2,0.03,0.13,2.67,14.02,20.0,-29.9
2025-09-20 16:56:00,M0027,OP0035,T00547,,,2.8,14.02,0.2,0.02,0.13,2.67,14.02,20.0,-29.9
2025-09-20 17:08:00,M0027,OP0035,T00547,,,2.8,14.02,0.2,0.02,0.13,2.67,14.02,20.0,-29.9
2025-09-20 17:20:00,M0027,OP0035,T00547,,,2.8,14.02,0.2,0.03,0.13,2.67,14.02,20.0,-29.9
2025-09-20 17:32:00,M0027,OP0035,T00547,,,2.8,14.02,0.2,0.03,0.13,2.67,14.02,20.0,-29.9
2025-09-20 17:44:00,M0027,OP0035,T00547,,,2.8,14.02,0.2,0.02,0.13,2.67,14.02,20.0,-29.9
2025-09-20 17:56:00,M0027,OP0035,T00547,,,2.8,14.02,0.2,0.02,0.13,2.67,14.02,20.0,-29.9
2025-09-20 18:08:00,M0027,OP0035,T00547,,,2.8,14.02,0.2,0.02,0.13,2.67,14.02,20.0,-29.9
2025-09-20 18:20:00,M0027,OP0035,T00547,,,2.8,14.02,0.2,0.02,0.13,2.67,14.02,20.0,-29.9
2025-09-20 18:32:00,M0027,OP0035,T00547,,,2.8,14.02,0.2,0.03,0.13,2.67,14.02,20.0,-29.9
2025-09-20 18:44:00,M0027,OP0035,T00547,,,2.8,14.02,0.2,0.02,0.13,2.67,14.02,20.0,-29.9
2025-09-20 18:56:00,M0027,OP0035,T00547,,,2.8,14.02,0.2,0.02,0.13,2.67,14.02,20.0,-29.9
2025-09-20 19:08:00,M0027,OP0035,T00547,,,2.8,14.02,0.2,0.03,0.13,2.67,14.02,20.0,-29.9
2025-09-20 19:20:00,M0027,OP0035,T00547,,,2.8,14.02,0.2,0.02,0.13,2.67,14.02,20.0,-29.9
2025-04-24 11:02:00,M0021,OP0006,T00548,216.7,,2.55,12.76,0.2,0.02,0.14,2.42,12.76,14.5,-12.0
2025-04-24 11:14:00,M0021,OP0006,T00548,,,2.55,12.76,0.2,0.02,0.14,2.42,12.76,14.5,-12.0
2025-04-24 11:26:00,M0021,OP0006,T00548,,,2.55,12.76,0.2,0.02,0.14,2.42,12.76,14.5,-12.0
2025-04-24 11:38:00,M0021,OP0006,T00548,,,2.55,12.76,0.2,0.02,0.14,2.42,12.76,14.5,-12.0
2025-04-24 11:50:00,M0021,OP0006,T00548,,,2.55,12.76,0.2,0.02,0.14,2.42,12.76,14.5,-12.0
2025-04-24 12:02:00,M0021,OP0006,T00548,,,2.55,12.76,0.2,0.01,0.14,2.42,12.76,14.5,-12.0
2025-04-24 12:14:00,M0021,OP0006,T00548,,,2.55,12.76,0.2,0.02,0.14,2.42,12.76,14.5,-12.0
2025-04-24 12:26:00,M0021,OP0006,T00548,,,2.55,12.76,0.2,0.02,0.14,2.42,12.76,14.5,-12.0
2025-04-24 12:38:00,M0021,OP0006,T00548,,,2.55,12.76,0.2,0.02,0.14,2.42,12.76,14.5,-12.0
2025-04-24 12:50:00,M0021,OP0006,T00548,,,2.55,12.76,0.2,0.02,0.14,2.42,12.76,14.5,-12.0
2025-04-24 13:02:00,M0021,OP0006,T00548,,,2.55,12.76,0.2,0.02,0.14,2.42,12.76,14.5,-12.0
2025-04-24 13:14:00,M0021,OP0006,T00548,,,2.55,12.76,0.2,0.01,0.14,2.42,12.76,14.5,-12.0
2025-04-24 13:26:00,M0021,OP0006,T00548,,,2.55,12.76,0.2,0.01,0.14,2.42,12.76,14.5,-12.0
2025-04-24 13:38:00,M0021,OP0006,T00548,,,2.55,12.76,0.2,0.02,0.14,2.42,12.76,14.5,-12.0
2025-04-24 13:50:00,M0021,OP0006,T00548,,,2.55,12.76,0.2,0.01,0.14,2.42,12.76,14.5,-12.0
2025-04-24 14:02:00,M0021,OP0006,T00548,,,2.55,12.76,0.2,0.02,0.14,2.42,12.76,14.5,-12.0
2025-04-24 14:14:00,M0021,OP0006,T00548,,,2.55,12.76,0.2,0.02,0.14,2.42,12.76,14.5,-12.0
2025-04-24 14:26:00,M0021,OP0006,T00548,,,2.55,12.76,0.2,0.01,0.14,2.42,12.76,14.5,-12.0
2025-04-24 14:38:00,M0021,OP0006,T00548,,,2.55,12.76,0.2,0.01,0.14,2.42,12.76,14.5,-12.0
2025-04-24 14:50:00,M0021,OP0006,T00548,,,2.55,12.76,0.2,0.01,0.14,2.42,12.76,14.5,-12.0
2025-05-15 12:12:00,M0029,OP0017,T00549,405.8,,4.36,21.78,0.2,0.03,0.25,4.1,21.78,25.0,-12.9
2025-05-15 12:24:00,M0029,OP0017,T00549,,,4.36,21.78,0.2,0.02,0.25,4.1,21.78,25.0,-12.9
2025-05-15 12:36:00,M0029,OP0017,T00549,,,4.36,21.78,0.2,0.04,0.25,4.1,21.78,25.0,-12.9
2025-05-15 12:48:00,M0029,OP0017,T00549,,,4.36,21.78,0.2,0.04,0.25,4.1,21.78,25.0,-12.9
2025-05-15 13:00:00,M0029,OP0017,T00549,,,4.36,21.78,0.2,0.02,0.25,4.1,21.78,25.0,-12.9
2025-05-15 13:12:00,M0029,OP0017,T00549,,,4.36,21.78,0.2,0.03,0.25,4.1,21.78,25.0,-12.9
2025-05-15 13:24:00,M0029,OP0017,T00549,,,4.36,21.78,0.2,0.03,0.25,4.1,21.78,25.0,-12.9
2025-05-15 13:36:00,M0029,OP0017,T00549,,,4.36,21.78,0.2,0.03,0.25,4.1,21.78,25.0,-12.9
2025-05-15 13:48:00,M0029,OP0017,T00549,,,4.36,21.78,0.2,0.03,0.25,4.1,21.78,25.0,-12.9
2025-05-15 14:00:00,M0029,OP0017,T00549,,,4.36,21.78,0.2,0.03,0.25,4.1,21.78,25.0,-12.9
2025-05-15 14:12:00,M0029,OP0017,T00549,,,4.36,21.78,0.2,0.02,0.25,4.1,21.78,25.0,-12.9
2025-05-15 14:24:00,M0029,OP0017,T00549,,,4.36,21.78,0.2,0.02,0.25,4.1,21.78,25.0,-12.9
2025-05-15 14:36:00,M0029,OP0017,T00549,,,4.36,21.78,0.2,0.03,0.25,4.1,21.78,25.0,-12.9
2025-05-15 14:48:00,M0029,OP0017,T00549,,,4.36,21.78,0.2,0.03,0.25,4.1,21.78,25.0,-12.9
2025-05-15 15:00:00,M0029,OP0017,T00549,,,4.36,21.78,0.2,0.03,0.25,4.1,21.78,25.0,-12.9
2025-05-15 15:12:00,M0029,OP0017,T00549,,,4.36,21.78,0.2,0.02,0.25,4.1,21.78,25.0,-12.9
2025-05-15 15:24:00,M0029,OP0017,T00549,,,4.36,21.78,0.2,0.02,0.25,4.1,21.78,25.0,-12.9
2025-05-15 15:36:00,M0029,OP0017,T00549,,,4.36,21.78,0.2,0.03,0.25,4.1,21.78,25.0,-12.9
2025-05-15 15:48:00,M0029,OP0017,T00549,,,4.36,21.78,0.2,0.03,0.25,4.1,21.78,25.0,-12.9
2025-05-15 16:00:00,M0029,OP0017,T00549,,,4.36,21.78,0.2,0.02,0.25,4.1,21.78,25.0,-12.9
2025-02-02 12:42:00,M0013,OP0028,T00550,120.7,,1.58,7.92,0.2,0.04,0.06,1.52,7.92,10.5,-24.5
2025-02-02 12:54:00,M0013,OP0028,T00550,,,1.58,7.92,0.2,0.04,0.06,1.52,7.92,10.5,-24.5
2025-02-02 13:06:00,M0013,OP0028,T00550,,,1.58,7.92,0.2,0.05,0.06,1.52,7.92,10.5,-24.5
2025-02-02 13:18:00,M0013,OP0028,T00550,,,1.58,7.92,0.2,0.05,0.06,1.52,7.92,10.5,-24.5
2025-02-02 13:30:00,M0013,OP0028,T00550,,,1.58,7.92,0.2,0.05,0.06,1.52,7.92,10.5,-24.5
2025-02-02 13:42:00,M0013,OP0028,T00550,,,1.58,7.92,0.2,0.03,0.06,1.52,7.92,10.5,-24.5
2025-02-02 13:54:00,M0013,OP0028,T00550,,,1.58,7.92,0.2,0.03,0.06,1.52,7.92,10.5,-24.5
2025-02-02 14:06:00,M0013,OP0028,T00550,,,1.58,7.92,0.2,0.04,0.06,1.52,7.92,10.5,-24.5
2025-02-02 14:18:00,M0013,OP0028,T00550,,,1.58,7.92,0.2,0.04,0.06,1.52,7.92,10.5,-24.5
2025-02-02 14:30:00,M0013,OP0028,T00550,,,1.58,7.92,0.2,0.04,0.06,1.52,7.92,10.5,-24.5
2025-02-02 14:42:00,M0013,OP0028,T00550,,,1.58,7.92,0.2,0.05,0.06,1.52,7.92,10.5,-24.5
2025-02-02 14:54:00,M0013,OP0028,T00550,,,1.58,7.92,0.2,0.03,0.06,1.52,7.92,10.5,-24.5
2025-02-02 15:06:00,M0013,OP0028,T00550,,,1.58,7.92,0.2,0.04,0.06,1.52,7.92,10.5,-24.5
2025-02-02 15:18:00,M0013,OP0028,T00550,,,1.58,7.92,0.2,0.05,0.06,1.52,7.92,10.5,-24.5
2025-02-02 15:30:00,M0013,OP0028,T00550,,,1.58,7.92,0.2,0.04,0.06,1.52,7.92,10.5,-24.5
2025-02-02 15:42:00,M0013,OP0028,T00550,,,1.58,7.92,0.2,0.04,0.06,1.52,7.92,10.5,-24.5
2025-02-02 15:54:00,M0013,OP0028,T00550,,,1.58,7.92,0.2,0.04,0.06,1.52,7.92,10.5,-24.5
2025-02-02 16:06:00,M0013,OP0028,T00550,,,1.58,7.92,0.2,0.03,0.06,1.52,7.92,10.5,-24.5
2025-02-02 16:18:00,M0013,OP0028,T00550,,,1.58,7.92,0.2,0.05,0.06,1.52,7.92,10.5,-24.5
2025-02-02 16:30:00,M0013,OP0028,T00550,,,1.58,7.92,0.2,0.04,0.06,1.52,7.92,10.5,-24.5
2025-06-28 15:04:00,M0020,OP0055,T00551,230.7,,1.58,7.89,0.2,0.05,0.1,1.48,7.89,10.5,-24.9
2025-06-28 15:16:00,M0020,OP0055,T00551,,,1.58,7.89,0.2,0.05,0.1,1.48,7.89,10.5,-24.9
2025-06-28 15:28:00,M0020,OP0055,T00551,,,1.58,7.89,0.2,0.04,0.1,1.48,7.89,10.5,-24.9
2025-06-28 15:40:00,M0020,OP0055,T00551,,,1.58,7.89,0.2,0.03,0.1,1.48,7.89,10.5,-24.9
2025-06-28 15:52:00,M0020,OP0055,T00551,,,1.58,7.89,0.2,0.04,0.1,1.48,7.89,10.5,-24.9
2025-06-28 16:04:00,M0020,OP0055,T00551,,,1.58,7.89,0.2,0.03,0.1,1.48,7.89,10.5,-24.9
2025-06-28 16:16:00,M0020,OP0055,T00551,,,1.58,7.89,0.2,0.04,0.1,1.48,7.89,10.5,-24.9
2025-06-28 16:28:00,M0020,OP0055,T00551,,,1.58,7.89,0.2,0.04,0.1,1.48,7.89,10.5,-24.9
2025-06-28 16:40:00,M0020,OP0055,T00551,,,1.58,7.89,0.2,0.04,0.1,1.48,7.89,10.5,-24.9
2025-06-28 16:52:00,M0020,OP0055,T00551,,,1.58,7.89,0.2,0.04,0.1,1.48,7.89,10.5,-24.9
2025-06-28 17:04:00,M0020,OP0055,T00551,,,1.58,7.89,0.2,0.04,0.1,1.48,7.89,10.5,-24.9
2025-06-28 17:16:00,M0020,OP0055,T00551,,,1.58,7.89,0.2,0.03,0.1,1.48,7.89,10.5,-24.9
2025-06-28 17:28:00,M0020,OP0055,T00551,,,1.58,7.89,0.2,0.03,0.1,1.48,7.89,10.5,-24.9
2025-06-28 17:40:00,M0020,OP0055,T00551,,,1.58,7.89,0.2,0.04,0.1,1.48,7.89,10.5,-24.9
2025-06-28 17:52:00,M0020,OP0055,T00551,,,1.58,7.89,0.2,0.04,0.1,1.48,7.89,10.5,-24.9
2025-06-28 18:04:00,M0020,OP0055,T00551,,,1.58,7.89,0.2,0.03,0.1,1.48,7.89,10.5,-24.9
2025-06-28 18:16:00,M0020,OP0055,T00551,,,1.58,7.89,0.2,0.04,0.1,1.48,7.89,10.5,-24.9
2025-06-28 18:28:00,M0020,OP0055,T00551,,,1.58,7.89,0.2,0.05,0.1,1.48,7.89,10.5,-24.9
2025-06-28 18:40:00,M0020,OP0055,T00551,,,1.58,7.89,0.2,0.03,0.1,1.48,7.89,10.5,-24.9
2025-06-28 18:52:00,M0020,OP0055,T00551,,,1.58,7.89,0.2,0.04,0.1,1.48,7.89,10.5,-24.9
2025-07-11 13:42:00,M0016,OP0039,T00552,294.5,,1.75,8.75,0.2,0.01,0.12,1.63,8.75,12.0,-27.1
2025-07-11 13:54:00,M0016,OP0039,T00552,,,1.75,8.75,0.2,0.01,0.12,1.63,8.75,12.0,-27.1
2025-07-11 14:06:00,M0016,OP0039,T00552,,,1.75,8.75,0.2,0.02,0.12,1.63,8.75,12.0,-27.1
2025-07-11 14:18:00,M0016,OP0039,T00552,,,1.75,8.75,0.2,0.01,0.12,1.63,8.75,12.0,-27.1
2025-07-11 14:30:00,M0016,OP0039,T00552,,,1.75,8.75,0.2,0.01,0.12,1.63,8.75,12.0,-27.1
2025-07-11 14:42:00,M0016,OP0039,T00552,,,1.75,8.75,0.2,0.02,0.12,1.63,8.75,12.0,-27.1
2025-07-11 14:54:00,M0016,OP0039,T00552,,,1.75,8.75,0.2,0.02,0.12,1.63,8.75,12.0,-27.1
2025-07-11 15:06:00,M0016,OP0039,T00552,,,1.75,8.75,0.2,0.01,0.12,1.63,8.75,12.0,-27.1
2025-07-11 15:18:00,M0016,OP0039,T00552,,,1.75,8.75,0.2,0.01,0.12,1.63,8.75,12.0,-27.1
2025-07-11 15:30:00,M0016,OP0039,T00552,,,1.75,8.75,0.2,0.01,0.12,1.63,8.75,12.0,-27.1
2025-07-11 15:42:00,M0016,OP0039,T00552,,,1.75,8.75,0.2,0.01,0.12,1.63,8.75,12.0,-27.1
2025-07-11 15:54:00,M0016,OP0039,T00552,,,1.75,8.75,0.2,0.01,0.12,1.63,8.75,12.0,-27.1
2025-07-11 16:06:00,M0016,OP0039,T00552,,,1.75,8.75,0.2,0.01,0.12,1.63,8.75,12.0,-27.1
2025-07-11 16:18:00,M0016,OP0039,T00552,,,1.75,8.75,0.2,0.01,0.12,1.63,8.75,12.0,-27.1
2025-07-11 16:30:00,M0016,OP0039,T00552,,,1.75,8.75,0.2,0.02,0.12,1.63,8.75,12.0,-27.1
2025-07-11 16:42:00,M0016,OP0039,T00552,,,1.75,8.75,0.2,0.01,0.12,1.63,8.75,12.0,-27.1
2025-07-11 16:54:00,M0016,OP0039,T00552,,,1.75,8.75,0.2,0.02,0.12,1.63,8.75,12.0,-27.1
2025-07-11 17:06:00,M0016,OP0039,T00552,,,1.75,8.75,0.2,0.01,0.12,1.63,8.75,12.0,-27.1
2025-07-11 17:18:00,M0016,OP0039,T00552,,,1.75,8.75,0.2,0.01,0.12,1.63,8.75,12.0,-27.1
2025-07-11 17:30:00,M0016,OP0039,T00552,,,1.75,8.75,0.2,0.02,0.12,1.63,8.75,12.0,-27.1
2025-09-13 14:07:00,M0038,OP0022,T00553,421.6,,4.08,20.41,0.2,0.03,0.2,3.88,20.41,25.0,-18.3
2025-09-13 14:19:00,M0038,OP0022,T00553,,,4.08,20.41,0.2,0.03,0.2,3.88,20.41,25.0,-18.3
2025-09-13 14:31:00,M0038,OP0022,T00553,,,4.08,20.41,0.2,0.02,0.2,3.88,20.41,25.0,-18.3
2025-09-13 14:43:00,M0038,OP0022,T00553,,,4.08,20.41,0.2,0.03,0.2,3.88,20.41,25.0,-18.3
2025-09-13 14:55:00,M0038,OP0022,T00553,,,4.08,20.41,0.2,0.02,0.2,3.88,20.41,25.0,-18.3
2025-09-13 15:07:00,M0038,OP0022,T00553,,,4.08,20.41,0.2,0.03,0.2,3.88,20.41,25.0,-18.3
2025-09-13 15:19:00,M0038,OP0022,T00553,,,4.08,20.41,0.2,0.03,0.2,3.88,20.41,25.0,-18.3
2025-09-13 15:31:00,M0038,OP0022,T00553,,,4.08,20.41,0.2,0.02,0.2,3.88,20.41,25.0,-18.3
2025-09-13 15:43:00,M0038,OP0022,T00553,,,4.08,20.41,0.2,0.03,0.2,3.88,20.41,25.0,-18.3
2025-09-13 15:55:00,M0038,OP0022,T00553,,,4.08,20.41,0.2,0.03,0.2,3.88,20.41,25.0,-18.3
2025-09-13 16:07:00,M0038,OP0022,T00553,,,4.08,20.41,0.2,0.02,0.2,3.88,20.41,25.0,-18.3
2025-09-13 16:19:00,M0038,OP0022,T00553,,,4.08,20.41,0.2,0.03,0.2,3.88,20.41,25.0,-18.3
2025-09-13 16:31:00,M0038,OP0022,T00553,,,4.08,20.41,0.2,0.03,0.2,3.88,20.41,25.0,-18.3
2025-09-13 16:43:00,M0038,OP0022,T00553,,,4.08,20.41,0.2,0.02,0.2,3.88,20.41,25.0,-18.3
2025-09-13 16:55:00,M0038,OP0022,T00553,,,4.08,20.41,0.2,0.02,0.2,3.88,20.41,25.0,-18.3
2025-09-13 17:07:00,M0038,OP0022,T00553,,,4.08,20.41,0.2,0.03,0.2,3.88,20.41,25.0,-18.3
2025-09-13 17:19:00,M0038,OP0022,T00553,,,4.08,20.41,0.2,0.02,0.2,3.88,20.41,25.0,-18.3
2025-09-13 17:31:00,M0038,OP0022,T00553,,,4.08,20.41,0.2,0.02,0.2,3.88,20.41,25.0,-18.3
2025-09-13 17:43:00,M0038,OP0022,T00553,,,4.08,20.41,0.2,0.03,0.2,3.88,20.41,25.0,-18.3
2025-09-13 17:55:00,M0038,OP0022,T00553,,,4.08,20.41,0.2,0.03,0.2,3.88,20.41,25.0,-18.3
2025-08-17 09:51:00,M0039,OP0029,T00555,560.1,,3.3,16.51,0.2,0.06,0.12,3.18,16.51,20.0,-17.4
2025-08-17 10:03:00,M0039,OP0029,T00555,,,3.3,16.51,0.2,0.04,0.12,3.18,16.51,20.0,-17.4
2025-08-17 10:15:00,M0039,OP0029,T00555,,,3.3,16.51,0.2,0.05,0.12,3.18,16.51,20.0,-17.4
2025-08-17 10:27:00,M0039,OP0029,T00555,,,3.3,16.51,0.2,0.05,0.12,3.18,16.51,20.0,-17.4
2025-08-17 10:39:00,M0039,OP0029,T00555,,,3.3,16.51,0.2,0.05,0.12,3.18,16.51,20.0,-17.4
2025-08-17 10:51:00,M0039,OP0029,T00555,,,3.3,16.51,0.2,0.04,0.12,3.18,16.51,20.0,-17.4
2025-08-17 11:03:00,M0039,OP0029,T00555,,,3.3,16.51,0.2,0.05,0.12,3.18,16.51,20.0,-17.4
2025-08-17 11:15:00,M0039,OP0029,T00555,,,3.3,16.51,0.2,0.04,0.12,3.18,16.51,20.0,-17.4
2025-08-17 11:27:00,M0039,OP0029,T00555,,,3.3,16.51,0.2,0.05,0.12,3.18,16.51,20.0,-17.4
2025-08-17 11:39:00,M0039,OP0029,T00555,,,3.3,16.51,0.2,0.05,0.12,3.18,16.51,20.0,-17.4
2025-08-17 11:51:00,M0039,OP0029,T00555,,,3.3,16.51,0.2,0.05,0.12,3.18,16.51,20.0,-17.4
2025-08-17 12:03:00,M0039,OP0029,T00555,,,3.3,16.51,0.2,0.06,0.12,3.18,16.51,20.0,-17.4
2025-08-17 12:15:00,M0039,OP0029,T00555,,,3.3,16.51,0.2,0.05,0.12,3.18,16.51,20.0,-17.4
2025-08-17 12:27:00,M0039,OP0029,T00555,,,3.3,16.51,0.2,0.04,0.12,3.18,16.51,20.0,-17.4
2025-08-17 12:39:00,M0039,OP0029,T00555,,,3.3,16.51,0.2,0.04,0.12,3.18,16.51,20.0,-17.4
2025-08-17 12:51:00,M0039,OP0029,T00555,,,3.3,16.51,0.2,0.05,0.12,3.18,16.51,20.0,-17.4
2025-08-17 13:03:00,M0039,OP0029,T00555,,,3.3,16.51,0.2,0.04,0.12,3.18,16.51,20.0,-17.4
2025-08-17 13:15:00,M0039,OP0029,T00555,,,3.3,16.51,0.2,0.05,0.12,3.18,16.51,20.0,-17.4
2025-08-17 13:27:00,M0039,OP0029,T00555,,,3.3,16.51,0.2,0.04,0.12,3.18,16.51,20.0,-17.4
2025-08-17 13:39:00,M0039,OP0029,T00555,,,3.3,16.51,0.2,0.04,0.12,3.18,16.51,20.0,-17.4
2025-09-16 10:47:00,M0017,OP0055,T00556,242.6,,1.82,9.12,0.2,0.04,0.19,1.63,9.12,14.5,-37.1
2025-09-16 10:59:00,M0017,OP0055,T00556,,,1.82,9.12,0.2,0.03,0.19,1.63,9.12,14.5,-37.1
2025-09-16 11:11:00,M0017,OP0055,T00556,,,1.82,9.12,0.2,0.03,0.19,1.63,9.12,14.5,-37.1
2025-09-16 11:23:00,M0017,OP0055,T00556,,,1.82,9.12,0.2,0.03,0.19,1.63,9.12,14.5,-37.1
2025-09-16 11:35:00,M0017,OP0055,T00556,,,1.82,9.12,0.2,0.04,0.19,1.63,9.12,14.5,-37.1
2025-09-16 11:47:00,M0017,OP0055,T00556,,,1.82,9.12,0.2,0.03,0.19,1.63,9.12,14.5,-37.1
2025-09-16 11:59:00,M0017,OP0055,T00556,,,1.82,9.12,0.2,0.04,0.19,1.63,9.12,14.5,-37.1
2025-09-16 12:11:00,M0017,OP0055,T00556,,,1.82,9.12,0.2,0.03,0.19,1.63,9.12,14.5,-37.1
2025-09-16 12:23:00,M0017,OP0055,T00556,,,1.82,9.12,0.2,0.03,0.19,1.63,9.12,14.5,-37.1
2025-09-16 12:35:00,M0017,OP0055,T00556,,,1.82,9.12,0.2,0.03,0.19,1.63,9.12,14.5,-37.1
2025-09-16 12:47:00,M0017,OP0055,T00556,,,1.82,9.12,0.2,0.04,0.19,1.63,9.12,14.5,-37.1
2025-09-16 12:59:00,M0017,OP0055,T00556,,,1.82,9.12,0.2,0.03,0.19,1.63,9.12,14.5,-37.1
2025-09-16 13:11:00,M0017,OP0055,T00556,,,1.82,9.12,0.2,0.04,0.19,1.63,9.12,14.5,-37.1
2025-09-16 13:23:00,M0017,OP0055,T00556,,,1.82,9.12,0.2,0.03,0.19,1.63,9.12,14.5,-37.1
2025-09-16 13:35:00,M0017,OP0055,T00556,,,1.82,9.12,0.2,0.04,0.19,1.63,9.12,14.5,-37.1
2025-09-16 13:47:00,M0017,OP0055,T00556,,,1.82,9.12,0.2,0.03,0.19,1.63,9.12,14.5,-37.1
2025-09-16 13:59:00,M0017,OP0055,T00556,,,1.82,9.12,0.2,0.04,0.19,1.63,9.12,14.5,-37.1
2025-09-16 14:11:00,M0017,OP0055,T00556,,,1.82,9.12,0.2,0.03,0.19,1.63,9.12,14.5,-37.1
2025-09-16 14:23:00,M0017,OP0055,T00556,,,1.82,9.12,0.2,0.03,0.19,1.63,9.12,14.5,-37.1
2025-09-16 14:35:00,M0017,OP0055,T00556,,,1.82,9.12,0.2,0.03,0.19,1.63,9.12,14.5,-37.1
2025-07-08 08:11:00,M0040,OP0028,T00558,388.7,,2.69,13.47,0.2,0.02,0.17,2.52,13.47,19.5,-30.9
2025-07-08 08:23:00,M0040,OP0028,T00558,,,2.69,13.47,0.2,0.02,0.17,2.52,13.47,19.5,-30.9
2025-07-08 08:35:00,M0040,OP0028,T00558,,,2.69,13.47,0.2,0.03,0.17,2.52,13.47,19.5,-30.9
2025-07-08 08:47:00,M0040,OP0028,T00558,,,2.69,13.47,0.2,0.02,0.17,2.52,13.47,19.5,-30.9
2025-07-08 08:59:00,M0040,OP0028,T00558,,,2.69,13.47,0.2,0.03,0.17,2.52,13.47,19.5,-30.9
2025-07-08 09:11:00,M0040,OP0028,T00558,,,2.69,13.47,0.2,0.02,0.17,2.52,13.47,19.5,-30.9
2025-07-08 09:23:00,M0040,OP0028,T00558,,,2.69,13.47,0.2,0.02,0.17,2.52,13.47,19.5,-30.9
2025-07-08 09:35:00,M0040,OP0028,T00558,,,2.69,13.47,0.2,0.02,0.17,2.52,13.47,19.5,-30.9
2025-07-08 09:47:00,M0040,OP0028,T00558,,,2.69,13.47,0.2,0.02,0.17,2.52,13.47,19.5,-30.9
2025-07-08 09:59:00,M0040,OP0028,T00558,,,2.69,13.47,0.2,0.03,0.17,2.52,13.47,19.5,-30.9
2025-07-08 10:11:00,M0040,OP0028,T00558,,,2.69,13.47,0.2,0.02,0.17,2.52,13.47,19.5,-30.9
2025-07-08 10:23:00,M0040,OP0028,T00558,,,2.69,13.47,0.2,0.02,0.17,2.52,13.47,19.5,-30.9
2025-07-08 10:35:00,M0040,OP0028,T00558,,,2.69,13.47,0.2,0.03,0.17,2.52,13.47,19.5,-30.9
2025-07-08 10:47:00,M0040,OP0028,T00558,,,2.69,13.47,0.2,0.02,0.17,2.52,13.47,19.5,-30.9
2025-07-08 10:59:00,M0040,OP0028,T00558,,,2.69,13.47,0.2,0.02,0.17,2.52,13.47,19.5,-30.9
2025-07-08 11:11:00,M0040,OP0028,T00558,,,2.69,13.47,0.2,0.03,0.17,2.52,13.47,19.5,-30.9
2025-07-08 11:23:00,M0040,OP0028,T00558,,,2.69,13.47,0.2,0.03,0.17,2.52,13.47,19.5,-30.9
2025-07-08 11:35:00,M0040,OP0028,T00558,,,2.69,13.47,0.2,0.03,0.17,2.52,13.47,19.5,-30.9
2025-07-08 11:47:00,M0040,OP0028,T00558,,,2.69,13.47,0.2,0.02,0.17,2.52,13.47,19.5,-30.9
2025-07-08 11:59:00,M0040,OP0028,T00558,,,2.69,13.47,0.2,0.03,0.17,2.52,13.47,19.5,-30.9
2025-03-09 07:08:00,M0006,OP0054,T00559,151.2,,1.86,9.29,0.2,0.0,0.07,1.79,9.29,10.5,-11.5
2025-03-09 07:20:00,M0006,OP0054,T00559,,,1.86,9.29,0.2,0.0,0.07,1.79,9.29,10.5,-11.5
2025-03-09 07:32:00,M0006,OP0054,T00559,,,1.86,9.29,0.2,0.0,0.07,1.79,9.29,10.5,-11.5
2025-03-09 07:44:00,M0006,OP0054,T00559,,,1.86,9.29,0.2,0.0,0.07,1.79,9.29,10.5,-11.5
2025-03-09 07:56:00,M0006,OP0054,T00559,,,1.86,9.29,0.2,0.0,0.07,1.79,9.29,10.5,-11.5
2025-03-09 08:08:00,M0006,OP0054,T00559,,,1.86,9.29,0.2,0.0,0.07,1.79,9.29,10.5,-11.5
2025-03-09 08:20:00,M0006,OP0054,T00559,,,1.86,9.29,0.2,0.0,0.07,1.79,9.29,10.5,-11.5
2025-03-09 08:32:00,M0006,OP0054,T00559,,,1.86,9.29,0.2,0.0,0.07,1.79,9.29,10.5,-11.5
2025-03-09 08:44:00,M0006,OP0054,T00559,,,1.86,9.29,0.2,0.0,0.07,1.79,9.29,10.5,-11.5
2025-03-09 08:56:00,M0006,OP0054,T00559,,,1.86,9.29,0.2,0.0,0.07,1.79,9.29,10.5,-11.5
2025-03-09 09:08:00,M0006,OP0054,T00559,,,1.86,9.29,0.2,0.0,0.07,1.79,9.29,10.5,-11.5
2025-03-09 09:20:00,M0006,OP0054,T00559,,,1.86,9.29,0.2,0.0,0.07,1.79,9.29,10.5,-11.5
2025-03-09 09:32:00,M0006,OP0054,T00559,,,1.86,9.29,0.2,0.0,0.07,1.79,9.29,10.5,-11.5
2025-03-09 09:44:00,M0006,OP0054,T00559,,,1.86,9.29,0.2,0.0,0.07,1.79,9.29,10.5,-11.5
2025-03-09 09:56:00,M0006,OP0054,T00559,,,1.86,9.29,0.2,0.0,0.07,1.79,9.29,10.5,-11.5
2025-03-09 10:08:00,M0006,OP0054,T00559,,,1.86,9.29,0.2,0.0,0.07,1.79,9.29,10.5,-11.5
2025-03-09 10:20:00,M0006,OP0054,T00559,,,1.86,9.29,0.2,0.0,0.07,1.79,9.29,10.5,-11.5
2025-03-09 10:32:00,M0006,OP0054,T00559,,,1.7,9.29,0.18,0.0,0.06,1.64,9.29,10.5,-11.5
2025-04-10 12:22:00,M0041,OP0050,T00560,118.2,,1.43,7.15,0.2,0.01,0.11,1.32,7.15,10.5,-31.9
2025-04-10 12:34:00,M0041,OP0050,T00560,,,1.43,7.15,0.2,0.01,0.11,1.32,7.15,10.5,-31.9
2025-04-10 12:46:00,M0041,OP0050,T00560,,,1.43,7.15,0.2,0.01,0.11,1.32,7.15,10.5,-31.9
2025-04-10 12:58:00,M0041,OP0050,T00560,,,1.43,7.15,0.2,0.02,0.11,1.32,7.15,10.5,-31.9
2025-04-10 13:10:00,M0041,OP0050,T00560,,,1.43,7.15,0.2,0.01,0.11,1.32,7.15,10.5,-31.9
2025-04-10 13:22:00,M0041,OP0050,T00560,,,1.43,7.15,0.2,0.01,0.11,1.32,7.15,10.5,-31.9
2025-04-10 13:34:00,M0041,OP0050,T00560,,,1.43,7.15,0.2,0.01,0.11,1.32,7.15,10.5,-31.9
2025-04-10 13:46:00,M0041,OP0050,T00560,,,1.43,7.15,0.2,0.01,0.11,1.32,7.15,10.5,-31.9
2025-04-10 13:58:00,M0041,OP0050,T00560,,,1.43,7.15,0.2,0.01,0.11,1.32,7.15,10.5,-31.9
2025-04-10 14:10:00,M0041,OP0050,T00560,,,1.43,7.15,0.2,0.01,0.11,1.32,7.15,10.5,-31.9
2025-04-10 14:22:00,M0041,OP0050,T00560,,,1.43,7.15,0.2,0.01,0.11,1.32,7.15,10.5,-31.9
2025-04-10 14:34:00,M0041,OP0050,T00560,,,1.43,7.15,0.2,0.01,0.11,1.32,7.15,10.5,-31.9
2025-04-10 14:46:00,M0041,OP0050,T00560,,,1.43,7.15,0.2,0.01,0.11,1.32,7.15,10.5,-31.9
2025-04-10 14:58:00,M0041,OP0050,T00560,,,1.43,7.15,0.2,0.01,0.11,1.32,7.15,10.5,-31.9
2025-04-10 15:10:00,M0041,OP0050,T00560,,,1.43,7.15,0.2,0.01,0.11,1.32,7.15,10.5,-31.9
2025-04-10 15:22:00,M0041,OP0050,T00560,,,1.43,7.15,0.2,0.01,0.11,1.32,7.15,10.5,-31.9
2025-04-10 15:34:00,M0041,OP0050,T00560,,,1.43,7.15,0.2,0.02,0.11,1.32,7.15,10.5,-31.9
2025-04-10 15:46:00,M0041,OP0050,T00560,,,1.43,7.15,0.2,0.01,0.11,1.32,7.15,10.5,-31.9
2025-04-10 15:58:00,M0041,OP0050,T00560,,,1.43,7.15,0.2,0.01,0.11,1.32,7.15,10.5,-31.9
2025-04-10 16:10:00,M0041,OP0050,T00560,,,0.12,7.15,0.02,0.0,0.01,0.11,7.15,10.5,-31.9
2025-07-11 13:39:00,M0029,OP0012,T00562,245.4,,4.25,21.27,0.2,0.05,0.17,4.08,21.27,25.0,-14.9
2025-07-11 13:51:00,M0029,OP0012,T00562,,,4.25,21.27,0.2,0.03,0.17,4.08,21.27,25.0,-14.9
2025-07-11 14:03:00,M0029,OP0012,T00562,,,4.25,21.27,0.2,0.03,0.17,4.08,21.27,25.0,-14.9
2025-07-11 14:15:00,M0029,OP0012,T00562,,,4.25,21.27,0.2,0.04,0.17,4.08,21.27,25.0,-14.9
2025-07-11 14:27:00,M0029,OP0012,T00562,,,4.25,21.27,0.2,0.04,0.17,4.08,21.27,25.0,-14.9
2025-07-11 14:39:00,M0029,OP0012,T00562,,,4.25,21.27,0.2,0.05,0.17,4.08,21.27,25.0,-14.9
2025-07-11 14:51:00,M0029,OP0012,T00562,,,4.25,21.27,0.2,0.04,0.17,4.08,21.27,25.0,-14.9
2025-07-11 15:03:00,M0029,OP0012,T00562,,,4.25,21.27,0.2,0.03,0.17,4.08,21.27,25.0,-14.9
2025-07-11 15:15:00,M0029,OP0012,T00562,,,4.25,21.27,0.2,0.03,0.17,4.08,21.27,25.0,-14.9
2025-07-11 15:27:00,M0029,OP0012,T00562,,,4.25,21.27,0.2,0.03,0.17,4.08,21.27,25.0,-14.9
2025-07-11 15:39:00,M0029,OP0012,T00562,,,4.25,21.27,0.2,0.04,0.17,4.08,21.27,25.0,-14.9
2025-07-11 15:51:00,M0029,OP0012,T00562,,,4.25,21.27,0.2,0.04,0.17,4.08,21.27,25.0,-14.9
2025-07-11 16:03:00,M0029,OP0012,T00562,,,4.25,21.27,0.2,0.05,0.17,4.08,21.27,25.0,-14.9
2025-07-11 16:15:00,M0029,OP0012,T00562,,,4.25,21.27,0.2,0.04,0.17,4.08,21.27,25.0,-14.9
2025-07-11 16:27:00,M0029,OP0012,T00562,,,4.25,21.27,0.2,0.04,0.17,4.08,21.27,25.0,-14.9
2025-07-11 16:39:00,M0029,OP0012,T00562,,,4.25,21.27,0.2,0.03,0.17,4.08,21.27,25.0,-14.9
2025-07-11 16:51:00,M0029,OP0012,T00562,,,4.25,21.27,0.2,0.05,0.17,4.08,21.27,25.0,-14.9
2025-07-11 17:03:00,M0029,OP0012,T00562,,,4.25,21.27,0.2,0.03,0.17,4.08,21.27,25.0,-14.9
2025-07-11 17:15:00,M0029,OP0012,T00562,,,4.25,21.27,0.2,0.04,0.17,4.08,21.27,25.0,-14.9
2025-07-11 17:27:00,M0029,OP0012,T00562,,,4.25,21.27,0.2,0.03,0.17,4.08,21.27,25.0,-14.9
2025-08-01 10:13:00,M0004,OP0011,T00563,368.5,,1.79,8.97,0.2,0.03,0.21,1.58,8.97,14.5,-38.1
2025-08-01 10:25:00,M0004,OP0011,T00563,,,1.79,8.97,0.2,0.03,0.21,1.58,8.97,14.5,-38.1
2025-08-01 10:37:00,M0004,OP0011,T00563,,,1.79,8.97,0.2,0.05,0.21,1.58,8.97,14.5,-38.1
2025-08-01 10:49:00,M0004,OP0011,T00563,,,1.79,8.97,0.2,0.03,0.21,1.58,8.97,14.5,-38.1
2025-08-01 11:01:00,M0004,OP0011,T00563,,,1.79,8.97,0.2,0.05,0.21,1.58,8.97,14.5,-38.1
2025-08-01 11:13:00,M0004,OP0011,T00563,,,1.79,8.97,0.2,0.04,0.21,1.58,8.97,14.5,-38.1
2025-08-01 11:25:00,M0004,OP0011,T00563,,,1.79,8.97,0.2,0.05,0.21,1.58,8.97,14.5,-38.1
2025-08-01 11:37:00,M0004,OP0011,T00563,,,1.79,8.97,0.2,0.04,0.21,1.58,8.97,14.5,-38.1
2025-08-01 11:49:00,M0004,OP0011,T00563,,,1.79,8.97,0.2,0.03,0.21,1.58,8.97,14.5,-38.1
2025-08-01 12:01:00,M0004,OP0011,T00563,,,1.79,8.97,0.2,0.04,0.21,1.58,8.97,14.5,-38.1
2025-08-01 12:13:00,M0004,OP0011,T00563,,,1.05,8.97,0.12,0.02,0.12,0.92,8.97,14.5,-38.1
2025-02-03 08:23:00,M0022,OP0005,T00564,316.6,,4.32,21.61,0.2,0.03,0.27,4.06,21.61,28.0,-22.8
2025-02-03 08:35:00,M0022,OP0005,T00564,,,4.32,21.61,0.2,0.04,0.27,4.06,21.61,28.0,-22.8
2025-02-03 08:47:00,M0022,OP0005,T00564,,,4.32,21.61,0.2,0.04,0.27,4.06,21.61,28.0,-22.8
2025-02-03 08:59:00,M0022,OP0005,T00564,,,4.32,21.61,0.2,0.04,0.27,4.06,21.61,28.0,-22.8
2025-02-03 09:11:00,M0022,OP0005,T00564,,,4.32,21.61,0.2,0.04,0.27,4.06,21.61,28.0,-22.8
2025-02-03 09:23:00,M0022,OP0005,T00564,,,4.32,21.61,0.2,0.04,0.27,4.06,21.61,28.0,-22.8
2025-02-03 09:35:00,M0022,OP0005,T00564,,,4.32,21.61,0.2,0.03,0.27,4.06,21.61,28.0,-22.8
2025-02-03 09:47:00,M0022,OP0005,T00564,,,4.32,21.61,0.2,0.04,0.27,4.06,21.61,28.0,-22.8
2025-02-03 09:59:00,M0022,OP0005,T00564,,,4.32,21.61,0.2,0.05,0.27,4.06,21.61,28.0,-22.8
2025-02-03 10:11:00,M0022,OP0005,T00564,,,4.32,21.61,0.2,0.04,0.27,4.06,21.61,28.0,-22.8
2025-02-03 10:23:00,M0022,OP0005,T00564,,,4.32,21.61,0.2,0.05,0.27,4.06,21.61,28.0,-22.8
2025-02-03 10:35:00,M0022,OP0005,T00564,,,4.32,21.61,0.2,0.04,0.27,4.06,21.61,28.0,-22.8
2025-02-03 10:47:00,M0022,OP0005,T00564,,,4.32,21.61,0.2,0.05,0.27,4.06,21.61,28.0,-22.8
2025-02-03 10:59:00,M0022,OP0005,T00564,,,4.32,21.61,0.2,0.04,0.27,4.06,21.61,28.0,-22.8
2025-02-03 11:11:00,M0022,OP0005,T00564,,,4.32,21.61,0.2,0.04,0.27,4.06,21.61,28.0,-22.8
2025-02-03 11:23:00,M0022,OP0005,T00564,,,4.32,21.61,0.2,0.03,0.27,4.06,21.61,28.0,-22.8
2025-02-03 11:35:00,M0022,OP0005,T00564,,,4.32,21.61,0.2,0.03,0.27,4.06,21.61,28.0,-22.8
2025-02-03 11:47:00,M0022,OP0005,T00564,,,4.32,21.61,0.2,0.03,0.27,4.06,21.61,28.0,-22.8
2025-02-03 11:59:00,M0022,OP0005,T00564,,,4.32,21.61,0.2,0.04,0.27,4.06,21.61,28.0,-22.8
2025-02-03 12:11:00,M0022,OP0005,T00564,,,4.32,21.61,0.2,0.03,0.27,4.06,21.61,28.0,-22.8
2025-09-14 11:08:00,M0034,OP0024,T00565,393.9,,3.07,15.35,0.2,0.05,0.2,2.87,15.35,20.0,-23.2
2025-09-14 11:20:00,M0034,OP0024,T00565,,,3.07,15.35,0.2,0.04,0.2,2.87,15.35,20.0,-23.2
2025-09-14 11:32:00,M0034,OP0024,T00565,,,3.07,15.35,0.2,0.05,0.2,2.87,15.35,20.0,-23.2
2025-09-14 11:44:00,M0034,OP0024,T00565,,,3.07,15.35,0.2,0.05,0.2,2.87,15.35,20.0,-23.2
2025-09-14 11:56:00,M0034,OP0024,T00565,,,3.07,15.35,0.2,0.04,0.2,2.87,15.35,20.0,-23.2
2025-09-14 12:08:00,M0034,OP0024,T00565,,,3.07,15.35,0.2,0.03,0.2,2.87,15.35,20.0,-23.2
2025-09-14 12:20:00,M0034,OP0024,T00565,,,3.07,15.35,0.2,0.05,0.2,2.87,15.35,20.0,-23.2
2025-09-14 12:32:00,M0034,OP0024,T00565,,,3.07,15.35,0.2,0.03,0.2,2.87,15.35,20.0,-23.2
2025-09-14 12:44:00,M0034,OP0024,T00565,,,3.07,15.35,0.2,0.04,0.2,2.87,15.35,20.0,-23.2
2025-09-14 12:56:00,M0034,OP0024,T00565,,,3.07,15.35,0.2,0.03,0.2,2.87,15.35,20.0,-23.2
2025-09-14 13:08:00,M0034,OP0024,T00565,,,3.07,15.35,0.2,0.05,0.2,2.87,15.35,20.0,-23.2
2025-09-14 13:20:00,M0034,OP0024,T00565,,,3.07,15.35,0.2,0.05,0.2,2.87,15.35,20.0,-23.2
2025-09-14 13:32:00,M0034,OP0024,T00565,,,3.07,15.35,0.2,0.05,0.2,2.87,15.35,20.0,-23.2
2025-09-14 13:44:00,M0034,OP0024,T00565,,,3.07,15.35,0.2,0.03,0.2,2.87,15.35,20.0,-23.2
2025-09-14 13:56:00,M0034,OP0024,T00565,,,3.07,15.35,0.2,0.05,0.2,2.87,15.35,20.0,-23.2
2025-09-14 14:08:00,M0034,OP0024,T00565,,,3.07,15.35,0.2,0.04,0.2,2.87,15.35,20.0,-23.2
2025-09-14 14:20:00,M0034,OP0024,T00565,,,3.07,15.35,0.2,0.05,0.2,2.87,15.35,20.0,-23.2
2025-09-14 14:32:00,M0034,OP0024,T00565,,,3.07,15.35,0.2,0.05,0.2,2.87,15.35,20.0,-23.2
2025-09-14 14:44:00,M0034,OP0024,T00565,,,1.02,15.35,0.07,0.01,0.07,0.96,15.35,20.0,-23.2
2025-09-03 13:41:00,M0031,OP0032,T00567,224.9,,2.84,14.2,0.2,0.01,0.18,2.66,14.2,19.5,-27.2
2025-09-03 13:53:00,M0031,OP0032,T00567,,,2.84,14.2,0.2,0.02,0.18,2.66,14.2,19.5,-27.2
2025-09-03 14:05:00,M0031,OP0032,T00567,,,2.84,14.2,0.2,0.02,0.18,2.66,14.2,19.5,-27.2
2025-09-03 14:17:00,M0031,OP0032,T00567,,,2.84,14.2,0.2,0.02,0.18,2.66,14.2,19.5,-27.2
2025-09-03 14:29:00,M0031,OP0032,T00567,,,2.84,14.2,0.2,0.01,0.18,2.66,14.2,19.5,-27.2
2025-09-03 14:41:00,M0031,OP0032,T00567,,,2.84,14.2,0.2,0.01,0.18,2.66,14.2,19.5,-27.2
2025-09-03 14:53:00,M0031,OP0032,T00567,,,2.84,14.2,0.2,0.02,0.18,2.66,14.2,19.5,-27.2
2025-09-03 15:05:00,M0031,OP0032,T00567,,,2.84,14.2,0.2,0.01,0.18,2.66,14.2,19.5,-27.2
2025-09-03 15:17:00,M0031,OP0032,T00567,,,2.84,14.2,0.2,0.01,0.18,2.66,14.2,19.5,-27.2
2025-09-03 15:29:00,M0031,OP0032,T00567,,,2.84,14.2,0.2,0.01,0.18,2.66,14.2,19.5,-27.2
2025-09-03 15:41:00,M0031,OP0032,T00567,,,2.84,14.2,0.2,0.01,0.18,2.66,14.2,19.5,-27.2
2025-09-03 15:53:00,M0031,OP0032,T00567,,,2.84,14.2,0.2,0.02,0.18,2.66,14.2,19.5,-27.2
2025-09-03 16:05:00,M0031,OP0032,T00567,,,2.84,14.2,0.2,0.01,0.18,2.66,14.2,19.5,-27.2
2025-09-03 16:17:00,M0031,OP0032,T00567,,,2.84,14.2,0.2,0.02,0.18,2.66,14.2,19.5,-27.2
2025-09-03 16:29:00,M0031,OP0032,T00567,,,2.84,14.2,0.2,0.02,0.18,2.66,14.2,19.5,-27.2
2025-09-03 16:41:00,M0031,OP0032,T00567,,,2.84,14.2,0.2,0.01,0.18,2.66,14.2,19.5,-27.2
2025-09-03 16:53:00,M0031,OP0032,T00567,,,2.84,14.2,0.2,0.02,0.18,2.66,14.2,19.5,-27.2
2025-09-03 17:05:00,M0031,OP0032,T00567,,,2.84,14.2,0.2,0.02,0.18,2.66,14.2,19.5,-27.2
2025-09-03 17:17:00,M0031,OP0032,T00567,,,2.84,14.2,0.2,0.01,0.18,2.66,14.2,19.5,-27.2
2025-09-03 17:29:00,M0031,OP0032,T00567,,,2.84,14.2,0.2,0.01,0.18,2.66,14.2,19.5,-27.2
2025-09-05 09:35:00,M0037,OP0011,T00568,297.2,,1.83,9.14,0.2,0.04,0.07,1.76,9.14,12.0,-23.8
2025-09-05 09:47:00,M0037,OP0011,T00568,,,1.83,9.14,0.2,0.04,0.07,1.76,9.14,12.0,-23.8
2025-09-05 09:59:00,M0037,OP0011,T00568,,,1.83,9.14,0.2,0.03,0.07,1.76,9.14,12.0,-23.8
2025-09-05 10:11:00,M0037,OP0011,T00568,,,1.83,9.14,0.2,0.04,0.07,1.76,9.14,12.0,-23.8
2025-09-05 10:23:00,M0037,OP0011,T00568,,,1.83,9.14,0.2,0.04,0.07,1.76,9.14,12.0,-23.8
2025-09-05 10:35:00,M0037,OP0011,T00568,,,1.83,9.14,0.2,0.03,0.07,1.76,9.14,12.0,-23.8
2025-09-05 10:47:00,M0037,OP0011,T00568,,,1.83,9.14,0.2,0.03,0.07,1.76,9.14,12.0,-23.8
2025-09-05 10:59:00,M0037,OP0011,T00568,,,1.83,9.14,0.2,0.03,0.07,1.76,9.14,12.0,-23.8
2025-09-05 11:11:00,M0037,OP0011,T00568,,,1.83,9.14,0.2,0.03,0.07,1.76,9.14,12.0,-23.8
2025-09-05 11:23:00,M0037,OP0011,T00568,,,1.83,9.14,0.2,0.04,0.07,1.76,9.14,12.0,-23.8
2025-09-05 11:35:00,M0037,OP0011,T00568,,,1.83,9.14,0.2,0.05,0.07,1.76,9.14,12.0,-23.8
2025-09-05 11:47:00,M0037,OP0011,T00568,,,1.83,9.14,0.2,0.03,0.07,1.76,9.14,12.0,-23.8
2025-09-05 11:59:00,M0037,OP0011,T00568,,,1.83,9.14,0.2,0.03,0.07,1.76,9.14,12.0,-23.8
2025-09-05 12:11:00,M0037,OP0011,T00568,,,1.68,9.14,0.18,0.04,0.07,1.61,9.14,12.0,-23.8
2025-09-12 12:30:00,M0009,OP0027,T00569,280.3,,2.38,11.92,0.2,0.04,0.24,2.15,11.92,20.0,-40.4
2025-09-12 12:42:00,M0009,OP0027,T00569,,,2.38,11.92,0.2,0.05,0.24,2.15,11.92,20.0,-40.4
2025-09-12 12:54:00,M0009,OP0027,T00569,,,2.38,11.92,0.2,0.04,0.24,2.15,11.92,20.0,-40.4
2025-09-12 13:06:00,M0009,OP0027,T00569,,,2.38,11.92,0.2,0.05,0.24,2.15,11.92,20.0,-40.4
2025-09-12 13:18:00,M0009,OP0027,T00569,,,2.38,11.92,0.2,0.04,0.24,2.15,11.92,20.0,-40.4
2025-09-12 13:30:00,M0009,OP0027,T00569,,,2.38,11.92,0.2,0.05,0.24,2.15,11.92,20.0,-40.4
2025-09-12 13:42:00,M0009,OP0027,T00569,,,2.38,11.92,0.2,0.04,0.24,2.15,11.92,20.0,-40.4
2025-09-12 13:54:00,M0009,OP0027,T00569,,,2.38,11.92,0.2,0.04,0.24,2.15,11.92,20.0,-40.4
2025-09-12 14:06:00,M0009,OP0027,T00569,,,2.38,11.92,0.2,0.05,0.24,2.15,11.92,20.0,-40.4
2025-09-12 14:18:00,M0009,OP0027,T00569,,,2.38,11.92,0.2,0.05,0.24,2.15,11.92,20.0,-40.4
2025-09-12 14:30:00,M0009,OP0027,T00569,,,2.38,11.92,0.2,0.06,0.24,2.15,11.92,20.0,-40.4
2025-09-12 14:42:00,M0009,OP0027,T00569,,,2.38,11.92,0.2,0.04,0.24,2.15,11.92,20.0,-40.4
2025-09-12 14:54:00,M0009,OP0027,T00569,,,2.38,11.92,0.2,0.04,0.24,2.15,11.92,20.0,-40.4
2025-09-12 15:06:00,M0009,OP0027,T00569,,,2.38,11.92,0.2,0.04,0.24,2.15,11.92,20.0,-40.4
2025-09-12 15:18:00,M0009,OP0027,T00569,,,2.38,11.92,0.2,0.05,0.24,2.15,11.92,20.0,-40.4
2025-09-12 15:30:00,M0009,OP0027,T00569,,,2.38,11.92,0.2,0.04,0.24,2.15,11.92,20.0,-40.4
2025-09-12 15:42:00,M0009,OP0027,T00569,,,2.38,11.92,0.2,0.03,0.24,2.15,11.92,20.0,-40.4
2025-09-12 15:54:00,M0009,OP0027,T00569,,,2.38,11.92,0.2,0.06,0.24,2.15,11.92,20.0,-40.4
2025-09-12 16:06:00,M0009,OP0027,T00569,,,2.38,11.92,0.2,0.04,0.24,2.15,11.92,20.0,-40.4
2025-09-12 16:18:00,M0009,OP0027,T00569,,,2.38,11.92,0.2,0.05,0.24,2.15,11.92,20.0,-40.4
2025-03-09 10:16:00,M0027,OP0042,T00570,280.0,,2.36,11.8,0.2,0.03,0.3,2.06,11.8,20.0,-41.0
2025-03-09 10:28:00,M0027,OP0042,T00570,,,2.36,11.8,0.2,0.02,0.3,2.06,11.8,20.0,-41.0
2025-03-09 10:40:00,M0027,OP0042,T00570,,,2.36,11.8,0.2,0.03,0.3,2.06,11.8,20.0,-41.0
2025-03-09 10:52:00,M0027,OP0042,T00570,,,2.36,11.8,0.2,0.02,0.3,2.06,11.8,20.0,-41.0
2025-03-09 11:04:00,M0027,OP0042,T00570,,,2.36,11.8,0.2,0.03,0.3,2.06,11.8,20.0,-41.0
2025-03-09 11:16:00,M0027,OP0042,T00570,,,2.36,11.8,0.2,0.02,0.3,2.06,11.8,20.0,-41.0
2025-03-09 11:28:00,M0027,OP0042,T00570,,,2.36,11.8,0.2,0.02,0.3,2.06,11.8,20.0,-41.0
2025-03-09 11:40:00,M0027,OP0042,T00570,,,2.36,11.8,0.2,0.02,0.3,2.06,11.8,20.0,-41.0
2025-03-09 11:52:00,M0027,OP0042,T00570,,,0.2,11.8,0.02,0.0,0.03,0.17,11.8,20.0,-41.0
2025-02-19 08:29:00,M0007,OP0019,T00571,300.4,,1.48,7.41,0.2,0.04,0.15,1.33,7.41,12.0,-38.2
2025-02-19 08:41:00,M0007,OP0019,T00571,,,1.48,7.41,0.2,0.03,0.15,1.33,7.41,12.0,-38.2
2025-02-19 08:53:00,M0007,OP0019,T00571,,,1.48,7.41,0.2,0.03,0.15,1.33,7.41,12.0,-38.2
2025-02-19 09:05:00,M0007,OP0019,T00571,,,1.48,7.41,0.2,0.03,0.15,1.33,7.41,12.0,-38.2
2025-02-19 09:17:00,M0007,OP0019,T00571,,,1.48,7.41,0.2,0.04,0.15,1.33,7.41,12.0,-38.2
2025-02-19 09:29:00,M0007,OP0019,T00571,,,1.48,7.41,0.2,0.04,0.15,1.33,7.41,12.0,-38.2
2025-02-19 09:41:00,M0007,OP0019,T00571,,,1.48,7.41,0.2,0.04,0.15,1.33,7.41,12.0,-38.2
2025-02-19 09:53:00,M0007,OP0019,T00571,,,1.48,7.41,0.2,0.04,0.15,1.33,7.41,12.0,-38.2
2025-02-19 10:05:00,M0007,OP0019,T00571,,,1.48,7.41,0.2,0.04,0.15,1.33,7.41,12.0,-38.2
2025-02-19 10:17:00,M0007,OP0019,T00571,,,1.48,7.41,0.2,0.03,0.15,1.33,7.41,12.0,-38.2
2025-02-19 10:29:00,M0007,OP0019,T00571,,,0.99,7.41,0.13,0.03,0.1,0.89,7.41,12.0,-38.2
2025-07-30 09:37:00,M0011,OP0046,T00572,102.0,,1.77,8.85,0.2,0.02,0.07,1.7,8.85,10.5,-15.7
2025-07-30 09:49:00,M0011,OP0046,T00572,,,1.77,8.85,0.2,0.04,0.07,1.7,8.85,10.5,-15.7
2025-07-30 10:01:00,M0011,OP0046,T00572,,,1.77,8.85,0.2,0.04,0.07,1.7,8.85,10.5,-15.7
2025-07-30 10:13:00,M0011,OP0046,T00572,,,1.77,8.85,0.2,0.03,0.07,1.7,8.85,10.5,-15.7
2025-07-30 10:25:00,M0011,OP0046,T00572,,,1.77,8.85,0.2,0.03,0.07,1.7,8.85,10.5,-15.7
2025-07-30 10:37:00,M0011,OP0046,T00572,,,1.77,8.85,0.2,0.03,0.07,1.7,8.85,10.5,-15.7
2025-07-30 10:49:00,M0011,OP0046,T00572,,,1.77,8.85,0.2,0.03,0.07,1.7,8.85,10.5,-15.7
2025-07-30 11:01:00,M0011,OP0046,T00572,,,1.77,8.85,0.2,0.03,0.07,1.7,8.85,10.5,-15.7
2025-07-30 11:13:00,M0011,OP0046,T00572,,,1.77,8.85,0.2,0.02,0.07,1.7,8.85,10.5,-15.7
2025-07-30 11:25:00,M0011,OP0046,T00572,,,1.77,8.85,0.2,0.03,0.07,1.7,8.85,10.5,-15.7
2025-07-30 11:37:00,M0011,OP0046,T00572,,,1.77,8.85,0.2,0.04,0.07,1.7,8.85,10.5,-15.7
2025-07-30 11:49:00,M0011,OP0046,T00572,,,1.77,8.85,0.2,0.04,0.07,1.7,8.85,10.5,-15.7
2025-07-30 12:01:00,M0011,OP0046,T00572,,,1.77,8.85,0.2,0.02,0.07,1.7,8.85,10.5,-15.7
2025-07-30 12:13:00,M0011,OP0046,T00572,,,1.77,8.85,0.2,0.03,0.07,1.7,8.85,10.5,-15.7
2025-07-30 12:25:00,M0011,OP0046,T00572,,,1.77,8.85,0.2,0.03,0.07,1.7,8.85,10.5,-15.7
2025-07-30 12:37:00,M0011,OP0046,T00572,,,1.77,8.85,0.2,0.04,0.07,1.7,8.85,10.5,-15.7
2025-07-30 12:49:00,M0011,OP0046,T00572,,,1.77,8.85,0.2,0.03,0.07,1.7,8.85,10.5,-15.7
2025-07-30 13:01:00,M0011,OP0046,T00572,,,1.77,8.85,0.2,0.03,0.07,1.7,8.85,10.5,-15.7
2025-07-30 13:13:00,M0011,OP0046,T00572,,,1.77,8.85,0.2,0.04,0.07,1.7,8.85,10.5,-15.7
2025-07-30 13:25:00,M0011,OP0046,T00572,,,1.77,8.85,0.2,0.03,0.07,1.7,8.85,10.5,-15.7
2025-09-23 08:49:00,M0007,OP0003,T00575,269.9,,1.62,8.1,0.2,0.03,0.11,1.51,8.1,12.0,-32.5
2025-09-23 09:01:00,M0007,OP0003,T00575,,,1.62,8.1,0.2,0.03,0.11,1.51,8.1,12.0,-32.5
2025-09-23 09:13:00,M0007,OP0003,T00575,,,1.62,8.1,0.2,0.03,0.11,1.51,8.1,12.0,-32.5
2025-09-23 09:25:00,M0007,OP0003,T00575,,,1.62,8.1,0.2,0.03,0.11,1.51,8.1,12.0,-32.5
2025-09-23 09:37:00,M0007,OP0003,T00575,,,1.62,8.1,0.2,0.04,0.11,1.51,8.1,12.0,-32.5
2025-09-23 09:49:00,M0007,OP0003,T00575,,,1.62,8.1,0.2,0.04,0.11,1.51,8.1,12.0,-32.5
2025-09-23 10:01:00,M0007,OP0003,T00575,,,1.62,8.1,0.2,0.03,0.11,1.51,8.1,12.0,-32.5
2025-09-23 10:13:00,M0007,OP0003,T00575,,,1.62,8.1,0.2,0.03,0.11,1.51,8.1,12.0,-32.5
2025-09-23 10:25:00,M0007,OP0003,T00575,,,1.62,8.1,0.2,0.04,0.11,1.51,8.1,12.0,-32.5
2025-09-23 10:37:00,M0007,OP0003,T00575,,,1.62,8.1,0.2,0.03,0.11,1.51,8.1,12.0,-32.5
2025-09-23 10:49:00,M0007,OP0003,T00575,,,1.62,8.1,0.2,0.04,0.11,1.51,8.1,12.0,-32.5
2025-09-23 11:01:00,M0007,OP0003,T00575,,,1.62,8.1,0.2,0.04,0.11,1.51,8.1,12.0,-32.5
2025-09-23 11:13:00,M0007,OP0003,T00575,,,1.62,8.1,0.2,0.04,0.11,1.51,8.1,12.0,-32.5
2025-09-23 11:25:00,M0007,OP0003,T00575,,,1.62,8.1,0.2,0.04,0.11,1.51,8.1,12.0,-32.5
2025-09-23 11:37:00,M0007,OP0003,T00575,,,1.62,8.1,0.2,0.04,0.11,1.51,8.1,12.0,-32.5
2025-09-23 11:49:00,M0007,OP0003,T00575,,,1.62,8.1,0.2,0.04,0.11,1.51,8.1,12.0,-32.5
2025-09-23 12:01:00,M0007,OP0003,T00575,,,1.62,8.1,0.2,0.03,0.11,1.51,8.1,12.0,-32.5
2025-09-23 12:13:00,M0007,OP0003,T00575,,,1.62,8.1,0.2,0.03,0.11,1.51,8.1,12.0,-32.5
2025-09-23 12:25:00,M0007,OP0003,T00575,,,1.62,8.1,0.2,0.04,0.11,1.51,8.1,12.0,-32.5
2025-09-23 12:37:00,M0007,OP0003,T00575,,,1.62,8.1,0.2,0.03,0.11,1.51,8.1,12.0,-32.5
2025-08-26 10:03:00,M0007,OP0047,T00576,165.3,,2.44,12.2,0.2,0.0,0.13,2.31,12.2,12.0,1.7
2025-08-26 10:15:00,M0007,OP0047,T00576,,,2.44,12.2,0.2,0.0,0.13,2.31,12.2,12.0,1.7
2025-08-26 10:27:00,M0007,OP0047,T00576,,,2.44,12.2,0.2,0.0,0.13,2.31,12.2,12.0,1.7
2025-08-26 10:39:00,M0007,OP0047,T00576,,,2.44,12.2,0.2,0.0,0.13,2.31,12.2,12.0,1.7
2025-08-26 10:51:00,M0007,OP0047,T00576,,,2.44,12.2,0.2,0.0,0.13,2.31,12.2,12.0,1.7
2025-08-26 11:03:00,M0007,OP0047,T00576,,,2.44,12.2,0.2,0.0,0.13,2.31,12.2,12.0,1.7
2025-08-26 11:15:00,M0007,OP0047,T00576,,,2.44,12.2,0.2,0.0,0.13,2.31,12.2,12.0,1.7
2025-08-26 11:27:00,M0007,OP0047,T00576,,,2.44,12.2,0.2,0.0,0.13,2.31,12.2,12.0,1.7
2025-08-26 11:39:00,M0007,OP0047,T00576,,,2.44,12.2,0.2,0.0,0.13,2.31,12.2,12.0,1.7
2025-08-26 11:51:00,M0007,OP0047,T00576,,,2.44,12.2,0.2,0.0,0.13,2.31,12.2,12.0,1.7
2025-08-26 12:03:00,M0007,OP0047,T00576,,,2.44,12.2,0.2,0.0,0.13,2.31,12.2,12.0,1.7
2025-08-26 12:15:00,M0007,OP0047,T00576,,,2.44,12.2,0.2,0.0,0.13,2.31,12.2,12.0,1.7
2025-08-26 12:27:00,M0007,OP0047,T00576,,,2.44,12.2,0.2,0.0,0.13,2.31,12.2,12.0,1.7
2025-08-26 12:39:00,M0007,OP0047,T00576,,,2.44,12.2,0.2,0.0,0.13,2.31,12.2,12.0,1.7
2025-08-26 12:51:00,M0007,OP0047,T00576,,,2.44,12.2,0.2,0.0,0.13,2.31,12.2,12.0,1.7
2025-08-26 13:03:00,M0007,OP0047,T00576,,,2.44,12.2,0.2,0.0,0.13,2.31,12.2,12.0,1.7
2025-08-26 13:15:00,M0007,OP0047,T00576,,,2.44,12.2,0.2,0.0,0.13,2.31,12.2,12.0,1.7
2025-08-26 13:27:00,M0007,OP0047,T00576,,,2.44,12.2,0.2,0.0,0.13,2.31,12.2,12.0,1.7
2025-08-26 13:39:00,M0007,OP0047,T00576,,,2.44,12.2,0.2,0.0,0.13,2.31,12.2,12.0,1.7
2025-08-26 13:51:00,M0007,OP0047,T00576,,,2.44,12.2,0.2,0.0,0.13,2.31,12.2,12.0,1.7
2025-06-30 13:37:00,M0039,OP0020,T00577,638.1,,2.46,12.29,0.2,0.05,0.27,2.19,12.29,20.0,-38.6
2025-06-30 13:49:00,M0039,OP0020,T00577,,,2.46,12.29,0.2,0.06,0.27,2.19,12.29,20.0,-38.6
2025-06-30 14:01:00,M0039,OP0020,T00577,,,2.46,12.29,0.2,0.04,0.27,2.19,12.29,20.0,-38.6
2025-06-30 14:13:00,M0039,OP0020,T00577,,,2.46,12.29,0.2,0.04,0.27,2.19,12.29,20.0,-38.6
2025-06-30 14:25:00,M0039,OP0020,T00577,,,2.46,12.29,0.2,0.04,0.27,2.19,12.29,20.0,-38.6
2025-06-30 14:37:00,M0039,OP0020,T00577,,,2.46,12.29,0.2,0.06,0.27,2.19,12.29,20.0,-38.6
2025-06-30 14:49:00,M0039,OP0020,T00577,,,2.46,12.29,0.2,0.06,0.27,2.19,12.29,20.0,-38.6
2025-06-30 15:01:00,M0039,OP0020,T00577,,,2.46,12.29,0.2,0.04,0.27,2.19,12.29,20.0,-38.6
2025-06-30 15:13:00,M0039,OP0020,T00577,,,2.46,12.29,0.2,0.06,0.27,2.19,12.29,20.0,-38.6
2025-06-30 15:25:00,M0039,OP0020,T00577,,,2.46,12.29,0.2,0.04,0.27,2.19,12.29,20.0,-38.6
2025-06-30 15:37:00,M0039,OP0020,T00577,,,2.46,12.29,0.2,0.05,0.27,2.19,12.29,20.0,-38.6
2025-06-30 15:49:00,M0039,OP0020,T00577,,,2.46,12.29,0.2,0.06,0.27,2.19,12.29,20.0,-38.6
2025-06-30 16:01:00,M0039,OP0020,T00577,,,2.46,12.29,0.2,0.04,0.27,2.19,12.29,20.0,-38.6
2025-06-30 16:13:00,M0039,OP0020,T00577,,,2.46,12.29,0.2,0.04,0.27,2.19,12.29,20.0,-38.6
2025-06-30 16:25:00,M0039,OP0020,T00577,,,2.46,12.29,0.2,0.05,0.27,2.19,12.29,20.0,-38.6
2025-06-30 16:37:00,M0039,OP0020,T00577,,,2.46,12.29,0.2,0.05,0.27,2.19,12.29,20.0,-38.6
2025-06-30 16:49:00,M0039,OP0020,T00577,,,2.46,12.29,0.2,0.04,0.27,2.19,12.29,20.0,-38.6
2025-06-30 17:01:00,M0039,OP0020,T00577,,,2.46,12.29,0.2,0.04,0.27,2.19,12.29,20.0,-38.6
2025-06-30 17:13:00,M0039,OP0020,T00577,,,2.46,12.29,0.2,0.04,0.27,2.19,12.29,20.0,-38.6
2025-06-30 17:25:00,M0039,OP0020,T00577,,,2.46,12.29,0.2,0.06,0.27,2.19,12.29,20.0,-38.6
2025-05-23 10:54:00,M0027,OP0019,T00579,283.4,,2.68,13.42,0.2,0.05,0.22,2.47,13.42,20.0,-32.9
2025-05-23 11:06:00,M0027,OP0019,T00579,,,2.68,13.42,0.2,0.04,0.22,2.47,13.42,20.0,-32.9
2025-05-23 11:18:00,M0027,OP0019,T00579,,,2.68,13.42,0.2,0.04,0.22,2.47,13.42,20.0,-32.9
2025-05-23 11:30:00,M0027,OP0019,T00579,,,2.68,13.42,0.2,0.04,0.22,2.47,13.42,20.0,-32.9
2025-05-23 11:42:00,M0027,OP0019,T00579,,,2.68,13.42,0.2,0.04,0.22,2.47,13.42,20.0,-32.9
2025-05-23 11:54:00,M0027,OP0019,T00579,,,2.68,13.42,0.2,0.04,0.22,2.47,13.42,20.0,-32.9
2025-05-23 12:06:00,M0027,OP0019,T00579,,,2.68,13.42,0.2,0.04,0.22,2.47,13.42,20.0,-32.9
2025-05-23 12:18:00,M0027,OP0019,T00579,,,2.68,13.42,0.2,0.05,0.22,2.47,13.42,20.0,-32.9
2025-05-23 12:30:00,M0027,OP0019,T00579,,,2.68,13.42,0.2,0.03,0.22,2.47,13.42,20.0,-32.9
2025-05-23 12:42:00,M0027,OP0019,T00579,,,2.68,13.42,0.2,0.06,0.22,2.47,13.42,20.0,-32.9
2025-05-23 12:54:00,M0027,OP0019,T00579,,,2.68,13.42,0.2,0.05,0.22,2.47,13.42,20.0,-32.9
2025-05-23 13:06:00,M0027,OP0019,T00579,,,2.68,13.42,0.2,0.06,0.22,2.47,13.42,20.0,-32.9
2025-05-23 13:18:00,M0027,OP0019,T00579,,,2.68,13.42,0.2,0.06,0.22,2.47,13.42,20.0,-32.9
2025-05-23 13:30:00,M0027,OP0019,T00579,,,2.68,13.42,0.2,0.05,0.22,2.47,13.42,20.0,-32.9
2025-05-23 13:42:00,M0027,OP0019,T00579,,,2.68,13.42,0.2,0.04,0.22,2.47,13.42,20.0,-32.9
2025-05-23 13:54:00,M0027,OP0019,T00579,,,2.68,13.42,0.2,0.06,0.22,2.47,13.42,20.0,-32.9
2025-05-23 14:06:00,M0027,OP0019,T00579,,,2.68,13.42,0.2,0.05,0.22,2.47,13.42,20.0,-32.9
2025-05-23 14:18:00,M0027,OP0019,T00579,,,2.68,13.42,0.2,0.05,0.22,2.47,13.42,20.0,-32.9
2025-05-23 14:30:00,M0027,OP0019,T00579,,,2.68,13.42,0.2,0.04,0.22,2.47,13.42,20.0,-32.9
2025-05-23 14:42:00,M0027,OP0019,T00579,,,2.68,13.42,0.2,0.05,0.22,2.47,13.42,20.0,-32.9
2025-07-23 10:54:00,M0018,OP0052,T00580,354.6,,2.97,14.85,0.2,0.05,0.24,2.73,14.85,20.0,-25.7
2025-07-23 11:06:00,M0018,OP0052,T00580,,,2.97,14.85,0.2,0.05,0.24,2.73,14.85,20.0,-25.7
2025-07-23 11:18:00,M0018,OP0052,T00580,,,2.97,14.85,0.2,0.05,0.24,2.73,14.85,20.0,-25.7
2025-07-23 11:30:00,M0018,OP0052,T00580,,,2.97,14.85,0.2,0.04,0.24,2.73,14.85,20.0,-25.7
2025-07-23 11:42:00,M0018,OP0052,T00580,,,2.97,14.85,0.2,0.03,0.24,2.73,14.85,20.0,-25.7
2025-07-23 11:54:00,M0018,OP0052,T00580,,,2.97,14.85,0.2,0.05,0.24,2.73,14.85,20.0,-25.7
2025-07-23 12:06:00,M0018,OP0052,T00580,,,2.97,14.85,0.2,0.04,0.24,2.73,14.85,20.0,-25.7
2025-07-23 12:18:00,M0018,OP0052,T00580,,,2.97,14.85,0.2,0.04,0.24,2.73,14.85,20.0,-25.7
2025-07-23 12:30:00,M0018,OP0052,T00580,,,2.97,14.85,0.2,0.04,0.24,2.73,14.85,20.0,-25.7
2025-07-23 12:42:00,M0018,OP0052,T00580,,,2.97,14.85,0.2,0.05,0.24,2.73,14.85,20.0,-25.7
2025-07-23 12:54:00,M0018,OP0052,T00580,,,2.97,14.85,0.2,0.05,0.24,2.73,14.85,20.0,-25.7
2025-07-23 13:06:00,M0018,OP0052,T00580,,,2.97,14.85,0.2,0.04,0.24,2.73,14.85,20.0,-25.7
2025-07-23 13:18:00,M0018,OP0052,T00580,,,2.97,14.85,0.2,0.05,0.24,2.73,14.85,20.0,-25.7
2025-07-23 13:30:00,M0018,OP0052,T00580,,,2.97,14.85,0.2,0.04,0.24,2.73,14.85,20.0,-25.7
2025-07-23 13:42:00,M0018,OP0052,T00580,,,2.97,14.85,0.2,0.04,0.24,2.73,14.85,20.0,-25.7
2025-07-23 13:54:00,M0018,OP0052,T00580,,,2.97,14.85,0.2,0.04,0.24,2.73,14.85,20.0,-25.7
2025-07-23 14:06:00,M0018,OP0052,T00580,,,2.97,14.85,0.2,0.05,0.24,2.73,14.85,20.0,-25.7
2025-07-23 14:18:00,M0018,OP0052,T00580,,,2.97,14.85,0.2,0.05,0.24,2.73,14.85,20.0,-25.7
2025-07-23 14:30:00,M0018,OP0052,T00580,,,2.97,14.85,0.2,0.05,0.24,2.73,14.85,20.0,-25.7
2025-07-23 14:42:00,M0018,OP0052,T00580,,,2.97,14.85,0.2,0.04,0.24,2.73,14.85,20.0,-25.7
2025-09-10 12:28:00,M0035,OP0028,T00582,258.0,,2.06,10.3,0.2,0.08,0.12,1.94,10.3,14.5,-29.0
2025-09-10 12:40:00,M0035,OP0028,T00582,,,2.06,10.3,0.2,0.09,0.12,1.94,10.3,14.5,-29.0
2025-09-10 12:52:00,M0035,OP0028,T00582,,,2.06,10.3,0.2,0.06,0.12,1.94,10.3,14.5,-29.0
2025-09-10 13:04:00,M0035,OP0028,T00582,,,2.06,10.3,0.2,0.06,0.12,1.94,10.3,14.5,-29.0
2025-09-10 13:16:00,M0035,OP0028,T00582,,,2.06,10.3,0.2,0.09,0.12,1.94,10.3,14.5,-29.0
2025-09-10 13:28:00,M0035,OP0028,T00582,,,2.06,10.3,0.2,0.07,0.12,1.94,10.3,14.5,-29.0
2025-09-10 13:40:00,M0035,OP0028,T00582,,,2.06,10.3,0.2,0.06,0.12,1.94,10.3,14.5,-29.0
2025-09-10 13:52:00,M0035,OP0028,T00582,,,1.72,10.3,0.17,0.05,0.1,1.62,10.3,14.5,-29.0
2025-09-15 10:14:00,M0033,OP0049,T00583,275.0,,2.37,11.85,0.2,0.03,0.1,2.27,11.85,14.5,-18.3
2025-09-15 10:26:00,M0033,OP0049,T00583,,,2.37,11.85,0.2,0.03,0.1,2.27,11.85,14.5,-18.3
2025-09-15 10:38:00,M0033,OP0049,T00583,,,2.37,11.85,0.2,0.03,0.1,2.27,11.85,14.5,-18.3
2025-09-15 10:50:00,M0033,OP0049,T00583,,,2.37,11.85,0.2,0.04,0.1,2.27,11.85,14.5,-18.3
2025-09-15 11:02:00,M0033,OP0049,T00583,,,2.37,11.85,0.2,0.04,0.1,2.27,11.85,14.5,-18.3
2025-09-15 11:14:00,M0033,OP0049,T00583,,,2.37,11.85,0.2,0.05,0.1,2.27,11.85,14.5,-18.3
2025-09-15 11:26:00,M0033,OP0049,T00583,,,2.37,11.85,0.2,0.04,0.1,2.27,11.85,14.5,-18.3
2025-09-15 11:38:00,M0033,OP0049,T00583,,,2.37,11.85,0.2,0.04,0.1,2.27,11.85,14.5,-18.3
2025-09-15 11:50:00,M0033,OP0049,T00583,,,2.37,11.85,0.2,0.03,0.1,2.27,11.85,14.5,-18.3
2025-09-15 12:02:00,M0033,OP0049,T00583,,,2.37,11.85,0.2,0.05,0.1,2.27,11.85,14.5,-18.3
2025-09-15 12:14:00,M0033,OP0049,T00583,,,0.4,11.85,0.03,0.01,0.02,0.38,11.85,14.5,-18.3
2025-06-16 15:15:00,M0020,OP0031,T00585,181.9,,1.59,7.95,0.2,0.0,0.1,1.49,7.95,10.5,-24.3
2025-06-16 15:27:00,M0020,OP0031,T00585,,,1.59,7.95,0.2,0.0,0.1,1.49,7.95,10.5,-24.3
2025-06-16 15:39:00,M0020,OP0031,T00585,,,1.59,7.95,0.2,0.0,0.1,1.49,7.95,10.5,-24.3
2025-06-16 15:51:00,M0020,OP0031,T00585,,,1.59,7.95,0.2,0.0,0.1,1.49,7.95,10.5,-24.3
2025-06-16 16:03:00,M0020,OP0031,T00585,,,1.59,7.95,0.2,0.0,0.1,1.49,7.95,10.5,-24.3
2025-06-16 16:15:00,M0020,OP0031,T00585,,,1.59,7.95,0.2,0.0,0.1,1.49,7.95,10.5,-24.3
2025-06-16 16:27:00,M0020,OP0031,T00585,,,1.59,7.95,0.2,0.0,0.1,1.49,7.95,10.5,-24.3
2025-06-16 16:39:00,M0020,OP0031,T00585,,,1.59,7.95,0.2,0.0,0.1,1.49,7.95,10.5,-24.3
2025-06-16 16:51:00,M0020,OP0031,T00585,,,1.59,7.95,0.2,0.0,0.1,1.49,7.95,10.5,-24.3
2025-06-16 17:03:00,M0020,OP0031,T00585,,,1.59,7.95,0.2,0.0,0.1,1.49,7.95,10.5,-24.3
2025-06-16 17:15:00,M0020,OP0031,T00585,,,0.26,7.95,0.03,0.0,0.02,0.25,7.95,10.5,-24.3
2025-05-13 11:45:00,M0013,OP0021,T00587,190.0,,1.76,8.78,0.2,0.04,0.09,1.67,8.78,10.5,-16.4
2025-05-13 11:57:00,M0013,OP0021,T00587,,,1.76,8.78,0.2,0.06,0.09,1.67,8.78,10.5,-16.4
2025-05-13 12:09:00,M0013,OP0021,T00587,,,1.76,8.78,0.2,0.05,0.09,1.67,8.78,10.5,-16.4
2025-05-13 12:21:00,M0013,OP0021,T00587,,,1.02,8.78,0.12,0.02,0.05,0.97,8.78,10.5,-16.4
2025-02-13 06:29:00,M0040,OP0038,T00588,392.4,,3.08,15.4,0.2,0.05,0.13,2.95,15.4,19.5,-21.0
2025-02-13 06:41:00,M0040,OP0038,T00588,,,3.08,15.4,0.2,0.05,0.13,2.95,15.4,19.5,-21.0
2025-02-13 06:53:00,M0040,OP0038,T00588,,,3.08,15.4,0.2,0.04,0.13,2.95,15.4,19.5,-21.0
2025-02-13 07:05:00,M0040,OP0038,T00588,,,3.08,15.4,0.2,0.04,0.13,2.95,15.4,19.5,-21.0
2025-02-13 07:17:00,M0040,OP0038,T00588,,,3.08,15.4,0.2,0.06,0.13,2.95,15.4,19.5,-21.0
2025-02-13 07:29:00,M0040,OP0038,T00588,,,3.08,15.4,0.2,0.05,0.13,2.95,15.4,19.5,-21.0
2025-02-13 07:41:00,M0040,OP0038,T00588,,,3.08,15.4,0.2,0.04,0.13,2.95,15.4,19.5,-21.0
2025-02-13 07:53:00,M0040,OP0038,T00588,,,3.08,15.4,0.2,0.06,0.13,2.95,15.4,19.5,-21.0
2025-02-13 08:05:00,M0040,OP0038,T00588,,,2.57,15.4,0.17,0.03,0.11,2.46,15.4,19.5,-21.0
2025-01-07 11:33:00,M0030,OP0032,T00589,189.8,,2.86,14.3,0.2,0.04,0.19,2.67,14.3,20.0,-28.5
2025-01-07 11:45:00,M0030,OP0032,T00589,,,2.86,14.3,0.2,0.04,0.19,2.67,14.3,20.0,-28.5
2025-01-07 11:57:00,M0030,OP0032,T00589,,,2.86,14.3,0.2,0.04,0.19,2.67,14.3,20.0,-28.5
2025-01-07 12:09:00,M0030,OP0032,T00589,,,2.86,14.3,0.2,0.03,0.19,2.67,14.3,20.0,-28.5
2025-01-07 12:21:00,M0030,OP0032,T00589,,,2.86,14.3,0.2,0.03,0.19,2.67,14.3,20.0,-28.5
2025-01-07 12:33:00,M0030,OP0032,T00589,,,2.86,14.3,0.2,0.03,0.19,2.67,14.3,20.0,-28.5
2025-01-07 12:45:00,M0030,OP0032,T00589,,,2.86,14.3,0.2,0.03,0.19,2.67,14.3,20.0,-28.5
2025-01-07 12:57:00,M0030,OP0032,T00589,,,2.86,14.3,0.2,0.04,0.19,2.67,14.3,20.0,-28.5
2025-01-07 13:09:00,M0030,OP0032,T00589,,,2.86,14.3,0.2,0.03,0.19,2.67,14.3,20.0,-28.5
2025-01-07 13:21:00,M0030,OP0032,T00589,,,2.86,14.3,0.2,0.04,0.19,2.67,14.3,20.0,-28.5
2025-01-07 13:33:00,M0030,OP0032,T00589,,,2.86,14.3,0.2,0.03,0.19,2.67,14.3,20.0,-28.5
2025-01-07 13:45:00,M0030,OP0032,T00589,,,2.86,14.3,0.2,0.03,0.19,2.67,14.3,20.0,-28.5
2025-01-07 13:57:00,M0030,OP0032,T00589,,,2.86,14.3,0.2,0.03,0.19,2.67,14.3,20.0,-28.5
2025-01-07 14:09:00,M0030,OP0032,T00589,,,2.86,14.3,0.2,0.03,0.19,2.67,14.3,20.0,-28.5
2025-01-07 14:21:00,M0030,OP0032,T00589,,,2.86,14.3,0.2,0.04,0.19,2.67,14.3,20.0,-28.5
2025-01-07 14:33:00,M0030,OP0032,T00589,,,2.86,14.3,0.2,0.04,0.19,2.67,14.3,20.0,-28.5
2025-01-07 14:45:00,M0030,OP0032,T00589,,,2.86,14.3,0.2,0.03,0.19,2.67,14.3,20.0,-28.5
2025-01-07 14:57:00,M0030,OP0032,T00589,,,2.86,14.3,0.2,0.04,0.19,2.67,14.3,20.0,-28.5
2025-01-07 15:09:00,M0030,OP0032,T00589,,,2.86,14.3,0.2,0.03,0.19,2.67,14.3,20.0,-28.5
2025-01-07 15:21:00,M0030,OP0032,T00589,,,2.86,14.3,0.2,0.04,0.19,2.67,14.3,20.0,-28.5
2025-08-28 08:31:00,M0035,OP0050,T00590,299.1,,2.18,10.89,0.2,0.02,0.11,2.07,10.89,14.5,-24.9
2025-08-28 08:43:00,M0035,OP0050,T00590,,,2.18,10.89,0.2,0.02,0.11,2.07,10.89,14.5,-24.9
2025-08-28 08:55:00,M0035,OP0050,T00590,,,2.18,10.89,0.2,0.01,0.11,2.07,10.89,14.5,-24.9
2025-08-28 09:07:00,M0035,OP0050,T00590,,,2.18,10.89,0.2,0.01,0.11,2.07,10.89,14.5,-24.9
2025-08-28 09:19:00,M0035,OP0050,T00590,,,2.18,10.89,0.2,0.02,0.11,2.07,10.89,14.5,-24.9
2025-08-28 09:31:00,M0035,OP0050,T00590,,,2.18,10.89,0.2,0.02,0.11,2.07,10.89,14.5,-24.9
2025-08-28 09:43:00,M0035,OP0050,T00590,,,2.18,10.89,0.2,0.02,0.11,2.07,10.89,14.5,-24.9
2025-08-28 09:55:00,M0035,OP0050,T00590,,,2.18,10.89,0.2,0.02,0.11,2.07,10.89,14.5,-24.9
2025-08-28 10:07:00,M0035,OP0050,T00590,,,2.18,10.89,0.2,0.02,0.11,2.07,10.89,14.5,-24.9
2025-08-28 10:19:00,M0035,OP0050,T00590,,,2.18,10.89,0.2,0.02,0.11,2.07,10.89,14.5,-24.9
2025-08-28 10:31:00,M0035,OP0050,T00590,,,2.18,10.89,0.2,0.01,0.11,2.07,10.89,14.5,-24.9
2025-08-28 10:43:00,M0035,OP0050,T00590,,,2.18,10.89,0.2,0.02,0.11,2.07,10.89,14.5,-24.9
2025-08-28 10:55:00,M0035,OP0050,T00590,,,2.18,10.89,0.2,0.02,0.11,2.07,10.89,14.5,-24.9
2025-08-28 11:07:00,M0035,OP0050,T00590,,,2.18,10.89,0.2,0.01,0.11,2.07,10.89,14.5,-24.9
2025-08-28 11:19:00,M0035,OP0050,T00590,,,2.18,10.89,0.2,0.02,0.11,2.07,10.89,14.5,-24.9
2025-08-28 11:31:00,M0035,OP0050,T00590,,,2.18,10.89,0.2,0.02,0.11,2.07,10.89,14.5,-24.9
2025-08-28 11:43:00,M0035,OP0050,T00590,,,1.09,10.89,0.1,0.01,0.05,1.03,10.89,14.5,-24.9
2025-06-09 10:04:00,M0023,OP0017,T00591,314.4,,3.4,16.98,0.2,0.04,0.18,3.22,16.98,19.5,-12.9
2025-06-09 10:16:00,M0023,OP0017,T00591,,,3.4,16.98,0.2,0.03,0.18,3.22,16.98,19.5,-12.9
2025-06-09 10:28:00,M0023,OP0017,T00591,,,3.4,16.98,0.2,0.03,0.18,3.22,16.98,19.5,-12.9
2025-06-09 10:40:00,M0023,OP0017,T00591,,,3.4,16.98,0.2,0.04,0.18,3.22,16.98,19.5,-12.9
2025-06-09 10:52:00,M0023,OP0017,T00591,,,3.4,16.98,0.2,0.03,0.18,3.22,16.98,19.5,-12.9
2025-06-09 11:04:00,M0023,OP0017,T00591,,,3.4,16.98,0.2,0.04,0.18,3.22,16.98,19.5,-12.9
2025-06-09 11:16:00,M0023,OP0017,T00591,,,3.4,16.98,0.2,0.03,0.18,3.22,16.98,19.5,-12.9
2025-06-09 11:28:00,M0023,OP0017,T00591,,,3.4,16.98,0.2,0.03,0.18,3.22,16.98,19.5,-12.9
2025-06-09 11:40:00,M0023,OP0017,T00591,,,3.4,16.98,0.2,0.03,0.18,3.22,16.98,19.5,-12.9
2025-06-09 11:52:00,M0023,OP0017,T00591,,,3.4,16.98,0.2,0.03,0.18,3.22,16.98,19.5,-12.9
2025-06-09 12:04:00,M0023,OP0017,T00591,,,3.4,16.98,0.2,0.04,0.18,3.22,16.98,19.5,-12.9
2025-06-09 12:16:00,M0023,OP0017,T00591,,,3.4,16.98,0.2,0.03,0.18,3.22,16.98,19.5,-12.9
2025-06-09 12:28:00,M0023,OP0017,T00591,,,3.4,16.98,0.2,0.04,0.18,3.22,16.98,19.5,-12.9
2025-06-09 12:40:00,M0023,OP0017,T00591,,,3.4,16.98,0.2,0.04,0.18,3.22,16.98,19.5,-12.9
2025-06-09 12:52:00,M0023,OP0017,T00591,,,3.4,16.98,0.2,0.04,0.18,3.22,16.98,19.5,-12.9
2025-06-09 13:04:00,M0023,OP0017,T00591,,,3.4,16.98,0.2,0.03,0.18,3.22,16.98,19.5,-12.9
2025-06-09 13:16:00,M0023,OP0017,T00591,,,3.4,16.98,0.2,0.03,0.18,3.22,16.98,19.5,-12.9
2025-06-09 13:28:00,M0023,OP0017,T00591,,,3.4,16.98,0.2,0.04,0.18,3.22,16.98,19.5,-12.9
2025-06-09 13:40:00,M0023,OP0017,T00591,,,3.4,16.98,0.2,0.03,0.18,3.22,16.98,19.5,-12.9
2025-06-09 13:52:00,M0023,OP0017,T00591,,,3.4,16.98,0.2,0.04,0.18,3.22,16.98,19.5,-12.9
2025-08-16 08:08:00,M0027,OP0031,T00592,333.4,,3.35,16.77,0.2,0.03,0.16,3.19,16.77,20.0,-16.1
2025-08-16 08:20:00,M0027,OP0031,T00592,,,3.35,16.77,0.2,0.03,0.16,3.19,16.77,20.0,-16.1
2025-08-16 08:32:00,M0027,OP0031,T00592,,,3.35,16.77,0.2,0.02,0.16,3.19,16.77,20.0,-16.1
2025-08-16 08:44:00,M0027,OP0031,T00592,,,3.35,16.77,0.2,0.03,0.16,3.19,16.77,20.0,-16.1
2025-08-16 08:56:00,M0027,OP0031,T00592,,,3.35,16.77,0.2,0.02,0.16,3.19,16.77,20.0,-16.1
2025-08-16 09:08:00,M0027,OP0031,T00592,,,3.35,16.77,0.2,0.03,0.16,3.19,16.77,20.0,-16.1
2025-08-16 09:20:00,M0027,OP0031,T00592,,,3.35,16.77,0.2,0.02,0.16,3.19,16.77,20.0,-16.1
2025-08-16 09:32:00,M0027,OP0031,T00592,,,3.35,16.77,0.2,0.02,0.16,3.19,16.77,20.0,-16.1
2025-08-16 09:44:00,M0027,OP0031,T00592,,,3.35,16.77,0.2,0.02,0.16,3.19,16.77,20.0,-16.1
2025-08-16 09:56:00,M0027,OP0031,T00592,,,3.35,16.77,0.2,0.03,0.16,3.19,16.77,20.0,-16.1
2025-08-16 10:08:00,M0027,OP0031,T00592,,,3.35,16.77,0.2,0.02,0.16,3.19,16.77,20.0,-16.1
2025-08-16 10:20:00,M0027,OP0031,T00592,,,3.35,16.77,0.2,0.03,0.16,3.19,16.77,20.0,-16.1
2025-08-16 10:32:00,M0027,OP0031,T00592,,,3.35,16.77,0.2,0.03,0.16,3.19,16.77,20.0,-16.1
2025-08-16 10:44:00,M0027,OP0031,T00592,,,3.35,16.77,0.2,0.02,0.16,3.19,16.77,20.0,-16.1
2025-08-16 10:56:00,M0027,OP0031,T00592,,,3.35,16.77,0.2,0.02,0.16,3.19,16.77,20.0,-16.1
2025-08-16 11:08:00,M0027,OP0031,T00592,,,3.35,16.77,0.2,0.03,0.16,3.19,16.77,20.0,-16.1
2025-08-16 11:20:00,M0027,OP0031,T00592,,,3.35,16.77,0.2,0.02,0.16,3.19,16.77,20.0,-16.1
2025-08-16 11:32:00,M0027,OP0031,T00592,,,3.35,16.77,0.2,0.02,0.16,3.19,16.77,20.0,-16.1
2025-08-16 11:44:00,M0027,OP0031,T00592,,,3.35,16.77,0.2,0.03,0.16,3.19,16.77,20.0,-16.1
2025-08-16 11:56:00,M0027,OP0031,T00592,,,0.56,16.77,0.03,0.0,0.03,0.53,16.77,20.0,-16.1
2025-01-09 09:10:00,M0040,OP0037,T00593,373.0,,4.01,20.07,0.2,0.03,0.14,3.87,20.07,19.5,2.9
2025-01-09 09:22:00,M0040,OP0037,T00593,,,4.01,20.07,0.2,0.03,0.14,3.87,20.07,19.5,2.9
2025-01-09 09:34:00,M0040,OP0037,T00593,,,4.01,20.07,0.2,0.03,0.14,3.87,20.07,19.5,2.9
2025-01-09 09:46:00,M0040,OP0037,T00593,,,4.01,20.07,0.2,0.03,0.14,3.87,20.07,19.5,2.9
2025-01-09 09:58:00,M0040,OP0037,T00593,,,4.01,20.07,0.2,0.03,0.14,3.87,20.07,19.5,2.9
2025-01-09 10:10:00,M0040,OP0037,T00593,,,4.01,20.07,0.2,0.04,0.14,3.87,20.07,19.5,2.9
2025-01-09 10:22:00,M0040,OP0037,T00593,,,4.01,20.07,0.2,0.04,0.14,3.87,20.07,19.5,2.9
2025-01-09 10:34:00,M0040,OP0037,T00593,,,4.01,20.07,0.2,0.03,0.14,3.87,20.07,19.5,2.9
2025-01-09 10:46:00,M0040,OP0037,T00593,,,4.01,20.07,0.2,0.04,0.14,3.87,20.07,19.5,2.9
2025-01-09 10:58:00,M0040,OP0037,T00593,,,4.01,20.07,0.2,0.02,0.14,3.87,20.07,19.5,2.9
2025-01-09 11:10:00,M0040,OP0037,T00593,,,4.01,20.07,0.2,0.04,0.14,3.87,20.07,19.5,2.9
2025-01-09 11:22:00,M0040,OP0037,T00593,,,4.01,20.07,0.2,0.03,0.14,3.87,20.07,19.5,2.9
2025-01-09 11:34:00,M0040,OP0037,T00593,,,1.67,20.07,0.08,0.01,0.06,1.61,20.07,19.5,2.9
2025-02-16 15:51:00,M0036,OP0041,T00594,656.7,,3.67,18.33,0.2,0.06,0.21,3.46,18.33,25.0,-26.7
2025-02-16 16:03:00,M0036,OP0041,T00594,,,3.67,18.33,0.2,0.08,0.21,3.46,18.33,25.0,-26.7
2025-02-16 16:15:00,M0036,OP0041,T00594,,,3.67,18.33,0.2,0.07,0.21,3.46,18.33,25.0,-26.7
2025-02-16 16:27:00,M0036,OP0041,T00594,,,3.67,18.33,0.2,0.08,0.21,3.46,18.33,25.0,-26.7
2025-02-16 16:39:00,M0036,OP0041,T00594,,,3.67,18.33,0.2,0.07,0.21,3.46,18.33,25.0,-26.7
2025-02-16 16:51:00,M0036,OP0041,T00594,,,3.67,18.33,0.2,0.09,0.21,3.46,18.33,25.0,-26.7
2025-02-16 17:03:00,M0036,OP0041,T00594,,,3.67,18.33,0.2,0.09,0.21,3.46,18.33,25.0,-26.7
2025-02-16 17:15:00,M0036,OP0041,T00594,,,3.67,18.33,0.2,0.05,0.21,3.46,18.33,25.0,-26.7
2025-02-16 17:27:00,M0036,OP0041,T00594,,,3.67,18.33,0.2,0.05,0.21,3.46,18.33,25.0,-26.7
2025-02-16 17:39:00,M0036,OP0041,T00594,,,3.67,18.33,0.2,0.07,0.21,3.46,18.33,25.0,-26.7
2025-02-16 17:51:00,M0036,OP0041,T00594,,,3.67,18.33,0.2,0.07,0.21,3.46,18.33,25.0,-26.7
2025-02-16 18:03:00,M0036,OP0041,T00594,,,3.67,18.33,0.2,0.08,0.21,3.46,18.33,25.0,-26.7
2025-02-16 18:15:00,M0036,OP0041,T00594,,,3.67,18.33,0.2,0.09,0.21,3.46,18.33,25.0,-26.7
2025-02-16 18:27:00,M0036,OP0041,T00594,,,3.67,18.33,0.2,0.08,0.21,3.46,18.33,25.0,-26.7
2025-02-16 18:39:00,M0036,OP0041,T00594,,,3.67,18.33,0.2,0.06,0.21,3.46,18.33,25.0,-26.7
2025-02-16 18:51:00,M0036,OP0041,T00594,,,3.67,18.33,0.2,0.06,0.21,3.46,18.33,25.0,-26.7
2025-02-16 19:03:00,M0036,OP0041,T00594,,,3.67,18.33,0.2,0.06,0.21,3.46,18.33,25.0,-26.7
2025-02-16 19:15:00,M0036,OP0041,T00594,,,3.67,18.33,0.2,0.06,0.21,3.46,18.33,25.0,-26.7
2025-02-16 19:27:00,M0036,OP0041,T00594,,,3.67,18.33,0.2,0.05,0.21,3.46,18.33,25.0,-26.7
2025-02-16 19:39:00,M0036,OP0041,T00594,,,3.67,18.33,0.2,0.06,0.21,3.46,18.33,25.0,-26.7
2025-08-16 11:14:00,M0034,OP0007,T00596,464.7,,2.64,13.18,0.2,0.05,0.21,2.42,13.18,20.0,-34.1
2025-08-16 11:26:00,M0034,OP0007,T00596,,,2.64,13.18,0.2,0.06,0.21,2.42,13.18,20.0,-34.1
2025-08-16 11:38:00,M0034,OP0007,T00596,,,2.64,13.18,0.2,0.07,0.21,2.42,13.18,20.0,-34.1
2025-08-16 11:50:00,M0034,OP0007,T00596,,,2.64,13.18,0.2,0.06,0.21,2.42,13.18,20.0,-34.1
2025-08-16 12:02:00,M0034,OP0007,T00596,,,2.64,13.18,0.2,0.05,0.21,2.42,13.18,20.0,-34.1
2025-08-16 12:14:00,M0034,OP0007,T00596,,,2.64,13.18,0.2,0.06,0.21,2.42,13.18,20.0,-34.1
2025-08-16 12:26:00,M0034,OP0007,T00596,,,2.64,13.18,0.2,0.06,0.21,2.42,13.18,20.0,-34.1
2025-08-16 12:38:00,M0034,OP0007,T00596,,,2.64,13.18,0.2,0.07,0.21,2.42,13.18,20.0,-34.1
2025-08-16 12:50:00,M0034,OP0007,T00596,,,2.64,13.18,0.2,0.04,0.21,2.42,13.18,20.0,-34.1
2025-08-16 13:02:00,M0034,OP0007,T00596,,,2.64,13.18,0.2,0.07,0.21,2.42,13.18,20.0,-34.1
2025-08-16 13:14:00,M0034,OP0007,T00596,,,2.64,13.18,0.2,0.05,0.21,2.42,13.18,20.0,-34.1
2025-08-16 13:26:00,M0034,OP0007,T00596,,,2.64,13.18,0.2,0.07,0.21,2.42,13.18,20.0,-34.1
2025-08-16 13:38:00,M0034,OP0007,T00596,,,2.64,13.18,0.2,0.04,0.21,2.42,13.18,20.0,-34.1
2025-08-16 13:50:00,M0034,OP0007,T00596,,,2.64,13.18,0.2,0.06,0.21,2.42,13.18,20.0,-34.1
2025-08-16 14:02:00,M0034,OP0007,T00596,,,2.64,13.18,0.2,0.04,0.21,2.42,13.18,20.0,-34.1
2025-08-16 14:14:00,M0034,OP0007,T00596,,,2.64,13.18,0.2,0.05,0.21,2.42,13.18,20.0,-34.1
2025-08-16 14:26:00,M0034,OP0007,T00596,,,2.64,13.18,0.2,0.04,0.21,2.42,13.18,20.0,-34.1
2025-08-16 14:38:00,M0034,OP0007,T00596,,,2.64,13.18,0.2,0.05,0.21,2.42,13.18,20.0,-34.1
2025-08-16 14:50:00,M0034,OP0007,T00596,,,2.64,13.18,0.2,0.07,0.21,2.42,13.18,20.0,-34.1
2025-08-16 15:02:00,M0034,OP0007,T00596,,,2.64,13.18,0.2,0.06,0.21,2.42,13.18,20.0,-34.1
2025-06-09 14:34:00,M0036,OP0025,T00598,432.7,,3.17,15.83,0.2,0.04,0.34,2.82,15.83,25.0,-36.7
2025-06-09 14:46:00,M0036,OP0025,T00598,,,3.17,15.83,0.2,0.04,0.34,2.82,15.83,25.0,-36.7
2025-06-09 14:58:00,M0036,OP0025,T00598,,,3.17,15.83,0.2,0.03,0.34,2.82,15.83,25.0,-36.7
2025-06-09 15:10:00,M0036,OP0025,T00598,,,3.17,15.83,0.2,0.03,0.34,2.82,15.83,25.0,-36.7
2025-06-09 15:22:00,M0036,OP0025,T00598,,,3.17,15.83,0.2,0.03,0.34,2.82,15.83,25.0,-36.7
2025-06-09 15:34:00,M0036,OP0025,T00598,,,3.17,15.83,0.2,0.04,0.34,2.82,15.83,25.0,-36.7
2025-06-09 15:46:00,M0036,OP0025,T00598,,,3.17,15.83,0.2,0.04,0.34,2.82,15.83,25.0,-36.7
2025-06-09 15:58:00,M0036,OP0025,T00598,,,3.17,15.83,0.2,0.03,0.34,2.82,15.83,25.0,-36.7
2025-06-09 16:10:00,M0036,OP0025,T00598,,,3.17,15.83,0.2,0.04,0.34,2.82,15.83,25.0,-36.7
2025-06-09 16:22:00,M0036,OP0025,T00598,,,3.17,15.83,0.2,0.04,0.34,2.82,15.83,25.0,-36.7
2025-06-09 16:34:00,M0036,OP0025,T00598,,,3.17,15.83,0.2,0.04,0.34,2.82,15.83,25.0,-36.7
2025-06-09 16:46:00,M0036,OP0025,T00598,,,3.17,15.83,0.2,0.03,0.34,2.82,15.83,25.0,-36.7
2025-06-09 16:58:00,M0036,OP0025,T00598,,,3.17,15.83,0.2,0.04,0.34,2.82,15.83,25.0,-36.7
2025-06-09 17:10:00,M0036,OP0025,T00598,,,3.17,15.83,0.2,0.03,0.34,2.82,15.83,25.0,-36.7
2025-06-09 17:22:00,M0036,OP0025,T00598,,,3.17,15.83,0.2,0.04,0.34,2.82,15.83,25.0,-36.7
2025-06-09 17:34:00,M0036,OP0025,T00598,,,3.17,15.83,0.2,0.03,0.34,2.82,15.83,25.0,-36.7
2025-06-09 17:46:00,M0036,OP0025,T00598,,,3.17,15.83,0.2,0.03,0.34,2.82,15.83,25.0,-36.7
2025-06-09 17:58:00,M0036,OP0025,T00598,,,3.17,15.83,0.2,0.03,0.34,2.82,15.83,25.0,-36.7
2025-06-09 18:10:00,M0036,OP0025,T00598,,,3.17,15.83,0.2,0.03,0.34,2.82,15.83,25.0,-36.7
2025-06-09 18:22:00,M0036,OP0025,T00598,,,3.17,15.83,0.2,0.04,0.34,2.82,15.83,25.0,-36.7
2025-01-15 07:10:00,M0018,OP0008,T00600,390.8,,4.26,21.28,0.2,0.04,0.23,4.02,21.28,20.0,6.4
2025-01-15 07:22:00,M0018,OP0008,T00600,,,4.26,21.28,0.2,0.04,0.23,4.02,21.28,20.0,6.4
2025-01-15 07:34:00,M0018,OP0008,T00600,,,4.26,21.28,0.2,0.03,0.23,4.02,21.28,20.0,6.4
2025-01-15 07:46:00,M0018,OP0008,T00600,,,4.26,21.28,0.2,0.04,0.23,4.02,21.28,20.0,6.4
2025-01-15 07:58:00,M0018,OP0008,T00600,,,4.26,21.28,0.2,0.03,0.23,4.02,21.28,20.0,6.4
2025-01-15 08:10:00,M0018,OP0008,T00600,,,4.26,21.28,0.2,0.03,0.23,4.02,21.28,20.0,6.4
2025-01-15 08:22:00,M0018,OP0008,T00600,,,4.26,21.28,0.2,0.04,0.23,4.02,21.28,20.0,6.4
2025-01-15 08:34:00,M0018,OP0008,T00600,,,4.26,21.28,0.2,0.02,0.23,4.02,21.28,20.0,6.4
2025-01-15 08:46:00,M0018,OP0008,T00600,,,4.26,21.28,0.2,0.04,0.23,4.02,21.28,20.0,6.4
2025-01-15 08:58:00,M0018,OP0008,T00600,,,4.26,21.28,0.2,0.04,0.23,4.02,21.28,20.0,6.4
2025-01-15 09:10:00,M0018,OP0008,T00600,,,4.26,21.28,0.2,0.03,0.23,4.02,21.28,20.0,6.4
2025-01-15 09:22:00,M0018,OP0008,T00600,,,4.26,21.28,0.2,0.04,0.23,4.02,21.28,20.0,6.4
2025-01-15 09:34:00,M0018,OP0008,T00600,,,4.26,21.28,0.2,0.03,0.23,4.02,21.28,20.0,6.4
2025-01-15 09:46:00,M0018,OP0008,T00600,,,4.26,21.28,0.2,0.03,0.23,4.02,21.28,20.0,6.4
2025-01-15 09:58:00,M0018,OP0008,T00600,,,4.26,21.28,0.2,0.03,0.23,4.02,21.28,20.0,6.4
2025-01-15 10:10:00,M0018,OP0008,T00600,,,4.26,21.28,0.2,0.03,0.23,4.02,21.28,20.0,6.4
2025-01-15 10:22:00,M0018,OP0008,T00600,,,4.26,21.28,0.2,0.03,0.23,4.02,21.28,20.0,6.4
2025-01-15 10:34:00,M0018,OP0008,T00600,,,4.26,21.28,0.2,0.03,0.23,4.02,21.28,20.0,6.4
2025-01-15 10:46:00,M0018,OP0008,T00600,,,4.26,21.28,0.2,0.04,0.23,4.02,21.28,20.0,6.4
2025-01-15 10:58:00,M0018,OP0008,T00600,,,4.26,21.28,0.2,0.03,0.23,4.02,21.28,20.0,6.4
2025-02-06 11:44:00,M0038,OP0004,T00602,569.3,,4.07,20.36,0.2,0.01,0.24,3.84,20.36,25.0,-18.5
2025-02-06 11:56:00,M0038,OP0004,T00602,,,4.07,20.36,0.2,0.01,0.24,3.84,20.36,25.0,-18.5
2025-02-06 12:08:00,M0038,OP0004,T00602,,,4.07,20.36,0.2,0.01,0.24,3.84,20.36,25.0,-18.5
2025-02-06 12:20:00,M0038,OP0004,T00602,,,4.07,20.36,0.2,0.01,0.24,3.84,20.36,25.0,-18.5
2025-02-06 12:32:00,M0038,OP0004,T00602,,,4.07,20.36,0.2,0.01,0.24,3.84,20.36,25.0,-18.5
2025-02-06 12:44:00,M0038,OP0004,T00602,,,4.07,20.36,0.2,0.01,0.24,3.84,20.36,25.0,-18.5
2025-02-06 12:56:00,M0038,OP0004,T00602,,,4.07,20.36,0.2,0.02,0.24,3.84,20.36,25.0,-18.5
2025-02-06 13:08:00,M0038,OP0004,T00602,,,4.07,20.36,0.2,0.02,0.24,3.84,20.36,25.0,-18.5
2025-02-06 13:20:00,M0038,OP0004,T00602,,,4.07,20.36,0.2,0.01,0.24,3.84,20.36,25.0,-18.5
2025-02-06 13:32:00,M0038,OP0004,T00602,,,4.07,20.36,0.2,0.01,0.24,3.84,20.36,25.0,-18.5
2025-02-06 13:44:00,M0038,OP0004,T00602,,,4.07,20.36,0.2,0.01,0.24,3.84,20.36,25.0,-18.5
2025-02-06 13:56:00,M0038,OP0004,T00602,,,4.07,20.36,0.2,0.01,0.24,3.84,20.36,25.0,-18.5
2025-02-06 14:08:00,M0038,OP0004,T00602,,,4.07,20.36,0.2,0.01,0.24,3.84,20.36,25.0,-18.5
2025-02-06 14:20:00,M0038,OP0004,T00602,,,4.07,20.36,0.2,0.01,0.24,3.84,20.36,25.0,-18.5
2025-02-06 14:32:00,M0038,OP0004,T00602,,,4.07,20.36,0.2,0.01,0.24,3.84,20.36,25.0,-18.5
2025-02-06 14:44:00,M0038,OP0004,T00602,,,4.07,20.36,0.2,0.01,0.24,3.84,20.36,25.0,-18.5
2025-02-06 14:56:00,M0038,OP0004,T00602,,,4.07,20.36,0.2,0.01,0.24,3.84,20.36,25.0,-18.5
2025-02-06 15:08:00,M0038,OP0004,T00602,,,4.07,20.36,0.2,0.01,0.24,3.84,20.36,25.0,-18.5
2025-02-06 15:20:00,M0038,OP0004,T00602,,,4.07,20.36,0.2,0.01,0.24,3.84,20.36,25.0,-18.5
2025-02-06 15:32:00,M0038,OP0004,T00602,,,4.07,20.36,0.2,0.01,0.24,3.84,20.36,25.0,-18.5
2025-01-20 08:17:00,M0025,OP0050,T00603,436.9,,3.02,15.09,0.2,0.02,0.13,2.89,15.09,19.5,-22.6
2025-01-20 08:29:00,M0025,OP0050,T00603,,,3.02,15.09,0.2,0.03,0.13,2.89,15.09,19.5,-22.6
2025-01-20 08:41:00,M0025,OP0050,T00603,,,3.02,15.09,0.2,0.03,0.13,2.89,15.09,19.5,-22.6
2025-01-20 08:53:00,M0025,OP0050,T00603,,,3.02,15.09,0.2,0.03,0.13,2.89,15.09,19.5,-22.6
2025-01-20 09:05:00,M0025,OP0050,T00603,,,3.02,15.09,0.2,0.02,0.13,2.89,15.09,19.5,-22.6
2025-01-20 09:17:00,M0025,OP0050,T00603,,,3.02,15.09,0.2,0.03,0.13,2.89,15.09,19.5,-22.6
2025-01-20 09:29:00,M0025,OP0050,T00603,,,3.02,15.09,0.2,0.02,0.13,2.89,15.09,19.5,-22.6
2025-01-20 09:41:00,M0025,OP0050,T00603,,,3.02,15.09,0.2,0.02,0.13,2.89,15.09,19.5,-22.6
2025-01-20 09:53:00,M0025,OP0050,T00603,,,3.02,15.09,0.2,0.03,0.13,2.89,15.09,19.5,-22.6
2025-01-20 10:05:00,M0025,OP0050,T00603,,,3.02,15.09,0.2,0.02,0.13,2.89,15.09,19.5,-22.6
2025-01-20 10:17:00,M0025,OP0050,T00603,,,3.02,15.09,0.2,0.03,0.13,2.89,15.09,19.5,-22.6
2025-01-20 10:29:00,M0025,OP0050,T00603,,,3.02,15.09,0.2,0.03,0.13,2.89,15.09,19.5,-22.6
2025-01-20 10:41:00,M0025,OP0050,T00603,,,3.02,15.09,0.2,0.03,0.13,2.89,15.09,19.5,-22.6
2025-01-20 10:53:00,M0025,OP0050,T00603,,,3.02,15.09,0.2,0.02,0.13,2.89,15.09,19.5,-22.6
2025-01-20 11:05:00,M0025,OP0050,T00603,,,3.02,15.09,0.2,0.03,0.13,2.89,15.09,19.5,-22.6
2025-01-20 11:17:00,M0025,OP0050,T00603,,,3.02,15.09,0.2,0.02,0.13,2.89,15.09,19.5,-22.6
2025-01-20 11:29:00,M0025,OP0050,T00603,,,3.02,15.09,0.2,0.03,0.13,2.89,15.09,19.5,-22.6
2025-01-20 11:41:00,M0025,OP0050,T00603,,,3.02,15.09,0.2,0.02,0.13,2.89,15.09,19.5,-22.6
2025-01-20 11:53:00,M0025,OP0050,T00603,,,3.02,15.09,0.2,0.03,0.13,2.89,15.09,19.5,-22.6
2025-01-20 12:05:00,M0025,OP0050,T00603,,,3.02,15.09,0.2,0.03,0.13,2.89,15.09,19.5,-22.6
2025-01-18 13:07:00,M0029,OP0012,T00605,400.2,,3.62,18.11,0.2,0.03,0.32,3.3,18.11,25.0,-27.6
2025-01-18 13:19:00,M0029,OP0012,T00605,,,3.62,18.11,0.2,0.03,0.32,3.3,18.11,25.0,-27.6
2025-01-18 13:31:00,M0029,OP0012,T00605,,,3.62,18.11,0.2,0.03,0.32,3.3,18.11,25.0,-27.6
2025-01-18 13:43:00,M0029,OP0012,T00605,,,3.62,18.11,0.2,0.02,0.32,3.3,18.11,25.0,-27.6
2025-01-18 13:55:00,M0029,OP0012,T00605,,,3.62,18.11,0.2,0.02,0.32,3.3,18.11,25.0,-27.6
2025-01-18 14:07:00,M0029,OP0012,T00605,,,3.62,18.11,0.2,0.02,0.32,3.3,18.11,25.0,-27.6
2025-01-18 14:19:00,M0029,OP0012,T00605,,,3.62,18.11,0.2,0.03,0.32,3.3,18.11,25.0,-27.6
2025-01-18 14:31:00,M0029,OP0012,T00605,,,3.62,18.11,0.2,0.02,0.32,3.3,18.11,25.0,-27.6
2025-01-18 14:43:00,M0029,OP0012,T00605,,,3.62,18.11,0.2,0.02,0.32,3.3,18.11,25.0,-27.6
2025-01-18 14:55:00,M0029,OP0012,T00605,,,3.62,18.11,0.2,0.02,0.32,3.3,18.11,25.0,-27.6
2025-01-18 15:07:00,M0029,OP0012,T00605,,,3.62,18.11,0.2,0.02,0.32,3.3,18.11,25.0,-27.6
2025-01-18 15:19:00,M0029,OP0012,T00605,,,3.62,18.11,0.2,0.03,0.32,3.3,18.11,25.0,-27.6
2025-01-18 15:31:00,M0029,OP0012,T00605,,,3.62,18.11,0.2,0.02,0.32,3.3,18.11,25.0,-27.6
2025-01-18 15:43:00,M0029,OP0012,T00605,,,3.62,18.11,0.2,0.02,0.32,3.3,18.11,25.0,-27.6
2025-01-18 15:55:00,M0029,OP0012,T00605,,,3.62,18.11,0.2,0.02,0.32,3.3,18.11,25.0,-27.6
2025-01-18 16:07:00,M0029,OP0012,T00605,,,3.62,18.11,0.2,0.02,0.32,3.3,18.11,25.0,-27.6
2025-01-18 16:19:00,M0029,OP0012,T00605,,,3.62,18.11,0.2,0.03,0.32,3.3,18.11,25.0,-27.6
2025-01-18 16:31:00,M0029,OP0012,T00605,,,3.62,18.11,0.2,0.03,0.32,3.3,18.11,25.0,-27.6
2025-01-18 16:43:00,M0029,OP0012,T00605,,,3.62,18.11,0.2,0.02,0.32,3.3,18.11,25.0,-27.6
2025-01-18 16:55:00,M0029,OP0012,T00605,,,3.62,18.11,0.2,0.03,0.32,3.3,18.11,25.0,-27.6
2025-05-30 15:43:00,M0029,OP0004,T00606,392.5,,4.14,20.71,0.2,0.0,0.25,3.9,20.71,25.0,-17.2
2025-05-30 15:55:00,M0029,OP0004,T00606,,,4.14,20.71,0.2,0.0,0.25,3.9,20.71,25.0,-17.2
2025-05-30 16:07:00,M0029,OP0004,T00606,,,4.14,20.71,0.2,0.0,0.25,3.9,20.71,25.0,-17.2
2025-05-30 16:19:00,M0029,OP0004,T00606,,,4.14,20.71,0.2,0.0,0.25,3.9,20.71,25.0,-17.2
2025-05-30 16:31:00,M0029,OP0004,T00606,,,4.14,20.71,0.2,0.0,0.25,3.9,20.71,25.0,-17.2
2025-05-30 16:43:00,M0029,OP0004,T00606,,,4.14,20.71,0.2,0.0,0.25,3.9,20.71,25.0,-17.2
2025-05-30 16:55:00,M0029,OP0004,T00606,,,3.11,20.71,0.15,0.0,0.19,2.92,20.71,25.0,-17.2
2025-04-16 13:34:00,M0018,OP0040,T00607,572.0,,3.11,15.55,0.2,0.0,0.19,2.92,15.55,20.0,-22.2
2025-04-16 13:46:00,M0018,OP0040,T00607,,,3.11,15.55,0.2,0.0,0.19,2.92,15.55,20.0,-22.2
2025-04-16 13:58:00,M0018,OP0040,T00607,,,3.11,15.55,0.2,0.0,0.19,2.92,15.55,20.0,-22.2
2025-04-16 14:10:00,M0018,OP0040,T00607,,,3.11,15.55,0.2,0.0,0.19,2.92,15.55,20.0,-22.2
2025-04-16 14:22:00,M0018,OP0040,T00607,,,3.11,15.55,0.2,0.0,0.19,2.92,15.55,20.0,-22.2
2025-04-16 14:34:00,M0018,OP0040,T00607,,,3.11,15.55,0.2,0.0,0.19,2.92,15.55,20.0,-22.2
2025-04-16 14:46:00,M0018,OP0040,T00607,,,3.11,15.55,0.2,0.0,0.19,2.92,15.55,20.0,-22.2
2025-04-16 14:58:00,M0018,OP0040,T00607,,,3.11,15.55,0.2,0.0,0.19,2.92,15.55,20.0,-22.2
2025-04-16 15:10:00,M0018,OP0040,T00607,,,3.11,15.55,0.2,0.0,0.19,2.92,15.55,20.0,-22.2
2025-04-16 15:22:00,M0018,OP0040,T00607,,,3.11,15.55,0.2,0.0,0.19,2.92,15.55,20.0,-22.2
2025-04-16 15:34:00,M0018,OP0040,T00607,,,3.11,15.55,0.2,0.0,0.19,2.92,15.55,20.0,-22.2
2025-04-16 15:46:00,M0018,OP0040,T00607,,,3.11,15.55,0.2,0.0,0.19,2.92,15.55,20.0,-22.2
2025-04-16 15:58:00,M0018,OP0040,T00607,,,3.11,15.55,0.2,0.0,0.19,2.92,15.55,20.0,-22.2
2025-04-16 16:10:00,M0018,OP0040,T00607,,,3.11,15.55,0.2,0.0,0.19,2.92,15.55,20.0,-22.2
2025-04-16 16:22:00,M0018,OP0040,T00607,,,3.11,15.55,0.2,0.0,0.19,2.92,15.55,20.0,-22.2
2025-04-16 16:34:00,M0018,OP0040,T00607,,,3.11,15.55,0.2,0.0,0.19,2.92,15.55,20.0,-22.2
2025-04-16 16:46:00,M0018,OP0040,T00607,,,3.11,15.55,0.2,0.0,0.19,2.92,15.55,20.0,-22.2
2025-04-16 16:58:00,M0018,OP0040,T00607,,,3.11,15.55,0.2,0.0,0.19,2.92,15.55,20.0,-22.2
2025-04-16 17:10:00,M0018,OP0040,T00607,,,3.11,15.55,0.2,0.0,0.19,2.92,15.55,20.0,-22.2
2025-04-16 17:22:00,M0018,OP0040,T00607,,,3.11,15.55,0.2,0.0,0.19,2.92,15.55,20.0,-22.2
2025-04-05 12:03:00,M0022,OP0046,T00608,481.3,,4.61,23.07,0.2,0.06,0.25,4.37,23.07,28.0,-17.6
2025-04-05 12:15:00,M0022,OP0046,T00608,,,4.61,23.07,0.2,0.06,0.25,4.37,23.07,28.0,-17.6
2025-04-05 12:27:00,M0022,OP0046,T00608,,,4.61,23.07,0.2,0.05,0.25,4.37,23.07,28.0,-17.6
2025-04-05 12:39:00,M0022,OP0046,T00608,,,4.61,23.07,0.2,0.05,0.25,4.37,23.07,28.0,-17.6
2025-04-05 12:51:00,M0022,OP0046,T00608,,,4.61,23.07,0.2,0.06,0.25,4.37,23.07,28.0,-17.6
2025-04-05 13:03:00,M0022,OP0046,T00608,,,4.61,23.07,0.2,0.05,0.25,4.37,23.07,28.0,-17.6
2025-04-05 13:15:00,M0022,OP0046,T00608,,,4.61,23.07,0.2,0.06,0.25,4.37,23.07,28.0,-17.6
2025-04-05 13:27:00,M0022,OP0046,T00608,,,4.61,23.07,0.2,0.05,0.25,4.37,23.07,28.0,-17.6
2025-04-05 13:39:00,M0022,OP0046,T00608,,,4.61,23.07,0.2,0.04,0.25,4.37,23.07,28.0,-17.6
2025-04-05 13:51:00,M0022,OP0046,T00608,,,4.61,23.07,0.2,0.06,0.25,4.37,23.07,28.0,-17.6
2025-04-05 14:03:00,M0022,OP0046,T00608,,,4.61,23.07,0.2,0.04,0.25,4.37,23.07,28.0,-17.6
2025-04-05 14:15:00,M0022,OP0046,T00608,,,3.08,23.07,0.13,0.03,0.16,2.91,23.07,28.0,-17.6
2025-09-04 08:00:00,M0033,OP0033,T00610,248.5,,1.91,9.53,0.2,0.03,0.17,1.74,9.53,14.5,-34.3
2025-09-04 08:12:00,M0033,OP0033,T00610,,,1.91,9.53,0.2,0.03,0.17,1.74,9.53,14.5,-34.3
2025-09-04 08:24:00,M0033,OP0033,T00610,,,1.91,9.53,0.2,0.03,0.17,1.74,9.53,14.5,-34.3
2025-09-04 08:36:00,M0033,OP0033,T00610,,,1.91,9.53,0.2,0.02,0.17,1.74,9.53,14.5,-34.3
2025-09-04 08:48:00,M0033,OP0033,T00610,,,1.91,9.53,0.2,0.04,0.17,1.74,9.53,14.5,-34.3
2025-09-04 09:00:00,M0033,OP0033,T00610,,,1.91,9.53,0.2,0.03,0.17,1.74,9.53,14.5,-34.3
2025-09-04 09:12:00,M0033,OP0033,T00610,,,1.91,9.53,0.2,0.02,0.17,1.74,9.53,14.5,-34.3
2025-09-04 09:24:00,M0033,OP0033,T00610,,,1.91,9.53,0.2,0.04,0.17,1.74,9.53,14.5,-34.3
2025-09-04 09:36:00,M0033,OP0033,T00610,,,1.91,9.53,0.2,0.03,0.17,1.74,9.53,14.5,-34.3
2025-09-04 09:48:00,M0033,OP0033,T00610,,,1.91,9.53,0.2,0.04,0.17,1.74,9.53,14.5,-34.3
2025-09-04 10:00:00,M0033,OP0033,T00610,,,1.91,9.53,0.2,0.04,0.17,1.74,9.53,14.5,-34.3
2025-09-04 10:12:00,M0033,OP0033,T00610,,,1.91,9.53,0.2,0.04,0.17,1.74,9.53,14.5,-34.3
2025-09-04 10:24:00,M0033,OP0033,T00610,,,1.91,9.53,0.2,0.03,0.17,1.74,9.53,14.5,-34.3
2025-09-04 10:36:00,M0033,OP0033,T00610,,,1.91,9.53,0.2,0.04,0.17,1.74,9.53,14.5,-34.3
2025-09-04 10:48:00,M0033,OP0033,T00610,,,1.91,9.53,0.2,0.03,0.17,1.74,9.53,14.5,-34.3
2025-09-04 11:00:00,M0033,OP0033,T00610,,,1.91,9.53,0.2,0.03,0.17,1.74,9.53,14.5,-34.3
2025-09-04 11:12:00,M0033,OP0033,T00610,,,1.91,9.53,0.2,0.04,0.17,1.74,9.53,14.5,-34.3
2025-09-04 11:24:00,M0033,OP0033,T00610,,,1.91,9.53,0.2,0.03,0.17,1.74,9.53,14.5,-34.3
2025-09-04 11:36:00,M0033,OP0033,T00610,,,1.91,9.53,0.2,0.03,0.17,1.74,9.53,14.5,-34.3
2025-09-04 11:48:00,M0033,OP0033,T00610,,,1.91,9.53,0.2,0.04,0.17,1.74,9.53,14.5,-34.3
2025-05-17 08:42:00,M0002,OP0006,T00611,336.2,,3.25,16.23,0.2,0.01,0.22,3.03,16.23,19.5,-16.7
2025-05-17 08:54:00,M0002,OP0006,T00611,,,3.25,16.23,0.2,0.01,0.22,3.03,16.23,19.5,-16.7
2025-05-17 09:06:00,M0002,OP0006,T00611,,,3.25,16.23,0.2,0.01,0.22,3.03,16.23,19.5,-16.7
2025-05-17 09:18:00,M0002,OP0006,T00611,,,3.25,16.23,0.2,0.01,0.22,3.03,16.23,19.5,-16.7
2025-05-17 09:30:00,M0002,OP0006,T00611,,,3.25,16.23,0.2,0.01,0.22,3.03,16.23,19.5,-16.7
2025-05-17 09:42:00,M0002,OP0006,T00611,,,3.25,16.23,0.2,0.01,0.22,3.03,16.23,19.5,-16.7
2025-05-17 09:54:00,M0002,OP0006,T00611,,,3.25,16.23,0.2,0.01,0.22,3.03,16.23,19.5,-16.7
2025-05-17 10:06:00,M0002,OP0006,T00611,,,3.25,16.23,0.2,0.01,0.22,3.03,16.23,19.5,-16.7
2025-05-17 10:18:00,M0002,OP0006,T00611,,,3.25,16.23,0.2,0.01,0.22,3.03,16.23,19.5,-16.7
2025-05-17 10:30:00,M0002,OP0006,T00611,,,3.25,16.23,0.2,0.01,0.22,3.03,16.23,19.5,-16.7
2025-05-17 10:42:00,M0002,OP0006,T00611,,,3.25,16.23,0.2,0.01,0.22,3.03,16.23,19.5,-16.7
2025-05-17 10:54:00,M0002,OP0006,T00611,,,3.25,16.23,0.2,0.01,0.22,3.03,16.23,19.5,-16.7
2025-05-17 11:06:00,M0002,OP0006,T00611,,,3.25,16.23,0.2,0.01,0.22,3.03,16.23,19.5,-16.7
2025-05-17 11:18:00,M0002,OP0006,T00611,,,3.25,16.23,0.2,0.01,0.22,3.03,16.23,19.5,-16.7
2025-05-17 11:30:00,M0002,OP0006,T00611,,,3.25,16.23,0.2,0.01,0.22,3.03,16.23,19.5,-16.7
2025-05-17 11:42:00,M0002,OP0006,T00611,,,3.25,16.23,0.2,0.01,0.22,3.03,16.23,19.5,-16.7
2025-05-17 11:54:00,M0002,OP0006,T00611,,,3.25,16.23,0.2,0.01,0.22,3.03,16.23,19.5,-16.7
2025-05-17 12:06:00,M0002,OP0006,T00611,,,3.25,16.23,0.2,0.01,0.22,3.03,16.23,19.5,-16.7
2025-05-17 12:18:00,M0002,OP0006,T00611,,,3.25,16.23,0.2,0.01,0.22,3.03,16.23,19.5,-16.7
2025-05-17 12:30:00,M0002,OP0006,T00611,,,3.25,16.23,0.2,0.01,0.22,3.03,16.23,19.5,-16.7
2025-07-09 13:43:00,M0016,OP0046,T00612,221.9,,1.59,7.96,0.2,0.04,0.17,1.42,7.96,12.0,-33.6
2025-07-09 13:55:00,M0016,OP0046,T00612,,,1.59,7.96,0.2,0.05,0.17,1.42,7.96,12.0,-33.6
2025-07-09 14:07:00,M0016,OP0046,T00612,,,1.59,7.96,0.2,0.05,0.17,1.42,7.96,12.0,-33.6
2025-07-09 14:19:00,M0016,OP0046,T00612,,,1.59,7.96,0.2,0.07,0.17,1.42,7.96,12.0,-33.6
2025-07-09 14:31:00,M0016,OP0046,T00612,,,1.59,7.96,0.2,0.04,0.17,1.42,7.96,12.0,-33.6
2025-07-09 14:43:00,M0016,OP0046,T00612,,,1.59,7.96,0.2,0.06,0.17,1.42,7.96,12.0,-33.6
2025-07-09 14:55:00,M0016,OP0046,T00612,,,1.59,7.96,0.2,0.05,0.17,1.42,7.96,12.0,-33.6
2025-07-09 15:07:00,M0016,OP0046,T00612,,,1.59,7.96,0.2,0.06,0.17,1.42,7.96,12.0,-33.6
2025-07-09 15:19:00,M0016,OP0046,T00612,,,0.13,7.96,0.02,0.0,0.01,0.12,7.96,12.0,-33.6
2025-03-16 10:35:00,M0027,OP0011,T00613,477.9,,3.29,16.44,0.2,0.05,0.1,3.19,16.44,20.0,-17.8
2025-03-16 10:47:00,M0027,OP0011,T00613,,,3.29,16.44,0.2,0.05,0.1,3.19,16.44,20.0,-17.8
2025-03-16 10:59:00,M0027,OP0011,T00613,,,3.29,16.44,0.2,0.03,0.1,3.19,16.44,20.0,-17.8
2025-03-16 11:11:00,M0027,OP0011,T00613,,,3.29,16.44,0.2,0.04,0.1,3.19,16.44,20.0,-17.8
2025-03-16 11:23:00,M0027,OP0011,T00613,,,3.29,16.44,0.2,0.04,0.1,3.19,16.44,20.0,-17.8
2025-03-16 11:35:00,M0027,OP0011,T00613,,,3.29,16.44,0.2,0.05,0.1,3.19,16.44,20.0,-17.8
2025-03-16 11:47:00,M0027,OP0011,T00613,,,3.29,16.44,0.2,0.04,0.1,3.19,16.44,20.0,-17.8
2025-03-16 11:59:00,M0027,OP0011,T00613,,,3.29,16.44,0.2,0.04,0.1,3.19,16.44,20.0,-17.8
2025-03-16 12:11:00,M0027,OP0011,T00613,,,3.29,16.44,0.2,0.04,0.1,3.19,16.44,20.0,-17.8
2025-03-16 12:23:00,M0027,OP0011,T00613,,,3.29,16.44,0.2,0.05,0.1,3.19,16.44,20.0,-17.8
2025-03-16 12:35:00,M0027,OP0011,T00613,,,3.29,16.44,0.2,0.05,0.1,3.19,16.44,20.0,-17.8
2025-03-16 12:47:00,M0027,OP0011,T00613,,,3.29,16.44,0.2,0.04,0.1,3.19,16.44,20.0,-17.8
2025-03-16 12:59:00,M0027,OP0011,T00613,,,3.29,16.44,0.2,0.05,0.1,3.19,16.44,20.0,-17.8
2025-03-16 13:11:00,M0027,OP0011,T00613,,,3.29,16.44,0.2,0.05,0.1,3.19,16.44,20.0,-17.8
2025-03-16 13:23:00,M0027,OP0011,T00613,,,3.29,16.44,0.2,0.03,0.1,3.19,16.44,20.0,-17.8
2025-03-16 13:35:00,M0027,OP0011,T00613,,,3.29,16.44,0.2,0.03,0.1,3.19,16.44,20.0,-17.8
2025-03-16 13:47:00,M0027,OP0011,T00613,,,3.29,16.44,0.2,0.05,0.1,3.19,16.44,20.0,-17.8
2025-03-16 13:59:00,M0027,OP0011,T00613,,,3.29,16.44,0.2,0.05,0.1,3.19,16.44,20.0,-17.8
2025-03-16 14:11:00,M0027,OP0011,T00613,,,3.29,16.44,0.2,0.03,0.1,3.19,16.44,20.0,-17.8
2025-03-16 14:23:00,M0027,OP0011,T00613,,,3.29,16.44,0.2,0.05,0.1,3.19,16.44,20.0,-17.8
2025-07-10 08:50:00,M0033,OP0023,T00614,346.9,,2.34,11.69,0.2,0.04,0.14,2.2,11.69,14.5,-19.4
2025-07-10 09:02:00,M0033,OP0023,T00614,,,2.34,11.69,0.2,0.03,0.14,2.2,11.69,14.5,-19.4
2025-07-10 09:14:00,M0033,OP0023,T00614,,,2.34,11.69,0.2,0.02,0.14,2.2,11.69,14.5,-19.4
2025-07-10 09:26:00,M0033,OP0023,T00614,,,2.34,11.69,0.2,0.04,0.14,2.2,11.69,14.5,-19.4
2025-07-10 09:38:00,M0033,OP0023,T00614,,,2.34,11.69,0.2,0.02,0.14,2.2,11.69,14.5,-19.4
2025-07-10 09:50:00,M0033,OP0023,T00614,,,2.34,11.69,0.2,0.04,0.14,2.2,11.69,14.5,-19.4
2025-07-10 10:02:00,M0033,OP0023,T00614,,,2.34,11.69,0.2,0.04,0.14,2.2,11.69,14.5,-19.4
2025-07-10 10:14:00,M0033,OP0023,T00614,,,2.34,11.69,0.2,0.04,0.14,2.2,11.69,14.5,-19.4
2025-07-10 10:26:00,M0033,OP0023,T00614,,,2.34,11.69,0.2,0.03,0.14,2.2,11.69,14.5,-19.4
2025-07-10 10:38:00,M0033,OP0023,T00614,,,2.34,11.69,0.2,0.04,0.14,2.2,11.69,14.5,-19.4
2025-07-10 10:50:00,M0033,OP0023,T00614,,,2.34,11.69,0.2,0.04,0.14,2.2,11.69,14.5,-19.4
2025-07-10 11:02:00,M0033,OP0023,T00614,,,0.39,11.69,0.03,0.01,0.02,0.37,11.69,14.5,-19.4
2025-05-18 15:38:00,M0013,OP0051,T00615,113.9,,1.53,7.63,0.2,0.03,0.07,1.46,7.63,10.5,-27.3
2025-05-18 15:50:00,M0013,OP0051,T00615,,,1.53,7.63,0.2,0.03,0.07,1.46,7.63,10.5,-27.3
2025-05-18 16:02:00,M0013,OP0051,T00615,,,1.53,7.63,0.2,0.04,0.07,1.46,7.63,10.5,-27.3
2025-05-18 16:14:00,M0013,OP0051,T00615,,,1.53,7.63,0.2,0.03,0.07,1.46,7.63,10.5,-27.3
2025-05-18 16:26:00,M0013,OP0051,T00615,,,1.53,7.63,0.2,0.04,0.07,1.46,7.63,10.5,-27.3
2025-05-18 16:38:00,M0013,OP0051,T00615,,,1.53,7.63,0.2,0.04,0.07,1.46,7.63,10.5,-27.3
2025-05-18 16:50:00,M0013,OP0051,T00615,,,1.53,7.63,0.2,0.03,0.07,1.46,7.63,10.5,-27.3
2025-05-18 17:02:00,M0013,OP0051,T00615,,,1.53,7.63,0.2,0.04,0.07,1.46,7.63,10.5,-27.3
2025-05-18 17:14:00,M0013,OP0051,T00615,,,1.53,7.63,0.2,0.03,0.07,1.46,7.63,10.5,-27.3
2025-05-18 17:26:00,M0013,OP0051,T00615,,,1.53,7.63,0.2,0.04,0.07,1.46,7.63,10.5,-27.3
2025-05-18 17:38:00,M0013,OP0051,T00615,,,1.53,7.63,0.2,0.05,0.07,1.46,7.63,10.5,-27.3
2025-05-18 17:50:00,M0013,OP0051,T00615,,,1.53,7.63,0.2,0.03,0.07,1.46,7.63,10.5,-27.3
2025-05-18 18:02:00,M0013,OP0051,T00615,,,0.51,7.63,0.07,0.01,0.02,0.49,7.63,10.5,-27.3
2025-09-02 06:24:00,M0015,OP0054,T00616,175.3,,3.25,16.26,0.2,0.02,0.19,3.06,16.26,20.0,-18.7
2025-09-02 06:36:00,M0015,OP0054,T00616,,,3.25,16.26,0.2,0.01,0.19,3.06,16.26,20.0,-18.7
2025-09-02 06:48:00,M0015,OP0054,T00616,,,3.25,16.26,0.2,0.01,0.19,3.06,16.26,20.0,-18.7
2025-09-02 07:00:00,M0015,OP0054,T00616,,,3.25,16.26,0.2,0.01,0.19,3.06,16.26,20.0,-18.7
2025-09-02 07:12:00,M0015,OP0054,T00616,,,3.25,16.26,0.2,0.01,0.19,3.06,16.26,20.0,-18.7
2025-09-02 07:24:00,M0015,OP0054,T00616,,,3.25,16.26,0.2,0.01,0.19,3.06,16.26,20.0,-18.7
2025-09-02 07:36:00,M0015,OP0054,T00616,,,3.25,16.26,0.2,0.01,0.19,3.06,16.26,20.0,-18.7
2025-09-02 07:48:00,M0015,OP0054,T00616,,,3.25,16.26,0.2,0.01,0.19,3.06,16.26,20.0,-18.7
2025-09-02 08:00:00,M0015,OP0054,T00616,,,3.25,16.26,0.2,0.01,0.19,3.06,16.26,20.0,-18.7
2025-09-02 08:12:00,M0015,OP0054,T00616,,,3.25,16.26,0.2,0.02,0.19,3.06,16.26,20.0,-18.7
2025-09-02 08:24:00,M0015,OP0054,T00616,,,3.25,16.26,0.2,0.01,0.19,3.06,16.26,20.0,-18.7
2025-09-02 08:36:00,M0015,OP0054,T00616,,,3.25,16.26,0.2,0.01,0.19,3.06,16.26,20.0,-18.7
2025-09-02 08:48:00,M0015,OP0054,T00616,,,3.25,16.26,0.2,0.01,0.19,3.06,16.26,20.0,-18.7
2025-09-02 09:00:00,M0015,OP0054,T00616,,,3.25,16.26,0.2,0.01,0.19,3.06,16.26,20.0,-18.7
2025-09-02 09:12:00,M0015,OP0054,T00616,,,3.25,16.26,0.2,0.01,0.19,3.06,16.26,20.0,-18.7
2025-09-02 09:24:00,M0015,OP0054,T00616,,,3.25,16.26,0.2,0.01,0.19,3.06,16.26,20.0,-18.7
2025-09-02 09:36:00,M0015,OP0054,T00616,,,0.81,16.26,0.05,0.0,0.05,0.77,16.26,20.0,-18.7
2025-04-22 11:26:00,M0023,OP0043,T00617,397.1,,2.82,14.09,0.2,0.0,0.13,2.68,14.09,19.5,-27.8
2025-04-22 11:38:00,M0023,OP0043,T00617,,,2.82,14.09,0.2,0.0,0.13,2.68,14.09,19.5,-27.8
2025-04-22 11:50:00,M0023,OP0043,T00617,,,2.82,14.09,0.2,0.0,0.13,2.68,14.09,19.5,-27.8
2025-04-22 12:02:00,M0023,OP0043,T00617,,,2.82,14.09,0.2,0.0,0.13,2.68,14.09,19.5,-27.8
2025-04-22 12:14:00,M0023,OP0043,T00617,,,2.82,14.09,0.2,0.0,0.13,2.68,14.09,19.5,-27.8
2025-04-22 12:26:00,M0023,OP0043,T00617,,,2.82,14.09,0.2,0.0,0.13,2.68,14.09,19.5,-27.8
2025-04-22 12:38:00,M0023,OP0043,T00617,,,2.82,14.09,0.2,0.0,0.13,2.68,14.09,19.5,-27.8
2025-04-22 12:50:00,M0023,OP0043,T00617,,,2.82,14.09,0.2,0.0,0.13,2.68,14.09,19.5,-27.8
2025-04-22 13:02:00,M0023,OP0043,T00617,,,2.82,14.09,0.2,0.0,0.13,2.68,14.09,19.5,-27.8
2025-04-22 13:14:00,M0023,OP0043,T00617,,,2.82,14.09,0.2,0.0,0.13,2.68,14.09,19.5,-27.8
2025-04-22 13:26:00,M0023,OP0043,T00617,,,2.82,14.09,0.2,0.0,0.13,2.68,14.09,19.5,-27.8
2025-04-22 13:38:00,M0023,OP0043,T00617,,,2.82,14.09,0.2,0.0,0.13,2.68,14.09,19.5,-27.8
2025-04-22 13:50:00,M0023,OP0043,T00617,,,2.82,14.09,0.2,0.0,0.13,2.68,14.09,19.5,-27.8
2025-04-22 14:02:00,M0023,OP0043,T00617,,,2.82,14.09,0.2,0.0,0.13,2.68,14.09,19.5,-27.8
2025-04-22 14:14:00,M0023,OP0043,T00617,,,2.82,14.09,0.2,0.0,0.13,2.68,14.09,19.5,-27.8
2025-04-22 14:26:00,M0023,OP0043,T00617,,,2.82,14.09,0.2,0.0,0.13,2.68,14.09,19.5,-27.8
2025-04-22 14:38:00,M0023,OP0043,T00617,,,2.82,14.09,0.2,0.0,0.13,2.68,14.09,19.5,-27.8
2025-04-22 14:50:00,M0023,OP0043,T00617,,,2.82,14.09,0.2,0.0,0.13,2.68,14.09,19.5,-27.8
2025-04-22 15:02:00,M0023,OP0043,T00617,,,2.82,14.09,0.2,0.0,0.13,2.68,14.09,19.5,-27.8
2025-04-22 15:14:00,M0023,OP0043,T00617,,,2.82,14.09,0.2,0.0,0.13,2.68,14.09,19.5,-27.8
2025-06-18 08:31:00,M0017,OP0049,T00618,363.4,,1.79,8.97,0.2,0.05,0.25,1.55,8.97,14.5,-38.1
2025-06-18 08:43:00,M0017,OP0049,T00618,,,1.79,8.97,0.2,0.04,0.25,1.55,8.97,14.5,-38.1
2025-06-18 08:55:00,M0017,OP0049,T00618,,,1.79,8.97,0.2,0.03,0.25,1.55,8.97,14.5,-38.1
2025-06-18 09:07:00,M0017,OP0049,T00618,,,1.79,8.97,0.2,0.04,0.25,1.55,8.97,14.5,-38.1
2025-06-18 09:19:00,M0017,OP0049,T00618,,,1.79,8.97,0.2,0.04,0.25,1.55,8.97,14.5,-38.1
2025-06-18 09:31:00,M0017,OP0049,T00618,,,1.2,8.97,0.13,0.02,0.16,1.03,8.97,14.5,-38.1
2025-01-11 07:35:00,M0007,OP0001,T00621,210.7,,1.83,9.13,0.2,0.01,0.11,1.71,9.13,12.0,-24.0
2025-01-11 07:47:00,M0007,OP0001,T00621,,,1.83,9.13,0.2,0.02,0.11,1.71,9.13,12.0,-24.0
2025-01-11 07:59:00,M0007,OP0001,T00621,,,1.83,9.13,0.2,0.01,0.11,1.71,9.13,12.0,-24.0
2025-01-11 08:11:00,M0007,OP0001,T00621,,,1.83,9.13,0.2,0.02,0.11,1.71,9.13,12.0,-24.0
2025-01-11 08:23:00,M0007,OP0001,T00621,,,1.83,9.13,0.2,0.02,0.11,1.71,9.13,12.0,-24.0
2025-01-11 08:35:00,M0007,OP0001,T00621,,,1.83,9.13,0.2,0.02,0.11,1.71,9.13,12.0,-24.0
2025-01-11 08:47:00,M0007,OP0001,T00621,,,1.83,9.13,0.2,0.02,0.11,1.71,9.13,12.0,-24.0
2025-01-11 08:59:00,M0007,OP0001,T00621,,,1.83,9.13,0.2,0.02,0.11,1.71,9.13,12.0,-24.0
2025-01-11 09:11:00,M0007,OP0001,T00621,,,1.83,9.13,0.2,0.02,0.11,1.71,9.13,12.0,-24.0
2025-01-11 09:23:00,M0007,OP0001,T00621,,,1.06,9.13,0.12,0.01,0.06,1.0,9.13,12.0,-24.0
2025-08-01 15:36:00,M0037,OP0011,T00622,362.5,,1.89,9.47,0.2,0.05,0.1,1.79,9.47,12.0,-21.1
2025-08-01 15:48:00,M0037,OP0011,T00622,,,1.89,9.47,0.2,0.03,0.1,1.79,9.47,12.0,-21.1
2025-08-01 16:00:00,M0037,OP0011,T00622,,,1.89,9.47,0.2,0.03,0.1,1.79,9.47,12.0,-21.1
2025-08-01 16:12:00,M0037,OP0011,T00622,,,1.89,9.47,0.2,0.04,0.1,1.79,9.47,12.0,-21.1
2025-08-01 16:24:00,M0037,OP0011,T00622,,,1.89,9.47,0.2,0.03,0.1,1.79,9.47,12.0,-21.1
2025-08-01 16:36:00,M0037,OP0011,T00622,,,1.89,9.47,0.2,0.06,0.1,1.79,9.47,12.0,-21.1
2025-08-01 16:48:00,M0037,OP0011,T00622,,,1.89,9.47,0.2,0.04,0.1,1.79,9.47,12.0,-21.1
2025-08-01 17:00:00,M0037,OP0011,T00622,,,1.89,9.47,0.2,0.04,0.1,1.79,9.47,12.0,-21.1
2025-08-01 17:12:00,M0037,OP0011,T00622,,,1.89,9.47,0.2,0.04,0.1,1.79,9.47,12.0,-21.1
2025-08-01 17:24:00,M0037,OP0011,T00622,,,1.89,9.47,0.2,0.05,0.1,1.79,9.47,12.0,-21.1
2025-08-01 17:36:00,M0037,OP0011,T00622,,,1.89,9.47,0.2,0.05,0.1,1.79,9.47,12.0,-21.1
2025-08-01 17:48:00,M0037,OP0011,T00622,,,1.89,9.47,0.2,0.06,0.1,1.79,9.47,12.0,-21.1
2025-08-01 18:00:00,M0037,OP0011,T00622,,,1.89,9.47,0.2,0.05,0.1,1.79,9.47,12.0,-21.1
2025-08-01 18:12:00,M0037,OP0011,T00622,,,1.89,9.47,0.2,0.04,0.1,1.79,9.47,12.0,-21.1
2025-08-01 18:24:00,M0037,OP0011,T00622,,,1.89,9.47,0.2,0.05,0.1,1.79,9.47,12.0,-21.1
2025-08-01 18:36:00,M0037,OP0011,T00622,,,1.89,9.47,0.2,0.04,0.1,1.79,9.47,12.0,-21.1
2025-08-01 18:48:00,M0037,OP0011,T00622,,,1.89,9.47,0.2,0.05,0.1,1.79,9.47,12.0,-21.1
2025-08-01 19:00:00,M0037,OP0011,T00622,,,1.89,9.47,0.2,0.03,0.1,1.79,9.47,12.0,-21.1
2025-08-01 19:12:00,M0037,OP0011,T00622,,,1.89,9.47,0.2,0.03,0.1,1.79,9.47,12.0,-21.1
2025-08-01 19:24:00,M0037,OP0011,T00622,,,1.89,9.47,0.2,0.05,0.1,1.79,9.47,12.0,-21.1
2025-05-12 11:01:00,M0009,OP0047,T00625,169.7,,3.32,16.59,0.2,0.01,0.39,2.93,16.59,20.0,-17.0
2025-05-12 11:13:00,M0009,OP0047,T00625,,,3.32,16.59,0.2,0.01,0.39,2.93,16.59,20.0,-17.0
2025-05-12 11:25:00,M0009,OP0047,T00625,,,3.32,16.59,0.2,0.01,0.39,2.93,16.59,20.0,-17.0
2025-05-12 11:37:00,M0009,OP0047,T00625,,,3.32,16.59,0.2,0.01,0.39,2.93,16.59,20.0,-17.0
2025-05-12 11:49:00,M0009,OP0047,T00625,,,3.32,16.59,0.2,0.01,0.39,2.93,16.59,20.0,-17.0
2025-05-12 12:01:00,M0009,OP0047,T00625,,,3.32,16.59,0.2,0.01,0.39,2.93,16.59,20.0,-17.0
2025-05-12 12:13:00,M0009,OP0047,T00625,,,3.32,16.59,0.2,0.01,0.39,2.93,16.59,20.0,-17.0
2025-05-12 12:25:00,M0009,OP0047,T00625,,,3.32,16.59,0.2,0.01,0.39,2.93,16.59,20.0,-17.0
2025-05-12 12:37:00,M0009,OP0047,T00625,,,3.32,16.59,0.2,0.01,0.39,2.93,16.59,20.0,-17.0
2025-05-12 12:49:00,M0009,OP0047,T00625,,,3.32,16.59,0.2,0.01,0.39,2.93,16.59,20.0,-17.0
2025-05-12 13:01:00,M0009,OP0047,T00625,,,0.83,16.59,0.05,0.0,0.1,0.73,16.59,20.0,-17.0
2025-03-24 07:01:00,M0022,OP0003,T00626,339.0,,3.85,19.24,0.2,0.04,0.25,3.6,19.24,28.0,-31.3
2025-03-24 07:13:00,M0022,OP0003,T00626,,,3.85,19.24,0.2,0.05,0.25,3.6,19.24,28.0,-31.3
2025-03-24 07:25:00,M0022,OP0003,T00626,,,3.85,19.24,0.2,0.04,0.25,3.6,19.24,28.0,-31.3
2025-03-24 07:37:00,M0022,OP0003,T00626,,,3.85,19.24,0.2,0.03,0.25,3.6,19.24,28.0,-31.3
2025-03-24 07:49:00,M0022,OP0003,T00626,,,3.85,19.24,0.2,0.03,0.25,3.6,19.24,28.0,-31.3
2025-03-24 08:01:00,M0022,OP0003,T00626,,,3.85,19.24,0.2,0.05,0.25,3.6,19.24,28.0,-31.3
2025-03-24 08:13:00,M0022,OP0003,T00626,,,3.85,19.24,0.2,0.03,0.25,3.6,19.24,28.0,-31.3
2025-03-24 08:25:00,M0022,OP0003,T00626,,,3.85,19.24,0.2,0.03,0.25,3.6,19.24,28.0,-31.3
2025-03-24 08:37:00,M0022,OP0003,T00626,,,3.85,19.24,0.2,0.05,0.25,3.6,19.24,28.0,-31.3
2025-03-24 08:49:00,M0022,OP0003,T00626,,,3.85,19.24,0.2,0.03,0.25,3.6,19.24,28.0,-31.3
2025-03-24 09:01:00,M0022,OP0003,T00626,,,3.85,19.24,0.2,0.04,0.25,3.6,19.24,28.0,-31.3
2025-03-24 09:13:00,M0022,OP0003,T00626,,,3.85,19.24,0.2,0.03,0.25,3.6,19.24,28.0,-31.3
2025-03-24 09:25:00,M0022,OP0003,T00626,,,3.85,19.24,0.2,0.04,0.25,3.6,19.24,28.0,-31.3
2025-03-24 09:37:00,M0022,OP0003,T00626,,,3.85,19.24,0.2,0.04,0.25,3.6,19.24,28.0,-31.3
2025-03-24 09:49:00,M0022,OP0003,T00626,,,3.85,19.24,0.2,0.05,0.25,3.6,19.24,28.0,-31.3
2025-03-24 10:01:00,M0022,OP0003,T00626,,,3.85,19.24,0.2,0.05,0.25,3.6,19.24,28.0,-31.3
2025-03-24 10:13:00,M0022,OP0003,T00626,,,3.85,19.24,0.2,0.05,0.25,3.6,19.24,28.0,-31.3
2025-03-24 10:25:00,M0022,OP0003,T00626,,,3.85,19.24,0.2,0.03,0.25,3.6,19.24,28.0,-31.3
2025-03-24 10:37:00,M0022,OP0003,T00626,,,3.85,19.24,0.2,0.03,0.25,3.6,19.24,28.0,-31.3
2025-03-24 10:49:00,M0022,OP0003,T00626,,,3.85,19.24,0.2,0.05,0.25,3.6,19.24,28.0,-31.3
2025-09-25 14:50:00,M0031,OP0011,T00629,232.3,,3.06,15.28,0.2,0.04,0.14,2.92,15.28,19.5,-21.6
2025-09-25 15:02:00,M0031,OP0011,T00629,,,3.06,15.28,0.2,0.03,0.14,2.92,15.28,19.5,-21.6
2025-09-25 15:14:00,M0031,OP0011,T00629,,,3.06,15.28,0.2,0.03,0.14,2.92,15.28,19.5,-21.6
2025-09-25 15:26:00,M0031,OP0011,T00629,,,3.06,15.28,0.2,0.03,0.14,2.92,15.28,19.5,-21.6
2025-09-25 15:38:00,M0031,OP0011,T00629,,,3.06,15.28,0.2,0.04,0.14,2.92,15.28,19.5,-21.6
2025-09-25 15:50:00,M0031,OP0011,T00629,,,3.06,15.28,0.2,0.03,0.14,2.92,15.28,19.5,-21.6
2025-09-25 16:02:00,M0031,OP0011,T00629,,,3.06,15.28,0.2,0.03,0.14,2.92,15.28,19.5,-21.6
2025-09-25 16:14:00,M0031,OP0011,T00629,,,3.06,15.28,0.2,0.03,0.14,2.92,15.28,19.5,-21.6
2025-09-25 16:26:00,M0031,OP0011,T00629,,,3.06,15.28,0.2,0.03,0.14,2.92,15.28,19.5,-21.6
2025-09-25 16:38:00,M0031,OP0011,T00629,,,3.06,15.28,0.2,0.03,0.14,2.92,15.28,19.5,-21.6
2025-09-25 16:50:00,M0031,OP0011,T00629,,,3.06,15.28,0.2,0.04,0.14,2.92,15.28,19.5,-21.6
2025-09-25 17:02:00,M0031,OP0011,T00629,,,3.06,15.28,0.2,0.04,0.14,2.92,15.28,19.5,-21.6
2025-09-25 17:14:00,M0031,OP0011,T00629,,,3.06,15.28,0.2,0.02,0.14,2.92,15.28,19.5,-21.6
2025-09-25 17:26:00,M0031,OP0011,T00629,,,3.06,15.28,0.2,0.03,0.14,2.92,15.28,19.5,-21.6
2025-09-25 17:38:00,M0031,OP0011,T00629,,,3.06,15.28,0.2,0.04,0.14,2.92,15.28,19.5,-21.6
2025-09-25 17:50:00,M0031,OP0011,T00629,,,3.06,15.28,0.2,0.04,0.14,2.92,15.28,19.5,-21.6
2025-09-25 18:02:00,M0031,OP0011,T00629,,,3.06,15.28,0.2,0.04,0.14,2.92,15.28,19.5,-21.6
2025-09-25 18:14:00,M0031,OP0011,T00629,,,3.06,15.28,0.2,0.03,0.14,2.92,15.28,19.5,-21.6
2025-09-25 18:26:00,M0031,OP0011,T00629,,,3.06,15.28,0.2,0.04,0.14,2.92,15.28,19.5,-21.6
2025-09-25 18:38:00,M0031,OP0011,T00629,,,3.06,15.28,0.2,0.03,0.14,2.92,15.28,19.5,-21.6
2025-04-06 12:06:00,M0027,OP0018,T00631,277.1,,2.72,13.61,0.2,0.04,0.15,2.57,13.61,20.0,-31.9
2025-04-06 12:18:00,M0027,OP0018,T00631,,,2.72,13.61,0.2,0.04,0.15,2.57,13.61,20.0,-31.9
2025-04-06 12:30:00,M0027,OP0018,T00631,,,2.72,13.61,0.2,0.03,0.15,2.57,13.61,20.0,-31.9
2025-04-06 12:42:00,M0027,OP0018,T00631,,,2.72,13.61,0.2,0.04,0.15,2.57,13.61,20.0,-31.9
2025-04-06 12:54:00,M0027,OP0018,T00631,,,2.72,13.61,0.2,0.03,0.15,2.57,13.61,20.0,-31.9
2025-04-06 13:06:00,M0027,OP0018,T00631,,,2.72,13.61,0.2,0.04,0.15,2.57,13.61,20.0,-31.9
2025-04-06 13:18:00,M0027,OP0018,T00631,,,2.72,13.61,0.2,0.04,0.15,2.57,13.61,20.0,-31.9
2025-04-06 13:30:00,M0027,OP0018,T00631,,,2.72,13.61,0.2,0.03,0.15,2.57,13.61,20.0,-31.9
2025-04-06 13:42:00,M0027,OP0018,T00631,,,2.72,13.61,0.2,0.04,0.15,2.57,13.61,20.0,-31.9
2025-04-06 13:54:00,M0027,OP0018,T00631,,,2.72,13.61,0.2,0.03,0.15,2.57,13.61,20.0,-31.9
2025-04-06 14:06:00,M0027,OP0018,T00631,,,2.72,13.61,0.2,0.03,0.15,2.57,13.61,20.0,-31.9
2025-04-06 14:18:00,M0027,OP0018,T00631,,,2.72,13.61,0.2,0.03,0.15,2.57,13.61,20.0,-31.9
2025-04-06 14:30:00,M0027,OP0018,T00631,,,2.72,13.61,0.2,0.02,0.15,2.57,13.61,20.0,-31.9
2025-04-06 14:42:00,M0027,OP0018,T00631,,,2.72,13.61,0.2,0.03,0.15,2.57,13.61,20.0,-31.9
2025-04-06 14:54:00,M0027,OP0018,T00631,,,2.72,13.61,0.2,0.03,0.15,2.57,13.61,20.0,-31.9
2025-04-06 15:06:00,M0027,OP0018,T00631,,,2.72,13.61,0.2,0.02,0.15,2.57,13.61,20.0,-31.9
2025-04-06 15:18:00,M0027,OP0018,T00631,,,2.72,13.61,0.2,0.03,0.15,2.57,13.61,20.0,-31.9
2025-04-06 15:30:00,M0027,OP0018,T00631,,,2.72,13.61,0.2,0.03,0.15,2.57,13.61,20.0,-31.9
2025-04-06 15:42:00,M0027,OP0018,T00631,,,2.72,13.61,0.2,0.03,0.15,2.57,13.61,20.0,-31.9
2025-04-06 15:54:00,M0027,OP0018,T00631,,,2.72,13.61,0.2,0.03,0.15,2.57,13.61,20.0,-31.9
2025-04-15 11:51:00,M0005,OP0031,T00632,580.4,,5.2,25.98,0.2,0.02,0.17,5.02,25.98,28.0,-7.2
2025-04-15 12:03:00,M0005,OP0031,T00632,,,5.2,25.98,0.2,0.02,0.17,5.02,25.98,28.0,-7.2
2025-04-15 12:15:00,M0005,OP0031,T00632,,,5.2,25.98,0.2,0.02,0.17,5.02,25.98,28.0,-7.2
2025-04-15 12:27:00,M0005,OP0031,T00632,,,5.2,25.98,0.2,0.01,0.17,5.02,25.98,28.0,-7.2
2025-04-15 12:39:00,M0005,OP0031,T00632,,,5.2,25.98,0.2,0.02,0.17,5.02,25.98,28.0,-7.2
2025-04-15 12:51:00,M0005,OP0031,T00632,,,5.2,25.98,0.2,0.02,0.17,5.02,25.98,28.0,-7.2
2025-04-15 13:03:00,M0005,OP0031,T00632,,,5.2,25.98,0.2,0.01,0.17,5.02,25.98,28.0,-7.2
2025-04-15 13:15:00,M0005,OP0031,T00632,,,5.2,25.98,0.2,0.02,0.17,5.02,25.98,28.0,-7.2
2025-04-15 13:27:00,M0005,OP0031,T00632,,,5.2,25.98,0.2,0.02,0.17,5.02,25.98,28.0,-7.2
2025-04-15 13:39:00,M0005,OP0031,T00632,,,5.2,25.98,0.2,0.02,0.17,5.02,25.98,28.0,-7.2
2025-04-15 13:51:00,M0005,OP0031,T00632,,,5.2,25.98,0.2,0.02,0.17,5.02,25.98,28.0,-7.2
2025-04-15 14:03:00,M0005,OP0031,T00632,,,5.2,25.98,0.2,0.02,0.17,5.02,25.98,28.0,-7.2
2025-04-15 14:15:00,M0005,OP0031,T00632,,,5.2,25.98,0.2,0.02,0.17,5.02,25.98,28.0,-7.2
2025-04-15 14:27:00,M0005,OP0031,T00632,,,5.2,25.98,0.2,0.01,0.17,5.02,25.98,28.0,-7.2
2025-04-15 14:39:00,M0005,OP0031,T00632,,,5.2,25.98,0.2,0.01,0.17,5.02,25.98,28.0,-7.2
2025-04-15 14:51:00,M0005,OP0031,T00632,,,5.2,25.98,0.2,0.02,0.17,5.02,25.98,28.0,-7.2
2025-04-15 15:03:00,M0005,OP0031,T00632,,,5.2,25.98,0.2,0.01,0.17,5.02,25.98,28.0,-7.2
2025-04-15 15:15:00,M0005,OP0031,T00632,,,5.2,25.98,0.2,0.02,0.17,5.02,25.98,28.0,-7.2
2025-04-15 15:27:00,M0005,OP0031,T00632,,,5.2,25.98,0.2,0.02,0.17,5.02,25.98,28.0,-7.2
2025-04-15 15:39:00,M0005,OP0031,T00632,,,5.2,25.98,0.2,0.02,0.17,5.02,25.98,28.0,-7.2
2025-07-03 11:27:00,M0033,OP0031,T00633,266.5,,2.57,12.86,0.2,0.01,0.11,2.47,12.86,14.5,-11.3
2025-07-03 11:39:00,M0033,OP0031,T00633,,,2.57,12.86,0.2,0.01,0.11,2.47,12.86,14.5,-11.3
2025-07-03 11:51:00,M0033,OP0031,T00633,,,2.57,12.86,0.2,0.01,0.11,2.47,12.86,14.5,-11.3
2025-07-03 12:03:00,M0033,OP0031,T00633,,,2.57,12.86,0.2,0.01,0.11,2.47,12.86,14.5,-11.3
2025-07-03 12:15:00,M0033,OP0031,T00633,,,2.57,12.86,0.2,0.01,0.11,2.47,12.86,14.5,-11.3
2025-07-03 12:27:00,M0033,OP0031,T00633,,,2.57,12.86,0.2,0.01,0.11,2.47,12.86,14.5,-11.3
2025-07-03 12:39:00,M0033,OP0031,T00633,,,2.57,12.86,0.2,0.01,0.11,2.47,12.86,14.5,-11.3
2025-07-03 12:51:00,M0033,OP0031,T00633,,,2.57,12.86,0.2,0.01,0.11,2.47,12.86,14.5,-11.3
2025-07-03 13:03:00,M0033,OP0031,T00633,,,2.57,12.86,0.2,0.01,0.11,2.47,12.86,14.5,-11.3
2025-07-03 13:15:00,M0033,OP0031,T00633,,,2.57,12.86,0.2,0.01,0.11,2.47,12.86,14.5,-11.3
2025-07-03 13:27:00,M0033,OP0031,T00633,,,2.57,12.86,0.2,0.01,0.11,2.47,12.86,14.5,-11.3
2025-07-03 13:39:00,M0033,OP0031,T00633,,,2.57,12.86,0.2,0.01,0.11,2.47,12.86,14.5,-11.3
2025-07-03 13:51:00,M0033,OP0031,T00633,,,2.57,12.86,0.2,0.01,0.11,2.47,12.86,14.5,-11.3
2025-07-03 14:03:00,M0033,OP0031,T00633,,,2.57,12.86,0.2,0.01,0.11,2.47,12.86,14.5,-11.3
2025-07-03 14:15:00,M0033,OP0031,T00633,,,2.57,12.86,0.2,0.01,0.11,2.47,12.86,14.5,-11.3
2025-07-03 14:27:00,M0033,OP0031,T00633,,,2.57,12.86,0.2,0.01,0.11,2.47,12.86,14.5,-11.3
2025-07-03 14:39:00,M0033,OP0031,T00633,,,2.57,12.86,0.2,0.01,0.11,2.47,12.86,14.5,-11.3
2025-07-03 14:51:00,M0033,OP0031,T00633,,,2.57,12.86,0.2,0.01,0.11,2.47,12.86,14.5,-11.3
2025-07-03 15:03:00,M0033,OP0031,T00633,,,2.57,12.86,0.2,0.01,0.11,2.47,12.86,14.5,-11.3
2025-07-03 15:15:00,M0033,OP0031,T00633,,,2.57,12.86,0.2,0.01,0.11,2.47,12.86,14.5,-11.3
2025-09-25 13:20:00,M0026,OP0043,T00634,282.7,,2.15,10.73,0.2,0.02,0.09,2.05,10.73,14.5,-26.0
2025-09-25 13:32:00,M0026,OP0043,T00634,,,2.15,10.73,0.2,0.02,0.09,2.05,10.73,14.5,-26.0
2025-09-25 13:44:00,M0026,OP0043,T00634,,,2.15,10.73,0.2,0.02,0.09,2.05,10.73,14.5,-26.0
2025-09-25 13:56:00,M0026,OP0043,T00634,,,2.15,10.73,0.2,0.02,0.09,2.05,10.73,14.5,-26.0
2025-09-25 14:08:00,M0026,OP0043,T00634,,,2.15,10.73,0.2,0.02,0.09,2.05,10.73,14.5,-26.0
2025-09-25 14:20:00,M0026,OP0043,T00634,,,2.15,10.73,0.2,0.02,0.09,2.05,10.73,14.5,-26.0
2025-09-25 14:32:00,M0026,OP0043,T00634,,,2.15,10.73,0.2,0.01,0.09,2.05,10.73,14.5,-26.0
2025-09-25 14:44:00,M0026,OP0043,T00634,,,2.15,10.73,0.2,0.02,0.09,2.05,10.73,14.5,-26.0
2025-09-25 14:56:00,M0026,OP0043,T00634,,,2.15,10.73,0.2,0.02,0.09,2.05,10.73,14.5,-26.0
2025-09-25 15:08:00,M0026,OP0043,T00634,,,2.15,10.73,0.2,0.01,0.09,2.05,10.73,14.5,-26.0
2025-09-25 15:20:00,M0026,OP0043,T00634,,,2.15,10.73,0.2,0.02,0.09,2.05,10.73,14.5,-26.0
2025-09-25 15:32:00,M0026,OP0043,T00634,,,2.15,10.73,0.2,0.01,0.09,2.05,10.73,14.5,-26.0
2025-09-25 15:44:00,M0026,OP0043,T00634,,,2.15,10.73,0.2,0.01,0.09,2.05,10.73,14.5,-26.0
2025-09-25 15:56:00,M0026,OP0043,T00634,,,2.15,10.73,0.2,0.01,0.09,2.05,10.73,14.5,-26.0
2025-09-25 16:08:00,M0026,OP0043,T00634,,,2.15,10.73,0.2,0.02,0.09,2.05,10.73,14.5,-26.0
2025-09-25 16:20:00,M0026,OP0043,T00634,,,2.15,10.73,0.2,0.02,0.09,2.05,10.73,14.5,-26.0
2025-09-25 16:32:00,M0026,OP0043,T00634,,,2.15,10.73,0.2,0.01,0.09,2.05,10.73,14.5,-26.0
2025-09-25 16:44:00,M0026,OP0043,T00634,,,2.15,10.73,0.2,0.01,0.09,2.05,10.73,14.5,-26.0
2025-09-25 16:56:00,M0026,OP0043,T00634,,,2.15,10.73,0.2,0.02,0.09,2.05,10.73,14.5,-26.0
2025-09-25 17:08:00,M0026,OP0043,T00634,,,2.15,10.73,0.2,0.01,0.09,2.05,10.73,14.5,-26.0
2025-01-02 14:18:00,M0037,OP0015,T00635,230.8,,1.54,7.71,0.2,0.06,0.08,1.46,7.71,12.0,-35.8
2025-01-02 14:30:00,M0037,OP0015,T00635,,,1.54,7.71,0.2,0.06,0.08,1.46,7.71,12.0,-35.8
2025-01-02 14:42:00,M0037,OP0015,T00635,,,1.54,7.71,0.2,0.05,0.08,1.46,7.71,12.0,-35.8
2025-01-02 14:54:00,M0037,OP0015,T00635,,,1.54,7.71,0.2,0.05,0.08,1.46,7.71,12.0,-35.8
2025-01-02 15:06:00,M0037,OP0015,T00635,,,1.54,7.71,0.2,0.04,0.08,1.46,7.71,12.0,-35.8
2025-01-02 15:18:00,M0037,OP0015,T00635,,,1.54,7.71,0.2,0.06,0.08,1.46,7.71,12.0,-35.8
2025-01-02 15:30:00,M0037,OP0015,T00635,,,1.54,7.71,0.2,0.05,0.08,1.46,7.71,12.0,-35.8
2025-01-02 15:42:00,M0037,OP0015,T00635,,,1.54,7.71,0.2,0.06,0.08,1.46,7.71,12.0,-35.8
2025-01-02 15:54:00,M0037,OP0015,T00635,,,1.54,7.71,0.2,0.05,0.08,1.46,7.71,12.0,-35.8
2025-01-02 16:06:00,M0037,OP0015,T00635,,,1.54,7.71,0.2,0.04,0.08,1.46,7.71,12.0,-35.8
2025-01-02 16:18:00,M0037,OP0015,T00635,,,1.54,7.71,0.2,0.05,0.08,1.46,7.71,12.0,-35.8
2025-01-02 16:30:00,M0037,OP0015,T00635,,,1.54,7.71,0.2,0.06,0.08,1.46,7.71,12.0,-35.8
2025-01-02 16:42:00,M0037,OP0015,T00635,,,1.54,7.71,0.2,0.05,0.08,1.46,7.71,12.0,-35.8
2025-01-02 16:54:00,M0037,OP0015,T00635,,,1.54,7.71,0.2,0.05,0.08,1.46,7.71,12.0,-35.8
2025-01-02 17:06:00,M0037,OP0015,T00635,,,1.54,7.71,0.2,0.04,0.08,1.46,7.71,12.0,-35.8
2025-01-02 17:18:00,M0037,OP0015,T00635,,,1.54,7.71,0.2,0.05,0.08,1.46,7.71,12.0,-35.8
2025-01-02 17:30:00,M0037,OP0015,T00635,,,1.54,7.71,0.2,0.05,0.08,1.46,7.71,12.0,-35.8
2025-01-02 17:42:00,M0037,OP0015,T00635,,,1.54,7.71,0.2,0.04,0.08,1.46,7.71,12.0,-35.8
2025-01-02 17:54:00,M0037,OP0015,T00635,,,1.54,7.71,0.2,0.03,0.08,1.46,7.71,12.0,-35.8
2025-01-02 18:06:00,M0037,OP0015,T00635,,,1.54,7.71,0.2,0.04,0.08,1.46,7.71,12.0,-35.8
2025-02-19 06:18:00,M0021,OP0044,T00636,275.7,,2.45,12.25,0.2,0.02,0.16,2.29,12.25,14.5,-15.5
2025-02-19 06:30:00,M0021,OP0044,T00636,,,2.45,12.25,0.2,0.02,0.16,2.29,12.25,14.5,-15.5
2025-02-19 06:42:00,M0021,OP0044,T00636,,,2.45,12.25,0.2,0.02,0.16,2.29,12.25,14.5,-15.5
2025-02-19 06:54:00,M0021,OP0044,T00636,,,2.45,12.25,0.2,0.02,0.16,2.29,12.25,14.5,-15.5
2025-02-19 07:06:00,M0021,OP0044,T00636,,,2.45,12.25,0.2,0.02,0.16,2.29,12.25,14.5,-15.5
2025-02-19 07:18:00,M0021,OP0044,T00636,,,2.45,12.25,0.2,0.02,0.16,2.29,12.25,14.5,-15.5
2025-02-19 07:30:00,M0021,OP0044,T00636,,,2.45,12.25,0.2,0.02,0.16,2.29,12.25,14.5,-15.5
2025-02-19 07:42:00,M0021,OP0044,T00636,,,2.45,12.25,0.2,0.03,0.16,2.29,12.25,14.5,-15.5
2025-02-19 07:54:00,M0021,OP0044,T00636,,,2.45,12.25,0.2,0.02,0.16,2.29,12.25,14.5,-15.5
2025-02-19 08:06:00,M0021,OP0044,T00636,,,2.45,12.25,0.2,0.03,0.16,2.29,12.25,14.5,-15.5
2025-02-19 08:18:00,M0021,OP0044,T00636,,,2.45,12.25,0.2,0.03,0.16,2.29,12.25,14.5,-15.5
2025-02-19 08:30:00,M0021,OP0044,T00636,,,2.45,12.25,0.2,0.02,0.16,2.29,12.25,14.5,-15.5
2025-02-19 08:42:00,M0021,OP0044,T00636,,,2.45,12.25,0.2,0.02,0.16,2.29,12.25,14.5,-15.5
2025-02-19 08:54:00,M0021,OP0044,T00636,,,2.45,12.25,0.2,0.03,0.16,2.29,12.25,14.5,-15.5
2025-02-19 09:06:00,M0021,OP0044,T00636,,,2.45,12.25,0.2,0.02,0.16,2.29,12.25,14.5,-15.5
2025-02-19 09:18:00,M0021,OP0044,T00636,,,2.45,12.25,0.2,0.03,0.16,2.29,12.25,14.5,-15.5
2025-02-19 09:30:00,M0021,OP0044,T00636,,,2.45,12.25,0.2,0.02,0.16,2.29,12.25,14.5,-15.5
2025-02-19 09:42:00,M0021,OP0044,T00636,,,2.45,12.25,0.2,0.03,0.16,2.29,12.25,14.5,-15.5
2025-02-19 09:54:00,M0021,OP0044,T00636,,,2.45,12.25,0.2,0.03,0.16,2.29,12.25,14.5,-15.5
2025-02-19 10:06:00,M0021,OP0044,T00636,,,2.45,12.25,0.2,0.03,0.16,2.29,12.25,14.5,-15.5
2025-01-30 14:57:00,M0040,OP0046,T00637,380.7,,3.17,15.84,0.2,0.03,0.17,3.0,15.84,19.5,-18.8
2025-01-30 15:09:00,M0040,OP0046,T00637,,,3.17,15.84,0.2,0.04,0.17,3.0,15.84,19.5,-18.8
2025-01-30 15:21:00,M0040,OP0046,T00637,,,3.17,15.84,0.2,0.04,0.17,3.0,15.84,19.5,-18.8
2025-01-30 15:33:00,M0040,OP0046,T00637,,,3.17,15.84,0.2,0.05,0.17,3.0,15.84,19.5,-18.8
2025-01-30 15:45:00,M0040,OP0046,T00637,,,3.17,15.84,0.2,0.05,0.17,3.0,15.84,19.5,-18.8
2025-01-30 15:57:00,M0040,OP0046,T00637,,,3.17,15.84,0.2,0.03,0.17,3.0,15.84,19.5,-18.8
2025-01-30 16:09:00,M0040,OP0046,T00637,,,3.17,15.84,0.2,0.05,0.17,3.0,15.84,19.5,-18.8
2025-01-30 16:21:00,M0040,OP0046,T00637,,,3.17,15.84,0.2,0.04,0.17,3.0,15.84,19.5,-18.8
2025-01-30 16:33:00,M0040,OP0046,T00637,,,3.17,15.84,0.2,0.04,0.17,3.0,15.84,19.5,-18.8
2025-01-30 16:45:00,M0040,OP0046,T00637,,,3.17,15.84,0.2,0.03,0.17,3.0,15.84,19.5,-18.8
2025-01-30 16:57:00,M0040,OP0046,T00637,,,3.17,15.84,0.2,0.05,0.17,3.0,15.84,19.5,-18.8
2025-01-30 17:09:00,M0040,OP0046,T00637,,,3.17,15.84,0.2,0.05,0.17,3.0,15.84,19.5,-18.8
2025-01-30 17:21:00,M0040,OP0046,T00637,,,0.53,15.84,0.03,0.01,0.03,0.5,15.84,19.5,-18.8
2025-04-05 06:38:00,M0014,OP0047,T00639,365.6,,6.36,31.82,0.2,0.02,0.11,6.26,31.82,28.0,13.6
2025-04-05 06:50:00,M0014,OP0047,T00639,,,6.36,31.82,0.2,0.03,0.11,6.26,31.82,28.0,13.6
2025-04-05 07:02:00,M0014,OP0047,T00639,,,6.36,31.82,0.2,0.03,0.11,6.26,31.82,28.0,13.6
2025-04-05 07:14:00,M0014,OP0047,T00639,,,6.36,31.82,0.2,0.02,0.11,6.26,31.82,28.0,13.6
2025-04-05 07:26:00,M0014,OP0047,T00639,,,6.36,31.82,0.2,0.02,0.11,6.26,31.82,28.0,13.6
2025-04-05 07:38:00,M0014,OP0047,T00639,,,6.36,31.82,0.2,0.02,0.11,6.26,31.82,28.0,13.6
2025-04-05 07:50:00,M0014,OP0047,T00639,,,6.36,31.82,0.2,0.03,0.11,6.26,31.82,28.0,13.6
2025-04-05 08:02:00,M0014,OP0047,T00639,,,6.36,31.82,0.2,0.02,0.11,6.26,31.82,28.0,13.6
2025-04-05 08:14:00,M0014,OP0047,T00639,,,6.36,31.82,0.2,0.03,0.11,6.26,31.82,28.0,13.6
2025-04-05 08:26:00,M0014,OP0047,T00639,,,6.36,31.82,0.2,0.03,0.11,6.26,31.82,28.0,13.6
2025-04-05 08:38:00,M0014,OP0047,T00639,,,6.36,31.82,0.2,0.03,0.11,6.26,31.82,28.0,13.6
2025-04-05 08:50:00,M0014,OP0047,T00639,,,6.36,31.82,0.2,0.02,0.11,6.26,31.82,28.0,13.6
2025-04-05 09:02:00,M0014,OP0047,T00639,,,6.36,31.82,0.2,0.02,0.11,6.26,31.82,28.0,13.6
2025-04-05 09:14:00,M0014,OP0047,T00639,,,6.36,31.82,0.2,0.03,0.11,6.26,31.82,28.0,13.6
2025-04-05 09:26:00,M0014,OP0047,T00639,,,6.36,31.82,0.2,0.02,0.11,6.26,31.82,28.0,13.6
2025-04-05 09:38:00,M0014,OP0047,T00639,,,6.36,31.82,0.2,0.03,0.11,6.26,31.82,28.0,13.6
2025-04-05 09:50:00,M0014,OP0047,T00639,,,6.36,31.82,0.2,0.02,0.11,6.26,31.82,28.0,13.6
2025-04-05 10:02:00,M0014,OP0047,T00639,,,6.36,31.82,0.2,0.02,0.11,6.26,31.82,28.0,13.6
2025-04-05 10:14:00,M0014,OP0047,T00639,,,6.36,31.82,0.2,0.03,0.11,6.26,31.82,28.0,13.6
2025-04-05 10:26:00,M0014,OP0047,T00639,,,6.36,31.82,0.2,0.02,0.11,6.26,31.82,28.0,13.6
2025-05-04 11:40:00,M0026,OP0015,T00640,282.4,,1.92,9.61,0.2,0.04,0.07,1.86,9.61,14.5,-33.7
2025-05-04 11:52:00,M0026,OP0015,T00640,,,1.92,9.61,0.2,0.05,0.07,1.86,9.61,14.5,-33.7
2025-05-04 12:04:00,M0026,OP0015,T00640,,,1.92,9.61,0.2,0.05,0.07,1.86,9.61,14.5,-33.7
2025-05-04 12:16:00,M0026,OP0015,T00640,,,0.48,9.61,0.05,0.01,0.02,0.46,9.61,14.5,-33.7
2025-05-07 08:37:00,M0023,OP0002,T00641,429.9,,2.75,13.77,0.2,0.02,0.22,2.54,13.77,19.5,-29.4
2025-05-07 08:49:00,M0023,OP0002,T00641,,,2.75,13.77,0.2,0.02,0.22,2.54,13.77,19.5,-29.4
2025-05-07 09:01:00,M0023,OP0002,T00641,,,2.75,13.77,0.2,0.02,0.22,2.54,13.77,19.5,-29.4
2025-05-07 09:13:00,M0023,OP0002,T00641,,,2.75,13.77,0.2,0.03,0.22,2.54,13.77,19.5,-29.4
2025-05-07 09:25:00,M0023,OP0002,T00641,,,2.75,13.77,0.2,0.02,0.22,2.54,13.77,19.5,-29.4
2025-05-07 09:37:00,M0023,OP0002,T00641,,,2.75,13.77,0.2,0.03,0.22,2.54,13.77,19.5,-29.4
2025-05-07 09:49:00,M0023,OP0002,T00641,,,2.75,13.77,0.2,0.02,0.22,2.54,13.77,19.5,-29.4
2025-05-07 10:01:00,M0023,OP0002,T00641,,,2.75,13.77,0.2,0.02,0.22,2.54,13.77,19.5,-29.4
2025-05-07 10:13:00,M0023,OP0002,T00641,,,2.75,13.77,0.2,0.03,0.22,2.54,13.77,19.5,-29.4
2025-05-07 10:25:00,M0023,OP0002,T00641,,,2.75,13.77,0.2,0.02,0.22,2.54,13.77,19.5,-29.4
2025-05-07 10:37:00,M0023,OP0002,T00641,,,2.75,13.77,0.2,0.03,0.22,2.54,13.77,19.5,-29.4
2025-05-07 10:49:00,M0023,OP0002,T00641,,,2.75,13.77,0.2,0.03,0.22,2.54,13.77,19.5,-29.4
2025-05-07 11:01:00,M0023,OP0002,T00641,,,2.75,13.77,0.2,0.02,0.22,2.54,13.77,19.5,-29.4
2025-05-07 11:13:00,M0023,OP0002,T00641,,,2.75,13.77,0.2,0.03,0.22,2.54,13.77,19.5,-29.4
2025-05-07 11:25:00,M0023,OP0002,T00641,,,2.75,13.77,0.2,0.03,0.22,2.54,13.77,19.5,-29.4
2025-05-07 11:37:00,M0023,OP0002,T00641,,,2.75,13.77,0.2,0.03,0.22,2.54,13.77,19.5,-29.4
2025-05-07 11:49:00,M0023,OP0002,T00641,,,2.75,13.77,0.2,0.02,0.22,2.54,13.77,19.5,-29.4
2025-05-07 12:01:00,M0023,OP0002,T00641,,,2.75,13.77,0.2,0.02,0.22,2.54,13.77,19.5,-29.4
2025-05-07 12:13:00,M0023,OP0002,T00641,,,2.75,13.77,0.2,0.03,0.22,2.54,13.77,19.5,-29.4
2025-05-07 12:25:00,M0023,OP0002,T00641,,,2.75,13.77,0.2,0.03,0.22,2.54,13.77,19.5,-29.4
2025-04-09 10:57:00,M0029,OP0019,T00643,434.0,,3.73,18.65,0.2,0.06,0.21,3.52,18.65,25.0,-25.4
2025-04-09 11:09:00,M0029,OP0019,T00643,,,3.73,18.65,0.2,0.04,0.21,3.52,18.65,25.0,-25.4
2025-04-09 11:21:00,M0029,OP0019,T00643,,,3.73,18.65,0.2,0.06,0.21,3.52,18.65,25.0,-25.4
2025-04-09 11:33:00,M0029,OP0019,T00643,,,3.73,18.65,0.2,0.04,0.21,3.52,18.65,25.0,-25.4
2025-04-09 11:45:00,M0029,OP0019,T00643,,,3.73,18.65,0.2,0.06,0.21,3.52,18.65,25.0,-25.4
2025-04-09 11:57:00,M0029,OP0019,T00643,,,3.73,18.65,0.2,0.04,0.21,3.52,18.65,25.0,-25.4
2025-04-09 12:09:00,M0029,OP0019,T00643,,,3.73,18.65,0.2,0.06,0.21,3.52,18.65,25.0,-25.4
2025-04-09 12:21:00,M0029,OP0019,T00643,,,3.73,18.65,0.2,0.05,0.21,3.52,18.65,25.0,-25.4
2025-04-09 12:33:00,M0029,OP0019,T00643,,,3.73,18.65,0.2,0.04,0.21,3.52,18.65,25.0,-25.4
2025-04-09 12:45:00,M0029,OP0019,T00643,,,3.73,18.65,0.2,0.05,0.21,3.52,18.65,25.0,-25.4
2025-04-09 12:57:00,M0029,OP0019,T00643,,,3.73,18.65,0.2,0.05,0.21,3.52,18.65,25.0,-25.4
2025-04-09 13:09:00,M0029,OP0019,T00643,,,3.73,18.65,0.2,0.04,0.21,3.52,18.65,25.0,-25.4
2025-04-09 13:21:00,M0029,OP0019,T00643,,,3.73,18.65,0.2,0.06,0.21,3.52,18.65,25.0,-25.4
2025-04-09 13:33:00,M0029,OP0019,T00643,,,3.73,18.65,0.2,0.05,0.21,3.52,18.65,25.0,-25.4
2025-04-09 13:45:00,M0029,OP0019,T00643,,,3.73,18.65,0.2,0.06,0.21,3.52,18.65,25.0,-25.4
2025-04-09 13:57:00,M0029,OP0019,T00643,,,3.73,18.65,0.2,0.05,0.21,3.52,18.65,25.0,-25.4
2025-04-09 14:09:00,M0029,OP0019,T00643,,,3.73,18.65,0.2,0.05,0.21,3.52,18.65,25.0,-25.4
2025-04-09 14:21:00,M0029,OP0019,T00643,,,3.73,18.65,0.2,0.05,0.21,3.52,18.65,25.0,-25.4
2025-04-09 14:33:00,M0029,OP0019,T00643,,,3.73,18.65,0.2,0.06,0.21,3.52,18.65,25.0,-25.4
2025-04-09 14:45:00,M0029,OP0019,T00643,,,3.73,18.65,0.2,0.06,0.21,3.52,18.65,25.0,-25.4
2025-04-27 08:49:00,M0033,OP0046,T00644,238.3,,2.23,11.13,0.2,0.06,0.15,2.07,11.13,14.5,-23.2
2025-04-27 09:01:00,M0033,OP0046,T00644,,,2.23,11.13,0.2,0.04,0.15,2.07,11.13,14.5,-23.2
2025-04-27 09:13:00,M0033,OP0046,T00644,,,2.23,11.13,0.2,0.06,0.15,2.07,11.13,14.5,-23.2
2025-04-27 09:25:00,M0033,OP0046,T00644,,,2.23,11.13,0.2,0.05,0.15,2.07,11.13,14.5,-23.2
2025-04-27 09:37:00,M0033,OP0046,T00644,,,2.23,11.13,0.2,0.05,0.15,2.07,11.13,14.5,-23.2
2025-04-27 09:49:00,M0033,OP0046,T00644,,,2.23,11.13,0.2,0.06,0.15,2.07,11.13,14.5,-23.2
2025-04-27 10:01:00,M0033,OP0046,T00644,,,2.23,11.13,0.2,0.05,0.15,2.07,11.13,14.5,-23.2
2025-04-27 10:13:00,M0033,OP0046,T00644,,,2.23,11.13,0.2,0.05,0.15,2.07,11.13,14.5,-23.2
2025-04-27 10:25:00,M0033,OP0046,T00644,,,2.23,11.13,0.2,0.06,0.15,2.07,11.13,14.5,-23.2
2025-04-27 10:37:00,M0033,OP0046,T00644,,,2.23,11.13,0.2,0.04,0.15,2.07,11.13,14.5,-23.2
2025-04-27 10:49:00,M0033,OP0046,T00644,,,2.23,11.13,0.2,0.06,0.15,2.07,11.13,14.5,-23.2
2025-04-27 11:01:00,M0033,OP0046,T00644,,,2.23,11.13,0.2,0.05,0.15,2.07,11.13,14.5,-23.2
2025-04-27 11:13:00,M0033,OP0046,T00644,,,2.23,11.13,0.2,0.06,0.15,2.07,11.13,14.5,-23.2
2025-04-27 11:25:00,M0033,OP0046,T00644,,,2.23,11.13,0.2,0.06,0.15,2.07,11.13,14.5,-23.2
2025-04-27 11:37:00,M0033,OP0046,T00644,,,2.23,11.13,0.2,0.05,0.15,2.07,11.13,14.5,-23.2
2025-04-27 11:49:00,M0033,OP0046,T00644,,,2.23,11.13,0.2,0.05,0.15,2.07,11.13,14.5,-23.2
2025-04-27 12:01:00,M0033,OP0046,T00644,,,2.23,11.13,0.2,0.04,0.15,2.07,11.13,14.5,-23.2
2025-04-27 12:13:00,M0033,OP0046,T00644,,,2.23,11.13,0.2,0.06,0.15,2.07,11.13,14.5,-23.2
2025-04-27 12:25:00,M0033,OP0046,T00644,,,2.23,11.13,0.2,0.06,0.15,2.07,11.13,14.5,-23.2
2025-04-27 12:37:00,M0033,OP0046,T00644,,,2.23,11.13,0.2,0.04,0.15,2.07,11.13,14.5,-23.2
2025-03-07 07:37:00,M0034,OP0012,T00645,354.2,,3.25,16.26,0.2,0.04,0.14,3.12,16.26,20.0,-18.7
2025-03-07 07:49:00,M0034,OP0012,T00645,,,3.25,16.26,0.2,0.04,0.14,3.12,16.26,20.0,-18.7
2025-03-07 08:01:00,M0034,OP0012,T00645,,,3.25,16.26,0.2,0.04,0.14,3.12,16.26,20.0,-18.7
2025-03-07 08:13:00,M0034,OP0012,T00645,,,3.25,16.26,0.2,0.03,0.14,3.12,16.26,20.0,-18.7
2025-03-07 08:25:00,M0034,OP0012,T00645,,,3.25,16.26,0.2,0.04,0.14,3.12,16.26,20.0,-18.7
2025-03-07 08:37:00,M0034,OP0012,T00645,,,3.25,16.26,0.2,0.02,0.14,3.12,16.26,20.0,-18.7
2025-03-07 08:49:00,M0034,OP0012,T00645,,,3.25,16.26,0.2,0.03,0.14,3.12,16.26,20.0,-18.7
2025-03-07 09:01:00,M0034,OP0012,T00645,,,3.25,16.26,0.2,0.02,0.14,3.12,16.26,20.0,-18.7
2025-03-07 09:13:00,M0034,OP0012,T00645,,,3.25,16.26,0.2,0.04,0.14,3.12,16.26,20.0,-18.7
2025-03-07 09:25:00,M0034,OP0012,T00645,,,3.25,16.26,0.2,0.02,0.14,3.12,16.26,20.0,-18.7
2025-03-07 09:37:00,M0034,OP0012,T00645,,,3.25,16.26,0.2,0.04,0.14,3.12,16.26,20.0,-18.7
2025-03-07 09:49:00,M0034,OP0012,T00645,,,3.25,16.26,0.2,0.03,0.14,3.12,16.26,20.0,-18.7
2025-03-07 10:01:00,M0034,OP0012,T00645,,,3.25,16.26,0.2,0.03,0.14,3.12,16.26,20.0,-18.7
2025-03-07 10:13:00,M0034,OP0012,T00645,,,3.25,16.26,0.2,0.04,0.14,3.12,16.26,20.0,-18.7
2025-03-07 10:25:00,M0034,OP0012,T00645,,,3.25,16.26,0.2,0.03,0.14,3.12,16.26,20.0,-18.7
2025-03-07 10:37:00,M0034,OP0012,T00645,,,3.25,16.26,0.2,0.03,0.14,3.12,16.26,20.0,-18.7
2025-03-07 10:49:00,M0034,OP0012,T00645,,,3.25,16.26,0.2,0.02,0.14,3.12,16.26,20.0,-18.7
2025-03-07 11:01:00,M0034,OP0012,T00645,,,3.25,16.26,0.2,0.03,0.14,3.12,16.26,20.0,-18.7
2025-03-07 11:13:00,M0034,OP0012,T00645,,,3.25,16.26,0.2,0.03,0.14,3.12,16.26,20.0,-18.7
2025-03-07 11:25:00,M0034,OP0012,T00645,,,3.25,16.26,0.2,0.04,0.14,3.12,16.26,20.0,-18.7
2025-03-18 07:32:00,M0025,OP0004,T00647,354.0,,2.95,14.75,0.2,0.01,0.24,2.71,14.75,19.5,-24.4
2025-03-18 07:44:00,M0025,OP0004,T00647,,,2.95,14.75,0.2,0.02,0.24,2.71,14.75,19.5,-24.4
2025-03-18 07:56:00,M0025,OP0004,T00647,,,2.95,14.75,0.2,0.01,0.24,2.71,14.75,19.5,-24.4
2025-03-18 08:08:00,M0025,OP0004,T00647,,,2.95,14.75,0.2,0.01,0.24,2.71,14.75,19.5,-24.4
2025-03-18 08:20:00,M0025,OP0004,T00647,,,2.95,14.75,0.2,0.01,0.24,2.71,14.75,19.5,-24.4
2025-03-18 08:32:00,M0025,OP0004,T00647,,,2.95,14.75,0.2,0.02,0.24,2.71,14.75,19.5,-24.4
2025-03-18 08:44:00,M0025,OP0004,T00647,,,2.95,14.75,0.2,0.01,0.24,2.71,14.75,19.5,-24.4
2025-03-18 08:56:00,M0025,OP0004,T00647,,,2.95,14.75,0.2,0.01,0.24,2.71,14.75,19.5,-24.4
2025-03-18 09:08:00,M0025,OP0004,T00647,,,2.95,14.75,0.2,0.01,0.24,2.71,14.75,19.5,-24.4
2025-03-18 09:20:00,M0025,OP0004,T00647,,,2.95,14.75,0.2,0.01,0.24,2.71,14.75,19.5,-24.4
2025-03-18 09:32:00,M0025,OP0004,T00647,,,2.95,14.75,0.2,0.01,0.24,2.71,14.75,19.5,-24.4
2025-03-18 09:44:00,M0025,OP0004,T00647,,,1.97,14.75,0.13,0.01,0.16,1.81,14.75,19.5,-24.4
2025-01-29 09:41:00,M0009,OP0035,T00648,294.3,,3.0,14.99,0.2,0.01,0.14,2.86,14.99,20.0,-25.1
2025-01-29 09:53:00,M0009,OP0035,T00648,,,3.0,14.99,0.2,0.02,0.14,2.86,14.99,20.0,-25.1
2025-01-29 10:05:00,M0009,OP0035,T00648,,,3.0,14.99,0.2,0.01,0.14,2.86,14.99,20.0,-25.1
2025-01-29 10:17:00,M0009,OP0035,T00648,,,3.0,14.99,0.2,0.01,0.14,2.86,14.99,20.0,-25.1
2025-01-29 10:29:00,M0009,OP0035,T00648,,,3.0,14.99,0.2,0.01,0.14,2.86,14.99,20.0,-25.1
2025-01-29 10:41:00,M0009,OP0035,T00648,,,3.0,14.99,0.2,0.01,0.14,2.86,14.99,20.0,-25.1
2025-01-29 10:53:00,M0009,OP0035,T00648,,,3.0,14.99,0.2,0.02,0.14,2.86,14.99,20.0,-25.1
2025-01-29 11:05:00,M0009,OP0035,T00648,,,3.0,14.99,0.2,0.01,0.14,2.86,14.99,20.0,-25.1
2025-01-29 11:17:00,M0009,OP0035,T00648,,,3.0,14.99,0.2,0.02,0.14,2.86,14.99,20.0,-25.1
2025-01-29 11:29:00,M0009,OP0035,T00648,,,2.5,14.99,0.17,0.02,0.11,2.38,14.99,20.0,-25.1
2025-05-15 15:49:00,M0004,OP0053,T00649,437.7,,3.43,17.15,0.2,0.05,0.14,3.29,17.15,14.5,18.2
2025-05-15 16:01:00,M0004,OP0053,T00649,,,3.43,17.15,0.2,0.04,0.14,3.29,17.15,14.5,18.2
2025-05-15 16:13:00,M0004,OP0053,T00649,,,3.43,17.15,0.2,0.05,0.14,3.29,17.15,14.5,18.2
2025-05-15 16:25:00,M0004,OP0053,T00649,,,3.43,17.15,0.2,0.05,0.14,3.29,17.15,14.5,18.2
2025-05-15 16:37:00,M0004,OP0053,T00649,,,3.43,17.15,0.2,0.05,0.14,3.29,17.15,14.5,18.2
2025-05-15 16:49:00,M0004,OP0053,T00649,,,3.43,17.15,0.2,0.05,0.14,3.29,17.15,14.5,18.2
2025-05-15 17:01:00,M0004,OP0053,T00649,,,3.43,17.15,0.2,0.05,0.14,3.29,17.15,14.5,18.2
2025-05-15 17:13:00,M0004,OP0053,T00649,,,3.43,17.15,0.2,0.05,0.14,3.29,17.15,14.5,18.2
2025-05-15 17:25:00,M0004,OP0053,T00649,,,3.43,17.15,0.2,0.04,0.14,3.29,17.15,14.5,18.2
2025-05-15 17:37:00,M0004,OP0053,T00649,,,3.43,17.15,0.2,0.04,0.14,3.29,17.15,14.5,18.2
2025-05-15 17:49:00,M0004,OP0053,T00649,,,3.43,17.15,0.2,0.05,0.14,3.29,17.15,14.5,18.2
2025-05-15 18:01:00,M0004,OP0053,T00649,,,3.43,17.15,0.2,0.03,0.14,3.29,17.15,14.5,18.2
2025-05-15 18:13:00,M0004,OP0053,T00649,,,3.43,17.15,0.2,0.03,0.14,3.29,17.15,14.5,18.2
2025-05-15 18:25:00,M0004,OP0053,T00649,,,3.43,17.15,0.2,0.05,0.14,3.29,17.15,14.5,18.2
2025-05-15 18:37:00,M0004,OP0053,T00649,,,3.43,17.15,0.2,0.03,0.14,3.29,17.15,14.5,18.2
2025-05-15 18:49:00,M0004,OP0053,T00649,,,3.43,17.15,0.2,0.03,0.14,3.29,17.15,14.5,18.2
2025-05-15 19:01:00,M0004,OP0053,T00649,,,3.43,17.15,0.2,0.04,0.14,3.29,17.15,14.5,18.2
2025-05-15 19:13:00,M0004,OP0053,T00649,,,3.43,17.15,0.2,0.04,0.14,3.29,17.15,14.5,18.2
2025-05-15 19:25:00,M0004,OP0053,T00649,,,3.43,17.15,0.2,0.04,0.14,3.29,17.15,14.5,18.2
2025-05-15 19:37:00,M0004,OP0053,T00649,,,3.43,17.15,0.2,0.04,0.14,3.29,17.15,14.5,18.2
2025-06-20 08:10:00,M0030,OP0007,T00650,263.1,,2.88,14.39,0.2,0.02,0.12,2.76,14.39,20.0,-28.0
2025-06-20 08:22:00,M0030,OP0007,T00650,,,2.88,14.39,0.2,0.04,0.12,2.76,14.39,20.0,-28.0
2025-06-20 08:34:00,M0030,OP0007,T00650,,,2.88,14.39,0.2,0.02,0.12,2.76,14.39,20.0,-28.0
2025-06-20 08:46:00,M0030,OP0007,T00650,,,2.88,14.39,0.2,0.04,0.12,2.76,14.39,20.0,-28.0
2025-06-20 08:58:00,M0030,OP0007,T00650,,,2.88,14.39,0.2,0.04,0.12,2.76,14.39,20.0,-28.0
2025-06-20 09:10:00,M0030,OP0007,T00650,,,2.88,14.39,0.2,0.04,0.12,2.76,14.39,20.0,-28.0
2025-06-20 09:22:00,M0030,OP0007,T00650,,,2.88,14.39,0.2,0.03,0.12,2.76,14.39,20.0,-28.0
2025-06-20 09:34:00,M0030,OP0007,T00650,,,2.88,14.39,0.2,0.03,0.12,2.76,14.39,20.0,-28.0
2025-06-20 09:46:00,M0030,OP0007,T00650,,,2.88,14.39,0.2,0.03,0.12,2.76,14.39,20.0,-28.0
2025-06-20 09:58:00,M0030,OP0007,T00650,,,2.88,14.39,0.2,0.03,0.12,2.76,14.39,20.0,-28.0
2025-06-20 10:10:00,M0030,OP0007,T00650,,,2.88,14.39,0.2,0.04,0.12,2.76,14.39,20.0,-28.0
2025-06-20 10:22:00,M0030,OP0007,T00650,,,2.88,14.39,0.2,0.03,0.12,2.76,14.39,20.0,-28.0
2025-06-20 10:34:00,M0030,OP0007,T00650,,,2.88,14.39,0.2,0.03,0.12,2.76,14.39,20.0,-28.0
2025-06-20 10:46:00,M0030,OP0007,T00650,,,2.88,14.39,0.2,0.02,0.12,2.76,14.39,20.0,-28.0
2025-06-20 10:58:00,M0030,OP0007,T00650,,,2.88,14.39,0.2,0.03,0.12,2.76,14.39,20.0,-28.0
2025-06-20 11:10:00,M0030,OP0007,T00650,,,2.88,14.39,0.2,0.03,0.12,2.76,14.39,20.0,-28.0
2025-06-20 11:22:00,M0030,OP0007,T00650,,,2.88,14.39,0.2,0.04,0.12,2.76,14.39,20.0,-28.0
2025-06-20 11:34:00,M0030,OP0007,T00650,,,2.88,14.39,0.2,0.04,0.12,2.76,14.39,20.0,-28.0
2025-06-20 11:46:00,M0030,OP0007,T00650,,,2.88,14.39,0.2,0.02,0.12,2.76,14.39,20.0,-28.0
2025-06-20 11:58:00,M0030,OP0007,T00650,,,2.88,14.39,0.2,0.03,0.12,2.76,14.39,20.0,-28.0
2025-08-13 15:05:00,M0021,OP0034,T00651,289.4,,2.06,10.3,0.2,0.05,0.1,1.97,10.3,14.5,-28.9
2025-08-13 15:17:00,M0021,OP0034,T00651,,,2.06,10.3,0.2,0.06,0.1,1.97,10.3,14.5,-28.9
2025-08-13 15:29:00,M0021,OP0034,T00651,,,2.06,10.3,0.2,0.04,0.1,1.97,10.3,14.5,-28.9
2025-08-13 15:41:00,M0021,OP0034,T00651,,,2.06,10.3,0.2,0.04,0.1,1.97,10.3,14.5,-28.9
2025-08-13 15:53:00,M0021,OP0034,T00651,,,2.06,10.3,0.2,0.05,0.1,1.97,10.3,14.5,-28.9
2025-08-13 16:05:00,M0021,OP0034,T00651,,,2.06,10.3,0.2,0.06,0.1,1.97,10.3,14.5,-28.9
2025-08-13 16:17:00,M0021,OP0034,T00651,,,2.06,10.3,0.2,0.06,0.1,1.97,10.3,14.5,-28.9
2025-08-13 16:29:00,M0021,OP0034,T00651,,,2.06,10.3,0.2,0.07,0.1,1.97,10.3,14.5,-28.9
2025-08-13 16:41:00,M0021,OP0034,T00651,,,2.06,10.3,0.2,0.06,0.1,1.97,10.3,14.5,-28.9
2025-08-13 16:53:00,M0021,OP0034,T00651,,,2.06,10.3,0.2,0.06,0.1,1.97,10.3,14.5,-28.9
2025-08-13 17:05:00,M0021,OP0034,T00651,,,2.06,10.3,0.2,0.04,0.1,1.97,10.3,14.5,-28.9
2025-08-13 17:17:00,M0021,OP0034,T00651,,,2.06,10.3,0.2,0.04,0.1,1.97,10.3,14.5,-28.9
2025-08-13 17:29:00,M0021,OP0034,T00651,,,1.89,10.3,0.18,0.05,0.09,1.8,10.3,14.5,-28.9
2025-04-19 10:20:00,M0009,OP0001,T00652,291.6,,2.63,13.15,0.2,0.01,0.31,2.32,13.15,20.0,-34.2
2025-04-19 10:32:00,M0009,OP0001,T00652,,,2.63,13.15,0.2,0.01,0.31,2.32,13.15,20.0,-34.2
2025-04-19 10:44:00,M0009,OP0001,T00652,,,2.63,13.15,0.2,0.01,0.31,2.32,13.15,20.0,-34.2
2025-04-19 10:56:00,M0009,OP0001,T00652,,,2.63,13.15,0.2,0.01,0.31,2.32,13.15,20.0,-34.2
2025-04-19 11:08:00,M0009,OP0001,T00652,,,2.63,13.15,0.2,0.01,0.31,2.32,13.15,20.0,-34.2
2025-04-19 11:20:00,M0009,OP0001,T00652,,,0.88,13.15,0.07,0.0,0.1,0.77,13.15,20.0,-34.2
2025-06-26 14:37:00,M0017,OP0011,T00653,359.9,,2.02,10.1,0.2,0.05,0.18,1.84,10.1,14.5,-30.3
2025-06-26 14:49:00,M0017,OP0011,T00653,,,2.02,10.1,0.2,0.05,0.18,1.84,10.1,14.5,-30.3
2025-06-26 15:01:00,M0017,OP0011,T00653,,,2.02,10.1,0.2,0.03,0.18,1.84,10.1,14.5,-30.3
2025-06-26 15:13:00,M0017,OP0011,T00653,,,2.02,10.1,0.2,0.04,0.18,1.84,10.1,14.5,-30.3
2025-06-26 15:25:00,M0017,OP0011,T00653,,,2.02,10.1,0.2,0.04,0.18,1.84,10.1,14.5,-30.3
2025-06-26 15:37:00,M0017,OP0011,T00653,,,2.02,10.1,0.2,0.04,0.18,1.84,10.1,14.5,-30.3
2025-06-26 15:49:00,M0017,OP0011,T00653,,,2.02,10.1,0.2,0.03,0.18,1.84,10.1,14.5,-30.3
2025-06-26 16:01:00,M0017,OP0011,T00653,,,2.02,10.1,0.2,0.03,0.18,1.84,10.1,14.5,-30.3
2025-06-26 16:13:00,M0017,OP0011,T00653,,,2.02,10.1,0.2,0.04,0.18,1.84,10.1,14.5,-30.3
2025-06-26 16:25:00,M0017,OP0011,T00653,,,2.02,10.1,0.2,0.05,0.18,1.84,10.1,14.5,-30.3
2025-06-26 16:37:00,M0017,OP0011,T00653,,,2.02,10.1,0.2,0.04,0.18,1.84,10.1,14.5,-30.3
2025-06-26 16:49:00,M0017,OP0011,T00653,,,2.02,10.1,0.2,0.03,0.18,1.84,10.1,14.5,-30.3
2025-06-26 17:01:00,M0017,OP0011,T00653,,,2.02,10.1,0.2,0.04,0.18,1.84,10.1,14.5,-30.3
2025-06-26 17:13:00,M0017,OP0011,T00653,,,2.02,10.1,0.2,0.04,0.18,1.84,10.1,14.5,-30.3
2025-06-26 17:25:00,M0017,OP0011,T00653,,,2.02,10.1,0.2,0.04,0.18,1.84,10.1,14.5,-30.3
2025-06-26 17:37:00,M0017,OP0011,T00653,,,2.02,10.1,0.2,0.04,0.18,1.84,10.1,14.5,-30.3
2025-06-26 17:49:00,M0017,OP0011,T00653,,,2.02,10.1,0.2,0.05,0.18,1.84,10.1,14.5,-30.3
2025-06-26 18:01:00,M0017,OP0011,T00653,,,2.02,10.1,0.2,0.05,0.18,1.84,10.1,14.5,-30.3
2025-06-26 18:13:00,M0017,OP0011,T00653,,,2.02,10.1,0.2,0.04,0.18,1.84,10.1,14.5,-30.3
2025-06-26 18:25:00,M0017,OP0011,T00653,,,2.02,10.1,0.2,0.04,0.18,1.84,10.1,14.5,-30.3
2025-08-10 12:01:00,M0030,OP0010,T00654,359.5,,3.3,16.51,0.2,0.01,0.23,3.07,16.51,20.0,-17.5
2025-08-10 12:13:00,M0030,OP0010,T00654,,,3.3,16.51,0.2,0.01,0.23,3.07,16.51,20.0,-17.5
2025-08-10 12:25:00,M0030,OP0010,T00654,,,3.3,16.51,0.2,0.01,0.23,3.07,16.51,20.0,-17.5
2025-08-10 12:37:00,M0030,OP0010,T00654,,,3.3,16.51,0.2,0.01,0.23,3.07,16.51,20.0,-17.5
2025-08-10 12:49:00,M0030,OP0010,T00654,,,3.3,16.51,0.2,0.01,0.23,3.07,16.51,20.0,-17.5
2025-08-10 13:01:00,M0030,OP0010,T00654,,,3.3,16.51,0.2,0.01,0.23,3.07,16.51,20.0,-17.5
2025-08-10 13:13:00,M0030,OP0010,T00654,,,3.3,16.51,0.2,0.01,0.23,3.07,16.51,20.0,-17.5
2025-08-10 13:25:00,M0030,OP0010,T00654,,,3.3,16.51,0.2,0.01,0.23,3.07,16.51,20.0,-17.5
2025-08-10 13:37:00,M0030,OP0010,T00654,,,3.3,16.51,0.2,0.01,0.23,3.07,16.51,20.0,-17.5
2025-08-10 13:49:00,M0030,OP0010,T00654,,,3.3,16.51,0.2,0.01,0.23,3.07,16.51,20.0,-17.5
2025-08-10 14:01:00,M0030,OP0010,T00654,,,3.3,16.51,0.2,0.01,0.23,3.07,16.51,20.0,-17.5
2025-08-10 14:13:00,M0030,OP0010,T00654,,,3.3,16.51,0.2,0.01,0.23,3.07,16.51,20.0,-17.5
2025-08-10 14:25:00,M0030,OP0010,T00654,,,3.3,16.51,0.2,0.01,0.23,3.07,16.51,20.0,-17.5
2025-08-10 14:37:00,M0030,OP0010,T00654,,,3.3,16.51,0.2,0.01,0.23,3.07,16.51,20.0,-17.5
2025-08-10 14:49:00,M0030,OP0010,T00654,,,3.3,16.51,0.2,0.01,0.23,3.07,16.51,20.0,-17.5
2025-08-10 15:01:00,M0030,OP0010,T00654,,,3.3,16.51,0.2,0.01,0.23,3.07,16.51,20.0,-17.5
2025-08-10 15:13:00,M0030,OP0010,T00654,,,3.3,16.51,0.2,0.01,0.23,3.07,16.51,20.0,-17.5
2025-08-10 15:25:00,M0030,OP0010,T00654,,,3.3,16.51,0.2,0.01,0.23,3.07,16.51,20.0,-17.5
2025-08-10 15:37:00,M0030,OP0010,T00654,,,3.3,16.51,0.2,0.01,0.23,3.07,16.51,20.0,-17.5
2025-08-10 15:49:00,M0030,OP0010,T00654,,,3.3,16.51,0.2,0.01,0.23,3.07,16.51,20.0,-17.5
2025-04-14 10:24:00,M0001,OP0010,T00656,579.6,,3.59,17.94,0.2,0.0,0.19,3.4,17.94,20.0,-10.3
2025-04-14 10:36:00,M0001,OP0010,T00656,,,3.59,17.94,0.2,0.0,0.19,3.4,17.94,20.0,-10.3
2025-04-14 10:48:00,M0001,OP0010,T00656,,,3.59,17.94,0.2,0.0,0.19,3.4,17.94,20.0,-10.3
2025-04-14 11:00:00,M0001,OP0010,T00656,,,3.59,17.94,0.2,0.0,0.19,3.4,17.94,20.0,-10.3
2025-04-14 11:12:00,M0001,OP0010,T00656,,,3.59,17.94,0.2,0.0,0.19,3.4,17.94,20.0,-10.3
2025-04-14 11:24:00,M0001,OP0010,T00656,,,3.59,17.94,0.2,0.0,0.19,3.4,17.94,20.0,-10.3
2025-04-14 11:36:00,M0001,OP0010,T00656,,,3.59,17.94,0.2,0.0,0.19,3.4,17.94,20.0,-10.3
2025-04-14 11:48:00,M0001,OP0010,T00656,,,3.59,17.94,0.2,0.0,0.19,3.4,17.94,20.0,-10.3
2025-04-14 12:00:00,M0001,OP0010,T00656,,,3.59,17.94,0.2,0.0,0.19,3.4,17.94,20.0,-10.3
2025-04-14 12:12:00,M0001,OP0010,T00656,,,3.59,17.94,0.2,0.0,0.19,3.4,17.94,20.0,-10.3
2025-04-14 12:24:00,M0001,OP0010,T00656,,,3.59,17.94,0.2,0.0,0.19,3.4,17.94,20.0,-10.3
2025-04-14 12:36:00,M0001,OP0010,T00656,,,3.59,17.94,0.2,0.0,0.19,3.4,17.94,20.0,-10.3
2025-04-14 12:48:00,M0001,OP0010,T00656,,,3.59,17.94,0.2,0.0,0.19,3.4,17.94,20.0,-10.3
2025-04-14 13:00:00,M0001,OP0010,T00656,,,3.59,17.94,0.2,0.0,0.19,3.4,17.94,20.0,-10.3
2025-04-14 13:12:00,M0001,OP0010,T00656,,,3.59,17.94,0.2,0.0,0.19,3.4,17.94,20.0,-10.3
2025-04-14 13:24:00,M0001,OP0010,T00656,,,3.59,17.94,0.2,0.0,0.19,3.4,17.94,20.0,-10.3
2025-04-14 13:36:00,M0001,OP0010,T00656,,,3.59,17.94,0.2,0.0,0.19,3.4,17.94,20.0,-10.3
2025-04-14 13:48:00,M0001,OP0010,T00656,,,3.59,17.94,0.2,0.0,0.19,3.4,17.94,20.0,-10.3
2025-04-14 14:00:00,M0001,OP0010,T00656,,,3.59,17.94,0.2,0.0,0.19,3.4,17.94,20.0,-10.3
2025-04-14 14:12:00,M0001,OP0010,T00656,,,3.59,17.94,0.2,0.0,0.19,3.4,17.94,20.0,-10.3
2025-09-07 13:40:00,M0006,OP0033,T00657,108.9,,1.46,7.32,0.2,0.02,0.09,1.38,7.32,10.5,-30.3
2025-09-07 13:52:00,M0006,OP0033,T00657,,,1.46,7.32,0.2,0.02,0.09,1.38,7.32,10.5,-30.3
2025-09-07 14:04:00,M0006,OP0033,T00657,,,1.46,7.32,0.2,0.02,0.09,1.38,7.32,10.5,-30.3
2025-09-07 14:16:00,M0006,OP0033,T00657,,,1.46,7.32,0.2,0.03,0.09,1.38,7.32,10.5,-30.3
2025-09-07 14:28:00,M0006,OP0033,T00657,,,1.46,7.32,0.2,0.02,0.09,1.38,7.32,10.5,-30.3
2025-09-07 14:40:00,M0006,OP0033,T00657,,,1.46,7.32,0.2,0.03,0.09,1.38,7.32,10.5,-30.3
2025-09-07 14:52:00,M0006,OP0033,T00657,,,1.46,7.32,0.2,0.02,0.09,1.38,7.32,10.5,-30.3
2025-09-07 15:04:00,M0006,OP0033,T00657,,,1.46,7.32,0.2,0.03,0.09,1.38,7.32,10.5,-30.3
2025-09-07 15:16:00,M0006,OP0033,T00657,,,1.46,7.32,0.2,0.03,0.09,1.38,7.32,10.5,-30.3
2025-09-07 15:28:00,M0006,OP0033,T00657,,,1.46,7.32,0.2,0.02,0.09,1.38,7.32,10.5,-30.3
2025-09-07 15:40:00,M0006,OP0033,T00657,,,1.46,7.32,0.2,0.03,0.09,1.38,7.32,10.5,-30.3
2025-09-07 15:52:00,M0006,OP0033,T00657,,,1.46,7.32,0.2,0.03,0.09,1.38,7.32,10.5,-30.3
2025-09-07 16:04:00,M0006,OP0033,T00657,,,0.12,7.32,0.02,0.0,0.01,0.11,7.32,10.5,-30.3
2025-04-13 13:19:00,M0032,OP0029,T00659,332.0,,4.03,20.16,0.2,0.04,0.15,3.88,20.16,25.0,-19.3
2025-04-13 13:31:00,M0032,OP0029,T00659,,,4.03,20.16,0.2,0.05,0.15,3.88,20.16,25.0,-19.3
2025-04-13 13:43:00,M0032,OP0029,T00659,,,4.03,20.16,0.2,0.04,0.15,3.88,20.16,25.0,-19.3
2025-04-13 13:55:00,M0032,OP0029,T00659,,,4.03,20.16,0.2,0.04,0.15,3.88,20.16,25.0,-19.3
2025-04-13 14:07:00,M0032,OP0029,T00659,,,4.03,20.16,0.2,0.03,0.15,3.88,20.16,25.0,-19.3
2025-04-13 14:19:00,M0032,OP0029,T00659,,,4.03,20.16,0.2,0.03,0.15,3.88,20.16,25.0,-19.3
2025-04-13 14:31:00,M0032,OP0029,T00659,,,4.03,20.16,0.2,0.05,0.15,3.88,20.16,25.0,-19.3
2025-04-13 14:43:00,M0032,OP0029,T00659,,,4.03,20.16,0.2,0.03,0.15,3.88,20.16,25.0,-19.3
2025-04-13 14:55:00,M0032,OP0029,T00659,,,4.03,20.16,0.2,0.03,0.15,3.88,20.16,25.0,-19.3
2025-04-13 15:07:00,M0032,OP0029,T00659,,,4.03,20.16,0.2,0.03,0.15,3.88,20.16,25.0,-19.3
2025-04-13 15:19:00,M0032,OP0029,T00659,,,4.03,20.16,0.2,0.05,0.15,3.88,20.16,25.0,-19.3
2025-04-13 15:31:00,M0032,OP0029,T00659,,,4.03,20.16,0.2,0.04,0.15,3.88,20.16,25.0,-19.3
2025-04-13 15:43:00,M0032,OP0029,T00659,,,4.03,20.16,0.2,0.04,0.15,3.88,20.16,25.0,-19.3
2025-04-13 15:55:00,M0032,OP0029,T00659,,,4.03,20.16,0.2,0.04,0.15,3.88,20.16,25.0,-19.3
2025-04-13 16:07:00,M0032,OP0029,T00659,,,4.03,20.16,0.2,0.03,0.15,3.88,20.16,25.0,-19.3
2025-04-13 16:19:00,M0032,OP0029,T00659,,,4.03,20.16,0.2,0.03,0.15,3.88,20.16,25.0,-19.3
2025-04-13 16:31:00,M0032,OP0029,T00659,,,4.03,20.16,0.2,0.04,0.15,3.88,20.16,25.0,-19.3
2025-04-13 16:43:00,M0032,OP0029,T00659,,,4.03,20.16,0.2,0.04,0.15,3.88,20.16,25.0,-19.3
2025-04-13 16:55:00,M0032,OP0029,T00659,,,4.03,20.16,0.2,0.05,0.15,3.88,20.16,25.0,-19.3
2025-04-13 17:07:00,M0032,OP0029,T00659,,,4.03,20.16,0.2,0.03,0.15,3.88,20.16,25.0,-19.3
2025-07-26 11:41:00,M0012,OP0016,T00660,363.2,,4.39,21.97,0.2,0.06,0.37,4.03,21.97,28.0,-21.5
2025-07-26 11:53:00,M0012,OP0016,T00660,,,4.39,21.97,0.2,0.07,0.37,4.03,21.97,28.0,-21.5
2025-07-26 12:05:00,M0012,OP0016,T00660,,,4.39,21.97,0.2,0.07,0.37,4.03,21.97,28.0,-21.5
2025-07-26 12:17:00,M0012,OP0016,T00660,,,4.39,21.97,0.2,0.07,0.37,4.03,21.97,28.0,-21.5
2025-07-26 12:29:00,M0012,OP0016,T00660,,,4.39,21.97,0.2,0.05,0.37,4.03,21.97,28.0,-21.5
2025-07-26 12:41:00,M0012,OP0016,T00660,,,4.39,21.97,0.2,0.07,0.37,4.03,21.97,28.0,-21.5
2025-07-26 12:53:00,M0012,OP0016,T00660,,,4.39,21.97,0.2,0.06,0.37,4.03,21.97,28.0,-21.5
2025-07-26 13:05:00,M0012,OP0016,T00660,,,4.39,21.97,0.2,0.05,0.37,4.03,21.97,28.0,-21.5
2025-07-26 13:17:00,M0012,OP0016,T00660,,,4.39,21.97,0.2,0.07,0.37,4.03,21.97,28.0,-21.5
2025-07-26 13:29:00,M0012,OP0016,T00660,,,4.39,21.97,0.2,0.05,0.37,4.03,21.97,28.0,-21.5
2025-07-26 13:41:00,M0012,OP0016,T00660,,,4.39,21.97,0.2,0.05,0.37,4.03,21.97,28.0,-21.5
2025-07-26 13:53:00,M0012,OP0016,T00660,,,4.39,21.97,0.2,0.05,0.37,4.03,21.97,28.0,-21.5
2025-07-26 14:05:00,M0012,OP0016,T00660,,,0.73,21.97,0.03,0.01,0.06,0.67,21.97,28.0,-21.5
2025-06-22 08:40:00,M0039,OP0003,T00661,615.3,,3.15,15.77,0.2,0.03,0.12,3.03,15.77,20.0,-21.1
2025-06-22 08:52:00,M0039,OP0003,T00661,,,3.15,15.77,0.2,0.03,0.12,3.03,15.77,20.0,-21.1
2025-06-22 09:04:00,M0039,OP0003,T00661,,,3.15,15.77,0.2,0.04,0.12,3.03,15.77,20.0,-21.1
2025-06-22 09:16:00,M0039,OP0003,T00661,,,3.15,15.77,0.2,0.03,0.12,3.03,15.77,20.0,-21.1
2025-06-22 09:28:00,M0039,OP0003,T00661,,,3.15,15.77,0.2,0.04,0.12,3.03,15.77,20.0,-21.1
2025-06-22 09:40:00,M0039,OP0003,T00661,,,3.15,15.77,0.2,0.02,0.12,3.03,15.77,20.0,-21.1
2025-06-22 09:52:00,M0039,OP0003,T00661,,,3.15,15.77,0.2,0.02,0.12,3.03,15.77,20.0,-21.1
2025-06-22 10:04:00,M0039,OP0003,T00661,,,3.15,15.77,0.2,0.03,0.12,3.03,15.77,20.0,-21.1
2025-06-22 10:16:00,M0039,OP0003,T00661,,,3.15,15.77,0.2,0.03,0.12,3.03,15.77,20.0,-21.1
2025-06-22 10:28:00,M0039,OP0003,T00661,,,3.15,15.77,0.2,0.02,0.12,3.03,15.77,20.0,-21.1
2025-06-22 10:40:00,M0039,OP0003,T00661,,,3.15,15.77,0.2,0.03,0.12,3.03,15.77,20.0,-21.1
2025-06-22 10:52:00,M0039,OP0003,T00661,,,3.15,15.77,0.2,0.03,0.12,3.03,15.77,20.0,-21.1
2025-06-22 11:04:00,M0039,OP0003,T00661,,,3.15,15.77,0.2,0.03,0.12,3.03,15.77,20.0,-21.1
2025-06-22 11:16:00,M0039,OP0003,T00661,,,3.15,15.77,0.2,0.03,0.12,3.03,15.77,20.0,-21.1
2025-06-22 11:28:00,M0039,OP0003,T00661,,,3.15,15.77,0.2,0.04,0.12,3.03,15.77,20.0,-21.1
2025-06-22 11:40:00,M0039,OP0003,T00661,,,3.15,15.77,0.2,0.04,0.12,3.03,15.77,20.0,-21.1
2025-06-22 11:52:00,M0039,OP0003,T00661,,,3.15,15.77,0.2,0.03,0.12,3.03,15.77,20.0,-21.1
2025-06-22 12:04:00,M0039,OP0003,T00661,,,3.15,15.77,0.2,0.03,0.12,3.03,15.77,20.0,-21.1
2025-06-22 12:16:00,M0039,OP0003,T00661,,,3.15,15.77,0.2,0.03,0.12,3.03,15.77,20.0,-21.1
2025-06-22 12:28:00,M0039,OP0003,T00661,,,3.15,15.77,0.2,0.03,0.12,3.03,15.77,20.0,-21.1
2025-08-02 09:46:00,M0020,OP0024,T00662,227.3,,1.68,8.42,0.2,0.04,0.09,1.6,8.42,10.5,-19.8
2025-08-02 09:58:00,M0020,OP0024,T00662,,,1.68,8.42,0.2,0.04,0.09,1.6,8.42,10.5,-19.8
2025-08-02 10:10:00,M0020,OP0024,T00662,,,1.68,8.42,0.2,0.04,0.09,1.6,8.42,10.5,-19.8
2025-08-02 10:22:00,M0020,OP0024,T00662,,,1.68,8.42,0.2,0.03,0.09,1.6,8.42,10.5,-19.8
2025-08-02 10:34:00,M0020,OP0024,T00662,,,1.68,8.42,0.2,0.04,0.09,1.6,8.42,10.5,-19.8
2025-08-02 10:46:00,M0020,OP0024,T00662,,,1.68,8.42,0.2,0.02,0.09,1.6,8.42,10.5,-19.8
2025-08-02 10:58:00,M0020,OP0024,T00662,,,1.68,8.42,0.2,0.04,0.09,1.6,8.42,10.5,-19.8
2025-08-02 11:10:00,M0020,OP0024,T00662,,,1.68,8.42,0.2,0.03,0.09,1.6,8.42,10.5,-19.8
2025-08-02 11:22:00,M0020,OP0024,T00662,,,1.68,8.42,0.2,0.04,0.09,1.6,8.42,10.5,-19.8
2025-08-02 11:34:00,M0020,OP0024,T00662,,,1.68,8.42,0.2,0.04,0.09,1.6,8.42,10.5,-19.8
2025-08-02 11:46:00,M0020,OP0024,T00662,,,1.68,8.42,0.2,0.04,0.09,1.6,8.42,10.5,-19.8
2025-08-02 11:58:00,M0020,OP0024,T00662,,,1.68,8.42,0.2,0.03,0.09,1.6,8.42,10.5,-19.8
2025-08-02 12:10:00,M0020,OP0024,T00662,,,1.68,8.42,0.2,0.04,0.09,1.6,8.42,10.5,-19.8
2025-08-02 12:22:00,M0020,OP0024,T00662,,,1.68,8.42,0.2,0.03,0.09,1.6,8.42,10.5,-19.8
2025-08-02 12:34:00,M0020,OP0024,T00662,,,1.68,8.42,0.2,0.04,0.09,1.6,8.42,10.5,-19.8
2025-08-02 12:46:00,M0020,OP0024,T00662,,,1.68,8.42,0.2,0.03,0.09,1.6,8.42,10.5,-19.8
2025-08-02 12:58:00,M0020,OP0024,T00662,,,1.68,8.42,0.2,0.03,0.09,1.6,8.42,10.5,-19.8
2025-08-02 13:10:00,M0020,OP0024,T00662,,,1.68,8.42,0.2,0.03,0.09,1.6,8.42,10.5,-19.8
2025-08-02 13:22:00,M0020,OP0024,T00662,,,1.68,8.42,0.2,0.04,0.09,1.6,8.42,10.5,-19.8
2025-08-02 13:34:00,M0020,OP0024,T00662,,,1.68,8.42,0.2,0.02,0.09,1.6,8.42,10.5,-19.8
2025-01-25 06:25:00,M0042,OP0040,T00663,417.5,,3.69,18.44,0.2,0.01,0.29,3.4,18.44,25.0,-26.2
2025-01-25 06:37:00,M0042,OP0040,T00663,,,3.69,18.44,0.2,0.01,0.29,3.4,18.44,25.0,-26.2
2025-01-25 06:49:00,M0042,OP0040,T00663,,,3.69,18.44,0.2,0.01,0.29,3.4,18.44,25.0,-26.2
2025-01-25 07:01:00,M0042,OP0040,T00663,,,3.69,18.44,0.2,0.02,0.29,3.4,18.44,25.0,-26.2
2025-01-25 07:13:00,M0042,OP0040,T00663,,,3.69,18.44,0.2,0.01,0.29,3.4,18.44,25.0,-26.2
2025-01-25 07:25:00,M0042,OP0040,T00663,,,3.69,18.44,0.2,0.01,0.29,3.4,18.44,25.0,-26.2
2025-01-25 07:37:00,M0042,OP0040,T00663,,,3.69,18.44,0.2,0.01,0.29,3.4,18.44,25.0,-26.2
2025-01-25 07:49:00,M0042,OP0040,T00663,,,3.69,18.44,0.2,0.01,0.29,3.4,18.44,25.0,-26.2
2025-01-25 08:01:00,M0042,OP0040,T00663,,,3.69,18.44,0.2,0.01,0.29,3.4,18.44,25.0,-26.2
2025-01-25 08:13:00,M0042,OP0040,T00663,,,3.69,18.44,0.2,0.01,0.29,3.4,18.44,25.0,-26.2
2025-01-25 08:25:00,M0042,OP0040,T00663,,,3.69,18.44,0.2,0.01,0.29,3.4,18.44,25.0,-26.2
2025-01-25 08:37:00,M0042,OP0040,T00663,,,3.69,18.44,0.2,0.01,0.29,3.4,18.44,25.0,-26.2
2025-01-25 08:49:00,M0042,OP0040,T00663,,,3.69,18.44,0.2,0.01,0.29,3.4,18.44,25.0,-26.2
2025-01-25 09:01:00,M0042,OP0040,T00663,,,3.69,18.44,0.2,0.01,0.29,3.4,18.44,25.0,-26.2
2025-01-25 09:13:00,M0042,OP0040,T00663,,,3.69,18.44,0.2,0.02,0.29,3.4,18.44,25.0,-26.2
2025-01-25 09:25:00,M0042,OP0040,T00663,,,3.69,18.44,0.2,0.01,0.29,3.4,18.44,25.0,-26.2
2025-01-25 09:37:00,M0042,OP0040,T00663,,,3.69,18.44,0.2,0.01,0.29,3.4,18.44,25.0,-26.2
2025-01-25 09:49:00,M0042,OP0040,T00663,,,3.69,18.44,0.2,0.01,0.29,3.4,18.44,25.0,-26.2
2025-01-25 10:01:00,M0042,OP0040,T00663,,,3.69,18.44,0.2,0.02,0.29,3.4,18.44,25.0,-26.2
2025-01-25 10:13:00,M0042,OP0040,T00663,,,3.69,18.44,0.2,0.01,0.29,3.4,18.44,25.0,-26.2
2025-06-22 11:21:00,M0013,OP0028,T00664,133.1,,1.4,7.02,0.2,0.05,0.08,1.32,7.02,10.5,-33.1
2025-06-22 11:33:00,M0013,OP0028,T00664,,,1.4,7.02,0.2,0.05,0.08,1.32,7.02,10.5,-33.1
2025-06-22 11:45:00,M0013,OP0028,T00664,,,1.4,7.02,0.2,0.03,0.08,1.32,7.02,10.5,-33.1
2025-06-22 11:57:00,M0013,OP0028,T00664,,,1.4,7.02,0.2,0.04,0.08,1.32,7.02,10.5,-33.1
2025-06-22 12:09:00,M0013,OP0028,T00664,,,1.4,7.02,0.2,0.04,0.08,1.32,7.02,10.5,-33.1
2025-06-22 12:21:00,M0013,OP0028,T00664,,,1.4,7.02,0.2,0.05,0.08,1.32,7.02,10.5,-33.1
2025-06-22 12:33:00,M0013,OP0028,T00664,,,1.4,7.02,0.2,0.04,0.08,1.32,7.02,10.5,-33.1
2025-06-22 12:45:00,M0013,OP0028,T00664,,,1.4,7.02,0.2,0.03,0.08,1.32,7.02,10.5,-33.1
2025-06-22 12:57:00,M0013,OP0028,T00664,,,1.4,7.02,0.2,0.03,0.08,1.32,7.02,10.5,-33.1
2025-06-22 13:09:00,M0013,OP0028,T00664,,,1.4,7.02,0.2,0.04,0.08,1.32,7.02,10.5,-33.1
2025-06-22 13:21:00,M0013,OP0028,T00664,,,1.4,7.02,0.2,0.04,0.08,1.32,7.02,10.5,-33.1
2025-06-22 13:33:00,M0013,OP0028,T00664,,,1.4,7.02,0.2,0.05,0.08,1.32,7.02,10.5,-33.1
2025-06-22 13:45:00,M0013,OP0028,T00664,,,1.4,7.02,0.2,0.03,0.08,1.32,7.02,10.5,-33.1
2025-06-22 13:57:00,M0013,OP0028,T00664,,,1.4,7.02,0.2,0.05,0.08,1.32,7.02,10.5,-33.1
2025-06-22 14:09:00,M0013,OP0028,T00664,,,1.4,7.02,0.2,0.05,0.08,1.32,7.02,10.5,-33.1
2025-06-22 14:21:00,M0013,OP0028,T00664,,,1.4,7.02,0.2,0.04,0.08,1.32,7.02,10.5,-33.1
2025-06-22 14:33:00,M0013,OP0028,T00664,,,1.4,7.02,0.2,0.05,0.08,1.32,7.02,10.5,-33.1
2025-06-22 14:45:00,M0013,OP0028,T00664,,,1.4,7.02,0.2,0.05,0.08,1.32,7.02,10.5,-33.1
2025-06-22 14:57:00,M0013,OP0028,T00664,,,1.4,7.02,0.2,0.05,0.08,1.32,7.02,10.5,-33.1
2025-06-22 15:09:00,M0013,OP0028,T00664,,,1.4,7.02,0.2,0.05,0.08,1.32,7.02,10.5,-33.1
2025-03-19 14:30:00,M0025,OP0019,T00665,398.0,,3.04,15.19,0.2,0.02,0.12,2.92,15.19,19.5,-22.1
2025-03-19 14:42:00,M0025,OP0019,T00665,,,3.04,15.19,0.2,0.03,0.12,2.92,15.19,19.5,-22.1
2025-03-19 14:54:00,M0025,OP0019,T00665,,,3.04,15.19,0.2,0.02,0.12,2.92,15.19,19.5,-22.1
2025-03-19 15:06:00,M0025,OP0019,T00665,,,3.04,15.19,0.2,0.03,0.12,2.92,15.19,19.5,-22.1
2025-03-19 15:18:00,M0025,OP0019,T00665,,,3.04,15.19,0.2,0.03,0.12,2.92,15.19,19.5,-22.1
2025-03-19 15:30:00,M0025,OP0019,T00665,,,3.04,15.19,0.2,0.02,0.12,2.92,15.19,19.5,-22.1
2025-03-19 15:42:00,M0025,OP0019,T00665,,,3.04,15.19,0.2,0.03,0.12,2.92,15.19,19.5,-22.1
2025-03-19 15:54:00,M0025,OP0019,T00665,,,3.04,15.19,0.2,0.02,0.12,2.92,15.19,19.5,-22.1
2025-03-19 16:06:00,M0025,OP0019,T00665,,,3.04,15.19,0.2,0.03,0.12,2.92,15.19,19.5,-22.1
2025-03-19 16:18:00,M0025,OP0019,T00665,,,3.04,15.19,0.2,0.03,0.12,2.92,15.19,19.5,-22.1
2025-03-19 16:30:00,M0025,OP0019,T00665,,,3.04,15.19,0.2,0.03,0.12,2.92,15.19,19.5,-22.1
2025-03-19 16:42:00,M0025,OP0019,T00665,,,3.04,15.19,0.2,0.04,0.12,2.92,15.19,19.5,-22.1
2025-03-19 16:54:00,M0025,OP0019,T00665,,,3.04,15.19,0.2,0.04,0.12,2.92,15.19,19.5,-22.1
2025-03-19 17:06:00,M0025,OP0019,T00665,,,3.04,15.19,0.2,0.02,0.12,2.92,15.19,19.5,-22.1
2025-03-19 17:18:00,M0025,OP0019,T00665,,,3.04,15.19,0.2,0.03,0.12,2.92,15.19,19.5,-22.1
2025-03-19 17:30:00,M0025,OP0019,T00665,,,3.04,15.19,0.2,0.03,0.12,2.92,15.19,19.5,-22.1
2025-03-19 17:42:00,M0025,OP0019,T00665,,,3.04,15.19,0.2,0.04,0.12,2.92,15.19,19.5,-22.1
2025-03-19 17:54:00,M0025,OP0019,T00665,,,3.04,15.19,0.2,0.03,0.12,2.92,15.19,19.5,-22.1
2025-03-19 18:06:00,M0025,OP0019,T00665,,,3.04,15.19,0.2,0.04,0.12,2.92,15.19,19.5,-22.1
2025-03-19 18:18:00,M0025,OP0019,T00665,,,3.04,15.19,0.2,0.04,0.12,2.92,15.19,19.5,-22.1
2025-04-12 12:32:00,M0016,OP0019,T00668,211.1,,1.72,8.58,0.2,0.04,0.12,1.59,8.58,12.0,-28.5
2025-04-12 12:44:00,M0016,OP0019,T00668,,,1.72,8.58,0.2,0.04,0.12,1.59,8.58,12.0,-28.5
2025-04-12 12:56:00,M0016,OP0019,T00668,,,1.72,8.58,0.2,0.05,0.12,1.59,8.58,12.0,-28.5
2025-04-12 13:08:00,M0016,OP0019,T00668,,,1.72,8.58,0.2,0.05,0.12,1.59,8.58,12.0,-28.5
2025-04-12 13:20:00,M0016,OP0019,T00668,,,1.72,8.58,0.2,0.04,0.12,1.59,8.58,12.0,-28.5
2025-04-12 13:32:00,M0016,OP0019,T00668,,,1.72,8.58,0.2,0.05,0.12,1.59,8.58,12.0,-28.5
2025-04-12 13:44:00,M0016,OP0019,T00668,,,1.72,8.58,0.2,0.04,0.12,1.59,8.58,12.0,-28.5
2025-04-12 13:56:00,M0016,OP0019,T00668,,,1.72,8.58,0.2,0.04,0.12,1.59,8.58,12.0,-28.5
2025-04-12 14:08:00,M0016,OP0019,T00668,,,1.72,8.58,0.2,0.05,0.12,1.59,8.58,12.0,-28.5
2025-04-12 14:20:00,M0016,OP0019,T00668,,,1.72,8.58,0.2,0.04,0.12,1.59,8.58,12.0,-28.5
2025-04-12 14:32:00,M0016,OP0019,T00668,,,1.72,8.58,0.2,0.05,0.12,1.59,8.58,12.0,-28.5
2025-04-12 14:44:00,M0016,OP0019,T00668,,,1.72,8.58,0.2,0.04,0.12,1.59,8.58,12.0,-28.5
2025-04-12 14:56:00,M0016,OP0019,T00668,,,1.72,8.58,0.2,0.05,0.12,1.59,8.58,12.0,-28.5
2025-04-12 15:08:00,M0016,OP0019,T00668,,,1.72,8.58,0.2,0.05,0.12,1.59,8.58,12.0,-28.5
2025-04-12 15:20:00,M0016,OP0019,T00668,,,1.72,8.58,0.2,0.05,0.12,1.59,8.58,12.0,-28.5
2025-04-12 15:32:00,M0016,OP0019,T00668,,,1.72,8.58,0.2,0.03,0.12,1.59,8.58,12.0,-28.5
2025-04-12 15:44:00,M0016,OP0019,T00668,,,1.43,8.58,0.17,0.04,0.1,1.33,8.58,12.0,-28.5
2025-05-22 15:21:00,M0004,OP0012,T00670,367.6,,2.36,11.8,0.2,0.03,0.09,2.27,11.8,14.5,-18.6
2025-05-22 15:33:00,M0004,OP0012,T00670,,,2.36,11.8,0.2,0.03,0.09,2.27,11.8,14.5,-18.6
2025-05-22 15:45:00,M0004,OP0012,T00670,,,2.36,11.8,0.2,0.03,0.09,2.27,11.8,14.5,-18.6
2025-05-22 15:57:00,M0004,OP0012,T00670,,,2.36,11.8,0.2,0.02,0.09,2.27,11.8,14.5,-18.6
2025-05-22 16:09:00,M0004,OP0012,T00670,,,2.36,11.8,0.2,0.02,0.09,2.27,11.8,14.5,-18.6
2025-05-22 16:21:00,M0004,OP0012,T00670,,,2.36,11.8,0.2,0.03,0.09,2.27,11.8,14.5,-18.6
2025-05-22 16:33:00,M0004,OP0012,T00670,,,2.36,11.8,0.2,0.03,0.09,2.27,11.8,14.5,-18.6
2025-05-22 16:45:00,M0004,OP0012,T00670,,,2.16,11.8,0.18,0.02,0.08,2.08,11.8,14.5,-18.6
2025-07-23 07:39:00,M0029,OP0010,T00673,446.3,,4.68,23.38,0.2,0.01,0.17,4.5,23.38,25.0,-6.5
2025-07-23 07:51:00,M0029,OP0010,T00673,,,4.68,23.38,0.2,0.01,0.17,4.5,23.38,25.0,-6.5
2025-07-23 08:03:00,M0029,OP0010,T00673,,,4.68,23.38,0.2,0.01,0.17,4.5,23.38,25.0,-6.5
2025-07-23 08:15:00,M0029,OP0010,T00673,,,4.68,23.38,0.2,0.01,0.17,4.5,23.38,25.0,-6.5
2025-07-23 08:27:00,M0029,OP0010,T00673,,,4.68,23.38,0.2,0.01,0.17,4.5,23.38,25.0,-6.5
2025-07-23 08:39:00,M0029,OP0010,T00673,,,4.68,23.38,0.2,0.01,0.17,4.5,23.38,25.0,-6.5
2025-07-23 08:51:00,M0029,OP0010,T00673,,,4.68,23.38,0.2,0.01,0.17,4.5,23.38,25.0,-6.5
2025-07-23 09:03:00,M0029,OP0010,T00673,,,4.68,23.38,0.2,0.01,0.17,4.5,23.38,25.0,-6.5
2025-07-23 09:15:00,M0029,OP0010,T00673,,,4.68,23.38,0.2,0.01,0.17,4.5,23.38,25.0,-6.5
2025-07-23 09:27:00,M0029,OP0010,T00673,,,4.68,23.38,0.2,0.01,0.17,4.5,23.38,25.0,-6.5
2025-07-23 09:39:00,M0029,OP0010,T00673,,,4.68,23.38,0.2,0.01,0.17,4.5,23.38,25.0,-6.5
2025-07-23 09:51:00,M0029,OP0010,T00673,,,4.68,23.38,0.2,0.01,0.17,4.5,23.38,25.0,-6.5
2025-07-23 10:03:00,M0029,OP0010,T00673,,,4.68,23.38,0.2,0.01,0.17,4.5,23.38,25.0,-6.5
2025-07-23 10:15:00,M0029,OP0010,T00673,,,4.68,23.38,0.2,0.01,0.17,4.5,23.38,25.0,-6.5
2025-07-23 10:27:00,M0029,OP0010,T00673,,,4.68,23.38,0.2,0.01,0.17,4.5,23.38,25.0,-6.5
2025-07-23 10:39:00,M0029,OP0010,T00673,,,4.68,23.38,0.2,0.01,0.17,4.5,23.38,25.0,-6.5
2025-07-23 10:51:00,M0029,OP0010,T00673,,,4.68,23.38,0.2,0.01,0.17,4.5,23.38,25.0,-6.5
2025-07-23 11:03:00,M0029,OP0010,T00673,,,4.68,23.38,0.2,0.01,0.17,4.5,23.38,25.0,-6.5
2025-07-23 11:15:00,M0029,OP0010,T00673,,,4.68,23.38,0.2,0.01,0.17,4.5,23.38,25.0,-6.5
2025-07-23 11:27:00,M0029,OP0010,T00673,,,4.68,23.38,0.2,0.01,0.17,4.5,23.38,25.0,-6.5
2025-08-20 15:56:00,M0001,OP0028,T00676,625.5,,2.84,14.18,0.2,0.04,0.11,2.72,14.18,20.0,-29.1
2025-08-20 16:08:00,M0001,OP0028,T00676,,,2.84,14.18,0.2,0.04,0.11,2.72,14.18,20.0,-29.1
2025-08-20 16:20:00,M0001,OP0028,T00676,,,2.84,14.18,0.2,0.05,0.11,2.72,14.18,20.0,-29.1
2025-08-20 16:32:00,M0001,OP0028,T00676,,,2.84,14.18,0.2,0.04,0.11,2.72,14.18,20.0,-29.1
2025-08-20 16:44:00,M0001,OP0028,T00676,,,2.84,14.18,0.2,0.05,0.11,2.72,14.18,20.0,-29.1
2025-08-20 16:56:00,M0001,OP0028,T00676,,,2.84,14.18,0.2,0.06,0.11,2.72,14.18,20.0,-29.1
2025-08-20 17:08:00,M0001,OP0028,T00676,,,2.84,14.18,0.2,0.06,0.11,2.72,14.18,20.0,-29.1
2025-08-20 17:20:00,M0001,OP0028,T00676,,,2.84,14.18,0.2,0.06,0.11,2.72,14.18,20.0,-29.1
2025-08-20 17:32:00,M0001,OP0028,T00676,,,2.84,14.18,0.2,0.05,0.11,2.72,14.18,20.0,-29.1
2025-08-20 17:44:00,M0001,OP0028,T00676,,,2.84,14.18,0.2,0.04,0.11,2.72,14.18,20.0,-29.1
2025-08-20 17:56:00,M0001,OP0028,T00676,,,2.84,14.18,0.2,0.04,0.11,2.72,14.18,20.0,-29.1
2025-08-20 18:08:00,M0001,OP0028,T00676,,,2.84,14.18,0.2,0.04,0.11,2.72,14.18,20.0,-29.1
2025-08-20 18:20:00,M0001,OP0028,T00676,,,2.84,14.18,0.2,0.05,0.11,2.72,14.18,20.0,-29.1
2025-08-20 18:32:00,M0001,OP0028,T00676,,,2.84,14.18,0.2,0.04,0.11,2.72,14.18,20.0,-29.1
2025-08-20 18:44:00,M0001,OP0028,T00676,,,2.84,14.18,0.2,0.03,0.11,2.72,14.18,20.0,-29.1
2025-08-20 18:56:00,M0001,OP0028,T00676,,,2.84,14.18,0.2,0.06,0.11,2.72,14.18,20.0,-29.1
2025-08-20 19:08:00,M0001,OP0028,T00676,,,2.84,14.18,0.2,0.04,0.11,2.72,14.18,20.0,-29.1
2025-08-20 19:20:00,M0001,OP0028,T00676,,,2.84,14.18,0.2,0.04,0.11,2.72,14.18,20.0,-29.1
2025-08-20 19:32:00,M0001,OP0028,T00676,,,2.84,14.18,0.2,0.05,0.11,2.72,14.18,20.0,-29.1
2025-08-20 19:44:00,M0001,OP0028,T00676,,,2.84,14.18,0.2,0.05,0.11,2.72,14.18,20.0,-29.1
2025-04-12 11:56:00,M0020,OP0034,T00677,143.1,,1.5,7.49,0.2,0.05,0.08,1.41,7.49,10.5,-28.6
2025-04-12 12:08:00,M0020,OP0034,T00677,,,1.5,7.49,0.2,0.03,0.08,1.41,7.49,10.5,-28.6
2025-04-12 12:20:00,M0020,OP0034,T00677,,,1.5,7.49,0.2,0.04,0.08,1.41,7.49,10.5,-28.6
2025-04-12 12:32:00,M0020,OP0034,T00677,,,1.5,7.49,0.2,0.03,0.08,1.41,7.49,10.5,-28.6
2025-04-12 12:44:00,M0020,OP0034,T00677,,,1.5,7.49,0.2,0.03,0.08,1.41,7.49,10.5,-28.6
2025-04-12 12:56:00,M0020,OP0034,T00677,,,1.5,7.49,0.2,0.04,0.08,1.41,7.49,10.5,-28.6
2025-04-12 13:08:00,M0020,OP0034,T00677,,,1.5,7.49,0.2,0.05,0.08,1.41,7.49,10.5,-28.6
2025-04-12 13:20:00,M0020,OP0034,T00677,,,1.5,7.49,0.2,0.05,0.08,1.41,7.49,10.5,-28.6
2025-04-12 13:32:00,M0020,OP0034,T00677,,,1.5,7.49,0.2,0.05,0.08,1.41,7.49,10.5,-28.6
2025-04-12 13:44:00,M0020,OP0034,T00677,,,1.5,7.49,0.2,0.03,0.08,1.41,7.49,10.5,-28.6
2025-04-12 13:56:00,M0020,OP0034,T00677,,,0.5,7.49,0.07,0.02,0.03,0.47,7.49,10.5,-28.6
2025-03-22 10:15:00,M0027,OP0037,T00679,268.9,,3.66,18.31,0.2,0.02,0.28,3.38,18.31,20.0,-8.4
2025-03-22 10:27:00,M0027,OP0037,T00679,,,3.66,18.31,0.2,0.02,0.28,3.38,18.31,20.0,-8.4
2025-03-22 10:39:00,M0027,OP0037,T00679,,,3.66,18.31,0.2,0.02,0.28,3.38,18.31,20.0,-8.4
2025-03-22 10:51:00,M0027,OP0037,T00679,,,3.66,18.31,0.2,0.01,0.28,3.38,18.31,20.0,-8.4
2025-03-22 11:03:00,M0027,OP0037,T00679,,,3.66,18.31,0.2,0.02,0.28,3.38,18.31,20.0,-8.4
2025-03-22 11:15:00,M0027,OP0037,T00679,,,3.66,18.31,0.2,0.02,0.28,3.38,18.31,20.0,-8.4
2025-03-22 11:27:00,M0027,OP0037,T00679,,,3.66,18.31,0.2,0.03,0.28,3.38,18.31,20.0,-8.4
2025-03-22 11:39:00,M0027,OP0037,T00679,,,3.66,18.31,0.2,0.02,0.28,3.38,18.31,20.0,-8.4
2025-03-22 11:51:00,M0027,OP0037,T00679,,,3.66,18.31,0.2,0.02,0.28,3.38,18.31,20.0,-8.4
2025-03-22 12:03:00,M0027,OP0037,T00679,,,3.66,18.31,0.2,0.03,0.28,3.38,18.31,20.0,-8.4
2025-03-22 12:15:00,M0027,OP0037,T00679,,,3.66,18.31,0.2,0.02,0.28,3.38,18.31,20.0,-8.4
2025-03-22 12:27:00,M0027,OP0037,T00679,,,3.66,18.31,0.2,0.02,0.28,3.38,18.31,20.0,-8.4
2025-03-22 12:39:00,M0027,OP0037,T00679,,,3.66,18.31,0.2,0.03,0.28,3.38,18.31,20.0,-8.4
2025-03-22 12:51:00,M0027,OP0037,T00679,,,3.66,18.31,0.2,0.02,0.28,3.38,18.31,20.0,-8.4
2025-03-22 13:03:00,M0027,OP0037,T00679,,,3.66,18.31,0.2,0.02,0.28,3.38,18.31,20.0,-8.4
2025-03-22 13:15:00,M0027,OP0037,T00679,,,3.66,18.31,0.2,0.02,0.28,3.38,18.31,20.0,-8.4
2025-03-22 13:27:00,M0027,OP0037,T00679,,,3.66,18.31,0.2,0.02,0.28,3.38,18.31,20.0,-8.4
2025-03-22 13:39:00,M0027,OP0037,T00679,,,3.66,18.31,0.2,0.03,0.28,3.38,18.31,20.0,-8.4
2025-03-22 13:51:00,M0027,OP0037,T00679,,,3.66,18.31,0.2,0.02,0.28,3.38,18.31,20.0,-8.4
2025-03-22 14:03:00,M0027,OP0037,T00679,,,3.66,18.31,0.2,0.03,0.28,3.38,18.31,20.0,-8.4
2025-05-04 12:31:00,M0027,OP0014,T00681,329.4,,3.01,15.04,0.2,0.04,0.18,2.82,15.04,20.0,-24.8
2025-05-04 12:43:00,M0027,OP0014,T00681,,,3.01,15.04,0.2,0.04,0.18,2.82,15.04,20.0,-24.8
2025-05-04 12:55:00,M0027,OP0014,T00681,,,3.01,15.04,0.2,0.03,0.18,2.82,15.04,20.0,-24.8
2025-05-04 13:07:00,M0027,OP0014,T00681,,,3.01,15.04,0.2,0.05,0.18,2.82,15.04,20.0,-24.8
2025-05-04 13:19:00,M0027,OP0014,T00681,,,3.01,15.04,0.2,0.05,0.18,2.82,15.04,20.0,-24.8
2025-05-04 13:31:00,M0027,OP0014,T00681,,,3.01,15.04,0.2,0.04,0.18,2.82,15.04,20.0,-24.8
2025-05-04 13:43:00,M0027,OP0014,T00681,,,3.01,15.04,0.2,0.04,0.18,2.82,15.04,20.0,-24.8
2025-05-04 13:55:00,M0027,OP0014,T00681,,,3.01,15.04,0.2,0.03,0.18,2.82,15.04,20.0,-24.8
2025-05-04 14:07:00,M0027,OP0014,T00681,,,3.01,15.04,0.2,0.04,0.18,2.82,15.04,20.0,-24.8
2025-05-04 14:19:00,M0027,OP0014,T00681,,,3.01,15.04,0.2,0.04,0.18,2.82,15.04,20.0,-24.8
2025-05-04 14:31:00,M0027,OP0014,T00681,,,3.01,15.04,0.2,0.03,0.18,2.82,15.04,20.0,-24.8
2025-05-04 14:43:00,M0027,OP0014,T00681,,,3.01,15.04,0.2,0.05,0.18,2.82,15.04,20.0,-24.8
2025-05-04 14:55:00,M0027,OP0014,T00681,,,3.01,15.04,0.2,0.03,0.18,2.82,15.04,20.0,-24.8
2025-05-04 15:07:00,M0027,OP0014,T00681,,,3.01,15.04,0.2,0.05,0.18,2.82,15.04,20.0,-24.8
2025-05-04 15:19:00,M0027,OP0014,T00681,,,3.01,15.04,0.2,0.04,0.18,2.82,15.04,20.0,-24.8
2025-05-04 15:31:00,M0027,OP0014,T00681,,,3.01,15.04,0.2,0.04,0.18,2.82,15.04,20.0,-24.8
2025-05-04 15:43:00,M0027,OP0014,T00681,,,3.01,15.04,0.2,0.05,0.18,2.82,15.04,20.0,-24.8
2025-05-04 15:55:00,M0027,OP0014,T00681,,,3.01,15.04,0.2,0.04,0.18,2.82,15.04,20.0,-24.8
2025-05-04 16:07:00,M0027,OP0014,T00681,,,3.01,15.04,0.2,0.04,0.18,2.82,15.04,20.0,-24.8
2025-05-04 16:19:00,M0027,OP0014,T00681,,,3.01,15.04,0.2,0.04,0.18,2.82,15.04,20.0,-24.8
2025-01-25 06:40:00,M0003,OP0034,T00682,744.7,,3.53,17.64,0.2,0.02,0.23,3.3,17.64,25.0,-29.4
2025-01-25 06:52:00,M0003,OP0034,T00682,,,3.53,17.64,0.2,0.02,0.23,3.3,17.64,25.0,-29.4
2025-01-25 07:04:00,M0003,OP0034,T00682,,,3.53,17.64,0.2,0.01,0.23,3.3,17.64,25.0,-29.4
2025-01-25 07:16:00,M0003,OP0034,T00682,,,3.53,17.64,0.2,0.02,0.23,3.3,17.64,25.0,-29.4
2025-01-25 07:28:00,M0003,OP0034,T00682,,,3.53,17.64,0.2,0.02,0.23,3.3,17.64,25.0,-29.4
2025-01-25 07:40:00,M0003,OP0034,T00682,,,3.53,17.64,0.2,0.02,0.23,3.3,17.64,25.0,-29.4
2025-01-25 07:52:00,M0003,OP0034,T00682,,,3.53,17.64,0.2,0.01,0.23,3.3,17.64,25.0,-29.4
2025-01-25 08:04:00,M0003,OP0034,T00682,,,3.53,17.64,0.2,0.02,0.23,3.3,17.64,25.0,-29.4
2025-01-25 08:16:00,M0003,OP0034,T00682,,,3.53,17.64,0.2,0.01,0.23,3.3,17.64,25.0,-29.4
2025-01-25 08:28:00,M0003,OP0034,T00682,,,3.53,17.64,0.2,0.01,0.23,3.3,17.64,25.0,-29.4
2025-01-25 08:40:00,M0003,OP0034,T00682,,,3.53,17.64,0.2,0.02,0.23,3.3,17.64,25.0,-29.4
2025-01-25 08:52:00,M0003,OP0034,T00682,,,3.53,17.64,0.2,0.02,0.23,3.3,17.64,25.0,-29.4
2025-01-25 09:04:00,M0003,OP0034,T00682,,,3.53,17.64,0.2,0.01,0.23,3.3,17.64,25.0,-29.4
2025-01-25 09:16:00,M0003,OP0034,T00682,,,3.53,17.64,0.2,0.02,0.23,3.3,17.64,25.0,-29.4
2025-01-25 09:28:00,M0003,OP0034,T00682,,,3.53,17.64,0.2,0.02,0.23,3.3,17.64,25.0,-29.4
2025-01-25 09:40:00,M0003,OP0034,T00682,,,3.53,17.64,0.2,0.02,0.23,3.3,17.64,25.0,-29.4
2025-01-25 09:52:00,M0003,OP0034,T00682,,,3.53,17.64,0.2,0.02,0.23,3.3,17.64,25.0,-29.4
2025-01-25 10:04:00,M0003,OP0034,T00682,,,3.53,17.64,0.2,0.02,0.23,3.3,17.64,25.0,-29.4
2025-01-25 10:16:00,M0003,OP0034,T00682,,,3.53,17.64,0.2,0.02,0.23,3.3,17.64,25.0,-29.4
2025-01-25 10:28:00,M0003,OP0034,T00682,,,3.53,17.64,0.2,0.02,0.23,3.3,17.64,25.0,-29.4
2025-01-17 11:54:00,M0003,OP0046,T00683,784.0,,3.54,17.71,0.2,0.04,0.29,3.25,17.71,25.0,-29.2
2025-01-17 12:06:00,M0003,OP0046,T00683,,,3.54,17.71,0.2,0.05,0.29,3.25,17.71,25.0,-29.2
2025-01-17 12:18:00,M0003,OP0046,T00683,,,3.54,17.71,0.2,0.06,0.29,3.25,17.71,25.0,-29.2
2025-01-17 12:30:00,M0003,OP0046,T00683,,,3.54,17.71,0.2,0.05,0.29,3.25,17.71,25.0,-29.2
2025-01-17 12:42:00,M0003,OP0046,T00683,,,3.54,17.71,0.2,0.05,0.29,3.25,17.71,25.0,-29.2
2025-01-17 12:54:00,M0003,OP0046,T00683,,,3.54,17.71,0.2,0.04,0.29,3.25,17.71,25.0,-29.2
2025-01-17 13:06:00,M0003,OP0046,T00683,,,3.54,17.71,0.2,0.05,0.29,3.25,17.71,25.0,-29.2
2025-01-17 13:18:00,M0003,OP0046,T00683,,,3.54,17.71,0.2,0.06,0.29,3.25,17.71,25.0,-29.2
2025-01-17 13:30:00,M0003,OP0046,T00683,,,3.54,17.71,0.2,0.04,0.29,3.25,17.71,25.0,-29.2
2025-01-17 13:42:00,M0003,OP0046,T00683,,,3.54,17.71,0.2,0.04,0.29,3.25,17.71,25.0,-29.2
2025-01-17 13:54:00,M0003,OP0046,T00683,,,3.54,17.71,0.2,0.05,0.29,3.25,17.71,25.0,-29.2
2025-01-17 14:06:00,M0003,OP0046,T00683,,,3.54,17.71,0.2,0.03,0.29,3.25,17.71,25.0,-29.2
2025-01-17 14:18:00,M0003,OP0046,T00683,,,3.54,17.71,0.2,0.04,0.29,3.25,17.71,25.0,-29.2
2025-01-17 14:30:00,M0003,OP0046,T00683,,,3.54,17.71,0.2,0.05,0.29,3.25,17.71,25.0,-29.2
2025-01-17 14:42:00,M0003,OP0046,T00683,,,3.54,17.71,0.2,0.06,0.29,3.25,17.71,25.0,-29.2
2025-01-17 14:54:00,M0003,OP0046,T00683,,,3.54,17.71,0.2,0.04,0.29,3.25,17.71,25.0,-29.2
2025-01-17 15:06:00,M0003,OP0046,T00683,,,3.54,17.71,0.2,0.03,0.29,3.25,17.71,25.0,-29.2
2025-01-17 15:18:00,M0003,OP0046,T00683,,,3.54,17.71,0.2,0.03,0.29,3.25,17.71,25.0,-29.2
2025-01-17 15:30:00,M0003,OP0046,T00683,,,3.54,17.71,0.2,0.04,0.29,3.25,17.71,25.0,-29.2
2025-01-17 15:42:00,M0003,OP0046,T00683,,,3.54,17.71,0.2,0.04,0.29,3.25,17.71,25.0,-29.2
2025-04-03 06:00:00,M0011,OP0030,T00684,147.6,,1.5,7.48,0.2,0.03,0.08,1.41,7.48,10.5,-28.7
2025-04-03 06:12:00,M0011,OP0030,T00684,,,1.5,7.48,0.2,0.03,0.08,1.41,7.48,10.5,-28.7
2025-04-03 06:24:00,M0011,OP0030,T00684,,,1.5,7.48,0.2,0.03,0.08,1.41,7.48,10.5,-28.7
2025-04-03 06:36:00,M0011,OP0030,T00684,,,1.5,7.48,0.2,0.03,0.08,1.41,7.48,10.5,-28.7
2025-04-03 06:48:00,M0011,OP0030,T00684,,,1.5,7.48,0.2,0.04,0.08,1.41,7.48,10.5,-28.7
2025-04-03 07:00:00,M0011,OP0030,T00684,,,1.5,7.48,0.2,0.03,0.08,1.41,7.48,10.5,-28.7
2025-04-03 07:12:00,M0011,OP0030,T00684,,,1.5,7.48,0.2,0.04,0.08,1.41,7.48,10.5,-28.7
2025-04-03 07:24:00,M0011,OP0030,T00684,,,1.5,7.48,0.2,0.03,0.08,1.41,7.48,10.5,-28.7
2025-04-03 07:36:00,M0011,OP0030,T00684,,,1.5,7.48,0.2,0.03,0.08,1.41,7.48,10.5,-28.7
2025-04-03 07:48:00,M0011,OP0030,T00684,,,1.5,7.48,0.2,0.03,0.08,1.41,7.48,10.5,-28.7
2025-04-03 08:00:00,M0011,OP0030,T00684,,,1.5,7.48,0.2,0.02,0.08,1.41,7.48,10.5,-28.7
2025-04-03 08:12:00,M0011,OP0030,T00684,,,1.5,7.48,0.2,0.03,0.08,1.41,7.48,10.5,-28.7
2025-04-03 08:24:00,M0011,OP0030,T00684,,,1.5,7.48,0.2,0.03,0.08,1.41,7.48,10.5,-28.7
2025-04-03 08:36:00,M0011,OP0030,T00684,,,1.5,7.48,0.2,0.02,0.08,1.41,7.48,10.5,-28.7
2025-04-03 08:48:00,M0011,OP0030,T00684,,,1.5,7.48,0.2,0.03,0.08,1.41,7.48,10.5,-28.7
2025-04-03 09:00:00,M0011,OP0030,T00684,,,1.5,7.48,0.2,0.04,0.08,1.41,7.48,10.5,-28.7
2025-04-03 09:12:00,M0011,OP0030,T00684,,,1.5,7.48,0.2,0.03,0.08,1.41,7.48,10.5,-28.7
2025-04-03 09:24:00,M0011,OP0030,T00684,,,1.5,7.48,0.2,0.03,0.08,1.41,7.48,10.5,-28.7
2025-04-03 09:36:00,M0011,OP0030,T00684,,,1.5,7.48,0.2,0.04,0.08,1.41,7.48,10.5,-28.7
2025-04-03 09:48:00,M0011,OP0030,T00684,,,1.5,7.48,0.2,0.02,0.08,1.41,7.48,10.5,-28.7
2025-05-04 07:33:00,M0031,OP0024,T00685,240.5,,2.76,13.78,0.2,0.03,0.22,2.53,13.78,19.5,-29.3
2025-05-04 07:45:00,M0031,OP0024,T00685,,,2.76,13.78,0.2,0.02,0.22,2.53,13.78,19.5,-29.3
2025-05-04 07:57:00,M0031,OP0024,T00685,,,2.76,13.78,0.2,0.03,0.22,2.53,13.78,19.5,-29.3
2025-05-04 08:09:00,M0031,OP0024,T00685,,,2.76,13.78,0.2,0.02,0.22,2.53,13.78,19.5,-29.3
2025-05-04 08:21:00,M0031,OP0024,T00685,,,2.76,13.78,0.2,0.03,0.22,2.53,13.78,19.5,-29.3
2025-05-04 08:33:00,M0031,OP0024,T00685,,,2.76,13.78,0.2,0.03,0.22,2.53,13.78,19.5,-29.3
2025-05-04 08:45:00,M0031,OP0024,T00685,,,2.76,13.78,0.2,0.03,0.22,2.53,13.78,19.5,-29.3
2025-05-04 08:57:00,M0031,OP0024,T00685,,,2.76,13.78,0.2,0.03,0.22,2.53,13.78,19.5,-29.3
2025-05-04 09:09:00,M0031,OP0024,T00685,,,2.76,13.78,0.2,0.03,0.22,2.53,13.78,19.5,-29.3
2025-05-04 09:21:00,M0031,OP0024,T00685,,,2.76,13.78,0.2,0.02,0.22,2.53,13.78,19.5,-29.3
2025-05-04 09:33:00,M0031,OP0024,T00685,,,2.76,13.78,0.2,0.03,0.22,2.53,13.78,19.5,-29.3
2025-05-04 09:45:00,M0031,OP0024,T00685,,,2.76,13.78,0.2,0.03,0.22,2.53,13.78,19.5,-29.3
2025-05-04 09:57:00,M0031,OP0024,T00685,,,2.76,13.78,0.2,0.03,0.22,2.53,13.78,19.5,-29.3
2025-05-04 10:09:00,M0031,OP0024,T00685,,,2.76,13.78,0.2,0.03,0.22,2.53,13.78,19.5,-29.3
2025-05-04 10:21:00,M0031,OP0024,T00685,,,2.76,13.78,0.2,0.03,0.22,2.53,13.78,19.5,-29.3
2025-05-04 10:33:00,M0031,OP0024,T00685,,,2.76,13.78,0.2,0.03,0.22,2.53,13.78,19.5,-29.3
2025-05-04 10:45:00,M0031,OP0024,T00685,,,2.76,13.78,0.2,0.02,0.22,2.53,13.78,19.5,-29.3
2025-05-04 10:57:00,M0031,OP0024,T00685,,,2.76,13.78,0.2,0.03,0.22,2.53,13.78,19.5,-29.3
2025-05-04 11:09:00,M0031,OP0024,T00685,,,2.76,13.78,0.2,0.02,0.22,2.53,13.78,19.5,-29.3
2025-05-04 11:21:00,M0031,OP0024,T00685,,,2.76,13.78,0.2,0.03,0.22,2.53,13.78,19.5,-29.3
2025-05-24 11:41:00,M0007,OP0040,T00686,192.2,,1.8,8.98,0.2,0.04,0.11,1.69,8.98,12.0,-25.2
2025-05-24 11:53:00,M0007,OP0040,T00686,,,1.8,8.98,0.2,0.04,0.11,1.69,8.98,12.0,-25.2
2025-05-24 12:05:00,M0007,OP0040,T00686,,,1.8,8.98,0.2,0.04,0.11,1.69,8.98,12.0,-25.2
2025-05-24 12:17:00,M0007,OP0040,T00686,,,1.8,8.98,0.2,0.04,0.11,1.69,8.98,12.0,-25.2
2025-05-24 12:29:00,M0007,OP0040,T00686,,,1.8,8.98,0.2,0.03,0.11,1.69,8.98,12.0,-25.2
2025-05-24 12:41:00,M0007,OP0040,T00686,,,1.8,8.98,0.2,0.04,0.11,1.69,8.98,12.0,-25.2
2025-05-24 12:53:00,M0007,OP0040,T00686,,,1.8,8.98,0.2,0.04,0.11,1.69,8.98,12.0,-25.2
2025-05-24 13:05:00,M0007,OP0040,T00686,,,1.8,8.98,0.2,0.03,0.11,1.69,8.98,12.0,-25.2
2025-05-24 13:17:00,M0007,OP0040,T00686,,,1.8,8.98,0.2,0.03,0.11,1.69,8.98,12.0,-25.2
2025-05-24 13:29:00,M0007,OP0040,T00686,,,1.8,8.98,0.2,0.03,0.11,1.69,8.98,12.0,-25.2
2025-05-24 13:41:00,M0007,OP0040,T00686,,,1.8,8.98,0.2,0.03,0.11,1.69,8.98,12.0,-25.2
2025-05-24 13:53:00,M0007,OP0040,T00686,,,1.8,8.98,0.2,0.04,0.11,1.69,8.98,12.0,-25.2
2025-05-24 14:05:00,M0007,OP0040,T00686,,,1.8,8.98,0.2,0.04,0.11,1.69,8.98,12.0,-25.2
2025-05-24 14:17:00,M0007,OP0040,T00686,,,1.8,8.98,0.2,0.04,0.11,1.69,8.98,12.0,-25.2
2025-05-24 14:29:00,M0007,OP0040,T00686,,,1.8,8.98,0.2,0.02,0.11,1.69,8.98,12.0,-25.2
2025-05-24 14:41:00,M0007,OP0040,T00686,,,1.8,8.98,0.2,0.03,0.11,1.69,8.98,12.0,-25.2
2025-05-24 14:53:00,M0007,OP0040,T00686,,,1.8,8.98,0.2,0.03,0.11,1.69,8.98,12.0,-25.2
2025-05-24 15:05:00,M0007,OP0040,T00686,,,1.8,8.98,0.2,0.04,0.11,1.69,8.98,12.0,-25.2
2025-05-24 15:17:00,M0007,OP0040,T00686,,,1.8,8.98,0.2,0.04,0.11,1.69,8.98,12.0,-25.2
2025-05-24 15:29:00,M0007,OP0040,T00686,,,1.8,8.98,0.2,0.03,0.11,1.69,8.98,12.0,-25.2
2025-08-01 14:26:00,M0042,OP0026,T00687,489.9,,3.82,19.1,0.2,0.03,0.26,3.56,19.1,25.0,-23.6
2025-08-01 14:38:00,M0042,OP0026,T00687,,,3.82,19.1,0.2,0.03,0.26,3.56,19.1,25.0,-23.6
2025-08-01 14:50:00,M0042,OP0026,T00687,,,3.82,19.1,0.2,0.02,0.26,3.56,19.1,25.0,-23.6
2025-08-01 15:02:00,M0042,OP0026,T00687,,,3.82,19.1,0.2,0.03,0.26,3.56,19.1,25.0,-23.6
2025-08-01 15:14:00,M0042,OP0026,T00687,,,3.82,19.1,0.2,0.03,0.26,3.56,19.1,25.0,-23.6
2025-08-01 15:26:00,M0042,OP0026,T00687,,,3.82,19.1,0.2,0.02,0.26,3.56,19.1,25.0,-23.6
2025-08-01 15:38:00,M0042,OP0026,T00687,,,3.82,19.1,0.2,0.02,0.26,3.56,19.1,25.0,-23.6
2025-08-01 15:50:00,M0042,OP0026,T00687,,,3.82,19.1,0.2,0.03,0.26,3.56,19.1,25.0,-23.6
2025-08-01 16:02:00,M0042,OP0026,T00687,,,3.82,19.1,0.2,0.03,0.26,3.56,19.1,25.0,-23.6
2025-08-01 16:14:00,M0042,OP0026,T00687,,,3.82,19.1,0.2,0.02,0.26,3.56,19.1,25.0,-23.6
2025-08-01 16:26:00,M0042,OP0026,T00687,,,3.82,19.1,0.2,0.02,0.26,3.56,19.1,25.0,-23.6
2025-08-01 16:38:00,M0042,OP0026,T00687,,,3.82,19.1,0.2,0.02,0.26,3.56,19.1,25.0,-23.6
2025-08-01 16:50:00,M0042,OP0026,T00687,,,3.82,19.1,0.2,0.03,0.26,3.56,19.1,25.0,-23.6
2025-08-01 17:02:00,M0042,OP0026,T00687,,,3.82,19.1,0.2,0.03,0.26,3.56,19.1,25.0,-23.6
2025-08-01 17:14:00,M0042,OP0026,T00687,,,3.82,19.1,0.2,0.02,0.26,3.56,19.1,25.0,-23.6
2025-08-01 17:26:00,M0042,OP0026,T00687,,,3.82,19.1,0.2,0.02,0.26,3.56,19.1,25.0,-23.6
2025-08-01 17:38:00,M0042,OP0026,T00687,,,3.82,19.1,0.2,0.02,0.26,3.56,19.1,25.0,-23.6
2025-08-01 17:50:00,M0042,OP0026,T00687,,,3.82,19.1,0.2,0.03,0.26,3.56,19.1,25.0,-23.6
2025-08-01 18:02:00,M0042,OP0026,T00687,,,3.82,19.1,0.2,0.02,0.26,3.56,19.1,25.0,-23.6
2025-08-01 18:14:00,M0042,OP0026,T00687,,,3.82,19.1,0.2,0.02,0.26,3.56,19.1,25.0,-23.6
2025-07-04 13:33:00,M0014,OP0053,T00688,413.0,,6.75,33.73,0.2,0.03,0.29,6.45,33.73,28.0,20.4
2025-07-04 13:45:00,M0014,OP0053,T00688,,,6.75,33.73,0.2,0.03,0.29,6.45,33.73,28.0,20.4
2025-07-04 13:57:00,M0014,OP0053,T00688,,,6.75,33.73,0.2,0.02,0.29,6.45,33.73,28.0,20.4
2025-07-04 14:09:00,M0014,OP0053,T00688,,,6.75,33.73,0.2,0.03,0.29,6.45,33.73,28.0,20.4
2025-07-04 14:21:00,M0014,OP0053,T00688,,,6.75,33.73,0.2,0.03,0.29,6.45,33.73,28.0,20.4
2025-07-04 14:33:00,M0014,OP0053,T00688,,,6.75,33.73,0.2,0.03,0.29,6.45,33.73,28.0,20.4
2025-07-04 14:45:00,M0014,OP0053,T00688,,,6.75,33.73,0.2,0.03,0.29,6.45,33.73,28.0,20.4
2025-07-04 14:57:00,M0014,OP0053,T00688,,,6.75,33.73,0.2,0.03,0.29,6.45,33.73,28.0,20.4
2025-07-04 15:09:00,M0014,OP0053,T00688,,,6.75,33.73,0.2,0.03,0.29,6.45,33.73,28.0,20.4
2025-07-04 15:21:00,M0014,OP0053,T00688,,,6.75,33.73,0.2,0.02,0.29,6.45,33.73,28.0,20.4
2025-07-04 15:33:00,M0014,OP0053,T00688,,,6.75,33.73,0.2,0.03,0.29,6.45,33.73,28.0,20.4
2025-07-04 15:45:00,M0014,OP0053,T00688,,,6.75,33.73,0.2,0.02,0.29,6.45,33.73,28.0,20.4
2025-07-04 15:57:00,M0014,OP0053,T00688,,,6.75,33.73,0.2,0.02,0.29,6.45,33.73,28.0,20.4
2025-07-04 16:09:00,M0014,OP0053,T00688,,,6.75,33.73,0.2,0.02,0.29,6.45,33.73,28.0,20.4
2025-07-04 16:21:00,M0014,OP0053,T00688,,,6.75,33.73,0.2,0.03,0.29,6.45,33.73,28.0,20.4
2025-07-04 16:33:00,M0014,OP0053,T00688,,,6.75,33.73,0.2,0.03,0.29,6.45,33.73,28.0,20.4
2025-07-04 16:45:00,M0014,OP0053,T00688,,,6.75,33.73,0.2,0.02,0.29,6.45,33.73,28.0,20.4
2025-07-04 16:57:00,M0014,OP0053,T00688,,,6.75,33.73,0.2,0.02,0.29,6.45,33.73,28.0,20.4
2025-07-04 17:09:00,M0014,OP0053,T00688,,,6.75,33.73,0.2,0.03,0.29,6.45,33.73,28.0,20.4
2025-07-04 17:21:00,M0014,OP0053,T00688,,,6.75,33.73,0.2,0.02,0.29,6.45,33.73,28.0,20.4
2025-03-07 14:23:00,M0029,OP0031,T00691,472.9,,4.16,20.8,0.2,0.01,0.22,3.94,20.8,25.0,-16.8
2025-03-07 14:35:00,M0029,OP0031,T00691,,,4.16,20.8,0.2,0.01,0.22,3.94,20.8,25.0,-16.8
2025-03-07 14:47:00,M0029,OP0031,T00691,,,4.16,20.8,0.2,0.01,0.22,3.94,20.8,25.0,-16.8
2025-03-07 14:59:00,M0029,OP0031,T00691,,,4.16,20.8,0.2,0.01,0.22,3.94,20.8,25.0,-16.8
2025-03-07 15:11:00,M0029,OP0031,T00691,,,4.16,20.8,0.2,0.01,0.22,3.94,20.8,25.0,-16.8
2025-03-07 15:23:00,M0029,OP0031,T00691,,,4.16,20.8,0.2,0.01,0.22,3.94,20.8,25.0,-16.8
2025-03-07 15:35:00,M0029,OP0031,T00691,,,4.16,20.8,0.2,0.0,0.22,3.94,20.8,25.0,-16.8
2025-03-07 15:47:00,M0029,OP0031,T00691,,,4.16,20.8,0.2,0.01,0.22,3.94,20.8,25.0,-16.8
2025-03-07 15:59:00,M0029,OP0031,T00691,,,4.16,20.8,0.2,0.01,0.22,3.94,20.8,25.0,-16.8
2025-03-07 16:11:00,M0029,OP0031,T00691,,,4.16,20.8,0.2,0.01,0.22,3.94,20.8,25.0,-16.8
2025-03-07 16:23:00,M0029,OP0031,T00691,,,4.16,20.8,0.2,0.0,0.22,3.94,20.8,25.0,-16.8
2025-03-07 16:35:00,M0029,OP0031,T00691,,,4.16,20.8,0.2,0.01,0.22,3.94,20.8,25.0,-16.8
2025-03-07 16:47:00,M0029,OP0031,T00691,,,4.16,20.8,0.2,0.0,0.22,3.94,20.8,25.0,-16.8
2025-03-07 16:59:00,M0029,OP0031,T00691,,,4.16,20.8,0.2,0.01,0.22,3.94,20.8,25.0,-16.8
2025-03-07 17:11:00,M0029,OP0031,T00691,,,4.16,20.8,0.2,0.01,0.22,3.94,20.8,25.0,-16.8
2025-03-07 17:23:00,M0029,OP0031,T00691,,,4.16,20.8,0.2,0.01,0.22,3.94,20.8,25.0,-16.8
2025-03-07 17:35:00,M0029,OP0031,T00691,,,4.16,20.8,0.2,0.01,0.22,3.94,20.8,25.0,-16.8
2025-03-07 17:47:00,M0029,OP0031,T00691,,,4.16,20.8,0.2,0.01,0.22,3.94,20.8,25.0,-16.8
2025-03-07 17:59:00,M0029,OP0031,T00691,,,4.16,20.8,0.2,0.01,0.22,3.94,20.8,25.0,-16.8
2025-03-07 18:11:00,M0029,OP0031,T00691,,,4.16,20.8,0.2,0.01,0.22,3.94,20.8,25.0,-16.8
2025-01-12 10:05:00,M0028,OP0049,T00693,554.8,,2.8,13.98,0.2,0.06,0.23,2.56,13.98,20.0,-30.1
2025-01-12 10:17:00,M0028,OP0049,T00693,,,2.8,13.98,0.2,0.06,0.23,2.56,13.98,20.0,-30.1
2025-01-12 10:29:00,M0028,OP0049,T00693,,,2.8,13.98,0.2,0.04,0.23,2.56,13.98,20.0,-30.1
2025-01-12 10:41:00,M0028,OP0049,T00693,,,2.8,13.98,0.2,0.06,0.23,2.56,13.98,20.0,-30.1
2025-01-12 10:53:00,M0028,OP0049,T00693,,,2.8,13.98,0.2,0.06,0.23,2.56,13.98,20.0,-30.1
2025-01-12 11:05:00,M0028,OP0049,T00693,,,2.8,13.98,0.2,0.04,0.23,2.56,13.98,20.0,-30.1
2025-01-12 11:17:00,M0028,OP0049,T00693,,,2.8,13.98,0.2,0.04,0.23,2.56,13.98,20.0,-30.1
2025-01-12 11:29:00,M0028,OP0049,T00693,,,2.8,13.98,0.2,0.06,0.23,2.56,13.98,20.0,-30.1
2025-01-12 11:41:00,M0028,OP0049,T00693,,,2.8,13.98,0.2,0.06,0.23,2.56,13.98,20.0,-30.1
2025-01-12 11:53:00,M0028,OP0049,T00693,,,2.8,13.98,0.2,0.05,0.23,2.56,13.98,20.0,-30.1
2025-01-12 12:05:00,M0028,OP0049,T00693,,,2.8,13.98,0.2,0.05,0.23,2.56,13.98,20.0,-30.1
2025-01-12 12:17:00,M0028,OP0049,T00693,,,2.8,13.98,0.2,0.05,0.23,2.56,13.98,20.0,-30.1
2025-01-12 12:29:00,M0028,OP0049,T00693,,,2.8,13.98,0.2,0.04,0.23,2.56,13.98,20.0,-30.1
2025-01-12 12:41:00,M0028,OP0049,T00693,,,2.8,13.98,0.2,0.05,0.23,2.56,13.98,20.0,-30.1
2025-01-12 12:53:00,M0028,OP0049,T00693,,,2.8,13.98,0.2,0.06,0.23,2.56,13.98,20.0,-30.1
2025-01-12 13:05:00,M0028,OP0049,T00693,,,2.8,13.98,0.2,0.07,0.23,2.56,13.98,20.0,-30.1
2025-01-12 13:17:00,M0028,OP0049,T00693,,,2.8,13.98,0.2,0.05,0.23,2.56,13.98,20.0,-30.1
2025-01-12 13:29:00,M0028,OP0049,T00693,,,2.8,13.98,0.2,0.06,0.23,2.56,13.98,20.0,-30.1
2025-01-12 13:41:00,M0028,OP0049,T00693,,,2.8,13.98,0.2,0.07,0.23,2.56,13.98,20.0,-30.1
2025-01-12 13:53:00,M0028,OP0049,T00693,,,2.8,13.98,0.2,0.05,0.23,2.56,13.98,20.0,-30.1
2025-09-13 15:42:00,M0012,OP0043,T00694,543.8,,4.22,21.12,0.2,0.01,0.19,4.03,21.12,28.0,-24.6
2025-09-13 15:54:00,M0012,OP0043,T00694,,,4.22,21.12,0.2,0.01,0.19,4.03,21.12,28.0,-24.6
2025-09-13 16:06:00,M0012,OP0043,T00694,,,4.22,21.12,0.2,0.01,0.19,4.03,21.12,28.0,-24.6
2025-09-13 16:18:00,M0012,OP0043,T00694,,,4.22,21.12,0.2,0.01,0.19,4.03,21.12,28.0,-24.6
2025-09-13 16:30:00,M0012,OP0043,T00694,,,4.22,21.12,0.2,0.01,0.19,4.03,21.12,28.0,-24.6
2025-09-13 16:42:00,M0012,OP0043,T00694,,,4.22,21.12,0.2,0.01,0.19,4.03,21.12,28.0,-24.6
2025-09-13 16:54:00,M0012,OP0043,T00694,,,4.22,21.12,0.2,0.01,0.19,4.03,21.12,28.0,-24.6
2025-09-13 17:06:00,M0012,OP0043,T00694,,,4.22,21.12,0.2,0.01,0.19,4.03,21.12,28.0,-24.6
2025-09-13 17:18:00,M0012,OP0043,T00694,,,4.22,21.12,0.2,0.01,0.19,4.03,21.12,28.0,-24.6
2025-09-13 17:30:00,M0012,OP0043,T00694,,,4.22,21.12,0.2,0.01,0.19,4.03,21.12,28.0,-24.6
2025-09-13 17:42:00,M0012,OP0043,T00694,,,4.22,21.12,0.2,0.01,0.19,4.03,21.12,28.0,-24.6
2025-09-13 17:54:00,M0012,OP0043,T00694,,,4.22,21.12,0.2,0.01,0.19,4.03,21.12,28.0,-24.6
2025-09-13 18:06:00,M0012,OP0043,T00694,,,4.22,21.12,0.2,0.01,0.19,4.03,21.12,28.0,-24.6
2025-09-13 18:18:00,M0012,OP0043,T00694,,,4.22,21.12,0.2,0.01,0.19,4.03,21.12,28.0,-24.6
2025-09-13 18:30:00,M0012,OP0043,T00694,,,4.22,21.12,0.2,0.01,0.19,4.03,21.12,28.0,-24.6
2025-09-13 18:42:00,M0012,OP0043,T00694,,,4.22,21.12,0.2,0.01,0.19,4.03,21.12,28.0,-24.6
2025-09-13 18:54:00,M0012,OP0043,T00694,,,4.22,21.12,0.2,0.01,0.19,4.03,21.12,28.0,-24.6
2025-09-13 19:06:00,M0012,OP0043,T00694,,,4.22,21.12,0.2,0.01,0.19,4.03,21.12,28.0,-24.6
2025-09-13 19:18:00,M0012,OP0043,T00694,,,4.22,21.12,0.2,0.01,0.19,4.03,21.12,28.0,-24.6
2025-09-13 19:30:00,M0012,OP0043,T00694,,,4.22,21.12,0.2,0.01,0.19,4.03,21.12,28.0,-24.6
2025-05-13 13:02:00,M0020,OP0031,T00695,230.1,,1.86,9.3,0.2,0.0,0.06,1.8,9.3,10.5,-11.5
2025-05-13 13:14:00,M0020,OP0031,T00695,,,1.86,9.3,0.2,0.0,0.06,1.8,9.3,10.5,-11.5
2025-05-13 13:26:00,M0020,OP0031,T00695,,,1.86,9.3,0.2,0.0,0.06,1.8,9.3,10.5,-11.5
2025-05-13 13:38:00,M0020,OP0031,T00695,,,1.86,9.3,0.2,0.0,0.06,1.8,9.3,10.5,-11.5
2025-05-13 13:50:00,M0020,OP0031,T00695,,,1.86,9.3,0.2,0.0,0.06,1.8,9.3,10.5,-11.5
2025-05-13 14:02:00,M0020,OP0031,T00695,,,1.86,9.3,0.2,0.0,0.06,1.8,9.3,10.5,-11.5
2025-05-13 14:14:00,M0020,OP0031,T00695,,,1.86,9.3,0.2,0.0,0.06,1.8,9.3,10.5,-11.5
2025-05-13 14:26:00,M0020,OP0031,T00695,,,1.86,9.3,0.2,0.0,0.06,1.8,9.3,10.5,-11.5
2025-05-13 14:38:00,M0020,OP0031,T00695,,,1.86,9.3,0.2,0.0,0.06,1.8,9.3,10.5,-11.5
2025-05-13 14:50:00,M0020,OP0031,T00695,,,1.86,9.3,0.2,0.0,0.06,1.8,9.3,10.5,-11.5
2025-05-13 15:02:00,M0020,OP0031,T00695,,,1.86,9.3,0.2,0.0,0.06,1.8,9.3,10.5,-11.5
2025-05-13 15:14:00,M0020,OP0031,T00695,,,1.86,9.3,0.2,0.0,0.06,1.8,9.3,10.5,-11.5
2025-05-13 15:26:00,M0020,OP0031,T00695,,,1.86,9.3,0.2,0.0,0.06,1.8,9.3,10.5,-11.5
2025-05-13 15:38:00,M0020,OP0031,T00695,,,1.86,9.3,0.2,0.0,0.06,1.8,9.3,10.5,-11.5
2025-05-13 15:50:00,M0020,OP0031,T00695,,,1.86,9.3,0.2,0.0,0.06,1.8,9.3,10.5,-11.5
2025-05-13 16:02:00,M0020,OP0031,T00695,,,1.86,9.3,0.2,0.0,0.06,1.8,9.3,10.5,-11.5
2025-05-13 16:14:00,M0020,OP0031,T00695,,,1.86,9.3,0.2,0.0,0.06,1.8,9.3,10.5,-11.5
2025-05-13 16:26:00,M0020,OP0031,T00695,,,1.86,9.3,0.2,0.0,0.06,1.8,9.3,10.5,-11.5
2025-05-13 16:38:00,M0020,OP0031,T00695,,,1.86,9.3,0.2,0.0,0.06,1.8,9.3,10.5,-11.5
2025-05-13 16:50:00,M0020,OP0031,T00695,,,1.86,9.3,0.2,0.0,0.06,1.8,9.3,10.5,-11.5
2025-02-26 11:12:00,M0025,OP0019,T00696,323.3,,2.8,13.98,0.2,0.03,0.18,2.62,13.98,19.5,-28.3
2025-02-26 11:24:00,M0025,OP0019,T00696,,,2.8,13.98,0.2,0.04,0.18,2.62,13.98,19.5,-28.3
2025-02-26 11:36:00,M0025,OP0019,T00696,,,2.8,13.98,0.2,0.04,0.18,2.62,13.98,19.5,-28.3
2025-02-26 11:48:00,M0025,OP0019,T00696,,,2.8,13.98,0.2,0.04,0.18,2.62,13.98,19.5,-28.3
2025-02-26 12:00:00,M0025,OP0019,T00696,,,2.8,13.98,0.2,0.04,0.18,2.62,13.98,19.5,-28.3
2025-02-26 12:12:00,M0025,OP0019,T00696,,,2.8,13.98,0.2,0.03,0.18,2.62,13.98,19.5,-28.3
2025-02-26 12:24:00,M0025,OP0019,T00696,,,2.8,13.98,0.2,0.03,0.18,2.62,13.98,19.5,-28.3
2025-02-26 12:36:00,M0025,OP0019,T00696,,,2.8,13.98,0.2,0.03,0.18,2.62,13.98,19.5,-28.3
2025-02-26 12:48:00,M0025,OP0019,T00696,,,2.8,13.98,0.2,0.05,0.18,2.62,13.98,19.5,-28.3
2025-02-26 13:00:00,M0025,OP0019,T00696,,,2.8,13.98,0.2,0.04,0.18,2.62,13.98,19.5,-28.3
2025-02-26 13:12:00,M0025,OP0019,T00696,,,2.8,13.98,0.2,0.03,0.18,2.62,13.98,19.5,-28.3
2025-02-26 13:24:00,M0025,OP0019,T00696,,,2.8,13.98,0.2,0.03,0.18,2.62,13.98,19.5,-28.3
2025-02-26 13:36:00,M0025,OP0019,T00696,,,2.8,13.98,0.2,0.04,0.18,2.62,13.98,19.5,-28.3
2025-02-26 13:48:00,M0025,OP0019,T00696,,,2.8,13.98,0.2,0.03,0.18,2.62,13.98,19.5,-28.3
2025-02-26 14:00:00,M0025,OP0019,T00696,,,2.8,13.98,0.2,0.05,0.18,2.62,13.98,19.5,-28.3
2025-02-26 14:12:00,M0025,OP0019,T00696,,,2.8,13.98,0.2,0.04,0.18,2.62,13.98,19.5,-28.3
2025-02-26 14:24:00,M0025,OP0019,T00696,,,2.8,13.98,0.2,0.03,0.18,2.62,13.98,19.5,-28.3
2025-02-26 14:36:00,M0025,OP0019,T00696,,,2.8,13.98,0.2,0.05,0.18,2.62,13.98,19.5,-28.3
2025-02-26 14:48:00,M0025,OP0019,T00696,,,2.8,13.98,0.2,0.03,0.18,2.62,13.98,19.5,-28.3
2025-02-26 15:00:00,M0025,OP0019,T00696,,,2.8,13.98,0.2,0.03,0.18,2.62,13.98,19.5,-28.3
2025-02-14 13:04:00,M0007,OP0009,T00698,200.1,,1.76,8.78,0.2,0.07,0.11,1.64,8.78,12.0,-26.8
2025-02-14 13:16:00,M0007,OP0009,T00698,,,1.76,8.78,0.2,0.07,0.11,1.64,8.78,12.0,-26.8
2025-02-14 13:28:00,M0007,OP0009,T00698,,,1.76,8.78,0.2,0.06,0.11,1.64,8.78,12.0,-26.8
2025-02-14 13:40:00,M0007,OP0009,T00698,,,1.76,8.78,0.2,0.05,0.11,1.64,8.78,12.0,-26.8
2025-02-14 13:52:00,M0007,OP0009,T00698,,,1.76,8.78,0.2,0.05,0.11,1.64,8.78,12.0,-26.8
2025-02-14 14:04:00,M0007,OP0009,T00698,,,1.76,8.78,0.2,0.05,0.11,1.64,8.78,12.0,-26.8
2025-02-14 14:16:00,M0007,OP0009,T00698,,,1.76,8.78,0.2,0.04,0.11,1.64,8.78,12.0,-26.8
2025-02-14 14:28:00,M0007,OP0009,T00698,,,1.76,8.78,0.2,0.05,0.11,1.64,8.78,12.0,-26.8
2025-02-14 14:40:00,M0007,OP0009,T00698,,,1.76,8.78,0.2,0.05,0.11,1.64,8.78,12.0,-26.8
2025-02-14 14:52:00,M0007,OP0009,T00698,,,1.76,8.78,0.2,0.06,0.11,1.64,8.78,12.0,-26.8
2025-02-14 15:04:00,M0007,OP0009,T00698,,,1.76,8.78,0.2,0.05,0.11,1.64,8.78,12.0,-26.8
2025-02-14 15:16:00,M0007,OP0009,T00698,,,1.76,8.78,0.2,0.07,0.11,1.64,8.78,12.0,-26.8
2025-02-14 15:28:00,M0007,OP0009,T00698,,,1.76,8.78,0.2,0.04,0.11,1.64,8.78,12.0,-26.8
2025-02-14 15:40:00,M0007,OP0009,T00698,,,1.76,8.78,0.2,0.06,0.11,1.64,8.78,12.0,-26.8
2025-02-14 15:52:00,M0007,OP0009,T00698,,,1.76,8.78,0.2,0.06,0.11,1.64,8.78,12.0,-26.8
2025-02-14 16:04:00,M0007,OP0009,T00698,,,1.76,8.78,0.2,0.05,0.11,1.64,8.78,12.0,-26.8
2025-02-14 16:16:00,M0007,OP0009,T00698,,,1.76,8.78,0.2,0.04,0.11,1.64,8.78,12.0,-26.8
2025-02-14 16:28:00,M0007,OP0009,T00698,,,1.76,8.78,0.2,0.04,0.11,1.64,8.78,12.0,-26.8
2025-02-14 16:40:00,M0007,OP0009,T00698,,,1.76,8.78,0.2,0.05,0.11,1.64,8.78,12.0,-26.8
2025-02-14 16:52:00,M0007,OP0009,T00698,,,1.76,8.78,0.2,0.04,0.11,1.64,8.78,12.0,-26.8
2025-02-06 15:12:00,M0008,OP0050,T00699,305.4,,3.04,15.19,0.2,0.02,0.11,2.93,15.19,20.0,-24.0
2025-02-06 15:24:00,M0008,OP0050,T00699,,,3.04,15.19,0.2,0.01,0.11,2.93,15.19,20.0,-24.0
2025-02-06 15:36:00,M0008,OP0050,T00699,,,3.04,15.19,0.2,0.02,0.11,2.93,15.19,20.0,-24.0
2025-02-06 15:48:00,M0008,OP0050,T00699,,,3.04,15.19,0.2,0.01,0.11,2.93,15.19,20.0,-24.0
2025-02-06 16:00:00,M0008,OP0050,T00699,,,3.04,15.19,0.2,0.02,0.11,2.93,15.19,20.0,-24.0
2025-02-06 16:12:00,M0008,OP0050,T00699,,,3.04,15.19,0.2,0.02,0.11,2.93,15.19,20.0,-24.0
2025-02-06 16:24:00,M0008,OP0050,T00699,,,3.04,15.19,0.2,0.02,0.11,2.93,15.19,20.0,-24.0
2025-02-06 16:36:00,M0008,OP0050,T00699,,,3.04,15.19,0.2,0.02,0.11,2.93,15.19,20.0,-24.0
2025-02-06 16:48:00,M0008,OP0050,T00699,,,3.04,15.19,0.2,0.01,0.11,2.93,15.19,20.0,-24.0
2025-02-06 17:00:00,M0008,OP0050,T00699,,,3.04,15.19,0.2,0.02,0.11,2.93,15.19,20.0,-24.0
2025-02-06 17:12:00,M0008,OP0050,T00699,,,3.04,15.19,0.2,0.02,0.11,2.93,15.19,20.0,-24.0
2025-02-06 17:24:00,M0008,OP0050,T00699,,,3.04,15.19,0.2,0.02,0.11,2.93,15.19,20.0,-24.0
2025-02-06 17:36:00,M0008,OP0050,T00699,,,3.04,15.19,0.2,0.02,0.11,2.93,15.19,20.0,-24.0
2025-02-06 17:48:00,M0008,OP0050,T00699,,,3.04,15.19,0.2,0.01,0.11,2.93,15.19,20.0,-24.0
2025-02-06 18:00:00,M0008,OP0050,T00699,,,3.04,15.19,0.2,0.01,0.11,2.93,15.19,20.0,-24.0
2025-02-06 18:12:00,M0008,OP0050,T00699,,,3.04,15.19,0.2,0.02,0.11,2.93,15.19,20.0,-24.0
2025-02-06 18:24:00,M0008,OP0050,T00699,,,3.04,15.19,0.2,0.01,0.11,2.93,15.19,20.0,-24.0
2025-02-06 18:36:00,M0008,OP0050,T00699,,,3.04,15.19,0.2,0.02,0.11,2.93,15.19,20.0,-24.0
2025-02-06 18:48:00,M0008,OP0050,T00699,,,3.04,15.19,0.2,0.01,0.11,2.93,15.19,20.0,-24.0
2025-02-06 19:00:00,M0008,OP0050,T00699,,,3.04,15.19,0.2,0.01,0.11,2.93,15.19,20.0,-24.0
2025-03-29 12:15:00,M0025,OP0014,T00700,460.3,,2.68,13.41,0.2,0.03,0.19,2.5,13.41,19.5,-31.2
2025-03-29 12:27:00,M0025,OP0014,T00700,,,2.68,13.41,0.2,0.03,0.19,2.5,13.41,19.5,-31.2
2025-03-29 12:39:00,M0025,OP0014,T00700,,,2.68,13.41,0.2,0.03,0.19,2.5,13.41,19.5,-31.2
2025-03-29 12:51:00,M0025,OP0014,T00700,,,2.68,13.41,0.2,0.03,0.19,2.5,13.41,19.5,-31.2
2025-03-29 13:03:00,M0025,OP0014,T00700,,,2.68,13.41,0.2,0.02,0.19,2.5,13.41,19.5,-31.2
2025-03-29 13:15:00,M0025,OP0014,T00700,,,2.68,13.41,0.2,0.03,0.19,2.5,13.41,19.5,-31.2
2025-03-29 13:27:00,M0025,OP0014,T00700,,,2.68,13.41,0.2,0.04,0.19,2.5,13.41,19.5,-31.2
2025-03-29 13:39:00,M0025,OP0014,T00700,,,2.68,13.41,0.2,0.04,0.19,2.5,13.41,19.5,-31.2
2025-03-29 13:51:00,M0025,OP0014,T00700,,,2.68,13.41,0.2,0.03,0.19,2.5,13.41,19.5,-31.2
2025-03-29 14:03:00,M0025,OP0014,T00700,,,2.68,13.41,0.2,0.03,0.19,2.5,13.41,19.5,-31.2
2025-03-29 14:15:00,M0025,OP0014,T00700,,,2.68,13.41,0.2,0.02,0.19,2.5,13.41,19.5,-31.2
2025-03-29 14:27:00,M0025,OP0014,T00700,,,2.68,13.41,0.2,0.04,0.19,2.5,13.41,19.5,-31.2
2025-03-29 14:39:00,M0025,OP0014,T00700,,,2.68,13.41,0.2,0.02,0.19,2.5,13.41,19.5,-31.2
2025-03-29 14:51:00,M0025,OP0014,T00700,,,2.68,13.41,0.2,0.02,0.19,2.5,13.41,19.5,-31.2
2025-03-29 15:03:00,M0025,OP0014,T00700,,,2.68,13.41,0.2,0.04,0.19,2.5,13.41,19.5,-31.2
2025-03-29 15:15:00,M0025,OP0014,T00700,,,2.68,13.41,0.2,0.02,0.19,2.5,13.41,19.5,-31.2
2025-03-29 15:27:00,M0025,OP0014,T00700,,,2.68,13.41,0.2,0.02,0.19,2.5,13.41,19.5,-31.2
2025-03-29 15:39:00,M0025,OP0014,T00700,,,2.68,13.41,0.2,0.04,0.19,2.5,13.41,19.5,-31.2
2025-03-29 15:51:00,M0025,OP0014,T00700,,,2.68,13.41,0.2,0.03,0.19,2.5,13.41,19.5,-31.2
2025-03-29 16:03:00,M0025,OP0014,T00700,,,2.68,13.41,0.2,0.02,0.19,2.5,13.41,19.5,-31.2
2025-01-29 09:49:00,M0002,OP0036,T00702,447.6,,3.39,16.97,0.2,0.02,0.17,3.23,16.97,19.5,-13.0
2025-01-29 10:01:00,M0002,OP0036,T00702,,,3.39,16.97,0.2,0.01,0.17,3.23,16.97,19.5,-13.0
2025-01-29 10:13:00,M0002,OP0036,T00702,,,3.39,16.97,0.2,0.02,0.17,3.23,16.97,19.5,-13.0
2025-01-29 10:25:00,M0002,OP0036,T00702,,,3.39,16.97,0.2,0.01,0.17,3.23,16.97,19.5,-13.0
2025-01-29 10:37:00,M0002,OP0036,T00702,,,3.39,16.97,0.2,0.01,0.17,3.23,16.97,19.5,-13.0
2025-01-29 10:49:00,M0002,OP0036,T00702,,,3.39,16.97,0.2,0.01,0.17,3.23,16.97,19.5,-13.0
2025-01-29 11:01:00,M0002,OP0036,T00702,,,3.39,16.97,0.2,0.01,0.17,3.23,16.97,19.5,-13.0
2025-01-29 11:13:00,M0002,OP0036,T00702,,,3.39,16.97,0.2,0.01,0.17,3.23,16.97,19.5,-13.0
2025-01-29 11:25:00,M0002,OP0036,T00702,,,3.39,16.97,0.2,0.01,0.17,3.23,16.97,19.5,-13.0
2025-01-29 11:37:00,M0002,OP0036,T00702,,,3.39,16.97,0.2,0.01,0.17,3.23,16.97,19.5,-13.0
2025-01-29 11:49:00,M0002,OP0036,T00702,,,3.39,16.97,0.2,0.01,0.17,3.23,16.97,19.5,-13.0
2025-01-29 12:01:00,M0002,OP0036,T00702,,,3.39,16.97,0.2,0.01,0.17,3.23,16.97,19.5,-13.0
2025-01-29 12:13:00,M0002,OP0036,T00702,,,3.39,16.97,0.2,0.01,0.17,3.23,16.97,19.5,-13.0
2025-01-29 12:25:00,M0002,OP0036,T00702,,,3.39,16.97,0.2,0.01,0.17,3.23,16.97,19.5,-13.0
2025-01-29 12:37:00,M0002,OP0036,T00702,,,3.39,16.97,0.2,0.01,0.17,3.23,16.97,19.5,-13.0
2025-01-29 12:49:00,M0002,OP0036,T00702,,,3.39,16.97,0.2,0.01,0.17,3.23,16.97,19.5,-13.0
2025-01-29 13:01:00,M0002,OP0036,T00702,,,3.39,16.97,0.2,0.01,0.17,3.23,16.97,19.5,-13.0
2025-01-29 13:13:00,M0002,OP0036,T00702,,,3.39,16.97,0.2,0.01,0.17,3.23,16.97,19.5,-13.0
2025-01-29 13:25:00,M0002,OP0036,T00702,,,3.39,16.97,0.2,0.01,0.17,3.23,16.97,19.5,-13.0
2025-01-29 13:37:00,M0002,OP0036,T00702,,,3.39,16.97,0.2,0.01,0.17,3.23,16.97,19.5,-13.0
2025-06-24 15:25:00,M0030,OP0049,T00703,251.4,,2.93,14.63,0.2,0.03,0.22,2.71,14.63,20.0,-26.9
2025-06-24 15:37:00,M0030,OP0049,T00703,,,2.93,14.63,0.2,0.04,0.22,2.71,14.63,20.0,-26.9
2025-06-24 15:49:00,M0030,OP0049,T00703,,,2.93,14.63,0.2,0.05,0.22,2.71,14.63,20.0,-26.9
2025-06-24 16:01:00,M0030,OP0049,T00703,,,2.93,14.63,0.2,0.04,0.22,2.71,14.63,20.0,-26.9
2025-06-24 16:13:00,M0030,OP0049,T00703,,,2.93,14.63,0.2,0.05,0.22,2.71,14.63,20.0,-26.9
2025-06-24 16:25:00,M0030,OP0049,T00703,,,2.93,14.63,0.2,0.05,0.22,2.71,14.63,20.0,-26.9
2025-06-24 16:37:00,M0030,OP0049,T00703,,,2.93,14.63,0.2,0.03,0.22,2.71,14.63,20.0,-26.9
2025-06-24 16:49:00,M0030,OP0049,T00703,,,2.93,14.63,0.2,0.04,0.22,2.71,14.63,20.0,-26.9
2025-06-24 17:01:00,M0030,OP0049,T00703,,,2.93,14.63,0.2,0.03,0.22,2.71,14.63,20.0,-26.9
2025-06-24 17:13:00,M0030,OP0049,T00703,,,2.93,14.63,0.2,0.03,0.22,2.71,14.63,20.0,-26.9
2025-06-24 17:25:00,M0030,OP0049,T00703,,,2.93,14.63,0.2,0.04,0.22,2.71,14.63,20.0,-26.9
2025-06-24 17:37:00,M0030,OP0049,T00703,,,2.93,14.63,0.2,0.04,0.22,2.71,14.63,20.0,-26.9
2025-06-24 17:49:00,M0030,OP0049,T00703,,,2.93,14.63,0.2,0.03,0.22,2.71,14.63,20.0,-26.9
2025-06-24 18:01:00,M0030,OP0049,T00703,,,2.93,14.63,0.2,0.05,0.22,2.71,14.63,20.0,-26.9
2025-06-24 18:13:00,M0030,OP0049,T00703,,,2.93,14.63,0.2,0.03,0.22,2.71,14.63,20.0,-26.9
2025-06-24 18:25:00,M0030,OP0049,T00703,,,2.93,14.63,0.2,0.04,0.22,2.71,14.63,20.0,-26.9
2025-06-24 18:37:00,M0030,OP0049,T00703,,,2.93,14.63,0.2,0.04,0.22,2.71,14.63,20.0,-26.9
2025-06-24 18:49:00,M0030,OP0049,T00703,,,2.93,14.63,0.2,0.04,0.22,2.71,14.63,20.0,-26.9
2025-06-24 19:01:00,M0030,OP0049,T00703,,,2.93,14.63,0.2,0.04,0.22,2.71,14.63,20.0,-26.9
2025-06-24 19:13:00,M0030,OP0049,T00703,,,2.93,14.63,0.2,0.03,0.22,2.71,14.63,20.0,-26.9
2025-01-25 11:42:00,M0029,OP0039,T00704,332.7,,3.69,18.46,0.2,0.02,0.24,3.45,18.46,25.0,-26.1
2025-01-25 11:54:00,M0029,OP0039,T00704,,,3.69,18.46,0.2,0.02,0.24,3.45,18.46,25.0,-26.1
2025-01-25 12:06:00,M0029,OP0039,T00704,,,3.69,18.46,0.2,0.02,0.24,3.45,18.46,25.0,-26.1
2025-01-25 12:18:00,M0029,OP0039,T00704,,,3.69,18.46,0.2,0.03,0.24,3.45,18.46,25.0,-26.1
2025-01-25 12:30:00,M0029,OP0039,T00704,,,3.69,18.46,0.2,0.02,0.24,3.45,18.46,25.0,-26.1
2025-01-25 12:42:00,M0029,OP0039,T00704,,,3.69,18.46,0.2,0.03,0.24,3.45,18.46,25.0,-26.1
2025-01-25 12:54:00,M0029,OP0039,T00704,,,3.69,18.46,0.2,0.03,0.24,3.45,18.46,25.0,-26.1
2025-01-25 13:06:00,M0029,OP0039,T00704,,,3.69,18.46,0.2,0.02,0.24,3.45,18.46,25.0,-26.1
2025-01-25 13:18:00,M0029,OP0039,T00704,,,3.69,18.46,0.2,0.02,0.24,3.45,18.46,25.0,-26.1
2025-01-25 13:30:00,M0029,OP0039,T00704,,,3.69,18.46,0.2,0.02,0.24,3.45,18.46,25.0,-26.1
2025-01-25 13:42:00,M0029,OP0039,T00704,,,3.69,18.46,0.2,0.03,0.24,3.45,18.46,25.0,-26.1
2025-01-25 13:54:00,M0029,OP0039,T00704,,,3.69,18.46,0.2,0.02,0.24,3.45,18.46,25.0,-26.1
2025-01-25 14:06:00,M0029,OP0039,T00704,,,3.69,18.46,0.2,0.03,0.24,3.45,18.46,25.0,-26.1
2025-01-25 14:18:00,M0029,OP0039,T00704,,,3.69,18.46,0.2,0.02,0.24,3.45,18.46,25.0,-26.1
2025-01-25 14:30:00,M0029,OP0039,T00704,,,3.69,18.46,0.2,0.02,0.24,3.45,18.46,25.0,-26.1
2025-01-25 14:42:00,M0029,OP0039,T00704,,,3.69,18.46,0.2,0.03,0.24,3.45,18.46,25.0,-26.1
2025-01-25 14:54:00,M0029,OP0039,T00704,,,3.69,18.46,0.2,0.02,0.24,3.45,18.46,25.0,-26.1
2025-01-25 15:06:00,M0029,OP0039,T00704,,,3.69,18.46,0.2,0.02,0.24,3.45,18.46,25.0,-26.1
2025-01-25 15:18:00,M0029,OP0039,T00704,,,3.69,18.46,0.2,0.02,0.24,3.45,18.46,25.0,-26.1
2025-01-25 15:30:00,M0029,OP0039,T00704,,,3.69,18.46,0.2,0.03,0.24,3.45,18.46,25.0,-26.1
2025-06-03 09:19:00,M0002,OP0008,T00706,391.9,,3.69,18.45,0.2,0.04,0.34,3.35,18.45,19.5,-5.4
2025-06-03 09:31:00,M0002,OP0008,T00706,,,3.69,18.45,0.2,0.05,0.34,3.35,18.45,19.5,-5.4
2025-06-03 09:43:00,M0002,OP0008,T00706,,,3.69,18.45,0.2,0.05,0.34,3.35,18.45,19.5,-5.4
2025-06-03 09:55:00,M0002,OP0008,T00706,,,3.69,18.45,0.2,0.05,0.34,3.35,18.45,19.5,-5.4
2025-06-03 10:07:00,M0002,OP0008,T00706,,,3.69,18.45,0.2,0.04,0.34,3.35,18.45,19.5,-5.4
2025-06-03 10:19:00,M0002,OP0008,T00706,,,3.69,18.45,0.2,0.04,0.34,3.35,18.45,19.5,-5.4
2025-06-03 10:31:00,M0002,OP0008,T00706,,,3.69,18.45,0.2,0.04,0.34,3.35,18.45,19.5,-5.4
2025-06-03 10:43:00,M0002,OP0008,T00706,,,3.69,18.45,0.2,0.03,0.34,3.35,18.45,19.5,-5.4
2025-06-03 10:55:00,M0002,OP0008,T00706,,,3.69,18.45,0.2,0.03,0.34,3.35,18.45,19.5,-5.4
2025-06-03 11:07:00,M0002,OP0008,T00706,,,3.69,18.45,0.2,0.05,0.34,3.35,18.45,19.5,-5.4
2025-06-03 11:19:00,M0002,OP0008,T00706,,,3.69,18.45,0.2,0.05,0.34,3.35,18.45,19.5,-5.4
2025-06-03 11:31:00,M0002,OP0008,T00706,,,3.69,18.45,0.2,0.05,0.34,3.35,18.45,19.5,-5.4
2025-06-03 11:43:00,M0002,OP0008,T00706,,,3.69,18.45,0.2,0.05,0.34,3.35,18.45,19.5,-5.4
2025-06-03 11:55:00,M0002,OP0008,T00706,,,3.69,18.45,0.2,0.03,0.34,3.35,18.45,19.5,-5.4
2025-06-03 12:07:00,M0002,OP0008,T00706,,,3.69,18.45,0.2,0.05,0.34,3.35,18.45,19.5,-5.4
2025-06-03 12:19:00,M0002,OP0008,T00706,,,3.69,18.45,0.2,0.05,0.34,3.35,18.45,19.5,-5.4
2025-06-03 12:31:00,M0002,OP0008,T00706,,,3.69,18.45,0.2,0.03,0.34,3.35,18.45,19.5,-5.4
2025-06-03 12:43:00,M0002,OP0008,T00706,,,3.69,18.45,0.2,0.06,0.34,3.35,18.45,19.5,-5.4
2025-06-03 12:55:00,M0002,OP0008,T00706,,,3.69,18.45,0.2,0.04,0.34,3.35,18.45,19.5,-5.4
2025-06-03 13:07:00,M0002,OP0008,T00706,,,3.69,18.45,0.2,0.04,0.34,3.35,18.45,19.5,-5.4
2025-03-08 06:52:00,M0022,OP0036,T00707,440.4,,5.39,26.96,0.2,0.02,0.07,5.32,26.96,28.0,-3.7
2025-03-08 07:04:00,M0022,OP0036,T00707,,,5.39,26.96,0.2,0.01,0.07,5.32,26.96,28.0,-3.7
2025-03-08 07:16:00,M0022,OP0036,T00707,,,5.39,26.96,0.2,0.02,0.07,5.32,26.96,28.0,-3.7
2025-03-08 07:28:00,M0022,OP0036,T00707,,,5.39,26.96,0.2,0.02,0.07,5.32,26.96,28.0,-3.7
2025-03-08 07:40:00,M0022,OP0036,T00707,,,5.39,26.96,0.2,0.01,0.07,5.32,26.96,28.0,-3.7
2025-03-08 07:52:00,M0022,OP0036,T00707,,,5.39,26.96,0.2,0.02,0.07,5.32,26.96,28.0,-3.7
2025-03-08 08:04:00,M0022,OP0036,T00707,,,5.39,26.96,0.2,0.01,0.07,5.32,26.96,28.0,-3.7
2025-03-08 08:16:00,M0022,OP0036,T00707,,,5.39,26.96,0.2,0.02,0.07,5.32,26.96,28.0,-3.7
2025-03-08 08:28:00,M0022,OP0036,T00707,,,5.39,26.96,0.2,0.02,0.07,5.32,26.96,28.0,-3.7
2025-03-08 08:40:00,M0022,OP0036,T00707,,,5.39,26.96,0.2,0.01,0.07,5.32,26.96,28.0,-3.7
2025-03-08 08:52:00,M0022,OP0036,T00707,,,5.39,26.96,0.2,0.01,0.07,5.32,26.96,28.0,-3.7
2025-03-08 09:04:00,M0022,OP0036,T00707,,,0.9,26.96,0.03,0.0,0.01,0.89,26.96,28.0,-3.7
2025-01-04 07:42:00,M0036,OP0044,T00708,623.8,,3.98,19.9,0.2,0.02,0.28,3.7,19.9,25.0,-20.4
2025-01-04 07:54:00,M0036,OP0044,T00708,,,3.98,19.9,0.2,0.02,0.28,3.7,19.9,25.0,-20.4
2025-01-04 08:06:00,M0036,OP0044,T00708,,,3.98,19.9,0.2,0.02,0.28,3.7,19.9,25.0,-20.4
2025-01-04 08:18:00,M0036,OP0044,T00708,,,3.98,19.9,0.2,0.03,0.28,3.7,19.9,25.0,-20.4
2025-01-04 08:30:00,M0036,OP0044,T00708,,,3.98,19.9,0.2,0.03,0.28,3.7,19.9,25.0,-20.4
2025-01-04 08:42:00,M0036,OP0044,T00708,,,3.98,19.9,0.2,0.02,0.28,3.7,19.9,25.0,-20.4
2025-01-04 08:54:00,M0036,OP0044,T00708,,,3.98,19.9,0.2,0.02,0.28,3.7,19.9,25.0,-20.4
2025-01-04 09:06:00,M0036,OP0044,T00708,,,3.98,19.9,0.2,0.03,0.28,3.7,19.9,25.0,-20.4
2025-01-04 09:18:00,M0036,OP0044,T00708,,,3.98,19.9,0.2,0.03,0.28,3.7,19.9,25.0,-20.4
2025-01-04 09:30:00,M0036,OP0044,T00708,,,3.98,19.9,0.2,0.02,0.28,3.7,19.9,25.0,-20.4
2025-01-04 09:42:00,M0036,OP0044,T00708,,,3.98,19.9,0.2,0.03,0.28,3.7,19.9,25.0,-20.4
2025-01-04 09:54:00,M0036,OP0044,T00708,,,3.98,19.9,0.2,0.03,0.28,3.7,19.9,25.0,-20.4
2025-01-04 10:06:00,M0036,OP0044,T00708,,,3.98,19.9,0.2,0.02,0.28,3.7,19.9,25.0,-20.4
2025-01-04 10:18:00,M0036,OP0044,T00708,,,3.98,19.9,0.2,0.03,0.28,3.7,19.9,25.0,-20.4
2025-01-04 10:30:00,M0036,OP0044,T00708,,,3.98,19.9,0.2,0.02,0.28,3.7,19.9,25.0,-20.4
2025-01-04 10:42:00,M0036,OP0044,T00708,,,3.98,19.9,0.2,0.02,0.28,3.7,19.9,25.0,-20.4
2025-01-04 10:54:00,M0036,OP0044,T00708,,,3.98,19.9,0.2,0.02,0.28,3.7,19.9,25.0,-20.4
2025-01-04 11:06:00,M0036,OP0044,T00708,,,3.98,19.9,0.2,0.02,0.28,3.7,19.9,25.0,-20.4
2025-01-04 11:18:00,M0036,OP0044,T00708,,,3.98,19.9,0.2,0.02,0.28,3.7,19.9,25.0,-20.4
2025-01-04 11:30:00,M0036,OP0044,T00708,,,3.98,19.9,0.2,0.03,0.28,3.7,19.9,25.0,-20.4
2025-06-20 15:28:00,M0022,OP0016,T00709,251.0,,4.63,23.13,0.2,0.03,0.22,4.4,23.13,28.0,-17.4
2025-06-20 15:40:00,M0022,OP0016,T00709,,,4.63,23.13,0.2,0.03,0.22,4.4,23.13,28.0,-17.4
2025-06-20 15:52:00,M0022,OP0016,T00709,,,4.63,23.13,0.2,0.03,0.22,4.4,23.13,28.0,-17.4
2025-06-20 16:04:00,M0022,OP0016,T00709,,,4.63,23.13,0.2,0.03,0.22,4.4,23.13,28.0,-17.4
2025-06-20 16:16:00,M0022,OP0016,T00709,,,4.63,23.13,0.2,0.05,0.22,4.4,23.13,28.0,-17.4
2025-06-20 16:28:00,M0022,OP0016,T00709,,,4.63,23.13,0.2,0.04,0.22,4.4,23.13,28.0,-17.4
2025-06-20 16:40:00,M0022,OP0016,T00709,,,4.63,23.13,0.2,0.03,0.22,4.4,23.13,28.0,-17.4
2025-06-20 16:52:00,M0022,OP0016,T00709,,,4.63,23.13,0.2,0.03,0.22,4.4,23.13,28.0,-17.4
2025-06-20 17:04:00,M0022,OP0016,T00709,,,4.63,23.13,0.2,0.03,0.22,4.4,23.13,28.0,-17.4
2025-06-20 17:16:00,M0022,OP0016,T00709,,,4.63,23.13,0.2,0.04,0.22,4.4,23.13,28.0,-17.4
2025-06-20 17:28:00,M0022,OP0016,T00709,,,4.63,23.13,0.2,0.04,0.22,4.4,23.13,28.0,-17.4
2025-06-20 17:40:00,M0022,OP0016,T00709,,,4.63,23.13,0.2,0.04,0.22,4.4,23.13,28.0,-17.4
2025-06-20 17:52:00,M0022,OP0016,T00709,,,4.63,23.13,0.2,0.03,0.22,4.4,23.13,28.0,-17.4
2025-06-20 18:04:00,M0022,OP0016,T00709,,,4.63,23.13,0.2,0.04,0.22,4.4,23.13,28.0,-17.4
2025-06-20 18:16:00,M0022,OP0016,T00709,,,4.63,23.13,0.2,0.04,0.22,4.4,23.13,28.0,-17.4
2025-06-20 18:28:00,M0022,OP0016,T00709,,,4.63,23.13,0.2,0.04,0.22,4.4,23.13,28.0,-17.4
2025-06-20 18:40:00,M0022,OP0016,T00709,,,4.63,23.13,0.2,0.04,0.22,4.4,23.13,28.0,-17.4
2025-06-20 18:52:00,M0022,OP0016,T00709,,,4.63,23.13,0.2,0.03,0.22,4.4,23.13,28.0,-17.4
2025-06-20 19:04:00,M0022,OP0016,T00709,,,4.63,23.13,0.2,0.04,0.22,4.4,23.13,28.0,-17.4
2025-06-20 19:16:00,M0022,OP0016,T00709,,,4.63,23.13,0.2,0.03,0.22,4.4,23.13,28.0,-17.4
2025-01-02 14:02:00,M0014,OP0040,T00710,512.8,,4.92,24.6,0.2,0.01,0.16,4.76,24.6,28.0,-12.2
2025-01-02 14:14:00,M0014,OP0040,T00710,,,4.92,24.6,0.2,0.01,0.16,4.76,24.6,28.0,-12.2
2025-01-02 14:26:00,M0014,OP0040,T00710,,,4.92,24.6,0.2,0.01,0.16,4.76,24.6,28.0,-12.2
2025-01-02 14:38:00,M0014,OP0040,T00710,,,4.92,24.6,0.2,0.01,0.16,4.76,24.6,28.0,-12.2
2025-01-02 14:50:00,M0014,OP0040,T00710,,,4.92,24.6,0.2,0.01,0.16,4.76,24.6,28.0,-12.2
2025-01-02 15:02:00,M0014,OP0040,T00710,,,4.92,24.6,0.2,0.01,0.16,4.76,24.6,28.0,-12.2
2025-01-02 15:14:00,M0014,OP0040,T00710,,,4.92,24.6,0.2,0.01,0.16,4.76,24.6,28.0,-12.2
2025-01-02 15:26:00,M0014,OP0040,T00710,,,4.92,24.6,0.2,0.01,0.16,4.76,24.6,28.0,-12.2
2025-01-02 15:38:00,M0014,OP0040,T00710,,,4.92,24.6,0.2,0.01,0.16,4.76,24.6,28.0,-12.2
2025-01-02 15:50:00,M0014,OP0040,T00710,,,4.92,24.6,0.2,0.01,0.16,4.76,24.6,28.0,-12.2
2025-01-02 16:02:00,M0014,OP0040,T00710,,,4.92,24.6,0.2,0.01,0.16,4.76,24.6,28.0,-12.2
2025-01-02 16:14:00,M0014,OP0040,T00710,,,4.92,24.6,0.2,0.01,0.16,4.76,24.6,28.0,-12.2
2025-01-02 16:26:00,M0014,OP0040,T00710,,,4.92,24.6,0.2,0.01,0.16,4.76,24.6,28.0,-12.2
2025-01-02 16:38:00,M0014,OP0040,T00710,,,0.82,24.6,0.03,0.0,0.03,0.79,24.6,28.0,-12.2
2025-04-18 06:36:00,M0041,OP0043,T00711,83.5,,1.63,8.14,0.2,0.0,0.04,1.59,8.14,10.5,-22.5
2025-04-18 06:48:00,M0041,OP0043,T00711,,,1.63,8.14,0.2,0.0,0.04,1.59,8.14,10.5,-22.5
2025-04-18 07:00:00,M0041,OP0043,T00711,,,0.41,8.14,0.05,0.0,0.01,0.4,8.14,10.5,-22.5
2025-06-29 07:12:00,M0001,OP0002,T00712,405.4,,3.13,15.67,0.2,0.04,0.13,3.0,15.67,20.0,-21.7
2025-06-29 07:24:00,M0001,OP0002,T00712,,,3.13,15.67,0.2,0.05,0.13,3.0,15.67,20.0,-21.7
2025-06-29 07:36:00,M0001,OP0002,T00712,,,3.13,15.67,0.2,0.04,0.13,3.0,15.67,20.0,-21.7
2025-06-29 07:48:00,M0001,OP0002,T00712,,,3.13,15.67,0.2,0.03,0.13,3.0,15.67,20.0,-21.7
2025-05-17 14:04:00,M0036,OP0011,T00713,442.5,,3.46,17.3,0.2,0.04,0.32,3.14,17.3,25.0,-30.8
2025-05-17 14:16:00,M0036,OP0011,T00713,,,3.46,17.3,0.2,0.05,0.32,3.14,17.3,25.0,-30.8
2025-05-17 14:28:00,M0036,OP0011,T00713,,,3.46,17.3,0.2,0.04,0.32,3.14,17.3,25.0,-30.8
2025-05-17 14:40:00,M0036,OP0011,T00713,,,3.46,17.3,0.2,0.03,0.32,3.14,17.3,25.0,-30.8
2025-05-17 14:52:00,M0036,OP0011,T00713,,,3.46,17.3,0.2,0.03,0.32,3.14,17.3,25.0,-30.8
2025-05-17 15:04:00,M0036,OP0011,T00713,,,3.46,17.3,0.2,0.03,0.32,3.14,17.3,25.0,-30.8
2025-05-17 15:16:00,M0036,OP0011,T00713,,,3.46,17.3,0.2,0.05,0.32,3.14,17.3,25.0,-30.8
2025-05-17 15:28:00,M0036,OP0011,T00713,,,3.46,17.3,0.2,0.04,0.32,3.14,17.3,25.0,-30.8
2025-05-17 15:40:00,M0036,OP0011,T00713,,,3.46,17.3,0.2,0.03,0.32,3.14,17.3,25.0,-30.8
2025-05-17 15:52:00,M0036,OP0011,T00713,,,3.46,17.3,0.2,0.04,0.32,3.14,17.3,25.0,-30.8
2025-05-17 16:04:00,M0036,OP0011,T00713,,,3.46,17.3,0.2,0.05,0.32,3.14,17.3,25.0,-30.8
2025-05-17 16:16:00,M0036,OP0011,T00713,,,3.46,17.3,0.2,0.04,0.32,3.14,17.3,25.0,-30.8
2025-05-17 16:28:00,M0036,OP0011,T00713,,,3.46,17.3,0.2,0.03,0.32,3.14,17.3,25.0,-30.8
2025-05-17 16:40:00,M0036,OP0011,T00713,,,3.46,17.3,0.2,0.03,0.32,3.14,17.3,25.0,-30.8
2025-05-17 16:52:00,M0036,OP0011,T00713,,,3.46,17.3,0.2,0.04,0.32,3.14,17.3,25.0,-30.8
2025-05-17 17:04:00,M0036,OP0011,T00713,,,3.46,17.3,0.2,0.03,0.32,3.14,17.3,25.0,-30.8
2025-05-17 17:16:00,M0036,OP0011,T00713,,,3.46,17.3,0.2,0.05,0.32,3.14,17.3,25.0,-30.8
2025-05-17 17:28:00,M0036,OP0011,T00713,,,3.46,17.3,0.2,0.04,0.32,3.14,17.3,25.0,-30.8
2025-05-17 17:40:00,M0036,OP0011,T00713,,,3.46,17.3,0.2,0.05,0.32,3.14,17.3,25.0,-30.8
2025-05-17 17:52:00,M0036,OP0011,T00713,,,3.46,17.3,0.2,0.05,0.32,3.14,17.3,25.0,-30.8
2025-02-04 09:40:00,M0021,OP0030,T00716,297.4,,2.25,11.25,0.2,0.04,0.07,2.18,11.25,14.5,-22.4
2025-02-04 09:52:00,M0021,OP0030,T00716,,,2.25,11.25,0.2,0.04,0.07,2.18,11.25,14.5,-22.4
2025-02-04 10:04:00,M0021,OP0030,T00716,,,2.25,11.25,0.2,0.03,0.07,2.18,11.25,14.5,-22.4
2025-02-04 10:16:00,M0021,OP0030,T00716,,,2.25,11.25,0.2,0.03,0.07,2.18,11.25,14.5,-22.4
2025-02-04 10:28:00,M0021,OP0030,T00716,,,2.25,11.25,0.2,0.03,0.07,2.18,11.25,14.5,-22.4
2025-02-04 10:40:00,M0021,OP0030,T00716,,,2.25,11.25,0.2,0.03,0.07,2.18,11.25,14.5,-22.4
2025-02-04 10:52:00,M0021,OP0030,T00716,,,2.25,11.25,0.2,0.03,0.07,2.18,11.25,14.5,-22.4
2025-02-04 11:04:00,M0021,OP0030,T00716,,,2.25,11.25,0.2,0.03,0.07,2.18,11.25,14.5,-22.4
2025-02-04 11:16:00,M0021,OP0030,T00716,,,0.75,11.25,0.07,0.01,0.02,0.73,11.25,14.5,-22.4
2025-09-22 14:47:00,M0041,OP0044,T00719,131.2,,1.82,9.09,0.2,0.02,0.06,1.76,9.09,10.5,-13.4
2025-09-22 14:59:00,M0041,OP0044,T00719,,,1.82,9.09,0.2,0.02,0.06,1.76,9.09,10.5,-13.4
2025-09-22 15:11:00,M0041,OP0044,T00719,,,1.82,9.09,0.2,0.02,0.06,1.76,9.09,10.5,-13.4
2025-09-22 15:23:00,M0041,OP0044,T00719,,,1.82,9.09,0.2,0.02,0.06,1.76,9.09,10.5,-13.4
2025-09-22 15:35:00,M0041,OP0044,T00719,,,1.82,9.09,0.2,0.03,0.06,1.76,9.09,10.5,-13.4
2025-09-22 15:47:00,M0041,OP0044,T00719,,,1.82,9.09,0.2,0.03,0.06,1.76,9.09,10.5,-13.4
2025-09-22 15:59:00,M0041,OP0044,T00719,,,1.82,9.09,0.2,0.03,0.06,1.76,9.09,10.5,-13.4
2025-09-22 16:11:00,M0041,OP0044,T00719,,,1.82,9.09,0.2,0.02,0.06,1.76,9.09,10.5,-13.4
2025-09-22 16:23:00,M0041,OP0044,T00719,,,1.82,9.09,0.2,0.03,0.06,1.76,9.09,10.5,-13.4
2025-09-22 16:35:00,M0041,OP0044,T00719,,,1.82,9.09,0.2,0.02,0.06,1.76,9.09,10.5,-13.4
2025-09-22 16:47:00,M0041,OP0044,T00719,,,1.82,9.09,0.2,0.03,0.06,1.76,9.09,10.5,-13.4
2025-09-22 16:59:00,M0041,OP0044,T00719,,,1.82,9.09,0.2,0.02,0.06,1.76,9.09,10.5,-13.4
2025-09-22 17:11:00,M0041,OP0044,T00719,,,1.82,9.09,0.2,0.03,0.06,1.76,9.09,10.5,-13.4
2025-09-22 17:23:00,M0041,OP0044,T00719,,,1.82,9.09,0.2,0.02,0.06,1.76,9.09,10.5,-13.4
2025-09-22 17:35:00,M0041,OP0044,T00719,,,1.82,9.09,0.2,0.02,0.06,1.76,9.09,10.5,-13.4
2025-09-22 17:47:00,M0041,OP0044,T00719,,,1.82,9.09,0.2,0.02,0.06,1.76,9.09,10.5,-13.4
2025-09-22 17:59:00,M0041,OP0044,T00719,,,1.82,9.09,0.2,0.02,0.06,1.76,9.09,10.5,-13.4
2025-09-22 18:11:00,M0041,OP0044,T00719,,,1.82,9.09,0.2,0.03,0.06,1.76,9.09,10.5,-13.4
2025-09-22 18:23:00,M0041,OP0044,T00719,,,1.82,9.09,0.2,0.02,0.06,1.76,9.09,10.5,-13.4
2025-09-22 18:35:00,M0041,OP0044,T00719,,,1.82,9.09,0.2,0.02,0.06,1.76,9.09,10.5,-13.4
2025-01-31 10:37:00,M0013,OP0020,T00720,142.4,,1.41,7.04,0.2,0.04,0.11,1.3,7.04,10.5,-32.9
2025-01-31 10:49:00,M0013,OP0020,T00720,,,1.41,7.04,0.2,0.04,0.11,1.3,7.04,10.5,-32.9
2025-01-31 11:01:00,M0013,OP0020,T00720,,,1.41,7.04,0.2,0.05,0.11,1.3,7.04,10.5,-32.9
2025-01-31 11:13:00,M0013,OP0020,T00720,,,1.41,7.04,0.2,0.04,0.11,1.3,7.04,10.5,-32.9
2025-01-31 11:25:00,M0013,OP0020,T00720,,,1.41,7.04,0.2,0.05,0.11,1.3,7.04,10.5,-32.9
2025-01-31 11:37:00,M0013,OP0020,T00720,,,1.41,7.04,0.2,0.05,0.11,1.3,7.04,10.5,-32.9
2025-01-31 11:49:00,M0013,OP0020,T00720,,,1.41,7.04,0.2,0.04,0.11,1.3,7.04,10.5,-32.9
2025-01-31 12:01:00,M0013,OP0020,T00720,,,1.41,7.04,0.2,0.05,0.11,1.3,7.04,10.5,-32.9
2025-01-31 12:13:00,M0013,OP0020,T00720,,,1.41,7.04,0.2,0.04,0.11,1.3,7.04,10.5,-32.9
2025-01-31 12:25:00,M0013,OP0020,T00720,,,1.41,7.04,0.2,0.04,0.11,1.3,7.04,10.5,-32.9
2025-01-31 12:37:00,M0013,OP0020,T00720,,,1.41,7.04,0.2,0.03,0.11,1.3,7.04,10.5,-32.9
2025-01-31 12:49:00,M0013,OP0020,T00720,,,0.12,7.04,0.02,0.0,0.01,0.11,7.04,10.5,-32.9
2025-01-07 08:29:00,M0007,OP0007,T00721,176.9,,1.67,8.35,0.2,0.04,0.12,1.55,8.35,12.0,-30.4
2025-01-07 08:41:00,M0007,OP0007,T00721,,,1.67,8.35,0.2,0.04,0.12,1.55,8.35,12.0,-30.4
2025-01-07 08:53:00,M0007,OP0007,T00721,,,1.67,8.35,0.2,0.02,0.12,1.55,8.35,12.0,-30.4
2025-01-07 09:05:00,M0007,OP0007,T00721,,,1.67,8.35,0.2,0.03,0.12,1.55,8.35,12.0,-30.4
2025-01-07 09:17:00,M0007,OP0007,T00721,,,1.67,8.35,0.2,0.04,0.12,1.55,8.35,12.0,-30.4
2025-01-07 09:29:00,M0007,OP0007,T00721,,,1.67,8.35,0.2,0.03,0.12,1.55,8.35,12.0,-30.4
2025-01-07 09:41:00,M0007,OP0007,T00721,,,1.67,8.35,0.2,0.03,0.12,1.55,8.35,12.0,-30.4
2025-01-07 09:53:00,M0007,OP0007,T00721,,,1.67,8.35,0.2,0.04,0.12,1.55,8.35,12.0,-30.4
2025-01-07 10:05:00,M0007,OP0007,T00721,,,1.67,8.35,0.2,0.03,0.12,1.55,8.35,12.0,-30.4
2025-01-07 10:17:00,M0007,OP0007,T00721,,,1.67,8.35,0.2,0.03,0.12,1.55,8.35,12.0,-30.4
2025-01-07 10:29:00,M0007,OP0007,T00721,,,1.67,8.35,0.2,0.04,0.12,1.55,8.35,12.0,-30.4
2025-01-07 10:41:00,M0007,OP0007,T00721,,,1.67,8.35,0.2,0.04,0.12,1.55,8.35,12.0,-30.4
2025-01-07 10:53:00,M0007,OP0007,T00721,,,1.67,8.35,0.2,0.04,0.12,1.55,8.35,12.0,-30.4
2025-01-07 11:05:00,M0007,OP0007,T00721,,,1.67,8.35,0.2,0.03,0.12,1.55,8.35,12.0,-30.4
2025-01-07 11:17:00,M0007,OP0007,T00721,,,1.67,8.35,0.2,0.03,0.12,1.55,8.35,12.0,-30.4
2025-01-07 11:29:00,M0007,OP0007,T00721,,,1.67,8.35,0.2,0.03,0.12,1.55,8.35,12.0,-30.4
2025-01-07 11:41:00,M0007,OP0007,T00721,,,1.67,8.35,0.2,0.04,0.12,1.55,8.35,12.0,-30.4
2025-01-07 11:53:00,M0007,OP0007,T00721,,,1.67,8.35,0.2,0.02,0.12,1.55,8.35,12.0,-30.4
2025-01-07 12:05:00,M0007,OP0007,T00721,,,1.67,8.35,0.2,0.03,0.12,1.55,8.35,12.0,-30.4
2025-01-07 12:17:00,M0007,OP0007,T00721,,,1.67,8.35,0.2,0.04,0.12,1.55,8.35,12.0,-30.4
2025-06-20 11:42:00,M0010,OP0017,T00722,386.6,,4.77,23.87,0.2,0.02,0.27,4.51,23.87,28.0,-14.7
2025-06-20 11:54:00,M0010,OP0017,T00722,,,4.77,23.87,0.2,0.04,0.27,4.51,23.87,28.0,-14.7
2025-06-20 12:06:00,M0010,OP0017,T00722,,,4.77,23.87,0.2,0.03,0.27,4.51,23.87,28.0,-14.7
2025-06-20 12:18:00,M0010,OP0017,T00722,,,4.77,23.87,0.2,0.03,0.27,4.51,23.87,28.0,-14.7
2025-06-20 12:30:00,M0010,OP0017,T00722,,,4.77,23.87,0.2,0.03,0.27,4.51,23.87,28.0,-14.7
2025-06-20 12:42:00,M0010,OP0017,T00722,,,4.77,23.87,0.2,0.03,0.27,4.51,23.87,28.0,-14.7
2025-06-20 12:54:00,M0010,OP0017,T00722,,,4.77,23.87,0.2,0.03,0.27,4.51,23.87,28.0,-14.7
2025-06-20 13:06:00,M0010,OP0017,T00722,,,4.77,23.87,0.2,0.03,0.27,4.51,23.87,28.0,-14.7
2025-06-20 13:18:00,M0010,OP0017,T00722,,,4.77,23.87,0.2,0.03,0.27,4.51,23.87,28.0,-14.7
2025-06-20 13:30:00,M0010,OP0017,T00722,,,4.77,23.87,0.2,0.02,0.27,4.51,23.87,28.0,-14.7
2025-06-20 13:42:00,M0010,OP0017,T00722,,,4.77,23.87,0.2,0.02,0.27,4.51,23.87,28.0,-14.7
2025-06-20 13:54:00,M0010,OP0017,T00722,,,4.77,23.87,0.2,0.03,0.27,4.51,23.87,28.0,-14.7
2025-06-20 14:06:00,M0010,OP0017,T00722,,,4.77,23.87,0.2,0.04,0.27,4.51,23.87,28.0,-14.7
2025-06-20 14:18:00,M0010,OP0017,T00722,,,4.77,23.87,0.2,0.03,0.27,4.51,23.87,28.0,-14.7
2025-06-20 14:30:00,M0010,OP0017,T00722,,,4.77,23.87,0.2,0.03,0.27,4.51,23.87,28.0,-14.7
2025-06-20 14:42:00,M0010,OP0017,T00722,,,4.77,23.87,0.2,0.03,0.27,4.51,23.87,28.0,-14.7
2025-06-20 14:54:00,M0010,OP0017,T00722,,,4.77,23.87,0.2,0.03,0.27,4.51,23.87,28.0,-14.7
2025-06-20 15:06:00,M0010,OP0017,T00722,,,4.77,23.87,0.2,0.02,0.27,4.51,23.87,28.0,-14.7
2025-06-20 15:18:00,M0010,OP0017,T00722,,,4.77,23.87,0.2,0.04,0.27,4.51,23.87,28.0,-14.7
2025-06-20 15:30:00,M0010,OP0017,T00722,,,4.77,23.87,0.2,0.02,0.27,4.51,23.87,28.0,-14.7
2025-08-19 12:00:00,M0005,OP0033,T00723,491.8,,4.01,20.05,0.2,0.02,0.21,3.8,20.05,28.0,-28.4
2025-08-19 12:12:00,M0005,OP0033,T00723,,,4.01,20.05,0.2,0.03,0.21,3.8,20.05,28.0,-28.4
2025-08-19 12:24:00,M0005,OP0033,T00723,,,4.01,20.05,0.2,0.02,0.21,3.8,20.05,28.0,-28.4
2025-08-19 12:36:00,M0005,OP0033,T00723,,,4.01,20.05,0.2,0.03,0.21,3.8,20.05,28.0,-28.4
2025-08-19 12:48:00,M0005,OP0033,T00723,,,4.01,20.05,0.2,0.02,0.21,3.8,20.05,28.0,-28.4
2025-08-19 13:00:00,M0005,OP0033,T00723,,,4.01,20.05,0.2,0.02,0.21,3.8,20.05,28.0,-28.4
2025-08-19 13:12:00,M0005,OP0033,T00723,,,4.01,20.05,0.2,0.02,0.21,3.8,20.05,28.0,-28.4
2025-08-19 13:24:00,M0005,OP0033,T00723,,,4.01,20.05,0.2,0.03,0.21,3.8,20.05,28.0,-28.4
2025-08-19 13:36:00,M0005,OP0033,T00723,,,4.01,20.05,0.2,0.03,0.21,3.8,20.05,28.0,-28.4
2025-08-19 13:48:00,M0005,OP0033,T00723,,,4.01,20.05,0.2,0.03,0.21,3.8,20.05,28.0,-28.4
2025-08-19 14:00:00,M0005,OP0033,T00723,,,4.01,20.05,0.2,0.03,0.21,3.8,20.05,28.0,-28.4
2025-08-19 14:12:00,M0005,OP0033,T00723,,,4.01,20.05,0.2,0.03,0.21,3.8,20.05,28.0,-28.4
2025-08-19 14:24:00,M0005,OP0033,T00723,,,4.01,20.05,0.2,0.02,0.21,3.8,20.05,28.0,-28.4
2025-08-19 14:36:00,M0005,OP0033,T00723,,,4.01,20.05,0.2,0.02,0.21,3.8,20.05,28.0,-28.4
2025-08-19 14:48:00,M0005,OP0033,T00723,,,4.01,20.05,0.2,0.02,0.21,3.8,20.05,28.0,-28.4
2025-08-19 15:00:00,M0005,OP0033,T00723,,,4.01,20.05,0.2,0.02,0.21,3.8,20.05,28.0,-28.4
2025-08-19 15:12:00,M0005,OP0033,T00723,,,4.01,20.05,0.2,0.02,0.21,3.8,20.05,28.0,-28.4
2025-08-19 15:24:00,M0005,OP0033,T00723,,,2.34,20.05,0.12,0.01,0.12,2.22,20.05,28.0,-28.4
2025-09-01 13:43:00,M0034,OP0037,T00724,318.4,,4.25,21.26,0.2,0.03,0.13,4.12,21.26,20.0,6.3
2025-09-01 13:55:00,M0034,OP0037,T00724,,,4.25,21.26,0.2,0.03,0.13,4.12,21.26,20.0,6.3
2025-09-01 14:07:00,M0034,OP0037,T00724,,,4.25,21.26,0.2,0.03,0.13,4.12,21.26,20.0,6.3
2025-09-01 14:19:00,M0034,OP0037,T00724,,,4.25,21.26,0.2,0.03,0.13,4.12,21.26,20.0,6.3
2025-09-01 14:31:00,M0034,OP0037,T00724,,,4.25,21.26,0.2,0.04,0.13,4.12,21.26,20.0,6.3
2025-09-01 14:43:00,M0034,OP0037,T00724,,,4.25,21.26,0.2,0.04,0.13,4.12,21.26,20.0,6.3
2025-09-01 14:55:00,M0034,OP0037,T00724,,,4.25,21.26,0.2,0.03,0.13,4.12,21.26,20.0,6.3
2025-09-01 15:07:00,M0034,OP0037,T00724,,,1.06,21.26,0.05,0.01,0.03,1.03,21.26,20.0,6.3
2025-08-01 11:39:00,M0016,OP0051,T00725,204.2,,1.67,8.33,0.2,0.03,0.1,1.57,8.33,12.0,-30.6
2025-08-01 11:51:00,M0016,OP0051,T00725,,,1.67,8.33,0.2,0.03,0.1,1.57,8.33,12.0,-30.6
2025-08-01 12:03:00,M0016,OP0051,T00725,,,1.67,8.33,0.2,0.03,0.1,1.57,8.33,12.0,-30.6
2025-08-01 12:15:00,M0016,OP0051,T00725,,,1.67,8.33,0.2,0.03,0.1,1.57,8.33,12.0,-30.6
2025-08-01 12:27:00,M0016,OP0051,T00725,,,1.67,8.33,0.2,0.03,0.1,1.57,8.33,12.0,-30.6
2025-08-01 12:39:00,M0016,OP0051,T00725,,,1.67,8.33,0.2,0.04,0.1,1.57,8.33,12.0,-30.6
2025-08-01 12:51:00,M0016,OP0051,T00725,,,1.67,8.33,0.2,0.03,0.1,1.57,8.33,12.0,-30.6
2025-08-01 13:03:00,M0016,OP0051,T00725,,,1.67,8.33,0.2,0.03,0.1,1.57,8.33,12.0,-30.6
2025-08-01 13:15:00,M0016,OP0051,T00725,,,1.67,8.33,0.2,0.03,0.1,1.57,8.33,12.0,-30.6
2025-08-01 13:27:00,M0016,OP0051,T00725,,,1.67,8.33,0.2,0.04,0.1,1.57,8.33,12.0,-30.6
2025-08-01 13:39:00,M0016,OP0051,T00725,,,1.67,8.33,0.2,0.02,0.1,1.57,8.33,12.0,-30.6
2025-08-01 13:51:00,M0016,OP0051,T00725,,,1.67,8.33,0.2,0.04,0.1,1.57,8.33,12.0,-30.6
2025-08-01 14:03:00,M0016,OP0051,T00725,,,1.67,8.33,0.2,0.03,0.1,1.57,8.33,12.0,-30.6
2025-08-01 14:15:00,M0016,OP0051,T00725,,,1.67,8.33,0.2,0.03,0.1,1.57,8.33,12.0,-30.6
2025-08-01 14:27:00,M0016,OP0051,T00725,,,1.67,8.33,0.2,0.04,0.1,1.57,8.33,12.0,-30.6
2025-08-01 14:39:00,M0016,OP0051,T00725,,,1.67,8.33,0.2,0.03,0.1,1.57,8.33,12.0,-30.6
2025-08-01 14:51:00,M0016,OP0051,T00725,,,1.67,8.33,0.2,0.04,0.1,1.57,8.33,12.0,-30.6
2025-08-01 15:03:00,M0016,OP0051,T00725,,,1.67,8.33,0.2,0.04,0.1,1.57,8.33,12.0,-30.6
2025-08-01 15:15:00,M0016,OP0051,T00725,,,1.67,8.33,0.2,0.03,0.1,1.57,8.33,12.0,-30.6
2025-08-01 15:27:00,M0016,OP0051,T00725,,,1.67,8.33,0.2,0.04,0.1,1.57,8.33,12.0,-30.6
2025-04-06 10:20:00,M0008,OP0013,T00726,323.6,,3.14,15.68,0.2,0.01,0.15,2.99,15.68,20.0,-21.6
2025-04-06 10:32:00,M0008,OP0013,T00726,,,3.14,15.68,0.2,0.0,0.15,2.99,15.68,20.0,-21.6
2025-04-06 10:44:00,M0008,OP0013,T00726,,,3.14,15.68,0.2,0.0,0.15,2.99,15.68,20.0,-21.6
2025-04-06 10:56:00,M0008,OP0013,T00726,,,3.14,15.68,0.2,0.0,0.15,2.99,15.68,20.0,-21.6
2025-04-06 11:08:00,M0008,OP0013,T00726,,,3.14,15.68,0.2,0.0,0.15,2.99,15.68,20.0,-21.6
2025-04-06 11:20:00,M0008,OP0013,T00726,,,3.14,15.68,0.2,0.01,0.15,2.99,15.68,20.0,-21.6
2025-04-06 11:32:00,M0008,OP0013,T00726,,,3.14,15.68,0.2,0.0,0.15,2.99,15.68,20.0,-21.6
2025-04-06 11:44:00,M0008,OP0013,T00726,,,3.14,15.68,0.2,0.0,0.15,2.99,15.68,20.0,-21.6
2025-04-06 11:56:00,M0008,OP0013,T00726,,,3.14,15.68,0.2,0.01,0.15,2.99,15.68,20.0,-21.6
2025-04-06 12:08:00,M0008,OP0013,T00726,,,3.14,15.68,0.2,0.0,0.15,2.99,15.68,20.0,-21.6
2025-04-06 12:20:00,M0008,OP0013,T00726,,,3.14,15.68,0.2,0.0,0.15,2.99,15.68,20.0,-21.6
2025-04-06 12:32:00,M0008,OP0013,T00726,,,3.14,15.68,0.2,0.0,0.15,2.99,15.68,20.0,-21.6
2025-04-06 12:44:00,M0008,OP0013,T00726,,,3.14,15.68,0.2,0.01,0.15,2.99,15.68,20.0,-21.6
2025-04-06 12:56:00,M0008,OP0013,T00726,,,3.14,15.68,0.2,0.01,0.15,2.99,15.68,20.0,-21.6
2025-04-06 13:08:00,M0008,OP0013,T00726,,,3.14,15.68,0.2,0.0,0.15,2.99,15.68,20.0,-21.6
2025-04-06 13:20:00,M0008,OP0013,T00726,,,3.14,15.68,0.2,0.01,0.15,2.99,15.68,20.0,-21.6
2025-04-06 13:32:00,M0008,OP0013,T00726,,,3.14,15.68,0.2,0.0,0.15,2.99,15.68,20.0,-21.6
2025-04-06 13:44:00,M0008,OP0013,T00726,,,3.14,15.68,0.2,0.0,0.15,2.99,15.68,20.0,-21.6
2025-04-06 13:56:00,M0008,OP0013,T00726,,,3.14,15.68,0.2,0.01,0.15,2.99,15.68,20.0,-21.6
2025-04-06 14:08:00,M0008,OP0013,T00726,,,3.14,15.68,0.2,0.0,0.15,2.99,15.68,20.0,-21.6
2025-04-19 14:23:00,M0041,OP0031,T00727,101.5,,1.82,9.11,0.2,0.01,0.09,1.73,9.11,10.5,-13.2
2025-04-19 14:35:00,M0041,OP0031,T00727,,,1.82,9.11,0.2,0.0,0.09,1.73,9.11,10.5,-13.2
2025-04-19 14:47:00,M0041,OP0031,T00727,,,1.82,9.11,0.2,0.01,0.09,1.73,9.11,10.5,-13.2
2025-04-19 14:59:00,M0041,OP0031,T00727,,,1.82,9.11,0.2,0.01,0.09,1.73,9.11,10.5,-13.2
2025-04-19 15:11:00,M0041,OP0031,T00727,,,1.82,9.11,0.2,0.0,0.09,1.73,9.11,10.5,-13.2
2025-04-19 15:23:00,M0041,OP0031,T00727,,,1.82,9.11,0.2,0.0,0.09,1.73,9.11,10.5,-13.2
2025-04-19 15:35:00,M0041,OP0031,T00727,,,1.82,9.11,0.2,0.0,0.09,1.73,9.11,10.5,-13.2
2025-04-19 15:47:00,M0041,OP0031,T00727,,,1.82,9.11,0.2,0.01,0.09,1.73,9.11,10.5,-13.2
2025-04-19 15:59:00,M0041,OP0031,T00727,,,1.82,9.11,0.2,0.0,0.09,1.73,9.11,10.5,-13.2
2025-04-19 16:11:00,M0041,OP0031,T00727,,,1.82,9.11,0.2,0.01,0.09,1.73,9.11,10.5,-13.2
2025-04-19 16:23:00,M0041,OP0031,T00727,,,1.82,9.11,0.2,0.0,0.09,1.73,9.11,10.5,-13.2
2025-04-19 16:35:00,M0041,OP0031,T00727,,,1.82,9.11,0.2,0.01,0.09,1.73,9.11,10.5,-13.2
2025-04-19 16:47:00,M0041,OP0031,T00727,,,1.82,9.11,0.2,0.01,0.09,1.73,9.11,10.5,-13.2
2025-04-19 16:59:00,M0041,OP0031,T00727,,,1.82,9.11,0.2,0.01,0.09,1.73,9.11,10.5,-13.2
2025-04-19 17:11:00,M0041,OP0031,T00727,,,1.82,9.11,0.2,0.01,0.09,1.73,9.11,10.5,-13.2
2025-04-19 17:23:00,M0041,OP0031,T00727,,,1.82,9.11,0.2,0.01,0.09,1.73,9.11,10.5,-13.2
2025-04-19 17:35:00,M0041,OP0031,T00727,,,1.82,9.11,0.2,0.0,0.09,1.73,9.11,10.5,-13.2
2025-04-19 17:47:00,M0041,OP0031,T00727,,,1.82,9.11,0.2,0.01,0.09,1.73,9.11,10.5,-13.2
2025-04-19 17:59:00,M0041,OP0031,T00727,,,1.82,9.11,0.2,0.0,0.09,1.73,9.11,10.5,-13.2
2025-04-19 18:11:00,M0041,OP0031,T00727,,,1.82,9.11,0.2,0.0,0.09,1.73,9.11,10.5,-13.2
2025-03-23 13:15:00,M0008,OP0022,T00728,345.2,,3.24,16.22,0.2,0.01,0.16,3.08,16.22,20.0,-18.9
2025-03-23 13:27:00,M0008,OP0022,T00728,,,3.24,16.22,0.2,0.02,0.16,3.08,16.22,20.0,-18.9
2025-03-23 13:39:00,M0008,OP0022,T00728,,,3.24,16.22,0.2,0.02,0.16,3.08,16.22,20.0,-18.9
2025-03-23 13:51:00,M0008,OP0022,T00728,,,3.24,16.22,0.2,0.02,0.16,3.08,16.22,20.0,-18.9
2025-03-23 14:03:00,M0008,OP0022,T00728,,,3.24,16.22,0.2,0.01,0.16,3.08,16.22,20.0,-18.9
2025-03-23 14:15:00,M0008,OP0022,T00728,,,3.24,16.22,0.2,0.02,0.16,3.08,16.22,20.0,-18.9
2025-03-23 14:27:00,M0008,OP0022,T00728,,,3.24,16.22,0.2,0.02,0.16,3.08,16.22,20.0,-18.9
2025-03-23 14:39:00,M0008,OP0022,T00728,,,3.24,16.22,0.2,0.02,0.16,3.08,16.22,20.0,-18.9
2025-03-23 14:51:00,M0008,OP0022,T00728,,,3.24,16.22,0.2,0.02,0.16,3.08,16.22,20.0,-18.9
2025-03-23 15:03:00,M0008,OP0022,T00728,,,2.97,16.22,0.18,0.02,0.15,2.82,16.22,20.0,-18.9
2025-09-06 09:42:00,M0012,OP0019,T00729,530.1,,4.02,20.1,0.2,0.04,0.23,3.79,20.1,28.0,-28.2
2025-09-06 09:54:00,M0012,OP0019,T00729,,,4.02,20.1,0.2,0.03,0.23,3.79,20.1,28.0,-28.2
2025-09-06 10:06:00,M0012,OP0019,T00729,,,4.02,20.1,0.2,0.05,0.23,3.79,20.1,28.0,-28.2
2025-09-06 10:18:00,M0012,OP0019,T00729,,,4.02,20.1,0.2,0.04,0.23,3.79,20.1,28.0,-28.2
2025-09-06 10:30:00,M0012,OP0019,T00729,,,4.02,20.1,0.2,0.05,0.23,3.79,20.1,28.0,-28.2
2025-09-06 10:42:00,M0012,OP0019,T00729,,,4.02,20.1,0.2,0.03,0.23,3.79,20.1,28.0,-28.2
2025-09-06 10:54:00,M0012,OP0019,T00729,,,4.02,20.1,0.2,0.03,0.23,3.79,20.1,28.0,-28.2
2025-09-06 11:06:00,M0012,OP0019,T00729,,,4.02,20.1,0.2,0.04,0.23,3.79,20.1,28.0,-28.2
2025-09-06 11:18:00,M0012,OP0019,T00729,,,4.02,20.1,0.2,0.04,0.23,3.79,20.1,28.0,-28.2
2025-09-06 11:30:00,M0012,OP0019,T00729,,,4.02,20.1,0.2,0.04,0.23,3.79,20.1,28.0,-28.2
2025-09-06 11:42:00,M0012,OP0019,T00729,,,4.02,20.1,0.2,0.03,0.23,3.79,20.1,28.0,-28.2
2025-09-06 11:54:00,M0012,OP0019,T00729,,,4.02,20.1,0.2,0.04,0.23,3.79,20.1,28.0,-28.2
2025-09-06 12:06:00,M0012,OP0019,T00729,,,4.02,20.1,0.2,0.03,0.23,3.79,20.1,28.0,-28.2
2025-09-06 12:18:00,M0012,OP0019,T00729,,,4.02,20.1,0.2,0.05,0.23,3.79,20.1,28.0,-28.2
2025-09-06 12:30:00,M0012,OP0019,T00729,,,4.02,20.1,0.2,0.05,0.23,3.79,20.1,28.0,-28.2
2025-09-06 12:42:00,M0012,OP0019,T00729,,,4.02,20.1,0.2,0.03,0.23,3.79,20.1,28.0,-28.2
2025-09-06 12:54:00,M0012,OP0019,T00729,,,4.02,20.1,0.2,0.04,0.23,3.79,20.1,28.0,-28.2
2025-09-06 13:06:00,M0012,OP0019,T00729,,,4.02,20.1,0.2,0.03,0.23,3.79,20.1,28.0,-28.2
2025-09-06 13:18:00,M0012,OP0019,T00729,,,4.02,20.1,0.2,0.03,0.23,3.79,20.1,28.0,-28.2
2025-09-06 13:30:00,M0012,OP0019,T00729,,,4.02,20.1,0.2,0.03,0.23,3.79,20.1,28.0,-28.2
2025-06-20 08:08:00,M0027,OP0023,T00730,297.6,,3.15,15.75,0.2,0.04,0.17,2.98,15.75,20.0,-21.2
2025-06-20 08:20:00,M0027,OP0023,T00730,,,3.15,15.75,0.2,0.03,0.17,2.98,15.75,20.0,-21.2
2025-06-20 08:32:00,M0027,OP0023,T00730,,,3.15,15.75,0.2,0.03,0.17,2.98,15.75,20.0,-21.2
2025-06-20 08:44:00,M0027,OP0023,T00730,,,3.15,15.75,0.2,0.03,0.17,2.98,15.75,20.0,-21.2
2025-06-20 08:56:00,M0027,OP0023,T00730,,,3.15,15.75,0.2,0.03,0.17,2.98,15.75,20.0,-21.2
2025-06-20 09:08:00,M0027,OP0023,T00730,,,3.15,15.75,0.2,0.04,0.17,2.98,15.75,20.0,-21.2
2025-06-20 09:20:00,M0027,OP0023,T00730,,,3.15,15.75,0.2,0.03,0.17,2.98,15.75,20.0,-21.2
2025-06-20 09:32:00,M0027,OP0023,T00730,,,3.15,15.75,0.2,0.03,0.17,2.98,15.75,20.0,-21.2
2025-06-20 09:44:00,M0027,OP0023,T00730,,,3.15,15.75,0.2,0.03,0.17,2.98,15.75,20.0,-21.2
2025-06-20 09:56:00,M0027,OP0023,T00730,,,3.15,15.75,0.2,0.03,0.17,2.98,15.75,20.0,-21.2
2025-06-20 10:08:00,M0027,OP0023,T00730,,,3.15,15.75,0.2,0.03,0.17,2.98,15.75,20.0,-21.2
2025-06-20 10:20:00,M0027,OP0023,T00730,,,3.15,15.75,0.2,0.04,0.17,2.98,15.75,20.0,-21.2
2025-06-20 10:32:00,M0027,OP0023,T00730,,,3.15,15.75,0.2,0.04,0.17,2.98,15.75,20.0,-21.2
2025-06-20 10:44:00,M0027,OP0023,T00730,,,3.15,15.75,0.2,0.04,0.17,2.98,15.75,20.0,-21.2
2025-06-20 10:56:00,M0027,OP0023,T00730,,,3.15,15.75,0.2,0.04,0.17,2.98,15.75,20.0,-21.2
2025-06-20 11:08:00,M0027,OP0023,T00730,,,3.15,15.75,0.2,0.03,0.17,2.98,15.75,20.0,-21.2
2025-06-20 11:20:00,M0027,OP0023,T00730,,,3.15,15.75,0.2,0.04,0.17,2.98,15.75,20.0,-21.2
2025-06-20 11:32:00,M0027,OP0023,T00730,,,3.15,15.75,0.2,0.04,0.17,2.98,15.75,20.0,-21.2
2025-06-20 11:44:00,M0027,OP0023,T00730,,,3.15,15.75,0.2,0.03,0.17,2.98,15.75,20.0,-21.2
2025-06-20 11:56:00,M0027,OP0023,T00730,,,3.15,15.75,0.2,0.03,0.17,2.98,15.75,20.0,-21.2
2025-03-02 14:53:00,M0031,OP0054,T00731,181.5,,3.25,16.25,0.2,0.0,0.15,3.1,16.25,19.5,-16.6
2025-03-02 15:05:00,M0031,OP0054,T00731,,,3.25,16.25,0.2,0.0,0.15,3.1,16.25,19.5,-16.6
2025-03-02 15:17:00,M0031,OP0054,T00731,,,3.25,16.25,0.2,0.0,0.15,3.1,16.25,19.5,-16.6
2025-03-02 15:29:00,M0031,OP0054,T00731,,,3.25,16.25,0.2,0.0,0.15,3.1,16.25,19.5,-16.6
2025-03-02 15:41:00,M0031,OP0054,T00731,,,3.25,16.25,0.2,0.0,0.15,3.1,16.25,19.5,-16.6
2025-03-02 15:53:00,M0031,OP0054,T00731,,,3.25,16.25,0.2,0.0,0.15,3.1,16.25,19.5,-16.6
2025-03-02 16:05:00,M0031,OP0054,T00731,,,3.25,16.25,0.2,0.0,0.15,3.1,16.25,19.5,-16.6
2025-03-02 16:17:00,M0031,OP0054,T00731,,,3.25,16.25,0.2,0.0,0.15,3.1,16.25,19.5,-16.6
2025-03-02 16:29:00,M0031,OP0054,T00731,,,3.25,16.25,0.2,0.0,0.15,3.1,16.25,19.5,-16.6
2025-03-02 16:41:00,M0031,OP0054,T00731,,,3.25,16.25,0.2,0.0,0.15,3.1,16.25,19.5,-16.6
2025-03-02 16:53:00,M0031,OP0054,T00731,,,3.25,16.25,0.2,0.0,0.15,3.1,16.25,19.5,-16.6
2025-03-02 17:05:00,M0031,OP0054,T00731,,,3.25,16.25,0.2,0.0,0.15,3.1,16.25,19.5,-16.6
2025-03-02 17:17:00,M0031,OP0054,T00731,,,3.25,16.25,0.2,0.0,0.15,3.1,16.25,19.5,-16.6
2025-03-02 17:29:00,M0031,OP0054,T00731,,,3.25,16.25,0.2,0.0,0.15,3.1,16.25,19.5,-16.6
2025-03-02 17:41:00,M0031,OP0054,T00731,,,3.25,16.25,0.2,0.0,0.15,3.1,16.25,19.5,-16.6
2025-03-02 17:53:00,M0031,OP0054,T00731,,,3.25,16.25,0.2,0.0,0.15,3.1,16.25,19.5,-16.6
2025-03-02 18:05:00,M0031,OP0054,T00731,,,3.25,16.25,0.2,0.0,0.15,3.1,16.25,19.5,-16.6
2025-03-02 18:17:00,M0031,OP0054,T00731,,,3.25,16.25,0.2,0.0,0.15,3.1,16.25,19.5,-16.6
2025-03-02 18:29:00,M0031,OP0054,T00731,,,3.25,16.25,0.2,0.0,0.15,3.1,16.25,19.5,-16.6
2025-03-02 18:41:00,M0031,OP0054,T00731,,,3.25,16.25,0.2,0.0,0.15,3.1,16.25,19.5,-16.6
2025-07-03 12:09:00,M0014,OP0034,T00733,449.3,,3.69,18.46,0.2,0.04,0.25,3.44,18.46,28.0,-34.1
2025-07-03 12:21:00,M0014,OP0034,T00733,,,3.69,18.46,0.2,0.03,0.25,3.44,18.46,28.0,-34.1
2025-07-03 12:33:00,M0014,OP0034,T00733,,,3.69,18.46,0.2,0.04,0.25,3.44,18.46,28.0,-34.1
2025-07-03 12:45:00,M0014,OP0034,T00733,,,3.69,18.46,0.2,0.05,0.25,3.44,18.46,28.0,-34.1
2025-07-03 12:57:00,M0014,OP0034,T00733,,,3.69,18.46,0.2,0.03,0.25,3.44,18.46,28.0,-34.1
2025-07-03 13:09:00,M0014,OP0034,T00733,,,3.69,18.46,0.2,0.04,0.25,3.44,18.46,28.0,-34.1
2025-07-03 13:21:00,M0014,OP0034,T00733,,,3.69,18.46,0.2,0.03,0.25,3.44,18.46,28.0,-34.1
2025-07-03 13:33:00,M0014,OP0034,T00733,,,3.69,18.46,0.2,0.05,0.25,3.44,18.46,28.0,-34.1
2025-07-03 13:45:00,M0014,OP0034,T00733,,,3.69,18.46,0.2,0.03,0.25,3.44,18.46,28.0,-34.1
2025-07-03 13:57:00,M0014,OP0034,T00733,,,3.08,18.46,0.17,0.03,0.21,2.87,18.46,28.0,-34.1
2025-04-29 10:48:00,M0002,OP0053,T00734,377.2,,4.71,23.57,0.2,0.04,0.23,4.49,23.57,19.5,20.9
2025-04-29 11:00:00,M0002,OP0053,T00734,,,4.71,23.57,0.2,0.05,0.23,4.49,23.57,19.5,20.9
2025-04-29 11:12:00,M0002,OP0053,T00734,,,4.71,23.57,0.2,0.03,0.23,4.49,23.57,19.5,20.9
2025-04-29 11:24:00,M0002,OP0053,T00734,,,4.71,23.57,0.2,0.04,0.23,4.49,23.57,19.5,20.9
2025-04-29 11:36:00,M0002,OP0053,T00734,,,4.71,23.57,0.2,0.05,0.23,4.49,23.57,19.5,20.9
2025-04-29 11:48:00,M0002,OP0053,T00734,,,4.71,23.57,0.2,0.05,0.23,4.49,23.57,19.5,20.9
2025-04-29 12:00:00,M0002,OP0053,T00734,,,4.71,23.57,0.2,0.03,0.23,4.49,23.57,19.5,20.9
2025-04-29 12:12:00,M0002,OP0053,T00734,,,4.71,23.57,0.2,0.04,0.23,4.49,23.57,19.5,20.9
2025-04-29 12:24:00,M0002,OP0053,T00734,,,4.71,23.57,0.2,0.04,0.23,4.49,23.57,19.5,20.9
2025-04-29 12:36:00,M0002,OP0053,T00734,,,4.71,23.57,0.2,0.03,0.23,4.49,23.57,19.5,20.9
2025-04-29 12:48:00,M0002,OP0053,T00734,,,4.71,23.57,0.2,0.03,0.23,4.49,23.57,19.5,20.9
2025-04-29 13:00:00,M0002,OP0053,T00734,,,4.71,23.57,0.2,0.03,0.23,4.49,23.57,19.5,20.9
2025-04-29 13:12:00,M0002,OP0053,T00734,,,4.71,23.57,0.2,0.03,0.23,4.49,23.57,19.5,20.9
2025-04-29 13:24:00,M0002,OP0053,T00734,,,4.71,23.57,0.2,0.04,0.23,4.49,23.57,19.5,20.9
2025-04-29 13:36:00,M0002,OP0053,T00734,,,4.71,23.57,0.2,0.04,0.23,4.49,23.57,19.5,20.9
2025-04-29 13:48:00,M0002,OP0053,T00734,,,4.71,23.57,0.2,0.03,0.23,4.49,23.57,19.5,20.9
2025-04-29 14:00:00,M0002,OP0053,T00734,,,4.71,23.57,0.2,0.05,0.23,4.49,23.57,19.5,20.9
2025-04-29 14:12:00,M0002,OP0053,T00734,,,4.71,23.57,0.2,0.04,0.23,4.49,23.57,19.5,20.9
2025-04-29 14:24:00,M0002,OP0053,T00734,,,4.71,23.57,0.2,0.03,0.23,4.49,23.57,19.5,20.9
2025-04-29 14:36:00,M0002,OP0053,T00734,,,4.71,23.57,0.2,0.05,0.23,4.49,23.57,19.5,20.9
2025-04-18 08:14:00,M0029,OP0031,T00735,420.2,,3.78,18.92,0.2,0.0,0.32,3.46,18.92,25.0,-24.3
2025-04-18 08:26:00,M0029,OP0031,T00735,,,3.78,18.92,0.2,0.0,0.32,3.46,18.92,25.0,-24.3
2025-04-18 08:38:00,M0029,OP0031,T00735,,,3.78,18.92,0.2,0.0,0.32,3.46,18.92,25.0,-24.3
2025-04-18 08:50:00,M0029,OP0031,T00735,,,3.78,18.92,0.2,0.0,0.32,3.46,18.92,25.0,-24.3
2025-04-18 09:02:00,M0029,OP0031,T00735,,,3.78,18.92,0.2,0.0,0.32,3.46,18.92,25.0,-24.3
2025-04-18 09:14:00,M0029,OP0031,T00735,,,3.78,18.92,0.2,0.0,0.32,3.46,18.92,25.0,-24.3
2025-04-18 09:26:00,M0029,OP0031,T00735,,,3.78,18.92,0.2,0.0,0.32,3.46,18.92,25.0,-24.3
2025-04-18 09:38:00,M0029,OP0031,T00735,,,3.78,18.92,0.2,0.0,0.32,3.46,18.92,25.0,-24.3
2025-04-18 09:50:00,M0029,OP0031,T00735,,,3.78,18.92,0.2,0.0,0.32,3.46,18.92,25.0,-24.3
2025-04-18 10:02:00,M0029,OP0031,T00735,,,3.78,18.92,0.2,0.0,0.32,3.46,18.92,25.0,-24.3
2025-04-18 10:14:00,M0029,OP0031,T00735,,,3.78,18.92,0.2,0.0,0.32,3.46,18.92,25.0,-24.3
2025-04-18 10:26:00,M0029,OP0031,T00735,,,3.78,18.92,0.2,0.0,0.32,3.46,18.92,25.0,-24.3
2025-04-18 10:38:00,M0029,OP0031,T00735,,,3.78,18.92,0.2,0.0,0.32,3.46,18.92,25.0,-24.3
2025-04-18 10:50:00,M0029,OP0031,T00735,,,3.78,18.92,0.2,0.0,0.32,3.46,18.92,25.0,-24.3
2025-04-18 11:02:00,M0029,OP0031,T00735,,,3.78,18.92,0.2,0.0,0.32,3.46,18.92,25.0,-24.3
2025-04-18 11:14:00,M0029,OP0031,T00735,,,3.78,18.92,0.2,0.0,0.32,3.46,18.92,25.0,-24.3
2025-04-18 11:26:00,M0029,OP0031,T00735,,,3.78,18.92,0.2,0.0,0.32,3.46,18.92,25.0,-24.3
2025-04-18 11:38:00,M0029,OP0031,T00735,,,3.78,18.92,0.2,0.0,0.32,3.46,18.92,25.0,-24.3
2025-04-18 11:50:00,M0029,OP0031,T00735,,,3.78,18.92,0.2,0.0,0.32,3.46,18.92,25.0,-24.3
2025-04-18 12:02:00,M0029,OP0031,T00735,,,3.78,18.92,0.2,0.0,0.32,3.46,18.92,25.0,-24.3
2025-09-18 06:28:00,M0034,OP0050,T00736,423.9,,3.17,15.85,0.2,0.02,0.15,3.02,15.85,20.0,-20.8
2025-09-18 06:40:00,M0034,OP0050,T00736,,,3.17,15.85,0.2,0.02,0.15,3.02,15.85,20.0,-20.8
2025-09-18 06:52:00,M0034,OP0050,T00736,,,3.17,15.85,0.2,0.01,0.15,3.02,15.85,20.0,-20.8
2025-09-18 07:04:00,M0034,OP0050,T00736,,,0.53,15.85,0.03,0.0,0.03,0.5,15.85,20.0,-20.8
2025-03-25 14:04:00,M0037,OP0004,T00737,233.6,,2.2,10.99,0.2,0.01,0.06,2.14,10.99,12.0,-8.4
2025-03-25 14:16:00,M0037,OP0004,T00737,,,2.2,10.99,0.2,0.01,0.06,2.14,10.99,12.0,-8.4
2025-03-25 14:28:00,M0037,OP0004,T00737,,,2.2,10.99,0.2,0.01,0.06,2.14,10.99,12.0,-8.4
2025-03-25 14:40:00,M0037,OP0004,T00737,,,2.2,10.99,0.2,0.01,0.06,2.14,10.99,12.0,-8.4
2025-03-25 14:52:00,M0037,OP0004,T00737,,,2.2,10.99,0.2,0.01,0.06,2.14,10.99,12.0,-8.4
2025-03-25 15:04:00,M0037,OP0004,T00737,,,2.2,10.99,0.2,0.01,0.06,2.14,10.99,12.0,-8.4
2025-03-25 15:16:00,M0037,OP0004,T00737,,,2.2,10.99,0.2,0.01,0.06,2.14,10.99,12.0,-8.4
2025-03-25 15:28:00,M0037,OP0004,T00737,,,2.2,10.99,0.2,0.01,0.06,2.14,10.99,12.0,-8.4
2025-03-25 15:40:00,M0037,OP0004,T00737,,,2.2,10.99,0.2,0.01,0.06,2.14,10.99,12.0,-8.4
2025-03-25 15:52:00,M0037,OP0004,T00737,,,2.2,10.99,0.2,0.01,0.06,2.14,10.99,12.0,-8.4
2025-03-25 16:04:00,M0037,OP0004,T00737,,,2.2,10.99,0.2,0.01,0.06,2.14,10.99,12.0,-8.4
2025-03-25 16:16:00,M0037,OP0004,T00737,,,2.2,10.99,0.2,0.01,0.06,2.14,10.99,12.0,-8.4
2025-03-25 16:28:00,M0037,OP0004,T00737,,,2.2,10.99,0.2,0.01,0.06,2.14,10.99,12.0,-8.4
2025-03-25 16:40:00,M0037,OP0004,T00737,,,2.2,10.99,0.2,0.01,0.06,2.14,10.99,12.0,-8.4
2025-03-25 16:52:00,M0037,OP0004,T00737,,,2.2,10.99,0.2,0.01,0.06,2.14,10.99,12.0,-8.4
2025-03-25 17:04:00,M0037,OP0004,T00737,,,2.2,10.99,0.2,0.01,0.06,2.14,10.99,12.0,-8.4
2025-03-25 17:16:00,M0037,OP0004,T00737,,,0.55,10.99,0.05,0.0,0.01,0.53,10.99,12.0,-8.4
2025-08-29 09:34:00,M0034,OP0013,T00738,520.5,,2.99,14.96,0.2,0.01,0.16,2.84,14.96,20.0,-25.2
2025-08-29 09:46:00,M0034,OP0013,T00738,,,2.99,14.96,0.2,0.02,0.16,2.84,14.96,20.0,-25.2
2025-08-29 09:58:00,M0034,OP0013,T00738,,,2.99,14.96,0.2,0.02,0.16,2.84,14.96,20.0,-25.2
2025-08-29 10:10:00,M0034,OP0013,T00738,,,2.99,14.96,0.2,0.02,0.16,2.84,14.96,20.0,-25.2
2025-08-29 10:22:00,M0034,OP0013,T00738,,,2.99,14.96,0.2,0.01,0.16,2.84,14.96,20.0,-25.2
2025-08-29 10:34:00,M0034,OP0013,T00738,,,2.99,14.96,0.2,0.01,0.16,2.84,14.96,20.0,-25.2
2025-08-29 10:46:00,M0034,OP0013,T00738,,,2.99,14.96,0.2,0.01,0.16,2.84,14.96,20.0,-25.2
2025-08-29 10:58:00,M0034,OP0013,T00738,,,2.99,14.96,0.2,0.02,0.16,2.84,14.96,20.0,-25.2
2025-08-29 11:10:00,M0034,OP0013,T00738,,,2.99,14.96,0.2,0.01,0.16,2.84,14.96,20.0,-25.2
2025-08-29 11:22:00,M0034,OP0013,T00738,,,2.99,14.96,0.2,0.02,0.16,2.84,14.96,20.0,-25.2
2025-08-29 11:34:00,M0034,OP0013,T00738,,,2.99,14.96,0.2,0.01,0.16,2.84,14.96,20.0,-25.2
2025-08-29 11:46:00,M0034,OP0013,T00738,,,2.99,14.96,0.2,0.02,0.16,2.84,14.96,20.0,-25.2
2025-08-29 11:58:00,M0034,OP0013,T00738,,,2.99,14.96,0.2,0.02,0.16,2.84,14.96,20.0,-25.2
2025-08-29 12:10:00,M0034,OP0013,T00738,,,2.99,14.96,0.2,0.01,0.16,2.84,14.96,20.0,-25.2
2025-08-29 12:22:00,M0034,OP0013,T00738,,,2.99,14.96,0.2,0.01,0.16,2.84,14.96,20.0,-25.2
2025-08-29 12:34:00,M0034,OP0013,T00738,,,2.99,14.96,0.2,0.02,0.16,2.84,14.96,20.0,-25.2
2025-08-29 12:46:00,M0034,OP0013,T00738,,,2.99,14.96,0.2,0.01,0.16,2.84,14.96,20.0,-25.2
2025-08-29 12:58:00,M0034,OP0013,T00738,,,2.99,14.96,0.2,0.02,0.16,2.84,14.96,20.0,-25.2
2025-08-29 13:10:00,M0034,OP0013,T00738,,,2.99,14.96,0.2,0.01,0.16,2.84,14.96,20.0,-25.2
2025-08-29 13:22:00,M0034,OP0013,T00738,,,2.99,14.96,0.2,0.02,0.16,2.84,14.96,20.0,-25.2
2025-05-31 06:06:00,M0011,OP0044,T00740,124.4,,1.82,9.11,0.2,0.03,0.08,1.74,9.11,10.5,-13.3
2025-05-31 06:18:00,M0011,OP0044,T00740,,,1.82,9.11,0.2,0.03,0.08,1.74,9.11,10.5,-13.3
2025-05-31 06:30:00,M0011,OP0044,T00740,,,1.82,9.11,0.2,0.02,0.08,1.74,9.11,10.5,-13.3
2025-05-31 06:42:00,M0011,OP0044,T00740,,,1.82,9.11,0.2,0.03,0.08,1.74,9.11,10.5,-13.3
2025-05-31 06:54:00,M0011,OP0044,T00740,,,1.82,9.11,0.2,0.04,0.08,1.74,9.11,10.5,-13.3
2025-05-31 07:06:00,M0011,OP0044,T00740,,,1.82,9.11,0.2,0.03,0.08,1.74,9.11,10.5,-13.3
2025-05-31 07:18:00,M0011,OP0044,T00740,,,1.82,9.11,0.2,0.03,0.08,1.74,9.11,10.5,-13.3
2025-05-31 07:30:00,M0011,OP0044,T00740,,,1.82,9.11,0.2,0.02,0.08,1.74,9.11,10.5,-13.3
2025-05-31 07:42:00,M0011,OP0044,T00740,,,1.82,9.11,0.2,0.02,0.08,1.74,9.11,10.5,-13.3
2025-05-31 07:54:00,M0011,OP0044,T00740,,,1.82,9.11,0.2,0.02,0.08,1.74,9.11,10.5,-13.3
2025-05-31 08:06:00,M0011,OP0044,T00740,,,1.82,9.11,0.2,0.02,0.08,1.74,9.11,10.5,-13.3
2025-05-31 08:18:00,M0011,OP0044,T00740,,,1.82,9.11,0.2,0.03,0.08,1.74,9.11,10.5,-13.3
2025-05-31 08:30:00,M0011,OP0044,T00740,,,1.82,9.11,0.2,0.03,0.08,1.74,9.11,10.5,-13.3
2025-05-31 08:42:00,M0011,OP0044,T00740,,,1.82,9.11,0.2,0.03,0.08,1.74,9.11,10.5,-13.3
2025-05-31 08:54:00,M0011,OP0044,T00740,,,1.82,9.11,0.2,0.03,0.08,1.74,9.11,10.5,-13.3
2025-05-31 09:06:00,M0011,OP0044,T00740,,,1.82,9.11,0.2,0.03,0.08,1.74,9.11,10.5,-13.3
2025-05-31 09:18:00,M0011,OP0044,T00740,,,1.82,9.11,0.2,0.04,0.08,1.74,9.11,10.5,-13.3
2025-05-31 09:30:00,M0011,OP0044,T00740,,,1.82,9.11,0.2,0.02,0.08,1.74,9.11,10.5,-13.3
2025-05-31 09:42:00,M0011,OP0044,T00740,,,1.82,9.11,0.2,0.02,0.08,1.74,9.11,10.5,-13.3
2025-05-31 09:54:00,M0011,OP0044,T00740,,,1.82,9.11,0.2,0.03,0.08,1.74,9.11,10.5,-13.3
2025-03-11 10:35:00,M0018,OP0026,T00742,541.4,,3.14,15.72,0.2,0.02,0.12,3.02,15.72,20.0,-21.4
2025-03-11 10:47:00,M0018,OP0026,T00742,,,3.14,15.72,0.2,0.02,0.12,3.02,15.72,20.0,-21.4
2025-03-11 10:59:00,M0018,OP0026,T00742,,,3.14,15.72,0.2,0.01,0.12,3.02,15.72,20.0,-21.4
2025-03-11 11:11:00,M0018,OP0026,T00742,,,3.14,15.72,0.2,0.02,0.12,3.02,15.72,20.0,-21.4
2025-03-11 11:23:00,M0018,OP0026,T00742,,,1.31,15.72,0.08,0.01,0.05,1.26,15.72,20.0,-21.4
2025-07-18 09:19:00,M0035,OP0050,T00744,273.2,,2.39,11.96,0.2,0.02,0.07,2.32,11.96,14.5,-17.5
2025-07-18 09:31:00,M0035,OP0050,T00744,,,2.39,11.96,0.2,0.02,0.07,2.32,11.96,14.5,-17.5
2025-07-18 09:43:00,M0035,OP0050,T00744,,,2.39,11.96,0.2,0.01,0.07,2.32,11.96,14.5,-17.5
2025-07-18 09:55:00,M0035,OP0050,T00744,,,2.39,11.96,0.2,0.02,0.07,2.32,11.96,14.5,-17.5
2025-07-18 10:07:00,M0035,OP0050,T00744,,,2.39,11.96,0.2,0.02,0.07,2.32,11.96,14.5,-17.5
2025-07-18 10:19:00,M0035,OP0050,T00744,,,2.39,11.96,0.2,0.02,0.07,2.32,11.96,14.5,-17.5
2025-07-18 10:31:00,M0035,OP0050,T00744,,,2.39,11.96,0.2,0.02,0.07,2.32,11.96,14.5,-17.5
2025-07-18 10:43:00,M0035,OP0050,T00744,,,2.39,11.96,0.2,0.02,0.07,2.32,11.96,14.5,-17.5
2025-07-18 10:55:00,M0035,OP0050,T00744,,,2.39,11.96,0.2,0.02,0.07,2.32,11.96,14.5,-17.5
2025-07-18 11:07:00,M0035,OP0050,T00744,,,2.39,11.96,0.2,0.02,0.07,2.32,11.96,14.5,-17.5
2025-07-18 11:19:00,M0035,OP0050,T00744,,,2.39,11.96,0.2,0.02,0.07,2.32,11.96,14.5,-17.5
2025-07-18 11:31:00,M0035,OP0050,T00744,,,2.39,11.96,0.2,0.02,0.07,2.32,11.96,14.5,-17.5
2025-07-18 11:43:00,M0035,OP0050,T00744,,,2.39,11.96,0.2,0.01,0.07,2.32,11.96,14.5,-17.5
2025-07-18 11:55:00,M0035,OP0050,T00744,,,2.39,11.96,0.2,0.01,0.07,2.32,11.96,14.5,-17.5
2025-07-18 12:07:00,M0035,OP0050,T00744,,,2.39,11.96,0.2,0.02,0.07,2.32,11.96,14.5,-17.5
2025-07-18 12:19:00,M0035,OP0050,T00744,,,2.39,11.96,0.2,0.01,0.07,2.32,11.96,14.5,-17.5
2025-07-18 12:31:00,M0035,OP0050,T00744,,,2.39,11.96,0.2,0.02,0.07,2.32,11.96,14.5,-17.5
2025-07-18 12:43:00,M0035,OP0050,T00744,,,2.39,11.96,0.2,0.02,0.07,2.32,11.96,14.5,-17.5
2025-07-18 12:55:00,M0035,OP0050,T00744,,,2.39,11.96,0.2,0.02,0.07,2.32,11.96,14.5,-17.5
2025-06-05 08:36:00,M0010,OP0024,T00747,457.4,,4.43,22.15,0.2,0.02,0.24,4.19,22.15,28.0,-20.9
2025-06-05 08:48:00,M0010,OP0024,T00747,,,4.43,22.15,0.2,0.03,0.24,4.19,22.15,28.0,-20.9
2025-06-05 09:00:00,M0010,OP0024,T00747,,,4.43,22.15,0.2,0.02,0.24,4.19,22.15,28.0,-20.9
2025-06-05 09:12:00,M0010,OP0024,T00747,,,4.43,22.15,0.2,0.03,0.24,4.19,22.15,28.0,-20.9
2025-06-05 09:24:00,M0010,OP0024,T00747,,,4.43,22.15,0.2,0.03,0.24,4.19,22.15,28.0,-20.9
2025-06-05 09:36:00,M0010,OP0024,T00747,,,4.43,22.15,0.2,0.03,0.24,4.19,22.15,28.0,-20.9
2025-06-05 09:48:00,M0010,OP0024,T00747,,,4.43,22.15,0.2,0.02,0.24,4.19,22.15,28.0,-20.9
2025-06-05 10:00:00,M0010,OP0024,T00747,,,4.43,22.15,0.2,0.02,0.24,4.19,22.15,28.0,-20.9
2025-06-05 10:12:00,M0010,OP0024,T00747,,,4.43,22.15,0.2,0.02,0.24,4.19,22.15,28.0,-20.9
2025-06-05 10:24:00,M0010,OP0024,T00747,,,4.43,22.15,0.2,0.02,0.24,4.19,22.15,28.0,-20.9
2025-06-05 10:36:00,M0010,OP0024,T00747,,,4.43,22.15,0.2,0.02,0.24,4.19,22.15,28.0,-20.9
2025-06-05 10:48:00,M0010,OP0024,T00747,,,4.43,22.15,0.2,0.02,0.24,4.19,22.15,28.0,-20.9
2025-06-05 11:00:00,M0010,OP0024,T00747,,,4.43,22.15,0.2,0.02,0.24,4.19,22.15,28.0,-20.9
2025-06-05 11:12:00,M0010,OP0024,T00747,,,4.43,22.15,0.2,0.03,0.24,4.19,22.15,28.0,-20.9
2025-06-05 11:24:00,M0010,OP0024,T00747,,,4.43,22.15,0.2,0.02,0.24,4.19,22.15,28.0,-20.9
2025-06-05 11:36:00,M0010,OP0024,T00747,,,4.43,22.15,0.2,0.02,0.24,4.19,22.15,28.0,-20.9
2025-06-05 11:48:00,M0010,OP0024,T00747,,,4.43,22.15,0.2,0.02,0.24,4.19,22.15,28.0,-20.9
2025-06-05 12:00:00,M0010,OP0024,T00747,,,4.43,22.15,0.2,0.03,0.24,4.19,22.15,28.0,-20.9
2025-06-05 12:12:00,M0010,OP0024,T00747,,,4.43,22.15,0.2,0.02,0.24,4.19,22.15,28.0,-20.9
2025-06-05 12:24:00,M0010,OP0024,T00747,,,4.43,22.15,0.2,0.02,0.24,4.19,22.15,28.0,-20.9
2025-06-05 15:34:00,M0019,OP0025,T00748,131.6,,1.73,8.65,0.2,0.04,0.05,1.68,8.65,10.5,-17.7
2025-06-05 15:46:00,M0019,OP0025,T00748,,,1.73,8.65,0.2,0.03,0.05,1.68,8.65,10.5,-17.7
2025-06-05 15:58:00,M0019,OP0025,T00748,,,1.73,8.65,0.2,0.04,0.05,1.68,8.65,10.5,-17.7
2025-06-05 16:10:00,M0019,OP0025,T00748,,,1.73,8.65,0.2,0.03,0.05,1.68,8.65,10.5,-17.7
2025-06-05 16:22:00,M0019,OP0025,T00748,,,1.73,8.65,0.2,0.03,0.05,1.68,8.65,10.5,-17.7
2025-06-05 16:34:00,M0019,OP0025,T00748,,,1.73,8.65,0.2,0.04,0.05,1.68,8.65,10.5,-17.7
2025-06-05 16:46:00,M0019,OP0025,T00748,,,1.73,8.65,0.2,0.04,0.05,1.68,8.65,10.5,-17.7
2025-06-05 16:58:00,M0019,OP0025,T00748,,,1.73,8.65,0.2,0.03,0.05,1.68,8.65,10.5,-17.7
2025-06-05 17:10:00,M0019,OP0025,T00748,,,1.73,8.65,0.2,0.03,0.05,1.68,8.65,10.5,-17.7
2025-06-05 17:22:00,M0019,OP0025,T00748,,,1.73,8.65,0.2,0.04,0.05,1.68,8.65,10.5,-17.7
2025-06-05 17:34:00,M0019,OP0025,T00748,,,1.73,8.65,0.2,0.04,0.05,1.68,8.65,10.5,-17.7
2025-06-05 17:46:00,M0019,OP0025,T00748,,,1.73,8.65,0.2,0.04,0.05,1.68,8.65,10.5,-17.7
2025-06-05 17:58:00,M0019,OP0025,T00748,,,1.73,8.65,0.2,0.05,0.05,1.68,8.65,10.5,-17.7
2025-06-05 18:10:00,M0019,OP0025,T00748,,,1.73,8.65,0.2,0.04,0.05,1.68,8.65,10.5,-17.7
2025-06-05 18:22:00,M0019,OP0025,T00748,,,1.73,8.65,0.2,0.05,0.05,1.68,8.65,10.5,-17.7
2025-06-05 18:34:00,M0019,OP0025,T00748,,,1.73,8.65,0.2,0.03,0.05,1.68,8.65,10.5,-17.7
2025-06-05 18:46:00,M0019,OP0025,T00748,,,1.73,8.65,0.2,0.04,0.05,1.68,8.65,10.5,-17.7
2025-06-05 18:58:00,M0019,OP0025,T00748,,,1.73,8.65,0.2,0.04,0.05,1.68,8.65,10.5,-17.7
2025-06-05 19:10:00,M0019,OP0025,T00748,,,1.73,8.65,0.2,0.03,0.05,1.68,8.65,10.5,-17.7
2025-06-05 19:22:00,M0019,OP0025,T00748,,,1.73,8.65,0.2,0.04,0.05,1.68,8.65,10.5,-17.7
2025-01-15 10:34:00,M0042,OP0024,T00749,272.1,,3.95,19.75,0.2,0.02,0.2,3.75,19.75,25.0,-21.0
2025-01-15 10:46:00,M0042,OP0024,T00749,,,3.95,19.75,0.2,0.02,0.2,3.75,19.75,25.0,-21.0
2025-01-15 10:58:00,M0042,OP0024,T00749,,,3.95,19.75,0.2,0.02,0.2,3.75,19.75,25.0,-21.0
2025-01-15 11:10:00,M0042,OP0024,T00749,,,3.95,19.75,0.2,0.04,0.2,3.75,19.75,25.0,-21.0
2025-01-15 11:22:00,M0042,OP0024,T00749,,,3.95,19.75,0.2,0.03,0.2,3.75,19.75,25.0,-21.0
2025-01-15 11:34:00,M0042,OP0024,T00749,,,3.95,19.75,0.2,0.03,0.2,3.75,19.75,25.0,-21.0
2025-01-15 11:46:00,M0042,OP0024,T00749,,,3.95,19.75,0.2,0.02,0.2,3.75,19.75,25.0,-21.0
2025-01-15 11:58:00,M0042,OP0024,T00749,,,3.95,19.75,0.2,0.04,0.2,3.75,19.75,25.0,-21.0
2025-01-15 12:10:00,M0042,OP0024,T00749,,,3.95,19.75,0.2,0.03,0.2,3.75,19.75,25.0,-21.0
2025-01-15 12:22:00,M0042,OP0024,T00749,,,3.95,19.75,0.2,0.03,0.2,3.75,19.75,25.0,-21.0
2025-01-15 12:34:00,M0042,OP0024,T00749,,,3.95,19.75,0.2,0.03,0.2,3.75,19.75,25.0,-21.0
2025-01-15 12:46:00,M0042,OP0024,T00749,,,3.95,19.75,0.2,0.02,0.2,3.75,19.75,25.0,-21.0
2025-01-15 12:58:00,M0042,OP0024,T00749,,,3.95,19.75,0.2,0.03,0.2,3.75,19.75,25.0,-21.0
2025-01-15 13:10:00,M0042,OP0024,T00749,,,3.95,19.75,0.2,0.02,0.2,3.75,19.75,25.0,-21.0
2025-01-15 13:22:00,M0042,OP0024,T00749,,,3.95,19.75,0.2,0.03,0.2,3.75,19.75,25.0,-21.0
2025-01-15 13:34:00,M0042,OP0024,T00749,,,3.95,19.75,0.2,0.02,0.2,3.75,19.75,25.0,-21.0
2025-01-15 13:46:00,M0042,OP0024,T00749,,,3.95,19.75,0.2,0.03,0.2,3.75,19.75,25.0,-21.0
2025-01-15 13:58:00,M0042,OP0024,T00749,,,3.95,19.75,0.2,0.03,0.2,3.75,19.75,25.0,-21.0
2025-01-15 14:10:00,M0042,OP0024,T00749,,,3.95,19.75,0.2,0.02,0.2,3.75,19.75,25.0,-21.0
2025-01-15 14:22:00,M0042,OP0024,T00749,,,0.99,19.75,0.05,0.01,0.05,0.94,19.75,25.0,-21.0
2025-08-05 11:16:00,M0017,OP0002,T00750,277.0,,1.81,9.04,0.2,0.03,0.22,1.59,9.04,14.5,-37.6
2025-08-05 11:28:00,M0017,OP0002,T00750,,,1.81,9.04,0.2,0.04,0.22,1.59,9.04,14.5,-37.6
2025-08-05 11:40:00,M0017,OP0002,T00750,,,1.81,9.04,0.2,0.04,0.22,1.59,9.04,14.5,-37.6
2025-08-05 11:52:00,M0017,OP0002,T00750,,,1.81,9.04,0.2,0.03,0.22,1.59,9.04,14.5,-37.6
2025-08-05 12:04:00,M0017,OP0002,T00750,,,1.81,9.04,0.2,0.03,0.22,1.59,9.04,14.5,-37.6
2025-08-05 12:16:00,M0017,OP0002,T00750,,,1.81,9.04,0.2,0.03,0.22,1.59,9.04,14.5,-37.6
2025-08-05 12:28:00,M0017,OP0002,T00750,,,1.66,9.04,0.18,0.04,0.2,1.45,9.04,14.5,-37.6
2025-03-19 10:14:00,M0006,OP0046,T00751,91.2,,1.54,7.7,0.2,0.04,0.12,1.42,7.7,10.5,-26.7
2025-03-19 10:26:00,M0006,OP0046,T00751,,,1.54,7.7,0.2,0.04,0.12,1.42,7.7,10.5,-26.7
2025-03-19 10:38:00,M0006,OP0046,T00751,,,1.54,7.7,0.2,0.03,0.12,1.42,7.7,10.5,-26.7
2025-03-19 10:50:00,M0006,OP0046,T00751,,,1.54,7.7,0.2,0.03,0.12,1.42,7.7,10.5,-26.7
2025-03-19 11:02:00,M0006,OP0046,T00751,,,1.54,7.7,0.2,0.05,0.12,1.42,7.7,10.5,-26.7
2025-03-19 11:14:00,M0006,OP0046,T00751,,,1.54,7.7,0.2,0.05,0.12,1.42,7.7,10.5,-26.7
2025-03-19 11:26:00,M0006,OP0046,T00751,,,1.54,7.7,0.2,0.03,0.12,1.42,7.7,10.5,-26.7
2025-03-19 11:38:00,M0006,OP0046,T00751,,,1.54,7.7,0.2,0.04,0.12,1.42,7.7,10.5,-26.7
2025-03-19 11:50:00,M0006,OP0046,T00751,,,1.54,7.7,0.2,0.04,0.12,1.42,7.7,10.5,-26.7
2025-03-19 12:02:00,M0006,OP0046,T00751,,,1.54,7.7,0.2,0.05,0.12,1.42,7.7,10.5,-26.7
2025-03-19 12:14:00,M0006,OP0046,T00751,,,1.54,7.7,0.2,0.04,0.12,1.42,7.7,10.5,-26.7
2025-03-19 12:26:00,M0006,OP0046,T00751,,,1.54,7.7,0.2,0.05,0.12,1.42,7.7,10.5,-26.7
2025-03-19 12:38:00,M0006,OP0046,T00751,,,1.54,7.7,0.2,0.05,0.12,1.42,7.7,10.5,-26.7
2025-03-19 12:50:00,M0006,OP0046,T00751,,,1.54,7.7,0.2,0.04,0.12,1.42,7.7,10.5,-26.7
2025-03-19 13:02:00,M0006,OP0046,T00751,,,1.54,7.7,0.2,0.03,0.12,1.42,7.7,10.5,-26.7
2025-03-19 13:14:00,M0006,OP0046,T00751,,,1.54,7.7,0.2,0.04,0.12,1.42,7.7,10.5,-26.7
2025-03-19 13:26:00,M0006,OP0046,T00751,,,1.54,7.7,0.2,0.05,0.12,1.42,7.7,10.5,-26.7
2025-03-19 13:38:00,M0006,OP0046,T00751,,,1.54,7.7,0.2,0.05,0.12,1.42,7.7,10.5,-26.7
2025-03-19 13:50:00,M0006,OP0046,T00751,,,1.54,7.7,0.2,0.03,0.12,1.42,7.7,10.5,-26.7
2025-03-19 14:02:00,M0006,OP0046,T00751,,,1.54,7.7,0.2,0.04,0.12,1.42,7.7,10.5,-26.7
2025-03-30 10:37:00,M0037,OP0034,T00752,244.7,,1.69,8.47,0.2,0.03,0.09,1.6,8.47,12.0,-29.4
2025-03-30 10:49:00,M0037,OP0034,T00752,,,1.69,8.47,0.2,0.04,0.09,1.6,8.47,12.0,-29.4
2025-03-30 11:01:00,M0037,OP0034,T00752,,,1.69,8.47,0.2,0.03,0.09,1.6,8.47,12.0,-29.4
2025-03-30 11:13:00,M0037,OP0034,T00752,,,1.69,8.47,0.2,0.04,0.09,1.6,8.47,12.0,-29.4
2025-03-30 11:25:00,M0037,OP0034,T00752,,,1.69,8.47,0.2,0.04,0.09,1.6,8.47,12.0,-29.4
2025-03-30 11:37:00,M0037,OP0034,T00752,,,1.69,8.47,0.2,0.03,0.09,1.6,8.47,12.0,-29.4
2025-03-30 11:49:00,M0037,OP0034,T00752,,,1.69,8.47,0.2,0.03,0.09,1.6,8.47,12.0,-29.4
2025-03-30 12:01:00,M0037,OP0034,T00752,,,1.69,8.47,0.2,0.04,0.09,1.6,8.47,12.0,-29.4
2025-03-30 12:13:00,M0037,OP0034,T00752,,,1.69,8.47,0.2,0.03,0.09,1.6,8.47,12.0,-29.4
2025-03-30 12:25:00,M0037,OP0034,T00752,,,1.69,8.47,0.2,0.03,0.09,1.6,8.47,12.0,-29.4
2025-03-30 12:37:00,M0037,OP0034,T00752,,,1.69,8.47,0.2,0.03,0.09,1.6,8.47,12.0,-29.4
2025-03-30 12:49:00,M0037,OP0034,T00752,,,1.69,8.47,0.2,0.03,0.09,1.6,8.47,12.0,-29.4
2025-03-30 13:01:00,M0037,OP0034,T00752,,,1.69,8.47,0.2,0.03,0.09,1.6,8.47,12.0,-29.4
2025-03-30 13:13:00,M0037,OP0034,T00752,,,1.69,8.47,0.2,0.04,0.09,1.6,8.47,12.0,-29.4
2025-03-30 13:25:00,M0037,OP0034,T00752,,,1.69,8.47,0.2,0.04,0.09,1.6,8.47,12.0,-29.4
2025-03-30 13:37:00,M0037,OP0034,T00752,,,1.69,8.47,0.2,0.04,0.09,1.6,8.47,12.0,-29.4
2025-03-30 13:49:00,M0037,OP0034,T00752,,,1.69,8.47,0.2,0.04,0.09,1.6,8.47,12.0,-29.4
2025-03-30 14:01:00,M0037,OP0034,T00752,,,1.69,8.47,0.2,0.04,0.09,1.6,8.47,12.0,-29.4
2025-03-30 14:13:00,M0037,OP0034,T00752,,,1.69,8.47,0.2,0.04,0.09,1.6,8.47,12.0,-29.4
2025-03-30 14:25:00,M0037,OP0034,T00752,,,1.69,8.47,0.2,0.04,0.09,1.6,8.47,12.0,-29.4
2025-08-04 06:13:00,M0031,OP0037,T00755,211.1,,3.33,16.65,0.2,0.03,0.27,3.06,16.65,19.5,-14.6
2025-08-04 06:25:00,M0031,OP0037,T00755,,,3.33,16.65,0.2,0.04,0.27,3.06,16.65,19.5,-14.6
2025-08-04 06:37:00,M0031,OP0037,T00755,,,3.33,16.65,0.2,0.04,0.27,3.06,16.65,19.5,-14.6
2025-08-04 06:49:00,M0031,OP0037,T00755,,,3.33,16.65,0.2,0.03,0.27,3.06,16.65,19.5,-14.6
2025-08-04 07:01:00,M0031,OP0037,T00755,,,3.33,16.65,0.2,0.05,0.27,3.06,16.65,19.5,-14.6
2025-08-04 07:13:00,M0031,OP0037,T00755,,,3.33,16.65,0.2,0.04,0.27,3.06,16.65,19.5,-14.6
2025-08-04 07:25:00,M0031,OP0037,T00755,,,3.33,16.65,0.2,0.03,0.27,3.06,16.65,19.5,-14.6
2025-08-04 07:37:00,M0031,OP0037,T00755,,,3.33,16.65,0.2,0.05,0.27,3.06,16.65,19.5,-14.6
2025-08-04 07:49:00,M0031,OP0037,T00755,,,3.33,16.65,0.2,0.03,0.27,3.06,16.65,19.5,-14.6
2025-08-04 08:01:00,M0031,OP0037,T00755,,,3.33,16.65,0.2,0.04,0.27,3.06,16.65,19.5,-14.6
2025-08-04 08:13:00,M0031,OP0037,T00755,,,3.33,16.65,0.2,0.04,0.27,3.06,16.65,19.5,-14.6
2025-08-04 08:25:00,M0031,OP0037,T00755,,,3.33,16.65,0.2,0.03,0.27,3.06,16.65,19.5,-14.6
2025-08-04 08:37:00,M0031,OP0037,T00755,,,3.33,16.65,0.2,0.04,0.27,3.06,16.65,19.5,-14.6
2025-08-04 08:49:00,M0031,OP0037,T00755,,,3.33,16.65,0.2,0.03,0.27,3.06,16.65,19.5,-14.6
2025-08-04 09:01:00,M0031,OP0037,T00755,,,3.33,16.65,0.2,0.03,0.27,3.06,16.65,19.5,-14.6
2025-08-04 09:13:00,M0031,OP0037,T00755,,,3.33,16.65,0.2,0.03,0.27,3.06,16.65,19.5,-14.6
2025-08-04 09:25:00,M0031,OP0037,T00755,,,3.33,16.65,0.2,0.04,0.27,3.06,16.65,19.5,-14.6
2025-08-04 09:37:00,M0031,OP0037,T00755,,,3.33,16.65,0.2,0.04,0.27,3.06,16.65,19.5,-14.6
2025-08-04 09:49:00,M0031,OP0037,T00755,,,3.33,16.65,0.2,0.05,0.27,3.06,16.65,19.5,-14.6
2025-08-04 10:01:00,M0031,OP0037,T00755,,,3.33,16.65,0.2,0.04,0.27,3.06,16.65,19.5,-14.6
2025-02-23 09:21:00,M0021,OP0054,T00757,293.6,,2.5,12.52,0.2,0.0,0.09,2.42,12.52,14.5,-13.6
2025-02-23 09:33:00,M0021,OP0054,T00757,,,2.5,12.52,0.2,0.0,0.09,2.42,12.52,14.5,-13.6
2025-02-23 09:45:00,M0021,OP0054,T00757,,,2.5,12.52,0.2,0.0,0.09,2.42,12.52,14.5,-13.6
2025-02-23 09:57:00,M0021,OP0054,T00757,,,2.5,12.52,0.2,0.0,0.09,2.42,12.52,14.5,-13.6
2025-02-23 10:09:00,M0021,OP0054,T00757,,,2.5,12.52,0.2,0.0,0.09,2.42,12.52,14.5,-13.6
2025-02-23 10:21:00,M0021,OP0054,T00757,,,2.5,12.52,0.2,0.0,0.09,2.42,12.52,14.5,-13.6
2025-02-23 10:33:00,M0021,OP0054,T00757,,,2.5,12.52,0.2,0.0,0.09,2.42,12.52,14.5,-13.6
2025-02-23 10:45:00,M0021,OP0054,T00757,,,2.5,12.52,0.2,0.0,0.09,2.42,12.52,14.5,-13.6
2025-02-23 10:57:00,M0021,OP0054,T00757,,,2.5,12.52,0.2,0.0,0.09,2.42,12.52,14.5,-13.6
2025-02-23 11:09:00,M0021,OP0054,T00757,,,2.5,12.52,0.2,0.0,0.09,2.42,12.52,14.5,-13.6
2025-02-23 11:21:00,M0021,OP0054,T00757,,,2.5,12.52,0.2,0.0,0.09,2.42,12.52,14.5,-13.6
2025-02-23 11:33:00,M0021,OP0054,T00757,,,2.5,12.52,0.2,0.0,0.09,2.42,12.52,14.5,-13.6
2025-02-23 11:45:00,M0021,OP0054,T00757,,,2.5,12.52,0.2,0.0,0.09,2.42,12.52,14.5,-13.6
2025-02-23 11:57:00,M0021,OP0054,T00757,,,2.5,12.52,0.2,0.0,0.09,2.42,12.52,14.5,-13.6
2025-02-23 12:09:00,M0021,OP0054,T00757,,,2.5,12.52,0.2,0.0,0.09,2.42,12.52,14.5,-13.6
2025-02-23 12:21:00,M0021,OP0054,T00757,,,2.5,12.52,0.2,0.0,0.09,2.42,12.52,14.5,-13.6
2025-02-23 12:33:00,M0021,OP0054,T00757,,,2.5,12.52,0.2,0.0,0.09,2.42,12.52,14.5,-13.6
2025-02-23 12:45:00,M0021,OP0054,T00757,,,2.5,12.52,0.2,0.0,0.09,2.42,12.52,14.5,-13.6
2025-02-23 12:57:00,M0021,OP0054,T00757,,,2.5,12.52,0.2,0.0,0.09,2.42,12.52,14.5,-13.6
2025-02-23 13:09:00,M0021,OP0054,T00757,,,2.5,12.52,0.2,0.0,0.09,2.42,12.52,14.5,-13.6
2025-07-21 08:54:00,M0037,OP0051,T00758,238.8,,1.77,8.83,0.2,0.02,0.08,1.69,8.83,12.0,-26.4
2025-07-21 09:06:00,M0037,OP0051,T00758,,,1.77,8.83,0.2,0.03,0.08,1.69,8.83,12.0,-26.4
2025-07-21 09:18:00,M0037,OP0051,T00758,,,1.77,8.83,0.2,0.02,0.08,1.69,8.83,12.0,-26.4
2025-07-21 09:30:00,M0037,OP0051,T00758,,,1.77,8.83,0.2,0.02,0.08,1.69,8.83,12.0,-26.4
2025-07-21 09:42:00,M0037,OP0051,T00758,,,1.77,8.83,0.2,0.02,0.08,1.69,8.83,12.0,-26.4
2025-07-21 09:54:00,M0037,OP0051,T00758,,,1.77,8.83,0.2,0.02,0.08,1.69,8.83,12.0,-26.4
2025-07-21 10:06:00,M0037,OP0051,T00758,,,1.77,8.83,0.2,0.03,0.08,1.69,8.83,12.0,-26.4
2025-07-21 10:18:00,M0037,OP0051,T00758,,,1.77,8.83,0.2,0.02,0.08,1.69,8.83,12.0,-26.4
2025-07-21 10:30:00,M0037,OP0051,T00758,,,1.77,8.83,0.2,0.02,0.08,1.69,8.83,12.0,-26.4
2025-07-21 10:42:00,M0037,OP0051,T00758,,,1.77,8.83,0.2,0.02,0.08,1.69,8.83,12.0,-26.4
2025-07-21 10:54:00,M0037,OP0051,T00758,,,1.77,8.83,0.2,0.03,0.08,1.69,8.83,12.0,-26.4
2025-07-21 11:06:00,M0037,OP0051,T00758,,,1.77,8.83,0.2,0.02,0.08,1.69,8.83,12.0,-26.4
2025-07-21 11:18:00,M0037,OP0051,T00758,,,1.77,8.83,0.2,0.02,0.08,1.69,8.83,12.0,-26.4
2025-07-21 11:30:00,M0037,OP0051,T00758,,,1.77,8.83,0.2,0.02,0.08,1.69,8.83,12.0,-26.4
2025-07-21 11:42:00,M0037,OP0051,T00758,,,1.77,8.83,0.2,0.02,0.08,1.69,8.83,12.0,-26.4
2025-07-21 11:54:00,M0037,OP0051,T00758,,,1.77,8.83,0.2,0.02,0.08,1.69,8.83,12.0,-26.4
2025-07-21 12:06:00,M0037,OP0051,T00758,,,1.77,8.83,0.2,0.02,0.08,1.69,8.83,12.0,-26.4
2025-07-21 12:18:00,M0037,OP0051,T00758,,,1.77,8.83,0.2,0.03,0.08,1.69,8.83,12.0,-26.4
2025-07-21 12:30:00,M0037,OP0051,T00758,,,1.77,8.83,0.2,0.03,0.08,1.69,8.83,12.0,-26.4
2025-07-21 12:42:00,M0037,OP0051,T00758,,,1.77,8.83,0.2,0.03,0.08,1.69,8.83,12.0,-26.4
2025-06-26 12:02:00,M0031,OP0011,T00759,216.8,,3.04,15.18,0.2,0.03,0.16,2.88,15.18,19.5,-22.1
2025-06-26 12:14:00,M0031,OP0011,T00759,,,3.04,15.18,0.2,0.03,0.16,2.88,15.18,19.5,-22.1
2025-06-26 12:26:00,M0031,OP0011,T00759,,,3.04,15.18,0.2,0.04,0.16,2.88,15.18,19.5,-22.1
2025-06-26 12:38:00,M0031,OP0011,T00759,,,3.04,15.18,0.2,0.03,0.16,2.88,15.18,19.5,-22.1
2025-06-26 12:50:00,M0031,OP0011,T00759,,,3.04,15.18,0.2,0.05,0.16,2.88,15.18,19.5,-22.1
2025-06-26 13:02:00,M0031,OP0011,T00759,,,3.04,15.18,0.2,0.03,0.16,2.88,15.18,19.5,-22.1
2025-06-26 13:14:00,M0031,OP0011,T00759,,,3.04,15.18,0.2,0.03,0.16,2.88,15.18,19.5,-22.1
2025-06-26 13:26:00,M0031,OP0011,T00759,,,3.04,15.18,0.2,0.04,0.16,2.88,15.18,19.5,-22.1
2025-06-26 13:38:00,M0031,OP0011,T00759,,,3.04,15.18,0.2,0.04,0.16,2.88,15.18,19.5,-22.1
2025-06-26 13:50:00,M0031,OP0011,T00759,,,3.04,15.18,0.2,0.03,0.16,2.88,15.18,19.5,-22.1
2025-06-26 14:02:00,M0031,OP0011,T00759,,,3.04,15.18,0.2,0.03,0.16,2.88,15.18,19.5,-22.1
2025-06-26 14:14:00,M0031,OP0011,T00759,,,3.04,15.18,0.2,0.04,0.16,2.88,15.18,19.5,-22.1
2025-06-26 14:26:00,M0031,OP0011,T00759,,,3.04,15.18,0.2,0.03,0.16,2.88,15.18,19.5,-22.1
2025-06-26 14:38:00,M0031,OP0011,T00759,,,3.04,15.18,0.2,0.03,0.16,2.88,15.18,19.5,-22.1
2025-06-26 14:50:00,M0031,OP0011,T00759,,,3.04,15.18,0.2,0.04,0.16,2.88,15.18,19.5,-22.1
2025-06-26 15:02:00,M0031,OP0011,T00759,,,3.04,15.18,0.2,0.05,0.16,2.88,15.18,19.5,-22.1
2025-06-26 15:14:00,M0031,OP0011,T00759,,,3.04,15.18,0.2,0.03,0.16,2.88,15.18,19.5,-22.1
2025-06-26 15:26:00,M0031,OP0011,T00759,,,3.04,15.18,0.2,0.05,0.16,2.88,15.18,19.5,-22.1
2025-06-26 15:38:00,M0031,OP0011,T00759,,,3.04,15.18,0.2,0.03,0.16,2.88,15.18,19.5,-22.1
2025-06-26 15:50:00,M0031,OP0011,T00759,,,3.04,15.18,0.2,0.04,0.16,2.88,15.18,19.5,-22.1
2025-05-06 14:02:00,M0008,OP0020,T00760,341.1,,2.8,14.01,0.2,0.04,0.14,2.66,14.01,20.0,-29.9
2025-05-06 14:14:00,M0008,OP0020,T00760,,,2.8,14.01,0.2,0.03,0.14,2.66,14.01,20.0,-29.9
2025-05-06 14:26:00,M0008,OP0020,T00760,,,2.8,14.01,0.2,0.04,0.14,2.66,14.01,20.0,-29.9
2025-05-06 14:38:00,M0008,OP0020,T00760,,,2.8,14.01,0.2,0.03,0.14,2.66,14.01,20.0,-29.9
2025-05-06 14:50:00,M0008,OP0020,T00760,,,2.8,14.01,0.2,0.04,0.14,2.66,14.01,20.0,-29.9
2025-05-06 15:02:00,M0008,OP0020,T00760,,,2.8,14.01,0.2,0.04,0.14,2.66,14.01,20.0,-29.9
2025-05-06 15:14:00,M0008,OP0020,T00760,,,2.8,14.01,0.2,0.03,0.14,2.66,14.01,20.0,-29.9
2025-05-06 15:26:00,M0008,OP0020,T00760,,,2.8,14.01,0.2,0.03,0.14,2.66,14.01,20.0,-29.9
2025-05-06 15:38:00,M0008,OP0020,T00760,,,2.8,14.01,0.2,0.03,0.14,2.66,14.01,20.0,-29.9
2025-05-06 15:50:00,M0008,OP0020,T00760,,,2.8,14.01,0.2,0.03,0.14,2.66,14.01,20.0,-29.9
2025-05-06 16:02:00,M0008,OP0020,T00760,,,2.8,14.01,0.2,0.04,0.14,2.66,14.01,20.0,-29.9
2025-05-06 16:14:00,M0008,OP0020,T00760,,,2.8,14.01,0.2,0.03,0.14,2.66,14.01,20.0,-29.9
2025-05-06 16:26:00,M0008,OP0020,T00760,,,2.8,14.01,0.2,0.04,0.14,2.66,14.01,20.0,-29.9
2025-05-06 16:38:00,M0008,OP0020,T00760,,,2.8,14.01,0.2,0.03,0.14,2.66,14.01,20.0,-29.9
2025-05-06 16:50:00,M0008,OP0020,T00760,,,2.8,14.01,0.2,0.04,0.14,2.66,14.01,20.0,-29.9
2025-05-06 17:02:00,M0008,OP0020,T00760,,,2.8,14.01,0.2,0.02,0.14,2.66,14.01,20.0,-29.9
2025-05-06 17:14:00,M0008,OP0020,T00760,,,2.8,14.01,0.2,0.03,0.14,2.66,14.01,20.0,-29.9
2025-05-06 17:26:00,M0008,OP0020,T00760,,,2.8,14.01,0.2,0.04,0.14,2.66,14.01,20.0,-29.9
2025-05-06 17:38:00,M0008,OP0020,T00760,,,2.8,14.01,0.2,0.03,0.14,2.66,14.01,20.0,-29.9
2025-05-06 17:50:00,M0008,OP0020,T00760,,,2.8,14.01,0.2,0.03,0.14,2.66,14.01,20.0,-29.9
2025-03-03 09:19:00,M0002,OP0042,T00761,507.5,,2.62,13.11,0.2,0.02,0.22,2.41,13.11,19.5,-32.8
2025-03-03 09:31:00,M0002,OP0042,T00761,,,2.62,13.11,0.2,0.03,0.22,2.41,13.11,19.5,-32.8
2025-03-03 09:43:00,M0002,OP0042,T00761,,,2.62,13.11,0.2,0.02,0.22,2.41,13.11,19.5,-32.8
2025-03-03 09:55:00,M0002,OP0042,T00761,,,2.62,13.11,0.2,0.02,0.22,2.41,13.11,19.5,-32.8
2025-03-03 10:07:00,M0002,OP0042,T00761,,,2.62,13.11,0.2,0.02,0.22,2.41,13.11,19.5,-32.8
2025-03-03 10:19:00,M0002,OP0042,T00761,,,2.62,13.11,0.2,0.03,0.22,2.41,13.11,19.5,-32.8
2025-03-03 10:31:00,M0002,OP0042,T00761,,,2.62,13.11,0.2,0.02,0.22,2.41,13.11,19.5,-32.8
2025-03-03 10:43:00,M0002,OP0042,T00761,,,2.62,13.11,0.2,0.03,0.22,2.41,13.11,19.5,-32.8
2025-03-03 10:55:00,M0002,OP0042,T00761,,,2.62,13.11,0.2,0.02,0.22,2.41,13.11,19.5,-32.8
2025-03-03 11:07:00,M0002,OP0042,T00761,,,2.62,13.11,0.2,0.03,0.22,2.41,13.11,19.5,-32.8
2025-03-03 11:19:00,M0002,OP0042,T00761,,,2.62,13.11,0.2,0.02,0.22,2.41,13.11,19.5,-32.8
2025-03-03 11:31:00,M0002,OP0042,T00761,,,2.62,13.11,0.2,0.03,0.22,2.41,13.11,19.5,-32.8
2025-03-03 11:43:00,M0002,OP0042,T00761,,,2.62,13.11,0.2,0.02,0.22,2.41,13.11,19.5,-32.8
2025-03-03 11:55:00,M0002,OP0042,T00761,,,2.62,13.11,0.2,0.03,0.22,2.41,13.11,19.5,-32.8
2025-03-03 12:07:00,M0002,OP0042,T00761,,,2.62,13.11,0.2,0.03,0.22,2.41,13.11,19.5,-32.8
2025-03-03 12:19:00,M0002,OP0042,T00761,,,2.62,13.11,0.2,0.02,0.22,2.41,13.11,19.5,-32.8
2025-03-03 12:31:00,M0002,OP0042,T00761,,,2.62,13.11,0.2,0.02,0.22,2.41,13.11,19.5,-32.8
2025-03-03 12:43:00,M0002,OP0042,T00761,,,2.62,13.11,0.2,0.02,0.22,2.41,13.11,19.5,-32.8
2025-03-03 12:55:00,M0002,OP0042,T00761,,,2.62,13.11,0.2,0.02,0.22,2.41,13.11,19.5,-32.8
2025-03-03 13:07:00,M0002,OP0042,T00761,,,2.62,13.11,0.2,0.02,0.22,2.41,13.11,19.5,-32.8
2025-03-17 07:21:00,M0028,OP0004,T00762,546.4,,3.27,16.33,0.2,0.02,0.2,3.07,16.33,20.0,-18.3
2025-03-17 07:33:00,M0028,OP0004,T00762,,,3.27,16.33,0.2,0.02,0.2,3.07,16.33,20.0,-18.3
2025-03-17 07:45:00,M0028,OP0004,T00762,,,3.27,16.33,0.2,0.02,0.2,3.07,16.33,20.0,-18.3
2025-03-17 07:57:00,M0028,OP0004,T00762,,,3.27,16.33,0.2,0.02,0.2,3.07,16.33,20.0,-18.3
2025-03-17 08:09:00,M0028,OP0004,T00762,,,3.27,16.33,0.2,0.02,0.2,3.07,16.33,20.0,-18.3
2025-03-17 08:21:00,M0028,OP0004,T00762,,,3.27,16.33,0.2,0.01,0.2,3.07,16.33,20.0,-18.3
2025-03-17 08:33:00,M0028,OP0004,T00762,,,3.27,16.33,0.2,0.02,0.2,3.07,16.33,20.0,-18.3
2025-03-17 08:45:00,M0028,OP0004,T00762,,,3.27,16.33,0.2,0.02,0.2,3.07,16.33,20.0,-18.3
2025-03-17 08:57:00,M0028,OP0004,T00762,,,3.27,16.33,0.2,0.02,0.2,3.07,16.33,20.0,-18.3
2025-03-17 09:09:00,M0028,OP0004,T00762,,,3.27,16.33,0.2,0.02,0.2,3.07,16.33,20.0,-18.3
2025-03-17 09:21:00,M0028,OP0004,T00762,,,3.27,16.33,0.2,0.02,0.2,3.07,16.33,20.0,-18.3
2025-03-17 09:33:00,M0028,OP0004,T00762,,,3.27,16.33,0.2,0.02,0.2,3.07,16.33,20.0,-18.3
2025-03-17 09:45:00,M0028,OP0004,T00762,,,3.27,16.33,0.2,0.02,0.2,3.07,16.33,20.0,-18.3
2025-03-17 09:57:00,M0028,OP0004,T00762,,,2.72,16.33,0.17,0.02,0.17,2.55,16.33,20.0,-18.3
2025-02-19 08:09:00,M0016,OP0002,T00763,270.6,,2.08,10.38,0.2,0.04,0.06,2.02,10.38,12.0,-13.5
2025-02-19 08:21:00,M0016,OP0002,T00763,,,2.08,10.38,0.2,0.04,0.06,2.02,10.38,12.0,-13.5
2025-02-19 08:33:00,M0016,OP0002,T00763,,,2.08,10.38,0.2,0.04,0.06,2.02,10.38,12.0,-13.5
2025-02-19 08:45:00,M0016,OP0002,T00763,,,2.08,10.38,0.2,0.05,0.06,2.02,10.38,12.0,-13.5
2025-02-19 08:57:00,M0016,OP0002,T00763,,,2.08,10.38,0.2,0.04,0.06,2.02,10.38,12.0,-13.5
2025-02-19 09:09:00,M0016,OP0002,T00763,,,2.08,10.38,0.2,0.04,0.06,2.02,10.38,12.0,-13.5
2025-02-19 09:21:00,M0016,OP0002,T00763,,,2.08,10.38,0.2,0.03,0.06,2.02,10.38,12.0,-13.5
2025-02-19 09:33:00,M0016,OP0002,T00763,,,2.08,10.38,0.2,0.02,0.06,2.02,10.38,12.0,-13.5
2025-02-19 09:45:00,M0016,OP0002,T00763,,,2.08,10.38,0.2,0.04,0.06,2.02,10.38,12.0,-13.5
2025-02-19 09:57:00,M0016,OP0002,T00763,,,2.08,10.38,0.2,0.04,0.06,2.02,10.38,12.0,-13.5
2025-02-19 10:09:00,M0016,OP0002,T00763,,,0.87,10.38,0.08,0.02,0.02,0.84,10.38,12.0,-13.5
2025-04-06 14:32:00,M0025,OP0017,T00764,331.2,,3.12,15.58,0.2,0.03,0.23,2.89,15.58,19.5,-20.1
2025-04-06 14:44:00,M0025,OP0017,T00764,,,3.12,15.58,0.2,0.03,0.23,2.89,15.58,19.5,-20.1
2025-04-06 14:56:00,M0025,OP0017,T00764,,,3.12,15.58,0.2,0.03,0.23,2.89,15.58,19.5,-20.1
2025-04-06 15:08:00,M0025,OP0017,T00764,,,3.12,15.58,0.2,0.02,0.23,2.89,15.58,19.5,-20.1
2025-04-06 15:20:00,M0025,OP0017,T00764,,,3.12,15.58,0.2,0.03,0.23,2.89,15.58,19.5,-20.1
2025-04-06 15:32:00,M0025,OP0017,T00764,,,3.12,15.58,0.2,0.03,0.23,2.89,15.58,19.5,-20.1
2025-04-06 15:44:00,M0025,OP0017,T00764,,,3.12,15.58,0.2,0.02,0.23,2.89,15.58,19.5,-20.1
2025-04-06 15:56:00,M0025,OP0017,T00764,,,3.12,15.58,0.2,0.03,0.23,2.89,15.58,19.5,-20.1
2025-04-06 16:08:00,M0025,OP0017,T00764,,,3.12,15.58,0.2,0.03,0.23,2.89,15.58,19.5,-20.1
2025-04-06 16:20:00,M0025,OP0017,T00764,,,3.12,15.58,0.2,0.03,0.23,2.89,15.58,19.5,-20.1
2025-04-06 16:32:00,M0025,OP0017,T00764,,,3.12,15.58,0.2,0.02,0.23,2.89,15.58,19.5,-20.1
2025-04-06 16:44:00,M0025,OP0017,T00764,,,3.12,15.58,0.2,0.03,0.23,2.89,15.58,19.5,-20.1
2025-04-06 16:56:00,M0025,OP0017,T00764,,,3.12,15.58,0.2,0.03,0.23,2.89,15.58,19.5,-20.1
2025-04-06 17:08:00,M0025,OP0017,T00764,,,3.12,15.58,0.2,0.02,0.23,2.89,15.58,19.5,-20.1
2025-04-06 17:20:00,M0025,OP0017,T00764,,,3.12,15.58,0.2,0.03,0.23,2.89,15.58,19.5,-20.1
2025-04-06 17:32:00,M0025,OP0017,T00764,,,3.12,15.58,0.2,0.03,0.23,2.89,15.58,19.5,-20.1
2025-04-06 17:44:00,M0025,OP0017,T00764,,,3.12,15.58,0.2,0.02,0.23,2.89,15.58,19.5,-20.1
2025-04-06 17:56:00,M0025,OP0017,T00764,,,3.12,15.58,0.2,0.03,0.23,2.89,15.58,19.5,-20.1
2025-04-06 18:08:00,M0025,OP0017,T00764,,,3.12,15.58,0.2,0.03,0.23,2.89,15.58,19.5,-20.1
2025-04-06 18:20:00,M0025,OP0017,T00764,,,3.12,15.58,0.2,0.02,0.23,2.89,15.58,19.5,-20.1
2025-05-05 14:06:00,M0035,OP0008,T00765,265.5,,3.64,18.21,0.2,0.05,0.05,3.59,18.21,14.5,25.6
2025-05-05 14:18:00,M0035,OP0008,T00765,,,3.64,18.21,0.2,0.07,0.05,3.59,18.21,14.5,25.6
2025-05-05 14:30:00,M0035,OP0008,T00765,,,3.64,18.21,0.2,0.08,0.05,3.59,18.21,14.5,25.6
2025-05-05 14:42:00,M0035,OP0008,T00765,,,3.64,18.21,0.2,0.07,0.05,3.59,18.21,14.5,25.6
2025-05-05 14:54:00,M0035,OP0008,T00765,,,3.64,18.21,0.2,0.06,0.05,3.59,18.21,14.5,25.6
2025-05-05 15:06:00,M0035,OP0008,T00765,,,3.64,18.21,0.2,0.06,0.05,3.59,18.21,14.5,25.6
2025-05-05 15:18:00,M0035,OP0008,T00765,,,3.64,18.21,0.2,0.06,0.05,3.59,18.21,14.5,25.6
2025-05-05 15:30:00,M0035,OP0008,T00765,,,3.64,18.21,0.2,0.06,0.05,3.59,18.21,14.5,25.6
2025-05-05 15:42:00,M0035,OP0008,T00765,,,3.64,18.21,0.2,0.08,0.05,3.59,18.21,14.5,25.6
2025-05-05 15:54:00,M0035,OP0008,T00765,,,3.64,18.21,0.2,0.07,0.05,3.59,18.21,14.5,25.6
2025-05-05 16:06:00,M0035,OP0008,T00765,,,3.64,18.21,0.2,0.08,0.05,3.59,18.21,14.5,25.6
2025-05-05 16:18:00,M0035,OP0008,T00765,,,3.64,18.21,0.2,0.05,0.05,3.59,18.21,14.5,25.6
2025-05-05 16:30:00,M0035,OP0008,T00765,,,3.64,18.21,0.2,0.04,0.05,3.59,18.21,14.5,25.6
2025-05-05 16:42:00,M0035,OP0008,T00765,,,3.64,18.21,0.2,0.06,0.05,3.59,18.21,14.5,25.6
2025-05-05 16:54:00,M0035,OP0008,T00765,,,3.64,18.21,0.2,0.07,0.05,3.59,18.21,14.5,25.6
2025-05-05 17:06:00,M0035,OP0008,T00765,,,3.64,18.21,0.2,0.04,0.05,3.59,18.21,14.5,25.6
2025-05-05 17:18:00,M0035,OP0008,T00765,,,3.64,18.21,0.2,0.08,0.05,3.59,18.21,14.5,25.6
2025-05-05 17:30:00,M0035,OP0008,T00765,,,3.64,18.21,0.2,0.07,0.05,3.59,18.21,14.5,25.6
2025-05-05 17:42:00,M0035,OP0008,T00765,,,3.64,18.21,0.2,0.05,0.05,3.59,18.21,14.5,25.6
2025-05-05 17:54:00,M0035,OP0008,T00765,,,3.64,18.21,0.2,0.06,0.05,3.59,18.21,14.5,25.6
2025-06-13 10:43:00,M0038,OP0026,T00766,559.9,,3.97,19.85,0.2,0.05,0.21,3.76,19.85,25.0,-20.6
2025-06-13 10:55:00,M0038,OP0026,T00766,,,3.97,19.85,0.2,0.05,0.21,3.76,19.85,25.0,-20.6
2025-06-13 11:07:00,M0038,OP0026,T00766,,,3.97,19.85,0.2,0.04,0.21,3.76,19.85,25.0,-20.6
2025-06-13 11:19:00,M0038,OP0026,T00766,,,3.97,19.85,0.2,0.03,0.21,3.76,19.85,25.0,-20.6
2025-06-13 11:31:00,M0038,OP0026,T00766,,,3.97,19.85,0.2,0.03,0.21,3.76,19.85,25.0,-20.6
2025-06-13 11:43:00,M0038,OP0026,T00766,,,3.97,19.85,0.2,0.04,0.21,3.76,19.85,25.0,-20.6
2025-06-13 11:55:00,M0038,OP0026,T00766,,,3.97,19.85,0.2,0.05,0.21,3.76,19.85,25.0,-20.6
2025-06-13 12:07:00,M0038,OP0026,T00766,,,3.97,19.85,0.2,0.04,0.21,3.76,19.85,25.0,-20.6
2025-06-13 12:19:00,M0038,OP0026,T00766,,,3.97,19.85,0.2,0.05,0.21,3.76,19.85,25.0,-20.6
2025-06-13 12:31:00,M0038,OP0026,T00766,,,3.97,19.85,0.2,0.04,0.21,3.76,19.85,25.0,-20.6
2025-06-13 12:43:00,M0038,OP0026,T00766,,,3.97,19.85,0.2,0.03,0.21,3.76,19.85,25.0,-20.6
2025-06-13 12:55:00,M0038,OP0026,T00766,,,3.97,19.85,0.2,0.04,0.21,3.76,19.85,25.0,-20.6
2025-06-13 13:07:00,M0038,OP0026,T00766,,,3.97,19.85,0.2,0.04,0.21,3.76,19.85,25.0,-20.6
2025-06-13 13:19:00,M0038,OP0026,T00766,,,3.97,19.85,0.2,0.04,0.21,3.76,19.85,25.0,-20.6
2025-06-13 13:31:00,M0038,OP0026,T00766,,,3.97,19.85,0.2,0.05,0.21,3.76,19.85,25.0,-20.6
2025-06-13 13:43:00,M0038,OP0026,T00766,,,3.97,19.85,0.2,0.05,0.21,3.76,19.85,25.0,-20.6
2025-06-13 13:55:00,M0038,OP0026,T00766,,,3.97,19.85,0.2,0.05,0.21,3.76,19.85,25.0,-20.6
2025-06-13 14:07:00,M0038,OP0026,T00766,,,3.97,19.85,0.2,0.04,0.21,3.76,19.85,25.0,-20.6
2025-06-13 14:19:00,M0038,OP0026,T00766,,,3.97,19.85,0.2,0.05,0.21,3.76,19.85,25.0,-20.6
2025-06-13 14:31:00,M0038,OP0026,T00766,,,3.97,19.85,0.2,0.03,0.21,3.76,19.85,25.0,-20.6
2025-09-01 10:24:00,M0042,OP0048,T00769,498.1,,4.19,20.95,0.2,0.01,0.15,4.04,20.95,25.0,-16.2
2025-09-01 10:36:00,M0042,OP0048,T00769,,,4.19,20.95,0.2,0.01,0.15,4.04,20.95,25.0,-16.2
2025-09-01 10:48:00,M0042,OP0048,T00769,,,4.19,20.95,0.2,0.01,0.15,4.04,20.95,25.0,-16.2
2025-09-01 11:00:00,M0042,OP0048,T00769,,,4.19,20.95,0.2,0.01,0.15,4.04,20.95,25.0,-16.2
2025-09-01 11:12:00,M0042,OP0048,T00769,,,4.19,20.95,0.2,0.02,0.15,4.04,20.95,25.0,-16.2
2025-09-01 11:24:00,M0042,OP0048,T00769,,,4.19,20.95,0.2,0.01,0.15,4.04,20.95,25.0,-16.2
2025-09-01 11:36:00,M0042,OP0048,T00769,,,4.19,20.95,0.2,0.01,0.15,4.04,20.95,25.0,-16.2
2025-09-01 11:48:00,M0042,OP0048,T00769,,,4.19,20.95,0.2,0.01,0.15,4.04,20.95,25.0,-16.2
2025-09-01 12:00:00,M0042,OP0048,T00769,,,4.19,20.95,0.2,0.02,0.15,4.04,20.95,25.0,-16.2
2025-09-01 12:12:00,M0042,OP0048,T00769,,,4.19,20.95,0.2,0.01,0.15,4.04,20.95,25.0,-16.2
2025-09-01 12:24:00,M0042,OP0048,T00769,,,4.19,20.95,0.2,0.01,0.15,4.04,20.95,25.0,-16.2
2025-09-01 12:36:00,M0042,OP0048,T00769,,,4.19,20.95,0.2,0.02,0.15,4.04,20.95,25.0,-16.2
2025-09-01 12:48:00,M0042,OP0048,T00769,,,4.19,20.95,0.2,0.01,0.15,4.04,20.95,25.0,-16.2
2025-09-01 13:00:00,M0042,OP0048,T00769,,,4.19,20.95,0.2,0.01,0.15,4.04,20.95,25.0,-16.2
2025-09-01 13:12:00,M0042,OP0048,T00769,,,4.19,20.95,0.2,0.01,0.15,4.04,20.95,25.0,-16.2
2025-09-01 13:24:00,M0042,OP0048,T00769,,,4.19,20.95,0.2,0.01,0.15,4.04,20.95,25.0,-16.2
2025-09-01 13:36:00,M0042,OP0048,T00769,,,4.19,20.95,0.2,0.02,0.15,4.04,20.95,25.0,-16.2
2025-09-01 13:48:00,M0042,OP0048,T00769,,,4.19,20.95,0.2,0.01,0.15,4.04,20.95,25.0,-16.2
2025-09-01 14:00:00,M0042,OP0048,T00769,,,4.19,20.95,0.2,0.02,0.15,4.04,20.95,25.0,-16.2
2025-09-01 14:12:00,M0042,OP0048,T00769,,,4.19,20.95,0.2,0.01,0.15,4.04,20.95,25.0,-16.2
2025-09-07 09:55:00,M0017,OP0026,T00771,302.5,,2.46,12.31,0.2,0.01,0.07,2.4,12.31,14.5,-15.1
2025-09-07 10:07:00,M0017,OP0026,T00771,,,2.46,12.31,0.2,0.01,0.07,2.4,12.31,14.5,-15.1
2025-09-07 10:19:00,M0017,OP0026,T00771,,,2.46,12.31,0.2,0.02,0.07,2.4,12.31,14.5,-15.1
2025-09-07 10:31:00,M0017,OP0026,T00771,,,2.46,12.31,0.2,0.01,0.07,2.4,12.31,14.5,-15.1
2025-09-07 10:43:00,M0017,OP0026,T00771,,,2.46,12.31,0.2,0.01,0.07,2.4,12.31,14.5,-15.1
2025-09-07 10:55:00,M0017,OP0026,T00771,,,2.46,12.31,0.2,0.02,0.07,2.4,12.31,14.5,-15.1
2025-09-07 11:07:00,M0017,OP0026,T00771,,,2.46,12.31,0.2,0.01,0.07,2.4,12.31,14.5,-15.1
2025-09-07 11:19:00,M0017,OP0026,T00771,,,2.46,12.31,0.2,0.02,0.07,2.4,12.31,14.5,-15.1
2025-09-07 11:31:00,M0017,OP0026,T00771,,,2.46,12.31,0.2,0.01,0.07,2.4,12.31,14.5,-15.1
2025-09-07 11:43:00,M0017,OP0026,T00771,,,2.46,12.31,0.2,0.02,0.07,2.4,12.31,14.5,-15.1
2025-09-07 11:55:00,M0017,OP0026,T00771,,,2.46,12.31,0.2,0.02,0.07,2.4,12.31,14.5,-15.1
2025-09-07 12:07:00,M0017,OP0026,T00771,,,2.46,12.31,0.2,0.01,0.07,2.4,12.31,14.5,-15.1
2025-09-07 12:19:00,M0017,OP0026,T00771,,,2.46,12.31,0.2,0.02,0.07,2.4,12.31,14.5,-15.1
2025-09-07 12:31:00,M0017,OP0026,T00771,,,2.46,12.31,0.2,0.02,0.07,2.4,12.31,14.5,-15.1
2025-09-07 12:43:00,M0017,OP0026,T00771,,,2.46,12.31,0.2,0.01,0.07,2.4,12.31,14.5,-15.1
2025-03-23 06:04:00,M0025,OP0046,T00772,367.1,,2.82,14.12,0.2,0.05,0.27,2.55,14.12,19.5,-27.6
2025-03-23 06:16:00,M0025,OP0046,T00772,,,2.82,14.12,0.2,0.05,0.27,2.55,14.12,19.5,-27.6
2025-03-23 06:28:00,M0025,OP0046,T00772,,,2.82,14.12,0.2,0.05,0.27,2.55,14.12,19.5,-27.6
2025-03-23 06:40:00,M0025,OP0046,T00772,,,2.82,14.12,0.2,0.07,0.27,2.55,14.12,19.5,-27.6
2025-03-23 06:52:00,M0025,OP0046,T00772,,,2.82,14.12,0.2,0.05,0.27,2.55,14.12,19.5,-27.6
2025-03-23 07:04:00,M0025,OP0046,T00772,,,2.82,14.12,0.2,0.07,0.27,2.55,14.12,19.5,-27.6
2025-03-23 07:16:00,M0025,OP0046,T00772,,,2.82,14.12,0.2,0.05,0.27,2.55,14.12,19.5,-27.6
2025-03-23 07:28:00,M0025,OP0046,T00772,,,2.82,14.12,0.2,0.07,0.27,2.55,14.12,19.5,-27.6
2025-03-23 07:40:00,M0025,OP0046,T00772,,,2.82,14.12,0.2,0.05,0.27,2.55,14.12,19.5,-27.6
2025-03-23 07:52:00,M0025,OP0046,T00772,,,2.82,14.12,0.2,0.05,0.27,2.55,14.12,19.5,-27.6
2025-03-23 08:04:00,M0025,OP0046,T00772,,,2.82,14.12,0.2,0.05,0.27,2.55,14.12,19.5,-27.6
2025-03-23 08:16:00,M0025,OP0046,T00772,,,2.82,14.12,0.2,0.06,0.27,2.55,14.12,19.5,-27.6
2025-03-23 08:28:00,M0025,OP0046,T00772,,,2.82,14.12,0.2,0.06,0.27,2.55,14.12,19.5,-27.6
2025-03-23 08:40:00,M0025,OP0046,T00772,,,2.82,14.12,0.2,0.07,0.27,2.55,14.12,19.5,-27.6
2025-03-23 08:52:00,M0025,OP0046,T00772,,,2.82,14.12,0.2,0.07,0.27,2.55,14.12,19.5,-27.6
2025-03-23 09:04:00,M0025,OP0046,T00772,,,2.82,14.12,0.2,0.08,0.27,2.55,14.12,19.5,-27.6
2025-03-23 09:16:00,M0025,OP0046,T00772,,,2.82,14.12,0.2,0.08,0.27,2.55,14.12,19.5,-27.6
2025-03-23 09:28:00,M0025,OP0046,T00772,,,2.82,14.12,0.2,0.06,0.27,2.55,14.12,19.5,-27.6
2025-03-23 09:40:00,M0025,OP0046,T00772,,,2.82,14.12,0.2,0.07,0.27,2.55,14.12,19.5,-27.6
2025-03-23 09:52:00,M0025,OP0046,T00772,,,2.82,14.12,0.2,0.07,0.27,2.55,14.12,19.5,-27.6
2025-03-27 11:37:00,M0015,OP0040,T00773,251.8,,3.43,17.13,0.2,0.02,0.11,3.32,17.13,20.0,-14.4
2025-03-27 11:49:00,M0015,OP0040,T00773,,,3.43,17.13,0.2,0.02,0.11,3.32,17.13,20.0,-14.4
2025-03-27 12:01:00,M0015,OP0040,T00773,,,3.43,17.13,0.2,0.02,0.11,3.32,17.13,20.0,-14.4
2025-03-27 12:13:00,M0015,OP0040,T00773,,,3.43,17.13,0.2,0.02,0.11,3.32,17.13,20.0,-14.4
2025-03-27 12:25:00,M0015,OP0040,T00773,,,3.43,17.13,0.2,0.02,0.11,3.32,17.13,20.0,-14.4
2025-03-27 12:37:00,M0015,OP0040,T00773,,,3.43,17.13,0.2,0.02,0.11,3.32,17.13,20.0,-14.4
2025-03-27 12:49:00,M0015,OP0040,T00773,,,3.43,17.13,0.2,0.02,0.11,3.32,17.13,20.0,-14.4
2025-03-27 13:01:00,M0015,OP0040,T00773,,,3.43,17.13,0.2,0.02,0.11,3.32,17.13,20.0,-14.4
2025-03-27 13:13:00,M0015,OP0040,T00773,,,3.43,17.13,0.2,0.02,0.11,3.32,17.13,20.0,-14.4
2025-03-27 13:25:00,M0015,OP0040,T00773,,,3.43,17.13,0.2,0.02,0.11,3.32,17.13,20.0,-14.4
2025-03-27 13:37:00,M0015,OP0040,T00773,,,3.43,17.13,0.2,0.02,0.11,3.32,17.13,20.0,-14.4
2025-03-27 13:49:00,M0015,OP0040,T00773,,,3.43,17.13,0.2,0.02,0.11,3.32,17.13,20.0,-14.4
2025-03-27 14:01:00,M0015,OP0040,T00773,,,3.43,17.13,0.2,0.02,0.11,3.32,17.13,20.0,-14.4
2025-03-27 14:13:00,M0015,OP0040,T00773,,,3.43,17.13,0.2,0.02,0.11,3.32,17.13,20.0,-14.4
2025-03-27 14:25:00,M0015,OP0040,T00773,,,3.43,17.13,0.2,0.02,0.11,3.32,17.13,20.0,-14.4
2025-03-27 14:37:00,M0015,OP0040,T00773,,,3.43,17.13,0.2,0.02,0.11,3.32,17.13,20.0,-14.4
2025-03-27 14:49:00,M0015,OP0040,T00773,,,3.43,17.13,0.2,0.02,0.11,3.32,17.13,20.0,-14.4
2025-03-27 15:01:00,M0015,OP0040,T00773,,,3.43,17.13,0.2,0.02,0.11,3.32,17.13,20.0,-14.4
2025-03-27 15:13:00,M0015,OP0040,T00773,,,3.43,17.13,0.2,0.02,0.11,3.32,17.13,20.0,-14.4
2025-03-27 15:25:00,M0015,OP0040,T00773,,,3.43,17.13,0.2,0.02,0.11,3.32,17.13,20.0,-14.4
2025-04-07 14:34:00,M0038,OP0035,T00775,389.1,,3.18,15.92,0.2,0.02,0.25,2.94,15.92,25.0,-36.3
2025-04-07 14:46:00,M0038,OP0035,T00775,,,3.18,15.92,0.2,0.02,0.25,2.94,15.92,25.0,-36.3
2025-04-07 14:58:00,M0038,OP0035,T00775,,,3.18,15.92,0.2,0.02,0.25,2.94,15.92,25.0,-36.3
2025-04-07 15:10:00,M0038,OP0035,T00775,,,3.18,15.92,0.2,0.02,0.25,2.94,15.92,25.0,-36.3
2025-04-07 15:22:00,M0038,OP0035,T00775,,,3.18,15.92,0.2,0.02,0.25,2.94,15.92,25.0,-36.3
2025-04-07 15:34:00,M0038,OP0035,T00775,,,3.18,15.92,0.2,0.02,0.25,2.94,15.92,25.0,-36.3
2025-04-07 15:46:00,M0038,OP0035,T00775,,,3.18,15.92,0.2,0.02,0.25,2.94,15.92,25.0,-36.3
2025-04-07 15:58:00,M0038,OP0035,T00775,,,3.18,15.92,0.2,0.03,0.25,2.94,15.92,25.0,-36.3
2025-04-07 16:10:00,M0038,OP0035,T00775,,,3.18,15.92,0.2,0.02,0.25,2.94,15.92,25.0,-36.3
2025-04-07 16:22:00,M0038,OP0035,T00775,,,3.18,15.92,0.2,0.02,0.25,2.94,15.92,25.0,-36.3
2025-04-07 16:34:00,M0038,OP0035,T00775,,,3.18,15.92,0.2,0.02,0.25,2.94,15.92,25.0,-36.3
2025-04-07 16:46:00,M0038,OP0035,T00775,,,3.18,15.92,0.2,0.02,0.25,2.94,15.92,25.0,-36.3
2025-04-07 16:58:00,M0038,OP0035,T00775,,,3.18,15.92,0.2,0.02,0.25,2.94,15.92,25.0,-36.3
2025-04-07 17:10:00,M0038,OP0035,T00775,,,3.18,15.92,0.2,0.02,0.25,2.94,15.92,25.0,-36.3
2025-04-07 17:22:00,M0038,OP0035,T00775,,,3.18,15.92,0.2,0.03,0.25,2.94,15.92,25.0,-36.3
2025-04-07 17:34:00,M0038,OP0035,T00775,,,3.18,15.92,0.2,0.02,0.25,2.94,15.92,25.0,-36.3
2025-04-07 17:46:00,M0038,OP0035,T00775,,,3.18,15.92,0.2,0.02,0.25,2.94,15.92,25.0,-36.3
2025-04-07 17:58:00,M0038,OP0035,T00775,,,3.18,15.92,0.2,0.02,0.25,2.94,15.92,25.0,-36.3
2025-04-07 18:10:00,M0038,OP0035,T00775,,,3.18,15.92,0.2,0.02,0.25,2.94,15.92,25.0,-36.3
2025-04-07 18:22:00,M0038,OP0035,T00775,,,3.18,15.92,0.2,0.02,0.25,2.94,15.92,25.0,-36.3
2025-07-08 09:02:00,M0037,OP0016,T00777,269.9,,1.9,9.48,0.2,0.06,0.14,1.76,9.48,12.0,-21.0
2025-07-08 09:14:00,M0037,OP0016,T00777,,,1.9,9.48,0.2,0.05,0.14,1.76,9.48,12.0,-21.0
2025-07-08 09:26:00,M0037,OP0016,T00777,,,1.9,9.48,0.2,0.06,0.14,1.76,9.48,12.0,-21.0
2025-07-08 09:38:00,M0037,OP0016,T00777,,,1.9,9.48,0.2,0.04,0.14,1.76,9.48,12.0,-21.0
2025-07-08 09:50:00,M0037,OP0016,T00777,,,1.9,9.48,0.2,0.04,0.14,1.76,9.48,12.0,-21.0
2025-07-08 10:02:00,M0037,OP0016,T00777,,,1.9,9.48,0.2,0.04,0.14,1.76,9.48,12.0,-21.0
2025-07-08 10:14:00,M0037,OP0016,T00777,,,1.9,9.48,0.2,0.05,0.14,1.76,9.48,12.0,-21.0
2025-07-08 10:26:00,M0037,OP0016,T00777,,,1.9,9.48,0.2,0.04,0.14,1.76,9.48,12.0,-21.0
2025-07-08 10:38:00,M0037,OP0016,T00777,,,1.9,9.48,0.2,0.06,0.14,1.76,9.48,12.0,-21.0
2025-07-08 10:50:00,M0037,OP0016,T00777,,,1.9,9.48,0.2,0.04,0.14,1.76,9.48,12.0,-21.0
2025-07-08 11:02:00,M0037,OP0016,T00777,,,0.95,9.48,0.1,0.03,0.07,0.88,9.48,12.0,-21.0
2025-06-18 09:28:00,M0013,OP0049,T00779,193.1,,1.52,7.58,0.2,0.06,0.09,1.42,7.58,10.5,-27.8
2025-06-18 09:40:00,M0013,OP0049,T00779,,,1.52,7.58,0.2,0.04,0.09,1.42,7.58,10.5,-27.8
2025-06-18 09:52:00,M0013,OP0049,T00779,,,1.52,7.58,0.2,0.04,0.09,1.42,7.58,10.5,-27.8
2025-06-18 10:04:00,M0013,OP0049,T00779,,,0.51,7.58,0.07,0.01,0.03,0.47,7.58,10.5,-27.8
2025-01-03 06:46:00,M0017,OP0002,T00780,200.1,,2.25,11.26,0.2,0.02,0.11,2.14,11.26,14.5,-22.4
2025-01-03 06:58:00,M0017,OP0002,T00780,,,2.25,11.26,0.2,0.03,0.11,2.14,11.26,14.5,-22.4
2025-01-03 07:10:00,M0017,OP0002,T00780,,,2.25,11.26,0.2,0.02,0.11,2.14,11.26,14.5,-22.4
2025-01-03 07:22:00,M0017,OP0002,T00780,,,2.25,11.26,0.2,0.02,0.11,2.14,11.26,14.5,-22.4
2025-01-03 07:34:00,M0017,OP0002,T00780,,,2.25,11.26,0.2,0.02,0.11,2.14,11.26,14.5,-22.4
2025-01-03 07:46:00,M0017,OP0002,T00780,,,2.25,11.26,0.2,0.02,0.11,2.14,11.26,14.5,-22.4
2025-01-03 07:58:00,M0017,OP0002,T00780,,,2.25,11.26,0.2,0.03,0.11,2.14,11.26,14.5,-22.4
2025-01-03 08:10:00,M0017,OP0002,T00780,,,2.25,11.26,0.2,0.03,0.11,2.14,11.26,14.5,-22.4
2025-01-03 08:22:00,M0017,OP0002,T00780,,,2.25,11.26,0.2,0.02,0.11,2.14,11.26,14.5,-22.4
2025-01-03 08:34:00,M0017,OP0002,T00780,,,2.25,11.26,0.2,0.02,0.11,2.14,11.26,14.5,-22.4
2025-01-03 08:46:00,M0017,OP0002,T00780,,,2.25,11.26,0.2,0.02,0.11,2.14,11.26,14.5,-22.4
2025-01-03 08:58:00,M0017,OP0002,T00780,,,2.25,11.26,0.2,0.02,0.11,2.14,11.26,14.5,-22.4
2025-01-03 09:10:00,M0017,OP0002,T00780,,,2.25,11.26,0.2,0.02,0.11,2.14,11.26,14.5,-22.4
2025-01-03 09:22:00,M0017,OP0002,T00780,,,2.25,11.26,0.2,0.02,0.11,2.14,11.26,14.5,-22.4
2025-01-03 09:34:00,M0017,OP0002,T00780,,,2.25,11.26,0.2,0.02,0.11,2.14,11.26,14.5,-22.4
2025-01-03 09:46:00,M0017,OP0002,T00780,,,2.25,11.26,0.2,0.03,0.11,2.14,11.26,14.5,-22.4
2025-01-03 09:58:00,M0017,OP0002,T00780,,,2.25,11.26,0.2,0.02,0.11,2.14,11.26,14.5,-22.4
2025-01-03 10:10:00,M0017,OP0002,T00780,,,2.25,11.26,0.2,0.02,0.11,2.14,11.26,14.5,-22.4
2025-01-03 10:22:00,M0017,OP0002,T00780,,,2.25,11.26,0.2,0.02,0.11,2.14,11.26,14.5,-22.4
2025-01-03 10:34:00,M0017,OP0002,T00780,,,2.25,11.26,0.2,0.02,0.11,2.14,11.26,14.5,-22.4
2025-01-13 13:37:00,M0031,OP0039,T00781,251.6,,2.83,14.15,0.2,0.03,0.23,2.6,14.15,19.5,-27.4
2025-01-13 13:49:00,M0031,OP0039,T00781,,,2.83,14.15,0.2,0.02,0.23,2.6,14.15,19.5,-27.4
2025-01-13 14:01:00,M0031,OP0039,T00781,,,2.83,14.15,0.2,0.02,0.23,2.6,14.15,19.5,-27.4
2025-01-13 14:13:00,M0031,OP0039,T00781,,,2.83,14.15,0.2,0.02,0.23,2.6,14.15,19.5,-27.4
2025-01-13 14:25:00,M0031,OP0039,T00781,,,2.83,14.15,0.2,0.03,0.23,2.6,14.15,19.5,-27.4
2025-01-13 14:37:00,M0031,OP0039,T00781,,,2.83,14.15,0.2,0.03,0.23,2.6,14.15,19.5,-27.4
2025-01-13 14:49:00,M0031,OP0039,T00781,,,2.83,14.15,0.2,0.02,0.23,2.6,14.15,19.5,-27.4
2025-01-13 15:01:00,M0031,OP0039,T00781,,,2.83,14.15,0.2,0.02,0.23,2.6,14.15,19.5,-27.4
2025-01-13 15:13:00,M0031,OP0039,T00781,,,2.83,14.15,0.2,0.02,0.23,2.6,14.15,19.5,-27.4
2025-01-13 15:25:00,M0031,OP0039,T00781,,,2.83,14.15,0.2,0.02,0.23,2.6,14.15,19.5,-27.4
2025-01-13 15:37:00,M0031,OP0039,T00781,,,2.83,14.15,0.2,0.03,0.23,2.6,14.15,19.5,-27.4
2025-01-13 15:49:00,M0031,OP0039,T00781,,,2.83,14.15,0.2,0.02,0.23,2.6,14.15,19.5,-27.4
2025-01-13 16:01:00,M0031,OP0039,T00781,,,2.83,14.15,0.2,0.03,0.23,2.6,14.15,19.5,-27.4
2025-01-13 16:13:00,M0031,OP0039,T00781,,,2.83,14.15,0.2,0.02,0.23,2.6,14.15,19.5,-27.4
2025-01-13 16:25:00,M0031,OP0039,T00781,,,2.83,14.15,0.2,0.02,0.23,2.6,14.15,19.5,-27.4
2025-01-13 16:37:00,M0031,OP0039,T00781,,,2.83,14.15,0.2,0.02,0.23,2.6,14.15,19.5,-27.4
2025-01-13 16:49:00,M0031,OP0039,T00781,,,2.83,14.15,0.2,0.02,0.23,2.6,14.15,19.5,-27.4
2025-01-13 17:01:00,M0031,OP0039,T00781,,,2.83,14.15,0.2,0.02,0.23,2.6,14.15,19.5,-27.4
2025-01-13 17:13:00,M0031,OP0039,T00781,,,2.83,14.15,0.2,0.02,0.23,2.6,14.15,19.5,-27.4
2025-01-13 17:25:00,M0031,OP0039,T00781,,,2.83,14.15,0.2,0.02,0.23,2.6,14.15,19.5,-27.4
2025-03-13 10:22:00,M0008,OP0034,T00782,365.8,,2.8,13.99,0.2,0.05,0.16,2.64,13.99,20.0,-30.1
2025-03-13 10:34:00,M0008,OP0034,T00782,,,2.8,13.99,0.2,0.05,0.16,2.64,13.99,20.0,-30.1
2025-03-13 10:46:00,M0008,OP0034,T00782,,,2.8,13.99,0.2,0.05,0.16,2.64,13.99,20.0,-30.1
2025-03-13 10:58:00,M0008,OP0034,T00782,,,2.8,13.99,0.2,0.04,0.16,2.64,13.99,20.0,-30.1
2025-03-13 11:10:00,M0008,OP0034,T00782,,,2.8,13.99,0.2,0.04,0.16,2.64,13.99,20.0,-30.1
2025-03-13 11:22:00,M0008,OP0034,T00782,,,2.8,13.99,0.2,0.04,0.16,2.64,13.99,20.0,-30.1
2025-03-13 11:34:00,M0008,OP0034,T00782,,,2.8,13.99,0.2,0.05,0.16,2.64,13.99,20.0,-30.1
2025-03-13 11:46:00,M0008,OP0034,T00782,,,2.8,13.99,0.2,0.06,0.16,2.64,13.99,20.0,-30.1
2025-03-13 11:58:00,M0008,OP0034,T00782,,,2.8,13.99,0.2,0.06,0.16,2.64,13.99,20.0,-30.1
2025-03-13 12:10:00,M0008,OP0034,T00782,,,2.8,13.99,0.2,0.06,0.16,2.64,13.99,20.0,-30.1
2025-03-13 12:22:00,M0008,OP0034,T00782,,,2.8,13.99,0.2,0.07,0.16,2.64,13.99,20.0,-30.1
2025-03-13 12:34:00,M0008,OP0034,T00782,,,2.8,13.99,0.2,0.04,0.16,2.64,13.99,20.0,-30.1
2025-03-13 12:46:00,M0008,OP0034,T00782,,,2.8,13.99,0.2,0.06,0.16,2.64,13.99,20.0,-30.1
2025-03-13 12:58:00,M0008,OP0034,T00782,,,2.8,13.99,0.2,0.05,0.16,2.64,13.99,20.0,-30.1
2025-03-13 13:10:00,M0008,OP0034,T00782,,,2.8,13.99,0.2,0.06,0.16,2.64,13.99,20.0,-30.1
2025-03-13 13:22:00,M0008,OP0034,T00782,,,2.8,13.99,0.2,0.06,0.16,2.64,13.99,20.0,-30.1
2025-03-13 13:34:00,M0008,OP0034,T00782,,,2.8,13.99,0.2,0.05,0.16,2.64,13.99,20.0,-30.1
2025-03-13 13:46:00,M0008,OP0034,T00782,,,0.47,13.99,0.03,0.01,0.03,0.44,13.99,20.0,-30.1
2025-05-24 15:58:00,M0006,OP0004,T00783,118.8,,1.81,9.03,0.2,0.02,0.09,1.72,9.03,10.5,-14.0
2025-05-24 16:10:00,M0006,OP0004,T00783,,,1.81,9.03,0.2,0.02,0.09,1.72,9.03,10.5,-14.0
2025-05-24 16:22:00,M0006,OP0004,T00783,,,1.81,9.03,0.2,0.02,0.09,1.72,9.03,10.5,-14.0
2025-05-24 16:34:00,M0006,OP0004,T00783,,,1.81,9.03,0.2,0.02,0.09,1.72,9.03,10.5,-14.0
2025-05-24 16:46:00,M0006,OP0004,T00783,,,1.81,9.03,0.2,0.02,0.09,1.72,9.03,10.5,-14.0
2025-05-24 16:58:00,M0006,OP0004,T00783,,,1.81,9.03,0.2,0.01,0.09,1.72,9.03,10.5,-14.0
2025-05-24 17:10:00,M0006,OP0004,T00783,,,1.66,9.03,0.18,0.02,0.08,1.57,9.03,10.5,-14.0
2025-07-06 08:59:00,M0002,OP0016,T00784,532.1,,3.58,17.9,0.2,0.05,0.11,3.47,17.9,19.5,-8.2
2025-07-06 09:11:00,M0002,OP0016,T00784,,,3.58,17.9,0.2,0.05,0.11,3.47,17.9,19.5,-8.2
2025-07-06 09:23:00,M0002,OP0016,T00784,,,3.58,17.9,0.2,0.06,0.11,3.47,17.9,19.5,-8.2
2025-07-06 09:35:00,M0002,OP0016,T00784,,,3.58,17.9,0.2,0.04,0.11,3.47,17.9,19.5,-8.2
2025-07-06 09:47:00,M0002,OP0016,T00784,,,3.58,17.9,0.2,0.05,0.11,3.47,17.9,19.5,-8.2
2025-07-06 09:59:00,M0002,OP0016,T00784,,,3.58,17.9,0.2,0.07,0.11,3.47,17.9,19.5,-8.2
2025-07-06 10:11:00,M0002,OP0016,T00784,,,3.58,17.9,0.2,0.04,0.11,3.47,17.9,19.5,-8.2
2025-07-06 10:23:00,M0002,OP0016,T00784,,,3.58,17.9,0.2,0.07,0.11,3.47,17.9,19.5,-8.2
2025-07-06 10:35:00,M0002,OP0016,T00784,,,3.58,17.9,0.2,0.06,0.11,3.47,17.9,19.5,-8.2
2025-07-06 10:47:00,M0002,OP0016,T00784,,,3.58,17.9,0.2,0.04,0.11,3.47,17.9,19.5,-8.2
2025-07-06 10:59:00,M0002,OP0016,T00784,,,3.58,17.9,0.2,0.05,0.11,3.47,17.9,19.5,-8.2
2025-07-06 11:11:00,M0002,OP0016,T00784,,,3.58,17.9,0.2,0.05,0.11,3.47,17.9,19.5,-8.2
2025-07-06 11:23:00,M0002,OP0016,T00784,,,3.58,17.9,0.2,0.06,0.11,3.47,17.9,19.5,-8.2
2025-07-06 11:35:00,M0002,OP0016,T00784,,,3.58,17.9,0.2,0.05,0.11,3.47,17.9,19.5,-8.2
2025-07-06 11:47:00,M0002,OP0016,T00784,,,3.58,17.9,0.2,0.06,0.11,3.47,17.9,19.5,-8.2
2025-07-06 11:59:00,M0002,OP0016,T00784,,,3.58,17.9,0.2,0.06,0.11,3.47,17.9,19.5,-8.2
2025-07-06 12:11:00,M0002,OP0016,T00784,,,3.58,17.9,0.2,0.06,0.11,3.47,17.9,19.5,-8.2
2025-07-06 12:23:00,M0002,OP0016,T00784,,,3.58,17.9,0.2,0.04,0.11,3.47,17.9,19.5,-8.2
2025-07-06 12:35:00,M0002,OP0016,T00784,,,3.58,17.9,0.2,0.07,0.11,3.47,17.9,19.5,-8.2
2025-07-06 12:47:00,M0002,OP0016,T00784,,,3.58,17.9,0.2,0.05,0.11,3.47,17.9,19.5,-8.2
2025-05-14 12:20:00,M0017,OP0039,T00786,271.8,,2.38,11.88,0.2,0.03,0.07,2.31,11.88,14.5,-18.1
2025-05-14 12:32:00,M0017,OP0039,T00786,,,2.38,11.88,0.2,0.04,0.07,2.31,11.88,14.5,-18.1
2025-05-14 12:44:00,M0017,OP0039,T00786,,,2.38,11.88,0.2,0.03,0.07,2.31,11.88,14.5,-18.1
2025-05-14 12:56:00,M0017,OP0039,T00786,,,2.38,11.88,0.2,0.03,0.07,2.31,11.88,14.5,-18.1
2025-05-14 13:08:00,M0017,OP0039,T00786,,,2.38,11.88,0.2,0.04,0.07,2.31,11.88,14.5,-18.1
2025-05-14 13:20:00,M0017,OP0039,T00786,,,2.38,11.88,0.2,0.04,0.07,2.31,11.88,14.5,-18.1
2025-05-14 13:32:00,M0017,OP0039,T00786,,,2.38,11.88,0.2,0.04,0.07,2.31,11.88,14.5,-18.1
2025-05-14 13:44:00,M0017,OP0039,T00786,,,2.38,11.88,0.2,0.04,0.07,2.31,11.88,14.5,-18.1
2025-05-14 13:56:00,M0017,OP0039,T00786,,,2.38,11.88,0.2,0.02,0.07,2.31,11.88,14.5,-18.1
2025-05-14 14:08:00,M0017,OP0039,T00786,,,2.38,11.88,0.2,0.03,0.07,2.31,11.88,14.5,-18.1
2025-05-14 14:20:00,M0017,OP0039,T00786,,,2.38,11.88,0.2,0.02,0.07,2.31,11.88,14.5,-18.1
2025-05-14 14:32:00,M0017,OP0039,T00786,,,2.38,11.88,0.2,0.03,0.07,2.31,11.88,14.5,-18.1
2025-05-14 14:44:00,M0017,OP0039,T00786,,,2.38,11.88,0.2,0.03,0.07,2.31,11.88,14.5,-18.1
2025-05-14 14:56:00,M0017,OP0039,T00786,,,2.38,11.88,0.2,0.03,0.07,2.31,11.88,14.5,-18.1
2025-05-14 15:08:00,M0017,OP0039,T00786,,,2.38,11.88,0.2,0.03,0.07,2.31,11.88,14.5,-18.1
2025-05-14 15:20:00,M0017,OP0039,T00786,,,2.38,11.88,0.2,0.03,0.07,2.31,11.88,14.5,-18.1
2025-05-14 15:32:00,M0017,OP0039,T00786,,,2.38,11.88,0.2,0.02,0.07,2.31,11.88,14.5,-18.1
2025-05-14 15:44:00,M0017,OP0039,T00786,,,2.38,11.88,0.2,0.04,0.07,2.31,11.88,14.5,-18.1
2025-05-14 15:56:00,M0017,OP0039,T00786,,,2.38,11.88,0.2,0.04,0.07,2.31,11.88,14.5,-18.1
2025-05-14 16:08:00,M0017,OP0039,T00786,,,2.38,11.88,0.2,0.04,0.07,2.31,11.88,14.5,-18.1
2025-08-08 12:18:00,M0033,OP0040,T00787,387.6,,2.08,10.38,0.2,0.02,0.17,1.91,10.38,14.5,-28.4
2025-08-08 12:30:00,M0033,OP0040,T00787,,,2.08,10.38,0.2,0.02,0.17,1.91,10.38,14.5,-28.4
2025-08-08 12:42:00,M0033,OP0040,T00787,,,2.08,10.38,0.2,0.02,0.17,1.91,10.38,14.5,-28.4
2025-08-08 12:54:00,M0033,OP0040,T00787,,,2.08,10.38,0.2,0.03,0.17,1.91,10.38,14.5,-28.4
2025-08-08 13:06:00,M0033,OP0040,T00787,,,2.08,10.38,0.2,0.02,0.17,1.91,10.38,14.5,-28.4
2025-08-08 13:18:00,M0033,OP0040,T00787,,,2.08,10.38,0.2,0.03,0.17,1.91,10.38,14.5,-28.4
2025-08-08 13:30:00,M0033,OP0040,T00787,,,2.08,10.38,0.2,0.03,0.17,1.91,10.38,14.5,-28.4
2025-08-08 13:42:00,M0033,OP0040,T00787,,,2.08,10.38,0.2,0.02,0.17,1.91,10.38,14.5,-28.4
2025-08-08 13:54:00,M0033,OP0040,T00787,,,1.21,10.38,0.12,0.01,0.1,1.11,10.38,14.5,-28.4
2025-03-09 12:22:00,M0001,OP0005,T00788,515.0,,2.8,13.99,0.2,0.02,0.25,2.55,13.99,20.0,-30.0
2025-03-09 12:34:00,M0001,OP0005,T00788,,,2.8,13.99,0.2,0.02,0.25,2.55,13.99,20.0,-30.0
2025-03-09 12:46:00,M0001,OP0005,T00788,,,2.8,13.99,0.2,0.03,0.25,2.55,13.99,20.0,-30.0
2025-03-09 12:58:00,M0001,OP0005,T00788,,,2.8,13.99,0.2,0.03,0.25,2.55,13.99,20.0,-30.0
2025-03-09 13:10:00,M0001,OP0005,T00788,,,2.8,13.99,0.2,0.02,0.25,2.55,13.99,20.0,-30.0
2025-03-09 13:22:00,M0001,OP0005,T00788,,,2.8,13.99,0.2,0.03,0.25,2.55,13.99,20.0,-30.0
2025-03-09 13:34:00,M0001,OP0005,T00788,,,2.8,13.99,0.2,0.02,0.25,2.55,13.99,20.0,-30.0
2025-03-09 13:46:00,M0001,OP0005,T00788,,,2.8,13.99,0.2,0.02,0.25,2.55,13.99,20.0,-30.0
2025-03-09 13:58:00,M0001,OP0005,T00788,,,2.8,13.99,0.2,0.02,0.25,2.55,13.99,20.0,-30.0
2025-03-09 14:10:00,M0001,OP0005,T00788,,,2.8,13.99,0.2,0.03,0.25,2.55,13.99,20.0,-30.0
2025-03-09 14:22:00,M0001,OP0005,T00788,,,2.8,13.99,0.2,0.02,0.25,2.55,13.99,20.0,-30.0
2025-03-09 14:34:00,M0001,OP0005,T00788,,,2.8,13.99,0.2,0.03,0.25,2.55,13.99,20.0,-30.0
2025-03-09 14:46:00,M0001,OP0005,T00788,,,2.8,13.99,0.2,0.02,0.25,2.55,13.99,20.0,-30.0
2025-03-09 14:58:00,M0001,OP0005,T00788,,,2.8,13.99,0.2,0.02,0.25,2.55,13.99,20.0,-30.0
2025-03-09 15:10:00,M0001,OP0005,T00788,,,2.8,13.99,0.2,0.02,0.25,2.55,13.99,20.0,-30.0
2025-03-09 15:22:00,M0001,OP0005,T00788,,,2.8,13.99,0.2,0.03,0.25,2.55,13.99,20.0,-30.0
2025-03-09 15:34:00,M0001,OP0005,T00788,,,2.8,13.99,0.2,0.03,0.25,2.55,13.99,20.0,-30.0
2025-03-09 15:46:00,M0001,OP0005,T00788,,,2.8,13.99,0.2,0.02,0.25,2.55,13.99,20.0,-30.0
2025-03-09 15:58:00,M0001,OP0005,T00788,,,2.8,13.99,0.2,0.02,0.25,2.55,13.99,20.0,-30.0
2025-03-09 16:10:00,M0001,OP0005,T00788,,,2.8,13.99,0.2,0.03,0.25,2.55,13.99,20.0,-30.0
2025-04-04 08:14:00,M0007,OP0049,T00789,310.6,,1.79,8.95,0.2,0.04,0.13,1.66,8.95,12.0,-25.4
2025-04-04 08:26:00,M0007,OP0049,T00789,,,1.79,8.95,0.2,0.06,0.13,1.66,8.95,12.0,-25.4
2025-04-04 08:38:00,M0007,OP0049,T00789,,,1.79,8.95,0.2,0.06,0.13,1.66,8.95,12.0,-25.4
2025-04-04 08:50:00,M0007,OP0049,T00789,,,1.79,8.95,0.2,0.05,0.13,1.66,8.95,12.0,-25.4
2025-04-04 09:02:00,M0007,OP0049,T00789,,,1.79,8.95,0.2,0.04,0.13,1.66,8.95,12.0,-25.4
2025-04-04 09:14:00,M0007,OP0049,T00789,,,1.79,8.95,0.2,0.04,0.13,1.66,8.95,12.0,-25.4
2025-04-04 09:26:00,M0007,OP0049,T00789,,,1.79,8.95,0.2,0.06,0.13,1.66,8.95,12.0,-25.4
2025-04-04 09:38:00,M0007,OP0049,T00789,,,1.79,8.95,0.2,0.04,0.13,1.66,8.95,12.0,-25.4
2025-04-04 09:50:00,M0007,OP0049,T00789,,,1.79,8.95,0.2,0.04,0.13,1.66,8.95,12.0,-25.4
2025-04-04 10:02:00,M0007,OP0049,T00789,,,1.79,8.95,0.2,0.06,0.13,1.66,8.95,12.0,-25.4
2025-04-04 10:14:00,M0007,OP0049,T00789,,,1.79,8.95,0.2,0.04,0.13,1.66,8.95,12.0,-25.4
2025-04-04 10:26:00,M0007,OP0049,T00789,,,1.79,8.95,0.2,0.06,0.13,1.66,8.95,12.0,-25.4
2025-04-04 10:38:00,M0007,OP0049,T00789,,,1.79,8.95,0.2,0.04,0.13,1.66,8.95,12.0,-25.4
2025-04-04 10:50:00,M0007,OP0049,T00789,,,1.79,8.95,0.2,0.04,0.13,1.66,8.95,12.0,-25.4
2025-04-04 11:02:00,M0007,OP0049,T00789,,,1.79,8.95,0.2,0.04,0.13,1.66,8.95,12.0,-25.4
2025-04-04 11:14:00,M0007,OP0049,T00789,,,1.79,8.95,0.2,0.04,0.13,1.66,8.95,12.0,-25.4
2025-04-04 11:26:00,M0007,OP0049,T00789,,,1.79,8.95,0.2,0.05,0.13,1.66,8.95,12.0,-25.4
2025-04-04 11:38:00,M0007,OP0049,T00789,,,0.9,8.95,0.1,0.03,0.07,0.83,8.95,12.0,-25.4
2025-01-20 15:18:00,M0009,OP0047,T00795,234.8,,4.44,22.2,0.2,0.01,0.16,4.28,22.2,20.0,11.0
2025-01-20 15:30:00,M0009,OP0047,T00795,,,4.44,22.2,0.2,0.01,0.16,4.28,22.2,20.0,11.0
2025-01-20 15:42:00,M0009,OP0047,T00795,,,4.44,22.2,0.2,0.01,0.16,4.28,22.2,20.0,11.0
2025-01-20 15:54:00,M0009,OP0047,T00795,,,4.44,22.2,0.2,0.01,0.16,4.28,22.2,20.0,11.0
2025-01-20 16:06:00,M0009,OP0047,T00795,,,4.44,22.2,0.2,0.01,0.16,4.28,22.2,20.0,11.0
2025-01-20 16:18:00,M0009,OP0047,T00795,,,4.44,22.2,0.2,0.01,0.16,4.28,22.2,20.0,11.0
2025-01-20 16:30:00,M0009,OP0047,T00795,,,4.44,22.2,0.2,0.01,0.16,4.28,22.2,20.0,11.0
2025-01-20 16:42:00,M0009,OP0047,T00795,,,4.44,22.2,0.2,0.01,0.16,4.28,22.2,20.0,11.0
2025-01-20 16:54:00,M0009,OP0047,T00795,,,4.44,22.2,0.2,0.01,0.16,4.28,22.2,20.0,11.0
2025-01-20 17:06:00,M0009,OP0047,T00795,,,4.44,22.2,0.2,0.01,0.16,4.28,22.2,20.0,11.0
2025-01-20 17:18:00,M0009,OP0047,T00795,,,4.44,22.2,0.2,0.01,0.16,4.28,22.2,20.0,11.0
2025-01-20 17:30:00,M0009,OP0047,T00795,,,4.44,22.2,0.2,0.01,0.16,4.28,22.2,20.0,11.0
2025-01-20 17:42:00,M0009,OP0047,T00795,,,4.44,22.2,0.2,0.01,0.16,4.28,22.2,20.0,11.0
2025-01-20 17:54:00,M0009,OP0047,T00795,,,0.37,22.2,0.02,0.0,0.01,0.36,22.2,20.0,11.0
2025-09-18 15:57:00,M0028,OP0014,T00796,529.8,,2.97,14.86,0.2,0.05,0.17,2.81,14.86,20.0,-25.7
2025-09-18 16:09:00,M0028,OP0014,T00796,,,2.97,14.86,0.2,0.03,0.17,2.81,14.86,20.0,-25.7
2025-09-18 16:21:00,M0028,OP0014,T00796,,,2.97,14.86,0.2,0.05,0.17,2.81,14.86,20.0,-25.7
2025-09-18 16:33:00,M0028,OP0014,T00796,,,2.97,14.86,0.2,0.05,0.17,2.81,14.86,20.0,-25.7
2025-09-18 16:45:00,M0028,OP0014,T00796,,,2.97,14.86,0.2,0.04,0.17,2.81,14.86,20.0,-25.7
2025-09-18 16:57:00,M0028,OP0014,T00796,,,2.97,14.86,0.2,0.05,0.17,2.81,14.86,20.0,-25.7
2025-09-18 17:09:00,M0028,OP0014,T00796,,,2.97,14.86,0.2,0.05,0.17,2.81,14.86,20.0,-25.7
2025-09-18 17:21:00,M0028,OP0014,T00796,,,2.97,14.86,0.2,0.05,0.17,2.81,14.86,20.0,-25.7
2025-09-18 17:33:00,M0028,OP0014,T00796,,,2.97,14.86,0.2,0.05,0.17,2.81,14.86,20.0,-25.7
2025-09-18 17:45:00,M0028,OP0014,T00796,,,2.97,14.86,0.2,0.05,0.17,2.81,14.86,20.0,-25.7
2025-09-18 17:57:00,M0028,OP0014,T00796,,,2.97,14.86,0.2,0.04,0.17,2.81,14.86,20.0,-25.7
2025-09-18 18:09:00,M0028,OP0014,T00796,,,2.97,14.86,0.2,0.05,0.17,2.81,14.86,20.0,-25.7
2025-09-18 18:21:00,M0028,OP0014,T00796,,,1.98,14.86,0.13,0.03,0.11,1.87,14.86,20.0,-25.7
2025-01-19 07:23:00,M0018,OP0051,T00798,370.2,,2.99,14.95,0.2,0.03,0.11,2.88,14.95,20.0,-25.3
2025-01-19 07:35:00,M0018,OP0051,T00798,,,2.99,14.95,0.2,0.02,0.11,2.88,14.95,20.0,-25.3
2025-01-19 07:47:00,M0018,OP0051,T00798,,,2.99,14.95,0.2,0.04,0.11,2.88,14.95,20.0,-25.3
2025-01-19 07:59:00,M0018,OP0051,T00798,,,2.99,14.95,0.2,0.02,0.11,2.88,14.95,20.0,-25.3
2025-01-19 08:11:00,M0018,OP0051,T00798,,,2.99,14.95,0.2,0.03,0.11,2.88,14.95,20.0,-25.3
2025-01-19 08:23:00,M0018,OP0051,T00798,,,2.99,14.95,0.2,0.03,0.11,2.88,14.95,20.0,-25.3
2025-01-19 08:35:00,M0018,OP0051,T00798,,,2.99,14.95,0.2,0.04,0.11,2.88,14.95,20.0,-25.3
2025-01-19 08:47:00,M0018,OP0051,T00798,,,2.99,14.95,0.2,0.03,0.11,2.88,14.95,20.0,-25.3
2025-01-19 08:59:00,M0018,OP0051,T00798,,,2.99,14.95,0.2,0.03,0.11,2.88,14.95,20.0,-25.3
2025-01-19 09:11:00,M0018,OP0051,T00798,,,2.99,14.95,0.2,0.02,0.11,2.88,14.95,20.0,-25.3
2025-01-19 09:23:00,M0018,OP0051,T00798,,,2.99,14.95,0.2,0.03,0.11,2.88,14.95,20.0,-25.3
2025-01-19 09:35:00,M0018,OP0051,T00798,,,2.99,14.95,0.2,0.03,0.11,2.88,14.95,20.0,-25.3
2025-01-19 09:47:00,M0018,OP0051,T00798,,,2.99,14.95,0.2,0.03,0.11,2.88,14.95,20.0,-25.3
2025-01-19 09:59:00,M0018,OP0051,T00798,,,2.99,14.95,0.2,0.02,0.11,2.88,14.95,20.0,-25.3
2025-01-19 10:11:00,M0018,OP0051,T00798,,,2.99,14.95,0.2,0.03,0.11,2.88,14.95,20.0,-25.3
2025-01-19 10:23:00,M0018,OP0051,T00798,,,2.99,14.95,0.2,0.03,0.11,2.88,14.95,20.0,-25.3
2025-01-19 10:35:00,M0018,OP0051,T00798,,,2.99,14.95,0.2,0.03,0.11,2.88,14.95,20.0,-25.3
2025-01-19 10:47:00,M0018,OP0051,T00798,,,2.99,14.95,0.2,0.02,0.11,2.88,14.95,20.0,-25.3
2025-01-19 10:59:00,M0018,OP0051,T00798,,,2.99,14.95,0.2,0.02,0.11,2.88,14.95,20.0,-25.3
2025-01-19 11:11:00,M0018,OP0051,T00798,,,2.99,14.95,0.2,0.03,0.11,2.88,14.95,20.0,-25.3
2025-06-11 11:35:00,M0003,OP0012,T00799,611.5,,3.51,17.55,0.2,0.03,0.34,3.17,17.55,25.0,-29.8
2025-06-11 11:47:00,M0003,OP0012,T00799,,,3.51,17.55,0.2,0.04,0.34,3.17,17.55,25.0,-29.8
2025-06-11 11:59:00,M0003,OP0012,T00799,,,3.51,17.55,0.2,0.03,0.34,3.17,17.55,25.0,-29.8
2025-06-11 12:11:00,M0003,OP0012,T00799,,,3.51,17.55,0.2,0.04,0.34,3.17,17.55,25.0,-29.8
2025-06-11 12:23:00,M0003,OP0012,T00799,,,3.51,17.55,0.2,0.04,0.34,3.17,17.55,25.0,-29.8
2025-06-11 12:35:00,M0003,OP0012,T00799,,,3.51,17.55,0.2,0.04,0.34,3.17,17.55,25.0,-29.8
2025-06-11 12:47:00,M0003,OP0012,T00799,,,3.51,17.55,0.2,0.04,0.34,3.17,17.55,25.0,-29.8
2025-06-11 12:59:00,M0003,OP0012,T00799,,,3.51,17.55,0.2,0.03,0.34,3.17,17.55,25.0,-29.8
2025-06-11 13:11:00,M0003,OP0012,T00799,,,3.51,17.55,0.2,0.05,0.34,3.17,17.55,25.0,-29.8
2025-06-11 13:23:00,M0003,OP0012,T00799,,,3.51,17.55,0.2,0.03,0.34,3.17,17.55,25.0,-29.8
2025-06-11 13:35:00,M0003,OP0012,T00799,,,3.51,17.55,0.2,0.03,0.34,3.17,17.55,25.0,-29.8
2025-06-11 13:47:00,M0003,OP0012,T00799,,,3.51,17.55,0.2,0.04,0.34,3.17,17.55,25.0,-29.8
2025-06-11 13:59:00,M0003,OP0012,T00799,,,3.51,17.55,0.2,0.05,0.34,3.17,17.55,25.0,-29.8
2025-06-11 14:11:00,M0003,OP0012,T00799,,,3.51,17.55,0.2,0.03,0.34,3.17,17.55,25.0,-29.8
2025-06-11 14:23:00,M0003,OP0012,T00799,,,1.17,17.55,0.07,0.01,0.11,1.06,17.55,25.0,-29.8
2025-03-17 14:34:00,M0023,OP0045,T00800,356.5,,2.95,14.73,0.2,0.06,0.21,2.74,14.73,19.5,-24.4
2025-03-17 14:46:00,M0023,OP0045,T00800,,,2.95,14.73,0.2,0.06,0.21,2.74,14.73,19.5,-24.4
2025-03-17 14:58:00,M0023,OP0045,T00800,,,2.95,14.73,0.2,0.06,0.21,2.74,14.73,19.5,-24.4
2025-03-17 15:10:00,M0023,OP0045,T00800,,,2.95,14.73,0.2,0.06,0.21,2.74,14.73,19.5,-24.4
2025-03-17 15:22:00,M0023,OP0045,T00800,,,2.95,14.73,0.2,0.06,0.21,2.74,14.73,19.5,-24.4
2025-03-17 15:34:00,M0023,OP0045,T00800,,,2.95,14.73,0.2,0.05,0.21,2.74,14.73,19.5,-24.4
2025-03-17 15:46:00,M0023,OP0045,T00800,,,2.95,14.73,0.2,0.07,0.21,2.74,14.73,19.5,-24.4
2025-03-17 15:58:00,M0023,OP0045,T00800,,,2.95,14.73,0.2,0.05,0.21,2.74,14.73,19.5,-24.4
2025-03-17 16:10:00,M0023,OP0045,T00800,,,2.95,14.73,0.2,0.05,0.21,2.74,14.73,19.5,-24.4
2025-03-17 16:22:00,M0023,OP0045,T00800,,,2.95,14.73,0.2,0.05,0.21,2.74,14.73,19.5,-24.4
2025-03-17 16:34:00,M0023,OP0045,T00800,,,2.95,14.73,0.2,0.06,0.21,2.74,14.73,19.5,-24.4
2025-03-17 16:46:00,M0023,OP0045,T00800,,,2.95,14.73,0.2,0.04,0.21,2.74,14.73,19.5,-24.4
2025-03-17 16:58:00,M0023,OP0045,T00800,,,2.95,14.73,0.2,0.05,0.21,2.74,14.73,19.5,-24.4
2025-03-17 17:10:00,M0023,OP0045,T00800,,,2.95,14.73,0.2,0.07,0.21,2.74,14.73,19.5,-24.4
2025-03-17 17:22:00,M0023,OP0045,T00800,,,2.95,14.73,0.2,0.05,0.21,2.74,14.73,19.5,-24.4
2025-03-17 17:34:00,M0023,OP0045,T00800,,,2.95,14.73,0.2,0.04,0.21,2.74,14.73,19.5,-24.4
2025-03-17 17:46:00,M0023,OP0045,T00800,,,2.95,14.73,0.2,0.06,0.21,2.74,14.73,19.5,-24.4
2025-03-17 17:58:00,M0023,OP0045,T00800,,,2.95,14.73,0.2,0.05,0.21,2.74,14.73,19.5,-24.4
2025-03-17 18:10:00,M0023,OP0045,T00800,,,2.95,14.73,0.2,0.05,0.21,2.74,14.73,19.5,-24.4
2025-03-17 18:22:00,M0023,OP0045,T00800,,,2.95,14.73,0.2,0.05,0.21,2.74,14.73,19.5,-24.4
2025-05-02 07:28:00,M0008,OP0048,T00801,449.0,,2.95,14.77,0.2,0.02,0.19,2.77,14.77,20.0,-26.1
2025-05-02 07:40:00,M0008,OP0048,T00801,,,2.95,14.77,0.2,0.04,0.19,2.77,14.77,20.0,-26.1
2025-05-02 07:52:00,M0008,OP0048,T00801,,,2.95,14.77,0.2,0.03,0.19,2.77,14.77,20.0,-26.1
2025-05-02 08:04:00,M0008,OP0048,T00801,,,2.95,14.77,0.2,0.03,0.19,2.77,14.77,20.0,-26.1
2025-05-02 08:16:00,M0008,OP0048,T00801,,,2.95,14.77,0.2,0.03,0.19,2.77,14.77,20.0,-26.1
2025-05-02 08:28:00,M0008,OP0048,T00801,,,2.95,14.77,0.2,0.03,0.19,2.77,14.77,20.0,-26.1
2025-05-02 08:40:00,M0008,OP0048,T00801,,,2.95,14.77,0.2,0.03,0.19,2.77,14.77,20.0,-26.1
2025-05-02 08:52:00,M0008,OP0048,T00801,,,2.95,14.77,0.2,0.03,0.19,2.77,14.77,20.0,-26.1
2025-05-02 09:04:00,M0008,OP0048,T00801,,,2.95,14.77,0.2,0.03,0.19,2.77,14.77,20.0,-26.1
2025-05-02 09:16:00,M0008,OP0048,T00801,,,2.95,14.77,0.2,0.03,0.19,2.77,14.77,20.0,-26.1
2025-05-02 09:28:00,M0008,OP0048,T00801,,,2.95,14.77,0.2,0.03,0.19,2.77,14.77,20.0,-26.1
2025-05-02 09:40:00,M0008,OP0048,T00801,,,2.95,14.77,0.2,0.03,0.19,2.77,14.77,20.0,-26.1
2025-05-02 09:52:00,M0008,OP0048,T00801,,,2.95,14.77,0.2,0.04,0.19,2.77,14.77,20.0,-26.1
2025-05-02 10:04:00,M0008,OP0048,T00801,,,2.95,14.77,0.2,0.03,0.19,2.77,14.77,20.0,-26.1
2025-05-02 10:16:00,M0008,OP0048,T00801,,,2.95,14.77,0.2,0.02,0.19,2.77,14.77,20.0,-26.1
2025-05-02 10:28:00,M0008,OP0048,T00801,,,2.95,14.77,0.2,0.04,0.19,2.77,14.77,20.0,-26.1
2025-05-02 10:40:00,M0008,OP0048,T00801,,,2.95,14.77,0.2,0.04,0.19,2.77,14.77,20.0,-26.1
2025-05-02 10:52:00,M0008,OP0048,T00801,,,2.95,14.77,0.2,0.04,0.19,2.77,14.77,20.0,-26.1
2025-05-02 11:04:00,M0008,OP0048,T00801,,,2.95,14.77,0.2,0.03,0.19,2.77,14.77,20.0,-26.1
2025-05-02 11:16:00,M0008,OP0048,T00801,,,2.95,14.77,0.2,0.02,0.19,2.77,14.77,20.0,-26.1
2025-09-07 12:01:00,M0011,OP0054,T00802,191.8,,1.49,7.47,0.2,0.01,0.14,1.35,7.47,10.5,-28.8
2025-09-07 12:13:00,M0011,OP0054,T00802,,,1.49,7.47,0.2,0.01,0.14,1.35,7.47,10.5,-28.8
2025-09-07 12:25:00,M0011,OP0054,T00802,,,1.12,7.47,0.15,0.01,0.11,1.01,7.47,10.5,-28.8
2025-02-24 08:23:00,M0001,OP0055,T00803,407.0,,2.78,13.89,0.2,0.05,0.22,2.56,13.89,20.0,-30.5
2025-02-24 08:35:00,M0001,OP0055,T00803,,,2.78,13.89,0.2,0.05,0.22,2.56,13.89,20.0,-30.5
2025-02-24 08:47:00,M0001,OP0055,T00803,,,2.78,13.89,0.2,0.04,0.22,2.56,13.89,20.0,-30.5
2025-02-24 08:59:00,M0001,OP0055,T00803,,,2.78,13.89,0.2,0.05,0.22,2.56,13.89,20.0,-30.5
2025-02-24 09:11:00,M0001,OP0055,T00803,,,2.78,13.89,0.2,0.03,0.22,2.56,13.89,20.0,-30.5
2025-02-24 09:23:00,M0001,OP0055,T00803,,,2.78,13.89,0.2,0.04,0.22,2.56,13.89,20.0,-30.5
2025-02-24 09:35:00,M0001,OP0055,T00803,,,0.46,13.89,0.03,0.01,0.04,0.43,13.89,20.0,-30.5
2025-01-27 11:36:00,M0027,OP0044,T00804,413.2,,3.62,18.12,0.2,0.03,0.1,3.52,18.12,20.0,-9.4
2025-01-27 11:48:00,M0027,OP0044,T00804,,,3.62,18.12,0.2,0.03,0.1,3.52,18.12,20.0,-9.4
2025-01-27 12:00:00,M0027,OP0044,T00804,,,3.62,18.12,0.2,0.03,0.1,3.52,18.12,20.0,-9.4
2025-01-27 12:12:00,M0027,OP0044,T00804,,,3.62,18.12,0.2,0.04,0.1,3.52,18.12,20.0,-9.4
2025-01-27 12:24:00,M0027,OP0044,T00804,,,3.62,18.12,0.2,0.03,0.1,3.52,18.12,20.0,-9.4
2025-01-27 12:36:00,M0027,OP0044,T00804,,,3.62,18.12,0.2,0.03,0.1,3.52,18.12,20.0,-9.4
2025-01-27 12:48:00,M0027,OP0044,T00804,,,3.62,18.12,0.2,0.03,0.1,3.52,18.12,20.0,-9.4
2025-01-27 13:00:00,M0027,OP0044,T00804,,,3.62,18.12,0.2,0.03,0.1,3.52,18.12,20.0,-9.4
2025-01-27 13:12:00,M0027,OP0044,T00804,,,3.62,18.12,0.2,0.02,0.1,3.52,18.12,20.0,-9.4
2025-01-27 13:24:00,M0027,OP0044,T00804,,,3.62,18.12,0.2,0.03,0.1,3.52,18.12,20.0,-9.4
2025-01-27 13:36:00,M0027,OP0044,T00804,,,3.62,18.12,0.2,0.04,0.1,3.52,18.12,20.0,-9.4
2025-01-27 13:48:00,M0027,OP0044,T00804,,,3.62,18.12,0.2,0.03,0.1,3.52,18.12,20.0,-9.4
2025-01-27 14:00:00,M0027,OP0044,T00804,,,3.62,18.12,0.2,0.03,0.1,3.52,18.12,20.0,-9.4
2025-01-27 14:12:00,M0027,OP0044,T00804,,,3.62,18.12,0.2,0.02,0.1,3.52,18.12,20.0,-9.4
2025-01-27 14:24:00,M0027,OP0044,T00804,,,3.62,18.12,0.2,0.03,0.1,3.52,18.12,20.0,-9.4
2025-01-27 14:36:00,M0027,OP0044,T00804,,,3.62,18.12,0.2,0.03,0.1,3.52,18.12,20.0,-9.4
2025-01-27 14:48:00,M0027,OP0044,T00804,,,3.62,18.12,0.2,0.03,0.1,3.52,18.12,20.0,-9.4
2025-01-27 15:00:00,M0027,OP0044,T00804,,,3.62,18.12,0.2,0.03,0.1,3.52,18.12,20.0,-9.4
2025-01-27 15:12:00,M0027,OP0044,T00804,,,3.62,18.12,0.2,0.03,0.1,3.52,18.12,20.0,-9.4
2025-01-27 15:24:00,M0027,OP0044,T00804,,,3.62,18.12,0.2,0.03,0.1,3.52,18.12,20.0,-9.4
2025-04-01 12:44:00,M0002,OP0024,T00805,448.6,,2.85,14.27,0.2,0.04,0.19,2.67,14.27,19.5,-26.8
2025-04-01 12:56:00,M0002,OP0024,T00805,,,2.85,14.27,0.2,0.04,0.19,2.67,14.27,19.5,-26.8
2025-04-01 13:08:00,M0002,OP0024,T00805,,,2.85,14.27,0.2,0.04,0.19,2.67,14.27,19.5,-26.8
2025-04-01 13:20:00,M0002,OP0024,T00805,,,2.85,14.27,0.2,0.03,0.19,2.67,14.27,19.5,-26.8
2025-04-01 13:32:00,M0002,OP0024,T00805,,,2.14,14.27,0.15,0.03,0.14,2.0,14.27,19.5,-26.8
2025-05-27 06:16:00,M0039,OP0016,T00806,609.8,,3.09,15.46,0.2,0.04,0.24,2.85,15.46,20.0,-22.7
2025-05-27 06:28:00,M0039,OP0016,T00806,,,3.09,15.46,0.2,0.05,0.24,2.85,15.46,20.0,-22.7
2025-05-27 06:40:00,M0039,OP0016,T00806,,,3.09,15.46,0.2,0.07,0.24,2.85,15.46,20.0,-22.7
2025-05-27 06:52:00,M0039,OP0016,T00806,,,3.09,15.46,0.2,0.05,0.24,2.85,15.46,20.0,-22.7
2025-05-27 07:04:00,M0039,OP0016,T00806,,,3.09,15.46,0.2,0.07,0.24,2.85,15.46,20.0,-22.7
2025-05-27 07:16:00,M0039,OP0016,T00806,,,3.09,15.46,0.2,0.07,0.24,2.85,15.46,20.0,-22.7
2025-05-27 07:28:00,M0039,OP0016,T00806,,,3.09,15.46,0.2,0.05,0.24,2.85,15.46,20.0,-22.7
2025-05-27 07:40:00,M0039,OP0016,T00806,,,3.09,15.46,0.2,0.05,0.24,2.85,15.46,20.0,-22.7
2025-05-27 07:52:00,M0039,OP0016,T00806,,,3.09,15.46,0.2,0.04,0.24,2.85,15.46,20.0,-22.7
2025-05-27 08:04:00,M0039,OP0016,T00806,,,3.09,15.46,0.2,0.07,0.24,2.85,15.46,20.0,-22.7
2025-05-27 08:16:00,M0039,OP0016,T00806,,,3.09,15.46,0.2,0.06,0.24,2.85,15.46,20.0,-22.7
2025-05-27 08:28:00,M0039,OP0016,T00806,,,3.09,15.46,0.2,0.05,0.24,2.85,15.46,20.0,-22.7
2025-05-27 08:40:00,M0039,OP0016,T00806,,,3.09,15.46,0.2,0.05,0.24,2.85,15.46,20.0,-22.7
2025-05-27 08:52:00,M0039,OP0016,T00806,,,3.09,15.46,0.2,0.05,0.24,2.85,15.46,20.0,-22.7
2025-05-27 09:04:00,M0039,OP0016,T00806,,,3.09,15.46,0.2,0.06,0.24,2.85,15.46,20.0,-22.7
2025-05-27 09:16:00,M0039,OP0016,T00806,,,3.09,15.46,0.2,0.05,0.24,2.85,15.46,20.0,-22.7
2025-05-27 09:28:00,M0039,OP0016,T00806,,,3.09,15.46,0.2,0.04,0.24,2.85,15.46,20.0,-22.7
2025-05-27 09:40:00,M0039,OP0016,T00806,,,3.09,15.46,0.2,0.06,0.24,2.85,15.46,20.0,-22.7
2025-05-27 09:52:00,M0039,OP0016,T00806,,,3.09,15.46,0.2,0.04,0.24,2.85,15.46,20.0,-22.7
2025-05-27 10:04:00,M0039,OP0016,T00806,,,3.09,15.46,0.2,0.04,0.24,2.85,15.46,20.0,-22.7
2025-02-24 08:04:00,M0017,OP0020,T00807,185.9,,1.95,9.77,0.2,0.03,0.13,1.83,9.77,14.5,-32.6
2025-02-24 08:16:00,M0017,OP0020,T00807,,,1.95,9.77,0.2,0.03,0.13,1.83,9.77,14.5,-32.6
2025-02-24 08:28:00,M0017,OP0020,T00807,,,1.95,9.77,0.2,0.04,0.13,1.83,9.77,14.5,-32.6
2025-02-24 08:40:00,M0017,OP0020,T00807,,,1.95,9.77,0.2,0.05,0.13,1.83,9.77,14.5,-32.6
2025-02-24 08:52:00,M0017,OP0020,T00807,,,1.95,9.77,0.2,0.03,0.13,1.83,9.77,14.5,-32.6
2025-02-24 09:04:00,M0017,OP0020,T00807,,,1.95,9.77,0.2,0.04,0.13,1.83,9.77,14.5,-32.6
2025-02-24 09:16:00,M0017,OP0020,T00807,,,1.95,9.77,0.2,0.04,0.13,1.83,9.77,14.5,-32.6
2025-02-24 09:28:00,M0017,OP0020,T00807,,,1.95,9.77,0.2,0.04,0.13,1.83,9.77,14.5,-32.6
2025-02-24 09:40:00,M0017,OP0020,T00807,,,1.95,9.77,0.2,0.04,0.13,1.83,9.77,14.5,-32.6
2025-02-24 09:52:00,M0017,OP0020,T00807,,,1.95,9.77,0.2,0.04,0.13,1.83,9.77,14.5,-32.6
2025-02-24 10:04:00,M0017,OP0020,T00807,,,1.95,9.77,0.2,0.03,0.13,1.83,9.77,14.5,-32.6
2025-02-24 10:16:00,M0017,OP0020,T00807,,,1.95,9.77,0.2,0.03,0.13,1.83,9.77,14.5,-32.6
2025-02-24 10:28:00,M0017,OP0020,T00807,,,1.95,9.77,0.2,0.04,0.13,1.83,9.77,14.5,-32.6
2025-02-24 10:40:00,M0017,OP0020,T00807,,,1.95,9.77,0.2,0.04,0.13,1.83,9.77,14.5,-32.6
2025-02-24 10:52:00,M0017,OP0020,T00807,,,1.95,9.77,0.2,0.04,0.13,1.83,9.77,14.5,-32.6
2025-02-24 11:04:00,M0017,OP0020,T00807,,,1.95,9.77,0.2,0.04,0.13,1.83,9.77,14.5,-32.6
2025-02-24 11:16:00,M0017,OP0020,T00807,,,1.95,9.77,0.2,0.03,0.13,1.83,9.77,14.5,-32.6
2025-02-24 11:28:00,M0017,OP0020,T00807,,,1.95,9.77,0.2,0.05,0.13,1.83,9.77,14.5,-32.6
2025-02-24 11:40:00,M0017,OP0020,T00807,,,1.95,9.77,0.2,0.04,0.13,1.83,9.77,14.5,-32.6
2025-02-24 11:52:00,M0017,OP0020,T00807,,,1.95,9.77,0.2,0.05,0.13,1.83,9.77,14.5,-32.6
2025-05-26 12:14:00,M0029,OP0014,T00808,433.8,,3.42,17.11,0.2,0.04,0.3,3.13,17.11,25.0,-31.6
2025-05-26 12:26:00,M0029,OP0014,T00808,,,3.42,17.11,0.2,0.02,0.3,3.13,17.11,25.0,-31.6
2025-05-26 12:38:00,M0029,OP0014,T00808,,,3.42,17.11,0.2,0.02,0.3,3.13,17.11,25.0,-31.6
2025-05-26 12:50:00,M0029,OP0014,T00808,,,3.42,17.11,0.2,0.04,0.3,3.13,17.11,25.0,-31.6
2025-05-26 13:02:00,M0029,OP0014,T00808,,,3.42,17.11,0.2,0.03,0.3,3.13,17.11,25.0,-31.6
2025-05-26 13:14:00,M0029,OP0014,T00808,,,3.42,17.11,0.2,0.03,0.3,3.13,17.11,25.0,-31.6
2025-05-26 13:26:00,M0029,OP0014,T00808,,,3.42,17.11,0.2,0.02,0.3,3.13,17.11,25.0,-31.6
2025-05-26 13:38:00,M0029,OP0014,T00808,,,3.42,17.11,0.2,0.03,0.3,3.13,17.11,25.0,-31.6
2025-05-26 13:50:00,M0029,OP0014,T00808,,,3.42,17.11,0.2,0.03,0.3,3.13,17.11,25.0,-31.6
2025-05-26 14:02:00,M0029,OP0014,T00808,,,3.42,17.11,0.2,0.03,0.3,3.13,17.11,25.0,-31.6
2025-05-26 14:14:00,M0029,OP0014,T00808,,,3.42,17.11,0.2,0.04,0.3,3.13,17.11,25.0,-31.6
2025-05-26 14:26:00,M0029,OP0014,T00808,,,3.42,17.11,0.2,0.02,0.3,3.13,17.11,25.0,-31.6
2025-05-26 14:38:00,M0029,OP0014,T00808,,,3.42,17.11,0.2,0.03,0.3,3.13,17.11,25.0,-31.6
2025-05-26 14:50:00,M0029,OP0014,T00808,,,3.42,17.11,0.2,0.02,0.3,3.13,17.11,25.0,-31.6
2025-05-26 15:02:00,M0029,OP0014,T00808,,,3.42,17.11,0.2,0.03,0.3,3.13,17.11,25.0,-31.6
2025-05-26 15:14:00,M0029,OP0014,T00808,,,3.42,17.11,0.2,0.03,0.3,3.13,17.11,25.0,-31.6
2025-05-26 15:26:00,M0029,OP0014,T00808,,,3.42,17.11,0.2,0.03,0.3,3.13,17.11,25.0,-31.6
2025-05-26 15:38:00,M0029,OP0014,T00808,,,3.42,17.11,0.2,0.02,0.3,3.13,17.11,25.0,-31.6
2025-05-26 15:50:00,M0029,OP0014,T00808,,,3.42,17.11,0.2,0.04,0.3,3.13,17.11,25.0,-31.6
2025-05-26 16:02:00,M0029,OP0014,T00808,,,3.42,17.11,0.2,0.03,0.3,3.13,17.11,25.0,-31.6
2025-05-20 10:41:00,M0017,OP0023,T00810,199.0,,2.21,11.07,0.2,0.04,0.17,2.05,11.07,14.5,-23.6
2025-05-20 10:53:00,M0017,OP0023,T00810,,,2.21,11.07,0.2,0.04,0.17,2.05,11.07,14.5,-23.6
2025-05-20 11:05:00,M0017,OP0023,T00810,,,2.21,11.07,0.2,0.03,0.17,2.05,11.07,14.5,-23.6
2025-05-20 11:17:00,M0017,OP0023,T00810,,,2.21,11.07,0.2,0.05,0.17,2.05,11.07,14.5,-23.6
2025-05-20 11:29:00,M0017,OP0023,T00810,,,2.21,11.07,0.2,0.03,0.17,2.05,11.07,14.5,-23.6
2025-05-20 11:41:00,M0017,OP0023,T00810,,,2.21,11.07,0.2,0.03,0.17,2.05,11.07,14.5,-23.6
2025-05-20 11:53:00,M0017,OP0023,T00810,,,2.21,11.07,0.2,0.03,0.17,2.05,11.07,14.5,-23.6
2025-05-20 12:05:00,M0017,OP0023,T00810,,,2.21,11.07,0.2,0.03,0.17,2.05,11.07,14.5,-23.6
2025-05-20 12:17:00,M0017,OP0023,T00810,,,2.21,11.07,0.2,0.04,0.17,2.05,11.07,14.5,-23.6
2025-05-20 12:29:00,M0017,OP0023,T00810,,,2.21,11.07,0.2,0.03,0.17,2.05,11.07,14.5,-23.6
2025-05-20 12:41:00,M0017,OP0023,T00810,,,2.21,11.07,0.2,0.04,0.17,2.05,11.07,14.5,-23.6
2025-05-20 12:53:00,M0017,OP0023,T00810,,,2.21,11.07,0.2,0.03,0.17,2.05,11.07,14.5,-23.6
2025-05-20 13:05:00,M0017,OP0023,T00810,,,2.21,11.07,0.2,0.03,0.17,2.05,11.07,14.5,-23.6
2025-05-20 13:17:00,M0017,OP0023,T00810,,,2.21,11.07,0.2,0.03,0.17,2.05,11.07,14.5,-23.6
2025-05-20 13:29:00,M0017,OP0023,T00810,,,2.21,11.07,0.2,0.03,0.17,2.05,11.07,14.5,-23.6
2025-05-20 13:41:00,M0017,OP0023,T00810,,,2.21,11.07,0.2,0.04,0.17,2.05,11.07,14.5,-23.6
2025-05-20 13:53:00,M0017,OP0023,T00810,,,2.21,11.07,0.2,0.03,0.17,2.05,11.07,14.5,-23.6
2025-05-20 14:05:00,M0017,OP0023,T00810,,,2.21,11.07,0.2,0.04,0.17,2.05,11.07,14.5,-23.6
2025-05-20 14:17:00,M0017,OP0023,T00810,,,2.21,11.07,0.2,0.05,0.17,2.05,11.07,14.5,-23.6
2025-05-20 14:29:00,M0017,OP0023,T00810,,,2.21,11.07,0.2,0.04,0.17,2.05,11.07,14.5,-23.6
2025-07-12 14:27:00,M0025,OP0045,T00812,331.1,,2.67,13.37,0.2,0.04,0.29,2.39,13.37,19.5,-31.4
2025-07-12 14:39:00,M0025,OP0045,T00812,,,2.67,13.37,0.2,0.05,0.29,2.39,13.37,19.5,-31.4
2025-07-12 14:51:00,M0025,OP0045,T00812,,,2.67,13.37,0.2,0.05,0.29,2.39,13.37,19.5,-31.4
2025-07-12 15:03:00,M0025,OP0045,T00812,,,2.67,13.37,0.2,0.07,0.29,2.39,13.37,19.5,-31.4
2025-07-12 15:15:00,M0025,OP0045,T00812,,,2.67,13.37,0.2,0.04,0.29,2.39,13.37,19.5,-31.4
2025-07-12 15:27:00,M0025,OP0045,T00812,,,2.67,13.37,0.2,0.04,0.29,2.39,13.37,19.5,-31.4
2025-07-12 15:39:00,M0025,OP0045,T00812,,,2.67,13.37,0.2,0.05,0.29,2.39,13.37,19.5,-31.4
2025-07-12 15:51:00,M0025,OP0045,T00812,,,2.67,13.37,0.2,0.04,0.29,2.39,13.37,19.5,-31.4
2025-07-12 16:03:00,M0025,OP0045,T00812,,,2.67,13.37,0.2,0.07,0.29,2.39,13.37,19.5,-31.4
2025-07-12 16:15:00,M0025,OP0045,T00812,,,2.67,13.37,0.2,0.04,0.29,2.39,13.37,19.5,-31.4
2025-07-12 16:27:00,M0025,OP0045,T00812,,,2.67,13.37,0.2,0.07,0.29,2.39,13.37,19.5,-31.4
2025-07-12 16:39:00,M0025,OP0045,T00812,,,2.67,13.37,0.2,0.06,0.29,2.39,13.37,19.5,-31.4
2025-07-12 16:51:00,M0025,OP0045,T00812,,,2.67,13.37,0.2,0.04,0.29,2.39,13.37,19.5,-31.4
2025-07-12 17:03:00,M0025,OP0045,T00812,,,2.67,13.37,0.2,0.05,0.29,2.39,13.37,19.5,-31.4
2025-07-12 17:15:00,M0025,OP0045,T00812,,,2.67,13.37,0.2,0.07,0.29,2.39,13.37,19.5,-31.4
2025-07-12 17:27:00,M0025,OP0045,T00812,,,2.67,13.37,0.2,0.06,0.29,2.39,13.37,19.5,-31.4
2025-07-12 17:39:00,M0025,OP0045,T00812,,,2.67,13.37,0.2,0.04,0.29,2.39,13.37,19.5,-31.4
2025-07-12 17:51:00,M0025,OP0045,T00812,,,2.67,13.37,0.2,0.04,0.29,2.39,13.37,19.5,-31.4
2025-07-12 18:03:00,M0025,OP0045,T00812,,,2.67,13.37,0.2,0.05,0.29,2.39,13.37,19.5,-31.4
2025-07-12 18:15:00,M0025,OP0045,T00812,,,2.67,13.37,0.2,0.04,0.29,2.39,13.37,19.5,-31.4
2025-08-22 14:28:00,M0029,OP0037,T00813,253.2,,4.7,23.49,0.2,0.03,0.32,4.38,23.49,25.0,-6.0
2025-08-22 14:40:00,M0029,OP0037,T00813,,,4.7,23.49,0.2,0.03,0.32,4.38,23.49,25.0,-6.0
2025-08-22 14:52:00,M0029,OP0037,T00813,,,4.7,23.49,0.2,0.03,0.32,4.38,23.49,25.0,-6.0
2025-08-22 15:04:00,M0029,OP0037,T00813,,,4.7,23.49,0.2,0.04,0.32,4.38,23.49,25.0,-6.0
2025-08-22 15:16:00,M0029,OP0037,T00813,,,4.7,23.49,0.2,0.02,0.32,4.38,23.49,25.0,-6.0
2025-08-22 15:28:00,M0029,OP0037,T00813,,,4.7,23.49,0.2,0.04,0.32,4.38,23.49,25.0,-6.0
2025-08-22 15:40:00,M0029,OP0037,T00813,,,4.7,23.49,0.2,0.02,0.32,4.38,23.49,25.0,-6.0
2025-08-22 15:52:00,M0029,OP0037,T00813,,,4.7,23.49,0.2,0.03,0.32,4.38,23.49,25.0,-6.0
2025-08-22 16:04:00,M0029,OP0037,T00813,,,4.7,23.49,0.2,0.03,0.32,4.38,23.49,25.0,-6.0
2025-08-22 16:16:00,M0029,OP0037,T00813,,,4.7,23.49,0.2,0.04,0.32,4.38,23.49,25.0,-6.0
2025-08-22 16:28:00,M0029,OP0037,T00813,,,4.7,23.49,0.2,0.03,0.32,4.38,23.49,25.0,-6.0
2025-08-22 16:40:00,M0029,OP0037,T00813,,,4.7,23.49,0.2,0.02,0.32,4.38,23.49,25.0,-6.0
2025-08-22 16:52:00,M0029,OP0037,T00813,,,4.7,23.49,0.2,0.02,0.32,4.38,23.49,25.0,-6.0
2025-08-22 17:04:00,M0029,OP0037,T00813,,,1.17,23.49,0.05,0.01,0.08,1.09,23.49,25.0,-6.0
2025-08-04 08:48:00,M0024,OP0044,T00814,422.3,,2.93,14.67,0.2,0.05,0.29,2.64,14.67,19.5,-24.7
2025-08-04 09:00:00,M0024,OP0044,T00814,,,2.93,14.67,0.2,0.04,0.29,2.64,14.67,19.5,-24.7
2025-08-04 09:12:00,M0024,OP0044,T00814,,,2.93,14.67,0.2,0.05,0.29,2.64,14.67,19.5,-24.7
2025-08-04 09:24:00,M0024,OP0044,T00814,,,2.93,14.67,0.2,0.04,0.29,2.64,14.67,19.5,-24.7
2025-08-04 09:36:00,M0024,OP0044,T00814,,,2.93,14.67,0.2,0.04,0.29,2.64,14.67,19.5,-24.7
2025-08-04 09:48:00,M0024,OP0044,T00814,,,2.93,14.67,0.2,0.05,0.29,2.64,14.67,19.5,-24.7
2025-08-04 10:00:00,M0024,OP0044,T00814,,,2.93,14.67,0.2,0.04,0.29,2.64,14.67,19.5,-24.7
2025-08-04 10:12:00,M0024,OP0044,T00814,,,2.93,14.67,0.2,0.04,0.29,2.64,14.67,19.5,-24.7
2025-08-04 10:24:00,M0024,OP0044,T00814,,,2.93,14.67,0.2,0.05,0.29,2.64,14.67,19.5,-24.7
2025-08-04 10:36:00,M0024,OP0044,T00814,,,2.93,14.67,0.2,0.03,0.29,2.64,14.67,19.5,-24.7
2025-08-04 10:48:00,M0024,OP0044,T00814,,,2.93,14.67,0.2,0.04,0.29,2.64,14.67,19.5,-24.7
2025-08-04 11:00:00,M0024,OP0044,T00814,,,2.93,14.67,0.2,0.04,0.29,2.64,14.67,19.5,-24.7
2025-08-04 11:12:00,M0024,OP0044,T00814,,,2.93,14.67,0.2,0.04,0.29,2.64,14.67,19.5,-24.7
2025-08-04 11:24:00,M0024,OP0044,T00814,,,2.93,14.67,0.2,0.04,0.29,2.64,14.67,19.5,-24.7
2025-08-04 11:36:00,M0024,OP0044,T00814,,,2.93,14.67,0.2,0.04,0.29,2.64,14.67,19.5,-24.7
2025-08-04 11:48:00,M0024,OP0044,T00814,,,2.93,14.67,0.2,0.05,0.29,2.64,14.67,19.5,-24.7
2025-08-04 12:00:00,M0024,OP0044,T00814,,,2.93,14.67,0.2,0.04,0.29,2.64,14.67,19.5,-24.7
2025-08-04 12:12:00,M0024,OP0044,T00814,,,2.93,14.67,0.2,0.04,0.29,2.64,14.67,19.5,-24.7
2025-08-04 12:24:00,M0024,OP0044,T00814,,,2.93,14.67,0.2,0.04,0.29,2.64,14.67,19.5,-24.7
2025-08-04 12:36:00,M0024,OP0044,T00814,,,2.93,14.67,0.2,0.05,0.29,2.64,14.67,19.5,-24.7
2025-09-05 14:09:00,M0009,OP0018,T00815,309.1,,2.96,14.79,0.2,0.03,0.11,2.85,14.79,20.0,-26.0
2025-09-05 14:21:00,M0009,OP0018,T00815,,,2.96,14.79,0.2,0.03,0.11,2.85,14.79,20.0,-26.0
2025-09-05 14:33:00,M0009,OP0018,T00815,,,2.96,14.79,0.2,0.03,0.11,2.85,14.79,20.0,-26.0
2025-09-05 14:45:00,M0009,OP0018,T00815,,,2.96,14.79,0.2,0.03,0.11,2.85,14.79,20.0,-26.0
2025-09-05 14:57:00,M0009,OP0018,T00815,,,2.96,14.79,0.2,0.02,0.11,2.85,14.79,20.0,-26.0
2025-09-05 15:09:00,M0009,OP0018,T00815,,,2.96,14.79,0.2,0.02,0.11,2.85,14.79,20.0,-26.0
2025-09-05 15:21:00,M0009,OP0018,T00815,,,2.96,14.79,0.2,0.04,0.11,2.85,14.79,20.0,-26.0
2025-09-05 15:33:00,M0009,OP0018,T00815,,,2.96,14.79,0.2,0.03,0.11,2.85,14.79,20.0,-26.0
2025-09-05 15:45:00,M0009,OP0018,T00815,,,2.96,14.79,0.2,0.03,0.11,2.85,14.79,20.0,-26.0
2025-09-05 15:57:00,M0009,OP0018,T00815,,,2.96,14.79,0.2,0.04,0.11,2.85,14.79,20.0,-26.0
2025-09-05 16:09:00,M0009,OP0018,T00815,,,0.25,14.79,0.02,0.0,0.01,0.24,14.79,20.0,-26.0
2025-05-20 13:34:00,M0010,OP0033,T00816,444.5,,4.36,21.81,0.2,0.02,0.09,4.27,21.81,28.0,-22.1
2025-05-20 13:46:00,M0010,OP0033,T00816,,,4.36,21.81,0.2,0.03,0.09,4.27,21.81,28.0,-22.1
2025-05-20 13:58:00,M0010,OP0033,T00816,,,4.36,21.81,0.2,0.02,0.09,4.27,21.81,28.0,-22.1
2025-05-20 14:10:00,M0010,OP0033,T00816,,,4.36,21.81,0.2,0.03,0.09,4.27,21.81,28.0,-22.1
2025-05-20 14:22:00,M0010,OP0033,T00816,,,4.36,21.81,0.2,0.02,0.09,4.27,21.81,28.0,-22.1
2025-05-20 14:34:00,M0010,OP0033,T00816,,,4.36,21.81,0.2,0.03,0.09,4.27,21.81,28.0,-22.1
2025-05-20 14:46:00,M0010,OP0033,T00816,,,4.36,21.81,0.2,0.03,0.09,4.27,21.81,28.0,-22.1
2025-05-20 14:58:00,M0010,OP0033,T00816,,,4.36,21.81,0.2,0.03,0.09,4.27,21.81,28.0,-22.1
2025-05-20 15:10:00,M0010,OP0033,T00816,,,4.36,21.81,0.2,0.03,0.09,4.27,21.81,28.0,-22.1
2025-05-20 15:22:00,M0010,OP0033,T00816,,,4.36,21.81,0.2,0.02,0.09,4.27,21.81,28.0,-22.1
2025-05-20 15:34:00,M0010,OP0033,T00816,,,4.36,21.81,0.2,0.03,0.09,4.27,21.81,28.0,-22.1
2025-05-20 15:46:00,M0010,OP0033,T00816,,,4.36,21.81,0.2,0.03,0.09,4.27,21.81,28.0,-22.1
2025-05-20 15:58:00,M0010,OP0033,T00816,,,4.36,21.81,0.2,0.02,0.09,4.27,21.81,28.0,-22.1
2025-05-20 16:10:00,M0010,OP0033,T00816,,,4.36,21.81,0.2,0.03,0.09,4.27,21.81,28.0,-22.1
2025-05-20 16:22:00,M0010,OP0033,T00816,,,4.36,21.81,0.2,0.02,0.09,4.27,21.81,28.0,-22.1
2025-05-20 16:34:00,M0010,OP0033,T00816,,,4.36,21.81,0.2,0.02,0.09,4.27,21.81,28.0,-22.1
2025-05-20 16:46:00,M0010,OP0033,T00816,,,4.36,21.81,0.2,0.02,0.09,4.27,21.81,28.0,-22.1
2025-05-20 16:58:00,M0010,OP0033,T00816,,,4.36,21.81,0.2,0.03,0.09,4.27,21.81,28.0,-22.1
2025-05-20 17:10:00,M0010,OP0033,T00816,,,4.36,21.81,0.2,0.03,0.09,4.27,21.81,28.0,-22.1
2025-05-20 17:22:00,M0010,OP0033,T00816,,,4.36,21.81,0.2,0.02,0.09,4.27,21.81,28.0,-22.1
2025-07-17 11:22:00,M0007,OP0023,T00817,214.1,,2.09,10.44,0.2,0.02,0.07,2.01,10.44,12.0,-13.0
2025-07-17 11:34:00,M0007,OP0023,T00817,,,2.09,10.44,0.2,0.02,0.07,2.01,10.44,12.0,-13.0
2025-07-17 11:46:00,M0007,OP0023,T00817,,,2.09,10.44,0.2,0.02,0.07,2.01,10.44,12.0,-13.0
2025-07-17 11:58:00,M0007,OP0023,T00817,,,2.09,10.44,0.2,0.02,0.07,2.01,10.44,12.0,-13.0
2025-07-17 12:10:00,M0007,OP0023,T00817,,,2.09,10.44,0.2,0.02,0.07,2.01,10.44,12.0,-13.0
2025-07-17 12:22:00,M0007,OP0023,T00817,,,2.09,10.44,0.2,0.02,0.07,2.01,10.44,12.0,-13.0
2025-07-17 12:34:00,M0007,OP0023,T00817,,,2.09,10.44,0.2,0.03,0.07,2.01,10.44,12.0,-13.0
2025-07-17 12:46:00,M0007,OP0023,T00817,,,2.09,10.44,0.2,0.02,0.07,2.01,10.44,12.0,-13.0
2025-07-17 12:58:00,M0007,OP0023,T00817,,,2.09,10.44,0.2,0.02,0.07,2.01,10.44,12.0,-13.0
2025-07-17 13:10:00,M0007,OP0023,T00817,,,2.09,10.44,0.2,0.02,0.07,2.01,10.44,12.0,-13.0
2025-07-17 13:22:00,M0007,OP0023,T00817,,,2.09,10.44,0.2,0.02,0.07,2.01,10.44,12.0,-13.0
2025-07-17 13:34:00,M0007,OP0023,T00817,,,2.09,10.44,0.2,0.02,0.07,2.01,10.44,12.0,-13.0
2025-07-17 13:46:00,M0007,OP0023,T00817,,,2.09,10.44,0.2,0.02,0.07,2.01,10.44,12.0,-13.0
2025-07-17 13:58:00,M0007,OP0023,T00817,,,2.09,10.44,0.2,0.02,0.07,2.01,10.44,12.0,-13.0
2025-07-17 14:10:00,M0007,OP0023,T00817,,,2.09,10.44,0.2,0.02,0.07,2.01,10.44,12.0,-13.0
2025-07-17 14:22:00,M0007,OP0023,T00817,,,2.09,10.44,0.2,0.03,0.07,2.01,10.44,12.0,-13.0
2025-07-17 14:34:00,M0007,OP0023,T00817,,,2.09,10.44,0.2,0.02,0.07,2.01,10.44,12.0,-13.0
2025-07-17 14:46:00,M0007,OP0023,T00817,,,2.09,10.44,0.2,0.03,0.07,2.01,10.44,12.0,-13.0
2025-07-17 14:58:00,M0007,OP0023,T00817,,,2.09,10.44,0.2,0.02,0.07,2.01,10.44,12.0,-13.0
2025-07-17 15:10:00,M0007,OP0023,T00817,,,2.09,10.44,0.2,0.02,0.07,2.01,10.44,12.0,-13.0
2025-09-02 08:54:00,M0008,OP0043,T00818,506.0,,3.12,15.61,0.2,0.02,0.13,2.99,15.61,20.0,-22.0
2025-09-02 09:06:00,M0008,OP0043,T00818,,,3.12,15.61,0.2,0.01,0.13,2.99,15.61,20.0,-22.0
2025-09-02 09:18:00,M0008,OP0043,T00818,,,3.12,15.61,0.2,0.01,0.13,2.99,15.61,20.0,-22.0
2025-09-02 09:30:00,M0008,OP0043,T00818,,,3.12,15.61,0.2,0.02,0.13,2.99,15.61,20.0,-22.0
2025-09-02 09:42:00,M0008,OP0043,T00818,,,3.12,15.61,0.2,0.02,0.13,2.99,15.61,20.0,-22.0
2025-09-02 09:54:00,M0008,OP0043,T00818,,,3.12,15.61,0.2,0.02,0.13,2.99,15.61,20.0,-22.0
2025-09-02 10:06:00,M0008,OP0043,T00818,,,3.12,15.61,0.2,0.01,0.13,2.99,15.61,20.0,-22.0
2025-09-02 10:18:00,M0008,OP0043,T00818,,,3.12,15.61,0.2,0.01,0.13,2.99,15.61,20.0,-22.0
2025-09-02 10:30:00,M0008,OP0043,T00818,,,3.12,15.61,0.2,0.02,0.13,2.99,15.61,20.0,-22.0
2025-09-02 10:42:00,M0008,OP0043,T00818,,,3.12,15.61,0.2,0.01,0.13,2.99,15.61,20.0,-22.0
2025-09-02 10:54:00,M0008,OP0043,T00818,,,3.12,15.61,0.2,0.01,0.13,2.99,15.61,20.0,-22.0
2025-09-02 11:06:00,M0008,OP0043,T00818,,,3.12,15.61,0.2,0.01,0.13,2.99,15.61,20.0,-22.0
2025-09-02 11:18:00,M0008,OP0043,T00818,,,3.12,15.61,0.2,0.02,0.13,2.99,15.61,20.0,-22.0
2025-09-02 11:30:00,M0008,OP0043,T00818,,,3.12,15.61,0.2,0.01,0.13,2.99,15.61,20.0,-22.0
2025-09-02 11:42:00,M0008,OP0043,T00818,,,3.12,15.61,0.2,0.01,0.13,2.99,15.61,20.0,-22.0
2025-09-02 11:54:00,M0008,OP0043,T00818,,,2.08,15.61,0.13,0.01,0.09,1.99,15.61,20.0,-22.0
2025-03-01 15:47:00,M0013,OP0047,T00820,182.0,,2.25,11.24,0.2,0.0,0.1,2.15,11.24,10.5,7.1
2025-03-01 15:59:00,M0013,OP0047,T00820,,,2.25,11.24,0.2,0.0,0.1,2.15,11.24,10.5,7.1
2025-03-01 16:11:00,M0013,OP0047,T00820,,,2.25,11.24,0.2,0.0,0.1,2.15,11.24,10.5,7.1
2025-03-01 16:23:00,M0013,OP0047,T00820,,,2.25,11.24,0.2,0.0,0.1,2.15,11.24,10.5,7.1
2025-03-01 16:35:00,M0013,OP0047,T00820,,,2.25,11.24,0.2,0.0,0.1,2.15,11.24,10.5,7.1
2025-03-01 16:47:00,M0013,OP0047,T00820,,,2.25,11.24,0.2,0.0,0.1,2.15,11.24,10.5,7.1
2025-03-01 16:59:00,M0013,OP0047,T00820,,,2.25,11.24,0.2,0.0,0.1,2.15,11.24,10.5,7.1
2025-03-01 17:11:00,M0013,OP0047,T00820,,,2.25,11.24,0.2,0.0,0.1,2.15,11.24,10.5,7.1
2025-03-01 17:23:00,M0013,OP0047,T00820,,,2.25,11.24,0.2,0.0,0.1,2.15,11.24,10.5,7.1
2025-03-01 17:35:00,M0013,OP0047,T00820,,,2.25,11.24,0.2,0.0,0.1,2.15,11.24,10.5,7.1
2025-03-01 17:47:00,M0013,OP0047,T00820,,,2.25,11.24,0.2,0.0,0.1,2.15,11.24,10.5,7.1
2025-03-01 17:59:00,M0013,OP0047,T00820,,,2.25,11.24,0.2,0.0,0.1,2.15,11.24,10.5,7.1
2025-03-01 18:11:00,M0013,OP0047,T00820,,,2.25,11.24,0.2,0.0,0.1,2.15,11.24,10.5,7.1
2025-03-01 18:23:00,M0013,OP0047,T00820,,,2.25,11.24,0.2,0.0,0.1,2.15,11.24,10.5,7.1
2025-03-01 18:35:00,M0013,OP0047,T00820,,,2.25,11.24,0.2,0.0,0.1,2.15,11.24,10.5,7.1
2025-03-01 18:47:00,M0013,OP0047,T00820,,,2.25,11.24,0.2,0.0,0.1,2.15,11.24,10.5,7.1
2025-03-01 18:59:00,M0013,OP0047,T00820,,,2.25,11.24,0.2,0.0,0.1,2.15,11.24,10.5,7.1
2025-03-01 19:11:00,M0013,OP0047,T00820,,,2.25,11.24,0.2,0.0,0.1,2.15,11.24,10.5,7.1
2025-03-01 19:23:00,M0013,OP0047,T00820,,,2.06,11.24,0.18,0.0,0.09,1.97,11.24,10.5,7.1
2025-08-17 07:55:00,M0036,OP0054,T00821,541.5,,4.37,21.84,0.2,0.01,0.16,4.21,21.84,25.0,-12.6
2025-08-17 08:07:00,M0036,OP0054,T00821,,,4.37,21.84,0.2,0.01,0.16,4.21,21.84,25.0,-12.6
2025-08-17 08:19:00,M0036,OP0054,T00821,,,4.37,21.84,0.2,0.01,0.16,4.21,21.84,25.0,-12.6
2025-08-17 08:31:00,M0036,OP0054,T00821,,,4.37,21.84,0.2,0.01,0.16,4.21,21.84,25.0,-12.6
2025-08-17 08:43:00,M0036,OP0054,T00821,,,4.37,21.84,0.2,0.01,0.16,4.21,21.84,25.0,-12.6
2025-08-17 08:55:00,M0036,OP0054,T00821,,,4.37,21.84,0.2,0.01,0.16,4.21,21.84,25.0,-12.6
2025-08-17 09:07:00,M0036,OP0054,T00821,,,4.37,21.84,0.2,0.01,0.16,4.21,21.84,25.0,-12.6
2025-08-17 09:19:00,M0036,OP0054,T00821,,,4.37,21.84,0.2,0.01,0.16,4.21,21.84,25.0,-12.6
2025-08-17 09:31:00,M0036,OP0054,T00821,,,4.37,21.84,0.2,0.01,0.16,4.21,21.84,25.0,-12.6
2025-08-17 09:43:00,M0036,OP0054,T00821,,,4.37,21.84,0.2,0.01,0.16,4.21,21.84,25.0,-12.6
2025-08-17 09:55:00,M0036,OP0054,T00821,,,4.37,21.84,0.2,0.01,0.16,4.21,21.84,25.0,-12.6
2025-08-17 10:07:00,M0036,OP0054,T00821,,,4.37,21.84,0.2,0.01,0.16,4.21,21.84,25.0,-12.6
2025-08-17 10:19:00,M0036,OP0054,T00821,,,4.37,21.84,0.2,0.01,0.16,4.21,21.84,25.0,-12.6
2025-08-17 10:31:00,M0036,OP0054,T00821,,,4.37,21.84,0.2,0.01,0.16,4.21,21.84,25.0,-12.6
2025-08-17 10:43:00,M0036,OP0054,T00821,,,4.37,21.84,0.2,0.01,0.16,4.21,21.84,25.0,-12.6
2025-08-17 10:55:00,M0036,OP0054,T00821,,,4.37,21.84,0.2,0.01,0.16,4.21,21.84,25.0,-12.6
2025-08-17 11:07:00,M0036,OP0054,T00821,,,4.37,21.84,0.2,0.01,0.16,4.21,21.84,25.0,-12.6
2025-08-17 11:19:00,M0036,OP0054,T00821,,,4.37,21.84,0.2,0.01,0.16,4.21,21.84,25.0,-12.6
2025-08-17 11:31:00,M0036,OP0054,T00821,,,0.73,21.84,0.03,0.0,0.03,0.7,21.84,25.0,-12.6
2025-02-22 07:41:00,M0037,OP0025,T00823,321.8,,1.52,7.61,0.2,0.05,0.17,1.36,7.61,12.0,-36.6
2025-02-22 07:53:00,M0037,OP0025,T00823,,,1.52,7.61,0.2,0.04,0.17,1.36,7.61,12.0,-36.6
2025-02-22 08:05:00,M0037,OP0025,T00823,,,1.52,7.61,0.2,0.05,0.17,1.36,7.61,12.0,-36.6
2025-02-22 08:17:00,M0037,OP0025,T00823,,,1.52,7.61,0.2,0.05,0.17,1.36,7.61,12.0,-36.6
2025-02-22 08:29:00,M0037,OP0025,T00823,,,1.52,7.61,0.2,0.03,0.17,1.36,7.61,12.0,-36.6
2025-02-22 08:41:00,M0037,OP0025,T00823,,,1.52,7.61,0.2,0.03,0.17,1.36,7.61,12.0,-36.6
2025-02-22 08:53:00,M0037,OP0025,T00823,,,1.52,7.61,0.2,0.04,0.17,1.36,7.61,12.0,-36.6
2025-02-22 09:05:00,M0037,OP0025,T00823,,,1.52,7.61,0.2,0.03,0.17,1.36,7.61,12.0,-36.6
2025-02-22 09:17:00,M0037,OP0025,T00823,,,1.52,7.61,0.2,0.04,0.17,1.36,7.61,12.0,-36.6
2025-02-22 09:29:00,M0037,OP0025,T00823,,,1.52,7.61,0.2,0.03,0.17,1.36,7.61,12.0,-36.6
2025-02-22 09:41:00,M0037,OP0025,T00823,,,1.52,7.61,0.2,0.03,0.17,1.36,7.61,12.0,-36.6
2025-02-22 09:53:00,M0037,OP0025,T00823,,,1.52,7.61,0.2,0.04,0.17,1.36,7.61,12.0,-36.6
2025-02-22 10:05:00,M0037,OP0025,T00823,,,1.52,7.61,0.2,0.04,0.17,1.36,7.61,12.0,-36.6
2025-02-22 10:17:00,M0037,OP0025,T00823,,,1.52,7.61,0.2,0.05,0.17,1.36,7.61,12.0,-36.6
2025-02-22 10:29:00,M0037,OP0025,T00823,,,1.52,7.61,0.2,0.05,0.17,1.36,7.61,12.0,-36.6
2025-02-22 10:41:00,M0037,OP0025,T00823,,,1.52,7.61,0.2,0.04,0.17,1.36,7.61,12.0,-36.6
2025-02-22 10:53:00,M0037,OP0025,T00823,,,1.52,7.61,0.2,0.03,0.17,1.36,7.61,12.0,-36.6
2025-02-22 11:05:00,M0037,OP0025,T00823,,,1.01,7.61,0.13,0.02,0.11,0.9,7.61,12.0,-36.6
2025-01-14 07:14:00,M0031,OP0050,T00824,237.2,,2.93,14.63,0.2,0.03,0.13,2.8,14.63,19.5,-25.0
2025-01-14 07:26:00,M0031,OP0050,T00824,,,2.93,14.63,0.2,0.03,0.13,2.8,14.63,19.5,-25.0
2025-01-14 07:38:00,M0031,OP0050,T00824,,,2.93,14.63,0.2,0.02,0.13,2.8,14.63,19.5,-25.0
2025-01-14 07:50:00,M0031,OP0050,T00824,,,2.93,14.63,0.2,0.03,0.13,2.8,14.63,19.5,-25.0
2025-01-14 08:02:00,M0031,OP0050,T00824,,,2.93,14.63,0.2,0.02,0.13,2.8,14.63,19.5,-25.0
2025-01-14 08:14:00,M0031,OP0050,T00824,,,2.93,14.63,0.2,0.02,0.13,2.8,14.63,19.5,-25.0
2025-01-14 08:26:00,M0031,OP0050,T00824,,,2.93,14.63,0.2,0.03,0.13,2.8,14.63,19.5,-25.0
2025-01-14 08:38:00,M0031,OP0050,T00824,,,2.93,14.63,0.2,0.02,0.13,2.8,14.63,19.5,-25.0
2025-01-14 08:50:00,M0031,OP0050,T00824,,,2.93,14.63,0.2,0.03,0.13,2.8,14.63,19.5,-25.0
2025-01-14 09:02:00,M0031,OP0050,T00824,,,2.93,14.63,0.2,0.04,0.13,2.8,14.63,19.5,-25.0
2025-01-14 09:14:00,M0031,OP0050,T00824,,,2.93,14.63,0.2,0.02,0.13,2.8,14.63,19.5,-25.0
2025-01-14 09:26:00,M0031,OP0050,T00824,,,2.93,14.63,0.2,0.04,0.13,2.8,14.63,19.5,-25.0
2025-01-14 09:38:00,M0031,OP0050,T00824,,,2.93,14.63,0.2,0.02,0.13,2.8,14.63,19.5,-25.0
2025-01-14 09:50:00,M0031,OP0050,T00824,,,2.93,14.63,0.2,0.03,0.13,2.8,14.63,19.5,-25.0
2025-01-14 10:02:00,M0031,OP0050,T00824,,,2.93,14.63,0.2,0.04,0.13,2.8,14.63,19.5,-25.0
2025-01-14 10:14:00,M0031,OP0050,T00824,,,2.93,14.63,0.2,0.02,0.13,2.8,14.63,19.5,-25.0
2025-01-14 10:26:00,M0031,OP0050,T00824,,,2.93,14.63,0.2,0.02,0.13,2.8,14.63,19.5,-25.0
2025-01-14 10:38:00,M0031,OP0050,T00824,,,2.93,14.63,0.2,0.04,0.13,2.8,14.63,19.5,-25.0
2025-01-14 10:50:00,M0031,OP0050,T00824,,,2.93,14.63,0.2,0.02,0.13,2.8,14.63,19.5,-25.0
2025-01-14 11:02:00,M0031,OP0050,T00824,,,2.93,14.63,0.2,0.02,0.13,2.8,14.63,19.5,-25.0
2025-09-16 09:14:00,M0015,OP0008,T00825,271.8,,4.41,22.07,0.2,0.07,0.26,4.15,22.07,20.0,10.3
2025-09-16 09:26:00,M0015,OP0008,T00825,,,4.41,22.07,0.2,0.06,0.26,4.15,22.07,20.0,10.3
2025-09-16 09:38:00,M0015,OP0008,T00825,,,4.41,22.07,0.2,0.06,0.26,4.15,22.07,20.0,10.3
2025-09-16 09:50:00,M0015,OP0008,T00825,,,4.41,22.07,0.2,0.06,0.26,4.15,22.07,20.0,10.3
2025-09-16 10:02:00,M0015,OP0008,T00825,,,4.41,22.07,0.2,0.05,0.26,4.15,22.07,20.0,10.3
2025-09-16 10:14:00,M0015,OP0008,T00825,,,4.41,22.07,0.2,0.05,0.26,4.15,22.07,20.0,10.3
2025-09-16 10:26:00,M0015,OP0008,T00825,,,4.41,22.07,0.2,0.04,0.26,4.15,22.07,20.0,10.3
2025-09-16 10:38:00,M0015,OP0008,T00825,,,4.41,22.07,0.2,0.05,0.26,4.15,22.07,20.0,10.3
2025-09-16 10:50:00,M0015,OP0008,T00825,,,4.41,22.07,0.2,0.06,0.26,4.15,22.07,20.0,10.3
2025-09-16 11:02:00,M0015,OP0008,T00825,,,4.41,22.07,0.2,0.07,0.26,4.15,22.07,20.0,10.3
2025-09-16 11:14:00,M0015,OP0008,T00825,,,1.1,22.07,0.05,0.02,0.06,1.04,22.07,20.0,10.3
2025-01-18 11:18:00,M0026,OP0043,T00826,275.8,,2.57,12.87,0.2,0.0,0.03,2.54,12.87,14.5,-11.2
2025-01-18 11:30:00,M0026,OP0043,T00826,,,2.57,12.87,0.2,0.0,0.03,2.54,12.87,14.5,-11.2
2025-01-18 11:42:00,M0026,OP0043,T00826,,,1.72,12.87,0.13,0.0,0.02,1.69,12.87,14.5,-11.2
2025-08-08 06:11:00,M0028,OP0048,T00827,680.3,,3.2,16.01,0.2,0.03,0.13,3.07,16.01,20.0,-20.0
2025-08-08 06:23:00,M0028,OP0048,T00827,,,3.2,16.01,0.2,0.02,0.13,3.07,16.01,20.0,-20.0
2025-08-08 06:35:00,M0028,OP0048,T00827,,,3.2,16.01,0.2,0.02,0.13,3.07,16.01,20.0,-20.0
2025-08-08 06:47:00,M0028,OP0048,T00827,,,3.2,16.01,0.2,0.02,0.13,3.07,16.01,20.0,-20.0
2025-08-08 06:59:00,M0028,OP0048,T00827,,,3.2,16.01,0.2,0.03,0.13,3.07,16.01,20.0,-20.0
2025-08-08 07:11:00,M0028,OP0048,T00827,,,3.2,16.01,0.2,0.03,0.13,3.07,16.01,20.0,-20.0
2025-08-08 07:23:00,M0028,OP0048,T00827,,,3.2,16.01,0.2,0.03,0.13,3.07,16.01,20.0,-20.0
2025-08-08 07:35:00,M0028,OP0048,T00827,,,3.2,16.01,0.2,0.03,0.13,3.07,16.01,20.0,-20.0
2025-08-08 07:47:00,M0028,OP0048,T00827,,,3.2,16.01,0.2,0.02,0.13,3.07,16.01,20.0,-20.0
2025-08-08 07:59:00,M0028,OP0048,T00827,,,3.2,16.01,0.2,0.02,0.13,3.07,16.01,20.0,-20.0
2025-08-08 08:11:00,M0028,OP0048,T00827,,,3.2,16.01,0.2,0.03,0.13,3.07,16.01,20.0,-20.0
2025-08-08 08:23:00,M0028,OP0048,T00827,,,3.2,16.01,0.2,0.02,0.13,3.07,16.01,20.0,-20.0
2025-08-08 08:35:00,M0028,OP0048,T00827,,,3.2,16.01,0.2,0.03,0.13,3.07,16.01,20.0,-20.0
2025-08-08 08:47:00,M0028,OP0048,T00827,,,3.2,16.01,0.2,0.03,0.13,3.07,16.01,20.0,-20.0
2025-08-08 08:59:00,M0028,OP0048,T00827,,,3.2,16.01,0.2,0.02,0.13,3.07,16.01,20.0,-20.0
2025-08-08 09:11:00,M0028,OP0048,T00827,,,3.2,16.01,0.2,0.03,0.13,3.07,16.01,20.0,-20.0
2025-08-08 09:23:00,M0028,OP0048,T00827,,,3.2,16.01,0.2,0.02,0.13,3.07,16.01,20.0,-20.0
2025-08-08 09:35:00,M0028,OP0048,T00827,,,3.2,16.01,0.2,0.02,0.13,3.07,16.01,20.0,-20.0
2025-08-08 09:47:00,M0028,OP0048,T00827,,,3.2,16.01,0.2,0.03,0.13,3.07,16.01,20.0,-20.0
2025-08-08 09:59:00,M0028,OP0048,T00827,,,3.2,16.01,0.2,0.03,0.13,3.07,16.01,20.0,-20.0
2025-04-20 12:35:00,M0025,OP0010,T00828,536.6,,3.52,17.59,0.2,0.03,0.16,3.36,17.59,19.5,-9.8
2025-04-20 12:47:00,M0025,OP0010,T00828,,,3.52,17.59,0.2,0.04,0.16,3.36,17.59,19.5,-9.8
2025-04-20 12:59:00,M0025,OP0010,T00828,,,3.52,17.59,0.2,0.03,0.16,3.36,17.59,19.5,-9.8
2025-04-20 13:11:00,M0025,OP0010,T00828,,,3.52,17.59,0.2,0.04,0.16,3.36,17.59,19.5,-9.8
2025-04-20 13:23:00,M0025,OP0010,T00828,,,3.52,17.59,0.2,0.05,0.16,3.36,17.59,19.5,-9.8
2025-04-20 13:35:00,M0025,OP0010,T00828,,,3.52,17.59,0.2,0.04,0.16,3.36,17.59,19.5,-9.8
2025-04-20 13:47:00,M0025,OP0010,T00828,,,3.52,17.59,0.2,0.04,0.16,3.36,17.59,19.5,-9.8
2025-04-20 13:59:00,M0025,OP0010,T00828,,,3.52,17.59,0.2,0.03,0.16,3.36,17.59,19.5,-9.8
2025-04-20 14:11:00,M0025,OP0010,T00828,,,3.52,17.59,0.2,0.05,0.16,3.36,17.59,19.5,-9.8
2025-04-20 14:23:00,M0025,OP0010,T00828,,,3.52,17.59,0.2,0.03,0.16,3.36,17.59,19.5,-9.8
2025-04-20 14:35:00,M0025,OP0010,T00828,,,3.52,17.59,0.2,0.04,0.16,3.36,17.59,19.5,-9.8
2025-04-20 14:47:00,M0025,OP0010,T00828,,,3.52,17.59,0.2,0.03,0.16,3.36,17.59,19.5,-9.8
2025-04-20 14:59:00,M0025,OP0010,T00828,,,3.52,17.59,0.2,0.03,0.16,3.36,17.59,19.5,-9.8
2025-04-20 15:11:00,M0025,OP0010,T00828,,,3.52,17.59,0.2,0.05,0.16,3.36,17.59,19.5,-9.8
2025-04-20 15:23:00,M0025,OP0010,T00828,,,3.52,17.59,0.2,0.04,0.16,3.36,17.59,19.5,-9.8
2025-04-20 15:35:00,M0025,OP0010,T00828,,,3.52,17.59,0.2,0.03,0.16,3.36,17.59,19.5,-9.8
2025-04-20 15:47:00,M0025,OP0010,T00828,,,3.52,17.59,0.2,0.03,0.16,3.36,17.59,19.5,-9.8
2025-04-20 15:59:00,M0025,OP0010,T00828,,,3.52,17.59,0.2,0.04,0.16,3.36,17.59,19.5,-9.8
2025-04-20 16:11:00,M0025,OP0010,T00828,,,3.52,17.59,0.2,0.03,0.16,3.36,17.59,19.5,-9.8
2025-04-20 16:23:00,M0025,OP0010,T00828,,,3.52,17.59,0.2,0.04,0.16,3.36,17.59,19.5,-9.8
2025-01-09 12:03:00,M0042,OP0034,T00829,468.1,,3.19,15.95,0.2,0.03,0.25,2.94,15.95,25.0,-36.2
2025-01-09 12:15:00,M0042,OP0034,T00829,,,3.19,15.95,0.2,0.03,0.25,2.94,15.95,25.0,-36.2
2025-01-09 12:27:00,M0042,OP0034,T00829,,,3.19,15.95,0.2,0.05,0.25,2.94,15.95,25.0,-36.2
2025-01-09 12:39:00,M0042,OP0034,T00829,,,3.19,15.95,0.2,0.04,0.25,2.94,15.95,25.0,-36.2
2025-01-09 12:51:00,M0042,OP0034,T00829,,,3.19,15.95,0.2,0.06,0.25,2.94,15.95,25.0,-36.2
2025-01-09 13:03:00,M0042,OP0034,T00829,,,3.19,15.95,0.2,0.05,0.25,2.94,15.95,25.0,-36.2
2025-01-09 13:15:00,M0042,OP0034,T00829,,,3.19,15.95,0.2,0.04,0.25,2.94,15.95,25.0,-36.2
2025-01-09 13:27:00,M0042,OP0034,T00829,,,3.19,15.95,0.2,0.04,0.25,2.94,15.95,25.0,-36.2
2025-01-09 13:39:00,M0042,OP0034,T00829,,,3.19,15.95,0.2,0.03,0.25,2.94,15.95,25.0,-36.2
2025-01-09 13:51:00,M0042,OP0034,T00829,,,3.19,15.95,0.2,0.05,0.25,2.94,15.95,25.0,-36.2
2025-01-09 14:03:00,M0042,OP0034,T00829,,,3.19,15.95,0.2,0.04,0.25,2.94,15.95,25.0,-36.2
2025-01-09 14:15:00,M0042,OP0034,T00829,,,3.19,15.95,0.2,0.04,0.25,2.94,15.95,25.0,-36.2
2025-01-09 14:27:00,M0042,OP0034,T00829,,,3.19,15.95,0.2,0.04,0.25,2.94,15.95,25.0,-36.2
2025-01-09 14:39:00,M0042,OP0034,T00829,,,3.19,15.95,0.2,0.05,0.25,2.94,15.95,25.0,-36.2
2025-01-09 14:51:00,M0042,OP0034,T00829,,,3.19,15.95,0.2,0.05,0.25,2.94,15.95,25.0,-36.2
2025-01-09 15:03:00,M0042,OP0034,T00829,,,3.19,15.95,0.2,0.04,0.25,2.94,15.95,25.0,-36.2
2025-01-09 15:15:00,M0042,OP0034,T00829,,,3.19,15.95,0.2,0.04,0.25,2.94,15.95,25.0,-36.2
2025-01-09 15:27:00,M0042,OP0034,T00829,,,3.19,15.95,0.2,0.05,0.25,2.94,15.95,25.0,-36.2
2025-01-09 15:39:00,M0042,OP0034,T00829,,,3.19,15.95,0.2,0.05,0.25,2.94,15.95,25.0,-36.2
2025-01-09 15:51:00,M0042,OP0034,T00829,,,3.19,15.95,0.2,0.05,0.25,2.94,15.95,25.0,-36.2
2025-05-03 09:15:00,M0034,OP0013,T00830,400.9,,2.66,13.29,0.2,0.02,0.27,2.39,13.29,20.0,-33.5
2025-05-03 09:27:00,M0034,OP0013,T00830,,,2.66,13.29,0.2,0.02,0.27,2.39,13.29,20.0,-33.5
2025-05-03 09:39:00,M0034,OP0013,T00830,,,2.66,13.29,0.2,0.03,0.27,2.39,13.29,20.0,-33.5
2025-05-03 09:51:00,M0034,OP0013,T00830,,,2.66,13.29,0.2,0.03,0.27,2.39,13.29,20.0,-33.5
2025-05-03 10:03:00,M0034,OP0013,T00830,,,2.66,13.29,0.2,0.02,0.27,2.39,13.29,20.0,-33.5
2025-05-03 10:15:00,M0034,OP0013,T00830,,,2.66,13.29,0.2,0.02,0.27,2.39,13.29,20.0,-33.5
2025-05-03 10:27:00,M0034,OP0013,T00830,,,2.66,13.29,0.2,0.02,0.27,2.39,13.29,20.0,-33.5
2025-05-03 10:39:00,M0034,OP0013,T00830,,,2.66,13.29,0.2,0.02,0.27,2.39,13.29,20.0,-33.5
2025-05-03 10:51:00,M0034,OP0013,T00830,,,2.66,13.29,0.2,0.02,0.27,2.39,13.29,20.0,-33.5
2025-05-03 11:03:00,M0034,OP0013,T00830,,,2.66,13.29,0.2,0.02,0.27,2.39,13.29,20.0,-33.5
2025-05-03 11:15:00,M0034,OP0013,T00830,,,2.66,13.29,0.2,0.02,0.27,2.39,13.29,20.0,-33.5
2025-05-03 11:27:00,M0034,OP0013,T00830,,,2.66,13.29,0.2,0.02,0.27,2.39,13.29,20.0,-33.5
2025-05-03 11:39:00,M0034,OP0013,T00830,,,2.66,13.29,0.2,0.03,0.27,2.39,13.29,20.0,-33.5
2025-05-03 11:51:00,M0034,OP0013,T00830,,,2.66,13.29,0.2,0.02,0.27,2.39,13.29,20.0,-33.5
2025-05-03 12:03:00,M0034,OP0013,T00830,,,2.66,13.29,0.2,0.02,0.27,2.39,13.29,20.0,-33.5
2025-05-03 12:15:00,M0034,OP0013,T00830,,,2.66,13.29,0.2,0.02,0.27,2.39,13.29,20.0,-33.5
2025-05-03 12:27:00,M0034,OP0013,T00830,,,2.66,13.29,0.2,0.02,0.27,2.39,13.29,20.0,-33.5
2025-05-03 12:39:00,M0034,OP0013,T00830,,,2.66,13.29,0.2,0.02,0.27,2.39,13.29,20.0,-33.5
2025-05-03 12:51:00,M0034,OP0013,T00830,,,2.66,13.29,0.2,0.03,0.27,2.39,13.29,20.0,-33.5
2025-05-03 13:03:00,M0034,OP0013,T00830,,,2.66,13.29,0.2,0.02,0.27,2.39,13.29,20.0,-33.5
2025-03-04 15:39:00,M0008,OP0046,T00831,494.8,,3.67,18.33,0.2,0.05,0.11,3.55,18.33,20.0,-8.4
2025-03-04 15:51:00,M0008,OP0046,T00831,,,3.67,18.33,0.2,0.07,0.11,3.55,18.33,20.0,-8.4
2025-03-04 16:03:00,M0008,OP0046,T00831,,,3.67,18.33,0.2,0.05,0.11,3.55,18.33,20.0,-8.4
2025-03-04 16:15:00,M0008,OP0046,T00831,,,3.67,18.33,0.2,0.07,0.11,3.55,18.33,20.0,-8.4
2025-03-04 16:27:00,M0008,OP0046,T00831,,,3.67,18.33,0.2,0.07,0.11,3.55,18.33,20.0,-8.4
2025-03-04 16:39:00,M0008,OP0046,T00831,,,0.31,18.33,0.02,0.01,0.01,0.3,18.33,20.0,-8.4
2025-07-03 06:46:00,M0033,OP0008,T00834,396.6,,2.83,14.17,0.2,0.06,0.21,2.62,14.17,14.5,-2.3
2025-07-03 06:58:00,M0033,OP0008,T00834,,,2.83,14.17,0.2,0.06,0.21,2.62,14.17,14.5,-2.3
2025-07-03 07:10:00,M0033,OP0008,T00834,,,2.83,14.17,0.2,0.07,0.21,2.62,14.17,14.5,-2.3
2025-07-03 07:22:00,M0033,OP0008,T00834,,,2.83,14.17,0.2,0.05,0.21,2.62,14.17,14.5,-2.3
2025-07-03 07:34:00,M0033,OP0008,T00834,,,2.83,14.17,0.2,0.08,0.21,2.62,14.17,14.5,-2.3
2025-07-03 07:46:00,M0033,OP0008,T00834,,,2.83,14.17,0.2,0.06,0.21,2.62,14.17,14.5,-2.3
2025-07-03 07:58:00,M0033,OP0008,T00834,,,2.83,14.17,0.2,0.08,0.21,2.62,14.17,14.5,-2.3
2025-07-03 08:10:00,M0033,OP0008,T00834,,,2.83,14.17,0.2,0.06,0.21,2.62,14.17,14.5,-2.3
2025-07-03 08:22:00,M0033,OP0008,T00834,,,2.83,14.17,0.2,0.05,0.21,2.62,14.17,14.5,-2.3
2025-07-03 08:34:00,M0033,OP0008,T00834,,,2.83,14.17,0.2,0.07,0.21,2.62,14.17,14.5,-2.3
2025-07-03 08:46:00,M0033,OP0008,T00834,,,2.83,14.17,0.2,0.06,0.21,2.62,14.17,14.5,-2.3
2025-07-03 08:58:00,M0033,OP0008,T00834,,,2.83,14.17,0.2,0.07,0.21,2.62,14.17,14.5,-2.3
2025-07-03 09:10:00,M0033,OP0008,T00834,,,2.83,14.17,0.2,0.07,0.21,2.62,14.17,14.5,-2.3
2025-07-03 09:22:00,M0033,OP0008,T00834,,,2.83,14.17,0.2,0.08,0.21,2.62,14.17,14.5,-2.3
2025-07-03 09:34:00,M0033,OP0008,T00834,,,2.83,14.17,0.2,0.08,0.21,2.62,14.17,14.5,-2.3
2025-07-03 09:46:00,M0033,OP0008,T00834,,,2.83,14.17,0.2,0.05,0.21,2.62,14.17,14.5,-2.3
2025-07-03 09:58:00,M0033,OP0008,T00834,,,2.83,14.17,0.2,0.07,0.21,2.62,14.17,14.5,-2.3
2025-07-03 10:10:00,M0033,OP0008,T00834,,,2.83,14.17,0.2,0.07,0.21,2.62,14.17,14.5,-2.3
2025-07-03 10:22:00,M0033,OP0008,T00834,,,2.83,14.17,0.2,0.07,0.21,2.62,14.17,14.5,-2.3
2025-07-03 10:34:00,M0033,OP0008,T00834,,,2.83,14.17,0.2,0.05,0.21,2.62,14.17,14.5,-2.3
2025-05-24 14:07:00,M0039,OP0015,T00835,403.5,,2.33,11.64,0.2,0.04,0.21,2.12,11.64,20.0,-41.8
2025-05-24 14:19:00,M0039,OP0015,T00835,,,2.33,11.64,0.2,0.04,0.21,2.12,11.64,20.0,-41.8
2025-05-24 14:31:00,M0039,OP0015,T00835,,,2.33,11.64,0.2,0.04,0.21,2.12,11.64,20.0,-41.8
2025-05-24 14:43:00,M0039,OP0015,T00835,,,2.33,11.64,0.2,0.04,0.21,2.12,11.64,20.0,-41.8
2025-05-24 14:55:00,M0039,OP0015,T00835,,,2.33,11.64,0.2,0.06,0.21,2.12,11.64,20.0,-41.8
2025-05-24 15:07:00,M0039,OP0015,T00835,,,2.33,11.64,0.2,0.05,0.21,2.12,11.64,20.0,-41.8
2025-05-24 15:19:00,M0039,OP0015,T00835,,,2.33,11.64,0.2,0.04,0.21,2.12,11.64,20.0,-41.8
2025-05-24 15:31:00,M0039,OP0015,T00835,,,2.33,11.64,0.2,0.05,0.21,2.12,11.64,20.0,-41.8
2025-05-24 15:43:00,M0039,OP0015,T00835,,,2.33,11.64,0.2,0.06,0.21,2.12,11.64,20.0,-41.8
2025-05-24 15:55:00,M0039,OP0015,T00835,,,2.33,11.64,0.2,0.06,0.21,2.12,11.64,20.0,-41.8
2025-05-24 16:07:00,M0039,OP0015,T00835,,,2.33,11.64,0.2,0.04,0.21,2.12,11.64,20.0,-41.8
2025-05-24 16:19:00,M0039,OP0015,T00835,,,2.33,11.64,0.2,0.05,0.21,2.12,11.64,20.0,-41.8
2025-05-24 16:31:00,M0039,OP0015,T00835,,,2.33,11.64,0.2,0.04,0.21,2.12,11.64,20.0,-41.8
2025-05-24 16:43:00,M0039,OP0015,T00835,,,2.33,11.64,0.2,0.04,0.21,2.12,11.64,20.0,-41.8
2025-05-24 16:55:00,M0039,OP0015,T00835,,,2.33,11.64,0.2,0.04,0.21,2.12,11.64,20.0,-41.8
2025-05-24 17:07:00,M0039,OP0015,T00835,,,2.33,11.64,0.2,0.05,0.21,2.12,11.64,20.0,-41.8
2025-05-24 17:19:00,M0039,OP0015,T00835,,,2.33,11.64,0.2,0.04,0.21,2.12,11.64,20.0,-41.8
2025-05-24 17:31:00,M0039,OP0015,T00835,,,2.33,11.64,0.2,0.04,0.21,2.12,11.64,20.0,-41.8
2025-05-24 17:43:00,M0039,OP0015,T00835,,,2.33,11.64,0.2,0.06,0.21,2.12,11.64,20.0,-41.8
2025-05-24 17:55:00,M0039,OP0015,T00835,,,2.33,11.64,0.2,0.06,0.21,2.12,11.64,20.0,-41.8
2025-01-21 12:31:00,M0022,OP0004,T00836,418.7,,4.46,22.32,0.2,0.01,0.25,4.22,22.32,28.0,-20.3
2025-01-21 12:43:00,M0022,OP0004,T00836,,,4.46,22.32,0.2,0.02,0.25,4.22,22.32,28.0,-20.3
2025-01-21 12:55:00,M0022,OP0004,T00836,,,4.46,22.32,0.2,0.02,0.25,4.22,22.32,28.0,-20.3
2025-01-21 13:07:00,M0022,OP0004,T00836,,,4.46,22.32,0.2,0.02,0.25,4.22,22.32,28.0,-20.3
2025-01-21 13:19:00,M0022,OP0004,T00836,,,4.46,22.32,0.2,0.02,0.25,4.22,22.32,28.0,-20.3
2025-01-21 13:31:00,M0022,OP0004,T00836,,,4.46,22.32,0.2,0.02,0.25,4.22,22.32,28.0,-20.3
2025-01-21 13:43:00,M0022,OP0004,T00836,,,4.46,22.32,0.2,0.02,0.25,4.22,22.32,28.0,-20.3
2025-01-21 13:55:00,M0022,OP0004,T00836,,,4.46,22.32,0.2,0.02,0.25,4.22,22.32,28.0,-20.3
2025-01-21 14:07:00,M0022,OP0004,T00836,,,4.46,22.32,0.2,0.02,0.25,4.22,22.32,28.0,-20.3
2025-01-21 14:19:00,M0022,OP0004,T00836,,,4.46,22.32,0.2,0.02,0.25,4.22,22.32,28.0,-20.3
2025-01-21 14:31:00,M0022,OP0004,T00836,,,4.46,22.32,0.2,0.02,0.25,4.22,22.32,28.0,-20.3
2025-01-21 14:43:00,M0022,OP0004,T00836,,,4.46,22.32,0.2,0.02,0.25,4.22,22.32,28.0,-20.3
2025-01-21 14:55:00,M0022,OP0004,T00836,,,4.46,22.32,0.2,0.01,0.25,4.22,22.32,28.0,-20.3
2025-01-21 15:07:00,M0022,OP0004,T00836,,,4.46,22.32,0.2,0.02,0.25,4.22,22.32,28.0,-20.3
2025-01-21 15:19:00,M0022,OP0004,T00836,,,4.46,22.32,0.2,0.02,0.25,4.22,22.32,28.0,-20.3
2025-01-21 15:31:00,M0022,OP0004,T00836,,,4.46,22.32,0.2,0.01,0.25,4.22,22.32,28.0,-20.3
2025-01-21 15:43:00,M0022,OP0004,T00836,,,2.6,22.32,0.12,0.01,0.14,2.46,22.32,28.0,-20.3
2025-05-20 12:14:00,M0015,OP0052,T00837,334.8,,3.39,16.96,0.2,0.05,0.17,3.22,16.96,20.0,-15.2
2025-05-20 12:26:00,M0015,OP0052,T00837,,,3.39,16.96,0.2,0.05,0.17,3.22,16.96,20.0,-15.2
2025-05-20 12:38:00,M0015,OP0052,T00837,,,3.39,16.96,0.2,0.05,0.17,3.22,16.96,20.0,-15.2
2025-05-20 12:50:00,M0015,OP0052,T00837,,,3.39,16.96,0.2,0.03,0.17,3.22,16.96,20.0,-15.2
2025-05-20 13:02:00,M0015,OP0052,T00837,,,3.39,16.96,0.2,0.04,0.17,3.22,16.96,20.0,-15.2
2025-05-20 13:14:00,M0015,OP0052,T00837,,,3.39,16.96,0.2,0.05,0.17,3.22,16.96,20.0,-15.2
2025-05-05 09:24:00,M0041,OP0004,T00838,155.9,,1.78,8.88,0.2,0.02,0.09,1.68,8.88,10.5,-15.5
2025-05-05 09:36:00,M0041,OP0004,T00838,,,1.78,8.88,0.2,0.02,0.09,1.68,8.88,10.5,-15.5
2025-05-05 09:48:00,M0041,OP0004,T00838,,,1.78,8.88,0.2,0.01,0.09,1.68,8.88,10.5,-15.5
2025-05-05 10:00:00,M0041,OP0004,T00838,,,1.78,8.88,0.2,0.02,0.09,1.68,8.88,10.5,-15.5
2025-05-05 10:12:00,M0041,OP0004,T00838,,,1.78,8.88,0.2,0.01,0.09,1.68,8.88,10.5,-15.5
2025-05-05 10:24:00,M0041,OP0004,T00838,,,1.78,8.88,0.2,0.01,0.09,1.68,8.88,10.5,-15.5
2025-05-05 10:36:00,M0041,OP0004,T00838,,,1.78,8.88,0.2,0.02,0.09,1.68,8.88,10.5,-15.5
2025-05-05 10:48:00,M0041,OP0004,T00838,,,1.78,8.88,0.2,0.02,0.09,1.68,8.88,10.5,-15.5
2025-05-05 11:00:00,M0041,OP0004,T00838,,,1.78,8.88,0.2,0.01,0.09,1.68,8.88,10.5,-15.5
2025-05-05 11:12:00,M0041,OP0004,T00838,,,1.78,8.88,0.2,0.01,0.09,1.68,8.88,10.5,-15.5
2025-05-05 11:24:00,M0041,OP0004,T00838,,,1.78,8.88,0.2,0.01,0.09,1.68,8.88,10.5,-15.5
2025-05-05 11:36:00,M0041,OP0004,T00838,,,1.78,8.88,0.2,0.01,0.09,1.68,8.88,10.5,-15.5
2025-05-05 11:48:00,M0041,OP0004,T00838,,,1.78,8.88,0.2,0.01,0.09,1.68,8.88,10.5,-15.5
2025-05-05 12:00:00,M0041,OP0004,T00838,,,1.78,8.88,0.2,0.01,0.09,1.68,8.88,10.5,-15.5
2025-05-05 12:12:00,M0041,OP0004,T00838,,,1.78,8.88,0.2,0.02,0.09,1.68,8.88,10.5,-15.5
2025-05-05 12:24:00,M0041,OP0004,T00838,,,1.78,8.88,0.2,0.01,0.09,1.68,8.88,10.5,-15.5
2025-05-05 12:36:00,M0041,OP0004,T00838,,,1.78,8.88,0.2,0.02,0.09,1.68,8.88,10.5,-15.5
2025-05-05 12:48:00,M0041,OP0004,T00838,,,1.78,8.88,0.2,0.02,0.09,1.68,8.88,10.5,-15.5
2025-05-05 13:00:00,M0041,OP0004,T00838,,,1.78,8.88,0.2,0.01,0.09,1.68,8.88,10.5,-15.5
2025-05-05 13:12:00,M0041,OP0004,T00838,,,1.78,8.88,0.2,0.01,0.09,1.68,8.88,10.5,-15.5
2025-01-18 10:03:00,M0031,OP0025,T00841,216.2,,2.77,13.86,0.2,0.03,0.22,2.55,13.86,19.5,-28.9
2025-01-18 10:15:00,M0031,OP0025,T00841,,,2.77,13.86,0.2,0.03,0.22,2.55,13.86,19.5,-28.9
2025-01-18 10:27:00,M0031,OP0025,T00841,,,2.77,13.86,0.2,0.04,0.22,2.55,13.86,19.5,-28.9
2025-01-18 10:39:00,M0031,OP0025,T00841,,,2.77,13.86,0.2,0.04,0.22,2.55,13.86,19.5,-28.9
2025-01-18 10:51:00,M0031,OP0025,T00841,,,2.77,13.86,0.2,0.04,0.22,2.55,13.86,19.5,-28.9
2025-01-18 11:03:00,M0031,OP0025,T00841,,,2.77,13.86,0.2,0.03,0.22,2.55,13.86,19.5,-28.9
2025-01-18 11:15:00,M0031,OP0025,T00841,,,2.77,13.86,0.2,0.04,0.22,2.55,13.86,19.5,-28.9
2025-01-18 11:27:00,M0031,OP0025,T00841,,,2.77,13.86,0.2,0.04,0.22,2.55,13.86,19.5,-28.9
2025-01-18 11:39:00,M0031,OP0025,T00841,,,2.77,13.86,0.2,0.04,0.22,2.55,13.86,19.5,-28.9
2025-01-18 11:51:00,M0031,OP0025,T00841,,,2.77,13.86,0.2,0.03,0.22,2.55,13.86,19.5,-28.9
2025-01-18 12:03:00,M0031,OP0025,T00841,,,2.77,13.86,0.2,0.03,0.22,2.55,13.86,19.5,-28.9
2025-01-18 12:15:00,M0031,OP0025,T00841,,,2.77,13.86,0.2,0.02,0.22,2.55,13.86,19.5,-28.9
2025-01-18 12:27:00,M0031,OP0025,T00841,,,2.77,13.86,0.2,0.03,0.22,2.55,13.86,19.5,-28.9
2025-01-18 12:39:00,M0031,OP0025,T00841,,,2.77,13.86,0.2,0.04,0.22,2.55,13.86,19.5,-28.9
2025-01-18 12:51:00,M0031,OP0025,T00841,,,2.77,13.86,0.2,0.03,0.22,2.55,13.86,19.5,-28.9
2025-01-18 13:03:00,M0031,OP0025,T00841,,,2.77,13.86,0.2,0.04,0.22,2.55,13.86,19.5,-28.9
2025-01-18 13:15:00,M0031,OP0025,T00841,,,2.77,13.86,0.2,0.03,0.22,2.55,13.86,19.5,-28.9
2025-01-18 13:27:00,M0031,OP0025,T00841,,,2.77,13.86,0.2,0.03,0.22,2.55,13.86,19.5,-28.9
2025-01-18 13:39:00,M0031,OP0025,T00841,,,2.77,13.86,0.2,0.03,0.22,2.55,13.86,19.5,-28.9
2025-01-18 13:51:00,M0031,OP0025,T00841,,,2.77,13.86,0.2,0.04,0.22,2.55,13.86,19.5,-28.9
2025-08-04 14:16:00,M0008,OP0016,T00842,389.1,,3.28,16.39,0.2,0.06,0.2,3.08,16.39,20.0,-18.0
2025-08-04 14:28:00,M0008,OP0016,T00842,,,3.28,16.39,0.2,0.05,0.2,3.08,16.39,20.0,-18.0
2025-08-04 14:40:00,M0008,OP0016,T00842,,,3.28,16.39,0.2,0.05,0.2,3.08,16.39,20.0,-18.0
2025-08-04 14:52:00,M0008,OP0016,T00842,,,3.28,16.39,0.2,0.04,0.2,3.08,16.39,20.0,-18.0
2025-08-04 15:04:00,M0008,OP0016,T00842,,,3.28,16.39,0.2,0.04,0.2,3.08,16.39,20.0,-18.0
2025-08-04 15:16:00,M0008,OP0016,T00842,,,3.28,16.39,0.2,0.05,0.2,3.08,16.39,20.0,-18.0
2025-08-04 15:28:00,M0008,OP0016,T00842,,,3.28,16.39,0.2,0.04,0.2,3.08,16.39,20.0,-18.0
2025-08-04 15:40:00,M0008,OP0016,T00842,,,3.28,16.39,0.2,0.05,0.2,3.08,16.39,20.0,-18.0
2025-08-04 15:52:00,M0008,OP0016,T00842,,,3.28,16.39,0.2,0.04,0.2,3.08,16.39,20.0,-18.0
2025-08-04 16:04:00,M0008,OP0016,T00842,,,3.28,16.39,0.2,0.04,0.2,3.08,16.39,20.0,-18.0
2025-08-04 16:16:00,M0008,OP0016,T00842,,,3.28,16.39,0.2,0.04,0.2,3.08,16.39,20.0,-18.0
2025-08-04 16:28:00,M0008,OP0016,T00842,,,3.28,16.39,0.2,0.05,0.2,3.08,16.39,20.0,-18.0
2025-08-04 16:40:00,M0008,OP0016,T00842,,,3.28,16.39,0.2,0.06,0.2,3.08,16.39,20.0,-18.0
2025-08-04 16:52:00,M0008,OP0016,T00842,,,3.28,16.39,0.2,0.04,0.2,3.08,16.39,20.0,-18.0
2025-08-04 17:04:00,M0008,OP0016,T00842,,,3.28,16.39,0.2,0.04,0.2,3.08,16.39,20.0,-18.0
2025-08-04 17:16:00,M0008,OP0016,T00842,,,3.28,16.39,0.2,0.06,0.2,3.08,16.39,20.0,-18.0
2025-08-04 17:28:00,M0008,OP0016,T00842,,,3.28,16.39,0.2,0.06,0.2,3.08,16.39,20.0,-18.0
2025-08-04 17:40:00,M0008,OP0016,T00842,,,3.28,16.39,0.2,0.06,0.2,3.08,16.39,20.0,-18.0
2025-08-04 17:52:00,M0008,OP0016,T00842,,,3.28,16.39,0.2,0.05,0.2,3.08,16.39,20.0,-18.0
2025-08-04 18:04:00,M0008,OP0016,T00842,,,3.28,16.39,0.2,0.04,0.2,3.08,16.39,20.0,-18.0
2025-08-21 12:21:00,M0011,OP0053,T00843,151.1,,2.05,10.23,0.2,0.03,0.16,1.88,10.23,10.5,-2.6
2025-08-21 12:33:00,M0011,OP0053,T00843,,,2.05,10.23,0.2,0.04,0.16,1.88,10.23,10.5,-2.6
2025-08-21 12:45:00,M0011,OP0053,T00843,,,2.05,10.23,0.2,0.03,0.16,1.88,10.23,10.5,-2.6
2025-08-21 12:57:00,M0011,OP0053,T00843,,,2.05,10.23,0.2,0.03,0.16,1.88,10.23,10.5,-2.6
2025-08-21 13:09:00,M0011,OP0053,T00843,,,2.05,10.23,0.2,0.02,0.16,1.88,10.23,10.5,-2.6
2025-08-21 13:21:00,M0011,OP0053,T00843,,,2.05,10.23,0.2,0.04,0.16,1.88,10.23,10.5,-2.6
2025-08-21 13:33:00,M0011,OP0053,T00843,,,2.05,10.23,0.2,0.04,0.16,1.88,10.23,10.5,-2.6
2025-08-21 13:45:00,M0011,OP0053,T00843,,,2.05,10.23,0.2,0.03,0.16,1.88,10.23,10.5,-2.6
2025-08-21 13:57:00,M0011,OP0053,T00843,,,2.05,10.23,0.2,0.04,0.16,1.88,10.23,10.5,-2.6
2025-08-21 14:09:00,M0011,OP0053,T00843,,,2.05,10.23,0.2,0.03,0.16,1.88,10.23,10.5,-2.6
2025-08-21 14:21:00,M0011,OP0053,T00843,,,2.05,10.23,0.2,0.03,0.16,1.88,10.23,10.5,-2.6
2025-08-21 14:33:00,M0011,OP0053,T00843,,,2.05,10.23,0.2,0.04,0.16,1.88,10.23,10.5,-2.6
2025-08-21 14:45:00,M0011,OP0053,T00843,,,2.05,10.23,0.2,0.04,0.16,1.88,10.23,10.5,-2.6
2025-08-21 14:57:00,M0011,OP0053,T00843,,,2.05,10.23,0.2,0.04,0.16,1.88,10.23,10.5,-2.6
2025-08-21 15:09:00,M0011,OP0053,T00843,,,2.05,10.23,0.2,0.02,0.16,1.88,10.23,10.5,-2.6
2025-08-21 15:21:00,M0011,OP0053,T00843,,,2.05,10.23,0.2,0.04,0.16,1.88,10.23,10.5,-2.6
2025-08-21 15:33:00,M0011,OP0053,T00843,,,2.05,10.23,0.2,0.04,0.16,1.88,10.23,10.5,-2.6
2025-08-21 15:45:00,M0011,OP0053,T00843,,,2.05,10.23,0.2,0.04,0.16,1.88,10.23,10.5,-2.6
2025-08-21 15:57:00,M0011,OP0053,T00843,,,2.05,10.23,0.2,0.03,0.16,1.88,10.23,10.5,-2.6
2025-08-21 16:09:00,M0011,OP0053,T00843,,,2.05,10.23,0.2,0.03,0.16,1.88,10.23,10.5,-2.6
2025-08-27 11:41:00,M0025,OP0019,T00844,403.0,,2.75,13.75,0.2,0.05,0.19,2.56,13.75,19.5,-29.5
2025-08-27 11:53:00,M0025,OP0019,T00844,,,2.75,13.75,0.2,0.03,0.19,2.56,13.75,19.5,-29.5
2025-08-27 12:05:00,M0025,OP0019,T00844,,,2.75,13.75,0.2,0.05,0.19,2.56,13.75,19.5,-29.5
2025-08-27 12:17:00,M0025,OP0019,T00844,,,2.75,13.75,0.2,0.04,0.19,2.56,13.75,19.5,-29.5
2025-08-27 12:29:00,M0025,OP0019,T00844,,,2.75,13.75,0.2,0.03,0.19,2.56,13.75,19.5,-29.5
2025-08-27 12:41:00,M0025,OP0019,T00844,,,2.75,13.75,0.2,0.04,0.19,2.56,13.75,19.5,-29.5
2025-08-27 12:53:00,M0025,OP0019,T00844,,,2.75,13.75,0.2,0.04,0.19,2.56,13.75,19.5,-29.5
2025-08-27 13:05:00,M0025,OP0019,T00844,,,2.75,13.75,0.2,0.04,0.19,2.56,13.75,19.5,-29.5
2025-08-27 13:17:00,M0025,OP0019,T00844,,,2.75,13.75,0.2,0.03,0.19,2.56,13.75,19.5,-29.5
2025-08-27 13:29:00,M0025,OP0019,T00844,,,2.75,13.75,0.2,0.04,0.19,2.56,13.75,19.5,-29.5
2025-08-27 13:41:00,M0025,OP0019,T00844,,,2.75,13.75,0.2,0.03,0.19,2.56,13.75,19.5,-29.5
2025-08-27 13:53:00,M0025,OP0019,T00844,,,2.75,13.75,0.2,0.04,0.19,2.56,13.75,19.5,-29.5
2025-08-27 14:05:00,M0025,OP0019,T00844,,,2.75,13.75,0.2,0.04,0.19,2.56,13.75,19.5,-29.5
2025-08-27 14:17:00,M0025,OP0019,T00844,,,2.75,13.75,0.2,0.05,0.19,2.56,13.75,19.5,-29.5
2025-08-27 14:29:00,M0025,OP0019,T00844,,,2.75,13.75,0.2,0.03,0.19,2.56,13.75,19.5,-29.5
2025-08-27 14:41:00,M0025,OP0019,T00844,,,2.75,13.75,0.2,0.03,0.19,2.56,13.75,19.5,-29.5
2025-08-27 14:53:00,M0025,OP0019,T00844,,,2.75,13.75,0.2,0.05,0.19,2.56,13.75,19.5,-29.5
2025-08-27 15:05:00,M0025,OP0019,T00844,,,2.75,13.75,0.2,0.03,0.19,2.56,13.75,19.5,-29.5
2025-08-27 15:17:00,M0025,OP0019,T00844,,,2.75,13.75,0.2,0.04,0.19,2.56,13.75,19.5,-29.5
2025-08-27 15:29:00,M0025,OP0019,T00844,,,2.75,13.75,0.2,0.03,0.19,2.56,13.75,19.5,-29.5
2025-08-15 12:57:00,M0002,OP0021,T00845,497.3,,3.19,15.93,0.2,0.03,0.16,3.03,15.93,19.5,-18.3
2025-08-15 13:09:00,M0002,OP0021,T00845,,,3.19,15.93,0.2,0.04,0.16,3.03,15.93,19.5,-18.3
2025-08-15 13:21:00,M0002,OP0021,T00845,,,3.19,15.93,0.2,0.03,0.16,3.03,15.93,19.5,-18.3
2025-08-15 13:33:00,M0002,OP0021,T00845,,,3.19,15.93,0.2,0.04,0.16,3.03,15.93,19.5,-18.3
2025-08-15 13:45:00,M0002,OP0021,T00845,,,3.19,15.93,0.2,0.03,0.16,3.03,15.93,19.5,-18.3
2025-08-15 13:57:00,M0002,OP0021,T00845,,,3.19,15.93,0.2,0.04,0.16,3.03,15.93,19.5,-18.3
2025-08-15 14:09:00,M0002,OP0021,T00845,,,3.19,15.93,0.2,0.05,0.16,3.03,15.93,19.5,-18.3
2025-08-15 14:21:00,M0002,OP0021,T00845,,,3.19,15.93,0.2,0.04,0.16,3.03,15.93,19.5,-18.3
2025-08-15 14:33:00,M0002,OP0021,T00845,,,3.19,15.93,0.2,0.04,0.16,3.03,15.93,19.5,-18.3
2025-08-15 14:45:00,M0002,OP0021,T00845,,,3.19,15.93,0.2,0.04,0.16,3.03,15.93,19.5,-18.3
2025-08-15 14:57:00,M0002,OP0021,T00845,,,3.19,15.93,0.2,0.05,0.16,3.03,15.93,19.5,-18.3
2025-08-15 15:09:00,M0002,OP0021,T00845,,,3.19,15.93,0.2,0.05,0.16,3.03,15.93,19.5,-18.3
2025-08-15 15:21:00,M0002,OP0021,T00845,,,3.19,15.93,0.2,0.04,0.16,3.03,15.93,19.5,-18.3
2025-08-15 15:33:00,M0002,OP0021,T00845,,,3.19,15.93,0.2,0.04,0.16,3.03,15.93,19.5,-18.3
2025-08-15 15:45:00,M0002,OP0021,T00845,,,3.19,15.93,0.2,0.04,0.16,3.03,15.93,19.5,-18.3
2025-08-15 15:57:00,M0002,OP0021,T00845,,,3.19,15.93,0.2,0.03,0.16,3.03,15.93,19.5,-18.3
2025-08-15 16:09:00,M0002,OP0021,T00845,,,3.19,15.93,0.2,0.04,0.16,3.03,15.93,19.5,-18.3
2025-08-15 16:21:00,M0002,OP0021,T00845,,,3.19,15.93,0.2,0.05,0.16,3.03,15.93,19.5,-18.3
2025-08-15 16:33:00,M0002,OP0021,T00845,,,3.19,15.93,0.2,0.05,0.16,3.03,15.93,19.5,-18.3
2025-08-15 16:45:00,M0002,OP0021,T00845,,,3.19,15.93,0.2,0.04,0.16,3.03,15.93,19.5,-18.3
2025-06-19 07:52:00,M0040,OP0055,T00846,412.7,,3.13,15.63,0.2,0.02,0.12,3.01,15.63,19.5,-19.9
2025-06-19 08:04:00,M0040,OP0055,T00846,,,3.13,15.63,0.2,0.01,0.12,3.01,15.63,19.5,-19.9
2025-06-19 08:16:00,M0040,OP0055,T00846,,,3.13,15.63,0.2,0.01,0.12,3.01,15.63,19.5,-19.9
2025-06-19 08:28:00,M0040,OP0055,T00846,,,3.13,15.63,0.2,0.01,0.12,3.01,15.63,19.5,-19.9
2025-06-19 08:40:00,M0040,OP0055,T00846,,,3.13,15.63,0.2,0.01,0.12,3.01,15.63,19.5,-19.9
2025-06-19 08:52:00,M0040,OP0055,T00846,,,3.13,15.63,0.2,0.02,0.12,3.01,15.63,19.5,-19.9
2025-06-19 09:04:00,M0040,OP0055,T00846,,,3.13,15.63,0.2,0.01,0.12,3.01,15.63,19.5,-19.9
2025-06-19 09:16:00,M0040,OP0055,T00846,,,3.13,15.63,0.2,0.02,0.12,3.01,15.63,19.5,-19.9
2025-06-19 09:28:00,M0040,OP0055,T00846,,,3.13,15.63,0.2,0.02,0.12,3.01,15.63,19.5,-19.9
2025-06-19 09:40:00,M0040,OP0055,T00846,,,3.13,15.63,0.2,0.01,0.12,3.01,15.63,19.5,-19.9
2025-06-19 09:52:00,M0040,OP0055,T00846,,,3.13,15.63,0.2,0.01,0.12,3.01,15.63,19.5,-19.9
2025-06-19 10:04:00,M0040,OP0055,T00846,,,3.13,15.63,0.2,0.01,0.12,3.01,15.63,19.5,-19.9
2025-06-19 10:16:00,M0040,OP0055,T00846,,,3.13,15.63,0.2,0.02,0.12,3.01,15.63,19.5,-19.9
2025-06-19 10:28:00,M0040,OP0055,T00846,,,3.13,15.63,0.2,0.01,0.12,3.01,15.63,19.5,-19.9
2025-06-19 10:40:00,M0040,OP0055,T00846,,,3.13,15.63,0.2,0.02,0.12,3.01,15.63,19.5,-19.9
2025-06-19 10:52:00,M0040,OP0055,T00846,,,3.13,15.63,0.2,0.01,0.12,3.01,15.63,19.5,-19.9
2025-06-19 11:04:00,M0040,OP0055,T00846,,,3.13,15.63,0.2,0.02,0.12,3.01,15.63,19.5,-19.9
2025-06-19 11:16:00,M0040,OP0055,T00846,,,3.13,15.63,0.2,0.01,0.12,3.01,15.63,19.5,-19.9
2025-06-19 11:28:00,M0040,OP0055,T00846,,,3.13,15.63,0.2,0.01,0.12,3.01,15.63,19.5,-19.9
2025-06-19 11:40:00,M0040,OP0055,T00846,,,3.13,15.63,0.2,0.02,0.12,3.01,15.63,19.5,-19.9
2025-03-18 11:21:00,M0016,OP0008,T00847,221.3,,2.35,11.73,0.2,0.05,0.16,2.19,11.73,12.0,-2.3
2025-03-18 11:33:00,M0016,OP0008,T00847,,,2.35,11.73,0.2,0.05,0.16,2.19,11.73,12.0,-2.3
2025-03-18 11:45:00,M0016,OP0008,T00847,,,2.35,11.73,0.2,0.03,0.16,2.19,11.73,12.0,-2.3
2025-03-18 11:57:00,M0016,OP0008,T00847,,,2.35,11.73,0.2,0.03,0.16,2.19,11.73,12.0,-2.3
2025-03-18 12:09:00,M0016,OP0008,T00847,,,2.35,11.73,0.2,0.05,0.16,2.19,11.73,12.0,-2.3
2025-03-18 12:21:00,M0016,OP0008,T00847,,,2.35,11.73,0.2,0.03,0.16,2.19,11.73,12.0,-2.3
2025-03-18 12:33:00,M0016,OP0008,T00847,,,2.35,11.73,0.2,0.04,0.16,2.19,11.73,12.0,-2.3
2025-03-18 12:45:00,M0016,OP0008,T00847,,,2.35,11.73,0.2,0.03,0.16,2.19,11.73,12.0,-2.3
2025-03-18 12:57:00,M0016,OP0008,T00847,,,2.35,11.73,0.2,0.04,0.16,2.19,11.73,12.0,-2.3
2025-03-18 13:09:00,M0016,OP0008,T00847,,,2.35,11.73,0.2,0.03,0.16,2.19,11.73,12.0,-2.3
2025-03-18 13:21:00,M0016,OP0008,T00847,,,2.35,11.73,0.2,0.03,0.16,2.19,11.73,12.0,-2.3
2025-03-18 13:33:00,M0016,OP0008,T00847,,,2.35,11.73,0.2,0.04,0.16,2.19,11.73,12.0,-2.3
2025-03-18 13:45:00,M0016,OP0008,T00847,,,2.35,11.73,0.2,0.04,0.16,2.19,11.73,12.0,-2.3
2025-03-18 13:57:00,M0016,OP0008,T00847,,,2.35,11.73,0.2,0.05,0.16,2.19,11.73,12.0,-2.3
2025-03-18 14:09:00,M0016,OP0008,T00847,,,2.35,11.73,0.2,0.03,0.16,2.19,11.73,12.0,-2.3
2025-03-18 14:21:00,M0016,OP0008,T00847,,,2.35,11.73,0.2,0.03,0.16,2.19,11.73,12.0,-2.3
2025-03-18 14:33:00,M0016,OP0008,T00847,,,2.35,11.73,0.2,0.04,0.16,2.19,11.73,12.0,-2.3
2025-03-18 14:45:00,M0016,OP0008,T00847,,,2.35,11.73,0.2,0.03,0.16,2.19,11.73,12.0,-2.3
2025-03-18 14:57:00,M0016,OP0008,T00847,,,2.35,11.73,0.2,0.03,0.16,2.19,11.73,12.0,-2.3
2025-03-18 15:09:00,M0016,OP0008,T00847,,,1.95,11.73,0.17,0.04,0.13,1.82,11.73,12.0,-2.3
