timestamp,operator_id,machine_id,task_id,idle_ratio,average_rpm,max_rpm,average_speed,hard_braking_count,rapid_acceleration_count,reverse_count,seatbelt_violation_count,proximity_event_count,fuel_efficiency,task_efficiency,behavior_score
2025-01-01 06:03:00,OP0023,M0014,T00518,0.192,1733.0,2335.0,11.8,0,0,23,2,0,23.27,,60.0
2025-01-01 07:00:00,OP0007,M0014,,0.199,1649.0,1814.0,3.8,1,1,3,3,0,13.0,0.489,63.9
2025-01-01 09:00:00,OP0047,M0038,,0.056,2225.0,2560.0,1.1,2,1,8,0,0,21.18,1.017,90.0
2025-01-01 09:00:00,OP0033,M0039,,0.139,1472.0,1721.0,4.2,0,0,5,2,0,12.16,1.062,75.1
2025-01-01 11:59:00,OP0031,M0034,T00276,0.237,1628.0,2300.0,1.6,0,0,31,1,1,17.32,,40.8
2025-01-01 12:00:00,OP0024,M0032,,0.14,1644.0,1863.0,5.0,0,0,9,0,0,22.03,0.674,87.4
2025-01-01 13:00:00,OP0032,M0031,,0.089,2008.0,2399.0,12.7,0,1,3,0,0,9.1,0.98,86.8
2025-01-01 13:00:00,OP0047,M0028,,0.157,2145.0,2267.0,4.5,0,2,6,1,0,16.55,0.823,78.4
2025-01-01 14:00:00,OP0042,M0031,,0.228,1881.0,2225.0,13.0,2,0,8,0,0,12.26,0.813,75.9
2025-01-01 14:00:00,OP0051,M0027,,0.224,1489.0,1601.0,3.6,0,0,6,0,0,22.86,1.009,83.2
2025-01-01 15:00:00,OP0014,M0037,,0.119,1804.0,2092.0,6.7,2,0,5,2,0,4.58,0.982,68.2
2025-01-01 15:00:00,OP0001,M0022,,0.101,1971.0,2084.0,13.7,1,1,6,0,0,19.56,0.831,90.1
2025-01-01 15:00:00,OP0034,M0014,,0.287,1928.0,2192.0,2.1,1,0,5,1,0,18.23,0.925,78.6
2025-01-02 06:00:00,OP0010,M0034,,0.118,1983.0,2323.0,3.0,1,0,7,0,0,19.1,1.006,86.3
2025-01-02 06:00:00,OP0044,M0032,,0.164,1982.0,2365.0,5.0,0,2,6,1,0,18.47,1.022,80.3
2025-01-02 06:00:00,OP0038,M0028,,0.259,1663.0,2020.0,1.5,1,1,5,2,0,9.18,0.562,61.9
2025-01-02 06:00:00,OP0014,M0010,,0.137,1857.0,2150.0,2.7,1,0,12,0,1,18.07,0.885,72.5
2025-01-02 07:00:00,OP0023,M0021,,0.147,1646.0,1838.0,7.7,3,0,4,1,0,9.25,0.453,74.7
2025-01-02 07:00:00,OP0046,M0023,,0.264,2307.0,2600.0,7.9,3,0,4,1,0,21.97,0.689,71.7
2025-01-02 07:00:00,OP0005,M0030,,0.189,1593.0,1716.0,1.8,1,0,6,0,0,22.08,0.606,85.7
2025-01-02 08:18:00,OP0035,M0021,T00461,0.28,1413.0,1981.0,3.4,0,0,11,0,0,9.33,,73.3
2025-01-02 09:00:00,OP0008,M0029,,0.233,2461.0,2600.0,6.2,0,1,4,0,1,27.91,0.381,67.1
2025-01-02 09:00:00,OP0047,M0009,,0.046,2377.0,2529.0,4.7,3,0,7,1,0,22.55,0.81,73.5
2025-01-02 09:16:00,OP0030,M0008,T00522,0.293,1416.0,2039.0,1.5,0,0,27,0,0,14.4,,58.3
2025-01-02 10:00:00,OP0035,M0030,,0.028,1678.0,2068.0,1.2,1,1,5,0,0,7.55,0.962,89.1
2025-01-02 10:26:00,OP0003,M0001,T00422,0.217,1452.0,1960.0,1.6,0,0,16,0,0,14.88,,83.3
2025-01-02 12:00:00,OP0048,M0009,,0.216,1713.0,2019.0,1.6,0,0,4,0,0,12.17,0.54,84.2
2025-01-02 13:00:00,OP0002,M0040,,0.18,2110.0,2332.0,9.2,0,1,4,0,0,18.59,0.769,87.5
2025-01-02 13:38:00,OP0010,M0023,T00017,0.153,1955.0,2605.0,2.8,0,0,9,0,1,18.59,,71.8
2025-01-02 14:00:00,OP0029,M0007,,0.18,2008.0,2368.0,6.6,1,1,12,2,0,6.6,0.72,63.3
2025-01-02 14:00:00,OP0047,M0038,,0.074,2500.0,2600.0,1.0,1,1,5,1,0,24.02,0.836,78.9
2025-01-02 14:00:00,OP0033,M0008,,0.165,1547.0,1714.0,3.5,1,2,3,1,0,11.44,0.965,67.1
2025-01-02 14:02:00,OP0040,M0014,T00710,0.146,1720.0,2240.0,13.9,0,1,15,0,0,24.6,,78.9
2025-01-02 14:18:00,OP0015,M0037,T00635,0.221,1463.0,1983.0,2.9,0,0,16,0,0,7.71,,71.3
2025-01-02 15:00:00,OP0020,M0039,,0.069,1570.0,1846.0,4.0,3,1,6,1,0,8.07,0.552,78.5
2025-01-02 15:00:00,OP0004,M0039,,0.113,1984.0,2233.0,3.4,1,1,10,0,0,10.61,0.91,70.7
2025-01-02 15:54:00,OP0017,M0012,T00283,0.2,1809.0,2391.0,12.6,0,0,2,0,0,23.8,,87.0
2025-01-03 06:46:00,OP0002,M0017,T00780,0.196,1660.0,2209.0,5.1,0,0,9,0,0,11.26,,81.6
2025-01-03 08:00:00,OP0047,M0027,,0.01,2464.0,2600.0,3.5,1,2,15,0,0,9.53,0.928,87.9
2025-01-03 10:00:00,OP0014,M0026,,0.175,1581.0,1715.0,11.2,0,1,7,1,0,8.13,1.183,77.4
2025-01-03 10:00:00,OP0015,M0003,,0.216,1343.0,1699.0,5.7,0,2,2,1,0,27.41,0.315,72.0
2025-01-03 12:00:00,OP0009,M0014,,0.328,1965.0,2167.0,19.9,1,1,4,1,2,20.41,0.589,39.0
2025-01-03 13:00:00,OP0004,M0017,,0.182,1890.0,2020.0,1.2,0,1,5,0,0,11.87,0.801,89.6
2025-01-03 13:00:00,OP0018,M0035,,0.231,1320.0,1557.0,11.3,0,2,6,0,2,17.5,0.78,60.0
2025-01-03 13:00:00,OP0014,M0009,,0.141,1688.0,1929.0,3.5,1,0,8,0,0,19.58,1.013,87.5
2025-01-03 14:00:00,OP0041,M0015,,0.367,1661.0,2024.0,2.9,0,4,4,0,0,13.79,0.661,61.2
2025-01-03 15:00:00,OP0048,M0002,,0.098,1611.0,1772.0,7.9,1,0,2,0,0,8.84,0.707,91.8
2025-01-03 15:00:00,OP0016,M0025,,0.274,2160.0,2348.0,11.6,1,0,8,0,0,8.03,0.926,77.8
2025-01-03 15:00:00,OP0052,M0017,,0.254,2101.0,2210.0,12.8,0,3,2,1,0,8.53,0.589,55.5
2025-01-04 06:00:00,OP0014,M0012,,0.247,1843.0,2176.0,11.1,1,1,4,0,0,34.01,1.041,86.8
2025-01-04 06:00:00,OP0036,M0013,,0.131,2215.0,2408.0,11.2,2,1,4,0,0,9.99,0.497,86.0
2025-01-04 07:00:00,OP0002,M0026,,0.16,1980.0,2188.0,11.7,0,1,5,0,0,8.89,0.78,84.6
2025-01-04 07:42:00,OP0044,M0036,T00708,0.275,1552.0,2196.0,2.3,0,0,43,2,1,19.9,,22.7
2025-01-04 08:00:00,OP0044,M0032,,0.115,1669.0,1825.0,3.5,0,2,4,0,0,28.49,0.943,84.7
2025-01-04 08:00:00,OP0040,M0013,,0.025,1935.0,2167.0,1.3,1,0,5,0,0,6.15,0.66,98.2
2025-01-04 10:00:00,OP0029,M0005,,0.195,1942.0,2125.0,23.9,0,0,6,3,1,18.62,0.464,51.5
2025-01-04 10:00:00,OP0045,M0018,,0.211,1983.0,2333.0,2.9,1,1,5,1,0,8.44,0.479,65.9
2025-01-04 10:00:00,OP0053,M0024,,0.201,2500.0,2600.0,3.2,1,0,8,0,0,7.29,0.869,74.4
2025-01-04 10:42:00,OP0010,M0028,T00052,0.49,1396.0,2335.0,0.8,0,0,0,0,0,12.04,,73.1
2025-01-04 11:00:00,OP0053,M0011,,0.057,2500.0,2600.0,7.1,1,0,11,3,0,11.21,0.745,70.8
2025-01-04 11:00:00,OP0017,M0009,,0.103,1906.0,2161.0,4.4,1,0,6,0,0,12.89,0.785,85.9
2025-01-04 12:00:00,OP0021,M0031,,0.263,1970.0,2339.0,9.0,1,1,3,0,0,16.75,0.916,78.7
2025-01-04 13:00:00,OP0020,M0032,,0.239,1373.0,1562.0,2.1,0,1,6,1,0,30.56,0.628,66.5
2025-01-04 13:00:00,OP0001,M0025,,0.176,1720.0,1987.0,6.8,1,1,5,0,0,17.17,0.945,76.3
2025-01-04 15:00:00,OP0055,M0023,,0.178,2085.0,2259.0,7.9,2,0,7,1,1,19.12,0.722,62.0
2025-01-04 15:00:00,OP0017,M0036,,0.12,1875.0,2245.0,1.3,1,2,12,0,1,23.48,0.812,67.0
2025-01-05 07:00:00,OP0020,M0019,,0.154,1777.0,2042.0,11.7,2,0,12,0,0,10.22,0.496,68.3
2025-01-05 07:00:00,OP0004,M0021,,0.085,2032.0,2225.0,9.8,0,0,4,0,0,12.01,0.891,90.5
2025-01-05 07:00:00,OP0045,M0004,,0.405,2396.0,2600.0,11.8,0,0,6,1,0,14.14,0.468,64.1
2025-01-05 07:00:00,OP0026,M0039,,0.133,1888.0,2081.0,2.9,1,1,4,0,1,19.69,0.985,75.6
2025-01-05 07:05:00,OP0018,M0013,T00263,0.267,1481.0,2090.0,1.7,0,0,13,0,0,6.97,,76.9
2025-01-05 08:00:00,OP0028,M0021,,0.227,1680.0,2034.0,1.9,0,1,6,0,0,13.15,0.769,82.3
2025-01-05 08:00:00,OP0029,M0023,,0.189,2015.0,2252.0,10.3,0,1,7,1,0,12.78,0.419,74.0
2025-01-05 08:00:00,OP0021,M0020,,0.233,2176.0,2305.0,9.2,0,1,5,0,0,5.15,1.068,80.5
2025-01-05 08:00:00,OP0011,M0031,,0.282,1915.0,2087.0,4.4,4,2,11,0,2,8.83,0.598,40.7
2025-01-05 08:00:00,OP0024,M0026,,0.13,2117.0,2414.0,7.0,0,1,7,1,0,15.61,0.527,80.1
2025-01-05 09:00:00,OP0055,M0008,,0.092,1882.0,2273.0,4.4,1,0,7,0,2,23.53,0.647,65.1
2025-01-05 09:00:00,OP0001,M0031,,0.06,1932.0,2326.0,6.7,0,3,6,0,0,11.98,0.738,93.7
2025-01-05 10:00:00,OP0023,M0014,,0.191,2094.0,2401.0,8.2,3,0,7,1,0,18.89,0.385,62.7
2025-01-05 10:00:00,OP0054,M0021,,0.027,2044.0,2205.0,12.3,0,0,5,0,0,12.74,0.769,97.1
2025-01-05 12:00:00,OP0036,M0042,,0.111,2037.0,2201.0,2.5,1,1,7,0,0,18.59,0.59,83.2
2025-01-05 12:00:00,OP0045,M0022,,0.277,1937.0,2324.0,21.2,0,0,2,1,2,21.54,0.605,56.7
2025-01-05 15:00:00,OP0040,M0036,,0.075,1595.0,1784.0,1.3,1,1,7,0,0,19.12,0.79,87.2
2025-01-06 06:00:00,OP0045,M0016,,0.297,2402.0,2600.0,6.4,1,0,2,2,0,11.93,0.481,62.0
2025-01-06 06:00:00,OP0051,M0023,,0.215,1743.0,1907.0,2.9,0,1,5,0,0,11.05,0.84,84.1
2025-01-06 07:00:00,OP0050,M0029,,0.111,1625.0,1900.0,4.2,0,1,11,0,0,11.54,0.991,76.5
2025-01-06 07:00:00,OP0010,M0027,,0.108,2063.0,2259.0,3.7,1,0,2,0,0,22.69,1.015,86.2
2025-01-06 08:00:00,OP0010,M0013,,0.109,2314.0,2597.0,6.4,0,0,7,0,0,3.9,0.909,95.7
2025-01-06 08:00:00,OP0050,M0034,,0.054,1895.0,2213.0,3.2,0,2,7,0,0,17.62,0.934,97.9
2025-01-06 09:00:00,OP0049,M0005,,0.213,1989.0,2100.0,7.7,1,0,7,0,0,24.17,0.785,81.9
2025-01-06 09:48:00,OP0014,M0031,T00267,0.25,1555.0,2235.0,3.7,0,1,1,0,0,13.67,,73.8
2025-01-06 10:00:00,OP0018,M0039,,0.154,1669.0,1999.0,3.8,1,1,4,0,0,19.07,0.694,83.6
2025-01-06 10:00:00,OP0045,M0022,,0.325,2152.0,2447.0,18.6,1,0,5,2,2,16.16,0.508,42.4
2025-01-06 11:00:00,OP0025,M0031,,0.196,1862.0,2019.0,10.4,2,3,10,0,0,21.18,0.809,69.4
2025-01-06 11:00:00,OP0022,M0020,,0.092,1740.0,1986.0,6.2,1,0,5,1,0,5.11,0.607,76.3
2025-01-06 12:00:00,OP0001,M0042,,0.078,1541.0,1796.0,2.6,0,1,2,0,0,9.66,0.681,95.2
2025-01-06 12:00:00,OP0033,M0011,,0.14,1872.0,1989.0,11.8,0,1,6,0,0,6.89,0.916,89.0
2025-01-06 12:00:00,OP0021,M0028,,0.169,1979.0,2285.0,1.7,1,1,7,0,0,21.25,0.908,81.3
2025-01-06 12:00:00,OP0013,M0038,,0.144,1790.0,2145.0,3.8,1,0,2,0,1,13.6,0.694,74.7
2025-01-06 12:00:00,OP0033,M0019,,0.079,1865.0,2255.0,5.0,1,0,3,0,0,4.91,0.928,98.9
2025-01-06 13:00:00,OP0028,M0026,,0.2,1735.0,1940.0,11.4,1,2,5,0,0,5.69,0.764,81.3
2025-01-06 13:00:00,OP0036,M0020,,0.116,2260.0,2411.0,11.2,2,0,8,1,0,4.77,0.517,81.2
2025-01-06 13:00:00,OP0040,M0013,,0.078,2089.0,2396.0,3.3,3,0,2,0,0,3.86,0.878,82.6
2025-01-06 14:00:00,OP0027,M0001,,0.255,1488.0,1857.0,3.5,0,3,2,0,0,18.5,0.785,79.3
2025-01-06 15:00:00,OP0001,M0015,,0.03,1868.0,2141.0,2.6,1,3,9,0,0,15.96,0.929,82.9
2025-01-06 15:00:00,OP0047,M0025,,0.037,2484.0,2585.0,10.8,0,1,8,0,1,9.35,0.902,85.5
2025-01-06 15:00:00,OP0050,M0004,,0.125,1760.0,2023.0,8.1,1,1,9,0,1,13.99,0.995,77.3
2025-01-07 06:00:00,OP0048,M0029,,0.112,1720.0,1884.0,5.6,2,1,4,0,0,24.4,0.591,85.1
2025-01-07 06:00:00,OP0037,M0036,,0.173,2161.0,2359.0,7.0,1,1,3,1,0,11.84,0.485,78.3
2025-01-07 07:00:00,OP0016,M0038,,0.314,2184.0,2350.0,5.1,2,2,8,0,0,19.07,0.802,70.9
2025-01-07 07:00:00,OP0024,M0039,,0.226,1692.0,1963.0,4.7,1,1,5,2,0,9.71,0.636,74.1
2025-01-07 08:00:00,OP0002,M0033,,0.145,1849.0,2035.0,6.6,0,1,2,0,0,12.07,0.645,90.8
2025-01-07 08:00:00,OP0052,M0004,,0.219,2225.0,2586.0,12.1,0,1,6,2,0,10.4,0.571,70.0
2025-01-07 08:00:00,OP0013,M0036,,0.127,1581.0,1873.0,1.7,0,1,11,2,1,11.1,0.709,59.2
2025-01-07 08:00:00,OP0022,M0011,,0.029,2364.0,2518.0,5.2,0,1,9,2,0,9.73,0.814,78.2
2025-01-07 08:29:00,OP0007,M0007,T00721,0.296,1510.0,2095.0,2.2,0,0,36,1,0,8.35,,46.0
2025-01-07 09:00:00,OP0048,M0002,,0.049,1863.0,2129.0,1.9,1,2,6,0,0,21.04,0.738,89.3
2025-01-07 11:00:00,OP0044,M0042,,0.08,2378.0,2580.0,6.7,0,0,5,0,0,14.89,0.848,90.3
2025-01-07 11:18:00,OP0052,M0021,T00495,0.117,1892.0,2393.0,5.9,0,0,3,8,0,13.32,,30.8
2025-01-07 11:33:00,OP0032,M0030,T00589,0.263,1477.0,2100.0,1.5,0,0,3,1,0,14.3,,75.8
2025-01-07 12:00:00,OP0024,M0009,,0.082,1856.0,2085.0,2.5,2,0,10,1,1,17.79,0.643,60.6
2025-01-07 12:00:00,OP0038,M0013,,0.228,1945.0,2266.0,2.6,1,0,8,0,0,12.36,0.582,84.2
2025-01-07 12:00:00,OP0024,M0012,,0.193,1754.0,1865.0,1.7,0,2,9,0,0,29.06,0.808,78.0
2025-01-07 13:00:00,OP0051,M0039,,0.248,1441.0,1673.0,1.6,1,0,4,0,0,24.38,0.711,82.1
2025-01-07 13:00:00,OP0028,M0015,,0.147,1671.0,1867.0,1.6,0,0,5,0,0,24.66,0.938,86.6
2025-01-07 14:00:00,OP0030,M0036,,0.104,1496.0,1794.0,3.4,2,1,5,1,0,14.06,0.632,83.5
2025-01-07 14:00:00,OP0021,M0013,,0.169,2307.0,2600.0,9.4,0,1,3,0,0,8.03,0.842,82.2
2025-01-07 14:00:00,OP0017,M0039,,0.058,1765.0,2150.0,4.3,0,0,5,0,0,13.43,0.847,100.0
2025-01-07 14:18:00,OP0001,M0003,T00258,0.253,1472.0,1947.0,2.6,0,0,13,0,0,19.7,,73.7
2025-01-08 06:00:00,OP0036,M0037,,0.2,2470.0,2600.0,1.6,2,0,5,0,0,8.57,0.436,83.8
2025-01-08 07:00:00,OP0052,M0018,,0.147,1962.0,2341.0,2.4,1,0,5,0,1,9.59,0.606,79.0
2025-01-08 08:00:00,OP0003,M0020,,0.253,1614.0,1947.0,9.9,0,0,7,0,0,12.54,0.625,84.8
2025-01-08 09:00:00,OP0026,M0040,,0.171,2009.0,2186.0,8.6,0,0,9,1,0,21.14,1.072,77.0
2025-01-08 09:00:00,OP0021,M0019,,0.144,1968.0,2250.0,9.7,0,0,5,0,1,12.22,0.948,88.1
2025-01-08 09:00:00,OP0036,M0029,,0.051,2096.0,2254.0,2.5,0,1,7,0,0,21.88,0.577,90.5
2025-01-08 09:00:00,OP0026,M0029,,0.061,1680.0,1836.0,5.2,0,0,4,1,0,15.73,0.791,92.2
2025-01-08 10:00:00,OP0035,M0038,,0.067,1652.0,1960.0,6.9,2,0,7,0,0,10.4,0.764,88.0
2025-01-08 10:00:00,OP0036,M0039,,0.089,1902.0,2186.0,2.9,1,1,7,1,0,8.17,0.517,76.4
2025-01-08 10:00:00,OP0005,M0010,,0.123,1941.0,2158.0,3.1,0,0,11,1,0,10.74,0.826,71.6
2025-01-08 11:00:00,OP0055,M0014,,0.14,1844.0,2143.0,2.7,1,1,11,1,1,31.47,0.746,63.5
2025-01-08 11:00:00,OP0014,M0033,,0.091,1752.0,2023.0,9.0,0,0,10,0,0,16.19,0.986,91.7
2025-01-08 11:00:00,OP0001,M0017,,0.061,1742.0,2072.0,11.5,1,1,5,0,0,10.69,0.966,94.3
2025-01-08 12:00:00,OP0040,M0015,,0.117,1977.0,2238.0,2.4,2,0,5,0,0,18.71,0.756,83.8
2025-01-08 12:00:00,OP0018,M0033,,0.144,1451.0,1838.0,3.4,1,1,3,0,2,8.9,0.814,64.1
2025-01-08 13:12:00,OP0037,M0035,T00047,0.333,1845.0,2784.0,6.2,0,1,0,1,0,11.87,,66.8
2025-01-08 14:00:00,OP0048,M0035,,0.163,2016.0,2178.0,10.9,1,0,10,0,0,15.41,0.607,78.9
2025-01-08 14:00:00,OP0041,M0013,,0.366,1767.0,2068.0,7.5,1,2,8,0,0,6.97,0.693,64.6
2025-01-08 14:00:00,OP0033,M0013,,0.057,1762.0,2093.0,11.7,1,0,7,0,1,9.66,0.591,85.2
2025-01-08 15:00:00,OP0051,M0038,,0.284,1765.0,1973.0,3.5,2,0,4,0,0,16.68,0.956,81.9
2025-01-08 15:00:00,OP0035,M0035,,0.035,1786.0,2031.0,5.7,0,2,5,0,0,8.64,0.593,100.0
2025-01-08 15:00:00,OP0054,M0021,,0.017,1853.0,2142.0,3.1,0,1,8,0,0,13.81,0.713,91.2
2025-01-08 15:00:00,OP0011,M0030,,0.28,1776.0,1954.0,2.8,2,1,4,0,0,7.74,0.578,74.0
2025-01-08 15:00:00,OP0032,M0040,,0.15,1656.0,1767.0,12.4,1,2,8,0,0,13.1,1.039,79.6
2025-01-09 06:00:00,OP0025,M0017,,0.133,2000.0,2168.0,9.2,0,0,6,0,0,5.6,0.953,91.6
2025-01-09 06:00:00,OP0003,M0014,,0.182,1751.0,1883.0,14.5,1,0,5,0,0,28.85,0.64,86.3
2025-01-09 06:00:00,OP0004,M0033,,0.043,1945.0,2157.0,10.7,0,1,6,0,0,14.53,0.985,91.2
2025-01-09 07:00:00,OP0014,M0013,,0.141,1739.0,2113.0,7.6,2,1,3,0,1,3.95,1.037,75.2
2025-01-09 07:33:00,OP0039,M0024,T00432,0.338,1490.0,2196.0,2.4,0,0,12,1,1,13.75,,49.2
2025-01-09 08:00:00,OP0008,M0008,,0.256,2120.0,2446.0,1.5,0,0,7,2,1,23.39,0.438,57.7
2025-01-09 08:00:00,OP0051,M0040,,0.182,1664.0,2035.0,12.2,0,2,2,0,0,12.14,0.958,85.3
2025-01-09 08:00:00,OP0039,M0017,,0.159,1825.0,2043.0,12.0,2,0,6,0,1,15.87,0.896,76.4
2025-01-09 08:00:00,OP0029,M0005,,0.139,1749.0,1884.0,20.1,1,1,5,2,0,10.87,0.549,68.0
2025-01-09 08:54:00,OP0050,M0002,T00170,0.225,1600.0,2196.0,3.7,0,0,55,0,0,14.85,,36.6
2025-01-09 09:10:00,OP0037,M0040,T00593,0.148,2167.0,2793.0,3.9,0,0,21,0,0,20.07,,71.3
2025-01-09 10:00:00,OP0019,M0033,,0.284,1727.0,2073.0,1.2,1,2,5,0,0,6.95,0.435,71.5
2025-01-09 10:00:00,OP0032,M0026,,0.17,1906.0,2249.0,1.9,1,1,10,0,0,11.38,0.832,85.4
2025-01-09 10:00:00,OP0048,M0013,,0.103,2078.0,2315.0,6.2,0,0,4,1,0,10.28,0.747,90.8
2025-01-09 10:00:00,OP0049,M0023,,0.167,1839.0,2184.0,2.9,1,0,5,1,0,8.44,0.821,70.4
2025-01-09 11:00:00,OP0024,M0018,,0.233,1897.0,2009.0,2.7,1,1,8,0,0,23.38,0.672,72.8
2025-01-09 12:03:00,OP0034,M0042,T00829,0.317,1315.0,1835.0,2.0,0,0,13,2,0,15.95,,57.5
2025-01-09 14:00:00,OP0002,M0022,,0.166,1714.0,1946.0,14.2,1,1,4,0,0,16.14,0.859,83.9
2025-01-09 14:00:00,OP0050,M0008,,0.126,1640.0,1828.0,2.0,0,0,7,0,0,13.59,1.048,99.2
2025-01-09 15:00:00,OP0048,M0032,,0.179,1783.0,1996.0,4.0,1,0,5,0,0,9.93,0.627,80.3
2025-01-10 06:00:00,OP0017,M0003,,0.184,1896.0,2270.0,6.0,0,1,3,0,0,24.78,0.66,84.5
2025-01-10 06:00:00,OP0019,M0019,,0.177,1850.0,2060.0,3.5,2,1,6,0,1,7.44,0.445,70.3
2025-01-10 07:00:00,OP0054,M0008,,0.01,1742.0,1872.0,3.7,1,1,7,0,0,13.03,0.74,98.9
2025-01-10 07:00:00,OP0051,M0020,,0.198,1794.0,2065.0,8.8,0,0,7,0,0,11.9,0.845,86.4
2025-01-10 08:00:00,OP0007,M0035,,0.197,1708.0,1923.0,10.2,1,0,4,2,0,13.43,0.686,73.3
2025-01-10 09:00:00,OP0030,M0020,,0.185,1706.0,2030.0,9.2,1,2,9,0,0,7.95,0.722,73.8
2025-01-10 09:00:00,OP0044,M0008,,0.112,1731.0,2100.0,4.3,1,1,8,0,0,16.79,1.043,87.3
2025-01-10 10:00:00,OP0027,M0003,,0.232,1549.0,1798.0,3.1,2,0,11,1,0,24.39,0.61,63.5
2025-01-10 11:00:00,OP0015,M0021,,0.225,1330.0,1679.0,6.9,1,1,7,0,0,17.07,0.368,79.3
2025-01-10 11:00:00,OP0044,M0001,,0.185,1788.0,1921.0,4.7,1,0,6,0,1,21.86,0.927,77.5
2025-01-10 13:00:00,OP0009,M0006,,0.299,2125.0,2256.0,6.6,1,1,8,3,0,12.17,0.674,55.5
2025-01-10 13:00:00,OP0053,M0026,,0.119,2500.0,2600.0,1.5,0,1,5,1,1,11.98,0.897,66.9
2025-01-10 13:00:00,OP0020,M0022,,0.265,1685.0,2002.0,16.5,1,2,6,3,0,23.99,0.58,47.9
2025-01-10 13:17:00,OP0011,M0034,T00100,0.212,1529.0,2101.0,1.7,0,0,25,0,0,14.97,,63.0
2025-01-10 13:45:00,OP0007,M0013,T00467,0.207,1607.0,2256.0,2.0,0,0,16,2,0,7.8,,67.0
2025-01-10 14:00:00,OP0048,M0021,,0.108,1789.0,2031.0,3.0,0,2,11,0,1,15.02,0.74,72.3
2025-01-10 14:00:00,OP0018,M0027,,0.06,1387.0,1595.0,3.6,1,2,5,0,0,14.12,0.461,91.1
2025-01-10 15:00:00,OP0025,M0034,,0.149,1968.0,2334.0,2.7,3,2,5,0,1,23.82,0.92,59.9
2025-01-10 15:00:00,OP0032,M0038,,0.077,2005.0,2144.0,1.5,0,1,8,0,0,21.54,0.903,83.5
2025-01-11 06:00:00,OP0012,M0005,,0.17,2367.0,2538.0,26.0,1,0,11,1,0,19.76,0.873,70.7
2025-01-11 07:35:00,OP0001,M0007,T00621,0.226,1687.0,2342.0,3.3,0,0,4,1,1,9.13,,68.2
2025-01-11 09:00:00,OP0050,M0004,,0.114,1895.0,2283.0,5.7,0,0,6,0,0,16.04,0.822,94.0
2025-01-11 09:00:00,OP0048,M0021,,0.092,1718.0,1894.0,6.5,2,1,2,1,0,11.27,0.717,85.9
2025-01-11 10:00:00,OP0029,M0004,,0.212,2099.0,2314.0,6.8,4,1,6,1,0,13.6,0.3,60.8
2025-01-11 10:53:00,OP0030,M0024,T00058,0.234,1591.0,2184.0,2.8,0,0,3,0,0,14.71,,85.8
2025-01-11 11:00:00,OP0021,M0019,,0.312,2145.0,2385.0,2.2,0,0,1,0,0,9.86,0.876,79.3
2025-01-11 11:00:00,OP0046,M0006,,0.291,2292.0,2600.0,7.7,1,0,6,0,0,12.97,0.548,80.8
2025-01-11 12:00:00,OP0049,M0010,,0.215,1873.0,2038.0,21.7,1,1,7,1,0,22.25,0.751,74.2
2025-01-11 12:00:00,OP0020,M0032,,0.19,1634.0,1981.0,3.9,0,0,7,1,1,16.11,0.6,63.3
2025-01-11 12:00:00,OP0039,M0005,,0.055,1841.0,2058.0,9.7,0,0,9,2,0,19.8,0.946,81.3
2025-01-11 13:30:00,OP0029,M0003,T00188,0.383,1369.0,2030.0,1.7,0,0,26,0,3,16.52,,27.5
2025-01-11 14:00:00,OP0016,M0015,,0.165,1655.0,1826.0,1.2,2,2,8,0,1,15.11,0.981,72.2
2025-01-11 14:00:00,OP0034,M0010,,0.218,1782.0,1891.0,28.6,0,1,7,1,0,19.88,0.653,72.3
2025-01-12 06:00:00,OP0040,M0010,,0.01,1809.0,2169.0,25.4,1,0,6,0,0,28.72,0.783,100.0
2025-01-12 06:00:00,OP0046,M0040,,0.296,1699.0,1952.0,14.8,2,0,9,1,1,10.41,0.653,53.3
2025-01-12 10:00:00,OP0013,M0006,,0.046,2051.0,2351.0,8.4,1,0,6,1,0,6.94,0.736,80.5
2025-01-12 10:00:00,OP0007,M0021,,0.225,1627.0,1728.0,12.7,1,3,5,3,0,12.08,0.521,53.4
2025-01-12 10:05:00,OP0049,M0028,T00693,0.312,1478.0,2170.0,1.5,0,0,23,3,0,13.98,,37.8
2025-01-12 11:00:00,OP0015,M0003,,0.238,1598.0,1794.0,5.0,0,0,4,0,0,14.9,0.411,87.8
2025-01-12 11:00:00,OP0041,M0025,,0.242,2069.0,2337.0,14.2,1,0,6,2,4,24.2,0.757,32.6
2025-01-12 11:00:00,OP0011,M0021,,0.228,1830.0,2135.0,5.9,1,0,6,0,1,7.33,0.564,70.5
2025-01-12 12:00:00,OP0001,M0030,,0.078,1893.0,2085.0,4.7,0,1,4,0,0,21.61,0.804,95.2
2025-01-12 12:00:00,OP0033,M0016,,0.095,1708.0,1852.0,6.7,1,1,6,0,0,5.51,0.817,80.4
2025-01-12 13:00:00,OP0042,M0024,,0.129,1718.0,1861.0,13.9,0,0,2,0,0,21.71,0.792,94.3
2025-01-12 13:00:00,OP0004,M0019,,0.036,2046.0,2321.0,7.5,1,0,5,0,0,6.0,1.06,98.7
2025-01-12 14:00:00,OP0020,M0035,,0.303,1857.0,2077.0,4.2,2,1,5,0,0,7.45,0.424,77.0
2025-01-12 14:00:00,OP0010,M0003,,0.026,1930.0,2067.0,2.6,0,0,5,0,0,11.78,0.901,97.7
2025-01-12 14:00:00,OP0051,M0018,,0.202,1540.0,1695.0,3.8,1,0,3,0,0,15.29,0.919,88.5
2025-01-12 15:00:00,OP0052,M0040,,0.206,2107.0,2477.0,5.9,1,1,1,0,1,21.75,0.662,74.5
2025-01-12 15:00:00,OP0005,M0028,,0.146,1825.0,2163.0,3.0,1,0,10,2,0,18.49,0.534,62.7
2025-01-12 15:00:00,OP0045,M0014,,0.342,1955.0,2287.0,20.4,0,1,8,2,0,31.34,0.582,56.9
2025-01-12 15:00:00,OP0055,M0023,,0.21,1931.0,2270.0,8.9,0,0,3,0,2,18.59,0.707,65.1
2025-01-12 15:04:00,OP0033,M0010,T00490,0.208,1503.0,2032.0,10.6,0,0,23,0,0,20.62,,64.8
2025-01-13 06:00:00,OP0011,M0023,,0.169,1746.0,1979.0,1.4,2,0,5,0,1,14.71,0.712,62.9
2025-01-13 06:00:00,OP0021,M0037,,0.221,2066.0,2297.0,3.5,0,1,5,0,0,12.49,0.749,85.9
2025-01-13 06:00:00,OP0001,M0021,,0.046,1972.0,2301.0,11.4,0,1,6,0,0,7.78,0.776,96.6
2025-01-13 07:00:00,OP0044,M0001,,0.149,2145.0,2469.0,1.5,1,1,5,0,0,7.93,0.967,83.7
2025-01-13 07:00:00,OP0008,M0023,,0.247,2354.0,2600.0,8.5,0,5,7,1,0,19.77,0.477,62.8
2025-01-13 07:00:00,OP0050,M0040,,0.022,1983.0,2307.0,11.8,0,2,8,0,0,17.52,1.048,82.3
2025-01-13 08:00:00,OP0017,M0020,,0.136,2203.0,2517.0,6.2,2,2,9,0,1,11.66,0.717,70.3
2025-01-13 09:00:00,OP0001,M0016,,0.031,1808.0,2067.0,7.4,0,0,8,0,1,11.43,0.933,84.3
2025-01-13 09:00:00,OP0050,M0003,,0.081,1561.0,1848.0,6.4,0,0,6,0,0,17.52,1.05,96.6
2025-01-13 10:00:00,OP0013,M0006,,0.089,2045.0,2321.0,5.5,1,0,11,0,0,5.38,0.663,88.0
2025-01-13 10:00:00,OP0048,M0030,,0.242,1544.0,1817.0,2.3,0,1,7,0,1,23.0,0.664,71.4
2025-01-13 10:00:00,OP0023,M0010,,0.221,2169.0,2485.0,1.5,0,2,3,0,1,23.85,0.347,71.8
2025-01-13 11:00:00,OP0043,M0032,,0.069,1715.0,1867.0,7.0,1,2,4,2,0,11.68,1.003,76.1
2025-01-13 11:35:00,OP0050,M0035,T00451,0.325,1464.0,2152.0,4.9,0,0,20,0,0,9.71,,66.4
2025-01-13 13:00:00,OP0051,M0021,,0.199,1545.0,1943.0,4.4,1,0,9,0,0,5.76,0.84,83.6
2025-01-13 13:00:00,OP0028,M0031,,0.195,1964.0,2271.0,8.0,0,0,6,0,0,15.4,0.915,90.6
2025-01-13 13:37:00,OP0039,M0031,T00781,0.312,1515.0,2264.0,1.9,0,0,26,2,0,14.15,,39.9
2025-01-13 14:00:00,OP0039,M0017,,0.225,1848.0,1957.0,4.2,1,1,7,0,0,12.2,0.866,78.4
2025-01-13 14:00:00,OP0032,M0005,,0.147,1584.0,1924.0,17.4,0,4,2,0,0,20.7,0.98,80.6
2025-01-13 14:37:00,OP0035,M0021,T00224,0.188,1511.0,1893.0,4.6,0,0,15,0,0,10.55,,79.0
2025-01-13 15:00:00,OP0012,M0027,,0.165,1844.0,2241.0,1.4,0,0,5,1,0,23.74,0.713,82.3
2025-01-13 15:00:00,OP0036,M0006,,0.182,1883.0,2281.0,4.3,0,4,4,1,0,7.48,0.431,65.8
2025-01-13 15:00:00,OP0022,M0017,,0.134,2003.0,2267.0,5.0,0,0,4,2,1,9.84,0.931,65.3
2025-01-13 15:00:00,OP0028,M0027,,0.214,1650.0,1831.0,3.0,0,1,3,0,0,13.33,0.896,82.4
2025-01-14 06:00:00,OP0048,M0023,,0.207,1649.0,1955.0,5.1,0,1,9,1,1,18.51,0.827,55.7
2025-01-14 07:14:00,OP0050,M0031,T00824,0.192,1662.0,2250.0,3.6,0,0,41,0,0,14.63,,50.7
2025-01-14 08:00:00,OP0003,M0027,,0.269,1454.0,1588.0,2.2,0,0,7,0,0,20.87,0.749,81.2
2025-01-14 08:00:00,OP0025,M0024,,0.189,2030.0,2158.0,7.6,2,0,4,0,0,19.2,0.892,79.2
2025-01-14 08:00:00,OP0018,M0009,,0.202,1637.0,1801.0,4.8,0,1,5,1,1,22.02,0.571,67.7
2025-01-14 08:00:00,OP0018,M0006,,0.128,1771.0,2149.0,7.0,1,1,6,1,0,10.56,0.591,78.6
2025-01-14 08:12:00,OP0029,M0006,T00056,0.308,1607.0,2465.0,1.9,0,0,25,2,2,7.72,,30.2
2025-01-14 09:00:00,OP0010,M0037,,0.063,2118.0,2224.0,1.9,1,2,4,0,0,11.29,0.771,82.3
2025-01-14 09:00:00,OP0009,M0009,,0.367,1774.0,1962.0,3.6,2,1,5,0,0,17.92,0.581,69.2
2025-01-14 10:00:00,OP0033,M0034,,0.207,1359.0,1713.0,1.3,0,1,7,1,0,22.34,0.952,70.6
2025-01-14 10:00:00,OP0046,M0001,,0.265,1926.0,2120.0,3.9,1,0,11,0,1,23.57,0.568,61.8
2025-01-14 10:00:00,OP0017,M0012,,0.113,2463.0,2600.0,6.3,4,1,3,0,0,29.97,0.734,76.6
2025-01-14 10:39:00,OP0012,M0009,T00204,0.273,1540.0,2127.0,1.7,0,0,20,0,0,15.18,,69.1
2025-01-14 12:00:00,OP0021,M0013,,0.163,2016.0,2381.0,5.2,0,0,5,0,0,9.38,1.013,90.6
2025-01-14 12:00:00,OP0045,M0004,,0.214,2193.0,2326.0,2.4,2,1,7,3,0,16.17,0.62,56.8
2025-01-14 12:00:00,OP0031,M0027,,0.01,2096.0,2413.0,1.9,1,0,9,1,2,6.45,0.726,67.6
2025-01-14 13:00:00,OP0009,M0023,,0.226,2036.0,2385.0,4.6,0,7,5,0,0,20.45,0.728,55.5
2025-01-14 13:00:00,OP0053,M0014,,0.066,2500.0,2600.0,8.5,1,0,7,0,0,28.54,0.845,92.1
2025-01-14 13:00:00,OP0042,M0019,,0.073,1903.0,2014.0,7.6,3,2,7,0,0,9.49,0.903,75.7
2025-01-14 15:00:00,OP0010,M0015,,0.067,1854.0,2034.0,3.2,1,0,8,0,0,17.7,0.835,87.6
2025-01-14 15:00:00,OP0055,M0034,,0.215,1613.0,1939.0,4.1,0,0,6,1,1,8.88,0.588,66.7
2025-01-14 15:00:00,OP0028,M0020,,0.189,1721.0,2112.0,10.5,0,0,3,0,0,7.62,0.896,81.1
2025-01-14 15:04:00,OP0012,M0017,T00428,0.2,1703.0,2304.0,4.8,0,0,12,0,0,11.52,,88.4
2025-01-14 15:26:00,OP0001,M0003,T00430,0.188,1546.0,2036.0,3.1,0,2,32,0,0,19.71,,50.4
2025-01-15 07:00:00,OP0007,M0016,,0.268,1579.0,1957.0,7.5,1,2,8,1,0,11.54,0.53,67.0
2025-01-15 07:10:00,OP0008,M0018,T00600,0.229,2078.0,2898.0,1.5,0,0,8,1,2,21.28,,52.7
2025-01-15 09:00:00,OP0045,M0035,,0.264,2008.0,2123.0,1.1,0,0,6,1,1,13.42,0.639,76.7
2025-01-15 09:00:00,OP0046,M0003,,0.236,1377.0,1758.0,1.2,0,1,5,4,0,19.16,0.717,56.4
2025-01-15 10:00:00,OP0016,M0029,,0.229,1486.0,1879.0,5.3,0,1,5,1,0,10.21,0.749,70.7
2025-01-15 10:00:00,OP0009,M0022,,0.299,1486.0,1634.0,4.8,1,3,9,1,0,32.34,0.735,58.5
2025-01-15 10:00:00,OP0021,M0014,,0.155,1810.0,2128.0,24.5,1,1,4,0,0,11.73,0.913,83.7
2025-01-15 10:00:00,OP0014,M0011,,0.115,1903.0,2154.0,1.4,2,0,6,1,0,5.1,0.949,79.0
2025-01-15 10:00:00,OP0044,M0018,,0.25,2264.0,2557.0,3.3,1,4,7,0,0,10.68,0.941,63.2
2025-01-15 10:34:00,OP0024,M0042,T00749,0.234,1511.0,2048.0,2.7,0,0,10,0,0,19.75,,78.3
2025-01-15 13:00:00,OP0022,M0011,,0.104,2303.0,2600.0,5.4,0,1,7,0,0,8.21,0.708,85.8
2025-01-15 13:00:00,OP0009,M0033,,0.183,1968.0,2255.0,12.2,0,0,5,0,0,9.23,0.492,83.7
2025-01-15 13:00:00,OP0034,M0041,,0.135,2101.0,2212.0,4.5,0,0,3,2,0,9.46,0.89,77.4
2025-01-15 15:00:00,OP0017,M0042,,0.119,1977.0,2370.0,3.5,1,1,9,2,0,27.81,0.814,64.6
2025-01-15 15:00:00,OP0046,M0037,,0.232,2214.0,2466.0,7.2,1,3,5,0,0,6.01,0.686,69.9
2025-01-15 15:00:00,OP0005,M0015,,0.129,1931.0,2292.0,1.6,0,1,6,0,0,14.33,0.727,86.8
2025-01-16 07:00:00,OP0051,M0008,,0.232,1850.0,1968.0,3.8,3,1,4,0,0,9.81,0.843,77.3
2025-01-16 07:00:00,OP0039,M0016,,0.117,2003.0,2105.0,6.3,0,1,10,0,0,10.96,0.79,86.1
2025-01-16 09:00:00,OP0015,M0042,,0.237,1328.0,1699.0,2.6,0,1,4,0,0,27.05,0.328,83.5
2025-01-16 09:00:00,OP0026,M0012,,0.166,1805.0,2013.0,23.4,1,1,5,0,0,31.51,1.099,77.0
2025-01-16 09:00:00,OP0029,M0036,,0.218,1741.0,1864.0,1.9,2,0,7,0,1,29.36,0.62,78.2
2025-01-16 09:00:00,OP0047,M0034,,0.048,2199.0,2593.0,2.0,0,0,6,0,0,11.34,0.967,96.8
2025-01-16 10:00:00,OP0024,M0007,,0.194,2177.0,2394.0,6.8,1,0,11,1,0,7.94,0.613,70.9
2025-01-16 10:00:00,OP0021,M0007,,0.236,1850.0,2227.0,3.4,2,1,8,0,0,13.3,0.912,71.3
2025-01-16 10:00:00,OP0051,M0009,,0.288,1536.0,1815.0,4.7,0,0,3,0,0,16.65,0.868,81.2
2025-01-16 11:00:00,OP0049,M0037,,0.095,2037.0,2430.0,2.7,0,0,7,1,0,8.79,0.778,83.7
2025-01-16 12:00:00,OP0012,M0036,,0.141,1892.0,2047.0,1.7,1,0,8,0,1,24.36,0.856,75.3
2025-01-16 12:00:00,OP0016,M0024,,0.135,2212.0,2326.0,2.8,0,2,3,0,0,20.39,0.818,86.9
2025-01-16 12:00:00,OP0022,M0021,,0.058,2154.0,2273.0,3.6,1,0,7,1,1,5.6,0.842,75.4
2025-01-16 13:00:00,OP0005,M0025,,0.242,1662.0,1812.0,9.4,1,0,6,0,2,16.01,0.584,62.9
2025-01-16 14:00:00,OP0003,M0005,,0.227,1499.0,1709.0,12.8,0,1,3,0,0,34.06,0.718,78.2
2025-01-16 14:00:00,OP0046,M0024,,0.327,1931.0,2266.0,13.1,1,0,3,1,0,12.04,0.623,74.3
2025-01-16 14:00:00,OP0025,M0014,,0.17,2003.0,2389.0,8.8,1,0,4,0,0,22.53,0.857,83.4
2025-01-16 14:00:00,OP0001,M0035,,0.159,2118.0,2242.0,1.9,0,0,12,0,0,9.48,0.971,83.3
2025-01-16 15:00:00,OP0044,M0010,,0.22,2097.0,2482.0,4.8,1,0,6,1,0,18.82,0.877,73.9
2025-01-17 06:00:00,OP0050,M0030,,0.119,1903.0,2060.0,3.2,2,1,4,0,0,13.9,0.968,83.3
2025-01-17 06:00:00,OP0037,M0009,,0.173,1663.0,1923.0,3.1,1,0,3,1,0,20.14,0.542,74.3
2025-01-17 06:00:00,OP0037,M0041,,0.163,2439.0,2600.0,2.4,0,1,6,0,0,9.29,0.624,88.9
2025-01-17 09:00:00,OP0042,M0002,,0.093,1856.0,2139.0,9.6,1,1,0,0,0,10.2,0.836,87.0
2025-01-17 10:00:00,OP0051,M0019,,0.124,1945.0,2148.0,7.9,0,3,4,0,0,5.75,1.04,91.2
2025-01-17 11:00:00,OP0040,M0025,,0.106,1917.0,2265.0,6.2,0,1,8,0,1,9.04,0.663,80.9
2025-01-17 11:00:00,OP0049,M0039,,0.2,1850.0,2023.0,1.4,1,1,6,0,0,15.19,0.616,78.3
2025-01-17 11:00:00,OP0048,M0031,,0.078,2181.0,2424.0,8.6,2,0,7,0,1,22.11,0.702,75.5
2025-01-17 11:54:00,OP0046,M0003,T00683,0.325,1454.0,2112.0,2.1,0,1,33,1,0,17.71,,37.9
2025-01-17 12:00:00,OP0013,M0002,,0.147,1710.0,2024.0,6.6,2,0,6,0,0,12.03,0.643,74.1
2025-01-17 12:00:00,OP0041,M0021,,0.245,2189.0,2521.0,2.3,0,4,4,0,1,17.43,0.641,62.0
2025-01-17 13:00:00,OP0028,M0039,,0.153,1758.0,2085.0,4.7,3,1,8,0,0,15.48,0.697,75.3
2025-01-17 14:00:00,OP0045,M0033,,0.267,2012.0,2262.0,4.1,0,0,8,1,0,8.17,0.606,69.2
2025-01-17 14:00:00,OP0023,M0024,,0.06,2262.0,2572.0,4.2,0,3,8,2,0,8.31,0.531,70.8
2025-01-17 14:02:00,OP0021,M0007,T00448,0.192,1777.0,2352.0,2.8,0,0,11,0,2,9.92,,71.1
2025-01-17 15:00:00,OP0026,M0014,,0.067,2046.0,2384.0,14.4,0,2,4,1,1,19.42,0.931,73.7
2025-01-17 15:00:00,OP0015,M0028,,0.18,1454.0,1661.0,1.2,0,0,4,1,0,15.43,0.511,81.2
2025-01-18 06:00:00,OP0004,M0040,,0.01,2071.0,2202.0,7.2,0,1,7,0,0,17.41,0.88,95.3
2025-01-18 06:00:00,OP0049,M0026,,0.246,2086.0,2485.0,4.2,1,0,8,0,0,12.41,0.757,85.5
2025-01-18 06:00:00,OP0055,M0026,,0.156,1859.0,1968.0,10.7,1,1,5,0,0,7.25,0.687,85.7
2025-01-18 07:00:00,OP0003,M0033,,0.181,1631.0,1927.0,1.7,1,0,4,0,0,9.98,0.89,81.4
2025-01-18 08:00:00,OP0047,M0016,,0.061,2500.0,2600.0,4.5,0,1,8,1,0,10.32,0.979,83.2
2025-01-18 08:00:00,OP0039,M0032,,0.097,1824.0,2078.0,4.0,2,1,4,1,0,16.4,0.835,76.6
2025-01-18 08:00:00,OP0043,M0031,,0.062,2178.0,2418.0,2.7,0,2,7,0,0,19.36,1.107,89.4
2025-01-18 09:00:00,OP0036,M0008,,0.152,2157.0,2376.0,1.6,0,1,7,1,0,17.94,0.576,79.6
2025-01-18 10:00:00,OP0049,M0034,,0.242,1877.0,1979.0,3.2,2,2,3,0,0,24.65,0.684,69.3
2025-01-18 10:00:00,OP0045,M0039,,0.185,2059.0,2332.0,2.4,1,1,5,2,0,11.36,0.453,69.0
2025-01-18 10:03:00,OP0025,M0031,T00841,0.304,1563.0,2289.0,3.3,0,0,33,3,1,13.86,,18.9
2025-01-18 11:00:00,OP0038,M0009,,0.22,1831.0,2077.0,3.1,1,0,5,0,0,20.69,0.453,88.8
2025-01-18 11:00:00,OP0055,M0016,,0.123,1747.0,1931.0,1.4,1,1,9,0,0,4.95,0.727,83.1
2025-01-18 11:00:00,OP0036,M0025,,0.128,2244.0,2360.0,7.8,1,0,4,1,0,15.12,0.452,84.7
2025-01-18 11:00:00,OP0029,M0031,,0.167,2117.0,2377.0,9.7,4,1,2,0,1,14.77,0.385,64.3
2025-01-18 11:00:00,OP0022,M0016,,0.087,1947.0,2280.0,4.5,0,0,8,2,0,7.28,1.043,76.9
2025-01-18 11:18:00,OP0043,M0026,T00826,0.062,1688.0,1966.0,8.3,0,0,0,0,0,12.87,,100.0
2025-01-18 12:00:00,OP0001,M0019,,0.099,2191.0,2485.0,5.2,1,0,4,0,0,4.29,0.644,93.3
2025-01-18 13:00:00,OP0034,M0002,,0.247,2051.0,2267.0,5.9,0,2,4,0,0,22.82,0.642,72.4
2025-01-18 13:00:00,OP0046,M0038,,0.226,1900.0,2263.0,5.1,0,1,7,1,0,28.15,0.648,74.8
2025-01-18 13:07:00,OP0012,M0029,T00605,0.342,1422.0,2094.0,1.8,0,0,23,3,0,18.11,,40.1
2025-01-18 13:44:00,OP0039,M0016,T00168,0.163,1706.0,2212.0,2.9,0,0,6,2,0,9.72,,72.6
2025-01-18 14:00:00,OP0046,M0029,,0.282,1961.0,2177.0,5.8,4,1,6,1,0,12.78,0.592,63.9
2025-01-18 14:00:00,OP0042,M0039,,0.195,1871.0,2205.0,2.8,1,1,8,0,0,23.29,0.882,79.8
2025-01-18 14:00:00,OP0038,M0018,,0.227,1513.0,1876.0,2.4,0,0,6,1,0,8.3,0.645,79.7
2025-01-18 15:00:00,OP0025,M0017,,0.223,1930.0,2092.0,10.7,0,1,6,0,0,11.7,1.092,88.8
2025-01-18 15:00:00,OP0035,M0019,,0.01,1824.0,2152.0,3.1,1,0,10,0,0,4.24,0.813,95.6
2025-01-18 15:00:00,OP0028,M0017,,0.26,1765.0,2148.0,12.8,0,0,11,0,0,16.17,0.752,72.3
2025-01-19 06:00:00,OP0015,M0015,,0.188,1532.0,1782.0,2.2,1,0,2,0,0,9.35,0.41,87.7
2025-01-19 06:31:00,OP0021,M0035,T00181,0.249,1655.0,2282.0,4.4,0,0,14,0,2,11.18,,54.2
2025-01-19 07:00:00,OP0032,M0010,,0.086,1835.0,2049.0,26.8,0,0,6,0,0,19.17,0.696,92.8
2025-01-19 07:00:00,OP0009,M0002,,0.335,1964.0,2322.0,14.0,0,1,5,0,0,19.43,0.547,79.2
2025-01-19 07:23:00,OP0051,M0018,T00798,0.179,1455.0,1950.0,1.9,0,1,16,0,0,14.95,,69.7
2025-01-19 08:00:00,OP0031,M0024,,0.108,2104.0,2231.0,2.5,0,1,7,0,1,15.22,0.731,75.8
2025-01-19 08:00:00,OP0049,M0015,,0.197,1920.0,2039.0,4.5,1,0,5,1,0,23.46,0.624,75.7
2025-01-19 08:00:00,OP0049,M0016,,0.143,1816.0,2001.0,4.3,2,0,5,1,0,8.17,0.716,75.1
2025-01-19 09:00:00,OP0008,M0015,,0.132,2472.0,2584.0,4.6,1,1,2,0,4,6.92,0.362,44.8
2025-01-19 09:00:00,OP0025,M0024,,0.18,1972.0,2210.0,3.3,1,1,4,2,1,10.37,0.856,53.0
2025-01-19 10:00:00,OP0022,M0009,,0.065,2052.0,2185.0,3.6,1,0,6,1,0,10.35,0.779,83.8
2025-01-19 10:00:00,OP0028,M0022,,0.241,1715.0,2084.0,25.6,1,3,6,0,0,12.19,0.913,77.0
2025-01-19 10:00:00,OP0043,M0007,,0.018,1897.0,2296.0,7.6,1,0,5,0,0,7.57,0.872,92.4
2025-01-19 11:00:00,OP0032,M0027,,0.086,2022.0,2410.0,1.8,1,0,10,1,0,8.11,0.917,77.9
2025-01-19 11:10:00,OP0048,M0042,T00496,0.212,1514.0,2004.0,2.4,0,0,38,1,0,19.96,,44.7
2025-01-19 11:22:00,OP0035,M0025,T00420,0.167,1566.0,2047.0,3.1,1,1,14,0,0,13.64,,72.9
2025-01-19 12:00:00,OP0047,M0015,,0.046,2451.0,2600.0,3.7,1,0,0,1,1,17.15,0.906,74.8
2025-01-19 12:00:00,OP0047,M0037,,0.089,2500.0,2600.0,7.1,0,0,10,1,1,12.73,0.793,72.5
2025-01-19 13:00:00,OP0040,M0036,,0.1,1483.0,1810.0,3.7,3,0,5,0,0,20.36,0.765,90.0
2025-01-19 13:00:00,OP0019,M0009,,0.155,1747.0,2077.0,1.4,2,1,6,0,1,7.65,0.459,73.8
2025-01-19 14:00:00,OP0044,M0021,,0.128,1951.0,2252.0,5.9,2,0,10,0,0,8.62,0.971,81.5
2025-01-19 14:00:00,OP0024,M0007,,0.122,1631.0,2007.0,4.6,1,0,3,2,0,6.19,0.571,73.9
2025-01-19 14:00:00,OP0011,M0025,,0.271,1872.0,1992.0,2.8,2,1,7,0,0,19.6,0.471,79.8
2025-01-19 15:00:00,OP0020,M0024,,0.24,1662.0,1981.0,2.5,0,1,4,1,0,8.68,0.404,72.8
2025-01-19 15:00:00,OP0008,M0005,,0.26,2500.0,2600.0,7.1,0,0,7,1,1,26.94,0.393,65.8
2025-01-19 15:00:00,OP0050,M0025,,0.15,1871.0,2232.0,12.6,1,1,7,0,0,20.41,1.002,80.9
2025-01-20 07:00:00,OP0033,M0011,,0.232,1717.0,2012.0,2.7,1,0,4,0,0,8.91,0.868,89.3
2025-01-20 07:00:00,OP0015,M0038,,0.22,1502.0,1619.0,2.0,0,2,8,1,0,9.93,0.3,71.9
2025-01-20 08:00:00,OP0015,M0003,,0.155,1291.0,1455.0,2.7,1,0,4,4,0,12.3,0.355,60.7
2025-01-20 08:00:00,OP0013,M0014,,0.066,1902.0,2112.0,27.4,1,0,2,2,1,10.71,0.675,65.5
2025-01-20 08:00:00,OP0022,M0007,,0.086,2163.0,2357.0,2.2,2,0,7,0,0,10.44,0.647,81.6
2025-01-20 08:00:00,OP0016,M0026,,0.302,2307.0,2600.0,9.6,0,1,9,0,2,16.48,0.918,50.3
2025-01-20 08:17:00,OP0050,M0025,T00603,0.188,1632.0,2250.0,4.0,0,0,34,0,0,15.09,,61.2
2025-01-20 09:00:00,OP0054,M0023,,0.144,1754.0,2076.0,9.0,0,0,6,0,0,13.72,0.82,88.4
2025-01-20 09:53:00,OP0028,M0007,T00314,0.354,1419.0,2110.0,3.0,0,3,6,0,0,7.5,,67.5
2025-01-20 10:00:00,OP0025,M0033,,0.109,1842.0,2167.0,7.4,2,0,5,1,1,10.4,0.91,62.7
2025-01-20 10:00:00,OP0047,M0007,,0.074,2500.0,2600.0,7.4,1,1,8,0,0,5.02,0.986,81.6
2025-01-20 11:01:00,OP0038,M0017,T00074,0.204,1615.0,2189.0,4.8,0,0,4,5,0,11.01,,43.2
2025-01-20 12:00:00,OP0039,M0040,,0.119,1793.0,1962.0,5.4,1,0,7,0,0,16.93,0.92,91.6
2025-01-20 13:00:00,OP0033,M0033,,0.106,1758.0,1859.0,7.4,0,1,3,0,0,12.95,0.949,90.8
2025-01-20 13:00:00,OP0021,M0030,,0.187,1772.0,2076.0,1.1,1,3,1,0,0,20.9,0.986,73.0
2025-01-20 14:00:00,OP0022,M0001,,0.085,1842.0,2011.0,2.9,1,0,2,1,0,17.03,0.863,84.9
2025-01-20 14:12:00,OP0034,M0004,T00139,0.296,1425.0,2024.0,4.0,0,0,22,2,1,9.72,,36.1
2025-01-20 15:00:00,OP0053,M0022,,0.189,2500.0,2600.0,18.2,0,2,3,0,0,18.93,0.946,81.1
2025-01-20 15:00:00,OP0019,M0009,,0.157,1654.0,1871.0,1.0,0,3,3,1,1,13.58,0.54,62.7
2025-01-20 15:18:00,OP0047,M0009,T00795,0.153,2130.0,2833.0,1.6,0,0,6,0,0,22.2,,91.8
2025-01-20 15:42:00,OP0007,M0030,T00390,0.152,1523.0,1972.0,1.6,0,0,9,3,2,14.28,,37.9
2025-01-21 07:00:00,OP0054,M0022,,0.01,1782.0,2052.0,11.0,0,2,5,1,1,20.5,0.824,78.6
2025-01-21 08:00:00,OP0012,M0034,,0.13,1907.0,2238.0,3.5,2,0,9,1,0,6.66,0.822,77.3
2025-01-21 09:00:00,OP0004,M0005,,0.034,1949.0,2155.0,16.1,0,3,5,0,0,18.22,0.918,83.8
2025-01-21 09:00:00,OP0014,M0008,,0.17,1739.0,1973.0,3.7,1,0,5,1,0,6.63,0.871,76.2
2025-01-21 09:00:00,OP0035,M0030,,0.058,1451.0,1575.0,3.5,0,1,0,0,1,15.15,1.079,90.8
2025-01-21 12:00:00,OP0018,M0041,,0.244,1856.0,2000.0,11.2,1,0,3,0,1,6.2,0.746,73.6
2025-01-21 12:31:00,OP0004,M0022,T00836,0.231,1720.0,2385.0,14.0,0,0,6,0,0,22.32,,81.3
2025-01-21 13:00:00,OP0027,M0028,,0.302,1382.0,1484.0,2.7,0,2,7,1,0,17.67,0.57,64.4
2025-01-21 14:00:00,OP0035,M0036,,0.064,1632.0,1895.0,4.9,0,0,5,0,2,14.75,0.64,78.9
2025-01-21 14:00:00,OP0045,M0014,,0.266,1809.0,2104.0,23.6,1,1,5,1,1,28.54,0.653,60.5
2025-01-21 14:02:00,OP0022,M0021,T00252,0.242,1668.0,2311.0,4.2,0,0,17,2,2,11.29,,32.3
2025-01-21 14:04:00,OP0021,M0029,T00095,0.321,1440.0,2050.0,2.2,0,0,19,0,0,17.67,,64.4
2025-01-22 06:00:00,OP0016,M0014,,0.234,1906.0,2008.0,25.1,0,1,1,1,2,17.85,0.828,57.0
2025-01-22 07:46:00,OP0015,M0017,T00091,0.305,1328.0,1795.0,3.2,0,0,13,3,0,8.66,,48.0
2025-01-22 08:00:00,OP0048,M0033,,0.138,1702.0,2031.0,7.7,1,0,10,0,1,16.76,0.777,77.4
2025-01-22 08:31:00,OP0022,M0039,T00514,0.246,1581.0,2165.0,1.5,0,0,7,1,0,14.96,,66.2
2025-01-22 10:00:00,OP0021,M0008,,0.184,1697.0,2034.0,1.2,0,4,4,0,0,21.88,0.909,77.8
2025-01-22 10:00:00,OP0004,M0011,,0.077,1995.0,2347.0,8.4,0,1,7,1,0,10.82,1.014,81.0
2025-01-22 11:00:00,OP0002,M0025,,0.13,2143.0,2323.0,6.8,1,0,6,0,0,13.08,0.913,79.7
2025-01-22 11:00:00,OP0007,M0033,,0.196,1965.0,2259.0,11.8,0,2,6,1,0,17.18,0.55,69.4
2025-01-22 11:00:00,OP0024,M0008,,0.16,1939.0,2210.0,3.1,1,1,8,0,0,14.33,0.654,84.0
2025-01-22 11:08:00,OP0048,M0013,T00232,0.138,1803.0,2415.0,2.2,0,0,18,3,1,8.84,,47.9
2025-01-22 12:00:00,OP0009,M0004,,0.23,2041.0,2188.0,7.0,0,0,7,1,0,10.29,0.352,77.0
2025-01-22 13:00:00,OP0007,M0024,,0.224,1609.0,1811.0,9.6,0,2,5,1,0,20.21,0.579,73.4
2025-01-22 13:00:00,OP0028,M0014,,0.2,1549.0,1815.0,21.5,0,1,4,0,0,23.01,0.81,93.7
2025-01-22 14:00:00,OP0014,M0028,,0.134,1697.0,2051.0,4.8,1,2,8,0,1,16.32,0.964,73.1
2025-01-22 15:00:00,OP0044,M0030,,0.124,1731.0,2039.0,2.5,0,3,5,0,0,9.61,0.861,79.2
2025-01-23 06:00:00,OP0005,M0007,,0.146,2071.0,2366.0,3.4,0,1,4,1,0,8.44,0.695,87.2
2025-01-23 07:00:00,OP0044,M0022,,0.067,2060.0,2427.0,5.3,1,1,9,0,0,23.81,0.763,88.1
2025-01-23 07:00:00,OP0007,M0029,,0.242,1516.0,1876.0,6.4,0,2,6,1,0,12.29,0.34,76.4
2025-01-23 07:00:00,OP0032,M0035,,0.103,1692.0,1898.0,13.2,1,2,4,0,0,12.71,0.918,88.1
2025-01-23 07:00:00,OP0046,M0035,,0.299,2064.0,2425.0,6.9,1,1,0,2,0,9.68,0.707,64.2
2025-01-23 07:00:00,OP0038,M0006,,0.246,2007.0,2276.0,7.6,0,1,4,1,0,8.17,0.661,75.4
2025-01-23 07:00:00,OP0020,M0034,,0.177,1517.0,1675.0,2.2,1,1,7,2,0,8.17,0.603,71.9
2025-01-23 08:00:00,OP0043,M0013,,0.01,1813.0,2124.0,10.0,2,0,4,0,0,7.18,0.954,89.3
2025-01-23 08:00:00,OP0001,M0035,,0.089,1938.0,2304.0,4.3,1,0,7,1,0,11.94,1.047,68.6
2025-01-23 08:42:00,OP0052,M0009,T00395,0.254,1624.0,2316.0,1.5,0,0,9,1,2,16.01,,54.3
2025-01-23 09:03:00,OP0025,M0021,T00292,0.329,1479.0,2190.0,3.9,0,0,23,0,2,9.8,,41.3
2025-01-23 10:00:00,OP0027,M0036,,0.268,1766.0,2160.0,1.6,0,1,4,0,1,12.23,0.704,70.7
2025-01-23 11:00:00,OP0038,M0041,,0.194,1985.0,2101.0,1.7,0,0,4,1,0,8.59,0.649,80.1
2025-01-23 11:00:00,OP0054,M0026,,0.155,1788.0,2112.0,10.6,0,2,2,0,0,16.38,0.733,77.8
2025-01-23 11:00:00,OP0044,M0031,,0.182,1836.0,1998.0,8.4,0,1,4,0,0,15.34,0.789,88.3
2025-01-23 13:00:00,OP0051,M0024,,0.183,1616.0,1885.0,13.7,1,0,5,0,0,8.78,0.873,87.3
2025-01-23 13:00:00,OP0007,M0003,,0.202,1671.0,1863.0,3.8,1,1,10,1,0,18.91,0.585,67.7
2025-01-23 14:00:00,OP0021,M0039,,0.221,1660.0,1808.0,1.7,0,1,4,0,0,9.38,0.952,82.5
2025-01-23 14:00:00,OP0054,M0003,,0.036,1622.0,1841.0,1.0,0,1,11,0,1,10.18,0.693,79.0
2025-01-23 14:00:00,OP0034,M0035,,0.272,1685.0,1792.0,6.6,2,1,8,0,0,15.75,0.669,70.1
2025-01-23 15:00:00,OP0011,M0030,,0.188,1827.0,2168.0,4.1,6,1,3,1,2,8.17,0.552,42.9
2025-01-23 15:00:00,OP0053,M0036,,0.12,2477.0,2600.0,5.8,1,1,9,1,0,27.45,0.901,70.3
2025-01-23 15:00:00,OP0014,M0022,,0.133,1423.0,1706.0,17.8,1,1,5,0,0,27.52,0.906,79.4
2025-01-24 07:00:00,OP0043,M0032,,0.025,1634.0,1769.0,5.9,0,0,2,0,0,20.14,0.971,93.8
2025-01-24 07:00:00,OP0030,M0041,,0.203,2162.0,2339.0,5.3,2,0,5,2,0,9.76,0.601,60.2
2025-01-24 08:00:00,OP0039,M0035,,0.165,1925.0,2112.0,12.1,1,0,8,0,1,9.13,0.884,71.2
2025-01-24 08:00:00,OP0017,M0003,,0.16,1861.0,1962.0,1.2,1,1,3,0,0,27.2,0.873,88.3
2025-01-24 08:00:00,OP0041,M0021,,0.264,1882.0,2282.0,13.0,4,1,6,0,0,11.67,0.694,73.7
2025-01-24 08:00:00,OP0017,M0012,,0.194,2063.0,2203.0,9.4,0,0,7,0,0,21.44,0.8,92.4
2025-01-24 08:00:00,OP0046,M0031,,0.325,1915.0,2282.0,2.6,0,2,5,0,0,25.87,0.604,75.9
2025-01-24 09:00:00,OP0036,M0032,,0.141,1711.0,1881.0,6.6,0,1,3,0,0,20.01,0.548,91.5
2025-01-24 10:00:00,OP0026,M0020,,0.079,2107.0,2281.0,2.6,1,1,9,0,0,10.33,0.781,86.4
2025-01-24 10:00:00,OP0034,M0038,,0.182,1414.0,1735.0,4.7,1,0,5,0,0,21.8,0.807,95.1
2025-01-24 10:00:00,OP0037,M0032,,0.095,2500.0,2600.0,2.9,1,1,6,1,0,10.8,0.724,78.9
2025-01-24 12:00:00,OP0032,M0005,,0.034,2015.0,2191.0,10.0,2,0,8,0,0,18.49,0.914,81.9
2025-01-24 12:00:00,OP0055,M0036,,0.189,1480.0,1839.0,2.8,1,2,10,1,1,11.11,0.815,56.3
2025-01-24 13:00:00,OP0027,M0013,,0.175,1718.0,1984.0,1.8,1,1,8,3,0,4.26,0.496,52.9
2025-01-24 13:00:00,OP0009,M0017,,0.282,1882.0,2067.0,11.1,0,1,2,2,0,6.53,0.558,60.9
2025-01-24 14:00:00,OP0053,M0039,,0.175,2500.0,2600.0,4.5,1,0,5,1,0,16.66,0.68,71.0
2025-01-24 15:00:00,OP0001,M0011,,0.12,1860.0,2013.0,1.5,0,0,6,0,0,7.51,0.966,94.0
2025-01-24 15:00:00,OP0008,M0002,,0.205,2500.0,2600.0,14.8,1,2,4,0,0,22.62,0.445,77.1
2025-01-25 06:00:00,OP0037,M0013,,0.208,2500.0,2600.0,5.2,1,0,2,0,1,11.67,0.566,79.7
2025-01-25 06:25:00,OP0040,M0042,T00663,0.3,1433.0,2036.0,2.4,0,0,18,0,0,18.44,,70.9
2025-01-25 06:40:00,OP0034,M0003,T00682,0.258,1366.0,1863.0,2.8,0,0,34,0,0,17.64,,59.1
2025-01-25 07:00:00,OP0026,M0016,,0.104,2335.0,2579.0,2.2,0,3,2,0,0,8.69,0.788,86.4
2025-01-25 07:00:00,OP0026,M0040,,0.071,1738.0,1926.0,5.8,0,0,6,0,1,14.37,0.716,78.9
2025-01-25 07:34:00,OP0054,M0018,T00198,0.317,1495.0,2157.0,1.4,0,0,26,0,1,14.8,,52.8
2025-01-25 08:00:00,OP0043,M0034,,0.04,1896.0,2084.0,4.6,1,0,8,0,0,22.44,1.059,86.4
2025-01-25 08:00:00,OP0044,M0041,,0.077,2290.0,2402.0,6.8,0,0,7,2,0,5.85,0.926,78.7
2025-01-25 09:00:00,OP0046,M0008,,0.256,1792.0,1939.0,2.9,2,1,5,2,4,7.88,0.62,23.5
2025-01-25 09:00:00,OP0043,M0036,,0.01,1632.0,1752.0,3.5,1,0,8,0,0,21.94,1.119,93.2
2025-01-25 10:00:00,OP0042,M0041,,0.244,1965.0,2320.0,10.4,0,1,7,1,0,8.32,1.049,73.7
2025-01-25 11:00:00,OP0039,M0020,,0.061,1709.0,2008.0,10.0,0,0,6,0,2,7.81,0.633,76.9
2025-01-25 11:00:00,OP0015,M0022,,0.211,1921.0,2104.0,2.8,1,0,7,1,0,29.35,0.3,74.4
2025-01-25 11:42:00,OP0039,M0029,T00704,0.271,1435.0,1968.0,2.3,0,0,24,0,0,18.46,,67.1
2025-01-25 12:00:00,OP0022,M0001,,0.021,1684.0,1814.0,3.3,0,2,8,1,1,19.49,0.775,77.4
2025-01-25 12:00:00,OP0030,M0033,,0.177,1795.0,2174.0,5.0,2,2,4,0,0,13.35,0.823,81.3
2025-01-25 12:00:00,OP0012,M0022,,0.14,2017.0,2393.0,7.0,1,2,3,0,0,20.14,0.883,78.1
2025-01-25 12:00:00,OP0051,M0011,,0.156,2023.0,2301.0,5.5,2,2,6,0,0,3.99,0.813,79.5
2025-01-25 13:00:00,OP0050,M0007,,0.039,2102.0,2313.0,8.1,0,1,6,0,0,7.65,0.852,98.9
2025-01-25 14:00:00,OP0008,M0041,,0.255,2376.0,2512.0,6.5,1,3,6,1,4,8.43,0.511,22.2
2025-01-25 14:00:00,OP0023,M0039,,0.028,2051.0,2427.0,2.0,0,1,5,1,0,12.7,0.461,88.7
2025-01-25 14:00:00,OP0003,M0001,,0.148,1796.0,2190.0,2.0,0,1,3,0,0,18.58,0.591,87.4
2025-01-25 14:00:00,OP0029,M0038,,0.21,1625.0,1851.0,3.5,2,1,6,1,1,14.19,0.362,65.9
2025-01-25 14:00:00,OP0030,M0039,,0.165,1885.0,2195.0,2.2,0,3,4,2,0,16.5,0.807,64.0
2025-01-25 14:00:00,OP0048,M0016,,0.023,2061.0,2291.0,4.8,1,0,5,1,0,6.68,0.627,86.8
2025-01-25 15:00:00,OP0038,M0014,,0.136,1993.0,2251.0,1.8,0,0,1,0,0,31.36,0.835,97.0
2025-01-25 15:00:00,OP0049,M0035,,0.169,1927.0,2060.0,12.4,0,2,7,0,1,11.96,0.756,70.0
2025-01-25 15:00:00,OP0007,M0007,,0.24,1728.0,2062.0,5.7,0,0,6,1,1,8.86,0.532,65.9
2025-01-26 07:00:00,OP0013,M0015,,0.053,2077.0,2328.0,1.7,2,0,5,0,1,17.65,0.646,77.7
2025-01-26 07:00:00,OP0020,M0024,,0.26,1943.0,2215.0,14.7,0,0,2,2,0,15.01,0.54,65.4
2025-01-26 07:00:00,OP0004,M0016,,0.096,2152.0,2298.0,4.9,1,1,7,0,0,10.22,0.898,80.7
2025-01-26 07:00:00,OP0013,M0005,,0.065,1782.0,2064.0,6.7,0,0,3,0,1,11.75,0.638,85.8
2025-01-26 08:00:00,OP0009,M0018,,0.348,1567.0,1780.0,2.7,0,1,10,1,0,8.39,0.583,59.4
2025-01-26 09:00:00,OP0002,M0004,,0.112,1915.0,2070.0,9.8,2,0,6,0,0,13.28,0.835,83.4
2025-01-26 09:00:00,OP0002,M0022,,0.222,1790.0,2188.0,22.1,2,1,7,0,0,25.69,0.893,72.1
2025-01-26 09:00:00,OP0012,M0020,,0.149,1993.0,2307.0,10.1,0,1,5,1,0,3.99,0.774,81.2
2025-01-26 10:00:00,OP0051,M0004,,0.222,1748.0,1898.0,6.2,1,0,5,0,0,9.33,0.983,88.3
2025-01-26 10:00:00,OP0048,M0007,,0.062,2166.0,2455.0,8.0,0,1,7,0,1,6.2,0.625,85.9
2025-01-26 13:00:00,OP0053,M0006,,0.132,2500.0,2600.0,10.1,1,1,8,0,0,5.53,0.679,79.4
2025-01-26 14:00:00,OP0054,M0009,,0.063,1760.0,2064.0,2.2,1,0,3,0,1,10.81,0.662,89.3
2025-01-26 14:00:00,OP0053,M0031,,0.099,2500.0,2600.0,12.3,1,0,7,0,0,22.07,0.863,89.9
2025-01-26 14:00:00,OP0017,M0029,,0.099,1822.0,2059.0,2.2,1,3,9,0,0,21.12,0.822,78.5
2025-01-26 15:00:00,OP0033,M0016,,0.152,1940.0,2172.0,5.9,1,2,7,0,0,10.48,0.956,79.3
2025-01-26 15:00:00,OP0043,M0037,,0.083,1734.0,1920.0,5.7,0,1,9,0,0,11.37,0.885,95.7
2025-01-27 06:00:00,OP0021,M0018,,0.188,1780.0,2115.0,2.9,0,1,2,0,0,20.81,0.912,89.8
2025-01-27 07:00:00,OP0038,M0030,,0.196,1568.0,1872.0,2.3,1,1,6,1,0,7.25,0.638,76.1
2025-01-27 08:00:00,OP0025,M0025,,0.197,1967.0,2105.0,13.6,1,0,5,0,0,16.83,0.982,83.2
2025-01-27 08:00:00,OP0007,M0041,,0.289,1834.0,1993.0,3.0,1,0,3,1,0,6.7,0.632,70.6
2025-01-27 09:00:00,OP0039,M0042,,0.121,1690.0,2015.0,4.3,0,2,6,0,0,18.77,0.999,75.0
2025-01-27 09:00:00,OP0052,M0002,,0.21,2111.0,2222.0,4.8,1,1,5,1,2,12.39,0.636,51.1
2025-01-27 09:00:00,OP0037,M0014,,0.08,2098.0,2356.0,16.5,1,2,2,0,0,29.94,0.687,81.3
2025-01-27 09:00:00,OP0003,M0013,,0.232,1614.0,1995.0,9.5,2,1,8,0,0,10.58,0.815,74.5
2025-01-27 11:00:00,OP0045,M0005,,0.249,1877.0,2194.0,10.0,1,0,5,1,0,15.87,0.359,79.0
2025-01-27 11:36:00,OP0044,M0027,T00804,0.133,1762.0,2248.0,1.5,0,0,3,0,1,18.12,,84.0
2025-01-27 12:00:00,OP0002,M0013,,0.2,2130.0,2410.0,10.1,3,1,10,0,0,10.83,0.865,70.2
2025-01-27 12:00:00,OP0041,M0008,,0.283,1826.0,2046.0,1.6,0,0,4,0,0,8.38,0.807,81.1
2025-01-27 12:00:00,OP0010,M0018,,0.057,2044.0,2302.0,3.2,2,0,5,0,0,21.59,0.873,96.0
2025-01-27 13:00:00,OP0002,M0032,,0.073,1868.0,2149.0,3.9,1,3,6,0,0,19.24,0.967,77.2
2025-01-27 13:00:00,OP0029,M0035,,0.225,1663.0,1859.0,11.2,1,0,4,0,0,8.5,0.505,83.6
2025-01-27 15:00:00,OP0026,M0041,,0.08,1836.0,2105.0,5.1,0,0,6,0,0,6.27,0.656,99.2
2025-01-28 06:00:00,OP0016,M0012,,0.178,1787.0,1888.0,18.2,1,0,8,0,0,13.79,0.78,82.3
2025-01-28 06:00:00,OP0040,M0036,,0.022,1905.0,2078.0,3.7,2,2,5,0,0,26.8,0.872,87.2
2025-01-28 07:00:00,OP0044,M0042,,0.136,2103.0,2345.0,5.0,0,3,5,1,0,11.79,0.951,73.5
2025-01-28 07:00:00,OP0039,M0034,,0.01,1557.0,1680.0,3.2,0,3,8,0,0,17.75,0.707,86.7
2025-01-28 07:00:00,OP0040,M0034,,0.162,1812.0,2072.0,1.9,0,1,8,0,0,22.8,0.621,83.9
2025-01-28 10:00:00,OP0018,M0029,,0.185,1559.0,1891.0,5.2,0,0,6,0,0,9.83,0.569,83.3
2025-01-28 10:00:00,OP0040,M0017,,0.01,1847.0,2143.0,2.7,1,0,7,0,0,5.66,0.7,87.3
2025-01-28 11:00:00,OP0039,M0029,,0.039,1570.0,1819.0,3.0,2,1,3,0,0,13.59,0.647,95.6
2025-01-28 12:00:00,OP0048,M0032,,0.104,1869.0,2130.0,5.8,3,0,6,0,0,27.73,0.608,87.6
2025-01-28 12:00:00,OP0054,M0018,,0.035,2010.0,2328.0,4.6,0,1,7,0,0,9.8,0.697,95.3
2025-01-28 12:00:00,OP0015,M0009,,0.231,1501.0,1705.0,4.5,0,2,5,0,0,24.21,0.3,79.1
2025-01-28 13:00:00,OP0005,M0031,,0.18,1946.0,2104.0,2.0,0,1,10,1,0,18.85,0.811,69.1
2025-01-28 13:00:00,OP0042,M0028,,0.102,1431.0,1584.0,4.3,0,1,10,1,0,12.32,0.7,77.5
2025-01-28 13:00:00,OP0038,M0018,,0.221,1860.0,2188.0,3.1,2,1,5,1,0,8.02,0.712,68.8
2025-01-28 13:02:00,OP0013,M0014,T00085,0.275,1562.0,2223.0,10.3,1,1,12,0,1,20.79,,61.5
2025-01-28 14:00:00,OP0035,M0031,,0.135,1710.0,2017.0,14.5,1,1,5,0,1,15.53,0.998,73.5
2025-01-29 06:00:00,OP0009,M0002,,0.245,1910.0,2307.0,2.9,1,3,2,1,0,16.04,0.872,67.9
2025-01-29 06:00:00,OP0030,M0018,,0.231,1790.0,2113.0,3.9,0,0,3,1,0,9.06,0.718,75.8
2025-01-29 06:00:00,OP0012,M0025,,0.224,2153.0,2468.0,12.4,0,1,4,2,0,20.88,0.783,71.7
2025-01-29 07:00:00,OP0017,M0036,,0.117,1988.0,2337.0,5.6,0,2,5,0,0,17.28,0.917,87.3
2025-01-29 09:00:00,OP0050,M0035,,0.051,1883.0,2075.0,5.2,0,0,5,0,0,8.52,1.087,100.0
2025-01-29 09:41:00,OP0035,M0009,T00648,0.22,1397.0,1891.0,1.6,0,0,1,0,0,14.99,,81.9
2025-01-29 09:49:00,OP0036,M0002,T00702,0.212,1837.0,2517.0,4.2,0,0,43,0,0,16.97,,55.4
2025-01-29 10:00:00,OP0009,M0001,,0.315,1546.0,1854.0,3.6,0,2,8,2,0,26.78,0.626,55.5
2025-01-29 10:00:00,OP0038,M0002,,0.236,1877.0,2103.0,14.5,0,1,5,0,0,22.77,0.553,76.3
2025-01-29 11:00:00,OP0032,M0033,,0.141,1682.0,2065.0,7.9,0,1,4,0,0,11.16,0.862,90.0
2025-01-29 11:00:00,OP0022,M0028,,0.01,1693.0,2070.0,1.0,0,2,7,0,0,8.99,0.821,88.0
2025-01-29 11:00:00,OP0008,M0003,,0.228,2500.0,2600.0,2.8,1,0,6,0,0,15.18,0.397,79.3
2025-01-29 11:00:00,OP0039,M0032,,0.113,1557.0,1751.0,5.7,1,0,6,1,0,11.97,0.795,81.7
2025-01-29 12:00:00,OP0038,M0026,,0.095,1748.0,1880.0,2.2,0,1,2,1,0,8.29,0.64,83.3
2025-01-29 13:00:00,OP0006,M0041,,0.209,2050.0,2405.0,9.9,2,0,6,1,0,4.22,0.949,76.0
2025-01-29 13:00:00,OP0051,M0027,,0.202,1533.0,1681.0,3.5,0,1,4,0,0,6.69,0.8,80.5
2025-01-29 14:00:00,OP0041,M0002,,0.322,2058.0,2371.0,1.6,1,0,6,0,0,16.65,0.603,74.5
2025-01-29 14:00:00,OP0055,M0001,,0.173,1909.0,2172.0,4.2,0,0,8,1,0,9.02,0.752,84.5
2025-01-29 14:00:00,OP0011,M0007,,0.207,2067.0,2399.0,2.3,0,1,2,1,0,14.34,0.514,78.8
2025-01-29 14:00:00,OP0010,M0018,,0.132,2122.0,2301.0,4.8,5,1,10,1,0,9.83,0.96,66.1
2025-01-29 15:00:00,OP0022,M0032,,0.01,1782.0,2040.0,5.7,1,0,4,0,0,22.28,0.835,96.9
2025-01-30 07:00:00,OP0047,M0042,,0.01,2316.0,2437.0,1.3,0,4,5,0,0,12.56,0.951,83.3
2025-01-30 09:00:00,OP0028,M0022,,0.074,1727.0,1957.0,11.4,0,1,4,0,0,21.27,1.034,94.0
2025-01-30 10:00:00,OP0003,M0032,,0.252,1586.0,1762.0,1.7,0,0,9,0,0,22.04,0.693,83.0
2025-01-30 11:00:00,OP0020,M0005,,0.214,1580.0,1885.0,8.9,1,1,3,0,0,28.66,0.482,77.4
2025-01-30 12:00:00,OP0010,M0022,,0.091,2244.0,2519.0,1.2,1,1,8,0,0,27.46,0.966,90.7
2025-01-30 13:00:00,OP0029,M0025,,0.213,2004.0,2387.0,3.6,1,0,8,0,0,18.18,0.619,84.9
2025-01-30 13:00:00,OP0036,M0023,,0.149,2104.0,2277.0,7.2,0,0,8,1,0,11.92,0.438,84.6
2025-01-30 13:00:00,OP0033,M0007,,0.138,1799.0,2189.0,3.2,2,0,3,2,0,10.58,0.84,64.9
2025-01-30 13:00:00,OP0022,M0014,,0.05,1840.0,2222.0,21.5,0,1,4,0,0,12.34,0.567,98.5
2025-01-30 14:00:00,OP0041,M0003,,0.346,1669.0,1812.0,3.1,1,1,8,0,0,17.61,0.721,71.4
2025-01-30 14:00:00,OP0053,M0005,,0.162,2500.0,2600.0,24.8,0,0,7,1,1,13.71,0.783,72.9
2025-01-30 14:00:00,OP0049,M0025,,0.141,1861.0,2112.0,10.9,3,2,7,1,0,19.27,0.541,68.0
2025-01-30 14:00:00,OP0037,M0017,,0.205,2500.0,2600.0,5.4,2,1,4,0,0,8.14,0.667,80.0
2025-01-30 14:57:00,OP0046,M0040,T00637,0.233,1724.0,2308.0,4.2,0,0,36,1,1,15.84,,36.3
2025-01-30 15:11:00,OP0016,M0008,T00014,0.28,1594.0,2330.0,1.7,0,0,7,1,1,17.19,,56.4
2025-01-30 15:47:00,OP0022,M0038,T00023,0.158,1618.0,2101.0,3.3,1,0,52,2,2,21.31,,5.0
2025-01-30 15:54:00,OP0025,M0008,T00217,0.27,1474.0,2027.0,1.0,0,0,0,0,1,15.11,,74.7
2025-01-31 06:00:00,OP0015,M0023,,0.241,1632.0,1963.0,11.9,2,0,6,1,0,20.74,0.3,67.8
2025-01-31 07:00:00,OP0006,M0001,,0.104,2065.0,2422.0,4.1,2,1,7,1,0,20.55,0.872,73.7
2025-01-31 07:12:00,OP0016,M0017,T00321,0.329,1614.0,2441.0,3.7,0,0,12,0,2,10.84,,56.8
2025-01-31 08:00:00,OP0001,M0018,,0.169,1750.0,2065.0,2.5,1,0,6,0,0,11.73,0.83,87.4
2025-01-31 09:00:00,OP0020,M0038,,0.164,1269.0,1647.0,6.7,2,2,5,2,0,16.95,0.569,61.3
2025-01-31 09:00:00,OP0051,M0011,,0.174,1757.0,2113.0,4.7,0,0,5,0,0,11.71,0.953,88.3
2025-01-31 09:00:00,OP0022,M0010,,0.027,1887.0,2168.0,11.0,0,0,7,0,1,29.64,0.801,88.5
2025-01-31 09:00:00,OP0039,M0012,,0.067,1572.0,1849.0,13.7,2,0,9,1,0,25.16,0.84,78.8
2025-01-31 10:00:00,OP0033,M0036,,0.243,1583.0,1736.0,5.6,1,0,5,1,1,18.28,0.757,64.6
2025-01-31 10:00:00,OP0002,M0027,,0.146,1777.0,2036.0,1.1,1,1,5,0,0,17.42,0.92,85.4
2025-01-31 10:00:00,OP0025,M0010,,0.149,1761.0,1928.0,14.5,0,2,4,0,0,22.2,0.935,89.5
2025-01-31 10:37:00,OP0020,M0013,T00720,0.286,1489.0,2128.0,2.4,0,0,9,0,1,7.04,,71.4
2025-01-31 11:00:00,OP0016,M0001,,0.258,1676.0,2069.0,1.9,0,0,6,1,0,19.56,0.957,72.2
2025-01-31 11:37:00,OP0052,M0022,T00384,0.1,1912.0,2393.0,14.7,0,0,19,2,0,27.1,,56.8
2025-01-31 13:00:00,OP0025,M0009,,0.213,1494.0,1608.0,1.3,1,0,7,0,0,8.32,1.134,85.5
2025-01-31 13:00:00,OP0008,M0007,,0.267,2500.0,2600.0,4.3,1,2,5,1,1,11.92,0.514,58.3
2025-01-31 13:00:00,OP0052,M0008,,0.299,1898.0,2174.0,2.0,1,0,2,3,0,9.7,0.751,50.8
2025-01-31 14:00:00,OP0009,M0013,,0.159,2051.0,2268.0,5.2,2,1,9,0,0,12.33,0.494,75.5
2025-01-31 14:00:00,OP0022,M0004,,0.161,2179.0,2283.0,5.8,1,4,9,0,0,16.75,0.928,69.2
2025-01-31 14:00:00,OP0044,M0005,,0.167,1899.0,2174.0,10.5,0,1,11,1,0,17.88,1.054,81.4
2025-01-31 14:00:00,OP0054,M0010,,0.036,2151.0,2442.0,10.9,1,0,1,0,1,24.86,0.719,81.9
2025-01-31 14:00:00,OP0036,M0007,,0.134,2155.0,2345.0,3.7,1,0,2,3,0,7.05,0.354,65.0
2025-01-31 15:00:00,OP0035,M0013,,0.01,1813.0,1941.0,4.3,0,0,5,0,0,8.4,0.835,98.2
2025-02-01 06:00:00,OP0002,M0016,,0.156,1974.0,2166.0,5.4,0,0,7,0,0,11.45,0.885,95.2
2025-02-01 06:00:00,OP0020,M0029,,0.247,1439.0,1545.0,2.3,1,1,5,0,1,12.33,0.389,66.0
2025-02-01 06:00:00,OP0042,M0007,,0.124,1995.0,2330.0,4.9,0,1,10,2,1,7.77,0.795,55.6
2025-02-01 06:00:00,OP0022,M0003,,0.01,1836.0,2027.0,4.3,1,0,3,0,0,20.7,0.755,93.7
2025-02-01 06:00:00,OP0011,M0005,,0.152,2077.0,2401.0,24.9,0,1,9,1,0,13.47,0.817,68.7
2025-02-01 06:00:00,OP0045,M0023,,0.338,2110.0,2316.0,8.6,1,0,5,1,2,22.36,0.449,52.7
2025-02-01 07:00:00,OP0038,M0012,,0.174,1904.0,2287.0,4.1,0,1,7,1,0,14.09,0.639,75.7
2025-02-01 07:00:00,OP0013,M0013,,0.083,2112.0,2303.0,6.8,1,1,6,1,2,5.21,0.697,60.7
2025-02-01 10:00:00,OP0037,M0003,,0.193,2460.0,2582.0,4.3,0,1,9,0,0,18.35,0.522,81.8
2025-02-01 10:00:00,OP0020,M0042,,0.195,1448.0,1648.0,2.9,0,2,5,1,0,16.91,0.584,76.0
2025-02-01 10:14:00,OP0050,M0038,T00470,0.233,1452.0,1957.0,2.9,1,0,37,1,0,17.92,,39.6
2025-02-01 12:00:00,OP0013,M0013,,0.103,1660.0,1808.0,5.8,0,1,5,1,0,9.43,0.743,80.3
2025-02-01 12:00:00,OP0014,M0004,,0.139,1571.0,1706.0,4.7,0,0,1,0,0,13.62,0.982,89.7
2025-02-01 13:00:00,OP0038,M0007,,0.269,1906.0,2262.0,4.7,0,1,6,2,0,9.75,0.73,62.1
2025-02-01 14:00:00,OP0007,M0001,,0.271,1934.0,2309.0,3.8,1,0,6,1,0,13.31,0.512,72.7
2025-02-01 15:00:00,OP0012,M0025,,0.14,1908.0,2067.0,11.5,1,0,5,0,0,9.27,0.713,86.5
2025-02-01 15:00:00,OP0054,M0005,,0.01,1848.0,2094.0,15.2,0,1,8,0,0,17.74,0.511,97.7
2025-02-01 15:00:00,OP0039,M0035,,0.026,1620.0,1963.0,7.2,2,1,11,0,0,9.34,0.676,89.5
2025-02-01 15:00:00,OP0001,M0011,,0.106,2022.0,2345.0,11.9,1,0,5,0,0,10.05,0.722,91.1
2025-02-02 06:00:00,OP0045,M0027,,0.353,2057.0,2254.0,4.0,0,0,7,0,0,8.39,0.748,77.3
2025-02-02 06:00:00,OP0043,M0008,,0.01,1813.0,2201.0,2.9,1,1,11,0,0,18.13,0.96,86.1
2025-02-02 06:00:00,OP0054,M0039,,0.01,2080.0,2323.0,2.8,1,0,8,0,0,12.35,0.624,93.8
2025-02-02 06:00:00,OP0024,M0026,,0.135,1790.0,2175.0,13.2,0,3,7,0,0,8.66,0.659,77.8
2025-02-02 07:00:00,OP0053,M0029,,0.15,2417.0,2600.0,3.7,1,0,8,0,0,24.05,0.775,81.4
2025-02-02 07:00:00,OP0014,M0006,,0.096,1918.0,2287.0,9.2,0,2,8,0,1,10.01,1.119,74.8
2025-02-02 08:00:00,OP0005,M0039,,0.23,1825.0,2119.0,3.9,1,0,7,0,1,25.68,0.749,69.2
2025-02-02 09:00:00,OP0031,M0010,,0.142,2152.0,2498.0,16.4,0,2,6,0,0,30.0,0.566,92.4
2025-02-02 09:00:00,OP0036,M0036,,0.098,2274.0,2462.0,2.0,1,1,5,1,0,9.66,0.456,87.6
2025-02-02 10:00:00,OP0041,M0026,,0.299,1784.0,2109.0,6.6,5,2,10,0,2,9.58,0.739,35.0
2025-02-02 10:00:00,OP0051,M0026,,0.256,1663.0,2011.0,9.8,0,1,9,0,0,15.51,0.805,75.9
2025-02-02 10:01:00,OP0003,M0014,T00305,0.275,1452.0,2041.0,8.5,1,1,13,0,0,18.64,,67.7
2025-02-02 11:00:00,OP0018,M0024,,0.204,1664.0,1802.0,9.8,1,1,3,1,0,18.6,0.561,73.0
2025-02-02 11:00:00,OP0021,M0012,,0.14,2188.0,2378.0,25.5,0,0,6,0,0,21.73,0.874,91.2
2025-02-02 11:00:00,OP0010,M0037,,0.065,2472.0,2600.0,2.1,1,1,4,0,0,7.68,0.916,92.6
2025-02-02 12:00:00,OP0048,M0040,,0.113,1804.0,2087.0,10.9,2,1,3,1,1,12.74,0.865,60.3
2025-02-02 12:00:00,OP0047,M0041,,0.068,2500.0,2600.0,1.4,1,0,6,0,0,3.74,1.056,93.0
2025-02-02 12:42:00,OP0028,M0013,T00550,0.179,1599.0,2204.0,2.3,0,0,14,0,0,7.92,,79.0
2025-02-02 13:00:00,OP0046,M0014,,0.263,1954.0,2175.0,16.7,0,0,5,2,0,27.03,0.622,69.9
2025-02-02 14:00:00,OP0036,M0012,,0.17,2057.0,2384.0,15.2,0,0,8,2,0,12.5,0.456,69.7
2025-02-02 14:00:00,OP0033,M0025,,0.063,1644.0,1814.0,3.9,2,2,6,0,1,8.78,0.741,76.2
2025-02-02 15:00:00,OP0028,M0005,,0.308,1508.0,1871.0,10.2,0,2,4,0,0,32.05,0.931,73.4
2025-02-03 06:00:00,OP0005,M0023,,0.218,2063.0,2230.0,8.4,1,0,11,2,0,17.34,0.565,61.0
2025-02-03 06:00:00,OP0044,M0015,,0.044,2120.0,2389.0,4.1,1,1,2,0,0,12.13,0.928,95.5
2025-02-03 07:00:00,OP0040,M0039,,0.025,1854.0,2157.0,3.3,1,0,1,0,0,12.32,0.812,100.0
2025-02-03 07:00:00,OP0047,M0042,,0.01,2500.0,2600.0,1.1,1,1,6,0,0,26.78,0.971,91.1
2025-02-03 07:00:00,OP0009,M0012,,0.338,2026.0,2423.0,13.7,0,1,5,2,1,29.21,0.632,50.6
2025-02-03 08:23:00,OP0005,M0022,T00564,0.246,1616.0,2269.0,8.6,1,0,19,4,1,21.61,,27.6
2025-02-03 09:00:00,OP0053,M0019,,0.153,2500.0,2600.0,4.7,2,1,5,1,1,9.0,0.842,64.1
2025-02-03 10:00:00,OP0016,M0016,,0.191,2485.0,2600.0,1.6,2,1,6,0,2,8.03,0.842,54.5
2025-02-03 12:00:00,OP0035,M0002,,0.01,1866.0,2212.0,4.0,0,0,4,0,1,14.16,0.705,87.4
2025-02-03 12:00:00,OP0012,M0034,,0.277,1963.0,2194.0,4.7,0,2,8,0,0,9.2,0.676,71.7
2025-02-03 12:00:00,OP0003,M0004,,0.299,1808.0,2109.0,1.8,0,4,8,0,0,8.53,0.766,69.1
2025-02-03 12:00:00,OP0001,M0040,,0.155,2199.0,2595.0,14.9,0,1,5,0,0,7.37,0.854,86.6
2025-02-03 13:00:00,OP0017,M0037,,0.141,2157.0,2354.0,1.1,0,0,4,1,1,4.88,0.964,75.0
2025-02-03 13:00:00,OP0028,M0002,,0.111,1688.0,1825.0,11.3,0,1,11,0,0,22.57,0.739,82.8
2025-02-03 13:00:00,OP0043,M0041,,0.01,1833.0,2172.0,6.3,0,1,5,0,0,8.09,0.925,92.4
2025-02-03 13:27:00,OP0042,M0036,T00064,0.287,1389.0,1935.0,2.2,0,0,17,0,0,17.55,,69.1
2025-02-03 15:00:00,OP0025,M0013,,0.185,1855.0,2022.0,1.3,0,2,8,1,1,9.48,1.22,63.2
2025-02-03 15:00:00,OP0001,M0014,,0.113,1887.0,2120.0,2.9,0,1,6,0,0,12.31,1.034,93.8
2025-02-03 15:24:00,OP0020,M0030,T00236,0.263,1367.0,1925.0,1.3,0,0,14,3,0,13.42,,55.0
2025-02-04 06:00:00,OP0002,M0016,,0.173,1985.0,2151.0,4.1,0,0,6,0,0,6.66,0.929,81.7
2025-02-04 06:13:00,OP0005,M0019,T00423,0.196,1758.0,2418.0,1.9,0,0,10,1,0,8.53,,78.2
2025-02-04 07:00:00,OP0021,M0001,,0.186,1779.0,1964.0,4.5,0,0,8,0,0,18.96,0.877,84.2
2025-02-04 08:00:00,OP0017,M0038,,0.179,2004.0,2106.0,1.6,0,1,5,1,0,13.52,0.985,73.4
2025-02-04 08:00:00,OP0053,M0034,,0.198,2492.0,2600.0,1.6,0,0,9,0,0,13.32,0.729,84.7
2025-02-04 08:00:00,OP0036,M0014,,0.118,1987.0,2204.0,6.6,0,1,3,2,0,15.7,0.671,82.0
2025-02-04 09:00:00,OP0041,M0025,,0.267,1907.0,2121.0,9.5,3,1,8,0,2,14.2,0.686,51.1
2025-02-04 09:00:00,OP0007,M0031,,0.202,1887.0,2206.0,9.4,0,1,4,0,0,19.39,0.744,86.5
2025-02-04 09:00:00,OP0037,M0008,,0.165,2187.0,2305.0,2.3,0,0,8,0,1,7.76,0.497,81.1
2025-02-04 09:40:00,OP0030,M0021,T00716,0.16,1611.0,2136.0,2.7,0,0,16,1,0,11.25,,80.2
2025-02-04 11:00:00,OP0049,M0038,,0.156,1954.0,2200.0,1.9,2,1,6,0,0,29.25,0.694,87.5
2025-02-04 11:00:00,OP0002,M0001,,0.071,1606.0,1820.0,3.9,0,2,7,0,0,16.17,0.865,89.4
2025-02-04 12:00:00,OP0039,M0023,,0.077,2121.0,2472.0,6.2,1,2,9,1,0,16.01,0.705,69.5
2025-02-04 13:00:00,OP0022,M0018,,0.182,1800.0,2168.0,3.4,0,4,4,0,0,24.38,0.852,71.6
2025-02-04 13:00:00,OP0053,M0029,,0.149,2497.0,2600.0,1.3,0,2,5,0,0,21.64,0.794,89.2
2025-02-04 14:00:00,OP0055,M0027,,0.177,1627.0,1799.0,3.9,1,0,4,0,0,12.32,0.553,82.0
2025-02-04 14:08:00,OP0048,M0012,T00137,0.175,1676.0,2214.0,12.3,0,0,16,0,1,22.69,,70.6
2025-02-04 14:15:00,OP0017,M0004,T00312,0.252,1766.0,2485.0,4.3,0,0,13,0,1,12.35,,67.5
2025-02-04 14:50:00,OP0027,M0005,T00353,0.245,1446.0,1983.0,11.3,0,0,21,2,2,18.19,,32.0
2025-02-04 15:00:00,OP0047,M0002,,0.049,2500.0,2600.0,14.6,3,1,2,1,2,20.33,0.855,62.6
2025-02-05 06:00:00,OP0015,M0036,,0.219,1502.0,1830.0,2.2,0,0,4,0,0,30.62,0.3,86.7
2025-02-05 06:00:00,OP0025,M0036,,0.193,1409.0,1565.0,4.8,1,0,3,2,0,18.84,0.91,72.1
2025-02-05 07:00:00,OP0031,M0010,,0.061,1951.0,2121.0,9.3,1,2,4,0,0,16.64,0.732,93.5
2025-02-05 07:00:00,OP0046,M0014,,0.277,1820.0,1987.0,5.8,0,1,6,2,0,20.62,0.751,63.3
2025-02-05 08:00:00,OP0043,M0004,,0.01,1919.0,2130.0,13.0,0,0,6,1,0,13.78,0.934,93.5
2025-02-05 08:00:00,OP0030,M0005,,0.186,1894.0,2209.0,10.9,0,0,6,1,0,23.31,0.657,80.1
2025-02-05 09:00:00,OP0054,M0027,,0.01,1969.0,2229.0,4.7,0,0,10,0,0,17.26,0.518,94.0
2025-02-05 09:00:00,OP0013,M0022,,0.01,2110.0,2306.0,26.4,1,0,10,0,0,15.92,0.721,86.4
2025-02-05 10:00:00,OP0012,M0039,,0.15,1841.0,2236.0,3.2,2,1,2,1,0,15.93,0.745,72.9
2025-02-05 11:00:00,OP0009,M0033,,0.299,1683.0,2039.0,2.9,1,1,5,0,0,8.99,0.72,74.9
2025-02-05 12:00:00,OP0026,M0009,,0.098,1716.0,2053.0,4.4,0,1,4,3,0,18.47,0.804,71.3
2025-02-05 12:00:00,OP0037,M0013,,0.155,2500.0,2600.0,8.4,3,0,6,0,0,7.62,0.65,82.4
2025-02-05 12:00:00,OP0055,M0013,,0.2,2099.0,2237.0,11.4,0,0,8,1,0,4.37,0.857,78.0
2025-02-05 13:00:00,OP0004,M0025,,0.01,2037.0,2175.0,11.4,0,2,5,0,0,10.01,0.907,96.2
2025-02-05 13:00:00,OP0048,M0041,,0.16,1946.0,2100.0,4.0,3,1,5,1,0,12.33,0.841,60.8
2025-02-05 14:00:00,OP0038,M0020,,0.229,2046.0,2182.0,3.8,0,0,7,1,0,11.03,0.655,74.4
2025-02-05 14:42:00,OP0030,M0039,T00291,0.25,1458.0,2029.0,1.7,0,0,21,1,0,14.41,,57.0
2025-02-06 06:00:00,OP0009,M0020,,0.258,1709.0,2000.0,8.1,0,0,6,1,0,11.0,0.538,70.3
2025-02-06 06:00:00,OP0055,M0003,,0.145,1665.0,1896.0,5.6,1,0,8,0,1,26.27,0.611,79.5
2025-02-06 06:00:00,OP0004,M0020,,0.072,2233.0,2488.0,5.8,0,0,4,0,0,6.69,0.877,99.8
2025-02-06 06:00:00,OP0032,M0017,,0.065,2053.0,2162.0,8.3,0,0,5,2,0,11.63,1.039,74.7
2025-02-06 07:00:00,OP0016,M0022,,0.237,2194.0,2475.0,22.1,2,0,10,1,0,11.58,0.999,64.9
2025-02-06 07:00:00,OP0037,M0016,,0.231,2196.0,2371.0,1.4,2,0,8,0,2,10.33,0.616,51.5
2025-02-06 07:00:00,OP0003,M0015,,0.174,1737.0,2041.0,1.3,0,1,7,0,0,23.23,0.812,82.3
2025-02-06 07:00:00,OP0007,M0027,,0.159,1632.0,2012.0,2.2,0,0,7,2,0,10.11,0.552,72.2
2025-02-06 08:00:00,OP0037,M0009,,0.145,2125.0,2382.0,1.2,1,1,4,1,0,11.71,0.666,73.9
2025-02-06 09:00:00,OP0055,M0020,,0.151,2130.0,2408.0,10.6,0,1,8,3,0,11.84,0.829,64.8
2025-02-06 09:00:00,OP0051,M0033,,0.19,1746.0,1861.0,10.3,1,2,6,0,0,14.94,1.0,82.9
2025-02-06 09:00:00,OP0008,M0033,,0.274,2325.0,2600.0,3.6,0,1,4,1,1,11.89,0.369,67.7
2025-02-06 10:00:00,OP0035,M0038,,0.075,1481.0,1706.0,2.2,1,0,3,0,0,12.46,0.731,90.8
2025-02-06 10:00:00,OP0016,M0002,,0.132,1949.0,2054.0,8.1,1,1,8,0,0,7.07,0.809,84.2
2025-02-06 10:00:00,OP0030,M0020,,0.065,1854.0,2094.0,7.3,2,2,4,1,0,10.1,0.693,71.6
2025-02-06 11:00:00,OP0023,M0004,,0.123,2132.0,2233.0,3.2,2,0,8,1,0,14.6,0.48,78.9
2025-02-06 11:00:00,OP0013,M0040,,0.096,1910.0,2181.0,6.7,0,2,7,0,1,7.44,0.649,72.8
2025-02-06 11:44:00,OP0004,M0038,T00602,0.25,1580.0,2163.0,2.5,0,0,25,0,0,20.36,,72.6
2025-02-06 14:00:00,OP0026,M0041,,0.148,1939.0,2316.0,3.9,0,1,8,0,1,6.72,0.667,70.5
2025-02-06 14:00:00,OP0041,M0017,,0.319,1751.0,1954.0,1.9,0,3,6,1,1,6.59,0.875,51.3
2025-02-06 15:00:00,OP0042,M0042,,0.191,1752.0,2080.0,4.7,0,0,2,0,1,19.33,0.774,80.8
2025-02-06 15:00:00,OP0054,M0035,,0.06,1810.0,2142.0,4.3,0,1,8,0,0,7.45,0.493,85.6
2025-02-06 15:00:00,OP0015,M0024,,0.215,1483.0,1845.0,6.2,1,2,9,1,0,10.01,0.306,65.9
2025-02-06 15:12:00,OP0050,M0008,T00699,0.167,1550.0,2055.0,1.5,0,0,28,0,0,15.19,,69.3
2025-02-07 06:00:00,OP0013,M0036,,0.025,1711.0,1850.0,1.3,0,0,9,0,0,23.94,0.762,93.1
2025-02-07 06:00:00,OP0014,M0029,,0.147,1668.0,1915.0,4.7,0,1,9,0,0,25.79,0.833,84.1
2025-02-07 06:00:00,OP0011,M0015,,0.215,1569.0,1794.0,4.4,3,0,5,1,1,13.49,0.523,58.3
2025-02-07 07:00:00,OP0001,M0031,,0.16,1749.0,1905.0,9.2,0,1,8,0,0,9.72,0.807,86.2
2025-02-07 07:00:00,OP0048,M0002,,0.112,2054.0,2403.0,3.0,0,0,7,0,0,13.2,0.585,84.1
2025-02-07 09:00:00,OP0052,M0041,,0.269,2265.0,2487.0,2.2,0,0,4,2,1,11.76,0.769,55.3
2025-02-07 09:00:00,OP0014,M0019,,0.123,2051.0,2200.0,1.2,0,2,5,1,0,5.43,0.88,74.2
2025-02-07 09:00:00,OP0036,M0040,,0.054,2218.0,2332.0,3.0,0,0,8,0,0,18.8,0.476,93.5
2025-02-07 10:00:00,OP0051,M0042,,0.177,1477.0,1743.0,3.9,0,0,7,0,0,21.87,0.883,83.4
2025-02-07 10:00:00,OP0031,M0030,,0.029,1800.0,1960.0,1.5,3,1,7,1,0,16.08,0.659,73.0
2025-02-07 10:00:00,OP0041,M0007,,0.201,2016.0,2268.0,6.8,3,0,10,0,1,6.5,0.756,58.3
2025-02-07 10:22:00,OP0043,M0004,T00090,0.229,1520.0,2095.0,4.2,1,0,13,0,0,10.67,,75.5
2025-02-07 11:00:00,OP0044,M0031,,0.155,2235.0,2535.0,13.3,1,1,4,3,0,20.54,1.015,61.4
2025-02-07 12:00:00,OP0006,M0034,,0.102,2193.0,2459.0,1.0,1,1,9,0,0,22.08,0.951,87.0
2025-02-07 12:00:00,OP0024,M0038,,0.153,1913.0,2179.0,2.5,3,0,7,2,0,23.03,0.686,65.8
2025-02-07 14:00:00,OP0004,M0007,,0.031,2050.0,2278.0,7.4,1,1,11,0,0,5.2,0.83,88.3
2025-02-07 14:00:00,OP0042,M0030,,0.17,1585.0,1789.0,4.0,1,1,9,0,0,7.06,0.927,74.5
2025-02-07 15:00:00,OP0015,M0031,,0.298,1744.0,1976.0,4.5,1,1,3,0,0,23.92,0.3,77.7
2025-02-07 15:18:00,OP0023,M0016,T00333,0.25,1772.0,2460.0,2.3,0,0,18,3,0,9.41,,42.1
2025-02-08 06:00:00,OP0029,M0023,,0.248,1938.0,2282.0,13.3,1,1,5,2,2,10.3,0.3,35.3
2025-02-08 06:00:00,OP0005,M0031,,0.163,1989.0,2147.0,7.1,1,1,7,2,0,8.38,0.759,70.7
2025-02-08 06:21:00,OP0027,M0012,T00118,0.375,1326.0,1925.0,8.0,0,0,13,0,0,16.55,,66.3
2025-02-08 07:00:00,OP0023,M0039,,0.15,1577.0,1857.0,3.7,0,2,6,0,1,22.35,0.415,73.0
2025-02-08 07:00:00,OP0002,M0016,,0.127,2000.0,2226.0,4.1,1,0,5,0,0,9.26,0.838,84.1
2025-02-08 07:00:00,OP0045,M0006,,0.388,1868.0,2088.0,3.4,2,2,6,1,3,6.08,0.374,35.3
2025-02-08 08:00:00,OP0023,M0025,,0.127,2146.0,2372.0,4.2,1,1,8,0,1,11.96,0.3,77.0
2025-02-08 09:00:00,OP0037,M0013,,0.19,2409.0,2600.0,11.5,2,3,2,0,2,9.8,0.57,58.4
2025-02-08 09:00:00,OP0049,M0013,,0.194,1741.0,2122.0,5.7,1,1,7,0,0,5.53,0.754,84.0
2025-02-08 10:00:00,OP0033,M0005,,0.109,1753.0,2007.0,17.6,1,0,6,1,0,12.61,0.815,76.4
2025-02-08 10:00:00,OP0009,M0037,,0.257,2099.0,2465.0,1.4,2,0,8,2,0,11.08,0.619,57.1
2025-02-08 11:00:00,OP0018,M0041,,0.152,1716.0,2085.0,2.8,1,0,6,0,0,4.79,0.747,92.1
2025-02-08 12:00:00,OP0003,M0031,,0.231,1783.0,1981.0,11.5,0,2,5,0,0,11.18,0.57,76.2
2025-02-08 12:20:00,OP0045,M0018,T00376,0.311,1550.0,2278.0,1.2,0,0,4,1,0,16.7,,76.6
2025-02-08 13:00:00,OP0047,M0028,,0.01,2475.0,2600.0,1.5,0,1,2,0,0,22.06,0.91,98.3
2025-02-08 13:00:00,OP0051,M0011,,0.156,2147.0,2258.0,2.8,0,1,2,0,0,10.13,0.857,90.7
2025-02-08 13:00:00,OP0050,M0041,,0.01,1725.0,2020.0,2.7,1,0,5,0,0,4.62,0.882,96.8
2025-02-08 13:00:00,OP0013,M0021,,0.147,1653.0,1781.0,5.1,0,0,8,1,0,9.26,0.509,79.0
2025-02-08 14:00:00,OP0052,M0008,,0.197,2072.0,2468.0,2.2,1,1,5,1,1,21.62,0.744,65.1
2025-02-08 15:00:00,OP0014,M0032,,0.215,1681.0,1981.0,2.6,0,0,5,0,0,14.45,1.02,90.3
2025-02-08 15:00:00,OP0026,M0028,,0.128,1949.0,2142.0,1.8,1,1,7,1,0,22.29,0.822,73.5
2025-02-09 06:00:00,OP0049,M0003,,0.184,1547.0,1859.0,2.7,0,0,6,3,0,10.71,0.691,65.0
2025-02-09 06:00:00,OP0037,M0027,,0.14,2330.0,2600.0,4.5,0,3,2,0,1,13.73,0.763,71.1
2025-02-09 07:00:00,OP0028,M0033,,0.26,1768.0,2111.0,3.0,2,0,3,0,0,18.02,0.936,71.9
2025-02-09 09:00:00,OP0046,M0035,,0.315,1926.0,2104.0,7.7,1,0,4,0,1,9.66,0.556,64.9
2025-02-09 10:27:00,OP0029,M0018,T00527,0.296,1484.0,2155.0,1.2,0,0,10,1,1,14.68,,57.5
2025-02-09 11:00:00,OP0049,M0031,,0.142,1884.0,2123.0,6.2,0,0,5,0,1,13.76,0.758,78.8
2025-02-09 11:00:00,OP0001,M0034,,0.11,1740.0,2072.0,3.3,0,1,4,0,0,10.25,1.002,95.0
2025-02-09 12:00:00,OP0034,M0030,,0.102,1772.0,2082.0,2.1,0,2,7,1,0,12.07,0.778,72.6
2025-02-09 12:52:00,OP0024,M0024,T00381,0.225,1666.0,2302.0,2.9,0,0,7,0,0,15.69,,88.4
2025-02-09 13:00:00,OP0006,M0042,,0.126,2248.0,2582.0,6.0,1,0,6,0,0,25.46,1.075,85.6
2025-02-09 13:00:00,OP0009,M0035,,0.317,1851.0,2238.0,3.7,0,3,5,0,1,6.8,0.588,63.3
2025-02-09 13:00:00,OP0047,M0028,,0.109,2167.0,2370.0,1.4,2,0,2,1,0,9.3,0.955,79.8
2025-02-09 13:00:00,OP0039,M0021,,0.078,1976.0,2324.0,2.3,0,0,3,0,1,12.8,0.863,79.9
2025-02-09 14:00:00,OP0008,M0010,,0.275,2500.0,2600.0,20.1,0,0,6,2,0,29.56,0.3,72.2
2025-02-09 14:00:00,OP0026,M0005,,0.159,1753.0,2090.0,2.1,1,0,8,0,1,24.75,1.067,79.6
2025-02-09 14:00:00,OP0030,M0027,,0.233,1804.0,2130.0,2.6,3,0,10,0,0,21.85,0.591,70.1
2025-02-09 14:00:00,OP0006,M0030,,0.091,1772.0,2078.0,2.3,0,0,6,0,0,23.46,0.808,96.4
2025-02-09 15:00:00,OP0028,M0023,,0.244,1701.0,1911.0,6.9,1,2,6,0,0,14.42,0.968,72.2
2025-02-09 15:00:00,OP0029,M0011,,0.214,1979.0,2175.0,2.8,2,2,10,1,0,10.25,0.447,65.5
2025-02-10 07:00:00,OP0002,M0039,,0.222,1567.0,1763.0,4.4,0,1,9,0,0,8.72,1.097,77.6
2025-02-10 07:00:00,OP0035,M0009,,0.124,1403.0,1781.0,2.7,1,1,9,0,0,13.95,0.916,81.5
2025-02-10 07:33:00,OP0013,M0018,T00115,0.243,1537.0,2136.0,1.4,0,0,16,0,1,15.52,,69.2
2025-02-10 08:00:00,OP0001,M0026,,0.106,1740.0,2034.0,7.7,0,0,8,0,0,14.71,0.894,98.7
2025-02-10 09:00:00,OP0049,M0024,,0.229,1816.0,1987.0,14.2,1,0,5,0,0,24.02,0.843,87.6
2025-02-10 10:00:00,OP0005,M0021,,0.25,1883.0,2187.0,2.5,0,1,9,0,0,7.27,0.74,67.5
2025-02-10 10:00:00,OP0055,M0013,,0.131,1934.0,2131.0,1.4,0,0,8,0,0,4.05,0.666,95.6
2025-02-10 10:00:00,OP0050,M0002,,0.082,1831.0,2132.0,5.2,0,0,6,0,0,7.37,1.091,92.5
2025-02-10 12:00:00,OP0035,M0029,,0.041,1720.0,2115.0,5.8,1,0,11,0,1,12.85,0.809,77.9
2025-02-10 13:00:00,OP0042,M0001,,0.144,1756.0,2005.0,3.9,0,0,11,0,1,16.9,0.776,75.5
2025-02-10 13:00:00,OP0024,M0001,,0.127,1780.0,1964.0,4.1,1,0,5,1,0,13.88,0.797,75.0
2025-02-10 14:00:00,OP0042,M0029,,0.107,1731.0,1964.0,6.9,0,0,5,0,0,10.74,0.749,89.7
2025-02-10 14:17:00,OP0008,M0018,T00071,0.179,2148.0,2939.0,1.9,0,0,18,0,1,22.01,,68.5
2025-02-10 15:00:00,OP0052,M0030,,0.202,2087.0,2237.0,2.6,3,2,2,1,0,7.55,0.591,72.0
2025-02-10 15:00:00,OP0029,M0010,,0.209,2002.0,2273.0,17.5,2,2,7,3,0,19.21,0.474,53.8
2025-02-11 07:00:00,OP0016,M0009,,0.218,1808.0,1970.0,2.6,1,0,2,1,0,25.01,0.809,75.5
2025-02-11 07:00:00,OP0025,M0038,,0.128,1530.0,1695.0,4.5,0,0,8,0,0,24.68,0.744,95.5
2025-02-11 08:00:00,OP0025,M0039,,0.217,1413.0,1678.0,1.5,0,0,5,2,0,15.78,0.949,68.8
2025-02-11 08:00:00,OP0036,M0026,,0.21,2013.0,2116.0,2.3,3,1,5,1,0,7.37,0.558,65.2
2025-02-11 08:00:00,OP0044,M0014,,0.067,2087.0,2372.0,2.1,1,1,5,0,0,14.44,0.891,83.5
2025-02-11 12:00:00,OP0016,M0020,,0.35,1881.0,2107.0,3.1,0,1,6,0,0,6.55,0.797,81.8
2025-02-11 12:00:00,OP0047,M0035,,0.01,2500.0,2600.0,5.3,1,1,4,1,0,5.59,1.022,84.8
2025-02-11 13:00:00,OP0020,M0032,,0.221,1563.0,1755.0,1.7,0,3,4,2,0,16.74,0.508,65.2
2025-02-11 13:00:00,OP0003,M0010,,0.211,1660.0,2040.0,22.8,2,0,4,0,0,31.62,0.653,81.0
2025-02-11 13:00:00,OP0002,M0010,,0.019,1981.0,2379.0,23.6,1,0,7,0,0,12.25,0.727,96.3
2025-02-11 14:00:00,OP0049,M0011,,0.173,1984.0,2346.0,5.6,0,0,6,1,0,7.23,0.626,73.8
2025-02-11 14:00:00,OP0028,M0031,,0.232,1801.0,1919.0,6.6,0,2,9,0,0,22.19,0.678,68.2
2025-02-11 15:00:00,OP0041,M0042,,0.254,1848.0,2165.0,4.7,0,0,5,0,0,19.74,0.743,87.3
2025-02-11 15:00:00,OP0003,M0012,,0.234,1990.0,2288.0,21.3,0,0,8,0,0,22.22,0.642,79.7
2025-02-11 15:25:00,OP0048,M0020,T00457,0.246,1617.0,2231.0,1.6,0,0,3,0,0,7.16,,77.8
2025-02-12 06:00:00,OP0028,M0042,,0.204,1653.0,2005.0,3.7,0,1,4,0,0,18.95,0.831,83.9
2025-02-12 07:00:00,OP0007,M0027,,0.21,1691.0,1901.0,3.4,0,1,2,0,0,24.88,0.623,84.8
2025-02-12 08:00:00,OP0051,M0040,,0.188,1827.0,2078.0,9.6,0,2,8,0,0,20.16,0.925,92.0
2025-02-12 08:27:00,OP0030,M0030,T00062,0.263,1452.0,2039.0,1.4,0,0,16,1,0,14.47,,69.1
2025-02-12 09:00:00,OP0043,M0018,,0.011,1591.0,1705.0,4.4,3,0,6,0,0,13.28,0.861,85.5
2025-02-12 09:00:00,OP0021,M0022,,0.259,1972.0,2187.0,15.1,1,0,4,0,0,18.12,0.738,88.8
2025-02-12 10:00:00,OP0017,M0007,,0.13,2357.0,2600.0,3.0,0,2,10,0,0,6.49,0.719,84.4
2025-02-12 10:00:00,OP0045,M0018,,0.354,1693.0,1914.0,3.5,0,0,8,1,2,14.11,0.654,43.6
2025-02-12 10:00:00,OP0054,M0030,,0.01,1618.0,1936.0,1.1,1,0,6,0,0,14.98,0.76,100.0
2025-02-12 11:00:00,OP0002,M0031,,0.181,2086.0,2484.0,8.3,0,0,4,0,0,18.13,0.772,92.3
2025-02-12 11:00:00,OP0043,M0008,,0.017,1548.0,1910.0,4.1,0,0,8,0,0,6.18,0.956,99.2
2025-02-12 11:43:00,OP0021,M0020,T00443,0.217,1745.0,2489.0,2.2,0,0,24,0,0,8.43,,65.6
2025-02-12 11:47:00,OP0032,M0016,T00126,0.227,1666.0,2251.0,2.5,0,0,2,1,0,9.32,,78.0
2025-02-12 12:00:00,OP0034,M0021,,0.209,1886.0,2013.0,8.7,2,0,10,0,0,10.39,0.747,77.8
2025-02-12 13:00:00,OP0031,M0016,,0.048,1967.0,2297.0,1.2,1,0,9,0,1,9.44,0.68,78.8
2025-02-12 13:00:00,OP0007,M0014,,0.233,1816.0,2150.0,9.6,0,1,8,0,1,33.22,0.498,66.1
2025-02-12 14:00:00,OP0001,M0021,,0.03,2072.0,2218.0,7.4,0,0,10,0,0,13.01,0.912,93.9
2025-02-12 14:00:00,OP0009,M0011,,0.339,2028.0,2251.0,10.7,2,0,7,3,0,7.48,0.743,49.5
2025-02-12 15:00:00,OP0029,M0029,,0.147,1683.0,2024.0,2.4,1,1,4,0,0,10.67,0.53,78.0
2025-02-12 15:00:00,OP0035,M0034,,0.05,1566.0,1668.0,2.6,0,0,9,0,0,19.2,0.791,92.5
2025-02-12 15:00:00,OP0032,M0032,,0.113,1780.0,1981.0,5.1,0,0,9,0,0,20.7,0.899,94.0
2025-02-13 06:00:00,OP0011,M0040,,0.296,2283.0,2465.0,14.1,1,1,10,0,2,14.27,0.656,48.5
2025-02-13 06:00:00,OP0021,M0008,,0.262,1823.0,1935.0,1.4,0,1,5,0,0,26.04,0.902,77.9
2025-02-13 06:00:00,OP0050,M0031,,0.035,1936.0,2185.0,10.6,1,0,5,0,0,16.37,0.927,88.3
2025-02-13 06:29:00,OP0038,M0040,T00588,0.179,1669.0,2289.0,3.0,0,0,14,0,0,15.4,,81.9
2025-02-13 07:00:00,OP0037,M0025,,0.182,2500.0,2600.0,1.0,0,0,9,0,0,13.39,0.597,79.8
2025-02-13 08:00:00,OP0017,M0010,,0.094,2368.0,2600.0,19.6,1,1,7,0,0,21.24,0.766,89.7
2025-02-13 12:00:00,OP0032,M0020,,0.07,1911.0,2032.0,10.9,0,0,7,3,0,4.83,1.154,68.9
2025-02-13 12:00:00,OP0013,M0010,,0.048,1698.0,1812.0,20.8,1,1,8,0,0,23.62,0.59,91.3
2025-02-13 13:00:00,OP0004,M0042,,0.057,1871.0,2007.0,2.2,0,0,6,0,0,21.54,0.981,93.5
2025-02-13 13:00:00,OP0020,M0004,,0.23,1684.0,1833.0,4.6,2,0,8,0,1,10.3,0.486,68.4
2025-02-13 13:00:00,OP0026,M0011,,0.084,1968.0,2360.0,2.5,2,1,6,1,0,7.92,0.758,77.0
2025-02-13 14:00:00,OP0004,M0041,,0.01,1886.0,1994.0,11.9,0,1,9,0,0,4.33,1.021,94.1
2025-02-13 14:00:00,OP0002,M0032,,0.161,1871.0,2108.0,3.6,0,3,12,0,0,25.19,0.854,69.7
2025-02-13 14:00:00,OP0026,M0038,,0.052,1560.0,1827.0,5.5,1,1,8,0,0,23.76,0.846,83.4
2025-02-13 14:00:00,OP0051,M0036,,0.143,1651.0,1878.0,5.4,0,0,6,0,0,15.88,1.002,91.4
2025-02-13 15:00:00,OP0016,M0018,,0.295,1985.0,2277.0,3.0,2,0,4,0,0,21.68,1.056,77.3
2025-02-13 15:00:00,OP0022,M0019,,0.066,2065.0,2277.0,3.5,1,0,3,0,0,10.29,0.912,90.3
2025-02-14 08:00:00,OP0029,M0040,,0.148,1670.0,2004.0,12.5,0,2,5,0,0,8.81,0.405,79.1
2025-02-14 08:00:00,OP0031,M0041,,0.039,1927.0,2147.0,9.2,0,0,3,1,0,6.71,0.743,88.5
2025-02-14 08:00:00,OP0012,M0002,,0.135,2096.0,2424.0,14.8,2,2,3,1,1,12.37,0.88,58.4
2025-02-14 08:00:00,OP0018,M0019,,0.124,1890.0,2049.0,1.7,0,0,7,0,2,10.15,0.839,66.2
2025-02-14 09:00:00,OP0033,M0039,,0.077,1453.0,1697.0,1.4,1,0,3,0,1,18.83,0.723,84.7
2025-02-14 09:00:00,OP0054,M0025,,0.01,1919.0,2229.0,4.2,1,1,4,0,0,7.88,0.732,100.0
2025-02-14 10:00:00,OP0031,M0003,,0.088,1734.0,2037.0,4.1,1,0,8,0,0,14.27,0.783,91.4
2025-02-14 10:00:00,OP0012,M0030,,0.19,1699.0,1874.0,4.6,2,0,4,1,1,23.84,0.907,59.4
2025-02-14 10:00:00,OP0021,M0037,,0.215,2082.0,2365.0,8.2,0,0,8,0,0,12.46,0.901,78.5
2025-02-14 10:18:00,OP0031,M0039,T00310,0.138,1755.0,2267.0,1.4,0,0,1,1,0,18.26,,82.3
2025-02-14 11:00:00,OP0044,M0010,,0.25,2101.0,2233.0,1.2,0,0,4,0,0,13.1,0.891,84.1
2025-02-14 11:00:00,OP0034,M0020,,0.116,1995.0,2104.0,9.1,1,1,13,1,0,5.96,0.714,70.7
2025-02-14 12:00:00,OP0020,M0023,,0.229,1703.0,2075.0,7.7,0,0,5,1,0,11.54,0.426,74.7
2025-02-14 12:00:00,OP0030,M0025,,0.09,1752.0,1927.0,12.1,1,0,5,0,0,21.21,0.711,97.8
2025-02-14 12:02:00,OP0015,M0031,T00088,0.333,1341.0,1977.0,2.0,0,0,21,1,0,11.31,,47.1
2025-02-14 13:04:00,OP0009,M0007,T00698,0.254,1603.0,2242.0,2.7,0,1,9,3,0,8.78,,56.6
2025-02-14 13:49:00,OP0007,M0030,T00038,0.258,1406.0,1974.0,1.4,0,0,9,2,0,14.1,,58.8
2025-02-14 14:00:00,OP0034,M0020,,0.216,1838.0,2031.0,8.2,0,2,5,1,0,10.66,0.73,73.4
2025-02-14 14:00:00,OP0039,M0030,,0.149,1788.0,2138.0,2.2,0,2,7,0,0,22.36,0.768,76.7
2025-02-14 14:00:00,OP0018,M0030,,0.217,1547.0,1787.0,3.1,1,1,2,1,0,10.98,0.62,77.3
2025-02-14 14:00:00,OP0001,M0004,,0.137,2117.0,2251.0,9.7,1,1,5,0,0,16.55,1.031,82.3
2025-02-14 14:00:00,OP0032,M0006,,0.1,2086.0,2260.0,1.1,0,1,4,0,0,5.78,0.858,88.0
2025-02-14 15:00:00,OP0040,M0028,,0.047,1574.0,1785.0,3.7,1,0,3,0,0,13.15,0.82,100.0
2025-02-15 06:00:00,OP0029,M0020,,0.235,1916.0,2277.0,1.7,2,1,7,0,1,8.23,0.45,67.8
2025-02-15 06:00:00,OP0004,M0042,,0.068,2029.0,2254.0,5.2,1,0,6,0,0,25.49,1.05,93.2
2025-02-15 06:00:00,OP0036,M0030,,0.179,1807.0,2018.0,2.8,1,0,10,2,0,20.57,0.622,66.2
2025-02-15 07:00:00,OP0009,M0030,,0.306,1845.0,1950.0,1.9,1,1,7,4,0,26.56,0.495,40.9
2025-02-15 08:00:00,OP0040,M0019,,0.01,2281.0,2460.0,9.4,2,1,7,0,1,3.87,0.77,75.5
2025-02-15 08:00:00,OP0051,M0005,,0.206,1553.0,1738.0,25.6,1,0,4,0,0,31.65,0.774,86.4
2025-02-15 09:00:00,OP0022,M0034,,0.01,1702.0,1834.0,2.4,0,0,6,1,0,7.95,0.658,95.8
2025-02-15 09:00:00,OP0013,M0019,,0.049,1584.0,1901.0,11.9,1,0,6,1,1,6.85,0.735,82.5
2025-02-15 09:00:00,OP0047,M0024,,0.044,2500.0,2600.0,7.4,0,0,6,0,1,9.52,0.82,82.4
2025-02-15 10:00:00,OP0043,M0024,,0.01,1663.0,1801.0,7.8,0,2,8,0,0,7.94,1.118,91.5
2025-02-15 10:00:00,OP0030,M0001,,0.038,1753.0,2005.0,4.1,1,0,3,0,0,15.21,0.68,94.4
2025-02-15 11:00:00,OP0037,M0035,,0.107,2351.0,2600.0,3.7,0,0,12,0,2,10.88,0.656,67.9
2025-02-15 12:00:00,OP0006,M0037,,0.06,2263.0,2420.0,7.4,0,0,5,1,0,8.63,1.006,93.1
2025-02-15 12:00:00,OP0006,M0039,,0.159,2353.0,2600.0,4.7,0,0,2,0,0,16.8,0.987,96.3
2025-02-15 13:00:00,OP0051,M0039,,0.148,1838.0,2109.0,4.3,1,3,4,0,0,18.67,0.7,79.3
2025-02-15 14:00:00,OP0030,M0024,,0.169,1942.0,2333.0,2.1,3,1,7,3,0,15.32,0.819,50.7
2025-02-15 15:00:00,OP0025,M0020,,0.136,1819.0,2130.0,3.1,0,2,9,2,0,6.62,0.926,64.9
2025-02-16 06:00:00,OP0005,M0001,,0.181,1854.0,2207.0,2.1,0,1,7,1,0,25.28,0.68,77.0
2025-02-16 06:00:00,OP0044,M0010,,0.111,1782.0,1985.0,1.2,0,1,7,1,0,27.95,0.763,81.3
2025-02-16 06:00:00,OP0041,M0027,,0.277,2101.0,2311.0,2.9,1,0,5,0,0,23.95,0.902,80.8
2025-02-16 07:00:00,OP0034,M0019,,0.215,1813.0,2150.0,6.8,1,1,4,2,0,4.44,0.87,62.8
2025-02-16 07:00:00,OP0044,M0030,,0.221,1771.0,2053.0,2.8,4,0,5,0,0,20.46,0.759,81.2
2025-02-16 09:00:00,OP0048,M0010,,0.157,1690.0,1856.0,12.7,0,0,6,0,0,17.05,0.531,91.3
2025-02-16 10:00:00,OP0011,M0039,,0.214,1847.0,2166.0,2.2,0,2,6,1,0,11.28,0.589,75.1
2025-02-16 10:00:00,OP0043,M0038,,0.01,1403.0,1580.0,1.7,1,0,6,0,0,16.36,0.891,100.0
2025-02-16 10:00:00,OP0023,M0020,,0.129,2148.0,2426.0,5.8,0,2,9,2,0,9.6,0.384,63.3
2025-02-16 11:00:00,OP0033,M0027,,0.098,1447.0,1645.0,3.6,0,0,5,1,0,9.05,0.658,79.0
2025-02-16 11:27:00,OP0051,M0035,T00367,0.181,1535.0,2043.0,5.2,0,0,12,1,0,10.66,,70.3
2025-02-16 12:00:00,OP0035,M0017,,0.136,1718.0,1871.0,10.5,0,0,3,0,1,11.77,0.773,81.7
2025-02-16 13:00:00,OP0052,M0026,,0.159,2201.0,2494.0,11.3,0,2,4,1,0,12.25,0.532,75.8
2025-02-16 13:00:00,OP0016,M0037,,0.33,2186.0,2576.0,7.4,0,1,9,2,0,10.21,1.003,53.6
2025-02-16 13:00:00,OP0019,M0042,,0.242,1887.0,1997.0,5.8,0,0,1,3,0,25.7,0.491,62.6
2025-02-16 13:00:00,OP0053,M0034,,0.13,2456.0,2600.0,2.6,0,0,6,0,1,18.21,0.736,79.7
2025-02-16 14:00:00,OP0006,M0038,,0.01,1938.0,2124.0,3.7,0,0,11,0,0,26.25,0.904,96.3
2025-02-16 14:00:00,OP0003,M0001,,0.205,1817.0,1976.0,2.8,0,1,6,0,0,21.32,0.597,84.3
2025-02-16 15:00:00,OP0037,M0036,,0.142,2041.0,2150.0,6.1,0,1,8,0,0,14.35,0.512,91.3
2025-02-16 15:00:00,OP0025,M0004,,0.228,1554.0,1923.0,3.4,0,0,8,0,0,13.81,1.047,85.2
2025-02-16 15:00:00,OP0016,M0033,,0.378,2026.0,2254.0,3.6,0,0,8,1,0,17.79,0.84,66.0
2025-02-16 15:51:00,OP0041,M0036,T00594,0.242,1499.0,2013.0,2.1,1,0,30,2,1,18.33,,28.9
2025-02-17 07:00:00,OP0044,M0015,,0.155,1860.0,2177.0,1.2,0,1,8,0,0,8.11,1.053,89.3
2025-02-17 08:00:00,OP0014,M0009,,0.188,1649.0,1998.0,1.2,0,2,3,1,0,10.77,0.921,66.6
2025-02-17 08:00:00,OP0036,M0008,,0.163,2441.0,2600.0,3.8,3,4,7,2,0,6.37,0.364,54.3
2025-02-17 08:00:00,OP0013,M0032,,0.084,1816.0,2160.0,5.3,0,0,11,0,0,12.11,0.692,87.9
2025-02-17 09:00:00,OP0011,M0009,,0.105,1598.0,1776.0,3.3,0,3,5,2,0,13.79,0.462,70.4
2025-02-17 09:00:00,OP0013,M0029,,0.049,1984.0,2328.0,1.8,0,1,7,2,1,12.55,0.508,68.4
2025-02-17 10:00:00,OP0051,M0040,,0.236,1611.0,1726.0,4.7,1,2,7,0,0,23.61,0.997,75.9
2025-02-17 10:00:00,OP0051,M0010,,0.156,1763.0,1969.0,13.3,1,0,4,0,0,22.19,0.828,90.1
2025-02-17 12:00:00,OP0049,M0014,,0.179,2032.0,2235.0,10.9,0,0,6,0,0,12.99,0.606,87.8
2025-02-17 12:00:00,OP0025,M0008,,0.171,1490.0,1781.0,4.5,2,0,2,1,0,18.91,1.005,75.2
2025-02-17 12:00:00,OP0040,M0042,,0.152,2008.0,2203.0,5.8,1,0,3,0,1,11.65,0.887,78.4
2025-02-17 12:00:00,OP0052,M0036,,0.324,1835.0,2154.0,6.6,0,1,4,2,0,26.73,0.909,61.2
2025-02-17 13:00:00,OP0042,M0023,,0.205,1594.0,1748.0,7.0,0,0,4,0,0,18.67,0.861,81.5
2025-02-17 13:00:00,OP0009,M0032,,0.327,1779.0,2124.0,3.4,2,5,6,0,1,14.08,0.665,41.6
2025-02-17 14:00:00,OP0012,M0040,,0.124,1930.0,2087.0,11.3,1,1,2,1,0,12.83,0.859,80.0
2025-02-17 14:00:00,OP0055,M0019,,0.121,1705.0,2050.0,6.5,0,0,6,0,0,6.82,0.801,88.2
2025-02-17 15:00:00,OP0006,M0004,,0.15,2350.0,2600.0,1.9,1,1,5,1,0,6.87,0.969,76.0
2025-02-17 15:00:00,OP0039,M0028,,0.013,1462.0,1591.0,1.2,0,0,3,1,0,6.9,0.802,88.8
2025-02-17 15:10:00,OP0029,M0017,T00161,0.3,1554.0,2228.0,3.9,1,1,5,1,1,10.65,,65.4
2025-02-18 07:00:00,OP0007,M0024,,0.225,1792.0,2151.0,4.9,0,1,6,1,0,8.58,0.498,81.0
2025-02-18 08:00:00,OP0006,M0032,,0.106,1754.0,1944.0,3.7,0,0,2,0,0,16.95,0.917,96.4
2025-02-18 08:23:00,OP0039,M0017,T00459,0.339,1475.0,2105.0,1.5,0,0,1,1,0,9.49,,69.8
2025-02-18 09:00:00,OP0003,M0014,,0.199,1773.0,2008.0,21.8,0,1,3,0,0,16.0,0.763,85.5
2025-02-18 09:00:00,OP0030,M0014,,0.097,1636.0,1910.0,17.8,2,1,5,0,0,15.98,0.42,87.4
2025-02-18 10:00:00,OP0026,M0034,,0.127,1807.0,2093.0,3.3,1,1,5,0,0,15.35,0.612,87.8
2025-02-18 10:47:00,OP0054,M0012,T00286,0.204,1707.0,2321.0,11.3,0,0,7,1,0,22.64,,77.7
2025-02-18 11:00:00,OP0041,M0028,,0.334,1825.0,2143.0,2.1,0,2,6,2,0,24.52,0.589,57.7
2025-02-18 12:00:00,OP0001,M0024,,0.051,1956.0,2106.0,1.1,0,0,9,0,0,9.43,0.907,94.3
2025-02-18 13:00:00,OP0020,M0036,,0.215,1885.0,2269.0,6.6,1,2,6,0,0,21.92,0.464,73.0
2025-02-18 13:51:00,OP0006,M0014,T00183,0.229,1830.0,2563.0,10.7,0,0,24,1,0,25.79,,55.9
2025-02-18 15:00:00,OP0015,M0022,,0.252,1762.0,2107.0,3.2,0,1,3,0,0,13.65,0.425,80.4
2025-02-19 06:00:00,OP0040,M0027,,0.029,1793.0,2074.0,3.5,1,2,6,0,0,17.76,0.766,91.4
2025-02-19 06:00:00,OP0026,M0042,T00212,0.254,1496.0,2054.0,1.9,0,0,28,0,1,19.34,,52.8
2025-02-19 06:18:00,OP0044,M0021,T00636,0.263,1712.0,2389.0,4.5,0,0,6,1,1,12.25,,69.8
2025-02-19 07:00:00,OP0003,M0003,,0.285,1630.0,2020.0,6.2,0,0,9,0,0,28.25,0.673,79.3
2025-02-19 07:00:00,OP0007,M0007,,0.249,1844.0,2050.0,4.7,1,0,3,0,1,10.0,0.498,69.3
2025-02-19 07:43:00,OP0007,M0021,T00043,0.412,1332.0,2068.0,3.4,0,0,19,0,1,8.76,,53.3
2025-02-19 08:00:00,OP0053,M0042,,0.163,2441.0,2600.0,3.2,3,1,10,1,0,21.45,0.923,60.2
2025-02-19 08:09:00,OP0002,M0016,T00763,0.128,1835.0,2353.0,2.8,0,0,20,0,0,10.38,,75.2
2025-02-19 08:29:00,OP0019,M0007,T00571,0.344,1512.0,2196.0,2.4,0,0,7,1,0,7.41,,79.2
2025-02-19 09:00:00,OP0033,M0005,,0.153,1691.0,1826.0,6.4,1,2,12,0,0,15.09,0.936,68.4
2025-02-19 10:00:00,OP0022,M0028,,0.041,1718.0,1988.0,1.8,0,1,6,0,0,21.38,0.831,90.0
2025-02-19 10:15:00,OP0034,M0028,T00275,0.221,1431.0,1956.0,1.4,0,0,14,1,0,13.88,,74.5
2025-02-19 11:00:00,OP0006,M0041,,0.088,2500.0,2600.0,6.2,3,1,6,2,0,10.0,0.976,67.6
2025-02-19 11:00:00,OP0010,M0022,,0.035,1988.0,2149.0,10.4,1,0,10,0,0,17.82,0.849,91.2
2025-02-19 12:00:00,OP0031,M0035,,0.01,2271.0,2529.0,12.6,2,0,6,1,1,14.69,0.581,77.6
2025-02-19 12:00:00,OP0053,M0037,,0.198,2500.0,2600.0,3.9,0,0,10,0,0,10.9,0.897,81.0
2025-02-19 12:13:00,OP0048,M0036,T00153,0.271,1458.0,1977.0,2.7,0,0,37,0,2,18.22,,25.7
2025-02-19 13:00:00,OP0022,M0026,,0.021,1724.0,1871.0,8.4,1,1,6,0,0,8.03,0.703,91.4
2025-02-19 13:00:00,OP0011,M0006,,0.138,1844.0,2127.0,6.2,0,1,8,1,3,11.64,0.467,48.1
2025-02-19 14:00:00,OP0027,M0028,,0.262,1530.0,1835.0,4.5,1,0,7,0,3,11.51,0.734,50.1
2025-02-20 06:00:00,OP0004,M0007,,0.129,2359.0,2600.0,6.7,0,1,6,0,0,9.19,0.838,86.1
2025-02-20 08:00:00,OP0029,M0008,,0.199,1579.0,1686.0,3.2,1,1,10,0,2,24.25,0.582,55.9
2025-02-20 08:25:00,OP0034,M0026,T00145,0.116,1611.0,1982.0,5.2,0,0,0,0,0,11.69,,93.5
2025-02-20 09:00:00,OP0019,M0035,,0.166,1920.0,2022.0,10.6,0,3,6,2,0,16.84,0.558,67.6
2025-02-20 10:00:00,OP0004,M0040,,0.069,2128.0,2465.0,3.4,0,0,7,0,0,13.96,0.754,88.2
2025-02-20 10:00:00,OP0026,M0036,,0.172,1727.0,1980.0,4.6,1,2,5,0,0,29.01,0.818,78.8
2025-02-20 10:00:00,OP0047,M0042,,0.019,2500.0,2600.0,1.1,0,0,9,1,1,12.67,0.878,80.3
2025-02-20 11:00:00,OP0017,M0021,,0.12,2099.0,2270.0,8.4,1,0,4,1,0,8.12,0.897,79.5
2025-02-20 12:00:00,OP0019,M0023,,0.257,1682.0,1824.0,6.3,0,0,5,1,0,23.45,0.421,76.7
2025-02-20 12:00:00,OP0014,M0022,,0.047,1652.0,1789.0,9.1,0,1,9,0,1,15.46,1.032,77.9
2025-02-20 12:24:00,OP0026,M0001,T00003,0.312,1477.0,2157.0,1.4,0,0,19,2,1,15.06,,42.3
2025-02-20 13:00:00,OP0005,M0005,,0.227,2131.0,2335.0,20.9,0,1,5,0,1,32.54,0.631,75.1
2025-02-20 14:00:00,OP0055,M0032,,0.198,1553.0,1686.0,1.1,1,2,9,3,2,11.81,0.787,29.8
2025-02-20 14:00:00,OP0026,M0031,,0.128,1740.0,1913.0,7.5,0,0,6,0,0,16.33,0.922,91.9
2025-02-20 15:00:00,OP0031,M0006,,0.01,1895.0,2001.0,2.5,1,0,7,0,1,8.73,0.528,86.1
2025-02-20 15:00:00,OP0016,M0024,,0.261,1873.0,2217.0,1.8,0,0,9,0,0,9.17,0.865,74.6
2025-02-21 06:00:00,OP0052,M0004,,0.228,1914.0,2039.0,8.3,3,0,5,0,0,7.93,0.729,76.2
2025-02-21 07:20:00,OP0045,M0015,T00106,0.39,1450.0,2215.0,1.1,0,0,0,0,1,15.18,,69.8
2025-02-21 08:00:00,OP0009,M0009,,0.332,1493.0,1670.0,2.1,0,2,7,0,0,21.89,0.685,70.8
2025-02-21 09:00:00,OP0024,M0035,,0.151,1829.0,2016.0,12.9,0,1,5,0,0,16.28,0.639,82.8
2025-02-21 12:00:00,OP0050,M0004,,0.087,1969.0,2336.0,10.8,0,1,9,0,0,7.77,0.802,90.3
2025-02-21 13:00:00,OP0014,M0004,,0.123,1606.0,1787.0,12.5,0,0,8,0,0,11.37,1.048,87.5
2025-02-21 13:00:00,OP0055,M0001,,0.189,2056.0,2416.0,1.4,0,0,8,1,1,9.73,0.677,71.6
2025-02-21 13:00:00,OP0046,M0015,,0.258,1911.0,2194.0,1.4,1,1,6,1,1,13.52,0.638,64.1
2025-02-21 15:00:00,OP0037,M0016,,0.152,2468.0,2600.0,2.9,1,0,4,0,1,13.47,0.597,72.7
2025-02-21 15:00:00,OP0020,M0037,,0.211,1687.0,1917.0,2.2,0,1,6,0,1,11.52,0.569,76.4
2025-02-22 06:00:00,OP0006,M0009,,0.098,2223.0,2595.0,2.6,5,1,8,0,0,6.03,0.943,73.3
2025-02-22 06:00:00,OP0028,M0006,,0.219,1896.0,2027.0,3.5,1,2,4,0,0,12.29,0.755,70.8
2025-02-22 06:01:00,OP0020,M0022,T00150,0.317,1393.0,2017.0,12.0,1,1,6,3,0,18.33,,52.7
2025-02-22 07:00:00,OP0032,M0024,,0.1,1839.0,2022.0,6.4,1,0,4,1,0,13.74,0.991,84.0
2025-02-22 07:41:00,OP0025,M0037,T00823,0.392,1477.0,2209.0,2.0,1,0,4,1,1,7.61,,49.5
2025-02-22 08:00:00,OP0040,M0019,,0.052,1865.0,2234.0,9.4,1,0,2,0,0,3.68,0.655,98.4
2025-02-22 09:00:00,OP0018,M0008,,0.123,1469.0,1730.0,4.0,2,0,13,0,0,15.83,0.859,78.9
2025-02-22 09:00:00,OP0035,M0011,,0.132,1599.0,1913.0,6.8,2,0,4,0,1,4.66,0.997,79.9
2025-02-22 09:00:00,OP0047,M0006,,0.019,2438.0,2600.0,1.9,1,0,9,2,0,8.83,1.098,70.2
2025-02-22 09:00:00,OP0020,M0020,,0.207,1788.0,2119.0,7.5,0,0,6,0,0,7.68,0.3,90.2
2025-02-22 09:00:00,OP0035,M0007,,0.07,1696.0,1803.0,6.4,0,0,7,0,0,11.65,0.881,96.0
2025-02-22 09:15:00,OP0008,M0019,T00452,0.212,2299.0,3343.0,2.3,0,0,3,1,3,11.18,,49.3
2025-02-22 10:00:00,OP0007,M0030,,0.209,1777.0,2145.0,1.1,1,1,4,1,0,16.78,0.478,67.4
2025-02-22 10:00:00,OP0048,M0009,,0.115,1796.0,2013.0,2.4,0,0,6,0,0,18.59,0.769,90.4
2025-02-22 10:00:00,OP0009,M0001,,0.271,1610.0,2009.0,4.8,1,1,10,1,1,11.06,0.633,59.9
2025-02-22 10:00:00,OP0021,M0003,,0.173,1829.0,2136.0,5.9,0,0,5,0,2,15.65,0.721,65.9
2025-02-22 10:00:00,OP0014,M0002,,0.09,1998.0,2353.0,4.2,1,2,7,1,0,19.17,1.062,78.5
2025-02-22 10:00:00,OP0052,M0025,,0.192,2294.0,2547.0,5.7,2,0,4,0,2,19.45,0.497,63.6
2025-02-22 11:00:00,OP0026,M0008,,0.045,1752.0,1856.0,2.6,2,3,4,1,0,17.27,0.92,75.2
2025-02-22 12:00:00,OP0013,M0024,,0.056,1780.0,1946.0,4.1,1,0,5,0,1,18.75,0.458,82.7
2025-02-22 12:00:00,OP0053,M0029,,0.055,2500.0,2600.0,1.4,0,1,6,0,1,14.56,0.772,81.6
2025-02-22 13:00:00,OP0030,M0019,,0.162,1805.0,2182.0,4.5,1,2,5,1,0,6.33,0.769,77.8
2025-02-22 13:00:00,OP0019,M0012,,0.363,1888.0,2167.0,19.0,0,1,13,0,0,26.91,0.47,63.2
2025-02-22 13:00:00,OP0035,M0022,,0.01,1935.0,2334.0,3.7,0,0,6,0,0,14.5,0.816,100.0
2025-02-22 14:00:00,OP0002,M0021,,0.06,1784.0,2095.0,11.9,0,1,4,0,0,9.1,0.905,89.7
2025-02-22 14:00:00,OP0046,M0010,,0.282,1769.0,1925.0,16.2,0,1,5,1,1,13.57,0.774,61.8
2025-02-22 15:00:00,OP0007,M0017,,0.146,1675.0,1864.0,2.2,2,0,3,0,1,16.99,0.689,69.9
2025-02-23 06:00:00,OP0040,M0023,,0.128,1717.0,1829.0,6.0,1,0,8,0,0,8.34,0.988,89.4
2025-02-23 06:00:00,OP0025,M0010,,0.05,1845.0,2044.0,25.3,1,1,3,0,0,13.95,0.892,89.7
2025-02-23 07:00:00,OP0013,M0039,,0.119,1643.0,1860.0,3.1,1,1,7,2,1,20.62,0.715,60.5
2025-02-23 07:52:00,OP0007,M0018,T00308,0.317,1359.0,1958.0,1.5,0,0,3,0,0,12.99,,80.5
2025-02-23 09:00:00,OP0037,M0007,,0.155,2269.0,2446.0,5.4,0,0,6,0,1,11.63,0.574,79.3
2025-02-23 09:00:00,OP0032,M0037,,0.121,1861.0,2183.0,4.7,0,1,6,0,0,10.59,0.928,90.2
2025-02-23 09:21:00,OP0054,M0021,T00757,0.15,1782.0,2321.0,4.2,0,0,33,0,0,12.52,,69.2
2025-02-23 10:00:00,OP0007,M0038,,0.29,1682.0,1784.0,4.1,0,1,4,0,0,24.07,0.377,80.6
2025-02-23 11:00:00,OP0045,M0013,,0.262,2191.0,2522.0,1.6,3,0,5,3,1,11.4,0.415,47.3
2025-02-23 11:00:00,OP0052,M0029,,0.223,2047.0,2211.0,1.7,2,1,6,0,2,18.56,0.689,57.3
2025-02-23 12:00:00,OP0041,M0041,,0.244,2017.0,2201.0,4.8,1,5,7,0,3,5.87,0.741,34.2
2025-02-23 12:00:00,OP0023,M0022,,0.28,2020.0,2171.0,17.2,1,0,6,1,0,14.32,0.397,62.0
2025-02-23 13:00:00,OP0026,M0038,,0.128,1712.0,1852.0,4.9,0,0,5,0,0,17.55,0.984,92.7
2025-02-23 13:00:00,OP0045,M0042,,0.279,1851.0,2051.0,6.7,1,0,7,0,1,29.52,0.577,66.0
2025-02-23 13:00:00,OP0004,M0014,,0.01,2006.0,2370.0,26.4,1,0,7,0,0,10.6,0.913,94.2
2025-02-23 14:00:00,OP0021,M0003,,0.208,1913.0,2281.0,6.1,0,0,2,0,2,19.35,0.804,72.3
2025-02-23 14:00:00,OP0041,M0019,,0.298,1633.0,1857.0,1.9,0,2,8,0,2,10.06,0.562,51.5
2025-02-23 14:00:00,OP0034,M0033,,0.197,1503.0,1787.0,8.2,2,2,9,0,0,8.73,0.769,70.6
2025-02-23 15:00:00,OP0008,M0033,,0.265,2500.0,2600.0,5.1,0,0,6,0,0,10.55,0.337,88.2
2025-02-23 15:00:00,OP0048,M0030,,0.01,1625.0,1940.0,2.6,2,2,3,0,1,17.3,0.71,83.7
2025-02-23 15:00:00,OP0052,M0034,,0.249,1877.0,2249.0,4.4,0,1,5,1,0,9.43,0.813,69.5
2025-02-23 15:00:00,OP0042,M0029,,0.068,1364.0,1744.0,2.0,1,0,5,3,0,12.44,0.861,67.5
2025-02-24 06:00:00,OP0039,M0037,,0.1,1889.0,2024.0,1.2,0,0,9,1,0,10.06,0.871,84.8
2025-02-24 06:51:00,OP0037,M0042,T00393,0.225,1856.0,2531.0,2.9,1,0,32,0,1,23.77,,45.5
2025-02-24 07:00:00,OP0008,M0031,,0.229,2500.0,2600.0,12.5,1,1,3,0,0,15.5,0.502,81.4
2025-02-24 07:00:00,OP0011,M0031,,0.309,1717.0,2088.0,10.2,1,1,4,0,1,19.9,0.477,64.2
2025-02-24 07:00:00,OP0040,M0026,,0.01,1784.0,1926.0,3.1,0,1,5,0,0,12.97,0.792,92.1
2025-02-24 08:00:00,OP0015,M0038,,0.152,1466.0,1711.0,1.4,0,1,7,1,0,15.97,0.319,79.5
2025-02-24 08:00:00,OP0023,M0008,,0.142,1883.0,2001.0,3.5,3,1,4,3,0,19.72,0.47,60.6
2025-02-24 08:04:00,OP0020,M0017,T00807,0.263,1440.0,1981.0,4.7,0,2,23,1,0,9.77,,51.6
2025-02-24 08:23:00,OP0055,M0001,T00803,0.297,1475.0,2131.0,1.4,0,0,0,1,1,13.89,,61.7
2025-02-24 08:48:00,OP0004,M0033,T00274,0.286,1635.0,2261.0,5.1,1,0,5,0,0,11.11,,78.8
2025-02-24 09:00:00,OP0044,M0006,,0.163,2124.0,2406.0,10.5,2,2,13,0,0,10.13,0.872,65.1
2025-02-24 09:00:00,OP0053,M0005,,0.123,2500.0,2600.0,24.2,0,0,6,0,0,24.14,0.616,92.9
2025-02-24 09:00:00,OP0003,M0042,,0.244,1659.0,1811.0,3.5,2,0,8,0,0,11.02,0.788,68.9
2025-02-24 10:00:00,OP0042,M0033,,0.171,1660.0,1846.0,11.5,1,0,3,1,0,6.04,0.835,78.8
2025-02-24 10:00:00,OP0014,M0017,,0.202,1692.0,1883.0,10.0,0,0,6,0,0,6.91,0.979,83.6
2025-02-24 11:00:00,OP0011,M0013,,0.143,1958.0,2250.0,6.7,3,2,6,1,0,5.74,0.543,62.9
2025-02-24 11:00:00,OP0010,M0028,,0.089,2204.0,2515.0,1.7,0,3,4,0,0,19.09,0.711,85.6
2025-02-24 12:00:00,OP0023,M0040,,0.222,1911.0,2155.0,3.5,2,1,3,1,0,11.63,0.331,76.2
2025-02-24 13:00:00,OP0001,M0022,,0.168,1805.0,1971.0,4.0,0,2,4,0,0,31.1,0.935,81.0
2025-02-24 13:19:00,OP0034,M0015,T00209,0.297,1372.0,1956.0,1.5,0,0,23,3,0,14.25,,34.1
2025-02-24 14:00:00,OP0008,M0008,,0.187,2409.0,2600.0,2.0,1,1,6,3,0,9.13,0.3,55.1
2025-02-24 15:00:00,OP0043,M0035,,0.027,1772.0,2162.0,9.8,0,0,8,1,0,11.18,1.111,80.4
2025-02-25 06:00:00,OP0019,M0033,,0.314,1911.0,2091.0,11.0,2,0,7,3,2,11.95,0.456,34.0
2025-02-25 06:00:00,OP0002,M0016,,0.182,1767.0,2155.0,1.9,2,0,3,0,0,9.57,0.741,77.1
2025-02-25 06:00:00,OP0044,M0016,,0.065,2222.0,2354.0,3.5,0,2,8,1,0,9.9,0.862,75.8
2025-02-25 08:00:00,OP0049,M0036,,0.203,1667.0,1967.0,5.5,0,0,2,0,0,24.95,0.724,87.6
2025-02-25 08:00:00,OP0045,M0008,,0.279,2208.0,2551.0,4.1,0,1,3,1,1,12.18,0.657,59.9
2025-02-25 08:00:00,OP0001,M0035,,0.032,1967.0,2268.0,11.6,1,0,6,1,0,12.92,0.883,82.2
2025-02-25 08:00:00,OP0009,M0033,,0.311,1619.0,1888.0,8.4,0,1,3,1,0,9.85,0.56,67.7
2025-02-25 09:00:00,OP0032,M0026,,0.099,1776.0,1886.0,2.9,0,1,5,1,0,14.59,1.018,83.0
2025-02-25 09:00:00,OP0025,M0029,,0.181,1819.0,1987.0,1.1,0,1,3,2,0,23.41,1.112,72.5
2025-02-25 10:00:00,OP0047,M0022,,0.123,2427.0,2600.0,2.1,0,0,7,0,1,26.58,0.899,84.8
2025-02-25 10:00:00,OP0033,M0018,,0.13,1615.0,1839.0,3.4,0,0,1,1,0,12.33,0.915,85.3
2025-02-25 12:00:00,OP0022,M0033,,0.142,1686.0,1820.0,6.3,0,2,6,3,1,10.1,0.69,51.0
2025-02-25 12:00:00,OP0004,M0034,,0.084,1845.0,2041.0,2.2,1,0,2,0,0,16.21,0.969,92.5
2025-02-25 12:00:00,OP0044,M0033,,0.148,2036.0,2243.0,2.5,0,0,4,0,0,10.58,0.922,90.6
2025-02-25 12:00:00,OP0011,M0039,,0.241,1590.0,1967.0,3.9,2,0,9,1,2,13.87,0.55,52.2
2025-02-25 14:00:00,OP0006,M0024,,0.126,2348.0,2487.0,5.7,2,0,3,1,0,7.31,0.904,77.0
2025-02-25 14:00:00,OP0013,M0030,,0.071,1732.0,1865.0,4.6,0,0,4,0,1,7.11,0.631,90.3
2025-02-25 15:00:00,OP0025,M0027,,0.163,1702.0,1876.0,1.5,0,0,1,0,1,13.09,0.981,80.4
2025-02-26 08:00:00,OP0003,M0028,,0.215,1710.0,1937.0,2.8,1,2,14,0,0,19.56,0.565,68.1
2025-02-26 08:00:00,OP0013,M0009,,0.168,1740.0,2090.0,3.8,1,0,5,0,0,19.69,0.673,78.5
2025-02-26 09:00:00,OP0003,M0016,,0.156,1895.0,2232.0,3.3,0,0,11,0,0,11.61,0.795,81.6
2025-02-26 10:00:00,OP0035,M0017,,0.026,1447.0,1726.0,2.5,0,1,4,0,1,11.45,1.033,82.0
2025-02-26 10:00:00,OP0007,M0029,,0.289,1413.0,1525.0,3.5,0,0,9,2,1,16.16,0.528,54.7
2025-02-26 11:00:00,OP0037,M0011,,0.151,2500.0,2600.0,3.6,1,0,4,0,0,9.34,0.563,81.7
2025-02-26 11:00:00,OP0032,M0038,,0.079,1849.0,2197.0,4.5,0,2,4,1,0,15.29,0.898,78.1
2025-02-26 11:00:00,OP0004,M0012,,0.105,1925.0,2290.0,25.7,0,3,8,0,0,23.12,0.924,79.1
2025-02-26 11:12:00,OP0019,M0025,T00696,0.258,1570.0,2248.0,3.3,0,0,21,2,2,13.98,,36.8
2025-02-26 13:00:00,OP0005,M0010,,0.256,2004.0,2368.0,25.1,1,1,5,0,0,22.3,0.75,84.5
2025-02-26 13:00:00,OP0043,M0001,,0.144,1915.0,2260.0,2.4,1,1,5,0,0,23.78,0.889,88.1
2025-02-26 14:00:00,OP0044,M0042,,0.135,1840.0,1985.0,4.4,0,2,6,0,0,10.93,1.058,89.9
2025-02-26 14:00:00,OP0045,M0040,,0.356,1981.0,2172.0,10.3,2,2,14,0,1,15.73,0.438,46.4
2025-02-26 14:00:00,OP0045,M0041,,0.315,2293.0,2506.0,1.6,0,1,8,0,1,9.41,0.699,69.7
2025-02-26 15:00:00,OP0038,M0015,,0.233,1913.0,2241.0,4.3,0,0,7,0,0,26.09,0.558,82.3
2025-02-26 15:00:00,OP0031,M0036,,0.103,1781.0,1926.0,6.1,2,0,4,0,1,22.1,0.57,76.4
2025-02-26 15:00:00,OP0017,M0030,,0.21,2265.0,2434.0,4.4,0,0,5,0,0,14.99,0.902,87.9
2025-02-27 06:00:00,OP0049,M0025,,0.232,1838.0,2194.0,6.2,2,1,1,0,0,8.87,0.893,75.5
2025-02-27 06:55:00,OP0044,M0027,T00479,0.225,1646.0,2252.0,1.5,0,0,25,0,0,17.08,,66.5
2025-02-27 07:00:00,OP0038,M0024,,0.254,1986.0,2325.0,1.3,2,1,2,0,0,14.78,0.638,78.2
2025-02-27 08:00:00,OP0015,M0006,,0.306,1890.0,2158.0,4.5,1,0,2,0,0,5.41,0.31,73.3
2025-02-27 09:00:00,OP0044,M0040,,0.08,2306.0,2416.0,6.3,1,0,6,0,0,17.19,0.857,82.0
2025-02-27 10:00:00,OP0013,M0021,,0.21,1784.0,1998.0,6.0,1,0,9,1,1,11.59,0.865,62.7
2025-02-27 10:00:00,OP0039,M0003,,0.16,1648.0,1785.0,6.3,1,0,4,0,0,20.76,0.996,85.5
2025-02-27 10:00:00,OP0008,M0019,,0.371,2500.0,2600.0,11.6,1,0,12,1,2,4.54,0.387,48.0
2025-02-27 11:00:00,OP0023,M0015,,0.208,1652.0,1968.0,2.3,0,1,6,0,0,9.63,0.664,84.2
2025-02-27 11:00:00,OP0024,M0032,,0.176,1770.0,1902.0,1.9,0,2,5,0,1,20.0,0.695,70.1
2025-02-27 11:00:00,OP0013,M0013,,0.105,2050.0,2309.0,9.4,1,0,6,1,0,8.96,0.638,76.6
2025-02-27 12:00:00,OP0004,M0014,,0.054,2095.0,2288.0,13.9,0,2,5,1,0,24.46,0.882,88.9
2025-02-27 12:00:00,OP0021,M0038,,0.193,1595.0,1846.0,1.5,1,0,7,0,1,22.55,0.823,68.6
2025-02-27 12:00:00,OP0033,M0030,,0.129,1560.0,1905.0,1.8,1,1,4,0,0,14.87,0.817,84.8
2025-02-27 13:55:00,OP0026,M0025,T00317,0.154,1778.0,2363.0,2.9,0,0,44,1,0,15.96,,46.7
2025-02-27 14:00:00,OP0055,M0023,,0.161,1853.0,2126.0,9.5,0,0,7,2,1,8.66,0.857,59.4
2025-02-27 14:00:00,OP0009,M0013,,0.392,1633.0,1816.0,1.2,3,2,7,2,0,13.71,0.716,39.8
2025-02-27 14:00:00,OP0046,M0003,,0.282,1639.0,1805.0,6.1,0,2,6,0,1,17.82,0.57,60.9
2025-02-27 15:00:00,OP0032,M0006,,0.115,1883.0,2042.0,2.9,0,0,11,0,0,6.0,0.873,86.8
2025-02-27 15:00:00,OP0006,M0032,,0.016,1809.0,2003.0,5.5,0,1,7,0,0,22.85,0.904,93.5
2025-02-27 15:00:00,OP0038,M0026,,0.155,1882.0,2010.0,4.5,1,0,6,0,0,9.45,0.514,89.5
2025-02-28 07:00:00,OP0031,M0019,,0.074,2415.0,2600.0,8.0,0,1,7,0,1,6.04,0.49,84.5
2025-02-28 08:00:00,OP0015,M0007,,0.335,1707.0,1862.0,7.9,3,0,7,0,0,14.94,0.399,64.2
2025-02-28 08:00:00,OP0004,M0038,,0.017,1880.0,2239.0,6.7,1,0,3,0,0,18.19,0.916,91.1
2025-02-28 08:00:00,OP0052,M0028,,0.192,1866.0,2186.0,3.9,1,0,4,1,1,18.91,0.673,65.6
2025-02-28 08:00:00,OP0003,M0024,,0.248,1954.0,2265.0,13.0,1,0,9,0,0,12.07,0.673,76.9
2025-02-28 09:00:00,OP0047,M0013,,0.023,2388.0,2600.0,3.3,0,0,5,0,1,9.26,1.053,92.3
2025-02-28 09:00:00,OP0008,M0034,,0.264,2355.0,2600.0,2.0,0,3,6,2,0,20.35,0.359,66.1
2025-02-28 09:00:00,OP0034,M0026,,0.31,1620.0,1935.0,10.3,0,0,6,0,0,10.56,0.825,79.3
2025-02-28 09:00:00,OP0022,M0008,,0.065,1782.0,1939.0,4.7,0,1,10,0,0,17.27,0.723,87.4
2025-02-28 09:00:00,OP0054,M0006,,0.105,1842.0,2050.0,1.5,0,0,6,1,0,9.42,0.66,81.6
2025-02-28 10:00:00,OP0025,M0039,,0.208,1724.0,1852.0,4.5,2,0,2,0,0,8.22,1.032,85.2
2025-02-28 11:00:00,OP0041,M0020,,0.217,2174.0,2562.0,3.3,1,1,7,0,0,7.32,0.811,74.5
2025-02-28 11:00:00,OP0031,M0021,,0.026,1969.0,2281.0,7.8,1,0,5,0,1,11.62,0.642,86.9
2025-02-28 12:00:00,OP0019,M0016,,0.21,1910.0,2193.0,3.8,0,1,4,2,1,8.0,0.433,54.7
2025-02-28 12:00:00,OP0047,M0024,,0.048,2500.0,2600.0,6.9,0,3,6,1,0,9.03,0.872,72.9
2025-02-28 12:55:00,OP0007,M0038,T00112,0.158,1459.0,1880.0,2.7,1,0,24,2,3,18.55,,19.9
2025-02-28 14:00:00,OP0031,M0022,,0.01,2111.0,2224.0,9.9,0,1,7,0,1,10.12,0.845,89.6
2025-02-28 14:00:00,OP0016,M0041,,0.229,2166.0,2281.0,4.9,0,3,7,0,0,11.49,0.806,71.9
2025-02-28 15:00:00,OP0039,M0004,,0.111,2135.0,2448.0,11.9,0,2,9,0,0,8.88,0.78,83.9
2025-02-28 15:00:00,OP0043,M0014,,0.01,1608.0,1770.0,22.7,0,0,10,0,0,16.1,0.945,98.4
2025-03-01 06:00:00,OP0022,M0016,,0.12,2178.0,2287.0,6.2,1,0,13,0,0,13.1,0.738,79.8
2025-03-01 06:00:00,OP0047,M0003,,0.043,1903.0,2154.0,1.8,1,0,8,0,0,21.43,1.025,91.9
2025-03-01 06:00:00,OP0048,M0003,,0.154,1649.0,1787.0,1.3,0,0,6,0,1,15.4,0.568,72.3
2025-03-01 06:49:00,OP0008,M0039,T00350,0.294,1907.0,2713.0,0.9,0,0,0,0,0,20.22,,81.8
2025-03-01 07:00:00,OP0042,M0017,,0.01,1702.0,1836.0,5.2,0,0,12,2,0,10.53,0.863,69.6
2025-03-01 07:00:00,OP0048,M0003,,0.106,1646.0,1895.0,5.1,1,0,8,0,0,20.22,0.649,91.0
2025-03-01 07:00:00,OP0042,M0015,,0.218,1543.0,1732.0,1.2,0,1,6,1,0,13.31,0.777,77.6
2025-03-01 08:00:00,OP0031,M0015,,0.098,1764.0,2050.0,4.3,1,1,8,0,0,17.35,0.595,83.8
2025-03-01 09:00:00,OP0055,M0028,,0.194,1889.0,2253.0,3.6,1,0,3,0,0,12.83,0.756,92.2
2025-03-01 10:00:00,OP0049,M0001,,0.278,1738.0,2002.0,3.7,0,3,8,1,0,12.76,0.686,65.6
2025-03-01 11:00:00,OP0040,M0005,,0.087,1798.0,2083.0,20.9,0,1,2,0,0,25.33,0.907,89.7
2025-03-01 11:17:00,OP0036,M0012,T00260,0.163,1852.0,2459.0,10.4,0,0,32,1,0,24.99,,52.4
2025-03-01 12:00:00,OP0011,M0023,,0.342,1748.0,1947.0,13.5,0,3,2,4,0,12.25,0.518,45.7
2025-03-01 13:00:00,OP0054,M0041,,0.01,2176.0,2497.0,7.7,1,0,9,0,1,9.29,0.698,86.4
2025-03-01 13:00:00,OP0017,M0014,,0.105,2148.0,2347.0,23.7,0,0,7,0,0,19.42,0.779,89.6
2025-03-01 13:00:00,OP0013,M0020,,0.121,2198.0,2564.0,9.6,1,1,10,1,0,10.9,0.696,73.9
2025-03-01 14:00:00,OP0049,M0024,,0.156,2063.0,2457.0,11.6,1,2,5,0,0,20.76,0.77,90.4
2025-03-01 14:00:00,OP0046,M0033,,0.313,1986.0,2323.0,2.2,1,1,9,2,0,16.56,0.641,63.3
2025-03-01 14:00:00,OP0046,M0032,,0.197,1726.0,1901.0,3.5,1,0,9,0,1,27.71,0.688,74.8
2025-03-01 14:31:00,OP0012,M0029,T00013,0.256,1511.0,1968.0,3.1,0,0,9,0,0,19.09,,81.0
2025-03-01 15:00:00,OP0021,M0028,,0.142,1754.0,2097.0,3.7,2,2,2,0,0,14.59,0.901,77.4
2025-03-01 15:47:00,OP0047,M0013,T00820,0.198,2236.0,3247.0,2.5,0,0,9,0,0,11.24,,85.1
2025-03-02 08:00:00,OP0035,M0013,,0.01,1688.0,1900.0,11.1,0,0,6,0,1,4.66,0.957,94.4
2025-03-02 08:00:00,OP0014,M0019,,0.104,1917.0,2271.0,6.2,1,0,8,0,1,10.16,0.932,74.2
2025-03-02 08:00:00,OP0050,M0027,,0.061,1616.0,2015.0,3.6,1,1,5,0,0,17.49,1.128,89.2
2025-03-02 09:00:00,OP0021,M0030,,0.128,1652.0,1810.0,2.3,0,1,7,0,0,15.78,0.905,84.7
2025-03-02 09:00:00,OP0034,M0038,,0.123,1776.0,2015.0,4.2,1,0,10,0,0,18.23,0.897,92.0
2025-03-02 09:00:00,OP0014,M0039,,0.096,1863.0,2072.0,1.3,0,0,6,0,0,13.74,0.878,86.6
2025-03-02 09:00:00,OP0014,M0023,,0.19,1817.0,2171.0,1.9,2,1,3,1,0,20.02,0.899,73.3
2025-03-02 09:00:00,OP0025,M0022,,0.255,1925.0,2060.0,5.8,1,1,3,0,1,15.49,0.846,66.0
2025-03-02 11:00:00,OP0040,M0034,,0.069,1481.0,1633.0,3.7,2,1,10,0,0,22.26,0.682,80.4
2025-03-02 12:00:00,OP0027,M0018,,0.207,1568.0,1776.0,1.6,1,1,4,2,1,17.0,0.632,56.9
2025-03-02 13:00:00,OP0025,M0034,,0.215,1866.0,1978.0,2.8,0,1,8,0,0,14.38,0.957,83.6
2025-03-02 13:00:00,OP0048,M0018,,0.097,1823.0,1952.0,3.1,0,1,5,0,1,9.83,0.635,80.1
2025-03-02 13:00:00,OP0046,M0006,,0.244,2125.0,2425.0,6.1,0,0,6,1,0,10.38,0.641,79.5
2025-03-02 13:21:00,OP0015,M0026,T00380,0.354,1293.0,1897.0,3.3,0,0,25,2,0,8.29,,43.5
2025-03-02 14:00:00,OP0011,M0029,,0.168,1967.0,2352.0,2.7,0,0,4,1,2,20.18,0.599,56.2
2025-03-02 14:53:00,OP0054,M0031,T00731,0.196,1758.0,2427.0,3.1,0,0,26,0,1,16.25,,53.6
2025-03-02 15:00:00,OP0043,M0005,,0.01,2201.0,2418.0,17.1,2,0,5,0,1,17.6,0.9,82.1
2025-03-03 06:00:00,OP0018,M0032,,0.132,1621.0,1897.0,2.8,0,1,7,0,0,20.43,0.824,91.1
2025-03-03 06:00:00,OP0034,M0012,,0.176,1647.0,1957.0,1.7,0,3,6,1,0,25.94,0.73,72.0
2025-03-03 06:00:00,OP0013,M0005,,0.086,1924.0,2185.0,28.2,0,1,6,1,1,30.93,0.818,78.4
2025-03-03 06:00:00,OP0039,M0015,,0.104,1535.0,1783.0,4.5,1,1,7,1,0,14.93,0.726,78.3
2025-03-03 06:36:00,OP0029,M0005,T00540,0.183,1702.0,2260.0,12.6,0,0,44,0,2,22.18,,29.2
2025-03-03 07:00:00,OP0032,M0007,,0.174,2035.0,2379.0,4.4,2,1,11,1,0,10.65,0.971,67.5
2025-03-03 09:00:00,OP0019,M0027,,0.178,1653.0,2006.0,4.6,0,1,7,0,1,20.36,0.583,78.7
2025-03-03 09:00:00,OP0007,M0031,,0.266,1764.0,2065.0,11.7,0,0,5,0,1,22.3,0.618,80.0
2025-03-03 09:19:00,OP0042,M0002,T00761,0.317,1486.0,2225.0,2.2,0,0,15,0,1,13.11,,64.5
2025-03-03 11:00:00,OP0023,M0025,,0.253,1704.0,1873.0,2.3,0,0,7,1,1,18.58,0.346,55.9
2025-03-03 11:00:00,OP0015,M0002,,0.215,1842.0,2057.0,5.5,0,0,2,1,0,15.46,0.358,77.7
2025-03-03 14:00:00,OP0001,M0032,,0.01,1712.0,1851.0,2.4,2,0,7,0,1,25.93,1.148,85.1
2025-03-03 14:00:00,OP0003,M0037,,0.174,1839.0,2114.0,3.0,0,0,8,0,0,13.97,0.703,86.9
2025-03-03 14:00:00,OP0004,M0018,,0.016,2050.0,2182.0,1.0,0,0,8,0,0,19.53,0.914,94.8
2025-03-03 15:00:00,OP0046,M0020,,0.2,2134.0,2503.0,6.1,1,0,9,0,0,7.73,0.579,85.8
2025-03-03 15:00:00,OP0009,M0012,,0.345,1760.0,1941.0,20.2,0,0,8,2,0,24.88,0.359,56.6
2025-03-04 06:00:00,OP0018,M0028,,0.09,1647.0,2045.0,4.4,0,0,9,0,0,11.82,0.749,82.2
2025-03-04 06:06:00,OP0048,M0026,T00282,0.219,1599.0,2214.0,4.5,0,0,0,0,0,10.36,,74.8
2025-03-04 08:00:00,OP0048,M0041,,0.069,2037.0,2427.0,8.3,0,0,2,1,0,8.19,0.759,89.1
2025-03-04 08:00:00,OP0046,M0005,,0.149,1680.0,1798.0,1.6,0,0,7,1,0,26.27,0.432,84.0
2025-03-04 08:00:00,OP0008,M0029,,0.175,1921.0,2085.0,2.8,1,0,6,2,1,18.99,0.417,56.4
2025-03-04 08:00:00,OP0039,M0014,,0.186,1637.0,1878.0,26.1,0,1,12,0,0,22.54,0.819,80.9
2025-03-04 08:00:00,OP0055,M0015,,0.182,1839.0,2192.0,1.4,0,0,4,0,0,20.05,0.485,90.7
2025-03-04 08:00:00,OP0010,M0015,,0.013,2041.0,2285.0,4.5,2,2,11,1,0,17.48,0.726,78.0
2025-03-04 08:49:00,OP0008,M0042,T00324,0.263,1928.0,2786.0,2.3,0,0,32,1,2,25.79,,25.0
2025-03-04 10:00:00,OP0005,M0029,,0.194,1891.0,2035.0,4.7,1,0,7,1,0,18.62,0.722,75.7
2025-03-04 13:00:00,OP0044,M0009,,0.126,2012.0,2115.0,4.3,2,2,3,0,0,12.7,0.941,74.8
2025-03-04 13:00:00,OP0048,M0009,,0.152,1812.0,2110.0,1.6,0,2,6,0,1,17.42,0.724,71.9
2025-03-04 14:00:00,OP0022,M0013,,0.126,2275.0,2600.0,6.3,1,1,4,1,0,4.05,0.845,78.1
2025-03-04 14:00:00,OP0050,M0027,,0.167,1654.0,2015.0,3.1,0,1,9,0,1,19.03,0.983,74.9
2025-03-04 15:00:00,OP0045,M0038,,0.383,1939.0,2188.0,5.7,2,0,5,0,0,14.7,0.681,66.7
2025-03-04 15:39:00,OP0046,M0008,T00831,0.148,1686.0,2147.0,1.7,0,0,11,0,0,18.33,,86.8
2025-03-05 06:00:00,OP0003,M0012,,0.154,1726.0,1861.0,8.7,0,0,9,0,0,31.34,0.741,94.1
2025-03-05 06:00:00,OP0035,M0026,,0.01,1565.0,1820.0,5.9,0,0,4,0,0,7.4,0.813,97.8
2025-03-05 06:00:00,OP0015,M0011,,0.201,1690.0,1941.0,7.7,4,0,9,2,0,9.28,0.315,52.1
2025-03-05 07:00:00,OP0012,M0042,,0.197,1700.0,1940.0,6.6,0,1,11,0,0,26.47,0.692,85.7
2025-03-05 07:00:00,OP0002,M0009,,0.103,2003.0,2295.0,3.6,2,0,5,0,0,23.97,0.996,82.7
2025-03-05 08:00:00,OP0047,M0024,,0.069,2262.0,2505.0,13.8,0,1,4,1,0,18.61,0.894,86.7
2025-03-05 09:00:00,OP0001,M0014,,0.18,2026.0,2179.0,2.1,1,0,6,0,0,25.52,0.81,81.8
2025-03-05 10:00:00,OP0003,M0015,,0.225,1783.0,1954.0,3.7,1,1,6,0,0,16.78,0.916,78.1
2025-03-05 11:00:00,OP0051,M0008,,0.156,1817.0,1988.0,3.1,0,1,5,1,0,9.29,0.947,81.4
2025-03-05 11:00:00,OP0055,M0028,,0.077,1728.0,1853.0,1.5,0,0,2,1,1,19.65,0.786,66.2
2025-03-05 11:00:00,OP0054,M0034,,0.035,1909.0,2224.0,3.1,1,0,8,0,1,9.78,0.839,86.3
2025-03-05 12:00:00,OP0018,M0016,,0.143,1704.0,1843.0,5.1,0,3,5,0,1,11.91,0.717,67.1
2025-03-05 12:00:00,OP0017,M0032,,0.099,2117.0,2454.0,3.2,1,1,12,0,0,24.12,0.642,78.5
2025-03-05 13:00:00,OP0009,M0031,,0.257,1663.0,1941.0,8.3,0,2,6,3,0,17.15,0.588,59.3
2025-03-05 15:00:00,OP0031,M0010,,0.041,2151.0,2295.0,15.5,0,0,9,2,0,13.4,0.589,81.2
2025-03-06 06:00:00,OP0027,M0011,,0.315,1885.0,2000.0,5.5,0,2,5,3,0,8.31,0.635,56.5
2025-03-06 07:00:00,OP0042,M0037,,0.047,1963.0,2275.0,6.8,0,1,7,0,0,11.59,0.76,92.9
2025-03-06 07:00:00,OP0017,M0015,,0.061,1996.0,2159.0,4.2,0,2,4,0,2,9.3,0.638,69.5
2025-03-06 07:00:00,OP0018,M0002,,0.055,1794.0,1965.0,8.0,0,0,5,0,0,7.65,0.871,97.4
2025-03-06 07:00:00,OP0047,M0006,,0.064,2500.0,2600.0,8.9,0,0,3,0,1,10.69,1.009,84.7
2025-03-06 08:00:00,OP0007,M0005,,0.205,1812.0,2106.0,10.3,0,1,7,2,0,27.26,0.659,57.5
2025-03-06 09:00:00,OP0050,M0012,,0.076,1764.0,2001.0,25.3,0,0,2,0,0,30.31,1.091,98.5
2025-03-06 09:00:00,OP0035,M0036,,0.084,1560.0,1731.0,1.2,1,0,6,0,0,10.78,0.812,83.1
2025-03-06 10:00:00,OP0014,M0015,,0.228,1524.0,1881.0,1.3,0,3,8,1,0,16.73,0.999,65.5
2025-03-06 11:00:00,OP0023,M0032,,0.132,1692.0,2071.0,3.2,2,0,2,0,0,27.21,0.64,84.4
2025-03-06 12:00:00,OP0043,M0029,,0.057,1805.0,1936.0,7.2,2,0,7,0,0,20.17,0.951,90.2
2025-03-06 12:43:00,OP0008,M0027,T00464,0.329,1880.0,2929.0,1.3,0,0,11,0,0,19.87,,80.0
2025-03-06 13:00:00,OP0044,M0003,,0.145,1859.0,1988.0,5.8,0,0,8,0,1,25.87,0.877,75.4
2025-03-06 13:00:00,OP0046,M0030,,0.18,2034.0,2176.0,2.9,1,3,8,1,0,21.1,0.555,74.6
2025-03-06 13:00:00,OP0005,M0022,,0.198,1863.0,2220.0,21.3,2,2,6,0,0,13.09,0.748,77.4
2025-03-06 14:00:00,OP0023,M0041,,0.102,2123.0,2400.0,4.1,1,0,7,0,0,6.13,0.373,87.8
2025-03-06 14:00:00,OP0005,M0004,,0.226,2037.0,2308.0,7.6,1,0,6,2,0,12.31,0.512,59.0
2025-03-06 15:00:00,OP0030,M0032,,0.077,1538.0,1834.0,2.4,1,0,9,0,0,16.85,0.823,86.4
2025-03-06 15:00:00,OP0037,M0033,,0.121,2250.0,2370.0,8.8,1,0,6,1,0,8.51,0.56,82.3
2025-03-06 15:00:00,OP0021,M0027,,0.208,1835.0,2117.0,3.6,1,1,5,0,0,17.4,0.996,83.5
2025-03-06 15:00:00,OP0010,M0025,,0.082,2455.0,2600.0,14.5,1,0,5,0,0,18.05,0.836,100.0
2025-03-07 06:00:00,OP0043,M0040,,0.058,2012.0,2123.0,2.9,0,1,5,0,0,13.2,0.823,87.2
2025-03-07 06:22:00,OP0030,M0042,T00410,0.304,1383.0,1942.0,2.1,0,0,33,2,0,17.37,,37.3
2025-03-07 07:00:00,OP0006,M0032,,0.112,2206.0,2405.0,5.4,1,0,8,0,0,25.62,0.992,88.2
2025-03-07 07:00:00,OP0034,M0003,,0.07,1835.0,2154.0,4.0,1,0,7,1,0,18.51,0.861,75.8
2025-03-07 07:37:00,OP0012,M0034,T00645,0.179,1638.0,2199.0,1.5,0,0,10,3,3,16.26,,31.2
2025-03-07 08:00:00,OP0036,M0006,,0.074,2070.0,2336.0,7.1,1,0,9,0,0,3.78,0.41,86.1
2025-03-07 09:00:00,OP0024,M0006,,0.165,2075.0,2440.0,11.3,1,1,11,0,0,9.48,0.626,77.7
2025-03-07 09:00:00,OP0047,M0036,,0.064,1941.0,2144.0,2.7,0,0,11,0,2,26.61,0.828,69.9
2025-03-07 09:23:00,OP0049,M0030,T00404,0.375,1426.0,2176.0,1.2,0,0,9,0,0,14.02,,71.0
2025-03-07 09:30:00,OP0044,M0027,T00142,0.275,1611.0,2264.0,1.7,0,0,18,1,1,15.71,,47.3
2025-03-07 09:31:00,OP0036,M0003,T00087,0.209,1654.0,2230.0,2.4,0,0,9,1,0,22.75,,79.2
2025-03-07 10:00:00,OP0016,M0030,,0.181,1981.0,2347.0,3.9,2,0,10,0,0,21.92,0.707,79.9
2025-03-07 10:00:00,OP0011,M0019,,0.239,1738.0,1970.0,8.8,0,0,8,1,1,5.41,0.411,67.2
2025-03-07 10:41:00,OP0011,M0033,T00435,0.254,1588.0,2201.0,3.3,0,1,29,1,3,11.02,,20.2
2025-03-07 11:00:00,OP0030,M0013,,0.237,1765.0,1922.0,8.0,0,0,4,1,0,6.22,0.858,71.8
2025-03-07 11:00:00,OP0043,M0035,,0.01,1591.0,1777.0,3.2,1,1,4,0,0,11.36,0.933,96.4
2025-03-07 11:00:00,OP0028,M0002,,0.263,1811.0,2000.0,4.8,0,1,6,0,0,16.99,0.857,86.7
2025-03-07 12:00:00,OP0043,M0008,,0.085,1752.0,1962.0,3.1,0,0,5,0,0,17.12,0.987,96.5
2025-03-07 13:00:00,OP0030,M0042,,0.159,1880.0,2133.0,4.8,3,0,4,0,0,23.26,0.8,79.3
2025-03-07 14:23:00,OP0031,M0029,T00691,0.229,1605.0,2190.0,2.6,0,0,20,0,0,20.8,,74.2
2025-03-07 15:00:00,OP0025,M0003,,0.151,1325.0,1589.0,5.4,1,0,9,1,2,29.08,0.943,57.2
2025-03-07 15:00:00,OP0008,M0030,,0.204,2500.0,2600.0,4.3,0,2,2,0,1,20.65,0.528,66.8
2025-03-07 15:00:00,OP0002,M0007,,0.194,1955.0,2128.0,7.2,2,0,10,0,0,8.7,0.817,74.8
2025-03-08 06:00:00,OP0001,M0003,,0.189,1642.0,1845.0,4.2,1,1,7,0,0,20.66,0.979,73.5
2025-03-08 06:52:00,OP0036,M0022,T00707,0.06,1974.0,2438.0,16.2,0,0,21,0,0,26.96,,78.2
2025-03-08 07:00:00,OP0045,M0032,,0.399,1939.0,2081.0,3.9,1,0,7,1,0,11.87,0.656,65.1
2025-03-08 07:00:00,OP0017,M0025,,0.099,2205.0,2463.0,2.8,0,1,3,0,0,12.92,0.731,95.9
2025-03-08 07:00:00,OP0051,M0005,,0.274,1623.0,1797.0,24.6,2,0,6,0,0,29.95,0.767,80.0
2025-03-08 08:00:00,OP0049,M0039,,0.26,1691.0,1822.0,4.6,1,0,1,1,1,19.81,0.615,62.8
2025-03-08 08:00:00,OP0030,M0016,,0.173,1883.0,2198.0,2.4,0,0,8,1,0,5.06,0.534,86.7
2025-03-08 09:00:00,OP0005,M0040,,0.233,1874.0,2101.0,2.5,1,5,6,1,1,19.41,0.751,47.0
2025-03-08 09:00:00,OP0040,M0004,,0.137,2009.0,2143.0,3.4,0,0,12,0,0,9.74,0.705,84.1
2025-03-08 09:00:00,OP0019,M0004,,0.16,1642.0,1989.0,13.1,1,1,3,2,1,16.19,0.595,59.0
2025-03-08 10:00:00,OP0004,M0019,,0.01,2237.0,2450.0,6.9,1,0,3,0,0,6.26,0.757,93.0
2025-03-08 10:00:00,OP0021,M0014,,0.168,2307.0,2600.0,8.5,0,0,2,0,0,14.4,0.83,88.7
2025-03-08 11:00:00,OP0001,M0011,,0.107,1953.0,2118.0,8.0,1,0,8,0,0,11.84,0.833,85.1
2025-03-08 12:00:00,OP0042,M0031,,0.052,1532.0,1668.0,14.1,0,1,7,1,0,19.77,0.881,79.5
2025-03-08 15:00:00,OP0038,M0004,,0.242,1668.0,1977.0,1.1,1,0,5,0,0,11.2,0.643,85.5
2025-03-09 06:00:00,OP0041,M0012,,0.327,1859.0,1981.0,1.0,2,0,2,1,1,22.28,0.817,54.2
2025-03-09 06:00:00,OP0029,M0042,,0.267,1866.0,2178.0,1.8,0,0,2,0,1,23.41,0.47,83.2
2025-03-09 07:00:00,OP0005,M0024,,0.193,1973.0,2352.0,11.1,0,1,11,1,1,23.07,0.597,64.4
2025-03-09 07:00:00,OP0005,M0024,,0.132,1909.0,2292.0,14.3,1,2,8,0,0,13.01,0.714,82.0
2025-03-09 07:08:00,OP0054,M0006,T00559,0.177,1819.0,2516.0,2.7,0,0,25,0,0,9.29,,75.0
2025-03-09 08:00:00,OP0053,M0025,,0.153,2500.0,2600.0,2.8,0,1,9,1,0,14.58,1.022,76.3
2025-03-09 08:00:00,OP0025,M0019,,0.197,2110.0,2287.0,11.8,0,1,8,0,2,10.78,0.864,63.1
2025-03-09 09:00:00,OP0023,M0033,,0.144,2381.0,2600.0,11.1,1,1,9,0,0,10.98,0.47,78.7
2025-03-09 09:00:00,OP0043,M0009,,0.01,1728.0,2035.0,4.3,0,1,8,0,0,17.91,0.862,85.9
2025-03-09 09:00:00,OP0030,M0040,,0.13,1681.0,1911.0,9.3,0,2,9,0,0,16.71,0.789,87.3
2025-03-09 10:00:00,OP0034,M0042,,0.191,1462.0,1790.0,2.2,1,1,6,0,0,25.48,0.818,85.0
2025-03-09 10:00:00,OP0014,M0001,,0.204,1853.0,2145.0,1.3,0,0,4,0,0,17.95,0.978,83.5
2025-03-09 10:00:00,OP0055,M0015,,0.041,1921.0,2076.0,1.3,0,2,9,1,0,22.14,0.768,76.4
2025-03-09 10:00:00,OP0035,M0007,,0.113,1990.0,2144.0,6.0,1,2,6,0,1,5.27,0.704,66.2
2025-03-09 10:16:00,OP0042,M0027,T00570,0.433,1272.0,1934.0,1.3,0,0,14,0,1,11.8,,47.2
2025-03-09 10:35:00,OP0044,M0026,T00192,0.208,1759.0,2387.0,3.2,0,0,10,1,0,11.89,,75.8
2025-03-09 11:00:00,OP0019,M0032,,0.231,1513.0,1825.0,3.6,1,0,3,1,1,13.35,0.569,72.6
2025-03-09 12:00:00,OP0031,M0006,,0.01,2153.0,2285.0,3.0,2,0,2,2,0,9.02,0.767,77.6
2025-03-09 12:00:00,OP0050,M0016,,0.167,1824.0,2089.0,6.7,0,0,9,0,0,6.3,0.986,93.7
2025-03-09 12:07:00,OP0007,M0041,T00534,0.133,1667.0,2256.0,2.1,0,0,9,3,0,8.16,,65.0
2025-03-09 12:22:00,OP0005,M0001,T00788,0.333,1459.0,2165.0,1.4,0,0,5,0,1,13.99,,68.9
2025-03-09 14:00:00,OP0040,M0031,,0.089,1974.0,2097.0,9.5,1,0,3,0,0,21.62,0.876,91.5
2025-03-09 14:00:00,OP0010,M0015,,0.228,1547.0,1710.0,4.0,2,0,9,0,1,19.26,1.071,69.5
2025-03-09 15:00:00,OP0043,M0009,,0.01,1520.0,1863.0,4.5,0,1,6,0,0,12.61,0.997,93.1
2025-03-09 15:00:00,OP0015,M0039,,0.307,1445.0,1654.0,1.3,1,1,3,0,0,22.62,0.3,75.4
2025-03-10 06:00:00,OP0036,M0039,,0.125,2039.0,2396.0,2.4,2,0,12,2,0,21.63,0.44,66.5
2025-03-10 06:00:00,OP0002,M0037,,0.11,2110.0,2259.0,5.6,0,0,7,0,0,8.77,0.72,88.9
2025-03-10 06:12:00,OP0042,M0022,T00060,0.113,1660.0,2098.0,12.9,0,1,21,0,1,22.71,,70.5
2025-03-10 07:00:00,OP0032,M0001,,0.13,1865.0,2120.0,1.5,0,2,4,1,0,17.82,0.808,85.3
2025-03-10 07:00:00,OP0027,M0018,,0.305,1932.0,2135.0,1.3,1,0,7,0,1,13.03,0.745,65.5
2025-03-10 07:37:00,OP0041,M0015,T00523,0.221,1549.0,2141.0,1.6,0,0,14,1,5,15.18,,23.3
2025-03-10 08:00:00,OP0038,M0041,,0.212,1783.0,2109.0,4.6,0,0,6,1,0,9.58,0.502,76.2
2025-03-10 08:00:00,OP0009,M0042,,0.268,1266.0,1432.0,6.7,0,1,4,2,0,24.52,0.47,69.5
2025-03-10 09:00:00,OP0031,M0002,,0.124,2140.0,2380.0,7.3,1,0,8,0,0,9.04,0.482,85.8
2025-03-10 09:00:00,OP0027,M0034,,0.268,1515.0,1815.0,2.9,0,1,6,2,1,21.57,0.456,60.5
2025-03-10 10:00:00,OP0005,M0022,,0.232,1853.0,2195.0,25.3,1,3,8,0,0,21.2,0.67,70.5
2025-03-10 11:00:00,OP0055,M0036,,0.165,1921.0,2141.0,4.5,2,2,9,0,0,18.44,0.792,83.4
2025-03-10 11:48:00,OP0016,M0017,T00526,0.267,1708.0,2441.0,4.5,0,0,22,1,0,12.11,,65.7
2025-03-10 13:00:00,OP0046,M0027,,0.22,1910.0,2214.0,3.4,1,3,10,1,0,22.36,0.551,64.1
2025-03-10 15:00:00,OP0011,M0030,,0.194,1657.0,1918.0,1.5,0,1,6,0,0,25.21,0.61,82.9
2025-03-11 06:00:00,OP0036,M0004,,0.138,1907.0,2161.0,9.0,1,0,4,0,0,15.23,0.587,91.6
2025-03-11 07:00:00,OP0046,M0032,,0.272,2053.0,2384.0,2.8,1,1,3,1,0,18.45,0.643,69.6
2025-03-11 07:00:00,OP0053,M0024,,0.188,2500.0,2600.0,2.0,0,0,8,0,1,18.33,0.716,82.8
2025-03-11 08:00:00,OP0041,M0017,,0.237,1798.0,1924.0,9.4,0,1,3,1,2,12.91,0.509,52.9
2025-03-11 10:00:00,OP0003,M0042,,0.24,1551.0,1871.0,4.7,0,1,4,0,0,23.99,0.569,86.1
2025-03-11 10:00:00,OP0054,M0006,,0.063,2088.0,2474.0,8.2,0,2,7,0,0,10.88,0.625,90.8
2025-03-11 10:00:00,OP0012,M0012,,0.163,1848.0,2184.0,16.0,2,1,7,1,0,27.74,0.801,70.9
2025-03-11 10:00:00,OP0014,M0004,,0.064,1856.0,2111.0,9.7,0,0,6,0,0,12.78,0.837,91.1
2025-03-11 10:35:00,OP0026,M0018,T00742,0.17,1616.0,2015.0,1.3,0,0,0,0,0,15.72,,94.6
2025-03-11 11:00:00,OP0022,M0016,,0.115,1774.0,1879.0,3.7,1,0,3,0,0,6.36,0.781,91.0
2025-03-11 12:00:00,OP0027,M0026,,0.298,1561.0,1958.0,10.3,1,2,5,1,0,8.5,0.723,65.5
2025-03-11 13:00:00,OP0048,M0006,,0.163,2258.0,2407.0,4.6,0,1,3,0,0,5.78,0.697,90.2
2025-03-11 13:00:00,OP0027,M0025,,0.339,1459.0,1854.0,5.7,0,0,7,1,0,20.32,0.743,74.1
2025-03-11 13:00:00,OP0015,M0021,,0.26,1423.0,1795.0,5.6,0,0,2,0,0,12.49,0.304,82.3
2025-03-11 13:00:00,OP0009,M0030,,0.376,1962.0,2312.0,2.5,3,0,2,1,0,10.37,0.59,72.6
2025-03-11 14:00:00,OP0033,M0038,,0.197,1690.0,1846.0,7.1,0,0,8,0,1,21.31,0.808,72.9
2025-03-11 14:00:00,OP0035,M0033,,0.091,1659.0,1926.0,12.6,0,2,9,0,0,8.65,0.903,83.6
2025-03-11 14:00:00,OP0024,M0024,,0.1,2093.0,2388.0,4.6,0,0,9,0,0,16.77,0.651,93.3
2025-03-11 15:00:00,OP0017,M0004,,0.155,2052.0,2154.0,5.1,2,1,7,0,0,16.4,0.833,79.5
2025-03-11 15:00:00,OP0033,M0016,,0.076,1837.0,2146.0,2.4,1,2,7,0,1,9.16,0.966,72.1
2025-03-11 15:54:00,OP0013,M0027,T00372,0.188,1583.0,2136.0,1.5,0,0,6,1,0,15.93,,80.4
2025-03-12 06:00:00,OP0048,M0039,,0.045,1665.0,1804.0,1.9,1,1,8,0,0,17.47,0.638,83.7
2025-03-12 06:00:00,OP0017,M0007,,0.014,2323.0,2593.0,4.2,1,0,6,1,1,5.38,0.629,75.3
2025-03-12 06:00:00,OP0033,M0002,,0.135,1846.0,2198.0,13.5,0,2,7,0,0,23.01,0.997,83.7
2025-03-12 07:00:00,OP0038,M0040,,0.235,1879.0,2116.0,11.1,0,1,4,0,0,8.07,0.607,81.7
2025-03-12 08:00:00,OP0021,M0029,,0.181,1942.0,2089.0,5.3,2,0,10,0,0,27.01,0.807,83.1
2025-03-12 08:00:00,OP0002,M0021,,0.153,1692.0,1909.0,3.9,1,1,3,0,0,10.94,0.973,86.0
2025-03-12 09:00:00,OP0024,M0035,,0.184,1814.0,2200.0,6.7,1,0,3,0,0,10.86,0.621,82.5
2025-03-12 10:00:00,OP0043,M0007,,0.012,1628.0,1862.0,1.4,1,1,9,0,0,9.14,1.019,88.7
2025-03-12 11:00:00,OP0035,M0028,,0.099,1541.0,1805.0,4.7,0,0,7,0,0,18.57,0.8,89.7
2025-03-12 11:00:00,OP0024,M0030,,0.173,1583.0,1808.0,3.9,2,2,7,0,0,18.0,0.952,79.2
2025-03-12 12:00:00,OP0033,M0036,,0.162,1539.0,1821.0,5.3,0,1,3,1,0,28.68,0.747,82.5
2025-03-12 12:00:00,OP0042,M0039,,0.118,1959.0,2123.0,2.6,2,1,7,0,0,9.7,0.807,84.1
2025-03-12 13:00:00,OP0034,M0008,,0.198,1764.0,1990.0,1.8,1,3,8,0,0,13.12,0.833,72.0
2025-03-12 14:00:00,OP0007,M0004,,0.178,1724.0,1967.0,3.4,0,1,6,5,0,16.5,0.64,46.7
2025-03-12 14:00:00,OP0015,M0008,,0.163,1491.0,1742.0,2.1,0,0,3,0,0,23.6,0.3,86.3
2025-03-12 14:59:00,OP0010,M0006,T00196,0.183,1971.0,2761.0,2.2,0,0,11,0,0,9.41,,80.7
2025-03-12 15:00:00,OP0041,M0013,,0.246,2152.0,2474.0,8.1,2,1,7,1,2,11.29,0.839,43.7
2025-03-12 15:00:00,OP0009,M0001,,0.294,1712.0,1933.0,3.8,1,0,6,1,0,22.35,0.514,70.4
2025-03-12 15:00:00,OP0026,M0014,,0.094,2190.0,2524.0,7.7,0,0,4,0,1,11.12,0.797,93.0
2025-03-13 06:00:00,OP0012,M0041,,0.244,2298.0,2600.0,2.4,1,1,8,0,0,12.73,0.735,76.7
2025-03-13 06:46:00,OP0011,M0009,T00178,0.277,1467.0,2101.0,1.2,0,0,3,0,0,14.95,,83.0
2025-03-13 07:00:00,OP0025,M0002,,0.149,1957.0,2269.0,7.2,0,1,8,0,0,19.11,0.939,83.2
2025-03-13 07:00:00,OP0029,M0039,,0.156,1648.0,1792.0,1.1,0,1,6,2,0,24.63,0.426,69.2
2025-03-13 08:00:00,OP0004,M0016,,0.104,2074.0,2290.0,7.1,1,0,4,0,0,10.56,0.913,91.7
2025-03-13 10:00:00,OP0005,M0020,,0.146,1933.0,2056.0,7.8,1,1,8,0,0,11.46,0.661,81.6
2025-03-13 10:00:00,OP0051,M0033,,0.18,1604.0,1729.0,1.8,0,2,11,0,0,10.31,0.929,83.8
2025-03-13 10:22:00,OP0034,M0008,T00782,0.238,1426.0,1956.0,1.6,0,0,18,0,0,13.99,,74.6
2025-03-13 11:00:00,OP0016,M0035,,0.212,2104.0,2378.0,8.9,3,0,4,0,0,7.67,0.809,78.8
2025-03-13 12:00:00,OP0026,M0037,,0.036,1704.0,1985.0,8.0,0,1,8,1,0,6.0,0.917,81.4
2025-03-13 12:00:00,OP0016,M0031,,0.284,1958.0,2262.0,7.7,1,1,4,0,0,16.84,0.773,76.2
2025-03-13 12:00:00,OP0026,M0019,,0.107,2073.0,2389.0,8.6,1,0,7,1,0,7.32,0.815,71.9
2025-03-13 13:00:00,OP0046,M0008,,0.185,1906.0,2020.0,3.8,0,0,5,4,1,14.44,0.668,52.7
2025-03-13 13:00:00,OP0020,M0039,,0.155,1588.0,1748.0,4.7,1,0,8,1,1,18.31,0.591,75.9
2025-03-13 14:00:00,OP0037,M0022,,0.154,2418.0,2533.0,25.5,2,0,5,0,0,22.67,0.765,82.4
2025-03-13 14:00:00,OP0046,M0039,,0.198,2055.0,2436.0,2.0,1,3,4,0,1,22.2,0.655,61.1
2025-03-13 15:00:00,OP0022,M0028,,0.104,1646.0,1882.0,3.0,0,2,6,1,2,12.95,0.973,56.6
2025-03-14 06:00:00,OP0045,M0038,,0.372,1776.0,2116.0,1.7,0,0,4,0,0,17.68,0.59,78.9
2025-03-14 06:00:00,OP0052,M0002,,0.178,2066.0,2255.0,5.4,0,1,4,1,2,19.02,0.782,67.8
2025-03-14 06:00:00,OP0026,M0013,,0.239,2083.0,2227.0,5.0,0,1,1,0,1,5.95,0.906,75.8
2025-03-14 08:00:00,OP0049,M0024,,0.263,2027.0,2165.0,13.2,0,0,2,0,0,21.73,0.544,91.2
2025-03-14 08:00:00,OP0051,M0026,,0.165,1774.0,2130.0,9.7,0,0,8,0,0,5.67,0.86,86.6
2025-03-14 08:46:00,OP0042,M0030,T00405,0.171,1533.0,2031.0,1.8,0,0,24,0,0,15.81,,70.4
2025-03-14 09:00:00,OP0030,M0017,,0.193,1748.0,1923.0,11.3,3,1,5,2,0,10.8,0.599,56.6
2025-03-14 11:00:00,OP0025,M0007,,0.201,1943.0,2287.0,8.4,3,0,2,0,0,12.72,1.043,74.9
2025-03-14 11:00:00,OP0016,M0001,,0.239,1936.0,2124.0,3.8,1,1,7,0,1,19.13,0.908,70.6
2025-03-14 11:00:00,OP0007,M0029,,0.22,1709.0,2050.0,4.5,1,1,3,1,1,10.02,0.615,58.7
2025-03-14 12:00:00,OP0037,M0015,,0.105,2143.0,2373.0,1.4,0,0,2,1,0,14.68,0.771,76.8
2025-03-14 12:00:00,OP0033,M0021,,0.15,1976.0,2290.0,1.3,0,0,3,0,0,15.88,0.871,95.9
2025-03-14 14:00:00,OP0027,M0018,,0.274,1446.0,1846.0,1.1,0,1,6,0,0,14.75,0.652,77.0
2025-03-14 14:00:00,OP0022,M0041,,0.01,1886.0,2239.0,3.0,0,1,7,0,1,5.34,0.903,84.3
2025-03-14 14:00:00,OP0034,M0004,,0.167,1691.0,1836.0,8.3,1,0,8,4,0,13.89,0.609,50.6
2025-03-14 15:00:00,OP0018,M0038,,0.231,1446.0,1566.0,1.1,0,1,8,1,0,27.13,0.599,77.3
2025-03-15 06:00:00,OP0015,M0010,,0.198,1383.0,1722.0,20.1,3,2,9,0,0,30.18,0.407,69.4
2025-03-15 06:00:00,OP0005,M0022,,0.179,1780.0,2064.0,22.6,4,1,4,0,0,23.6,0.638,70.9
2025-03-15 06:00:00,OP0033,M0002,,0.13,1698.0,2051.0,13.3,0,1,6,0,0,15.62,0.993,84.2
2025-03-15 07:00:00,OP0041,M0017,,0.297,1691.0,1809.0,4.5,1,1,4,0,0,10.82,0.79,71.4
2025-03-15 07:00:00,OP0027,M0032,,0.243,1581.0,1700.0,2.1,2,1,10,0,0,11.79,0.662,69.3
2025-03-15 07:00:00,OP0040,M0030,,0.068,1638.0,1963.0,2.5,2,1,4,0,0,19.49,0.706,88.1
2025-03-15 07:00:00,OP0055,M0001,,0.112,1555.0,1822.0,3.4,0,0,12,1,2,15.19,0.77,55.8
2025-03-15 08:00:00,OP0017,M0014,,0.174,2081.0,2334.0,10.2,1,2,7,0,1,22.24,0.998,67.6
2025-03-15 08:00:00,OP0018,M0025,,0.061,1661.0,1986.0,7.7,1,1,4,1,0,11.05,0.67,84.3
2025-03-15 10:00:00,OP0054,M0012,,0.052,1800.0,2075.0,9.9,0,0,3,1,0,26.7,0.666,91.4
2025-03-15 10:00:00,OP0032,M0006,,0.039,1883.0,2008.0,4.7,2,0,5,0,0,6.86,0.846,90.7
2025-03-15 11:00:00,OP0042,M0030,,0.199,1896.0,2183.0,1.7,2,1,9,0,0,13.67,0.776,71.3
2025-03-15 12:00:00,OP0038,M0022,,0.211,1893.0,2208.0,6.0,1,0,6,0,0,22.13,0.611,78.0
2025-03-15 12:00:00,OP0052,M0013,,0.261,2196.0,2388.0,11.3,0,0,8,1,0,11.03,0.618,77.5
2025-03-15 12:57:00,OP0026,M0029,T00075,0.143,1604.0,2054.0,1.8,0,0,3,0,0,21.28,,91.4
2025-03-15 13:00:00,OP0049,M0023,,0.291,2108.0,2461.0,9.8,0,0,7,1,0,22.07,0.805,76.5
2025-03-15 13:00:00,OP0049,M0005,,0.307,2102.0,2455.0,4.3,1,0,10,2,0,25.09,0.821,50.2
2025-03-15 13:00:00,OP0031,M0019,,0.116,2236.0,2566.0,2.8,1,2,10,0,0,7.22,0.693,86.0
2025-03-15 15:00:00,OP0048,M0016,,0.133,2129.0,2409.0,6.9,1,0,5,0,0,8.94,0.712,87.5
2025-03-15 15:00:00,OP0032,M0020,,0.109,1820.0,2170.0,4.8,0,0,2,0,0,10.61,0.835,83.0
2025-03-16 06:00:00,OP0020,M0008,,0.292,1440.0,1822.0,1.4,1,2,5,1,0,14.26,0.565,65.3
2025-03-16 07:00:00,OP0046,M0006,,0.25,1971.0,2217.0,8.8,1,0,13,1,1,9.83,0.587,53.3
2025-03-16 07:00:00,OP0026,M0035,,0.128,1757.0,1923.0,1.3,0,0,7,1,0,13.67,0.813,80.7
2025-03-16 08:00:00,OP0051,M0038,,0.142,1613.0,1918.0,4.7,2,2,7,0,0,14.05,0.814,79.2
2025-03-16 08:00:00,OP0023,M0017,,0.136,1998.0,2392.0,9.5,1,1,5,0,0,10.93,0.425,91.9
2025-03-16 08:00:00,OP0003,M0024,,0.249,1942.0,2100.0,9.3,0,0,2,0,0,16.71,0.665,83.6
2025-03-16 08:00:00,OP0036,M0021,,0.138,2153.0,2523.0,7.5,2,0,8,1,0,14.61,0.3,81.0
2025-03-16 09:00:00,OP0036,M0015,,0.1,1907.0,2125.0,1.5,0,0,5,1,0,21.3,0.476,88.0
2025-03-16 09:00:00,OP0013,M0003,,0.021,1807.0,2056.0,6.9,1,3,5,0,0,12.44,0.699,88.4
2025-03-16 10:00:00,OP0055,M0038,,0.219,1576.0,1972.0,4.5,0,0,5,0,1,20.23,0.88,76.0
2025-03-16 10:35:00,OP0011,M0027,T00613,0.142,1599.0,2037.0,1.7,0,0,14,4,0,16.44,,50.0
2025-03-16 11:00:00,OP0023,M0029,,0.207,1815.0,2050.0,2.4,2,1,9,0,0,15.87,0.383,74.8
2025-03-16 11:00:00,OP0013,M0010,,0.09,1970.0,2248.0,11.4,1,0,6,0,0,25.97,0.663,96.7
2025-03-16 12:00:00,OP0038,M0023,,0.163,1986.0,2365.0,6.8,1,0,9,0,0,23.37,0.583,84.1
2025-03-16 13:00:00,OP0013,M0034,,0.043,1489.0,1638.0,2.5,0,0,5,2,0,21.5,0.822,76.7
2025-03-16 13:00:00,OP0026,M0032,,0.082,1727.0,1884.0,4.9,1,0,5,2,0,17.07,0.825,72.3
2025-03-16 13:00:00,OP0052,M0002,,0.17,2024.0,2389.0,6.5,2,1,3,1,0,9.21,0.663,75.1
2025-03-16 14:00:00,OP0009,M0038,,0.34,1812.0,1919.0,7.1,0,0,8,1,1,32.44,0.717,60.5
2025-03-16 15:00:00,OP0006,M0029,,0.094,2197.0,2314.0,3.9,0,0,1,0,0,13.84,0.927,100.0
2025-03-17 06:00:00,OP0051,M0026,,0.271,1564.0,1723.0,7.4,0,0,6,0,0,17.03,0.955,80.0
2025-03-17 06:56:00,OP0024,M0015,T00481,0.421,1360.0,2159.0,1.0,0,0,2,0,0,12.88,,83.6
2025-03-17 07:21:00,OP0004,M0028,T00762,0.247,1610.0,2276.0,1.7,0,0,14,0,0,16.33,,71.3
2025-03-17 08:00:00,OP0034,M0012,,0.182,1652.0,1897.0,1.7,0,2,7,1,0,17.56,0.738,81.4
2025-03-17 09:00:00,OP0034,M0015,,0.13,1744.0,2028.0,3.3,1,1,10,0,1,22.18,0.903,71.2
2025-03-17 12:00:00,OP0003,M0032,,0.148,1545.0,1743.0,2.9,2,1,8,0,0,23.23,0.633,78.8
2025-03-17 12:48:00,OP0035,M0004,T00253,0.192,1497.0,1981.0,4.7,0,0,24,0,0,10.12,,66.6
2025-03-17 13:00:00,OP0052,M0030,,0.265,1843.0,2141.0,3.0,0,1,7,0,0,21.57,0.584,85.0
2025-03-17 13:00:00,OP0042,M0018,,0.082,1837.0,1964.0,3.2,1,0,7,1,0,23.07,0.966,79.1
2025-03-17 14:34:00,OP0045,M0023,T00800,0.304,1665.0,2508.0,3.3,0,0,20,0,2,14.73,,43.2
2025-03-17 15:00:00,OP0011,M0032,,0.259,1583.0,1860.0,2.3,0,0,3,1,1,17.67,0.389,68.0
2025-03-17 15:00:00,OP0040,M0001,,0.082,1859.0,1975.0,1.2,0,0,7,0,2,15.71,0.808,73.8
2025-03-17 15:43:00,OP0026,M0001,T00149,0.26,1535.0,2146.0,1.3,0,0,1,1,0,15.08,,79.0
2025-03-18 06:00:00,OP0050,M0027,,0.053,1640.0,1868.0,3.2,0,0,8,0,0,21.97,0.961,91.7
2025-03-18 06:00:00,OP0016,M0019,,0.27,2341.0,2592.0,6.3,0,1,3,0,1,4.97,0.716,66.8
2025-03-18 06:00:00,OP0004,M0031,,0.063,1978.0,2126.0,11.7,1,1,7,1,0,14.68,0.954,79.5
2025-03-18 07:25:00,OP0011,M0033,T00449,0.267,1556.0,2201.0,4.2,1,0,14,1,0,10.85,,68.5
2025-03-18 07:32:00,OP0004,M0025,T00647,0.314,1645.0,2493.0,2.7,0,0,15,1,0,14.75,,64.8
2025-03-18 09:00:00,OP0024,M0025,,0.211,2054.0,2414.0,5.2,2,2,6,1,0,10.0,0.648,67.3
2025-03-18 09:00:00,OP0045,M0005,,0.314,2087.0,2240.0,26.8,3,0,7,1,0,32.89,0.676,65.0
2025-03-18 09:00:00,OP0041,M0038,,0.332,1760.0,1918.0,2.5,0,3,4,0,1,30.71,0.612,62.7
2025-03-18 09:00:00,OP0008,M0034,,0.283,2500.0,2600.0,2.5,0,1,6,0,1,24.21,0.59,70.3
2025-03-18 09:00:00,OP0020,M0004,,0.183,1594.0,1751.0,10.9,0,2,6,0,0,10.52,0.356,77.1
2025-03-18 10:00:00,OP0043,M0030,,0.02,1724.0,1830.0,4.6,0,0,8,0,0,22.47,0.947,100.0
2025-03-18 10:01:00,OP0051,M0029,T00501,0.464,1208.0,1809.0,1.9,0,0,0,0,0,14.75,,76.4
2025-03-18 11:00:00,OP0003,M0009,,0.205,1578.0,1745.0,4.8,1,0,4,0,0,21.56,0.742,82.3
2025-03-18 11:00:00,OP0011,M0006,,0.221,1746.0,1955.0,9.9,0,0,9,1,0,10.17,0.636,69.7
2025-03-18 11:03:00,OP0014,M0029,T00193,0.317,1366.0,1943.0,2.1,0,0,21,2,1,17.16,,42.2
2025-03-18 11:21:00,OP0008,M0016,T00847,0.286,2172.0,3219.0,2.4,0,0,5,3,1,11.73,,40.9
2025-03-18 13:00:00,OP0008,M0018,,0.267,2380.0,2590.0,2.2,1,1,7,1,0,22.61,0.417,60.7
2025-03-18 13:00:00,OP0024,M0022,,0.219,1762.0,1947.0,8.9,0,3,4,1,0,22.01,0.958,76.7
2025-03-18 14:00:00,OP0047,M0008,,0.164,2384.0,2586.0,1.0,2,1,8,0,0,19.23,1.023,79.5
2025-03-18 14:00:00,OP0004,M0007,,0.077,2125.0,2337.0,8.0,1,0,8,0,0,5.52,0.866,89.4
2025-03-19 06:00:00,OP0035,M0034,,0.161,1711.0,2029.0,2.1,1,0,6,0,0,12.98,0.993,86.5
2025-03-19 08:00:00,OP0026,M0033,,0.118,1894.0,2134.0,12.3,1,0,2,0,1,13.87,0.766,85.4
2025-03-19 09:00:00,OP0001,M0030,,0.018,1589.0,1735.0,2.4,1,1,5,0,0,15.25,0.911,100.0
2025-03-19 09:00:00,OP0017,M0018,,0.111,1982.0,2082.0,1.1,1,2,14,1,0,21.1,0.765,69.8
2025-03-19 09:00:00,OP0032,M0003,,0.112,1639.0,2014.0,1.4,0,0,8,0,0,23.66,0.911,91.3
2025-03-19 09:00:00,OP0044,M0007,,0.109,2154.0,2397.0,4.7,0,2,3,1,0,8.64,0.841,78.0
2025-03-19 10:00:00,OP0036,M0003,,0.048,1967.0,2117.0,2.0,0,1,8,1,0,24.19,0.426,81.0
2025-03-19 10:14:00,OP0046,M0006,T00751,0.296,1658.0,2535.0,2.4,0,0,9,0,0,7.7,,73.1
2025-03-19 11:00:00,OP0055,M0007,,0.205,2064.0,2267.0,7.4,1,1,3,1,1,8.9,0.693,58.1
2025-03-19 11:00:00,OP0036,M0038,,0.084,2054.0,2244.0,7.1,0,1,10,0,0,11.42,0.491,92.3
2025-03-19 11:00:00,OP0029,M0027,,0.201,1636.0,1944.0,1.8,0,0,8,0,0,9.3,0.536,92.4
2025-03-19 13:00:00,OP0022,M0003,,0.139,1796.0,2122.0,6.7,1,0,10,1,0,26.93,0.793,72.3
2025-03-19 14:00:00,OP0052,M0022,,0.212,1926.0,2324.0,6.1,1,0,12,1,1,32.44,0.522,59.3
2025-03-19 14:30:00,OP0019,M0025,T00665,0.188,1648.0,2167.0,3.5,0,0,40,3,2,15.19,,10.2
2025-03-19 15:00:00,OP0040,M0033,,0.044,1788.0,1930.0,1.6,1,1,6,0,0,9.52,0.582,83.5
2025-03-20 06:00:00,OP0017,M0022,,0.184,2049.0,2183.0,5.9,0,0,3,1,1,14.55,0.773,76.0
2025-03-20 07:00:00,OP0017,M0002,,0.161,1996.0,2194.0,4.4,3,1,2,0,0,13.02,0.677,79.5
2025-03-20 07:00:00,OP0010,M0019,,0.135,2255.0,2600.0,4.3,1,0,3,0,0,8.83,0.69,93.2
2025-03-20 07:10:00,OP0034,M0022,T00121,0.154,1584.0,2040.0,14.6,0,0,12,1,0,21.44,,71.7
2025-03-20 08:00:00,OP0009,M0031,,0.314,2049.0,2363.0,1.0,2,1,9,3,0,8.9,0.66,46.7
2025-03-20 08:00:00,OP0040,M0040,,0.017,2009.0,2218.0,2.1,0,0,14,0,0,11.95,0.741,94.1
2025-03-20 09:00:00,OP0035,M0037,,0.01,1807.0,2200.0,2.1,1,0,7,0,0,8.34,1.02,92.1
2025-03-20 11:00:00,OP0008,M0034,,0.316,2500.0,2600.0,1.7,0,4,3,1,0,23.46,0.434,65.8
2025-03-20 11:00:00,OP0017,M0023,,0.196,1856.0,2068.0,4.9,3,0,11,0,0,16.54,0.73,74.1
2025-03-20 11:00:00,OP0028,M0002,,0.211,1911.0,2244.0,9.8,1,1,4,0,0,14.72,0.842,79.2
2025-03-20 11:13:00,OP0032,M0014,T00135,0.138,1695.0,2200.0,11.6,0,0,30,0,0,23.1,,63.4
2025-03-20 12:00:00,OP0028,M0019,,0.243,1429.0,1717.0,4.6,0,0,4,0,0,11.73,0.922,87.3
2025-03-20 13:00:00,OP0029,M0034,,0.397,1725.0,1893.0,1.3,3,1,7,2,0,23.15,0.478,47.0
2025-03-20 14:00:00,OP0039,M0026,,0.146,1951.0,2310.0,7.2,1,1,3,1,0,13.92,0.719,84.5
2025-03-20 15:00:00,OP0027,M0028,,0.317,1859.0,2182.0,3.8,1,4,2,0,2,23.27,0.824,42.4
2025-03-20 15:00:00,OP0050,M0007,,0.128,1938.0,2116.0,1.8,0,0,6,0,0,8.66,0.999,94.8
2025-03-20 15:00:00,OP0022,M0040,,0.093,1817.0,2139.0,5.8,1,0,8,1,2,10.36,0.653,60.2
2025-03-20 15:00:00,OP0039,M0023,,0.136,1992.0,2245.0,2.6,0,0,6,1,1,12.53,0.846,70.4
2025-03-21 06:00:00,OP0016,M0013,,0.264,2192.0,2493.0,2.4,0,1,4,1,0,11.02,0.953,78.5
2025-03-21 06:00:00,OP0023,M0027,,0.207,1942.0,2287.0,2.3,0,0,10,0,1,19.15,0.501,75.0
2025-03-21 07:00:00,OP0010,M0024,,0.104,2140.0,2415.0,3.5,2,0,6,0,0,7.55,0.866,93.7
2025-03-21 10:00:00,OP0019,M0017,,0.263,1658.0,1992.0,12.7,1,0,8,0,0,18.06,0.52,77.8
2025-03-21 10:00:00,OP0038,M0001,,0.19,1791.0,2147.0,4.3,1,0,5,2,0,11.11,0.587,63.0
2025-03-21 10:00:00,OP0023,M0038,,0.129,1583.0,1870.0,6.6,0,2,5,0,0,18.75,0.64,82.1
2025-03-21 11:00:00,OP0043,M0020,,0.038,1751.0,2126.0,1.4,1,0,10,0,0,8.13,0.809,87.9
2025-03-21 12:00:00,OP0026,M0022,,0.039,1853.0,2003.0,1.6,0,0,8,0,0,29.75,0.933,89.2
2025-03-21 13:00:00,OP0040,M0031,,0.025,1906.0,2123.0,13.2,1,1,8,0,0,18.57,0.659,89.0
2025-03-21 13:00:00,OP0001,M0024,,0.012,1879.0,2014.0,9.4,0,0,3,0,0,9.27,0.788,93.3
2025-03-21 14:00:00,OP0015,M0020,,0.191,1803.0,1908.0,7.2,1,2,4,2,0,8.17,0.519,65.6
2025-03-21 14:00:00,OP0013,M0037,,0.015,1844.0,2129.0,7.1,0,0,6,0,0,6.24,0.541,94.7
2025-03-21 14:00:00,OP0022,M0039,,0.116,1961.0,2292.0,1.8,0,1,6,0,0,7.76,0.722,85.0
2025-03-22 07:00:00,OP0014,M0016,,0.088,1823.0,1997.0,1.3,1,0,5,0,1,4.72,1.327,87.7
2025-03-22 08:00:00,OP0002,M0011,,0.132,2007.0,2371.0,9.2,0,0,9,0,0,9.17,0.724,88.2
2025-03-22 08:00:00,OP0018,M0015,,0.199,1714.0,1988.0,2.0,1,3,8,0,1,8.0,0.863,61.3
2025-03-22 08:00:00,OP0007,M0014,T00201,0.175,1570.0,2068.0,12.9,1,0,26,0,0,21.93,,63.7
2025-03-22 08:00:00,OP0016,M0010,,0.131,1948.0,2330.0,5.8,0,2,6,2,0,14.0,0.845,75.2
2025-03-22 08:00:00,OP0023,M0018,,0.123,1765.0,2114.0,2.7,3,1,8,0,1,15.0,0.387,71.2
2025-03-22 09:45:00,OP0016,M0024,T00421,0.329,1670.0,2552.0,2.7,0,0,28,0,0,14.47,,56.1
2025-03-22 10:00:00,OP0006,M0024,,0.136,2068.0,2213.0,3.0,2,1,3,0,0,14.47,1.02,82.3
2025-03-22 10:15:00,OP0037,M0027,T00679,0.304,1762.0,2658.0,1.3,0,0,10,2,1,18.31,,48.6
2025-03-22 11:00:00,OP0030,M0001,,0.156,1373.0,1505.0,2.2,1,1,5,0,0,23.45,0.572,83.9
2025-03-22 13:00:00,OP0044,M0023,,0.126,2059.0,2273.0,3.0,0,1,4,0,0,8.4,1.014,91.3
2025-03-22 13:00:00,OP0021,M0025,,0.176,1850.0,2086.0,5.3,0,2,5,0,2,11.04,0.855,67.0
2025-03-23 06:00:00,OP0055,M0013,,0.173,1957.0,2148.0,3.9,0,0,7,2,1,9.68,0.662,62.5
2025-03-23 06:04:00,OP0046,M0025,T00772,0.358,1565.0,2429.0,2.2,0,0,23,0,0,14.12,,54.1
2025-03-23 07:00:00,OP0026,M0001,,0.083,1891.0,2004.0,3.9,1,0,12,0,0,13.97,0.845,91.3
2025-03-23 08:00:00,OP0018,M0019,,0.166,1927.0,2060.0,7.8,1,0,9,2,0,11.11,0.575,58.8
2025-03-23 08:00:00,OP0053,M0017,,0.167,2500.0,2600.0,3.5,1,1,11,0,0,12.65,0.833,82.9
2025-03-23 10:00:00,OP0009,M0019,,0.218,1603.0,1771.0,3.4,2,0,5,1,0,9.77,0.769,69.8
2025-03-23 11:00:00,OP0049,M0037,,0.217,2315.0,2600.0,4.0,1,0,3,0,0,5.14,0.58,79.2
2025-03-23 11:00:00,OP0024,M0027,,0.189,1905.0,2067.0,1.8,0,2,5,0,0,8.11,0.676,75.5
2025-03-23 11:00:00,OP0027,M0026,,0.311,1658.0,1765.0,11.0,2,0,6,0,1,8.66,0.649,62.3
2025-03-23 12:00:00,OP0026,M0035,,0.108,2070.0,2359.0,1.2,3,1,6,0,0,9.07,0.965,82.1
2025-03-23 13:00:00,OP0008,M0024,,0.223,2500.0,2600.0,11.2,4,1,3,1,2,14.43,0.332,42.4
2025-03-23 13:15:00,OP0022,M0008,T00728,0.21,1605.0,2130.0,1.6,0,0,11,0,0,16.22,,77.4
2025-03-23 14:00:00,OP0024,M0012,,0.185,1790.0,2177.0,21.3,1,1,14,0,1,17.58,0.707,66.8
2025-03-23 15:00:00,OP0022,M0030,,0.01,1851.0,2037.0,2.2,0,0,11,0,0,6.15,0.816,91.5
2025-03-24 06:00:00,OP0028,M0009,,0.224,1712.0,2040.0,3.4,0,1,7,0,0,14.61,0.906,80.1
2025-03-24 07:01:00,OP0003,M0022,T00626,0.254,1487.0,2035.0,13.2,0,0,18,0,0,19.24,,69.3
2025-03-24 09:00:00,OP0020,M0022,,0.257,1724.0,1960.0,13.9,0,2,7,2,0,12.1,0.529,63.5
2025-03-24 09:00:00,OP0030,M0040,,0.125,1857.0,2078.0,5.6,1,0,7,1,0,15.84,0.873,76.2
2025-03-24 09:00:00,OP0037,M0011,,0.102,2500.0,2600.0,5.0,0,0,11,0,0,9.53,0.515,91.0
2025-03-24 09:00:00,OP0033,M0026,,0.097,1727.0,1967.0,6.8,1,2,8,0,0,7.66,0.979,77.6
2025-03-24 09:00:00,OP0013,M0015,,0.115,1855.0,2183.0,1.8,1,1,3,0,0,11.18,0.73,87.8
2025-03-24 09:00:00,OP0038,M0008,,0.136,1784.0,1933.0,2.2,0,0,2,0,0,10.89,0.602,94.4
2025-03-24 10:00:00,OP0026,M0042,,0.01,1626.0,1967.0,5.7,0,2,8,1,0,14.73,0.921,77.4
2025-03-24 10:00:00,OP0028,M0012,,0.176,1721.0,2056.0,19.0,1,0,6,0,0,16.62,0.859,84.0
2025-03-24 10:00:00,OP0021,M0011,,0.163,2061.0,2367.0,8.5,0,0,6,0,1,8.12,0.796,70.5
2025-03-24 11:00:00,OP0022,M0034,,0.121,1873.0,1983.0,4.6,1,2,5,0,0,14.24,0.869,83.7
2025-03-24 11:00:00,OP0015,M0036,,0.266,1701.0,1944.0,3.1,0,0,6,0,0,21.09,0.3,81.8
2025-03-24 12:00:00,OP0002,M0021,,0.088,1864.0,2129.0,3.9,0,1,9,0,0,14.18,0.866,86.9
2025-03-24 12:00:00,OP0020,M0042,,0.139,1339.0,1612.0,1.2,1,1,4,1,0,13.31,0.372,77.7
2025-03-24 12:46:00,OP0010,M0008,T00363,0.188,1781.0,2416.0,1.5,0,0,6,1,0,18.61,,78.5
2025-03-24 13:00:00,OP0049,M0033,,0.192,1687.0,1811.0,2.9,0,2,7,1,0,7.18,0.802,75.9
2025-03-24 13:00:00,OP0035,M0042,,0.01,1555.0,1744.0,2.4,1,0,4,0,0,19.17,0.891,97.1
2025-03-24 14:00:00,OP0052,M0004,,0.176,1884.0,2178.0,7.2,0,0,6,0,0,15.75,0.549,85.2
2025-03-24 14:00:00,OP0051,M0031,,0.145,1766.0,1935.0,5.1,0,2,5,0,0,12.96,0.837,83.5
2025-03-24 15:00:00,OP0041,M0006,,0.264,2076.0,2224.0,8.8,2,1,7,1,1,12.19,0.687,60.3
2025-03-25 06:00:00,OP0046,M0022,,0.363,2038.0,2321.0,19.4,0,1,6,1,2,13.01,0.48,42.7
2025-03-25 07:00:00,OP0028,M0042,,0.229,1400.0,1790.0,4.2,2,1,4,0,0,30.69,0.88,76.2
2025-03-25 07:00:00,OP0022,M0012,,0.077,1722.0,1925.0,16.7,3,2,4,1,0,14.9,0.88,65.2
2025-03-25 07:00:00,OP0019,M0033,,0.219,1713.0,1874.0,12.8,1,0,7,2,1,8.68,0.322,56.3
2025-03-25 08:00:00,OP0017,M0013,,0.117,2298.0,2441.0,10.9,0,3,8,1,1,5.87,0.901,51.7
2025-03-25 10:00:00,OP0030,M0026,,0.052,1791.0,1897.0,5.4,0,1,2,2,0,11.68,0.737,85.0
2025-03-25 11:00:00,OP0004,M0026,,0.029,2236.0,2466.0,5.7,1,1,9,0,0,15.71,1.033,85.3
2025-03-25 11:00:00,OP0014,M0011,,0.11,2096.0,2355.0,10.1,0,2,5,1,0,8.64,1.024,84.0
2025-03-25 11:00:00,OP0001,M0008,,0.035,1714.0,2035.0,3.8,2,0,3,0,0,10.86,0.902,93.0
2025-03-25 12:00:00,OP0041,M0004,,0.285,1909.0,2215.0,3.0,0,2,4,1,1,14.71,0.573,66.0
2025-03-25 12:00:00,OP0029,M0031,,0.2,2168.0,2542.0,14.0,1,0,5,0,0,20.11,0.572,85.3
2025-03-25 12:00:00,OP0025,M0003,,0.202,1594.0,1910.0,3.5,2,0,8,0,2,28.06,1.007,55.1
2025-03-25 13:58:00,OP0003,M0035,T00002,0.292,1434.0,2053.0,3.0,0,0,20,0,0,9.74,,68.0
2025-03-25 14:00:00,OP0006,M0004,,0.101,2105.0,2248.0,11.0,0,1,7,2,0,7.77,0.819,74.0
2025-03-25 14:04:00,OP0004,M0037,T00737,0.138,1932.0,2493.0,3.1,0,0,19,1,0,10.99,,70.3
2025-03-25 14:44:00,OP0019,M0020,T00362,0.149,1745.0,2297.0,2.1,0,0,10,3,2,8.58,,44.9
2025-03-25 15:00:00,OP0030,M0006,,0.106,2071.0,2349.0,2.2,0,3,10,0,0,10.75,0.757,85.5
2025-03-25 15:00:00,OP0026,M0034,,0.186,2044.0,2184.0,2.6,2,0,4,0,0,6.8,0.992,83.1
2025-03-26 06:00:00,OP0017,M0037,,0.133,2317.0,2600.0,7.1,0,1,3,0,0,13.75,0.851,95.7
2025-03-26 06:00:00,OP0005,M0042,,0.255,1758.0,1896.0,1.7,1,0,6,0,1,12.93,0.8,68.7
2025-03-26 08:00:00,OP0016,M0010,,0.312,2037.0,2263.0,16.9,0,2,7,0,0,31.03,0.987,72.6
2025-03-26 08:00:00,OP0055,M0007,,0.143,1872.0,2149.0,1.9,2,1,8,1,0,8.39,0.756,73.6
2025-03-26 10:00:00,OP0020,M0007,,0.184,1610.0,1911.0,6.3,2,2,3,0,0,7.69,0.41,75.4
2025-03-26 10:00:00,OP0028,M0036,,0.168,1213.0,1502.0,5.4,1,1,3,0,0,10.44,0.934,86.5
2025-03-26 10:00:00,OP0005,M0028,,0.154,1699.0,1861.0,3.8,2,0,4,1,0,10.46,0.735,80.3
2025-03-26 12:00:00,OP0008,M0012,,0.259,2500.0,2600.0,13.2,2,0,6,0,0,32.03,0.477,76.1
2025-03-26 13:00:00,OP0028,M0005,,0.187,1886.0,2148.0,10.0,2,0,5,0,0,22.13,0.825,80.8
2025-03-26 13:00:00,OP0036,M0041,,0.18,2216.0,2454.0,6.6,0,0,6,0,0,12.54,0.366,82.1
2025-03-26 13:00:00,OP0042,M0004,,0.127,1836.0,2214.0,9.6,0,2,8,0,0,11.15,0.673,81.9
2025-03-26 14:00:00,OP0046,M0017,,0.328,1798.0,2154.0,8.3,0,1,4,2,0,7.16,0.454,68.4
2025-03-26 14:00:00,OP0014,M0019,,0.091,2028.0,2203.0,4.5,3,2,9,0,0,6.29,1.003,76.1
2025-03-26 15:00:00,OP0034,M0033,,0.247,1683.0,1813.0,7.3,1,1,8,0,0,17.2,0.728,67.6
2025-03-27 09:00:00,OP0046,M0001,,0.207,2031.0,2197.0,2.3,0,1,4,0,0,14.59,0.749,80.9
2025-03-27 09:00:00,OP0040,M0028,,0.031,1724.0,1938.0,2.2,0,2,9,0,0,12.45,0.705,83.4
2025-03-27 09:00:00,OP0046,M0017,,0.239,1864.0,2237.0,5.0,1,1,7,1,1,8.01,0.559,59.0
2025-03-27 10:00:00,OP0015,M0024,,0.207,1525.0,1771.0,3.2,1,1,5,1,0,18.95,0.3,71.7
2025-03-27 11:00:00,OP0002,M0023,,0.094,1946.0,2076.0,5.4,0,1,7,0,0,12.8,0.874,88.9
2025-03-27 11:37:00,OP0040,M0015,T00773,0.15,1626.0,2138.0,1.6,0,0,10,0,0,17.13,,88.0
2025-03-27 12:00:00,OP0001,M0006,,0.053,2054.0,2262.0,4.9,2,1,8,0,0,7.16,0.766,91.8
2025-03-27 12:00:00,OP0012,M0024,,0.109,1669.0,1789.0,1.7,1,2,5,0,0,7.22,0.712,89.1
2025-03-27 13:00:00,OP0029,M0022,,0.187,1767.0,1994.0,6.8,1,0,11,0,1,26.94,0.674,71.6
2025-03-27 14:00:00,OP0005,M0032,,0.237,1982.0,2127.0,1.5,1,0,1,1,1,29.85,0.69,57.3
2025-03-27 14:00:00,OP0041,M0005,,0.27,2112.0,2445.0,25.3,2,0,6,0,4,19.72,0.586,38.5
2025-03-27 14:49:00,OP0007,M0005,T00244,0.204,1544.0,2050.0,11.1,2,0,34,2,0,19.46,,38.0
2025-03-27 15:00:00,OP0004,M0015,,0.01,1770.0,2131.0,3.2,3,1,5,0,0,16.09,0.958,85.5
2025-03-27 15:00:00,OP0007,M0009,,0.277,1437.0,1713.0,2.9,0,1,6,1,0,14.95,0.437,71.1
2025-03-27 15:00:00,OP0041,M0015,,0.287,1720.0,2040.0,2.0,2,0,8,2,1,8.3,0.795,48.3
2025-03-28 06:00:00,OP0028,M0041,,0.185,1886.0,2162.0,11.4,1,1,4,0,0,6.73,0.863,82.1
2025-03-28 07:00:00,OP0030,M0032,,0.237,1500.0,1670.0,3.0,1,1,4,2,0,17.89,0.817,65.3
2025-03-28 07:00:00,OP0053,M0009,,0.136,2500.0,2600.0,4.1,4,1,8,0,1,19.77,0.59,60.9
2025-03-28 08:00:00,OP0005,M0042,,0.184,1610.0,1820.0,4.1,0,1,8,2,0,19.38,0.622,72.9
2025-03-28 08:00:00,OP0011,M0020,,0.208,1971.0,2228.0,5.9,2,0,7,0,0,4.45,0.574,76.3
2025-03-28 08:00:00,OP0049,M0014,,0.213,1613.0,1816.0,14.0,0,1,5,1,0,31.32,0.644,79.0
2025-03-28 08:00:00,OP0054,M0036,,0.059,2065.0,2375.0,6.8,0,0,6,0,0,13.85,0.648,91.4
2025-03-28 09:00:00,OP0020,M0037,,0.24,1671.0,1801.0,4.0,0,2,7,2,0,6.51,0.446,56.8
2025-03-28 09:00:00,OP0014,M0002,,0.113,2010.0,2122.0,4.7,1,1,5,0,0,12.41,1.082,82.8
2025-03-28 10:00:00,OP0053,M0032,,0.167,2256.0,2580.0,5.8,0,1,5,0,1,16.56,0.838,79.4
2025-03-28 10:00:00,OP0031,M0024,,0.01,2282.0,2504.0,4.5,0,0,4,0,1,14.63,0.924,89.1
2025-03-28 11:00:00,OP0051,M0011,,0.204,1737.0,2047.0,10.5,1,0,7,0,0,12.75,0.947,88.9
2025-03-28 12:00:00,OP0028,M0034,,0.146,1576.0,1690.0,3.7,0,1,7,0,0,14.7,0.815,88.1
2025-03-28 13:00:00,OP0047,M0024,,0.01,2500.0,2600.0,2.4,2,0,4,1,0,11.64,0.941,85.9
2025-03-28 13:37:00,OP0028,M0024,T00477,0.274,1460.0,2092.0,5.1,0,0,6,0,0,13.11,,81.3
2025-03-28 14:00:00,OP0021,M0026,,0.219,1948.0,2136.0,4.9,0,0,6,0,1,12.18,0.737,83.3
2025-03-28 14:00:00,OP0021,M0027,,0.191,1507.0,1834.0,4.1,1,0,4,0,0,10.08,0.748,78.7
2025-03-28 14:00:00,OP0037,M0021,,0.242,2500.0,2600.0,12.7,1,0,6,1,0,15.24,0.655,76.5
2025-03-28 14:03:00,OP0026,M0026,T00166,0.199,1666.0,2260.0,4.7,0,1,4,1,1,12.33,,67.8
2025-03-28 15:00:00,OP0025,M0032,,0.129,1695.0,1832.0,1.5,2,2,5,0,0,24.26,0.926,79.7
2025-03-28 15:00:00,OP0048,M0031,,0.106,1925.0,2145.0,7.0,0,0,9,0,1,11.64,0.761,78.4
2025-03-28 15:00:00,OP0013,M0014,,0.142,1954.0,2062.0,27.2,2,1,11,0,1,12.36,0.696,71.8
2025-03-29 06:00:00,OP0042,M0032,,0.128,1674.0,1917.0,6.8,1,0,4,0,0,26.93,0.765,95.0
2025-03-29 06:00:00,OP0021,M0031,,0.213,2043.0,2225.0,7.9,1,2,9,0,0,17.8,1.041,74.4
2025-03-29 06:00:00,OP0035,M0013,,0.01,1920.0,2286.0,8.4,0,0,12,0,0,5.25,0.867,89.4
2025-03-29 07:00:00,OP0030,M0013,,0.136,1849.0,2209.0,5.7,2,1,6,1,0,4.46,0.938,74.6
2025-03-29 07:00:00,OP0053,M0019,,0.129,2500.0,2600.0,5.3,1,2,8,1,1,4.9,0.877,60.1
2025-03-29 08:00:00,OP0043,M0007,,0.023,1868.0,2038.0,4.6,1,1,8,0,0,9.99,1.026,84.8
2025-03-29 08:00:00,OP0018,M0010,,0.086,1645.0,1753.0,26.6,0,0,5,0,0,29.78,0.724,88.5
2025-03-29 09:00:00,OP0038,M0039,,0.285,1784.0,1920.0,3.3,0,1,8,2,0,20.04,0.726,55.3
2025-03-29 09:44:00,OP0045,M0019,T00055,0.283,1758.0,2617.0,2.1,0,0,15,5,0,8.65,,33.3
2025-03-29 10:00:00,OP0005,M0029,,0.185,1889.0,2267.0,6.0,1,0,10,0,0,15.42,0.591,76.9
2025-03-29 10:00:00,OP0027,M0002,,0.242,1723.0,1852.0,9.9,1,1,6,1,0,16.31,0.73,70.4
2025-03-29 10:00:00,OP0003,M0013,,0.19,1833.0,1967.0,10.8,0,2,9,0,0,4.78,0.78,74.3
2025-03-29 12:15:00,OP0014,M0025,T00700,0.296,1514.0,2235.0,3.7,0,0,17,2,0,13.41,,55.8
2025-03-29 13:00:00,OP0001,M0016,,0.157,2225.0,2581.0,3.6,0,1,7,0,0,7.65,1.004,76.9
2025-03-29 14:00:00,OP0041,M0001,,0.276,1895.0,2125.0,3.7,1,0,9,0,1,14.05,0.615,65.2
2025-03-29 14:00:00,OP0054,M0028,,0.01,1572.0,1766.0,3.1,0,1,4,0,0,7.74,0.71,84.7
2025-03-30 06:00:00,OP0032,M0006,,0.092,1788.0,1898.0,2.2,0,0,8,0,0,6.43,1.012,90.1
2025-03-30 06:00:00,OP0054,M0024,,0.015,1992.0,2288.0,11.2,2,1,6,0,0,17.15,0.692,81.4
2025-03-30 06:00:00,OP0029,M0017,,0.293,1919.0,2068.0,3.5,0,2,5,0,1,6.25,0.49,60.4
2025-03-30 06:00:00,OP0035,M0015,,0.1,1600.0,1858.0,3.5,0,1,6,0,0,13.83,0.735,87.7
2025-03-30 06:00:00,OP0007,M0026,,0.189,2367.0,2599.0,7.0,0,0,5,2,0,7.28,0.546,72.6
2025-03-30 06:52:00,OP0042,M0017,T00532,0.188,1596.0,2122.0,3.7,0,0,5,0,0,11.35,,84.7
2025-03-30 07:00:00,OP0043,M0014,,0.032,1728.0,2123.0,8.6,0,0,7,1,0,10.07,0.979,87.1
2025-03-30 07:00:00,OP0029,M0018,,0.153,1504.0,1792.0,2.1,1,3,9,0,1,12.76,0.366,62.7
2025-03-30 07:00:00,OP0053,M0010,,0.112,2500.0,2600.0,2.5,2,1,3,1,0,20.02,0.916,71.9
2025-03-30 07:00:00,OP0054,M0028,,0.072,1724.0,1872.0,3.2,2,0,4,1,0,14.61,0.844,81.8
2025-03-30 07:00:00,OP0034,M0015,,0.182,1758.0,1986.0,1.9,0,4,7,0,0,7.14,0.922,73.0
2025-03-30 07:00:00,OP0021,M0027,,0.087,1754.0,2044.0,1.5,0,1,7,0,0,10.09,0.939,91.5
2025-03-30 07:19:00,OP0026,M0031,T00453,0.188,1732.0,2363.0,3.8,0,0,19,1,2,15.47,,52.6
2025-03-30 09:00:00,OP0020,M0030,,0.199,1715.0,1987.0,3.3,1,0,8,1,0,25.11,0.386,74.8
2025-03-30 09:00:00,OP0043,M0019,,0.01,2080.0,2303.0,11.6,2,0,8,0,0,3.9,0.979,93.6
2025-03-30 10:00:00,OP0024,M0012,,0.13,1770.0,1993.0,1.1,2,0,3,1,0,12.03,0.542,73.6
2025-03-30 10:00:00,OP0026,M0019,,0.095,2034.0,2378.0,5.6,0,1,5,0,2,11.57,0.563,72.5
2025-03-30 10:00:00,OP0050,M0030,,0.01,1570.0,1885.0,4.2,0,1,7,0,0,17.21,0.881,99.7
2025-03-30 10:37:00,OP0034,M0037,T00752,0.229,1565.0,2142.0,2.7,0,1,3,0,0,8.47,,81.8
2025-03-30 11:00:00,OP0011,M0041,,0.249,1694.0,2093.0,10.4,0,2,4,1,0,12.73,0.605,75.8
2025-03-30 12:00:00,OP0033,M0032,,0.128,1509.0,1637.0,5.2,0,1,3,1,0,12.83,1.035,92.5
2025-03-30 12:00:00,OP0009,M0024,,0.264,1935.0,2310.0,12.9,0,1,8,1,0,19.6,0.907,73.5
2025-03-30 14:21:00,OP0022,M0006,T00211,0.225,1738.0,2521.0,2.1,0,0,18,2,2,8.51,,31.3
2025-03-30 15:00:00,OP0031,M0038,,0.04,1740.0,2064.0,6.8,2,1,3,0,1,25.64,0.717,78.4
2025-03-30 15:00:00,OP0029,M0008,,0.172,1796.0,2068.0,4.6,0,1,6,1,1,8.37,0.423,71.6
2025-03-30 15:49:00,OP0011,M0025,T00387,0.267,1608.0,2298.0,2.8,0,0,38,1,1,14.41,,42.6
2025-03-31 06:00:00,OP0006,M0034,,0.149,2061.0,2345.0,4.2,1,1,6,1,0,15.96,0.746,85.3
2025-03-31 07:00:00,OP0017,M0037,,0.106,2261.0,2593.0,3.2,2,2,7,0,0,9.3,0.825,76.8
2025-03-31 07:00:00,OP0014,M0041,,0.111,1921.0,2122.0,2.5,1,0,7,0,0,7.17,0.991,80.6
2025-03-31 07:00:00,OP0004,M0035,,0.024,2133.0,2363.0,9.5,0,0,6,0,0,9.52,0.735,96.9
2025-03-31 08:00:00,OP0019,M0020,,0.26,1671.0,1841.0,5.5,2,1,6,3,2,12.6,0.58,34.2
2025-03-31 08:04:00,OP0049,M0029,T00264,0.275,1487.0,2072.0,2.5,0,1,33,0,0,19.0,,60.4
2025-03-31 09:00:00,OP0040,M0032,,0.138,1805.0,1914.0,5.8,1,1,4,0,1,19.33,0.8,72.9
2025-03-31 09:00:00,OP0052,M0042,,0.184,1915.0,2166.0,2.7,0,0,8,0,0,18.78,0.559,89.0
2025-03-31 10:00:00,OP0041,M0030,,0.306,1804.0,2070.0,1.1,0,1,5,1,1,19.84,0.669,56.1
2025-03-31 10:50:00,OP0033,M0001,T00039,0.271,1392.0,1940.0,1.5,0,0,20,0,1,12.79,,52.4
2025-03-31 11:00:00,OP0019,M0009,,0.285,1665.0,1942.0,4.1,0,0,6,2,0,26.57,0.574,65.2
2025-03-31 11:00:00,OP0036,M0034,,0.152,2196.0,2518.0,3.8,1,2,11,1,0,18.68,0.403,64.2
2025-03-31 11:17:00,OP0031,M0036,T00132,0.175,1680.0,2138.0,2.8,1,1,34,2,0,22.29,,38.0
2025-03-31 12:00:00,OP0014,M0002,,0.138,1859.0,1974.0,13.4,0,0,11,0,0,14.51,0.885,85.1
2025-03-31 13:00:00,OP0022,M0029,,0.077,1594.0,1700.0,5.0,0,0,4,0,0,16.39,0.755,98.9
2025-03-31 15:00:00,OP0021,M0014,,0.155,1905.0,2153.0,3.0,0,0,10,0,0,15.1,0.785,84.8
2025-03-31 15:00:00,OP0014,M0018,,0.164,1831.0,2025.0,2.4,1,3,6,0,1,14.05,0.984,59.2
2025-04-01 08:00:00,OP0039,M0017,,0.095,1658.0,1799.0,2.2,1,1,5,2,0,11.28,0.713,71.5
2025-04-01 09:00:00,OP0015,M0007,,0.239,1542.0,1759.0,4.4,0,1,5,1,0,8.56,0.329,72.9
2025-04-01 10:00:00,OP0014,M0010,,0.208,1596.0,1881.0,10.9,2,2,3,0,0,29.87,0.974,78.7
2025-04-01 10:36:00,OP0027,M0027,T00375,0.375,1266.0,1880.0,1.3,1,0,21,1,2,12.39,,32.3
2025-04-01 11:00:00,OP0031,M0008,,0.01,1899.0,2176.0,4.7,2,1,8,0,0,5.77,0.67,90.2
2025-04-01 11:00:00,OP0001,M0013,,0.01,2078.0,2404.0,9.1,0,1,8,0,1,7.63,0.881,81.7
2025-04-01 11:00:00,OP0021,M0018,,0.106,1846.0,2085.0,4.8,0,0,5,0,1,23.2,0.805,80.9
2025-04-01 11:00:00,OP0017,M0019,,0.204,2147.0,2494.0,3.3,1,0,3,0,0,6.43,0.717,88.2
2025-04-01 11:00:00,OP0005,M0010,,0.249,1825.0,2209.0,10.4,1,3,4,1,0,20.66,0.704,65.9
2025-04-01 12:00:00,OP0015,M0015,,0.236,1294.0,1608.0,3.8,2,0,7,0,0,22.25,0.416,74.2
2025-04-01 12:44:00,OP0024,M0002,T00805,0.246,1631.0,2250.0,2.3,0,0,3,0,0,14.27,,79.8
2025-04-01 13:00:00,OP0036,M0038,,0.106,1707.0,1941.0,5.0,1,0,7,0,0,27.53,0.3,89.9
2025-04-01 13:00:00,OP0038,M0026,,0.142,1658.0,1919.0,10.7,0,0,9,0,0,11.34,0.735,83.5
2025-04-01 13:00:00,OP0039,M0033,,0.13,1530.0,1821.0,12.5,0,0,4,0,0,7.73,0.763,100.0
2025-04-01 13:00:00,OP0006,M0007,,0.115,2315.0,2600.0,4.8,0,0,5,0,0,10.26,0.878,91.9
2025-04-01 14:16:00,OP0025,M0033,T00081,0.196,1636.0,2190.0,4.3,0,1,12,0,1,11.54,,71.1
2025-04-01 15:00:00,OP0026,M0037,,0.05,1821.0,2026.0,1.3,0,0,6,0,0,11.62,0.663,98.6
2025-04-01 15:00:00,OP0035,M0031,,0.094,1664.0,1782.0,5.6,1,0,4,0,0,8.33,0.803,83.3
2025-04-02 06:00:00,OP0029,M0037,,0.344,2102.0,2279.0,3.8,0,1,4,1,1,8.07,0.514,61.3
2025-04-02 06:00:00,OP0012,M0030,,0.072,1922.0,2074.0,4.2,1,1,8,1,1,16.18,0.961,66.9
2025-04-02 07:00:00,OP0035,M0036,,0.093,1537.0,1912.0,5.9,0,1,4,0,1,27.41,0.911,79.3
2025-04-02 08:00:00,OP0041,M0005,,0.342,2040.0,2338.0,17.2,0,0,3,1,0,25.1,0.644,63.8
2025-04-02 08:00:00,OP0024,M0002,,0.213,2068.0,2421.0,5.2,1,0,7,0,0,7.96,0.716,83.2
2025-04-02 09:00:00,OP0027,M0031,,0.251,1710.0,1851.0,4.6,1,0,6,0,0,13.92,0.802,88.3
2025-04-02 09:19:00,OP0027,M0006,T00037,0.107,1642.0,2142.0,2.4,0,0,6,1,1,7.95,,76.6
2025-04-02 10:00:00,OP0010,M0011,,0.112,2049.0,2232.0,5.1,1,0,8,0,0,10.3,0.812,91.4
2025-04-02 10:00:00,OP0011,M0014,,0.213,1876.0,2272.0,10.4,1,0,5,0,0,28.11,0.718,90.1
2025-04-02 11:00:00,OP0035,M0005,,0.054,1659.0,1873.0,9.3,2,3,8,0,0,29.02,0.725,74.9
2025-04-02 11:30:00,OP0050,M0023,T00364,0.304,1515.0,2250.0,3.4,0,0,35,0,0,13.37,,52.4
2025-04-02 12:00:00,OP0041,M0008,,0.275,1765.0,2101.0,3.6,1,1,8,0,2,20.51,0.748,55.2
2025-04-02 12:00:00,OP0039,M0013,,0.062,1715.0,2030.0,6.4,2,0,4,0,0,4.43,0.743,90.7
2025-04-02 12:00:00,OP0043,M0012,,0.01,1842.0,1947.0,7.8,2,3,5,0,0,25.44,1.155,85.0
2025-04-02 13:00:00,OP0002,M0035,,0.187,1756.0,2102.0,8.1,1,2,5,0,0,12.56,0.749,75.2
2025-04-02 13:00:00,OP0043,M0012,,0.01,1676.0,2075.0,11.5,1,0,4,1,0,28.03,0.996,89.8
2025-04-02 14:00:00,OP0034,M0036,,0.163,1531.0,1833.0,4.0,2,0,13,1,0,13.8,0.811,63.0
2025-04-02 15:00:00,OP0055,M0022,,0.109,2340.0,2577.0,27.9,0,0,6,1,1,11.3,0.745,69.1
2025-04-02 15:00:00,OP0051,M0009,,0.218,1632.0,1758.0,3.3,0,0,3,0,0,9.57,0.848,85.5
2025-04-03 06:00:00,OP0053,M0002,,0.07,2500.0,2600.0,8.1,1,4,6,0,0,6.62,0.87,83.9
2025-04-03 06:00:00,OP0030,M0011,T00684,0.221,1655.0,2330.0,2.3,0,0,33,1,0,7.48,,56.0
2025-04-03 06:00:00,OP0005,M0031,,0.194,2027.0,2259.0,6.6,0,1,6,0,0,18.46,0.482,95.2
2025-04-03 07:00:00,OP0042,M0017,,0.127,1742.0,1860.0,6.7,1,1,6,0,0,15.94,0.723,83.3
2025-04-03 07:00:00,OP0013,M0032,,0.044,1567.0,1929.0,2.8,0,1,2,1,0,26.77,0.584,87.5
2025-04-03 08:00:00,OP0051,M0035,,0.182,1671.0,1773.0,1.7,0,1,1,0,0,6.83,0.95,85.3
2025-04-03 08:00:00,OP0042,M0019,,0.138,1786.0,1966.0,7.5,1,0,4,0,0,11.84,0.841,88.0
2025-04-03 08:00:00,OP0036,M0012,,0.196,2036.0,2139.0,2.4,1,0,8,3,0,14.38,0.355,55.4
2025-04-03 09:00:00,OP0025,M0008,,0.178,1807.0,2066.0,2.6,1,2,2,0,1,14.44,0.919,69.5
2025-04-03 09:00:00,OP0052,M0032,,0.162,2163.0,2272.0,4.7,0,0,5,2,0,10.58,0.62,79.8
2025-04-03 09:00:00,OP0022,M0011,,0.098,2206.0,2515.0,10.1,0,0,2,0,2,7.99,0.849,68.1
2025-04-03 10:13:00,OP0054,M0032,T00083,0.279,1508.0,2110.0,2.3,0,0,36,0,2,18.54,,31.6
2025-04-03 11:00:00,OP0015,M0040,,0.234,1456.0,1626.0,6.1,2,1,10,1,0,20.42,0.316,60.8
2025-04-03 12:00:00,OP0019,M0012,,0.219,1870.0,2194.0,20.6,0,0,10,2,0,18.09,0.73,69.3
2025-04-03 13:00:00,OP0028,M0041,,0.164,1734.0,2049.0,11.2,1,1,5,0,0,7.67,0.782,87.0
2025-04-03 13:00:00,OP0024,M0015,,0.242,1753.0,2016.0,3.0,0,0,4,0,0,7.52,0.758,88.0
2025-04-03 14:00:00,OP0003,M0031,,0.186,2006.0,2226.0,4.8,1,1,5,0,0,21.86,0.623,82.7
2025-04-03 14:00:00,OP0007,M0029,,0.116,1534.0,1848.0,4.4,3,2,1,2,0,19.15,0.471,65.1
2025-04-03 15:00:00,OP0002,M0016,,0.225,1765.0,2055.0,1.4,0,1,5,0,0,13.34,0.87,88.1
2025-04-03 15:00:00,OP0038,M0025,,0.204,1950.0,2104.0,2.4,0,2,8,1,0,11.73,0.652,67.8
2025-04-03 15:00:00,OP0005,M0017,,0.184,1703.0,2062.0,2.8,1,0,4,3,0,16.46,0.704,62.8
2025-04-04 06:00:00,OP0002,M0013,,0.118,1846.0,2055.0,7.4,2,1,4,0,0,3.89,0.817,82.0
2025-04-04 06:00:00,OP0045,M0029,,0.289,1874.0,2182.0,2.5,3,1,3,2,2,17.71,0.485,30.1
2025-04-04 07:00:00,OP0035,M0040,,0.115,1848.0,1964.0,12.5,0,0,8,0,1,21.8,0.787,81.7
2025-04-04 07:00:00,OP0002,M0032,,0.121,1490.0,1795.0,5.3,0,1,10,0,0,23.86,0.94,90.8
2025-04-04 08:00:00,OP0038,M0007,,0.226,1873.0,2013.0,7.6,0,2,7,1,2,13.8,0.69,38.3
2025-04-04 08:00:00,OP0024,M0028,,0.205,1804.0,1981.0,3.8,0,1,1,0,0,6.91,0.72,85.1
2025-04-04 08:00:00,OP0023,M0017,,0.138,2300.0,2497.0,10.5,0,1,9,1,0,13.21,0.469,73.1
2025-04-04 08:14:00,OP0049,M0007,T00789,0.3,1636.0,2383.0,2.2,1,0,4,1,0,8.95,,70.6
2025-04-04 10:00:00,OP0011,M0031,,0.209,1919.0,2260.0,6.9,1,3,4,1,0,23.43,0.442,62.7
2025-04-04 11:00:00,OP0022,M0031,,0.072,1947.0,2072.0,6.7,1,4,3,0,0,7.03,0.903,82.8
2025-04-04 11:00:00,OP0040,M0029,,0.01,1814.0,1963.0,1.0,0,1,5,0,0,18.65,0.734,93.8
2025-04-04 12:00:00,OP0045,M0017,,0.282,1905.0,2267.0,8.3,1,3,3,1,2,8.02,0.612,37.2
2025-04-04 13:00:00,OP0037,M0009,,0.196,2178.0,2360.0,3.5,0,0,4,0,0,6.52,0.689,87.5
2025-04-04 13:00:00,OP0043,M0040,,0.15,1945.0,2306.0,13.5,0,0,5,1,0,11.23,0.962,81.8
2025-04-04 13:00:00,OP0004,M0008,,0.095,2111.0,2257.0,2.5,0,0,4,0,0,6.51,0.951,94.7
2025-04-04 14:00:00,OP0024,M0002,,0.142,1935.0,2135.0,13.2,0,0,6,0,0,7.43,0.881,86.9
2025-04-04 15:00:00,OP0029,M0030,,0.268,1801.0,2117.0,2.6,1,1,6,1,1,16.86,0.356,61.2
2025-04-04 15:25:00,OP0014,M0030,T00157,0.233,1484.0,2040.0,1.4,0,0,1,1,1,15.07,,64.3
2025-04-05 06:00:00,OP0016,M0006,,0.311,2339.0,2600.0,1.8,1,1,6,0,0,9.61,0.946,73.4
2025-04-05 06:00:00,OP0009,M0006,,0.304,1710.0,1997.0,8.9,0,0,2,1,0,5.55,0.634,76.1
2025-04-05 06:38:00,OP0047,M0014,T00639,0.075,2379.0,2976.0,13.3,0,0,30,1,1,31.82,,51.9
2025-04-05 07:00:00,OP0006,M0036,,0.071,1970.0,2336.0,2.2,2,2,3,0,0,11.91,0.908,81.3
2025-04-05 07:00:00,OP0039,M0015,,0.059,1712.0,2091.0,3.6,1,2,11,2,0,19.09,0.758,63.5
2025-04-05 08:00:00,OP0010,M0020,,0.088,2092.0,2338.0,11.9,2,0,6,0,1,9.29,0.824,71.6
2025-04-05 08:00:00,OP0033,M0039,,0.189,1654.0,1962.0,4.5,1,1,9,1,0,8.16,0.905,69.2
2025-04-05 08:00:00,OP0053,M0027,,0.107,2500.0,2600.0,2.1,0,0,4,0,0,17.75,0.866,96.7
2025-04-05 09:00:00,OP0055,M0004,,0.185,1845.0,2086.0,9.1,1,1,3,0,0,16.81,0.663,81.3
2025-04-05 09:42:00,OP0002,M0041,T00245,0.242,1686.0,2321.0,1.7,0,0,16,0,0,8.08,,77.3
2025-04-05 10:00:00,OP0034,M0042,,0.224,1534.0,1713.0,1.9,1,1,8,0,0,29.85,0.879,80.5
2025-04-05 11:00:00,OP0050,M0036,,0.01,1832.0,2091.0,5.9,0,1,4,0,0,16.05,0.921,95.4
2025-04-05 11:00:00,OP0037,M0015,,0.1,2026.0,2297.0,4.3,1,0,8,0,0,22.49,0.589,89.6
2025-04-05 12:00:00,OP0045,M0041,,0.308,2144.0,2493.0,3.5,0,0,7,3,0,4.72,0.514,58.2
2025-04-05 12:00:00,OP0010,M0023,,0.094,2401.0,2576.0,14.7,1,0,9,2,0,18.29,0.924,72.8
2025-04-05 12:03:00,OP0046,M0022,T00608,0.221,1682.0,2323.0,12.5,2,0,5,0,1,23.07,,75.6
2025-04-05 13:00:00,OP0055,M0034,,0.076,1908.0,2171.0,2.2,0,0,7,0,1,18.25,0.842,80.4
2025-04-05 13:00:00,OP0006,M0002,,0.031,1928.0,2035.0,11.7,1,1,4,0,0,11.76,0.76,90.6
2025-04-05 13:00:00,OP0015,M0008,,0.205,1295.0,1481.0,4.5,0,0,3,0,0,25.07,0.474,90.4
2025-04-05 14:27:00,OP0028,M0004,T00007,0.438,1275.0,2007.0,3.6,0,0,3,0,0,8.18,,62.7
2025-04-05 15:00:00,OP0013,M0039,,0.077,1832.0,2196.0,1.6,0,1,6,0,1,10.86,0.536,84.5
2025-04-05 15:00:00,OP0011,M0025,,0.168,1772.0,2087.0,3.7,0,2,8,1,0,22.01,0.701,71.5
2025-04-05 15:00:00,OP0053,M0018,,0.116,2475.0,2600.0,4.5,1,1,5,0,0,19.64,0.689,84.9
2025-04-06 06:00:00,OP0038,M0021,,0.245,1923.0,2090.0,2.4,2,2,4,1,0,14.77,0.579,69.2
2025-04-06 06:00:00,OP0052,M0032,,0.178,1766.0,1933.0,2.7,4,0,6,0,0,11.71,0.763,80.7
2025-04-06 06:00:00,OP0017,M0006,,0.154,2094.0,2314.0,9.1,2,0,6,0,0,11.65,0.828,77.6
2025-04-06 08:00:00,OP0020,M0004,,0.157,1758.0,1991.0,12.0,0,1,7,1,0,11.05,0.586,74.8
2025-04-06 08:00:00,OP0007,M0003,,0.214,1727.0,2080.0,5.6,0,0,2,1,1,17.02,0.582,74.9
2025-04-06 10:00:00,OP0036,M0003,,0.137,2026.0,2145.0,2.0,0,1,3,0,0,17.61,0.505,87.3
2025-04-06 10:00:00,OP0018,M0038,,0.055,1603.0,1906.0,6.1,1,0,6,0,0,26.68,0.773,83.0
2025-04-06 10:00:00,OP0040,M0040,,0.025,1829.0,1929.0,2.5,0,2,5,0,0,16.98,0.945,95.8
2025-04-06 10:00:00,OP0002,M0038,,0.096,1565.0,1829.0,2.0,1,2,0,0,0,22.47,0.688,89.4
2025-04-06 10:20:00,OP0013,M0008,T00726,0.2,1572.0,2136.0,1.4,0,0,14,0,1,15.68,,69.5
2025-04-06 11:00:00,OP0014,M0038,,0.121,1599.0,1758.0,3.1,1,1,7,0,2,15.68,1.214,69.9
2025-04-06 11:00:00,OP0019,M0041,,0.253,1943.0,2092.0,2.2,0,0,8,0,0,12.74,0.535,82.0
2025-04-06 11:00:00,OP0033,M0033,,0.212,1787.0,2003.0,1.5,0,0,4,0,0,13.85,0.772,93.9
2025-04-06 12:06:00,OP0018,M0027,T00631,0.237,1375.0,1871.0,1.4,0,1,15,0,0,13.61,,76.7
2025-04-06 13:00:00,OP0027,M0040,,0.298,1684.0,1888.0,14.2,0,0,6,1,1,23.45,0.546,66.3
2025-04-06 13:00:00,OP0039,M0014,,0.054,1883.0,2225.0,17.9,2,0,6,1,0,25.47,0.713,83.2
2025-04-06 13:00:00,OP0031,M0024,,0.01,1786.0,1904.0,4.9,1,0,3,0,1,16.04,0.637,80.6
2025-04-06 14:00:00,OP0011,M0005,,0.201,2105.0,2317.0,3.4,3,1,1,0,0,32.14,0.633,78.9
2025-04-06 14:00:00,OP0038,M0013,,0.244,1892.0,2188.0,2.4,1,1,6,1,0,12.05,0.717,72.5
2025-04-06 14:00:00,OP0014,M0040,,0.139,1730.0,1999.0,5.9,0,0,6,0,0,13.3,1.011,94.8
2025-04-06 14:32:00,OP0017,M0025,T00764,0.3,1734.0,2598.0,2.7,0,1,33,1,1,15.58,,29.9
2025-04-06 15:00:00,OP0049,M0039,,0.202,1801.0,1973.0,1.1,0,0,2,0,0,8.79,0.758,80.9
2025-04-06 15:00:00,OP0055,M0017,,0.081,1860.0,2187.0,12.3,1,0,6,0,0,7.76,0.607,97.4
2025-04-07 06:00:00,OP0006,M0019,,0.145,2326.0,2541.0,2.1,0,0,12,0,0,8.7,0.886,84.0
2025-04-07 07:00:00,OP0022,M0042,,0.042,1847.0,2058.0,2.4,4,2,5,1,0,15.64,0.725,68.6
2025-04-07 07:00:00,OP0026,M0009,,0.14,1794.0,1993.0,3.9,2,1,5,1,0,8.99,0.751,78.9
2025-04-07 08:00:00,OP0019,M0025,,0.285,1659.0,1807.0,5.8,1,0,6,2,1,8.92,0.514,54.0
2025-04-07 08:00:00,OP0050,M0003,,0.01,1565.0,1840.0,3.8,1,1,4,0,0,24.71,0.959,88.8
2025-04-07 08:00:00,OP0012,M0014,,0.121,2086.0,2375.0,15.4,1,0,6,0,0,24.21,1.054,90.0
2025-04-07 09:42:00,OP0010,M0024,T00184,0.292,1763.0,2646.0,2.8,0,1,23,0,1,15.44,,49.9
2025-04-07 10:00:00,OP0014,M0005,,0.206,1681.0,2039.0,3.4,0,0,9,0,0,18.02,1.018,92.1
2025-04-07 10:00:00,OP0032,M0041,,0.06,1843.0,2117.0,8.1,0,0,9,0,0,5.07,0.858,91.6
2025-04-07 10:00:00,OP0035,M0006,,0.054,1831.0,2153.0,7.0,0,1,8,0,0,5.88,0.916,88.2
2025-04-07 11:00:00,OP0054,M0034,,0.084,1869.0,1990.0,3.7,0,0,7,0,0,8.93,0.64,91.9
2025-04-07 11:11:00,OP0036,M0036,T00136,0.35,1482.0,2165.0,2.1,0,0,20,2,0,18.48,,44.8
2025-04-07 12:00:00,OP0047,M0036,,0.01,2370.0,2541.0,6.1,0,0,7,0,0,12.47,0.964,98.7
2025-04-07 12:42:00,OP0021,M0025,T00531,0.292,1632.0,2371.0,2.8,0,0,15,0,0,14.18,,68.7
2025-04-07 13:00:00,OP0048,M0031,,0.183,1935.0,2313.0,4.7,0,1,3,1,0,18.13,0.529,80.8
2025-04-07 13:00:00,OP0029,M0014,,0.132,1879.0,2110.0,8.1,2,1,6,1,0,15.62,0.419,72.0
2025-04-07 13:00:00,OP0013,M0017,,0.106,1618.0,1937.0,9.2,1,1,9,1,1,14.96,0.85,65.4
2025-04-07 14:00:00,OP0009,M0017,,0.422,1537.0,1876.0,1.8,2,0,10,1,1,11.63,0.725,46.6
2025-04-07 14:00:00,OP0020,M0005,,0.221,1849.0,2062.0,25.7,0,1,4,1,0,30.69,0.52,84.4
2025-04-07 14:00:00,OP0032,M0015,,0.01,1649.0,1905.0,2.2,2,0,6,0,0,11.31,1.018,93.2
2025-04-07 14:34:00,OP0035,M0038,T00775,0.312,1285.0,1801.0,2.2,0,0,38,0,1,15.92,,41.1
2025-04-07 15:00:00,OP0041,M0004,,0.324,1930.0,2146.0,8.5,4,0,6,1,1,7.04,0.739,49.7
2025-04-08 07:00:00,OP0022,M0021,,0.123,1824.0,2107.0,4.3,1,0,3,2,0,6.58,0.997,79.0
2025-04-08 07:00:00,OP0045,M0032,,0.26,1841.0,2103.0,2.0,1,1,6,1,3,29.1,0.631,37.0
2025-04-08 07:00:00,OP0041,M0005,,0.248,1854.0,2134.0,8.4,0,0,6,0,2,33.97,0.76,65.5
2025-04-08 08:00:00,OP0005,M0033,,0.12,1947.0,2179.0,8.0,0,1,2,1,0,15.49,0.79,85.9
2025-04-08 08:00:00,OP0018,M0014,,0.152,1640.0,1829.0,27.0,0,0,7,1,0,20.86,0.872,84.8
2025-04-08 08:00:00,OP0045,M0038,,0.33,1609.0,1757.0,6.0,1,2,6,2,0,27.29,0.514,45.1
2025-04-08 09:00:00,OP0013,M0005,,0.043,1829.0,2071.0,6.8,6,0,6,0,1,13.69,0.614,67.2
2025-04-08 09:00:00,OP0034,M0042,,0.247,1602.0,1836.0,6.1,0,0,9,1,0,25.57,0.791,73.0
2025-04-08 10:00:00,OP0051,M0022,,0.087,1624.0,1784.0,5.1,2,0,2,0,0,24.39,0.796,84.2
2025-04-08 11:00:00,OP0005,M0008,,0.231,1990.0,2256.0,1.4,0,1,4,1,0,14.11,0.744,70.4
2025-04-08 11:00:00,OP0053,M0004,,0.236,2500.0,2600.0,4.5,0,1,4,0,1,8.03,0.892,73.9
2025-04-08 12:00:00,OP0026,M0034,,0.099,1859.0,2150.0,1.7,0,0,7,1,0,23.05,0.868,87.8
2025-04-08 12:00:00,OP0045,M0015,,0.319,2056.0,2245.0,3.0,0,1,5,0,0,13.1,0.531,73.2
2025-04-08 13:00:00,OP0015,M0010,,0.291,1580.0,1876.0,5.0,1,0,6,0,0,18.21,0.41,81.3
2025-04-08 13:35:00,OP0030,M0023,T00025,0.304,1524.0,2230.0,2.7,0,0,17,1,0,13.71,,60.7
2025-04-08 14:00:00,OP0053,M0003,,0.196,2434.0,2600.0,2.2,0,1,7,0,0,27.79,0.864,91.3
2025-04-08 14:00:00,OP0052,M0027,,0.27,2016.0,2353.0,2.9,1,0,4,2,0,22.07,0.751,62.8
2025-04-08 14:00:00,OP0008,M0042,,0.3,2253.0,2561.0,2.9,1,1,6,1,1,20.11,0.398,50.2
2025-04-08 14:00:00,OP0007,M0006,,0.208,1934.0,2275.0,3.4,0,2,5,1,1,4.22,0.53,65.6
2025-04-09 06:00:00,OP0013,M0014,,0.062,1913.0,2045.0,25.9,0,2,7,0,0,11.87,0.691,84.2
2025-04-09 07:00:00,OP0022,M0010,,0.063,1657.0,1764.0,26.0,2,1,7,0,0,15.94,0.827,82.6
2025-04-09 08:00:00,OP0024,M0008,,0.111,1919.0,2063.0,3.0,2,1,9,1,0,12.13,0.697,73.0
2025-04-09 08:00:00,OP0033,M0034,,0.131,1788.0,2117.0,2.2,1,0,3,0,0,11.06,1.041,90.8
2025-04-09 08:00:00,OP0036,M0035,,0.099,2060.0,2244.0,3.5,0,0,6,0,0,12.72,0.532,96.0
2025-04-09 09:00:00,OP0031,M0005,,0.01,1943.0,2278.0,13.9,2,0,10,0,0,23.54,0.533,87.7
2025-04-09 09:00:00,OP0017,M0009,,0.143,1839.0,2151.0,1.5,2,1,8,0,0,15.73,0.95,79.1
2025-04-09 10:04:00,OP0024,M0025,T00131,0.4,1461.0,2332.0,3.2,0,0,1,1,1,13.25,,53.6
2025-04-09 10:57:00,OP0019,M0029,T00643,0.242,1444.0,1955.0,3.2,0,1,25,3,1,18.65,,25.4
2025-04-09 11:00:00,OP0047,M0038,,0.075,2285.0,2482.0,1.6,2,0,9,3,0,15.61,1.04,59.2
2025-04-09 12:00:00,OP0039,M0021,,0.075,2119.0,2397.0,12.3,1,0,3,1,0,7.8,0.777,81.2
2025-04-09 12:00:00,OP0002,M0020,,0.017,2024.0,2178.0,10.2,1,0,4,0,0,3.73,1.039,92.2
2025-04-09 12:37:00,OP0001,M0005,T00078,0.234,1620.0,2240.0,10.8,0,0,18,1,1,20.45,,51.5
2025-04-09 14:00:00,OP0016,M0030,,0.201,2110.0,2405.0,2.6,0,2,3,0,2,22.88,0.933,59.9
2025-04-09 14:00:00,OP0036,M0023,,0.074,2032.0,2425.0,8.7,1,0,7,3,0,18.09,0.613,69.9
2025-04-09 15:00:00,OP0025,M0007,,0.208,1905.0,2055.0,7.3,1,3,7,0,0,8.95,0.969,74.1
2025-04-09 15:00:00,OP0024,M0008,,0.155,1725.0,1967.0,1.5,0,0,9,2,0,17.86,0.509,71.7
2025-04-09 15:00:00,OP0006,M0006,,0.055,2279.0,2512.0,7.3,1,0,3,1,0,4.67,0.994,86.6
2025-04-10 06:00:00,OP0024,M0032,,0.104,1550.0,1835.0,6.6,0,0,4,0,0,21.59,0.673,94.9
2025-04-10 07:00:00,OP0052,M0014,,0.248,2266.0,2600.0,6.6,0,0,1,1,0,23.71,0.804,77.2
2025-04-10 07:00:00,OP0018,M0009,,0.123,1431.0,1761.0,2.3,1,0,6,0,0,10.36,0.769,93.4
2025-04-10 10:00:00,OP0026,M0027,,0.083,1963.0,2278.0,2.7,0,0,7,0,0,8.52,0.895,93.1
2025-04-10 11:00:00,OP0014,M0024,,0.124,1954.0,2258.0,6.2,0,1,4,0,1,17.45,0.881,82.3
2025-04-10 11:00:00,OP0010,M0028,,0.078,2215.0,2512.0,3.6,1,0,4,0,0,19.2,0.758,94.7
2025-04-10 12:00:00,OP0041,M0002,,0.327,1886.0,2161.0,3.0,0,0,6,2,1,19.62,0.73,50.7
2025-04-10 12:00:00,OP0013,M0038,,0.01,1794.0,2071.0,6.9,0,1,10,0,0,24.76,0.492,92.4
2025-04-10 12:22:00,OP0050,M0041,T00560,0.31,1553.0,2348.0,2.3,0,0,27,0,0,7.15,,61.3
2025-04-10 13:33:00,OP0036,M0031,T00469,0.233,1810.0,2571.0,2.9,0,0,20,2,0,16.12,,56.6
2025-04-10 14:00:00,OP0010,M0001,,0.099,2070.0,2224.0,1.1,0,1,10,0,0,19.11,0.844,88.1
2025-04-10 15:00:00,OP0028,M0013,,0.201,1844.0,2006.0,6.6,0,0,6,0,0,6.52,0.815,91.0
2025-04-10 15:00:00,OP0032,M0013,,0.074,1881.0,2058.0,2.1,0,1,5,0,0,7.35,1.0,98.5
2025-04-10 15:00:00,OP0017,M0021,,0.08,2061.0,2173.0,3.5,0,0,6,0,0,9.46,0.738,96.2
2025-04-10 15:00:00,OP0027,M0013,,0.251,1671.0,1825.0,6.7,3,1,6,0,2,7.5,0.653,58.4
2025-04-11 06:00:00,OP0002,M0012,,0.168,1677.0,2043.0,8.1,0,1,5,0,0,26.19,0.823,92.0
2025-04-11 06:00:00,OP0010,M0028,,0.088,2019.0,2296.0,3.8,1,1,6,0,0,6.86,0.861,87.7
2025-04-11 06:00:00,OP0042,M0011,,0.251,1863.0,2116.0,10.9,0,1,1,0,1,5.4,0.655,74.4
2025-04-11 09:00:00,OP0014,M0020,,0.207,1950.0,2103.0,7.4,0,1,6,0,0,7.8,0.915,78.5
2025-04-11 09:00:00,OP0047,M0041,,0.057,2459.0,2600.0,11.2,0,0,2,0,0,4.74,0.889,91.4
2025-04-11 09:43:00,OP0041,M0032,T00053,0.317,1438.0,2039.0,2.1,0,0,32,1,2,17.15,,24.1
2025-04-11 10:00:00,OP0014,M0035,,0.079,1676.0,1950.0,1.6,0,1,4,0,1,7.24,0.889,85.0
2025-04-11 11:00:00,OP0022,M0025,,0.043,2168.0,2462.0,1.5,1,0,7,0,0,13.01,0.799,87.4
2025-04-11 11:00:00,OP0016,M0032,,0.213,2027.0,2270.0,3.4,1,1,7,2,1,25.82,0.771,54.3
2025-04-11 11:00:00,OP0052,M0015,,0.161,2106.0,2356.0,1.0,1,0,8,0,2,16.57,0.563,61.5
2025-04-11 11:00:00,OP0043,M0013,,0.01,1825.0,2088.0,3.9,0,2,11,0,0,11.18,0.908,84.9
2025-04-11 13:00:00,OP0001,M0024,,0.163,1797.0,2170.0,14.2,0,1,3,0,0,18.42,0.896,83.6
2025-04-11 13:00:00,OP0031,M0016,,0.041,2263.0,2510.0,4.3,1,0,9,0,1,12.59,0.572,88.2
2025-04-11 13:00:00,OP0055,M0015,,0.126,1773.0,2075.0,2.5,2,1,6,0,1,6.76,0.798,72.9
2025-04-11 13:00:00,OP0037,M0023,,0.113,2500.0,2600.0,3.8,0,1,7,0,1,21.78,0.84,84.3
2025-04-11 13:00:00,OP0035,M0036,,0.212,1323.0,1527.0,2.5,1,0,6,0,0,28.22,0.884,86.6
2025-04-11 13:00:00,OP0006,M0039,,0.075,1929.0,2071.0,1.3,0,3,3,0,0,11.49,0.873,85.7
2025-04-11 14:00:00,OP0021,M0002,,0.162,1834.0,2093.0,12.1,0,0,6,0,0,22.95,1.03,86.8
2025-04-11 14:00:00,OP0007,M0014,,0.222,1836.0,2065.0,8.3,2,2,6,1,0,30.5,0.576,63.5
2025-04-11 14:11:00,OP0049,M0038,T00520,0.205,1539.0,2072.0,2.7,0,0,42,3,0,20.89,,21.5
2025-04-11 15:00:00,OP0050,M0013,,0.067,2123.0,2298.0,4.7,0,4,1,0,0,10.68,0.874,90.0
2025-04-11 15:00:00,OP0047,M0020,,0.01,2500.0,2600.0,7.1,0,1,9,0,2,10.6,0.95,71.5
2025-04-11 15:00:00,OP0036,M0018,,0.099,2103.0,2494.0,3.0,1,1,5,1,0,6.83,0.479,83.6
2025-04-11 15:00:00,OP0050,M0034,,0.079,1615.0,1907.0,4.6,0,1,3,0,0,22.71,1.113,93.1
2025-04-12 06:00:00,OP0052,M0015,,0.253,1670.0,1895.0,1.4,1,1,11,0,0,11.16,0.678,69.2
2025-04-12 07:00:00,OP0022,M0018,,0.029,1848.0,2104.0,1.9,0,0,10,0,1,21.43,1.023,80.2
2025-04-12 10:00:00,OP0007,M0020,,0.163,1948.0,2253.0,2.1,1,2,7,1,2,10.86,0.402,48.2
2025-04-12 10:00:00,OP0011,M0035,,0.164,2142.0,2329.0,8.9,1,3,5,1,0,8.46,0.513,65.5
2025-04-12 11:00:00,OP0020,M0026,,0.211,1795.0,1919.0,10.8,1,2,3,3,1,8.07,0.389,36.4
2025-04-12 11:00:00,OP0021,M0031,,0.243,1782.0,1974.0,10.0,1,1,6,0,0,7.77,0.595,78.2
2025-04-12 11:00:00,OP0055,M0018,,0.059,1802.0,2151.0,2.6,2,0,3,1,1,20.89,0.611,71.0
2025-04-12 11:00:00,OP0055,M0039,,0.187,1712.0,1993.0,4.3,1,0,4,1,1,18.38,0.577,72.8
2025-04-12 11:56:00,OP0034,M0020,T00677,0.25,1552.0,2201.0,1.7,0,0,11,1,0,7.49,,70.0
2025-04-12 12:00:00,OP0011,M0011,,0.128,1904.0,2160.0,4.2,0,3,3,1,1,11.33,0.687,68.6
2025-04-12 12:32:00,OP0019,M0016,T00668,0.297,1564.0,2248.0,2.7,0,1,19,0,1,8.58,,55.9
2025-04-12 13:00:00,OP0029,M0019,,0.188,1981.0,2361.0,2.6,1,1,4,1,2,8.13,0.524,50.3
2025-04-12 14:00:00,OP0045,M0033,,0.312,2180.0,2520.0,12.6,1,1,3,0,2,16.76,0.485,60.2
2025-04-12 14:00:00,OP0012,M0017,,0.164,1776.0,1887.0,10.5,4,2,4,2,1,16.43,0.848,44.9
2025-04-12 15:00:00,OP0033,M0038,,0.134,1426.0,1537.0,3.1,1,0,9,1,0,9.85,0.81,75.2
2025-04-12 15:00:00,OP0050,M0025,,0.041,2088.0,2285.0,10.1,0,1,9,0,0,7.82,0.978,87.8
2025-04-12 15:45:00,OP0049,M0022,T00332,0.258,1621.0,2279.0,7.8,0,0,14,1,0,21.8,,67.9
2025-04-13 06:00:00,OP0028,M0032,,0.16,1665.0,1998.0,1.7,1,1,5,0,0,28.62,0.85,85.5
2025-04-13 07:00:00,OP0037,M0012,,0.081,2274.0,2374.0,25.7,1,0,7,1,0,17.73,0.641,87.3
2025-04-13 08:00:00,OP0052,M0036,,0.234,2012.0,2116.0,3.1,1,0,6,1,2,25.13,0.586,58.4
2025-04-13 09:00:00,OP0003,M0037,,0.228,1810.0,2040.0,3.3,2,2,5,0,0,11.9,0.683,83.7
2025-04-13 09:00:00,OP0045,M0006,,0.352,1977.0,2329.0,10.1,1,0,8,1,1,9.5,0.57,52.8
2025-04-13 10:00:00,OP0053,M0032,,0.151,2405.0,2600.0,3.9,1,0,5,0,0,21.0,0.818,87.6
2025-04-13 10:00:00,OP0055,M0022,,0.103,1674.0,1818.0,20.5,2,0,3,2,1,11.46,0.688,59.4
2025-04-13 10:00:00,OP0027,M0016,,0.254,1907.0,2186.0,7.0,2,0,6,1,0,7.64,0.729,59.5
2025-04-13 11:00:00,OP0043,M0014,,0.01,1479.0,1861.0,13.5,0,1,6,0,0,12.3,0.903,97.8
2025-04-13 12:00:00,OP0035,M0009,,0.059,1636.0,1777.0,2.2,1,0,8,0,0,19.6,1.045,84.0
2025-04-13 12:00:00,OP0005,M0022,,0.22,1868.0,2084.0,8.6,1,3,5,0,0,32.86,0.592,67.9
2025-04-13 12:00:00,OP0011,M0041,,0.257,2236.0,2512.0,5.7,1,1,13,0,1,9.02,0.584,62.5
2025-04-13 13:19:00,OP0029,M0032,T00659,0.167,1581.0,2054.0,2.9,0,0,34,1,1,20.16,,41.5
2025-04-13 13:24:00,OP0051,M0001,T00416,0.175,1470.0,1950.0,1.7,0,0,12,0,0,14.55,,88.1
2025-04-13 13:52:00,OP0034,M0011,T00111,0.192,1605.0,2235.0,3.0,0,0,17,0,1,7.42,,68.5
2025-04-13 14:00:00,OP0030,M0041,,0.148,1589.0,1756.0,8.8,0,0,7,1,0,10.63,0.772,79.2
2025-04-13 14:55:00,OP0055,M0036,T00455,0.175,1531.0,2029.0,3.1,0,0,55,1,2,20.49,,9.9
2025-04-14 06:00:00,OP0049,M0032,,0.151,1806.0,2178.0,2.6,0,0,7,0,0,11.15,0.706,92.8
2025-04-14 06:00:00,OP0006,M0036,,0.109,2037.0,2405.0,1.6,0,1,1,0,0,11.42,1.025,89.6
2025-04-14 07:00:00,OP0010,M0039,,0.141,1902.0,2167.0,3.2,2,1,8,0,0,19.6,0.974,81.2
2025-04-14 08:00:00,OP0006,M0007,,0.036,2461.0,2600.0,1.3,2,1,7,0,0,4.38,0.842,77.1
2025-04-14 08:29:00,OP0041,M0030,T00509,0.221,1546.0,2124.0,1.3,0,0,10,2,1,15.39,,62.7
2025-04-14 09:00:00,OP0030,M0015,,0.131,1714.0,2012.0,2.4,1,1,5,0,0,17.63,0.754,85.3
2025-04-14 10:00:00,OP0035,M0019,,0.061,1623.0,1743.0,4.3,3,0,2,0,0,8.09,0.712,88.7
2025-04-14 10:00:00,OP0018,M0025,,0.101,1587.0,1853.0,12.3,3,1,7,1,1,17.47,0.719,57.4
2025-04-14 10:24:00,OP0010,M0001,T00656,0.221,1727.0,2416.0,1.3,0,0,12,0,2,17.94,,59.4
2025-04-14 11:00:00,OP0015,M0019,,0.219,1524.0,1729.0,8.5,0,1,6,1,0,11.41,0.3,67.4
2025-04-14 11:00:00,OP0025,M0004,,0.256,1709.0,2074.0,8.9,1,1,9,1,0,6.54,0.931,63.5
2025-04-14 11:00:00,OP0024,M0016,,0.191,1961.0,2160.0,7.7,1,0,7,0,0,12.98,0.692,86.7
2025-04-14 11:00:00,OP0007,M0021,,0.217,1831.0,1960.0,5.9,0,0,8,2,1,15.07,0.365,54.8
2025-04-14 11:17:00,OP0014,M0042,T00029,0.292,1388.0,1919.0,2.0,1,0,27,1,0,17.75,,44.4
2025-04-14 12:00:00,OP0038,M0036,,0.17,1619.0,1899.0,5.0,1,2,9,0,0,14.96,0.569,85.4
2025-04-14 12:00:00,OP0024,M0003,,0.133,1529.0,1674.0,6.8,0,1,7,1,1,9.25,0.681,69.4
2025-04-14 12:00:00,OP0005,M0036,,0.109,1469.0,1578.0,5.3,0,1,7,1,0,24.91,0.766,77.8
2025-04-14 12:00:00,OP0004,M0008,,0.048,2126.0,2393.0,4.5,0,0,5,1,0,18.61,1.015,94.6
2025-04-14 12:00:00,OP0044,M0009,,0.149,2331.0,2600.0,4.2,0,0,5,2,0,15.08,0.874,66.5
2025-04-14 14:00:00,OP0055,M0030,,0.189,1883.0,1992.0,4.6,0,0,8,2,0,13.45,0.687,63.3
2025-04-14 14:00:00,OP0043,M0020,,0.084,1966.0,2163.0,7.5,1,0,3,0,0,6.79,0.953,88.5
2025-04-14 14:00:00,OP0019,M0019,,0.301,1938.0,2270.0,11.8,1,0,6,2,0,5.17,0.536,62.2
2025-04-14 14:28:00,OP0026,M0024,T00379,0.142,1783.0,2363.0,4.3,0,0,4,1,0,16.49,,83.6
2025-04-14 15:00:00,OP0039,M0010,,0.173,2003.0,2245.0,15.7,1,0,3,0,0,22.33,0.657,95.2
2025-04-14 15:00:00,OP0025,M0036,,0.148,1787.0,1909.0,2.9,2,1,7,1,0,10.75,0.794,71.6
2025-04-15 06:00:00,OP0010,M0038,,0.048,1772.0,2063.0,6.1,1,0,8,0,0,18.31,0.749,90.3
2025-04-15 06:00:00,OP0054,M0010,,0.016,1901.0,2117.0,1.3,1,0,4,0,2,24.66,0.677,76.6
2025-04-15 06:00:00,OP0020,M0025,,0.187,1944.0,2072.0,1.4,2,0,6,2,0,22.28,0.703,64.9
2025-04-15 06:05:00,OP0028,M0028,T00368,0.275,1388.0,1919.0,1.3,0,0,11,0,0,13.49,,73.8
2025-04-15 07:00:00,OP0026,M0007,,0.134,2101.0,2370.0,1.4,0,0,8,1,0,5.37,0.835,82.5
2025-04-15 08:00:00,OP0018,M0021,,0.13,1529.0,1897.0,12.4,1,1,7,0,1,15.46,0.839,77.8
2025-04-15 08:00:00,OP0039,M0041,,0.01,2085.0,2286.0,11.8,1,0,11,0,0,10.68,0.834,87.1
2025-04-15 08:01:00,OP0040,M0039,T00336,0.158,1617.0,2138.0,1.8,0,0,4,0,1,16.47,,84.4
2025-04-15 09:00:00,OP0022,M0017,,0.057,2020.0,2369.0,2.1,0,0,5,1,0,5.78,0.744,91.9
2025-04-15 09:00:00,OP0044,M0023,,0.17,2500.0,2600.0,5.4,3,2,4,0,0,11.75,1.073,80.3
2025-04-15 11:51:00,OP0031,M0005,T00632,0.154,1834.0,2409.0,14.7,0,0,13,0,1,25.98,,71.7
2025-04-15 12:00:00,OP0022,M0002,,0.104,2292.0,2544.0,12.9,0,1,4,0,0,6.84,0.856,91.3
2025-04-15 12:00:00,OP0006,M0004,,0.075,2173.0,2338.0,5.4,0,0,11,0,0,11.02,1.064,90.1
2025-04-15 13:00:00,OP0006,M0004,,0.106,2239.0,2466.0,3.8,0,1,8,2,0,13.9,0.958,72.6
2025-04-15 13:00:00,OP0033,M0028,,0.226,1632.0,1915.0,3.0,0,1,8,0,0,14.92,0.999,77.7
2025-04-15 13:00:00,OP0033,M0019,,0.151,1608.0,1919.0,2.2,0,0,7,0,1,7.94,0.919,82.7
2025-04-15 14:00:00,OP0044,M0012,,0.232,2235.0,2377.0,19.5,1,0,4,0,0,12.25,1.041,87.4
2025-04-15 14:00:00,OP0046,M0023,,0.259,2163.0,2534.0,2.8,2,3,7,0,0,13.8,0.632,67.9
2025-04-15 15:00:00,OP0007,M0030,,0.296,1705.0,2031.0,4.0,0,0,7,3,1,12.19,0.43,50.8
2025-04-15 15:00:00,OP0051,M0003,,0.138,1580.0,1952.0,1.8,1,2,7,0,0,21.18,0.719,83.1
2025-04-15 15:52:00,OP0020,M0033,T00159,0.312,1400.0,2007.0,4.0,0,0,14,1,1,9.28,,53.0
2025-04-16 06:00:00,OP0053,M0041,,0.132,2500.0,2600.0,9.4,0,1,7,0,0,11.08,0.678,94.4
2025-04-16 07:00:00,OP0021,M0010,,0.219,2097.0,2246.0,26.2,1,1,2,0,0,18.54,0.933,75.1
2025-04-16 07:00:00,OP0049,M0034,,0.224,1961.0,2255.0,1.0,1,1,6,0,0,10.56,0.699,75.2
2025-04-16 07:00:00,OP0036,M0007,,0.018,2243.0,2600.0,7.4,0,0,6,1,0,9.22,0.341,94.7
2025-04-16 08:00:00,OP0052,M0039,,0.156,1950.0,2197.0,1.9,0,0,2,2,1,17.54,0.762,64.7
2025-04-16 08:00:00,OP0007,M0040,,0.268,1828.0,2038.0,5.8,0,0,5,1,0,8.65,0.714,67.9
2025-04-16 08:00:00,OP0008,M0023,,0.256,2500.0,2600.0,4.8,1,1,4,1,2,21.76,0.545,52.8
2025-04-16 09:00:00,OP0034,M0011,,0.157,1818.0,1923.0,2.7,1,2,1,1,1,4.2,0.782,61.2
2025-04-16 11:00:00,OP0022,M0039,,0.034,2053.0,2434.0,1.7,2,0,3,0,1,7.72,0.731,85.4
2025-04-16 11:00:00,OP0030,M0022,,0.137,1958.0,2219.0,8.5,0,4,3,1,0,15.56,0.641,65.4
2025-04-16 11:00:00,OP0046,M0033,,0.32,1745.0,2064.0,3.2,0,1,3,0,0,18.73,0.552,81.2
2025-04-16 11:00:00,OP0038,M0022,,0.217,1639.0,2010.0,14.7,2,2,6,1,0,31.9,0.561,66.9
2025-04-16 12:00:00,OP0044,M0034,,0.222,1847.0,2065.0,1.8,1,0,9,0,0,25.06,0.981,80.6
2025-04-16 13:00:00,OP0038,M0029,,0.18,1729.0,1955.0,5.7,1,0,8,1,0,18.23,0.693,67.7
2025-04-16 13:34:00,OP0040,M0018,T00607,0.246,1518.0,2138.0,1.5,0,0,7,0,0,15.55,,81.3
2025-04-16 14:00:00,OP0040,M0031,,0.154,1892.0,2233.0,9.9,0,0,10,0,0,17.87,0.597,86.9
2025-04-16 14:00:00,OP0012,M0040,,0.176,1893.0,2253.0,2.6,0,1,6,2,0,14.01,0.774,72.9
2025-04-16 14:00:00,OP0055,M0013,,0.146,1919.0,2021.0,6.6,2,1,4,0,0,6.64,0.651,88.1
2025-04-16 14:55:00,OP0004,M0016,T00403,0.211,1816.0,2493.0,3.5,0,0,7,0,0,10.06,,82.5
2025-04-16 15:00:00,OP0048,M0031,,0.166,1795.0,1907.0,4.6,1,0,5,0,0,8.93,0.579,82.8
2025-04-16 15:00:00,OP0009,M0007,,0.277,1670.0,1941.0,5.2,0,3,7,1,0,9.95,0.751,58.9
2025-04-16 15:00:00,OP0041,M0003,,0.297,1723.0,1966.0,6.4,1,1,1,2,0,29.47,0.806,57.6
2025-04-17 07:00:00,OP0040,M0042,,0.144,1640.0,1925.0,1.6,0,0,8,0,0,24.41,0.695,84.2
2025-04-17 07:00:00,OP0028,M0001,,0.235,1439.0,1816.0,1.9,2,1,8,0,0,24.05,0.753,74.2
2025-04-17 08:00:00,OP0053,M0038,,0.166,2500.0,2600.0,4.0,0,1,2,0,2,29.13,0.936,62.7
2025-04-17 08:00:00,OP0001,M0041,,0.086,2051.0,2284.0,4.0,1,0,2,0,0,11.2,0.677,92.6
2025-04-17 08:00:00,OP0049,M0035,,0.143,2006.0,2359.0,3.9,1,0,6,2,0,15.24,0.867,74.5
2025-04-17 11:00:00,OP0046,M0026,,0.298,2152.0,2353.0,11.2,1,0,10,1,0,13.5,0.595,54.5
2025-04-17 11:00:00,OP0041,M0037,,0.294,2203.0,2339.0,3.9,2,1,6,1,0,14.18,0.694,61.5
2025-04-17 12:00:00,OP0014,M0001,,0.037,1830.0,2051.0,3.2,0,1,5,2,0,14.84,0.996,80.4
2025-04-17 12:00:00,OP0044,M0013,,0.092,2125.0,2370.0,8.9,0,2,4,0,0,6.23,1.02,83.2
2025-04-17 12:00:00,OP0030,M0033,,0.152,1858.0,2198.0,12.7,0,1,7,2,0,10.37,0.622,60.7
2025-04-17 12:00:00,OP0007,M0005,,0.182,1494.0,1870.0,7.4,0,3,5,2,0,14.72,0.441,65.3
2025-04-17 13:00:00,OP0033,M0039,,0.115,1731.0,2074.0,4.3,0,1,8,0,2,18.19,0.919,64.0
2025-04-17 13:00:00,OP0050,M0019,,0.116,1977.0,2332.0,9.6,1,0,4,0,0,11.86,0.973,81.2
2025-04-17 14:00:00,OP0034,M0034,,0.169,1390.0,1700.0,1.7,2,0,4,1,0,8.79,0.988,73.1
2025-04-18 06:00:00,OP0039,M0020,,0.173,1816.0,2075.0,6.9,1,0,6,1,0,10.54,0.766,79.3
2025-04-18 06:00:00,OP0015,M0013,,0.231,1806.0,2000.0,6.9,0,0,7,0,0,4.11,0.3,84.2
2025-04-18 06:36:00,OP0043,M0041,T00711,0.074,1732.0,2091.0,4.0,0,0,7,0,0,8.14,,93.4
2025-04-18 08:00:00,OP0011,M0042,,0.244,1766.0,2049.0,3.3,0,0,8,0,1,21.13,0.61,70.4
2025-04-18 08:14:00,OP0031,M0029,T00735,0.317,1508.0,2190.0,2.4,0,0,24,2,0,18.92,,40.4
2025-04-18 09:00:00,OP0038,M0003,,0.267,1560.0,1723.0,4.2,1,0,7,0,0,23.06,0.469,82.9
2025-04-18 09:00:00,OP0048,M0009,,0.202,1807.0,2142.0,3.4,0,4,7,1,0,19.37,0.649,67.9
2025-04-18 09:00:00,OP0024,M0038,,0.219,1530.0,1895.0,2.8,1,0,2,0,0,25.81,0.851,85.5
2025-04-18 09:00:00,OP0010,M0016,,0.085,2049.0,2280.0,1.5,2,0,2,1,0,5.32,0.898,79.2
2025-04-18 09:00:00,OP0027,M0001,,0.212,1458.0,1678.0,2.0,2,2,7,0,0,22.53,0.824,76.6
2025-04-18 10:00:00,OP0022,M0004,,0.022,1918.0,2287.0,3.0,1,0,5,2,0,13.43,0.696,84.6
2025-04-18 10:00:00,OP0014,M0008,,0.178,1884.0,2280.0,4.4,0,0,9,0,0,12.21,1.024,82.6
2025-04-18 11:00:00,OP0017,M0026,,0.099,2002.0,2300.0,11.4,0,1,3,0,0,14.52,0.811,92.6
2025-04-18 11:00:00,OP0052,M0019,,0.213,1947.0,2047.0,9.0,0,1,4,2,0,10.45,0.611,60.2
2025-04-18 12:00:00,OP0022,M0038,,0.091,1665.0,1852.0,4.2,0,0,8,0,0,26.62,0.938,87.6
2025-04-18 13:00:00,OP0055,M0029,,0.163,1722.0,2121.0,2.9,1,1,3,0,1,11.38,0.695,72.0
2025-04-18 13:00:00,OP0050,M0011,,0.076,1914.0,2255.0,3.7,0,1,6,0,1,4.2,1.004,79.0
2025-04-18 13:00:00,OP0035,M0009,,0.086,1576.0,1955.0,4.3,0,0,8,0,0,17.93,0.9,95.2
2025-04-18 13:00:00,OP0020,M0030,,0.144,1770.0,1989.0,4.3,2,1,9,0,0,13.07,0.539,72.6
2025-04-18 14:00:00,OP0001,M0012,,0.024,1826.0,2058.0,25.7,0,0,5,0,1,19.74,0.767,88.7
2025-04-18 14:00:00,OP0040,M0031,,0.101,1836.0,1988.0,7.1,1,0,7,0,0,19.17,0.819,92.6
2025-04-18 14:00:00,OP0036,M0042,,0.194,1940.0,2327.0,3.5,0,1,2,0,0,28.15,0.501,89.1
2025-04-18 15:00:00,OP0015,M0042,,0.225,1313.0,1678.0,4.1,1,1,5,0,0,23.93,0.369,91.0
2025-04-18 15:47:00,OP0004,M0035,T00185,0.312,1606.0,2385.0,3.4,0,0,25,0,0,10.58,,66.4
2025-04-19 06:00:00,OP0052,M0019,,0.293,2115.0,2321.0,2.3,0,2,5,3,1,7.84,0.676,50.2
2025-04-19 06:00:00,OP0006,M0002,,0.089,2500.0,2600.0,10.8,1,0,6,0,0,10.84,1.105,93.6
2025-04-19 06:00:00,OP0023,M0003,,0.182,1862.0,2140.0,3.2,0,1,4,0,0,11.09,0.517,88.1
2025-04-19 07:00:00,OP0053,M0035,,0.042,2500.0,2600.0,9.9,1,1,4,0,0,13.15,0.788,94.7
2025-04-19 08:00:00,OP0035,M0035,,0.189,1708.0,2005.0,4.0,0,0,6,0,0,8.41,0.89,90.5
2025-04-19 08:00:00,OP0035,M0019,,0.094,1624.0,1887.0,1.2,0,3,1,0,0,9.21,0.763,83.7
2025-04-19 09:00:00,OP0053,M0037,,0.11,2500.0,2600.0,7.1,1,0,5,0,0,10.81,0.898,87.9
2025-04-19 09:00:00,OP0049,M0021,,0.228,1875.0,2097.0,2.0,2,2,7,0,0,6.06,0.663,70.3
2025-04-19 09:02:00,OP0046,M0032,T00328,0.284,1500.0,2112.0,2.3,0,1,9,2,1,18.89,,50.6
2025-04-19 10:00:00,OP0005,M0007,,0.249,1891.0,2055.0,3.9,0,0,8,1,0,6.48,0.527,73.9
2025-04-19 10:20:00,OP0001,M0009,T00652,0.391,1395.0,2071.0,1.7,0,0,0,0,0,13.15,,76.6
2025-04-19 11:00:00,OP0027,M0031,,0.283,1819.0,1971.0,13.7,1,0,2,2,3,21.85,0.701,37.2
2025-04-19 11:00:00,OP0013,M0021,,0.195,1856.0,2072.0,11.3,1,0,10,1,0,10.87,0.726,73.4
2025-04-19 11:00:00,OP0007,M0003,,0.2,1590.0,1787.0,7.2,2,1,12,1,0,15.6,0.455,63.8
2025-04-19 12:00:00,OP0028,M0032,,0.179,1406.0,1565.0,7.1,2,1,6,0,0,9.93,0.866,74.9
2025-04-19 12:00:00,OP0050,M0028,,0.036,1558.0,1789.0,3.3,0,0,9,0,0,20.17,0.902,96.8
2025-04-19 12:00:00,OP0014,M0038,,0.186,1621.0,1905.0,3.8,3,0,7,0,0,23.63,1.047,84.9
2025-04-19 13:00:00,OP0009,M0029,,0.26,1789.0,1977.0,6.2,1,0,6,1,1,12.77,0.501,64.1
2025-04-19 13:00:00,OP0002,M0041,,0.095,2079.0,2212.0,9.8,1,1,5,0,0,9.97,0.785,86.6
2025-04-19 14:23:00,OP0031,M0041,T00727,0.217,1857.0,2628.0,2.0,0,0,24,4,1,9.11,,27.6
2025-04-19 15:00:00,OP0002,M0038,,0.151,1560.0,1662.0,5.7,0,0,9,0,0,12.4,0.84,84.8
2025-04-20 06:00:00,OP0002,M0002,,0.122,1815.0,2031.0,7.9,1,0,4,0,0,12.61,0.619,93.8
2025-04-20 06:00:00,OP0048,M0025,,0.145,1937.0,2127.0,13.8,1,1,6,0,0,8.71,0.674,84.7
2025-04-20 06:00:00,OP0020,M0002,,0.209,1827.0,2046.0,9.1,1,1,1,0,0,7.55,0.415,85.7
2025-04-20 06:25:00,OP0014,M0011,T00163,0.135,1753.0,2299.0,3.0,0,0,2,1,0,8.43,,78.6
2025-04-20 06:45:00,OP0045,M0004,T00424,0.325,1600.0,2392.0,2.3,0,0,24,0,1,11.01,,61.0
2025-04-20 07:37:00,OP0037,M0027,T00287,0.124,2038.0,2658.0,1.8,0,1,12,1,0,21.04,,70.8
2025-04-20 08:00:00,OP0021,M0034,,0.171,1770.0,2022.0,2.7,0,2,5,0,2,21.49,0.753,65.7
2025-04-20 08:00:00,OP0052,M0005,,0.241,1931.0,2244.0,28.5,1,1,6,2,0,24.15,0.597,57.6
2025-04-20 08:00:00,OP0029,M0012,,0.243,1735.0,1927.0,2.7,0,0,7,1,2,26.72,0.338,58.3
2025-04-20 08:00:00,OP0017,M0021,,0.04,1731.0,2090.0,10.8,0,0,9,0,1,15.23,0.818,87.2
2025-04-20 09:00:00,OP0020,M0019,,0.21,1645.0,1963.0,2.6,2,0,11,0,0,8.93,0.504,76.0
2025-04-20 09:00:00,OP0050,M0036,,0.089,1651.0,1898.0,2.6,1,1,7,0,0,18.21,0.984,88.6
2025-04-20 11:00:00,OP0006,M0042,,0.142,2203.0,2433.0,4.9,1,1,8,0,0,16.38,0.753,80.2
2025-04-20 11:00:00,OP0022,M0015,,0.105,1773.0,2158.0,2.2,0,1,6,0,0,11.36,0.788,92.8
2025-04-20 11:00:00,OP0041,M0026,,0.255,1906.0,2046.0,10.5,1,3,4,0,2,5.96,0.76,56.1
2025-04-20 12:00:00,OP0039,M0024,,0.031,2148.0,2257.0,13.1,1,0,7,0,0,10.05,0.788,88.3
2025-04-20 12:35:00,OP0010,M0025,T00828,0.188,1926.0,2646.0,4.2,1,0,25,0,1,17.59,,53.7
2025-04-20 13:00:00,OP0042,M0029,,0.088,1597.0,1894.0,6.1,0,2,9,1,0,9.17,0.713,81.3
2025-04-20 15:00:00,OP0040,M0029,,0.089,1534.0,1681.0,6.7,1,1,5,0,0,19.2,0.857,83.9
2025-04-20 15:00:00,OP0040,M0008,,0.131,1714.0,1840.0,2.3,1,0,10,0,0,18.97,0.844,87.6
2025-04-21 08:00:00,OP0021,M0030,,0.187,1678.0,1845.0,3.7,0,0,8,0,1,15.64,0.637,81.3
2025-04-21 09:00:00,OP0034,M0029,,0.24,1533.0,1726.0,3.5,1,0,5,2,0,12.3,0.843,66.6
2025-04-21 10:00:00,OP0053,M0031,,0.101,2500.0,2600.0,5.9,1,2,11,0,0,12.89,0.773,84.9
2025-04-21 10:00:00,OP0048,M0028,,0.142,1776.0,2170.0,4.7,0,0,2,0,1,20.8,0.907,80.2
2025-04-21 10:00:00,OP0021,M0040,,0.224,2005.0,2277.0,14.7,0,0,4,0,0,14.42,0.715,87.7
2025-04-21 11:00:00,OP0043,M0031,,0.074,1959.0,2178.0,7.7,0,0,7,0,1,9.29,0.934,85.9
2025-04-21 11:00:00,OP0045,M0033,,0.266,1820.0,2216.0,5.0,1,0,8,1,3,18.04,0.597,37.0
2025-04-21 11:00:00,OP0047,M0017,,0.098,2440.0,2562.0,1.7,0,2,4,0,0,12.39,0.846,89.2
2025-04-21 12:00:00,OP0010,M0023,,0.146,2309.0,2539.0,12.6,0,0,5,0,1,15.16,0.694,80.7
2025-04-21 12:00:00,OP0005,M0026,,0.285,1948.0,2331.0,12.5,1,0,3,2,0,12.83,0.673,67.2
2025-04-21 12:00:00,OP0027,M0012,,0.269,1620.0,1924.0,1.3,0,2,7,0,2,25.4,0.787,62.5
2025-04-21 12:00:00,OP0017,M0030,,0.074,2387.0,2600.0,1.9,4,1,2,0,0,20.26,0.972,73.2
2025-04-21 12:00:00,OP0040,M0004,,0.058,2003.0,2281.0,4.0,2,0,3,0,0,12.99,0.794,84.8
2025-04-21 13:00:00,OP0039,M0010,,0.104,1589.0,1961.0,1.1,2,0,6,0,0,22.54,0.784,95.6
2025-04-21 13:20:00,OP0028,M0039,T00272,0.35,1314.0,1928.0,1.4,1,1,18,0,0,11.76,,58.7
2025-04-21 14:00:00,OP0031,M0003,,0.036,1995.0,2209.0,3.9,0,0,7,0,0,8.77,0.575,100.0
2025-04-21 14:41:00,OP0027,M0033,T00304,0.333,1350.0,1983.0,3.6,1,0,11,0,0,8.81,,68.6
2025-04-21 15:00:00,OP0031,M0006,,0.084,2292.0,2576.0,2.5,0,0,10,0,0,7.93,0.552,86.4
2025-04-21 15:00:00,OP0028,M0021,,0.128,1767.0,1885.0,1.3,2,0,5,0,0,16.21,0.944,86.4
2025-04-22 06:00:00,OP0043,M0002,,0.035,1984.0,2248.0,8.0,1,4,5,0,0,14.53,1.01,88.7
2025-04-22 06:38:00,OP0011,M0036,T00197,0.396,1325.0,1937.0,2.3,0,0,15,0,2,16.24,,46.1
2025-04-22 07:00:00,OP0015,M0029,,0.177,1633.0,1894.0,2.2,3,1,4,1,0,17.85,0.3,62.7
2025-04-22 10:00:00,OP0019,M0024,,0.253,2004.0,2149.0,5.4,0,1,4,3,3,15.13,0.381,31.0
2025-04-22 11:00:00,OP0001,M0015,,0.12,1557.0,1946.0,3.7,0,0,5,0,0,11.35,0.974,99.3
2025-04-22 11:26:00,OP0043,M0023,T00617,0.208,1598.0,2190.0,2.6,0,0,25,1,1,14.09,,53.3
2025-04-22 12:00:00,OP0024,M0013,,0.114,2235.0,2600.0,3.2,0,0,4,1,0,10.47,0.517,90.5
2025-04-22 12:00:00,OP0031,M0025,,0.116,1999.0,2229.0,4.9,0,0,5,1,0,21.14,0.497,86.0
2025-04-22 13:00:00,OP0037,M0022,,0.254,2314.0,2600.0,26.2,1,1,5,0,1,20.27,0.585,68.1
2025-04-22 13:00:00,OP0036,M0027,,0.07,1907.0,2148.0,2.3,1,0,5,2,0,5.96,0.512,76.0
2025-04-22 13:00:00,OP0014,M0010,,0.231,1592.0,1914.0,14.6,0,1,9,1,1,18.94,0.967,53.9
2025-04-22 13:00:00,OP0012,M0028,,0.174,1972.0,2233.0,3.4,0,1,7,0,1,13.94,0.598,69.8
2025-04-22 13:00:00,OP0032,M0016,,0.156,1969.0,2361.0,1.9,1,0,7,0,0,6.25,1.029,87.1
2025-04-22 15:00:00,OP0018,M0017,,0.127,1505.0,1700.0,9.9,2,0,4,0,0,16.48,0.695,92.6
2025-04-22 15:00:00,OP0011,M0018,,0.2,1811.0,2022.0,3.5,0,1,4,1,0,20.84,0.638,83.2
2025-04-23 08:00:00,OP0014,M0039,,0.084,1659.0,1913.0,1.0,1,0,4,2,0,15.61,0.767,72.8
2025-04-23 08:00:00,OP0014,M0013,,0.059,1758.0,2120.0,2.8,1,0,6,1,0,5.06,0.888,93.0
2025-04-23 11:00:00,OP0032,M0014,,0.125,1808.0,1917.0,22.8,2,1,3,1,0,17.85,0.855,74.6
2025-04-23 11:00:00,OP0037,M0025,,0.169,2012.0,2393.0,1.2,1,0,4,0,0,17.31,0.579,90.3
2025-04-23 12:00:00,OP0027,M0034,,0.303,1838.0,2189.0,4.8,3,2,3,0,0,7.01,0.575,67.2
2025-04-23 12:00:00,OP0018,M0031,,0.127,1561.0,1897.0,5.6,0,0,6,0,0,11.91,0.688,89.3
2025-04-23 13:00:00,OP0014,M0037,,0.083,2042.0,2368.0,8.2,1,0,3,0,0,6.31,0.956,91.0
2025-04-23 13:00:00,OP0030,M0007,,0.121,2048.0,2239.0,1.7,0,2,7,0,0,6.02,0.677,85.4
2025-04-23 13:00:00,OP0048,M0024,,0.049,1666.0,1790.0,12.4,0,1,5,0,0,14.25,0.67,93.0
2025-04-23 13:00:00,OP0008,M0014,,0.414,2500.0,2600.0,3.2,0,2,5,2,1,21.46,0.391,45.3
2025-04-23 14:00:00,OP0018,M0035,,0.222,1604.0,1968.0,13.0,0,1,1,0,0,6.76,0.797,85.7
2025-04-24 06:00:00,OP0006,M0029,,0.11,2252.0,2511.0,2.4,1,0,4,0,0,9.18,0.839,97.1
2025-04-24 06:00:00,OP0008,M0007,,0.212,2500.0,2600.0,4.3,2,3,3,0,1,7.22,0.355,56.1
2025-04-24 06:00:00,OP0019,M0012,,0.236,1886.0,2186.0,11.3,1,3,8,0,1,32.48,0.443,57.8
2025-04-24 06:00:00,OP0033,M0031,,0.149,1793.0,2003.0,8.7,2,1,4,2,0,22.45,0.944,71.9
2025-04-24 07:00:00,OP0013,M0036,,0.028,1692.0,1910.0,3.8,1,0,11,0,0,23.87,0.67,86.1
2025-04-24 08:00:00,OP0035,M0029,,0.073,1620.0,1977.0,3.4,1,0,3,0,0,21.89,0.838,93.6
2025-04-24 08:00:00,OP0006,M0009,,0.089,2111.0,2422.0,3.8,1,0,10,1,0,17.6,0.864,80.3
2025-04-24 08:00:00,OP0045,M0023,,0.287,2191.0,2395.0,9.8,0,2,8,0,2,11.28,0.462,56.5
2025-04-24 08:56:00,OP0020,M0026,T00299,0.362,1357.0,2017.0,4.1,0,0,14,1,1,8.94,,62.3
2025-04-24 09:00:00,OP0002,M0013,,0.172,1681.0,1953.0,11.7,0,0,7,0,0,6.76,0.911,87.3
2025-04-24 09:00:00,OP0044,M0028,,0.172,1939.0,2336.0,3.2,0,2,5,0,0,18.84,0.99,91.3
2025-04-24 09:00:00,OP0010,M0012,,0.122,2132.0,2261.0,10.8,0,1,5,1,0,31.63,1.007,76.6
2025-04-24 09:00:00,OP0050,M0021,,0.01,1954.0,2321.0,9.2,1,1,4,0,0,11.19,0.831,94.8
2025-04-24 09:00:00,OP0049,M0018,,0.281,1737.0,2049.0,3.7,0,1,4,0,0,20.18,0.861,77.5
2025-04-24 09:48:00,OP0038,M0035,T00021,0.221,1596.0,2189.0,4.1,0,0,2,1,0,11.37,,82.0
2025-04-24 10:00:00,OP0008,M0022,,0.216,2500.0,2600.0,4.8,0,0,6,0,2,17.04,0.389,64.8
2025-04-24 10:00:00,OP0023,M0033,,0.199,1782.0,1986.0,6.6,1,2,14,0,1,14.67,0.403,59.8
2025-04-24 10:00:00,OP0017,M0027,,0.134,2012.0,2364.0,2.3,2,1,11,0,2,13.15,0.909,55.8
2025-04-24 10:00:00,OP0044,M0041,,0.065,2036.0,2277.0,4.5,0,0,9,0,0,7.51,0.827,93.9
2025-04-24 11:02:00,OP0006,M0021,T00548,0.217,1849.0,2563.0,5.3,0,0,15,0,0,12.76,,73.5
2025-04-24 12:00:00,OP0007,M0014,,0.227,1468.0,1750.0,6.5,3,0,6,2,0,17.47,0.657,57.1
2025-04-24 12:00:00,OP0045,M0013,,0.259,1881.0,2149.0,10.5,2,1,3,1,1,11.45,0.659,61.4
2025-04-24 13:00:00,OP0042,M0028,,0.189,1505.0,1708.0,1.9,0,0,5,0,0,23.23,0.774,92.5
2025-04-24 13:00:00,OP0009,M0036,,0.346,1644.0,2011.0,4.7,1,1,5,0,0,15.22,0.715,78.9
2025-04-24 13:00:00,OP0006,M0041,,0.122,2158.0,2509.0,2.3,1,1,2,0,0,10.33,0.982,93.5
2025-04-24 14:00:00,OP0039,M0019,,0.023,2039.0,2156.0,3.9,1,1,5,0,0,5.01,0.909,89.5
2025-04-25 06:00:00,OP0044,M0021,,0.072,2169.0,2278.0,4.0,1,2,5,0,0,15.04,1.02,80.0
2025-04-25 06:00:00,OP0026,M0035,,0.069,1917.0,2290.0,1.4,1,1,8,0,0,13.01,0.993,87.6
2025-04-25 07:00:00,OP0023,M0018,,0.161,2041.0,2406.0,2.4,0,1,9,2,0,8.35,0.509,61.8
2025-04-25 08:00:00,OP0027,M0021,,0.273,1827.0,2193.0,1.5,1,1,5,1,0,15.74,0.812,76.2
2025-04-25 08:00:00,OP0040,M0032,,0.051,1626.0,1770.0,5.8,0,1,8,0,0,26.92,0.74,89.0
2025-04-25 08:00:00,OP0034,M0004,,0.184,1673.0,1863.0,2.7,2,0,9,0,1,7.16,0.846,69.0
2025-04-25 09:00:00,OP0011,M0024,,0.158,1892.0,2203.0,10.6,1,1,11,1,3,17.23,0.677,47.7
2025-04-25 09:00:00,OP0003,M0026,,0.182,1798.0,1951.0,3.0,0,2,10,0,0,12.81,0.781,77.2
2025-04-25 10:00:00,OP0019,M0022,,0.222,1734.0,1927.0,9.5,4,1,4,0,0,23.55,0.412,67.5
2025-04-25 11:00:00,OP0045,M0034,,0.289,2178.0,2506.0,3.3,1,1,8,2,3,26.68,0.435,28.8
2025-04-25 12:00:00,OP0054,M0033,,0.011,1871.0,2222.0,9.6,2,1,5,0,0,9.31,0.694,93.7
2025-04-25 12:00:00,OP0024,M0011,,0.207,2040.0,2156.0,3.4,3,2,9,0,0,6.24,0.643,70.1
2025-04-25 12:00:00,OP0001,M0005,,0.088,1679.0,1949.0,18.3,0,2,5,0,1,29.44,0.755,80.0
2025-04-25 12:00:00,OP0052,M0023,,0.247,2002.0,2393.0,12.7,2,0,4,1,1,20.56,0.633,59.1
2025-04-25 12:00:00,OP0042,M0041,,0.057,1957.0,2289.0,5.9,1,1,6,0,0,6.33,0.993,89.7
2025-04-25 13:00:00,OP0020,M0017,,0.311,1770.0,1877.0,10.9,0,3,9,0,1,13.09,0.473,62.1
2025-04-25 14:00:00,OP0036,M0028,,0.146,2182.0,2535.0,3.0,4,0,4,1,0,8.86,0.446,74.0
2025-04-25 14:00:00,OP0032,M0012,,0.14,1821.0,2201.0,22.0,1,0,6,0,0,20.77,1.048,90.0
2025-04-25 14:00:00,OP0031,M0014,,0.01,1941.0,2229.0,13.4,1,2,5,0,1,12.02,0.743,81.0
2025-04-25 14:00:00,OP0026,M0011,,0.166,2121.0,2504.0,10.9,0,1,10,1,0,10.81,0.856,62.3
2025-04-25 14:00:00,OP0007,M0008,,0.285,1567.0,1833.0,4.4,2,1,5,0,0,11.26,0.396,76.4
2025-04-25 15:00:00,OP0013,M0018,,0.087,1893.0,2039.0,3.0,0,0,7,1,0,8.71,0.712,84.1
2025-04-25 15:00:00,OP0051,M0017,,0.163,1621.0,1866.0,5.4,0,1,3,0,0,13.31,0.825,86.2
2025-04-25 15:00:00,OP0016,M0035,,0.272,2171.0,2500.0,6.8,0,0,10,0,0,9.33,0.912,78.5
2025-04-25 15:00:00,OP0040,M0041,,0.109,2224.0,2367.0,10.3,0,1,6,0,0,4.32,0.86,83.4
2025-04-26 06:00:00,OP0011,M0018,,0.228,1706.0,2066.0,2.1,1,1,9,0,1,11.9,0.428,65.2
2025-04-26 07:00:00,OP0041,M0002,,0.385,2172.0,2285.0,11.1,2,1,6,2,0,14.01,0.744,49.7
2025-04-26 08:00:00,OP0036,M0005,,0.127,1897.0,2232.0,17.8,0,0,10,2,0,28.86,0.459,73.3
2025-04-26 08:48:00,OP0029,M0006,T00396,0.292,1641.0,2465.0,2.9,0,0,8,0,0,7.43,,81.0
2025-04-26 09:00:00,OP0048,M0027,,0.149,1792.0,1985.0,2.7,0,3,9,0,2,13.2,0.759,63.3
2025-04-26 11:00:00,OP0023,M0028,,0.272,1836.0,2009.0,3.9,0,1,3,0,0,8.45,0.475,75.2
2025-04-26 13:00:00,OP0043,M0008,,0.031,1696.0,2030.0,4.7,1,0,3,0,0,14.77,1.067,92.9
2025-04-26 13:19:00,OP0050,M0013,T00313,0.246,1629.0,2304.0,1.5,0,0,14,0,0,7.67,,71.0
2025-04-26 14:00:00,OP0016,M0012,,0.274,1855.0,2084.0,21.6,1,0,1,0,2,26.61,0.849,63.6
2025-04-26 14:00:00,OP0006,M0035,,0.096,2110.0,2370.0,9.8,0,0,3,2,0,15.51,0.831,79.0
2025-04-26 14:00:00,OP0044,M0025,,0.234,2271.0,2597.0,9.0,0,1,3,2,1,21.53,0.967,57.3
2025-04-26 14:00:00,OP0012,M0030,,0.237,1944.0,2165.0,4.2,0,3,8,1,0,12.55,0.812,64.8
2025-04-26 15:00:00,OP0025,M0013,,0.235,2242.0,2383.0,8.1,2,0,6,1,2,8.65,0.615,45.7
2025-04-26 15:00:00,OP0040,M0031,,0.085,1840.0,2219.0,8.0,1,0,5,0,0,10.53,0.786,92.4
2025-04-26 15:00:00,OP0047,M0019,,0.168,2477.0,2589.0,3.9,1,1,8,1,0,6.96,0.851,72.7
2025-04-27 06:00:00,OP0044,M0001,,0.215,2173.0,2344.0,2.2,0,0,5,1,0,19.22,0.834,82.9
2025-04-27 06:00:00,OP0025,M0013,,0.168,1707.0,2076.0,6.2,2,2,6,0,0,9.08,0.991,77.0
2025-04-27 06:35:00,OP0023,M0023,T00319,0.312,1628.0,2460.0,4.3,0,0,13,1,2,14.08,,40.2
2025-04-27 07:00:00,OP0002,M0026,,0.153,1614.0,1988.0,3.3,1,0,7,0,0,11.27,0.973,85.0
2025-04-27 07:58:00,OP0041,M0021,T00358,0.412,1422.0,2243.0,3.6,0,0,4,0,0,9.09,,74.8
2025-04-27 08:00:00,OP0043,M0005,,0.01,1739.0,1933.0,28.2,0,0,4,1,0,20.81,0.961,96.5
2025-04-27 08:00:00,OP0031,M0005,,0.026,2057.0,2371.0,20.9,2,1,5,0,0,11.73,0.902,95.8
2025-04-27 08:49:00,OP0046,M0033,T00644,0.283,1618.0,2323.0,4.4,0,0,29,1,1,11.13,,33.7
2025-04-27 09:00:00,OP0015,M0002,,0.178,1646.0,1803.0,11.1,2,1,9,0,0,11.7,0.3,74.5
2025-04-27 09:00:00,OP0032,M0039,,0.092,1891.0,2052.0,2.6,0,3,8,0,0,22.47,0.924,81.9
2025-04-27 09:00:00,OP0007,M0034,,0.11,1700.0,2084.0,2.9,0,4,6,0,0,6.79,0.609,79.4
2025-04-27 09:00:00,OP0020,M0028,,0.185,1518.0,1873.0,1.5,1,0,8,2,1,21.25,0.529,58.8
2025-04-27 09:00:00,OP0017,M0019,,0.191,1869.0,2207.0,11.1,1,0,5,1,0,10.3,0.892,78.3
2025-04-27 10:00:00,OP0002,M0008,,0.22,1504.0,1826.0,3.7,0,1,3,0,0,22.96,0.906,75.5
2025-04-27 10:00:00,OP0011,M0037,,0.216,1650.0,1873.0,1.8,0,1,7,1,1,5.87,0.724,63.3
2025-04-27 11:00:00,OP0031,M0030,,0.063,1841.0,2084.0,4.0,2,1,7,1,0,11.35,0.794,77.1
2025-04-27 11:46:00,OP0046,M0011,T00297,0.275,1676.0,2535.0,2.2,1,0,26,5,0,7.98,,13.3
2025-04-27 12:00:00,OP0014,M0024,,0.107,1639.0,1962.0,11.2,1,0,6,1,0,11.48,1.225,84.5
2025-04-27 12:42:00,OP0011,M0008,T00044,0.199,1558.0,2083.0,1.4,0,2,2,4,0,15.81,,54.6
2025-04-27 13:38:00,OP0048,M0036,T00141,0.152,1571.0,1975.0,3.4,0,0,10,0,1,21.02,,68.0
2025-04-28 07:00:00,OP0043,M0020,,0.01,2145.0,2296.0,3.2,1,1,4,0,0,4.31,0.88,86.8
2025-04-28 07:00:00,OP0019,M0008,,0.236,1746.0,1909.0,2.7,1,0,3,1,0,21.74,0.495,75.8
2025-04-28 08:00:00,OP0030,M0022,,0.097,1690.0,1883.0,25.6,0,0,9,0,0,19.66,0.676,87.4
2025-04-28 08:00:00,OP0054,M0006,,0.01,2200.0,2383.0,11.7,0,0,5,1,1,9.57,0.731,81.3
2025-04-28 09:00:00,OP0013,M0006,,0.063,1998.0,2290.0,8.0,0,0,6,1,1,4.2,0.778,73.8
2025-04-28 09:00:00,OP0029,M0015,,0.252,1681.0,1849.0,3.7,0,1,6,1,3,10.41,0.409,37.0
2025-04-28 10:00:00,OP0005,M0027,,0.157,1994.0,2375.0,2.6,1,0,4,1,0,23.45,0.63,81.7
2025-04-28 11:00:00,OP0049,M0005,,0.174,1842.0,2177.0,12.1,0,0,7,1,0,11.83,0.611,81.0
2025-04-28 11:00:00,OP0001,M0038,,0.085,1529.0,1684.0,7.0,1,3,7,0,0,24.18,0.863,81.6
2025-04-28 11:00:00,OP0001,M0036,,0.062,1838.0,2181.0,4.1,0,2,6,0,0,9.67,0.833,84.2
2025-04-28 11:08:00,OP0018,M0012,T00539,0.15,1522.0,1960.0,11.0,0,0,45,1,1,20.37,,35.7
2025-04-28 13:00:00,OP0014,M0008,,0.138,1799.0,2191.0,4.3,1,1,5,0,0,16.07,1.097,90.9
2025-04-28 13:00:00,OP0048,M0024,,0.178,1951.0,2056.0,11.2,1,1,5,0,1,10.12,0.754,76.2
2025-04-28 13:00:00,OP0022,M0030,,0.072,1963.0,2177.0,1.8,1,1,1,2,1,12.39,0.676,66.5
2025-04-28 13:00:00,OP0031,M0003,,0.093,1839.0,2035.0,6.6,2,3,3,1,1,19.89,0.61,62.8
2025-04-28 13:00:00,OP0034,M0010,,0.138,1582.0,1868.0,13.7,1,0,5,0,0,25.65,0.739,90.9
2025-04-28 14:00:00,OP0001,M0041,,0.15,2035.0,2264.0,9.5,0,0,3,0,0,12.06,0.769,85.0
2025-04-28 14:00:00,OP0055,M0007,,0.157,2065.0,2252.0,4.5,0,0,11,0,0,10.97,0.619,92.1
2025-04-28 14:00:00,OP0045,M0029,,0.279,2174.0,2296.0,5.0,3,0,5,0,1,24.79,0.599,63.7
2025-04-28 14:31:00,OP0003,M0015,T00036,0.274,1395.0,1960.0,1.5,0,0,8,0,0,14.12,,81.8
2025-04-28 15:00:00,OP0005,M0022,,0.123,1553.0,1724.0,4.9,0,0,6,0,0,28.85,0.762,88.7
2025-04-28 15:00:00,OP0032,M0018,,0.095,1523.0,1769.0,4.5,1,1,8,1,0,18.08,1.05,83.9
2025-04-28 15:00:00,OP0002,M0020,,0.156,2154.0,2401.0,9.6,0,0,4,0,0,9.98,0.708,91.3
2025-04-28 15:00:00,OP0031,M0007,,0.01,2039.0,2225.0,7.7,1,0,3,1,0,5.61,0.727,90.3
2025-04-28 15:00:00,OP0045,M0016,,0.21,2169.0,2400.0,1.4,0,0,8,0,1,10.7,0.542,74.7
2025-04-29 06:00:00,OP0006,M0009,,0.059,2226.0,2496.0,4.4,1,1,11,0,0,22.7,0.975,90.1
2025-04-29 06:03:00,OP0031,M0004,T00327,0.2,1761.0,2407.0,5.6,0,0,17,1,3,12.02,,40.6
2025-04-29 07:00:00,OP0013,M0040,,0.11,2030.0,2170.0,1.3,0,1,6,0,1,19.21,0.705,71.7
2025-04-29 07:00:00,OP0015,M0002,,0.179,1510.0,1854.0,9.1,1,2,7,0,0,11.84,0.414,73.0
2025-04-29 07:36:00,OP0049,M0024,T00251,0.267,1628.0,2257.0,3.5,1,1,18,0,0,15.21,,58.8
2025-04-29 08:00:00,OP0011,M0012,,0.232,1828.0,2167.0,23.8,1,1,4,1,1,33.39,0.599,62.3
2025-04-29 08:00:00,OP0050,M0033,,0.087,1800.0,2068.0,10.6,0,1,8,0,0,10.38,0.849,91.7
2025-04-29 08:00:00,OP0047,M0024,,0.075,2500.0,2600.0,9.2,0,0,3,0,0,7.29,0.839,93.6
2025-04-29 08:00:00,OP0053,M0001,,0.134,2500.0,2600.0,2.7,0,1,4,0,1,7.77,0.936,82.5
2025-04-29 10:00:00,OP0007,M0038,,0.257,1667.0,1971.0,5.7,0,0,6,0,0,13.69,0.615,88.9
2025-04-29 10:00:00,OP0003,M0034,,0.137,1724.0,1864.0,1.3,0,1,4,0,0,7.61,0.811,95.4
2025-04-29 10:48:00,OP0053,M0002,T00734,0.204,2379.0,3347.0,4.1,0,0,18,0,0,23.57,,73.2
2025-04-29 11:00:00,OP0054,M0030,,0.01,1744.0,1931.0,3.6,0,0,1,0,0,14.52,0.645,99.9
2025-04-29 12:00:00,OP0007,M0031,,0.166,1817.0,1985.0,4.7,0,0,6,1,0,17.49,0.482,76.1
2025-04-29 12:00:00,OP0016,M0022,,0.224,1843.0,1996.0,11.2,2,0,6,1,0,22.54,0.755,65.7
2025-04-29 12:00:00,OP0006,M0031,,0.065,2194.0,2416.0,8.6,1,1,9,1,0,8.3,0.841,76.9
2025-04-29 12:00:00,OP0051,M0021,,0.246,1602.0,1781.0,8.6,1,0,4,0,0,12.59,0.973,82.7
2025-04-29 13:00:00,OP0018,M0036,,0.08,1529.0,1753.0,6.8,2,2,6,0,1,24.92,0.712,74.6
2025-04-29 13:00:00,OP0014,M0040,,0.142,1794.0,1956.0,8.1,1,0,7,0,0,12.44,1.006,88.5
2025-04-29 14:00:00,OP0028,M0005,,0.246,1508.0,1697.0,14.5,1,0,7,0,0,31.45,0.897,82.8
2025-04-29 14:00:00,OP0017,M0037,,0.132,2091.0,2384.0,2.6,0,3,4,0,0,10.98,0.577,83.2
2025-04-29 14:00:00,OP0012,M0010,,0.205,1996.0,2288.0,15.5,0,1,9,1,1,24.2,0.718,62.5
2025-04-29 15:00:00,OP0026,M0038,,0.055,1871.0,2122.0,6.6,2,1,5,0,0,20.51,0.836,81.6
2025-04-29 15:08:00,OP0025,M0026,T00269,0.233,1598.0,2190.0,5.2,0,0,15,0,4,10.91,,31.6
2025-04-30 06:00:00,OP0015,M0015,,0.172,1593.0,1824.0,4.2,1,1,5,0,0,13.62,0.328,84.4
2025-04-30 06:00:00,OP0036,M0029,,0.11,1900.0,2037.0,2.5,1,1,8,1,0,22.93,0.402,79.8
2025-04-30 06:00:00,OP0004,M0018,,0.033,1994.0,2216.0,3.8,0,1,10,0,0,20.83,0.986,94.2
2025-04-30 07:00:00,OP0040,M0024,,0.077,2162.0,2461.0,2.8,0,0,4,0,0,6.83,0.915,100.0
2025-04-30 07:19:00,OP0012,M0010,T00412,0.12,1789.0,2304.0,16.2,0,0,4,3,1,24.35,,62.4
2025-04-30 08:00:00,OP0054,M0006,,0.01,1984.0,2285.0,5.6,0,1,10,0,0,6.5,0.853,93.5
2025-04-30 09:00:00,OP0048,M0006,,0.116,1768.0,2112.0,8.0,2,0,2,2,0,4.43,0.717,70.0
2025-04-30 09:00:00,OP0054,M0017,,0.01,1710.0,1896.0,10.4,0,0,5,1,0,14.43,0.697,92.3
2025-04-30 10:00:00,OP0002,M0009,,0.101,1539.0,1880.0,2.3,0,0,9,0,0,22.71,0.948,91.4
2025-04-30 10:00:00,OP0030,M0024,,0.181,1853.0,1966.0,15.0,0,0,5,0,0,14.17,0.871,82.0
2025-04-30 10:00:00,OP0026,M0039,,0.129,2113.0,2263.0,4.6,0,1,6,0,0,7.09,0.77,81.8
2025-04-30 10:00:00,OP0003,M0026,,0.202,1864.0,1987.0,12.4,0,2,11,0,0,16.56,0.539,72.9
2025-04-30 11:00:00,OP0018,M0013,,0.269,1935.0,2052.0,9.9,1,0,8,1,0,8.55,0.616,61.6
2025-04-30 12:00:00,OP0016,M0003,,0.181,1872.0,2264.0,3.1,1,1,4,1,1,25.03,0.689,68.7
2025-04-30 12:00:00,OP0001,M0021,,0.068,1765.0,2117.0,11.5,1,1,10,0,0,13.74,0.927,86.2
2025-04-30 13:00:00,OP0013,M0026,,0.027,1872.0,2234.0,10.8,1,2,5,0,0,6.54,0.65,90.9
2025-04-30 14:00:00,OP0045,M0019,,0.303,2075.0,2466.0,4.1,1,1,5,0,0,11.0,0.411,70.4
2025-04-30 14:00:00,OP0055,M0012,,0.147,1948.0,2263.0,4.3,3,2,6,2,0,23.69,0.695,51.6
2025-04-30 15:00:00,OP0055,M0026,,0.199,1837.0,2017.0,6.3,2,0,8,2,1,7.68,0.745,50.1
2025-04-30 15:00:00,OP0046,M0038,,0.148,1979.0,2243.0,4.1,2,0,5,1,0,12.0,0.814,68.5
2025-04-30 15:00:00,OP0001,M0022,,0.11,1808.0,2042.0,24.7,0,0,4,0,0,21.37,0.822,94.4
2025-04-30 15:00:00,OP0049,M0041,,0.122,2266.0,2600.0,4.5,1,2,3,2,0,5.68,0.779,59.8
2025-04-30 15:00:00,OP0005,M0036,,0.148,1759.0,1880.0,6.9,0,2,4,0,1,20.45,0.717,78.4
2025-05-01 07:16:00,OP0022,M0040,T00386,0.235,1709.0,2349.0,3.0,0,0,4,0,0,17.01,,100.0
2025-05-01 08:00:00,OP0027,M0003,,0.214,1470.0,1666.0,5.5,1,1,7,0,0,19.13,0.649,85.0
2025-05-01 09:00:00,OP0036,M0037,,0.041,2278.0,2600.0,1.7,0,0,7,0,0,10.46,0.48,93.4
2025-05-01 10:59:00,OP0031,M0004,T00227,0.21,1764.0,2370.0,4.3,0,0,6,0,0,12.66,,86.5
2025-05-01 11:00:00,OP0052,M0040,,0.127,2052.0,2421.0,3.1,0,0,4,4,0,17.19,0.473,63.3
2025-05-01 11:00:00,OP0020,M0029,,0.323,1560.0,1729.0,3.5,0,1,3,2,1,15.01,0.628,52.6
2025-05-01 12:00:00,OP0006,M0017,,0.164,2250.0,2506.0,12.8,0,1,6,1,0,15.39,0.989,78.6
2025-05-01 12:00:00,OP0014,M0008,T00076,0.354,1357.0,2040.0,1.3,0,0,5,0,0,13.09,,85.7
2025-05-01 12:14:00,OP0041,M0003,T00008,0.354,1386.0,2039.0,1.9,1,2,34,1,0,16.6,,40.6
2025-05-01 13:00:00,OP0041,M0027,,0.198,1553.0,1713.0,2.3,1,0,5,1,3,18.94,0.714,48.5
2025-05-01 13:00:00,OP0050,M0028,,0.159,1850.0,2177.0,1.3,0,1,11,0,0,24.52,0.76,82.5
2025-05-01 13:00:00,OP0025,M0036,,0.171,1715.0,1978.0,3.9,1,0,9,0,2,11.77,0.992,65.9
2025-05-01 13:00:00,OP0027,M0018,,0.32,1603.0,1952.0,3.3,1,0,4,0,2,13.68,0.692,47.0
2025-05-01 13:00:00,OP0045,M0037,,0.199,1863.0,2007.0,3.6,1,1,11,0,0,10.37,0.513,71.7
2025-05-01 14:18:00,OP0051,M0015,T00180,0.328,1338.0,1950.0,1.0,0,0,0,0,0,13.86,,76.2
2025-05-01 15:00:00,OP0018,M0016,,0.173,1782.0,1885.0,2.3,2,2,5,0,0,12.14,0.914,76.5
2025-05-01 15:00:00,OP0013,M0004,,0.103,1764.0,2159.0,9.5,0,2,5,2,0,13.21,0.8,66.6
2025-05-01 15:00:00,OP0012,M0017,,0.153,1877.0,2217.0,11.6,1,3,5,0,0,5.83,0.703,80.8
2025-05-01 15:00:00,OP0046,M0028,,0.29,1900.0,2060.0,4.1,4,1,4,2,0,12.69,0.51,55.3
2025-05-01 15:00:00,OP0009,M0001,,0.333,1900.0,2224.0,3.6,0,1,6,1,0,8.23,0.766,68.1
2025-05-01 15:00:00,OP0025,M0028,,0.174,1551.0,1843.0,2.5,1,0,5,0,0,15.04,0.9,85.6
2025-05-01 15:00:00,OP0015,M0010,,0.234,1501.0,1735.0,13.4,1,2,3,2,0,28.91,0.336,59.1
2025-05-01 15:22:00,OP0028,M0012,T00492,0.13,1568.0,1992.0,10.1,0,1,4,0,0,22.31,,88.2
2025-05-02 06:00:00,OP0053,M0019,,0.235,2387.0,2600.0,7.6,0,0,4,0,0,7.86,0.608,86.9
2025-05-02 06:00:00,OP0037,M0039,,0.187,2296.0,2546.0,4.0,1,1,7,0,0,8.34,0.658,75.2
2025-05-02 06:00:00,OP0005,M0017,,0.143,1801.0,1911.0,1.5,1,1,7,0,0,5.98,0.762,88.7
2025-05-02 07:00:00,OP0018,M0037,,0.147,1629.0,2010.0,7.9,0,1,10,0,0,13.03,0.78,79.5
2025-05-02 07:28:00,OP0048,M0008,T00801,0.263,1500.0,2113.0,1.5,0,0,11,0,0,14.77,,78.2
2025-05-02 08:00:00,OP0005,M0009,,0.267,1507.0,1902.0,4.7,0,1,3,0,0,16.55,0.808,83.1
2025-05-02 08:00:00,OP0016,M0037,,0.263,2078.0,2444.0,3.7,0,1,5,0,0,8.82,0.935,77.1
2025-05-02 08:00:00,OP0048,M0012,,0.077,2034.0,2137.0,16.8,1,1,4,0,0,23.09,0.756,85.2
2025-05-02 08:00:00,OP0044,M0019,,0.17,2253.0,2409.0,1.1,0,3,4,1,0,12.25,0.914,71.8
2025-05-02 08:00:00,OP0055,M0029,,0.112,1647.0,1936.0,4.5,0,0,6,1,0,26.76,0.591,84.8
2025-05-02 12:00:00,OP0033,M0018,,0.127,1748.0,1849.0,3.5,1,1,8,0,0,16.08,0.865,84.5
2025-05-02 13:00:00,OP0051,M0024,,0.115,1665.0,1861.0,4.9,0,0,10,0,0,18.12,0.664,81.1
2025-05-02 14:00:00,OP0043,M0019,,0.01,1999.0,2337.0,9.1,0,2,9,0,0,10.14,0.883,97.8
2025-05-02 15:00:00,OP0036,M0012,,0.084,2050.0,2427.0,28.0,0,0,8,2,0,12.6,0.563,77.3
2025-05-02 15:00:00,OP0054,M0039,,0.035,1340.0,1594.0,1.4,0,1,9,2,0,10.68,0.637,71.7
2025-05-02 15:00:00,OP0049,M0008,,0.18,1634.0,1739.0,4.3,5,1,8,1,0,20.35,0.577,63.5
2025-05-02 15:00:00,OP0007,M0037,,0.144,1868.0,2094.0,7.7,2,0,6,0,0,10.3,0.508,78.9
2025-05-03 06:00:00,OP0051,M0039,,0.181,1774.0,1929.0,1.9,0,1,6,0,0,15.94,0.906,88.3
2025-05-03 07:00:00,OP0054,M0020,,0.01,1742.0,2084.0,8.0,2,0,2,0,0,4.44,0.834,88.8
2025-05-03 07:00:00,OP0045,M0003,,0.32,1798.0,1918.0,1.0,1,2,8,3,0,22.58,0.418,46.0
2025-05-03 07:23:00,OP0020,M0001,T00122,0.212,1422.0,1913.0,1.5,0,0,18,1,1,14.15,,59.7
2025-05-03 08:00:00,OP0013,M0021,,0.073,1780.0,2040.0,7.5,1,0,5,1,0,10.66,0.779,87.8
2025-05-03 08:00:00,OP0049,M0006,,0.173,2033.0,2178.0,5.1,3,1,5,0,0,7.9,0.623,77.4
2025-05-03 09:00:00,OP0037,M0026,,0.174,2127.0,2507.0,1.9,0,0,5,0,1,14.83,0.658,84.0
2025-05-03 09:00:00,OP0036,M0032,,0.182,2101.0,2349.0,6.2,2,0,7,1,0,25.76,0.739,63.9
2025-05-03 09:15:00,OP0013,M0034,T00830,0.358,1418.0,2136.0,1.2,0,0,4,0,0,13.29,,76.2
2025-05-03 09:54:00,OP0028,M0026,T00378,0.2,1515.0,2020.0,4.5,0,0,9,0,0,10.24,,88.5
2025-05-03 10:00:00,OP0024,M0008,,0.192,1953.0,2223.0,1.9,1,0,6,0,1,8.62,0.717,80.5
2025-05-03 10:00:00,OP0030,M0040,,0.192,1701.0,2084.0,1.2,1,0,2,1,0,12.26,0.706,80.4
2025-05-03 11:00:00,OP0006,M0035,,0.128,2290.0,2600.0,5.4,1,1,7,0,0,11.8,0.689,88.0
2025-05-03 11:00:00,OP0029,M0034,,0.255,1773.0,1955.0,1.1,2,4,7,0,0,20.68,0.578,62.6
2025-05-03 11:00:00,OP0040,M0012,,0.033,2006.0,2116.0,2.4,3,0,8,0,0,13.0,0.873,86.9
2025-05-03 11:00:00,OP0017,M0036,,0.055,1901.0,2189.0,3.4,0,0,6,1,1,14.82,0.651,84.1
2025-05-03 12:11:00,OP0026,M0012,T00359,0.208,1653.0,2202.0,12.8,0,0,39,0,1,23.18,,38.2
2025-05-03 13:00:00,OP0025,M0013,,0.189,1971.0,2359.0,11.1,1,0,5,0,0,10.44,0.606,88.9
2025-05-03 13:00:00,OP0024,M0039,,0.185,1666.0,1955.0,2.2,2,1,7,0,0,12.61,0.94,79.7
2025-05-03 14:00:00,OP0029,M0037,,0.235,1941.0,2153.0,2.8,1,0,6,0,2,5.8,0.463,63.4
2025-05-03 15:00:00,OP0039,M0007,,0.125,2139.0,2490.0,3.8,0,0,10,0,0,8.53,0.721,85.9
2025-05-04 06:00:00,OP0045,M0008,,0.284,1879.0,2147.0,3.7,1,1,5,0,0,16.49,0.551,74.7
2025-05-04 06:00:00,OP0019,M0001,,0.156,1823.0,1988.0,1.4,0,1,2,0,0,8.05,0.3,91.4
2025-05-04 07:00:00,OP0052,M0001,,0.168,1927.0,2130.0,1.1,1,0,8,0,0,16.46,0.646,85.9
2025-05-04 07:00:00,OP0016,M0037,,0.202,2143.0,2343.0,1.6,0,3,8,0,1,6.66,0.83,69.2
2025-05-04 07:33:00,OP0024,M0031,T00685,0.304,1585.0,2348.0,3.1,0,0,22,1,0,13.78,,54.9
2025-05-04 08:00:00,OP0015,M0016,,0.361,1773.0,2050.0,5.2,1,0,4,0,0,9.21,0.354,76.3
2025-05-04 08:00:00,OP0054,M0042,,0.01,1789.0,2075.0,1.2,0,2,4,0,0,26.2,0.521,93.5
2025-05-04 08:00:00,OP0012,M0015,,0.149,1971.0,2309.0,3.4,2,0,6,1,0,8.42,0.825,68.2
2025-05-04 08:00:00,OP0020,M0033,,0.244,1757.0,2127.0,6.3,0,2,11,2,0,13.75,0.416,62.3
2025-05-04 08:00:00,OP0037,M0027,,0.062,2122.0,2248.0,3.0,0,0,5,0,1,15.22,0.484,86.0
2025-05-04 10:00:00,OP0010,M0021,,0.082,2014.0,2193.0,1.9,0,0,6,0,0,15.45,0.836,93.8
2025-05-04 10:00:00,OP0054,M0009,,0.01,1735.0,1883.0,1.1,2,0,8,0,0,11.96,0.578,90.5
2025-05-04 11:00:00,OP0026,M0009,,0.137,1920.0,2287.0,2.6,2,1,2,0,0,10.78,0.829,85.7
2025-05-04 11:00:00,OP0027,M0021,,0.317,1654.0,1981.0,6.8,2,0,6,0,0,8.74,0.704,81.9
2025-05-04 11:40:00,OP0015,M0026,T00640,0.154,1444.0,1824.0,2.9,0,0,0,0,0,9.61,,88.1
2025-05-04 12:00:00,OP0006,M0010,,0.127,1962.0,2086.0,24.9,0,0,5,2,0,31.84,0.975,76.0
2025-05-04 12:00:00,OP0041,M0039,,0.31,1683.0,1792.0,3.6,0,1,10,0,2,16.58,0.652,56.4
2025-05-04 12:00:00,OP0035,M0024,,0.053,1927.0,2192.0,12.3,1,0,3,0,0,16.94,0.948,95.7
2025-05-04 12:00:00,OP0009,M0014,,0.212,1722.0,1906.0,5.0,1,4,10,0,0,33.23,0.485,65.8
2025-05-04 12:01:00,OP0025,M0008,T00373,0.212,1545.0,2090.0,1.5,1,0,20,2,0,15.36,,53.2
2025-05-04 12:31:00,OP0014,M0027,T00681,0.254,1463.0,2027.0,1.3,0,0,4,0,0,15.04,,84.2
2025-05-04 14:00:00,OP0024,M0007,,0.107,1917.0,2301.0,6.1,0,1,8,1,0,6.7,0.588,76.8
2025-05-04 14:00:00,OP0013,M0025,,0.07,1949.0,2250.0,3.6,1,1,4,1,0,9.3,0.658,79.4
2025-05-04 15:00:00,OP0049,M0014,,0.221,2074.0,2187.0,27.7,0,1,7,1,0,19.89,0.828,78.4
2025-05-05 06:00:00,OP0050,M0039,,0.068,1717.0,1983.0,1.2,1,1,3,0,0,7.74,0.915,93.2
2025-05-05 07:00:00,OP0025,M0020,,0.111,2063.0,2211.0,12.0,1,1,6,0,0,10.66,0.855,84.2
2025-05-05 07:00:00,OP0011,M0030,,0.136,1715.0,1918.0,3.6,1,0,6,2,0,16.03,0.704,72.6
2025-05-05 07:00:00,OP0049,M0023,,0.297,1926.0,2051.0,9.7,2,0,8,1,0,12.83,0.903,69.8
2025-05-05 07:00:00,OP0013,M0001,,0.101,1753.0,1869.0,3.4,1,0,6,3,2,9.6,0.629,44.4
2025-05-05 07:00:00,OP0033,M0034,,0.139,1531.0,1923.0,3.2,0,1,7,1,2,17.58,0.696,62.6
2025-05-05 08:00:00,OP0027,M0021,,0.221,1713.0,1994.0,8.0,1,1,8,2,0,13.59,0.748,62.6
2025-05-05 09:00:00,OP0026,M0024,,0.096,1817.0,2176.0,3.7,0,2,7,0,0,14.98,1.054,82.5
2025-05-05 09:24:00,OP0004,M0041,T00838,0.217,1813.0,2601.0,2.8,1,0,2,0,0,8.88,,78.4
2025-05-05 11:00:00,OP0047,M0018,,0.029,2500.0,2600.0,1.5,1,0,5,2,0,18.34,1.115,87.5
2025-05-05 12:00:00,OP0040,M0004,,0.098,1923.0,2026.0,9.5,1,0,7,0,0,14.73,0.809,89.9
2025-05-05 13:00:00,OP0042,M0027,,0.127,1774.0,1934.0,4.3,1,1,5,0,1,13.04,0.743,67.3
2025-05-05 14:00:00,OP0029,M0027,,0.311,1745.0,2128.0,4.1,1,0,7,0,1,18.07,0.324,72.0
2025-05-05 14:00:00,OP0025,M0006,,0.135,2002.0,2107.0,5.5,2,2,11,1,0,4.03,1.048,67.6
2025-05-05 14:00:00,OP0040,M0042,,0.086,1925.0,2297.0,2.8,2,0,6,0,0,18.6,0.768,83.1
2025-05-05 14:00:00,OP0049,M0041,,0.266,2033.0,2235.0,7.9,0,1,5,0,0,11.05,0.586,79.0
2025-05-05 14:06:00,OP0008,M0035,T00765,0.071,2451.0,3079.0,4.5,0,1,25,4,3,18.21,,9.2
2025-05-05 15:00:00,OP0004,M0021,,0.022,1738.0,1997.0,10.8,0,2,4,0,0,9.86,1.055,84.8
2025-05-06 06:00:00,OP0013,M0024,,0.01,1711.0,2039.0,11.7,0,3,8,0,0,17.41,0.842,88.7
2025-05-06 07:00:00,OP0014,M0036,,0.056,1455.0,1673.0,5.4,0,0,9,2,0,17.21,0.654,76.9
2025-05-06 07:52:00,OP0026,M0009,T00439,0.086,1701.0,2157.0,1.8,0,0,9,0,0,17.51,,94.0
2025-05-06 08:00:00,OP0047,M0042,,0.03,2500.0,2600.0,3.5,0,0,7,2,0,10.89,0.924,80.3
2025-05-06 08:23:00,OP0030,M0035,T00281,0.301,1473.0,2136.0,3.3,0,0,9,0,0,10.0,,73.6
2025-05-06 09:00:00,OP0011,M0005,,0.219,1839.0,2050.0,15.3,0,1,5,0,0,26.35,0.655,81.8
2025-05-06 10:00:00,OP0033,M0038,,0.198,1596.0,1858.0,2.3,1,0,6,0,0,29.35,0.852,85.7
2025-05-06 10:00:00,OP0020,M0014,,0.272,1703.0,1899.0,21.3,0,2,4,0,0,31.04,0.614,73.0
2025-05-06 11:00:00,OP0003,M0033,,0.25,1910.0,2058.0,6.2,0,0,6,0,0,14.82,0.576,77.0
2025-05-06 11:02:00,OP0046,M0025,T00343,0.271,1666.0,2429.0,3.3,0,0,29,5,0,14.93,,14.4
2025-05-06 13:00:00,OP0037,M0010,,0.2,2328.0,2600.0,17.6,0,0,7,0,0,27.47,0.843,87.8
2025-05-06 14:00:00,OP0037,M0011,,0.12,2500.0,2600.0,9.5,1,0,7,0,0,10.42,0.767,86.4
2025-05-06 14:00:00,OP0043,M0029,,0.01,1596.0,1721.0,1.4,2,1,3,0,0,11.27,0.974,97.2
2025-05-06 14:00:00,OP0008,M0001,,0.285,2500.0,2600.0,1.2,0,3,10,1,0,17.46,0.378,61.0
2025-05-06 14:00:00,OP0022,M0004,,0.01,1947.0,2338.0,8.5,1,1,6,1,0,10.81,0.829,84.5
2025-05-06 14:02:00,OP0020,M0008,T00760,0.212,1412.0,1925.0,1.7,0,0,28,0,0,14.01,,62.8
2025-05-06 15:00:00,OP0055,M0012,,0.182,1793.0,1914.0,22.5,0,2,8,0,1,17.95,0.834,70.1
2025-05-06 15:00:00,OP0050,M0039,,0.059,1583.0,1919.0,4.4,0,0,6,0,0,18.66,1.049,96.3
2025-05-06 15:55:00,OP0007,M0038,T00094,0.383,1260.0,1836.0,2.1,0,0,17,1,1,14.87,,49.4
2025-05-07 06:00:00,OP0051,M0036,,0.093,1633.0,1889.0,6.2,1,0,6,0,0,12.53,1.032,89.8
2025-05-07 06:00:00,OP0016,M0024,,0.265,2129.0,2232.0,12.0,1,1,8,0,1,15.38,0.877,66.7
2025-05-07 07:00:00,OP0051,M0004,,0.229,1595.0,1976.0,2.2,1,1,2,0,0,14.92,0.864,78.1
2025-05-07 08:37:00,OP0002,M0023,T00641,0.304,1566.0,2353.0,4.0,0,0,20,0,0,13.77,,69.8
2025-05-07 09:00:00,OP0044,M0031,,0.182,2278.0,2510.0,11.0,0,0,11,3,0,17.26,0.775,56.3
2025-05-07 09:00:00,OP0015,M0024,,0.164,1643.0,2014.0,3.2,0,0,5,0,0,12.52,0.44,95.3
2025-05-07 09:44:00,OP0014,M0006,T00265,0.283,1582.0,2332.0,1.8,1,0,18,0,1,7.18,,59.0
2025-05-07 10:00:00,OP0021,M0001,,0.286,1745.0,2093.0,2.7,2,0,5,0,1,11.28,0.89,71.2
2025-05-07 11:00:00,OP0055,M0008,,0.222,1838.0,2112.0,2.3,1,2,15,1,1,8.69,0.764,51.6
2025-05-07 11:00:00,OP0055,M0037,,0.17,2003.0,2390.0,3.2,2,0,6,0,1,7.71,0.694,71.7
2025-05-07 11:00:00,OP0028,M0004,,0.225,1429.0,1683.0,8.5,0,2,7,0,0,6.74,0.967,86.9
2025-05-07 13:00:00,OP0046,M0040,,0.286,1863.0,2081.0,3.4,1,0,9,2,0,23.09,0.653,62.0
2025-05-07 14:00:00,OP0044,M0006,,0.118,2467.0,2600.0,6.0,0,2,6,1,0,10.54,0.844,74.2
2025-05-07 14:00:00,OP0051,M0016,,0.201,1899.0,2097.0,3.8,0,1,5,0,0,7.92,0.868,88.3
2025-05-07 14:00:00,OP0041,M0005,,0.271,2015.0,2395.0,12.4,1,1,7,1,0,32.66,0.889,70.0
2025-05-08 07:00:00,OP0030,M0024,,0.167,1836.0,1963.0,2.9,1,0,5,1,0,10.57,0.696,75.2
2025-05-08 07:00:00,OP0012,M0022,,0.065,1886.0,2065.0,14.5,0,0,6,2,1,22.72,0.848,64.8
2025-05-08 08:00:00,OP0030,M0008,,0.175,1597.0,1794.0,1.6,0,0,6,1,0,18.57,0.742,84.6
2025-05-08 08:00:00,OP0051,M0011,,0.217,1963.0,2081.0,8.8,1,1,4,0,0,12.21,0.915,76.8
2025-05-08 08:00:00,OP0050,M0020,,0.122,1869.0,2248.0,4.1,0,0,11,0,0,8.91,0.916,88.7
2025-05-08 09:00:00,OP0016,M0020,,0.259,2349.0,2493.0,5.4,0,1,6,0,0,4.92,0.726,78.1
2025-05-08 09:00:00,OP0035,M0026,,0.025,1585.0,1911.0,3.9,0,1,5,0,0,9.41,0.933,94.6
2025-05-08 10:00:00,OP0049,M0004,,0.157,2279.0,2600.0,10.7,0,1,2,1,0,11.9,0.732,83.8
2025-05-08 10:00:00,OP0010,M0034,,0.074,2252.0,2396.0,3.6,0,1,7,0,1,12.67,1.001,85.3
2025-05-08 10:00:00,OP0040,M0037,,0.051,1870.0,2212.0,3.5,1,0,9,0,0,7.46,0.74,90.9
2025-05-08 10:00:00,OP0054,M0008,,0.01,1992.0,2144.0,2.8,1,0,5,0,0,16.48,0.634,93.9
2025-05-08 11:02:00,OP0010,M0004,T00374,0.263,1755.0,2497.0,5.4,0,0,11,0,0,12.46,,75.5
2025-05-08 13:00:00,OP0055,M0033,,0.223,1502.0,1848.0,5.2,0,0,3,0,1,10.55,0.847,71.7
2025-05-08 13:35:00,OP0001,M0026,T00529,0.172,1716.0,2240.0,2.4,0,0,5,0,0,12.22,,88.5
2025-05-08 14:00:00,OP0031,M0010,,0.048,1851.0,2120.0,20.4,0,0,9,0,0,26.28,0.591,92.8
2025-05-08 15:00:00,OP0049,M0030,,0.28,1902.0,2178.0,3.6,0,0,4,1,0,24.71,0.583,69.3
2025-05-08 15:00:00,OP0026,M0001,,0.112,1757.0,2066.0,2.1,1,0,7,2,1,23.66,0.845,62.2
2025-05-08 15:00:00,OP0034,M0040,,0.171,1672.0,1934.0,11.0,0,0,4,0,0,21.65,0.761,96.8
2025-05-09 06:00:00,OP0026,M0035,,0.137,1930.0,2179.0,8.2,0,2,4,3,0,14.65,0.796,59.5
2025-05-09 07:00:00,OP0050,M0018,,0.127,1518.0,1728.0,2.1,0,0,6,0,1,6.72,0.918,84.0
2025-05-09 07:00:00,OP0043,M0031,,0.032,1949.0,2112.0,6.8,1,1,6,0,0,10.27,1.028,90.4
2025-05-09 08:00:00,OP0019,M0039,,0.169,1787.0,2067.0,2.9,1,0,7,0,2,22.03,0.5,65.5
2025-05-09 09:00:00,OP0027,M0012,,0.246,1770.0,2009.0,5.7,0,0,5,2,0,33.46,0.797,66.0
2025-05-09 09:00:00,OP0020,M0029,,0.201,1588.0,1973.0,6.3,1,1,7,1,0,22.21,0.612,74.1
2025-05-09 09:56:00,OP0051,M0014,T00175,0.321,1415.0,1972.0,12.3,0,0,0,0,0,18.38,,85.2
2025-05-09 10:00:00,OP0011,M0012,,0.148,1767.0,2134.0,20.9,2,1,9,2,0,22.34,0.613,65.3
2025-05-09 10:00:00,OP0011,M0038,,0.264,1484.0,1634.0,5.1,1,3,3,0,0,22.26,0.537,70.4
2025-05-09 11:00:00,OP0002,M0036,,0.139,1704.0,1871.0,4.0,1,1,4,0,0,10.66,0.732,84.9
2025-05-09 11:19:00,OP0033,M0034,T00079,0.24,1412.0,1923.0,1.4,0,0,5,0,0,13.72,,86.4
2025-05-09 13:00:00,OP0020,M0021,,0.249,1566.0,1797.0,4.8,1,0,3,1,0,9.65,0.342,76.8
2025-05-09 13:00:00,OP0028,M0033,,0.242,1701.0,1918.0,10.2,0,0,4,0,0,14.73,0.844,78.0
2025-05-09 14:00:00,OP0011,M0010,,0.218,1728.0,1882.0,20.2,3,0,9,1,0,26.19,0.442,71.8
2025-05-09 14:00:00,OP0005,M0026,,0.184,1634.0,1892.0,9.9,1,0,6,3,0,9.21,0.754,63.3
2025-05-09 14:00:00,OP0021,M0038,,0.177,1983.0,2301.0,1.7,1,2,7,0,0,11.88,0.772,80.1
2025-05-09 15:00:00,OP0027,M0010,,0.327,1608.0,2008.0,5.2,1,0,6,3,1,14.1,0.616,35.4
2025-05-09 15:00:00,OP0042,M0022,,0.124,1717.0,1984.0,19.3,0,1,7,0,0,18.32,0.954,88.6
2025-05-09 15:00:00,OP0039,M0031,,0.054,2171.0,2340.0,9.3,1,1,4,1,0,12.34,0.684,86.8
2025-05-09 15:00:00,OP0011,M0022,,0.136,1799.0,1945.0,23.6,0,0,7,2,2,28.19,0.669,50.2
2025-05-10 06:00:00,OP0011,M0030,,0.199,1737.0,2037.0,1.3,0,0,8,1,1,23.47,0.518,68.4
2025-05-10 07:00:00,OP0015,M0034,,0.234,1248.0,1500.0,3.9,0,1,6,2,0,25.65,0.3,62.5
2025-05-10 08:00:00,OP0052,M0009,,0.221,1860.0,2025.0,4.4,1,2,4,0,0,17.29,0.586,80.7
2025-05-10 09:00:00,OP0018,M0026,,0.08,1706.0,1872.0,7.4,0,0,6,0,0,10.38,0.655,96.5
2025-05-10 09:00:00,OP0055,M0041,,0.101,2314.0,2457.0,8.9,1,0,5,0,0,8.83,0.814,89.9
2025-05-10 10:00:00,OP0039,M0003,,0.097,1594.0,1832.0,1.5,2,0,6,1,0,24.93,0.716,80.8
2025-05-10 10:00:00,OP0045,M0035,,0.354,2217.0,2404.0,8.5,2,0,4,2,1,11.6,0.424,45.3
2025-05-10 10:00:00,OP0051,M0037,,0.203,1945.0,2117.0,4.8,0,0,8,0,0,14.13,0.67,89.5
2025-05-10 10:33:00,OP0039,M0023,T00033,0.358,1469.0,2240.0,2.3,0,0,19,1,0,12.47,,49.2
2025-05-10 12:00:00,OP0010,M0034,,0.276,2035.0,2170.0,2.2,0,0,4,0,1,13.91,0.693,72.3
2025-05-10 13:00:00,OP0005,M0015,,0.058,1749.0,2009.0,2.3,1,1,3,1,0,17.04,0.714,81.7
2025-05-10 13:00:00,OP0012,M0041,,0.157,1752.0,1886.0,3.8,0,0,5,1,0,4.17,0.734,84.3
2025-05-10 13:00:00,OP0015,M0032,,0.204,1501.0,1898.0,4.5,3,1,9,1,0,22.75,0.3,62.3
2025-05-10 13:31:00,OP0043,M0023,T00341,0.367,1407.0,2163.0,2.5,0,0,33,0,0,12.47,,40.7
2025-05-10 15:00:00,OP0029,M0033,,0.128,2313.0,2576.0,5.0,0,1,6,0,0,16.54,0.437,84.9
2025-05-10 15:00:00,OP0017,M0020,,0.154,2315.0,2600.0,2.2,0,0,5,0,0,5.22,0.766,94.4
2025-05-11 06:00:00,OP0041,M0037,,0.261,1872.0,2006.0,3.5,0,0,7,0,1,13.15,0.655,74.1
2025-05-11 06:00:00,OP0023,M0010,,0.147,1918.0,2191.0,4.3,2,0,3,1,0,30.48,0.38,76.9
2025-05-11 07:00:00,OP0045,M0018,,0.242,1888.0,2003.0,4.6,0,1,6,1,0,23.2,0.676,71.9
2025-05-11 07:00:00,OP0039,M0010,,0.104,1899.0,2028.0,9.5,1,1,8,1,0,21.54,0.842,78.9
2025-05-11 08:00:00,OP0055,M0016,,0.248,1979.0,2333.0,3.0,1,1,3,0,1,9.36,0.747,67.2
2025-05-11 09:32:00,OP0015,M0010,T00103,0.3,1334.0,1897.0,11.7,0,0,9,1,0,16.79,,71.7
2025-05-11 10:00:00,OP0031,M0031,,0.01,2107.0,2438.0,2.5,0,1,2,0,0,15.93,0.657,90.4
2025-05-11 10:00:00,OP0001,M0031,,0.012,1936.0,2186.0,3.3,0,0,5,1,0,14.65,0.864,95.4
2025-05-11 12:00:00,OP0048,M0017,,0.098,1958.0,2195.0,1.8,0,1,8,1,0,16.45,0.644,78.9
2025-05-11 12:00:00,OP0043,M0036,,0.02,1374.0,1515.0,1.7,0,0,6,0,0,25.58,1.065,96.8
2025-05-11 12:00:00,OP0012,M0034,,0.067,2275.0,2428.0,4.6,0,2,4,0,0,16.59,0.807,82.1
2025-05-11 13:00:00,OP0016,M0035,,0.153,2058.0,2443.0,3.8,0,0,8,0,0,16.05,0.65,84.0
2025-05-11 14:00:00,OP0052,M0008,,0.185,2063.0,2345.0,1.4,1,0,9,3,1,8.28,0.615,42.8
2025-05-11 14:00:00,OP0034,M0017,,0.102,1879.0,1989.0,9.6,0,2,6,0,0,5.66,0.963,88.8
2025-05-11 14:00:00,OP0029,M0033,,0.186,2120.0,2281.0,5.6,2,1,6,0,0,12.44,0.43,75.8
2025-05-11 15:00:00,OP0013,M0031,,0.116,1832.0,2054.0,11.7,0,1,3,0,0,20.1,0.565,96.3
2025-05-11 15:00:00,OP0020,M0003,,0.238,1646.0,1912.0,6.0,2,0,5,2,0,14.32,0.436,63.2
2025-05-12 06:00:00,OP0047,M0010,,0.051,2500.0,2600.0,19.5,2,0,5,0,0,24.87,0.98,86.3
2025-05-12 07:51:00,OP0050,M0041,T00528,0.188,1688.0,2348.0,2.1,0,0,16,0,1,8.21,,62.7
2025-05-12 08:00:00,OP0003,M0008,,0.247,1569.0,1925.0,1.8,0,1,5,0,0,16.68,0.608,76.7
2025-05-12 08:00:00,OP0055,M0012,,0.231,2009.0,2302.0,13.9,2,0,6,0,1,33.11,0.651,71.1
2025-05-12 08:15:00,OP0006,M0016,T00045,0.209,1959.0,2646.0,2.6,0,0,16,1,0,11.33,,66.9
2025-05-12 10:00:00,OP0035,M0033,,0.01,1421.0,1731.0,2.1,0,0,7,0,0,11.2,0.86,100.0
2025-05-12 11:01:00,OP0047,M0009,T00625,0.407,1709.0,2754.0,1.1,0,0,4,0,0,16.59,,79.5
2025-05-12 12:00:00,OP0007,M0031,,0.207,1867.0,2100.0,10.4,2,1,7,0,0,9.59,0.383,72.7
2025-05-12 13:15:00,OP0001,M0014,T00546,0.258,1596.0,2211.0,9.5,0,0,9,0,0,21.02,,76.9
2025-05-12 14:03:00,OP0031,M0025,T00241,0.304,1669.0,2519.0,2.8,0,0,40,1,1,15.44,,25.2
2025-05-12 15:00:00,OP0015,M0041,,0.198,1776.0,1950.0,9.3,0,0,4,1,0,10.96,0.401,81.4
2025-05-12 15:00:00,OP0009,M0022,,0.309,1542.0,1838.0,23.8,1,2,1,0,0,14.8,0.428,68.6
2025-05-12 15:00:00,OP0022,M0028,,0.04,1818.0,2112.0,2.7,1,0,6,2,0,9.14,0.733,85.4
2025-05-12 15:00:00,OP0047,M0008,,0.01,2500.0,2600.0,2.0,0,0,9,1,0,9.89,0.848,83.2
2025-05-12 15:00:00,OP0008,M0019,,0.219,2500.0,2600.0,2.0,1,0,6,0,1,7.72,0.392,77.6
2025-05-13 06:00:00,OP0049,M0007,,0.205,1765.0,2071.0,4.7,0,1,4,0,0,10.1,0.596,87.2
2025-05-13 07:00:00,OP0053,M0022,,0.087,2500.0,2600.0,20.2,1,1,5,0,0,13.05,0.608,90.9
2025-05-13 07:28:00,OP0006,M0027,T00519,0.306,1652.0,2446.0,1.2,0,0,4,0,0,16.42,,80.3
2025-05-13 08:00:00,OP0030,M0011,,0.122,1990.0,2338.0,6.5,1,1,8,0,0,7.96,0.673,83.2
2025-05-13 08:00:00,OP0041,M0027,,0.248,1741.0,1874.0,2.0,1,2,5,1,1,25.62,0.628,58.3
2025-05-13 08:00:00,OP0049,M0020,,0.288,1876.0,2252.0,9.3,0,1,10,1,0,13.3,0.627,58.7
2025-05-13 08:00:00,OP0010,M0012,,0.041,2191.0,2371.0,18.5,2,1,8,0,0,15.22,0.883,80.0
2025-05-13 09:00:00,OP0048,M0016,,0.075,1848.0,2051.0,1.1,0,2,5,0,0,6.81,0.831,89.3
2025-05-13 09:00:00,OP0022,M0017,,0.12,1763.0,2061.0,4.3,0,0,4,0,0,15.33,0.92,94.7
2025-05-13 09:00:00,OP0020,M0042,,0.147,1727.0,1840.0,2.4,1,0,5,0,1,11.72,0.559,78.6
2025-05-13 10:00:00,OP0014,M0025,,0.181,1893.0,2080.0,9.3,1,0,11,0,0,13.46,0.963,79.3
2025-05-13 11:00:00,OP0035,M0019,,0.111,1587.0,1986.0,9.5,1,1,5,0,0,6.53,0.854,84.1
2025-05-13 11:00:00,OP0023,M0019,,0.137,1812.0,2021.0,10.7,0,0,9,1,0,4.33,0.3,75.4
2025-05-13 11:00:00,OP0029,M0035,,0.195,1944.0,2099.0,8.8,0,1,4,1,3,16.81,0.551,46.7
2025-05-13 11:45:00,OP0021,M0013,T00587,0.233,1744.0,2489.0,1.1,0,0,0,0,0,8.78,,86.2
2025-05-13 12:00:00,OP0038,M0024,,0.202,1878.0,2052.0,3.9,2,3,4,0,0,12.07,0.584,70.6
2025-05-13 12:00:00,OP0037,M0009,,0.153,2215.0,2583.0,3.2,1,0,9,2,0,22.63,0.634,67.3
2025-05-13 12:00:00,OP0046,M0039,,0.288,1554.0,1725.0,4.7,2,4,6,0,0,12.01,0.627,53.0
2025-05-13 13:00:00,OP0023,M0037,,0.137,2129.0,2282.0,4.0,0,0,5,1,0,7.45,0.358,84.3
2025-05-13 13:00:00,OP0045,M0037,,0.207,2038.0,2369.0,5.4,0,0,8,1,0,13.17,0.458,70.9
2025-05-13 13:02:00,OP0031,M0020,T00695,0.163,1914.0,2628.0,2.3,0,0,17,0,0,9.3,,71.9
2025-05-13 14:00:00,OP0030,M0005,,0.064,1567.0,1813.0,1.3,1,1,8,0,0,13.78,0.801,96.7
2025-05-14 06:00:00,OP0001,M0034,,0.088,1663.0,1887.0,2.0,0,3,6,0,0,11.19,0.96,88.4
2025-05-14 06:40:00,OP0040,M0014,T00138,0.188,1684.0,2240.0,10.4,0,0,5,0,0,22.93,,80.2
2025-05-14 07:00:00,OP0031,M0008,,0.056,1685.0,1842.0,1.9,0,1,5,1,3,6.37,0.562,60.6
2025-05-14 08:00:00,OP0036,M0042,,0.201,2162.0,2476.0,6.2,0,0,3,1,0,21.18,0.301,80.2
2025-05-14 08:00:00,OP0031,M0001,,0.125,1878.0,2067.0,1.7,0,1,12,0,1,10.41,0.736,63.0
2025-05-14 08:00:00,OP0004,M0019,,0.01,2121.0,2264.0,9.5,1,0,3,0,0,5.7,0.886,91.5
2025-05-14 09:33:00,OP0055,M0009,T00262,0.221,1534.0,2131.0,1.6,0,0,7,1,2,15.68,,58.6
2025-05-14 10:00:00,OP0054,M0017,,0.014,2010.0,2171.0,6.1,1,1,3,1,0,11.08,0.826,82.4
2025-05-14 12:00:00,OP0052,M0002,,0.301,2321.0,2597.0,5.4,1,3,6,0,0,12.96,0.636,60.7
2025-05-14 12:00:00,OP0003,M0001,,0.153,1474.0,1756.0,2.8,1,0,7,0,0,14.89,0.749,76.8
2025-05-14 12:00:00,OP0013,M0024,,0.068,1863.0,2060.0,2.3,1,1,9,1,0,21.62,0.812,79.2
2025-05-14 12:20:00,OP0039,M0017,T00786,0.129,1684.0,2150.0,4.8,0,0,31,1,1,11.88,,47.7
2025-05-14 15:00:00,OP0038,M0002,,0.216,1817.0,2208.0,8.3,0,0,3,0,0,13.31,0.655,94.0
2025-05-14 15:00:00,OP0031,M0041,,0.082,2130.0,2424.0,3.5,1,1,7,0,2,8.88,0.552,61.1
2025-05-14 15:00:00,OP0014,M0036,,0.159,1613.0,1952.0,2.2,1,1,4,2,0,28.71,0.926,61.0
2025-05-14 15:00:00,OP0048,M0038,,0.073,1762.0,1976.0,3.1,0,0,6,0,0,20.95,0.546,98.8
2025-05-15 06:00:00,OP0018,M0024,,0.113,2071.0,2300.0,9.2,0,0,4,0,0,17.06,0.917,93.6
2025-05-15 06:00:00,OP0017,M0042,,0.152,1932.0,2305.0,1.2,0,1,7,0,0,27.54,0.661,83.0
2025-05-15 07:00:00,OP0055,M0039,,0.184,1523.0,1852.0,4.1,2,2,5,1,0,23.66,0.879,68.1
2025-05-15 07:00:00,OP0008,M0023,,0.11,2500.0,2600.0,3.4,1,1,7,0,1,20.96,0.539,80.0
2025-05-15 08:00:00,OP0003,M0034,,0.208,1568.0,1723.0,4.5,2,0,9,0,0,22.8,0.556,79.2
2025-05-15 09:00:00,OP0049,M0030,,0.212,1842.0,1972.0,1.1,0,2,9,0,0,20.55,0.699,70.7
2025-05-15 09:00:00,OP0017,M0016,,0.016,2132.0,2377.0,3.0,0,1,10,0,1,5.38,0.935,84.7
2025-05-15 09:16:00,OP0007,M0021,T00444,0.192,1553.0,2068.0,4.8,0,1,22,0,0,11.07,,62.7
2025-05-15 10:00:00,OP0005,M0008,,0.091,1329.0,1592.0,2.1,1,3,7,0,0,8.91,0.728,77.3
2025-05-15 10:00:00,OP0027,M0016,,0.286,1672.0,2006.0,1.9,2,0,7,3,0,10.84,0.556,47.8
2025-05-15 10:00:00,OP0044,M0040,,0.2,1961.0,2217.0,6.2,1,0,9,0,0,9.38,1.05,79.0
2025-05-15 11:00:00,OP0033,M0042,,0.129,1555.0,1827.0,4.8,0,1,8,0,0,11.21,0.816,85.2
2025-05-15 11:00:00,OP0005,M0001,,0.12,1692.0,2080.0,2.5,0,2,7,0,0,13.86,0.827,77.1
2025-05-15 11:00:00,OP0028,M0039,,0.275,1607.0,1988.0,2.8,3,0,8,0,0,24.55,0.891,70.4
2025-05-15 12:00:00,OP0029,M0033,,0.215,1884.0,2002.0,11.2,2,1,5,0,1,15.26,0.424,74.6
2025-05-15 12:00:00,OP0014,M0042,,0.132,1902.0,2268.0,3.5,0,0,5,1,0,14.08,1.075,82.3
2025-05-15 12:00:00,OP0036,M0002,,0.151,2049.0,2210.0,5.9,0,1,9,1,0,7.94,0.502,73.8
2025-05-15 12:12:00,OP0017,M0029,T00549,0.246,1629.0,2247.0,1.8,0,0,21,3,0,21.78,,45.9
2025-05-15 14:00:00,OP0007,M0038,,0.193,1672.0,1844.0,5.4,1,1,3,0,0,26.82,0.539,81.4
2025-05-15 14:33:00,OP0004,M0019,T00119,0.179,1878.0,2601.0,2.0,0,0,25,0,0,9.15,,68.2
2025-05-15 15:49:00,OP0053,M0004,T00649,0.167,2389.0,3244.0,3.8,0,1,10,0,0,17.15,,82.4
2025-05-16 06:00:00,OP0047,M0013,,0.108,2500.0,2600.0,4.3,1,1,10,2,0,10.23,0.985,54.6
2025-05-16 07:00:00,OP0010,M0035,,0.089,2173.0,2401.0,6.1,2,1,5,0,0,8.64,0.763,79.5
2025-05-16 07:00:00,OP0048,M0041,,0.072,1851.0,2237.0,6.7,2,0,8,0,1,7.29,0.596,81.9
2025-05-16 07:00:00,OP0002,M0034,,0.159,1733.0,1974.0,1.8,0,2,5,0,0,9.69,1.085,86.9
2025-05-16 08:00:00,OP0040,M0017,,0.048,1942.0,2101.0,1.9,0,2,9,0,0,11.33,0.831,89.2
2025-05-16 08:00:00,OP0027,M0001,,0.175,1370.0,1545.0,2.7,1,3,4,3,0,23.19,0.762,52.1
2025-05-16 09:00:00,OP0030,M0035,,0.157,1731.0,2063.0,11.8,0,1,2,1,0,9.6,0.731,79.5
2025-05-16 09:59:00,OP0020,M0038,T00510,0.244,1354.0,1810.0,2.3,0,0,19,3,1,17.07,,35.7
2025-05-16 10:00:00,OP0020,M0034,,0.231,1540.0,1695.0,2.0,0,0,5,2,1,11.02,0.432,57.0
2025-05-16 10:00:00,OP0029,M0025,,0.21,1935.0,2083.0,8.0,0,0,7,1,1,18.98,0.427,66.8
2025-05-16 10:00:00,OP0009,M0010,,0.309,1927.0,2165.0,12.2,0,0,9,2,0,16.33,0.53,56.9
2025-05-16 11:00:00,OP0051,M0013,,0.159,1698.0,2016.0,8.4,3,2,6,0,0,11.25,1.076,67.5
2025-05-16 12:00:00,OP0048,M0028,,0.175,2001.0,2154.0,2.6,0,0,3,0,0,15.5,0.824,89.2
2025-05-16 12:00:00,OP0042,M0007,,0.211,1980.0,2342.0,8.3,2,0,8,0,1,5.22,0.896,69.1
2025-05-16 12:06:00,OP0007,M0003,T00426,0.2,1429.0,1880.0,2.7,0,0,38,0,0,18.31,,49.2
2025-05-16 12:40:00,OP0043,M0030,T00190,0.259,1428.0,2000.0,1.4,0,0,13,0,0,13.54,,76.7
2025-05-16 13:00:00,OP0005,M0020,,0.172,1771.0,2142.0,5.6,0,0,2,2,0,4.67,0.736,79.2
2025-05-16 13:00:00,OP0016,M0003,,0.207,1856.0,2199.0,5.3,0,2,11,0,0,30.29,0.877,81.3
2025-05-16 13:00:00,OP0051,M0006,,0.204,1764.0,1911.0,7.7,0,1,4,0,0,8.7,1.047,86.3
2025-05-16 14:00:00,OP0017,M0028,,0.129,1854.0,2098.0,4.6,1,1,6,0,2,22.47,0.644,67.2
2025-05-16 15:00:00,OP0029,M0030,,0.288,1925.0,2104.0,4.1,0,3,5,0,1,26.0,0.592,63.5
2025-05-16 15:00:00,OP0032,M0034,,0.167,1900.0,2278.0,4.8,1,3,5,0,0,11.15,1.154,79.4
2025-05-17 06:00:00,OP0011,M0026,,0.19,1928.0,2140.0,8.7,1,4,3,0,1,14.59,0.462,61.5
2025-05-17 07:00:00,OP0029,M0035,,0.17,1969.0,2213.0,1.2,0,1,4,1,0,14.43,0.422,77.7
2025-05-17 07:00:00,OP0030,M0034,,0.129,1437.0,1769.0,2.7,1,0,3,1,0,12.94,0.825,87.4
2025-05-17 07:00:00,OP0018,M0020,,0.127,1443.0,1743.0,9.3,2,0,7,0,0,6.65,0.718,87.4
2025-05-17 07:00:00,OP0035,M0002,,0.055,1828.0,2072.0,14.2,2,0,9,0,0,20.1,0.853,85.9
2025-05-17 07:00:00,OP0042,M0011,,0.2,1705.0,2010.0,10.3,3,0,8,1,1,10.94,0.827,57.1
2025-05-17 08:42:00,OP0006,M0002,T00611,0.283,1809.0,2649.0,3.5,0,1,6,0,0,16.23,,82.2
2025-05-17 09:00:00,OP0012,M0017,,0.189,1800.0,2067.0,7.1,3,1,4,1,0,9.06,0.913,67.2
2025-05-17 09:00:00,OP0009,M0007,,0.269,2031.0,2245.0,6.6,2,0,4,4,1,6.09,0.813,38.5
2025-05-17 09:00:00,OP0021,M0023,,0.292,2048.0,2361.0,11.2,0,1,1,0,0,21.1,0.8,80.1
2025-05-17 09:00:00,OP0032,M0025,,0.147,1765.0,1980.0,1.7,1,1,5,0,0,8.99,0.978,80.3
2025-05-17 10:00:00,OP0023,M0016,,0.202,2133.0,2412.0,1.7,1,1,9,1,0,5.54,0.472,73.4
2025-05-17 11:00:00,OP0027,M0018,,0.227,1515.0,1799.0,3.4,2,0,8,0,0,8.11,0.72,81.1
2025-05-17 11:00:00,OP0011,M0024,,0.168,1936.0,2108.0,13.7,2,0,4,1,1,7.38,0.611,62.4
2025-05-17 11:00:00,OP0039,M0001,,0.066,1951.0,2319.0,2.9,1,0,6,0,0,5.97,0.586,89.0
2025-05-17 12:36:00,OP0003,M0040,T00316,0.168,1594.0,2147.0,2.6,0,0,19,0,0,15.12,,67.4
2025-05-17 13:00:00,OP0046,M0030,,0.26,1894.0,2122.0,2.8,0,3,7,2,0,24.32,0.417,53.3
2025-05-17 13:00:00,OP0007,M0020,,0.22,1922.0,2101.0,8.5,1,1,8,0,1,6.05,0.518,67.5
2025-05-17 13:00:00,OP0028,M0015,,0.242,1635.0,1987.0,4.7,2,1,9,0,1,14.12,0.783,68.0
2025-05-17 14:04:00,OP0011,M0036,T00713,0.338,1378.0,2001.0,1.8,1,0,22,0,1,17.3,,44.1
2025-05-17 15:00:00,OP0048,M0020,,0.106,1952.0,2059.0,7.8,1,2,10,1,0,8.29,0.55,70.8
2025-05-18 08:00:00,OP0040,M0002,,0.159,1857.0,1998.0,5.5,1,0,8,0,0,19.62,0.765,82.2
2025-05-18 08:00:00,OP0021,M0039,,0.214,1827.0,1996.0,2.5,0,0,8,0,1,24.2,0.921,72.0
2025-05-18 09:00:00,OP0028,M0025,,0.26,1850.0,2179.0,1.5,0,0,4,0,0,21.7,0.931,77.4
2025-05-18 09:00:00,OP0030,M0002,,0.151,2124.0,2342.0,9.4,0,0,3,1,0,16.24,0.848,85.0
2025-05-18 09:00:00,OP0034,M0025,,0.198,1721.0,1850.0,11.0,2,0,7,1,0,23.27,0.914,74.6
2025-05-18 09:00:00,OP0043,M0025,,0.01,1745.0,1916.0,8.5,0,1,9,0,0,20.47,0.784,90.0
2025-05-18 09:00:00,OP0018,M0001,,0.224,1503.0,1829.0,4.1,0,1,5,0,0,10.3,0.943,83.8
2025-05-18 10:00:00,OP0011,M0015,,0.331,1824.0,2076.0,4.1,2,0,6,1,0,10.49,0.737,66.1
2025-05-18 10:00:00,OP0021,M0039,,0.211,1812.0,2079.0,1.6,1,0,7,0,0,20.68,0.906,72.2
2025-05-18 10:56:00,OP0047,M0035,T00254,0.225,2111.0,2976.0,4.3,0,0,13,0,1,15.35,,64.4
2025-05-18 12:00:00,OP0025,M0040,,0.165,1932.0,2226.0,13.0,2,0,3,2,1,20.48,0.824,62.2
2025-05-18 12:20:00,OP0032,M0031,T00440,0.147,1738.0,2252.0,3.7,0,0,18,1,0,16.2,,74.8
2025-05-18 13:00:00,OP0013,M0025,,0.127,1982.0,2219.0,13.3,0,0,5,1,1,9.23,0.625,81.0
2025-05-18 13:00:00,OP0054,M0042,,0.022,1792.0,2096.0,5.2,2,0,6,1,0,10.97,0.538,82.2
2025-05-18 15:16:00,OP0005,M0007,T00144,0.246,1689.0,2372.0,2.6,0,1,11,1,1,9.04,,56.7
2025-05-18 15:38:00,OP0051,M0013,T00615,0.182,1604.0,2211.0,1.8,0,0,18,0,0,7.63,,71.1
2025-05-19 06:00:00,OP0055,M0035,,0.213,1915.0,2241.0,4.9,0,0,4,0,1,16.38,0.612,75.9
2025-05-19 07:00:00,OP0007,M0037,,0.216,1903.0,2104.0,2.7,1,0,4,1,0,11.54,0.605,79.5
2025-05-19 08:00:00,OP0030,M0041,,0.156,1964.0,2126.0,9.8,2,1,7,0,0,7.86,0.758,82.7
2025-05-19 08:00:00,OP0019,M0010,,0.273,1953.0,2260.0,24.3,0,2,4,2,2,22.41,0.341,38.6
2025-05-19 08:16:00,OP0052,M0023,T00237,0.254,1736.0,2532.0,2.5,1,0,8,2,1,15.62,,53.9
2025-05-19 09:00:00,OP0008,M0010,,0.233,2500.0,2600.0,20.3,1,1,14,1,0,33.68,0.344,59.8
2025-05-19 10:00:00,OP0010,M0040,,0.143,2185.0,2423.0,2.6,0,1,2,0,0,15.66,0.956,88.1
2025-05-19 11:00:00,OP0034,M0009,,0.129,1698.0,1978.0,1.2,1,3,4,0,0,18.39,1.002,79.1
2025-05-19 11:00:00,OP0052,M0013,,0.208,2324.0,2528.0,2.6,1,1,8,0,1,12.19,0.763,68.9
2025-05-19 11:00:00,OP0018,M0024,,0.118,2077.0,2218.0,13.5,1,0,5,0,1,10.25,0.862,78.7
2025-05-19 11:00:00,OP0027,M0036,,0.313,1658.0,1891.0,6.4,0,3,7,0,1,25.63,0.733,59.2
2025-05-19 12:00:00,OP0045,M0002,,0.353,2055.0,2260.0,4.3,0,1,7,0,2,14.36,0.378,55.5
2025-05-19 12:00:00,OP0033,M0036,,0.055,1723.0,1956.0,6.9,0,1,5,1,0,23.57,0.861,93.1
2025-05-19 12:00:00,OP0042,M0038,,0.105,1857.0,2247.0,4.8,1,1,5,0,0,11.67,0.903,86.1
2025-05-19 12:00:00,OP0041,M0021,,0.289,1705.0,2059.0,11.6,1,0,7,0,0,12.74,0.705,76.8
2025-05-19 13:00:00,OP0002,M0015,,0.129,1800.0,2112.0,3.0,0,1,6,0,0,14.89,1.034,85.9
2025-05-20 07:00:00,OP0044,M0036,,0.208,1420.0,1667.0,3.7,1,0,2,1,0,26.41,0.893,80.3
2025-05-20 07:00:00,OP0044,M0033,,0.105,2068.0,2393.0,12.3,4,1,6,0,0,10.75,1.03,76.7
2025-05-20 08:00:00,OP0023,M0038,,0.142,1693.0,1859.0,1.8,1,2,4,1,1,22.21,0.415,62.3
2025-05-20 08:00:00,OP0002,M0023,,0.069,1919.0,2086.0,7.9,0,0,0,0,0,11.7,0.908,94.8
2025-05-20 08:00:00,OP0015,M0021,,0.228,1626.0,1950.0,6.0,0,0,7,0,0,6.63,0.334,83.4
2025-05-20 08:00:00,OP0053,M0024,,0.158,2500.0,2600.0,13.2,1,0,8,3,0,13.77,0.721,55.7
2025-05-20 08:00:00,OP0026,M0020,,0.081,2242.0,2345.0,2.7,3,0,4,0,0,10.33,0.758,81.9
2025-05-20 09:00:00,OP0030,M0034,,0.144,1916.0,2115.0,4.0,1,1,8,0,0,9.97,0.702,75.5
2025-05-20 09:15:00,OP0004,M0002,T00167,0.171,1847.0,2493.0,2.3,0,0,24,1,0,17.25,,55.6
2025-05-20 10:00:00,OP0037,M0014,,0.131,2169.0,2569.0,24.3,0,2,4,0,0,23.9,0.694,89.8
2025-05-20 10:00:00,OP0051,M0007,,0.164,1847.0,1986.0,2.1,0,1,12,0,0,11.33,1.014,78.9
2025-05-20 10:41:00,OP0023,M0017,T00810,0.308,1565.0,2296.0,3.6,0,2,27,0,1,11.07,,45.8
2025-05-20 11:00:00,OP0024,M0014,,0.183,1986.0,2242.0,16.4,1,2,8,0,0,33.11,0.706,75.5
2025-05-20 11:58:00,OP0028,M0015,T00545,0.346,1307.0,1928.0,1.2,0,0,13,0,0,12.58,,70.6
2025-05-20 12:00:00,OP0024,M0023,,0.171,1759.0,2004.0,9.6,0,0,8,3,0,12.12,0.556,59.3
2025-05-20 12:00:00,OP0018,M0013,,0.028,1996.0,2123.0,10.5,2,0,0,1,0,3.78,0.812,85.9
2025-05-20 12:14:00,OP0052,M0015,T00837,0.194,1687.0,2253.0,1.4,0,0,0,0,0,16.96,,79.5
2025-05-20 13:00:00,OP0041,M0014,,0.311,1856.0,1966.0,1.8,0,3,4,0,1,35.43,0.846,69.1
2025-05-20 13:00:00,OP0055,M0032,,0.175,1627.0,1871.0,1.4,1,1,5,1,0,12.66,0.789,80.5
2025-05-20 13:34:00,OP0033,M0010,T00816,0.104,1617.0,2032.0,11.9,0,0,15,1,0,21.81,,74.2
2025-05-20 13:57:00,OP0027,M0008,T00020,0.267,1367.0,1883.0,1.6,0,0,9,0,1,12.69,,72.0
2025-05-20 14:00:00,OP0041,M0036,,0.344,1809.0,2164.0,3.3,2,1,3,0,3,18.94,0.724,41.0
2025-05-20 14:00:00,OP0008,M0038,,0.284,1979.0,2365.0,6.5,2,0,5,0,0,23.63,0.526,77.6
2025-05-20 15:00:00,OP0019,M0039,,0.179,1423.0,1563.0,2.5,0,4,8,0,0,13.18,0.463,79.0
2025-05-20 15:00:00,OP0025,M0021,,0.168,1971.0,2297.0,5.6,2,1,5,1,0,10.17,1.207,65.2
2025-05-21 06:00:00,OP0054,M0011,,0.092,2119.0,2457.0,8.0,1,0,4,0,0,5.98,0.769,98.4
2025-05-21 06:00:00,OP0045,M0001,,0.355,1860.0,2180.0,4.2,0,2,7,3,1,7.38,0.741,44.5
2025-05-21 07:00:00,OP0044,M0024,,0.084,2258.0,2443.0,6.3,2,1,8,1,0,21.49,1.028,73.8
2025-05-21 07:40:00,OP0053,M0036,T00010,0.292,1981.0,2949.0,2.3,1,1,16,1,1,26.43,,53.0
2025-05-21 09:00:00,OP0048,M0006,,0.209,1716.0,1832.0,9.0,0,1,10,0,0,7.11,0.666,84.3
2025-05-21 09:00:00,OP0029,M0013,,0.291,2173.0,2549.0,11.8,1,2,6,2,2,5.42,0.364,44.2
2025-05-21 09:00:00,OP0017,M0012,,0.14,1952.0,2287.0,10.3,1,1,11,0,0,28.39,0.843,83.2
2025-05-21 10:00:00,OP0018,M0025,,0.203,1781.0,1966.0,6.4,0,2,7,1,0,23.12,0.785,73.1
2025-05-21 12:00:00,OP0055,M0034,,0.156,1749.0,2032.0,3.6,0,0,4,1,1,7.22,0.671,70.5
2025-05-21 12:00:00,OP0027,M0028,,0.273,1519.0,1779.0,3.5,2,1,7,1,0,24.9,0.6,59.8
2025-05-21 12:00:00,OP0014,M0019,,0.179,1908.0,2023.0,3.7,2,3,3,1,0,5.77,0.847,60.2
2025-05-21 13:00:00,OP0053,M0015,,0.153,2500.0,2600.0,4.3,0,0,8,0,1,16.87,0.845,85.7
2025-05-21 14:00:00,OP0048,M0002,,0.185,1881.0,2275.0,6.4,1,0,8,0,1,15.04,0.671,67.5
2025-05-21 14:00:00,OP0002,M0011,,0.123,2103.0,2500.0,8.9,0,0,8,0,0,8.08,1.015,83.1
2025-05-21 15:00:00,OP0024,M0025,,0.197,2005.0,2397.0,12.2,1,0,7,0,0,15.59,0.84,83.4
2025-05-21 15:00:00,OP0016,M0002,,0.296,1913.0,2307.0,6.3,1,1,7,0,0,18.66,0.727,66.9
2025-05-22 06:00:00,OP0007,M0024,,0.3,1622.0,1797.0,4.4,0,1,13,0,1,13.45,0.57,58.3
2025-05-22 06:00:00,OP0033,M0006,,0.138,1900.0,2009.0,11.4,0,1,12,1,1,8.36,0.901,59.8
2025-05-22 06:00:00,OP0042,M0017,,0.175,1660.0,2041.0,8.3,0,1,4,1,0,11.99,0.73,76.1
2025-05-22 07:00:00,OP0021,M0017,,0.166,2458.0,2568.0,12.3,1,1,7,0,0,13.04,0.987,79.8
2025-05-22 07:00:00,OP0018,M0024,,0.207,1576.0,1687.0,1.6,0,1,4,0,0,14.53,0.641,86.6
2025-05-22 08:00:00,OP0035,M0014,,0.01,1646.0,1917.0,12.6,1,1,5,0,0,23.18,1.003,98.4
2025-05-22 08:00:00,OP0035,M0010,,0.109,1587.0,1864.0,21.2,1,1,7,0,0,15.77,1.1,81.2
2025-05-22 09:00:00,OP0016,M0008,,0.238,1522.0,1792.0,4.8,0,1,6,1,0,20.63,0.689,74.4
2025-05-22 09:29:00,OP0038,M0021,T00394,0.304,1505.0,2189.0,3.9,0,0,13,1,1,9.91,,55.6
2025-05-22 10:00:00,OP0003,M0035,,0.146,1707.0,2029.0,1.6,0,2,3,0,0,10.76,0.914,78.3
2025-05-22 10:00:00,OP0045,M0042,,0.31,2161.0,2517.0,3.5,0,0,7,2,3,21.7,0.591,36.4
2025-05-22 10:00:00,OP0025,M0040,,0.093,1914.0,2144.0,1.5,1,1,5,0,1,11.11,0.956,86.7
2025-05-22 10:00:00,OP0011,M0034,,0.208,1618.0,1968.0,2.5,1,1,7,3,0,24.46,0.58,56.1
2025-05-22 11:00:00,OP0025,M0020,,0.138,1908.0,2041.0,11.8,2,0,8,0,1,4.75,0.74,70.7
2025-05-22 11:00:00,OP0010,M0007,,0.072,2145.0,2534.0,7.2,1,2,3,0,0,9.22,0.823,87.1
2025-05-22 11:00:00,OP0036,M0009,,0.105,1943.0,2241.0,2.4,0,1,6,1,0,11.7,0.734,84.3
2025-05-22 11:00:00,OP0036,M0011,,0.094,2195.0,2486.0,5.3,1,0,6,0,0,3.85,0.541,91.0
2025-05-22 11:00:00,OP0017,M0037,,0.028,1832.0,2113.0,8.0,0,0,7,1,2,6.81,0.836,63.0
2025-05-22 12:00:00,OP0045,M0040,,0.249,1969.0,2093.0,14.6,0,3,6,2,1,8.55,0.494,58.1
2025-05-22 12:00:00,OP0050,M0002,,0.105,1890.0,2130.0,2.3,0,0,3,0,0,8.43,0.994,94.9
2025-05-22 13:00:00,OP0035,M0041,,0.01,1933.0,2063.0,5.1,0,1,6,0,0,6.13,0.742,91.5
2025-05-22 13:00:00,OP0003,M0017,,0.216,1740.0,2094.0,8.6,1,0,4,0,0,11.97,0.799,87.3
2025-05-22 13:24:00,OP0016,M0034,T00127,0.166,1759.0,2330.0,1.7,0,0,19,0,0,18.03,,76.6
2025-05-22 14:00:00,OP0028,M0036,,0.255,1456.0,1574.0,2.6,1,0,10,0,0,15.3,0.934,72.4
2025-05-22 15:00:00,OP0047,M0029,,0.099,2476.0,2591.0,1.3,1,0,3,1,1,13.69,0.94,70.2
2025-05-22 15:00:00,OP0055,M0020,,0.148,1625.0,1823.0,10.9,1,1,11,1,0,5.34,0.706,71.8
2025-05-22 15:21:00,OP0012,M0004,T00670,0.158,1758.0,2292.0,2.8,0,0,3,1,0,11.8,,76.3
2025-05-23 07:00:00,OP0014,M0039,,0.06,1644.0,1992.0,3.8,0,0,4,1,1,19.89,0.961,79.0
2025-05-23 08:00:00,OP0029,M0027,,0.302,1909.0,2205.0,1.2,0,0,8,1,2,8.57,0.354,52.8
2025-05-23 08:00:00,OP0042,M0019,,0.135,1679.0,2028.0,10.6,1,0,10,1,0,8.8,0.745,69.6
2025-05-23 08:00:00,OP0052,M0005,,0.228,2043.0,2301.0,23.5,1,2,9,1,1,27.27,0.483,65.6
2025-05-23 08:00:00,OP0025,M0037,,0.198,2074.0,2372.0,7.8,1,0,7,0,0,5.85,1.015,76.7
2025-05-23 09:00:00,OP0028,M0027,,0.159,1598.0,1808.0,4.6,1,2,5,0,0,13.94,0.813,83.3
2025-05-23 10:54:00,OP0019,M0027,T00579,0.321,1400.0,2052.0,1.4,0,0,19,1,1,13.42,,45.6
2025-05-23 11:00:00,OP0028,M0025,,0.257,1887.0,2040.0,11.1,3,0,9,0,0,9.44,0.711,73.7
2025-05-23 11:00:00,OP0025,M0029,,0.258,1735.0,1960.0,4.9,0,1,6,0,0,20.46,0.814,74.8
2025-05-23 11:00:00,OP0050,M0005,,0.104,1899.0,2239.0,27.2,1,0,4,0,0,12.06,0.896,89.6
2025-05-23 11:00:00,OP0049,M0007,,0.222,1860.0,2164.0,5.0,0,0,7,1,0,5.9,0.639,83.9
2025-05-23 12:00:00,OP0009,M0032,,0.236,1532.0,1757.0,1.6,0,2,8,0,0,11.45,0.661,77.2
2025-05-23 13:00:00,OP0020,M0042,,0.145,1568.0,1756.0,4.5,1,2,6,1,0,11.1,0.466,69.6
2025-05-23 13:00:00,OP0004,M0022,,0.037,2246.0,2350.0,25.7,0,1,2,0,0,25.42,0.825,90.2
2025-05-23 13:00:00,OP0051,M0037,,0.158,1921.0,2046.0,3.2,0,2,6,0,0,13.53,0.883,89.8
2025-05-23 13:00:00,OP0028,M0024,,0.11,1772.0,1905.0,11.3,1,0,6,0,0,14.4,0.783,92.0
2025-05-23 14:00:00,OP0011,M0001,,0.221,1834.0,1976.0,3.8,2,0,8,4,0,9.51,0.614,45.4
2025-05-23 14:00:00,OP0003,M0032,,0.233,1671.0,1999.0,6.8,0,0,5,0,0,11.92,0.734,88.5
2025-05-23 15:00:00,OP0035,M0035,,0.035,1750.0,2034.0,3.9,1,2,9,0,1,10.52,0.956,73.0
2025-05-24 06:00:00,OP0025,M0032,,0.165,1619.0,1890.0,3.1,1,0,6,3,0,9.67,0.785,61.6
2025-05-24 07:00:00,OP0006,M0005,,0.05,2046.0,2198.0,20.4,1,0,5,0,0,18.35,0.901,88.5
2025-05-24 07:00:00,OP0010,M0011,,0.204,2468.0,2600.0,6.1,0,1,6,0,1,6.6,0.847,76.2
2025-05-24 09:00:00,OP0023,M0024,,0.126,1982.0,2264.0,8.8,1,0,7,0,2,7.59,0.329,64.2
2025-05-24 10:00:00,OP0031,M0014,,0.032,1860.0,1997.0,23.9,0,0,4,0,3,23.3,0.589,70.1
2025-05-24 10:00:00,OP0024,M0011,,0.122,1754.0,1969.0,3.3,0,1,4,0,0,6.87,0.737,93.4
2025-05-24 11:41:00,OP0040,M0007,T00686,0.25,1680.0,2342.0,2.5,0,0,16,0,1,8.98,,52.0
2025-05-24 12:00:00,OP0020,M0032,,0.226,1885.0,2146.0,3.8,1,1,5,1,0,28.12,0.455,70.1
2025-05-24 12:00:00,OP0009,M0019,,0.245,1879.0,2229.0,1.9,1,1,10,2,0,4.34,0.635,59.0
2025-05-24 12:00:00,OP0025,M0025,,0.176,1941.0,2110.0,9.3,1,0,4,0,1,16.13,0.991,81.7
2025-05-24 12:00:00,OP0007,M0017,,0.284,1734.0,1838.0,12.3,0,0,2,1,1,17.92,0.551,61.6
2025-05-24 13:00:00,OP0022,M0014,,0.039,1767.0,1996.0,13.4,2,1,7,0,0,15.82,0.846,90.6
2025-05-24 13:00:00,OP0036,M0014,,0.077,2295.0,2408.0,17.9,1,1,8,1,0,21.07,0.385,78.9
2025-05-24 14:00:00,OP0043,M0019,,0.033,1827.0,2109.0,5.4,0,0,3,0,0,4.45,0.972,100.0
2025-05-24 14:07:00,OP0015,M0039,T00835,0.346,1245.0,1808.0,1.2,0,0,10,1,0,11.64,,67.1
2025-05-24 15:00:00,OP0012,M0041,,0.256,2353.0,2482.0,3.8,2,1,8,1,0,4.75,1.011,58.2
2025-05-24 15:58:00,OP0004,M0006,T00783,0.205,1828.0,2601.0,2.6,0,0,1,0,0,9.03,,93.8
2025-05-25 06:00:00,OP0037,M0039,,0.171,2402.0,2600.0,3.9,0,0,8,0,2,8.36,0.685,67.9
2025-05-25 06:00:00,OP0040,M0039,,0.139,1928.0,2269.0,1.2,0,3,12,0,0,6.65,0.664,69.6
2025-05-25 08:33:00,OP0009,M0023,T00414,0.325,1495.0,2242.0,3.2,0,0,13,0,0,13.11,,68.0
2025-05-25 09:00:00,OP0003,M0007,,0.199,1836.0,2149.0,2.0,0,3,4,0,0,6.3,0.58,88.3
2025-05-25 09:00:00,OP0044,M0016,,0.124,2486.0,2600.0,5.3,3,0,4,0,0,7.78,0.977,83.1
2025-05-25 09:00:00,OP0040,M0020,,0.04,1877.0,2205.0,3.8,0,2,8,0,0,7.21,0.592,89.5
2025-05-25 10:00:00,OP0022,M0011,,0.02,2050.0,2283.0,11.2,0,0,4,0,0,7.45,0.909,93.4
2025-05-25 11:00:00,OP0034,M0036,,0.236,1600.0,1884.0,5.8,0,1,6,0,1,12.58,0.889,68.5
2025-05-25 12:28:00,OP0024,M0004,T00434,0.328,1529.0,2258.0,4.7,0,1,18,0,0,10.14,,65.8
2025-05-25 13:00:00,OP0010,M0023,,0.148,2037.0,2336.0,2.2,0,1,7,1,0,15.37,0.831,79.1
2025-05-25 13:00:00,OP0049,M0019,,0.29,2132.0,2378.0,10.4,3,1,7,1,0,11.42,0.692,59.5
2025-05-25 13:00:00,OP0022,M0013,,0.112,2120.0,2239.0,5.0,1,0,4,0,0,11.39,0.698,93.8
2025-05-25 13:36:00,OP0003,M0027,T00521,0.208,1453.0,1960.0,1.6,0,0,11,0,0,14.3,,79.4
2025-05-25 14:00:00,OP0032,M0016,,0.169,2083.0,2402.0,6.7,0,0,7,0,0,7.29,0.981,91.3
2025-05-25 14:00:00,OP0030,M0035,,0.129,1814.0,2178.0,6.6,0,2,7,1,0,10.46,0.664,79.2
2025-05-25 14:00:00,OP0016,M0023,,0.222,2419.0,2600.0,12.1,0,0,8,0,2,10.46,0.729,63.4
2025-05-26 07:00:00,OP0046,M0042,,0.216,1666.0,1858.0,6.9,1,2,8,0,0,18.21,0.667,74.4
2025-05-26 07:00:00,OP0011,M0025,,0.199,2028.0,2166.0,8.6,0,1,9,0,4,14.69,0.43,39.1
2025-05-26 07:00:00,OP0035,M0022,,0.092,1657.0,1982.0,15.2,0,1,8,0,0,12.88,1.114,87.5
2025-05-26 07:00:00,OP0028,M0035,,0.239,1461.0,1632.0,3.2,0,1,4,0,0,8.36,0.948,78.5
2025-05-26 07:00:00,OP0039,M0029,,0.064,1318.0,1583.0,3.4,0,1,6,1,0,23.75,0.66,83.8
2025-05-26 08:00:00,OP0011,M0021,,0.25,1783.0,2109.0,12.4,0,2,7,0,0,9.1,0.599,75.5
2025-05-26 08:00:00,OP0033,M0012,,0.105,1761.0,2055.0,14.5,1,1,10,0,0,20.98,0.958,80.9
2025-05-26 08:27:00,OP0016,M0040,T00371,0.233,1783.0,2552.0,2.9,0,0,32,1,1,16.68,,37.9
2025-05-26 09:00:00,OP0042,M0005,,0.01,1614.0,1723.0,14.2,1,1,4,1,1,19.98,0.786,77.9
2025-05-26 10:00:00,OP0020,M0029,,0.283,1713.0,2011.0,2.2,0,0,6,1,1,20.56,0.705,68.2
2025-05-26 11:00:00,OP0034,M0027,,0.194,1438.0,1739.0,1.4,0,1,12,0,0,24.33,0.682,80.4
2025-05-26 12:00:00,OP0046,M0041,,0.284,1873.0,2154.0,7.0,3,2,6,4,0,10.75,0.677,33.9
2025-05-26 12:14:00,OP0014,M0029,T00808,0.312,1377.0,1928.0,2.5,0,0,17,0,1,17.11,,61.0
2025-05-26 13:00:00,OP0005,M0021,,0.224,1867.0,1986.0,2.4,0,0,3,0,0,9.74,0.736,88.6
2025-05-26 13:13:00,OP0055,M0018,T00261,0.175,1593.0,2129.0,1.9,0,0,33,2,0,16.58,,37.4
2025-05-26 14:00:00,OP0007,M0014,,0.145,1672.0,1855.0,12.5,1,0,1,0,0,25.84,0.611,81.3
2025-05-26 15:00:00,OP0012,M0023,,0.165,1916.0,2080.0,2.0,0,1,9,0,0,22.31,0.692,90.5
2025-05-26 15:00:00,OP0033,M0013,,0.06,1591.0,1968.0,8.5,2,1,8,0,1,9.56,0.91,68.3
2025-05-27 06:00:00,OP0047,M0001,,0.019,2351.0,2600.0,1.2,3,1,8,1,0,9.23,0.759,75.2
2025-05-27 06:00:00,OP0032,M0018,,0.115,1926.0,2314.0,4.7,0,0,5,1,0,19.88,0.968,83.5
2025-05-27 06:00:00,OP0051,M0020,,0.191,1707.0,2005.0,8.7,2,0,8,0,0,9.67,0.897,78.4
2025-05-27 06:13:00,OP0053,M0023,T00392,0.196,2431.0,3391.0,2.7,0,0,22,0,0,21.51,,68.1
2025-05-27 06:16:00,OP0016,M0039,T00806,0.312,1561.0,2330.0,1.3,0,1,2,2,1,15.46,,55.4
2025-05-27 07:00:00,OP0051,M0013,,0.143,1776.0,1938.0,3.4,3,0,7,0,0,8.01,0.769,82.3
2025-05-27 07:00:00,OP0025,M0035,,0.148,1927.0,2028.0,6.1,2,0,3,0,0,14.0,1.004,78.3
2025-05-27 08:00:00,OP0049,M0037,,0.304,2040.0,2303.0,7.1,0,0,6,0,0,7.87,0.829,84.0
2025-05-27 09:00:00,OP0055,M0010,,0.217,1728.0,1986.0,1.7,1,1,6,1,0,17.39,0.871,74.1
2025-05-27 09:00:00,OP0038,M0010,,0.145,1945.0,2061.0,16.9,0,0,11,0,0,31.85,0.536,86.8
2025-05-27 09:00:00,OP0054,M0006,,0.112,2402.0,2503.0,9.2,2,0,3,0,0,4.45,0.797,85.3
2025-05-27 10:00:00,OP0046,M0036,,0.161,1421.0,1776.0,6.0,2,2,4,0,0,17.31,0.493,80.0
2025-05-27 10:00:00,OP0020,M0019,,0.204,1935.0,2301.0,11.6,1,2,9,2,0,8.77,0.489,59.5
2025-05-27 11:00:00,OP0003,M0011,,0.188,2038.0,2355.0,2.2,0,1,4,0,0,8.56,0.7,88.4
2025-05-27 13:00:00,OP0043,M0013,,0.01,1759.0,2014.0,9.3,0,0,5,1,0,10.22,1.003,92.4
2025-05-27 14:00:00,OP0053,M0002,,0.196,2500.0,2600.0,7.9,1,0,7,3,0,23.23,0.733,63.6
2025-05-27 14:00:00,OP0031,M0034,,0.01,1728.0,1892.0,2.9,1,0,5,0,1,10.52,0.63,86.8
2025-05-27 14:00:00,OP0004,M0020,,0.076,2095.0,2463.0,4.0,1,0,4,0,0,5.1,1.087,95.3
2025-05-27 14:00:00,OP0010,M0027,,0.031,2097.0,2380.0,3.3,1,0,5,0,0,15.17,0.792,96.2
2025-05-27 14:00:00,OP0011,M0021,,0.144,2071.0,2207.0,7.2,2,2,2,0,0,14.2,0.529,76.7
2025-05-27 14:00:00,OP0020,M0024,,0.186,1595.0,1718.0,8.5,0,0,6,1,0,7.7,0.504,80.9
2025-05-27 14:14:00,OP0008,M0033,T00318,0.4,1881.0,3047.0,4.4,2,0,2,0,0,11.66,,66.1
2025-05-27 15:00:00,OP0008,M0015,,0.186,2468.0,2600.0,2.8,0,1,5,1,0,8.1,0.562,81.4
2025-05-27 15:00:00,OP0019,M0009,,0.217,1575.0,1874.0,1.7,1,1,8,0,0,12.02,0.503,77.6
2025-05-28 06:00:00,OP0017,M0022,,0.089,1811.0,2099.0,8.2,2,0,4,0,1,12.5,0.854,82.7
2025-05-28 07:00:00,OP0035,M0011,,0.116,1604.0,1796.0,6.9,1,1,5,0,0,10.4,1.01,79.9
2025-05-28 07:00:00,OP0048,M0026,,0.038,1740.0,2128.0,13.0,1,1,6,0,0,9.84,0.705,99.1
2025-05-28 08:00:00,OP0046,M0029,,0.212,1580.0,1721.0,2.1,0,0,4,2,0,10.15,0.625,66.9
2025-05-28 09:00:00,OP0006,M0012,,0.083,1979.0,2362.0,17.6,0,0,8,1,0,30.47,0.701,77.0
2025-05-28 09:00:00,OP0029,M0013,,0.278,1867.0,1970.0,9.9,1,2,6,0,0,13.37,0.524,70.4
2025-05-28 11:00:00,OP0050,M0007,,0.086,2245.0,2600.0,2.9,0,3,6,0,0,9.88,0.834,87.9
2025-05-28 11:00:00,OP0001,M0019,,0.053,1997.0,2153.0,3.7,0,2,7,0,0,8.4,0.767,84.0
2025-05-28 11:00:00,OP0054,M0007,,0.096,2075.0,2337.0,7.4,0,1,3,0,0,6.45,0.751,97.4
2025-05-28 11:00:00,OP0012,M0027,,0.156,1662.0,1848.0,4.3,0,1,6,3,1,11.52,0.735,47.6
2025-05-28 11:00:00,OP0006,M0014,,0.127,2392.0,2600.0,5.0,1,0,7,0,0,22.03,0.747,96.7
2025-05-28 12:00:00,OP0029,M0004,,0.205,1777.0,2142.0,4.4,4,2,6,1,0,6.9,0.526,55.5
2025-05-28 12:00:00,OP0019,M0037,,0.244,2137.0,2404.0,6.2,0,0,5,1,2,14.02,0.663,57.7
2025-05-28 12:59:00,OP0018,M0031,T00242,0.279,1426.0,2049.0,3.1,0,0,33,1,0,12.77,,45.3
2025-05-28 13:00:00,OP0007,M0014,,0.161,1740.0,2135.0,9.9,1,0,3,0,1,21.92,0.659,78.6
2025-05-28 14:00:00,OP0025,M0008,,0.139,1657.0,1990.0,1.6,0,0,7,0,1,20.03,0.916,76.5
2025-05-28 14:00:00,OP0039,M0020,,0.147,1977.0,2250.0,2.2,0,3,6,0,0,11.49,0.765,81.3
2025-05-28 14:42:00,OP0012,M0023,T00048,0.321,1608.0,2408.0,1.9,0,0,11,1,1,14.34,,53.9
2025-05-28 15:00:00,OP0045,M0017,,0.294,1938.0,2130.0,7.7,1,2,7,0,3,8.79,0.638,32.5
2025-05-28 15:00:00,OP0029,M0017,,0.185,1788.0,2153.0,9.3,0,1,7,0,1,8.27,0.614,69.1
2025-05-29 07:00:00,OP0021,M0001,,0.157,1567.0,1908.0,3.8,1,1,3,0,0,24.22,0.843,87.0
2025-05-29 07:00:00,OP0048,M0014,,0.126,2042.0,2306.0,11.7,1,0,5,0,0,22.93,0.758,83.7
2025-05-29 07:00:00,OP0031,M0019,,0.01,2088.0,2386.0,10.1,1,0,6,0,0,6.51,0.586,93.8
2025-05-29 08:00:00,OP0053,M0025,,0.158,2500.0,2600.0,5.8,1,1,6,1,0,7.51,0.682,67.3
2025-05-29 09:46:00,OP0014,M0036,T00306,0.275,1415.0,1943.0,2.2,0,0,29,0,1,17.78,,49.7
2025-05-29 10:00:00,OP0009,M0033,,0.306,1810.0,2006.0,7.4,0,0,2,1,0,17.48,0.666,68.9
2025-05-29 11:00:00,OP0051,M0021,,0.134,1792.0,1934.0,4.0,1,1,5,0,0,7.02,0.806,89.9
2025-05-29 12:00:00,OP0006,M0001,,0.13,1983.0,2231.0,2.3,1,2,3,0,0,9.5,0.94,78.8
2025-05-29 12:00:00,OP0046,M0008,,0.259,1890.0,1997.0,3.8,1,0,6,2,0,7.76,0.719,64.5
2025-05-29 13:00:00,OP0023,M0013,,0.262,2154.0,2500.0,4.5,0,1,7,0,1,9.72,0.516,65.6
2025-05-29 13:00:00,OP0017,M0002,,0.087,2292.0,2600.0,3.7,1,3,4,0,0,12.11,0.777,75.6
2025-05-29 13:00:00,OP0009,M0036,,0.281,1607.0,1949.0,5.3,2,0,5,2,0,24.64,0.658,58.8
2025-05-29 15:00:00,OP0021,M0010,,0.106,1998.0,2316.0,16.4,0,0,4,0,1,15.06,0.791,87.6
2025-05-29 15:00:00,OP0050,M0037,,0.093,2157.0,2401.0,7.1,0,1,7,0,0,7.01,0.677,92.5
2025-05-29 15:00:00,OP0003,M0019,,0.246,2102.0,2224.0,7.5,1,0,7,0,0,11.11,0.691,86.7
2025-05-30 06:00:00,OP0021,M0042,,0.255,1667.0,1964.0,6.8,1,1,9,0,0,16.0,0.806,81.5
2025-05-30 06:00:00,OP0049,M0033,,0.178,2037.0,2224.0,9.8,1,0,8,0,1,10.71,0.667,69.7
2025-05-30 07:00:00,OP0054,M0002,,0.033,1809.0,2043.0,7.4,2,0,4,0,0,13.88,0.794,85.8
2025-05-30 07:00:00,OP0037,M0014,,0.165,2385.0,2519.0,25.5,0,1,7,0,0,21.8,0.623,87.8
2025-05-30 08:00:00,OP0018,M0010,,0.142,1514.0,1838.0,9.0,0,0,10,0,2,15.92,0.747,63.9
2025-05-30 08:00:00,OP0055,M0024,,0.149,1888.0,1995.0,13.9,1,1,5,0,0,12.64,0.798,80.7
2025-05-30 10:00:00,OP0020,M0032,,0.282,1622.0,1784.0,5.4,0,1,8,1,1,15.67,0.675,63.1
2025-05-30 10:00:00,OP0037,M0004,,0.12,2413.0,2600.0,6.6,1,1,8,0,0,7.77,0.53,82.4
2025-05-30 13:00:00,OP0018,M0032,,0.207,1158.0,1505.0,5.4,2,1,9,0,0,24.96,0.705,70.0
2025-05-30 13:00:00,OP0005,M0003,,0.221,1619.0,1897.0,3.4,1,3,9,2,0,28.93,0.517,53.1
2025-05-30 14:00:00,OP0029,M0007,,0.224,2033.0,2249.0,7.2,1,0,6,0,0,5.33,0.56,86.7
2025-05-30 14:00:00,OP0024,M0002,,0.114,1899.0,2158.0,1.7,0,0,4,0,0,13.16,0.697,85.5
2025-05-30 14:22:00,OP0027,M0038,T00513,0.346,1249.0,1802.0,2.2,0,0,31,2,0,15.07,,36.8
2025-05-30 15:00:00,OP0038,M0030,,0.181,1564.0,1859.0,4.3,1,0,2,0,0,24.56,0.613,93.8
2025-05-30 15:00:00,OP0029,M0004,,0.322,1940.0,2304.0,11.9,0,0,8,0,0,9.79,0.675,74.9
2025-05-30 15:00:00,OP0010,M0013,,0.115,2199.0,2350.0,3.0,1,1,6,0,0,4.9,0.87,84.1
2025-05-30 15:00:00,OP0027,M0001,,0.198,1419.0,1568.0,2.0,0,1,7,1,0,18.47,0.713,72.0
2025-05-30 15:43:00,OP0004,M0029,T00606,0.259,1570.0,2132.0,3.1,0,0,9,0,0,20.71,,88.3
2025-05-31 06:00:00,OP0051,M0025,,0.105,1646.0,1880.0,9.6,1,1,4,0,0,17.17,0.806,84.8
2025-05-31 06:00:00,OP0003,M0001,,0.152,1545.0,1779.0,3.9,0,0,3,0,0,9.79,0.758,88.7
2025-05-31 06:06:00,OP0044,M0011,T00740,0.196,1886.0,2544.0,2.0,0,1,19,3,0,9.11,,36.5
2025-05-31 07:00:00,OP0015,M0012,,0.236,1671.0,1892.0,19.2,2,0,8,2,0,30.26,0.3,64.7
2025-05-31 07:00:00,OP0012,M0030,,0.244,1635.0,1779.0,3.6,0,0,4,1,0,21.4,0.882,80.6
2025-05-31 08:00:00,OP0029,M0025,,0.181,2052.0,2167.0,12.2,0,2,6,0,1,10.03,0.368,76.3
2025-05-31 08:00:00,OP0046,M0030,,0.286,1863.0,2227.0,4.5,2,0,10,0,2,21.65,0.582,39.4
2025-05-31 09:00:00,OP0019,M0011,,0.267,1849.0,2082.0,1.6,1,1,5,0,1,11.89,0.447,58.4
2025-05-31 09:00:00,OP0053,M0010,,0.123,2500.0,2600.0,1.8,0,1,3,1,1,16.57,0.878,66.4
2025-05-31 09:13:00,OP0043,M0010,T00226,0.175,1582.0,2095.0,10.8,0,0,17,1,0,21.71,,65.5
2025-05-31 10:00:00,OP0033,M0035,,0.225,1779.0,2085.0,9.6,3,0,2,0,0,16.82,0.977,75.6
2025-05-31 10:00:00,OP0039,M0021,,0.01,1911.0,2273.0,9.5,1,3,6,0,0,9.88,0.766,82.7
2025-05-31 10:00:00,OP0027,M0018,,0.281,1582.0,1965.0,3.1,1,1,7,0,1,17.68,0.576,71.3
2025-05-31 10:00:00,OP0021,M0011,,0.208,1863.0,2002.0,1.7,3,1,7,0,0,6.6,0.84,76.0
2025-05-31 11:00:00,OP0019,M0029,,0.14,1841.0,2182.0,6.8,1,0,6,1,0,22.41,0.458,81.1
2025-05-31 11:00:00,OP0036,M0022,,0.122,2365.0,2542.0,12.2,0,0,6,1,0,17.36,0.464,88.6
2025-05-31 11:00:00,OP0052,M0026,,0.289,2098.0,2363.0,8.3,0,2,2,0,1,12.81,0.643,65.8
2025-05-31 12:00:00,OP0029,M0030,,0.183,1622.0,1892.0,1.5,1,2,4,0,2,7.34,0.668,51.8
2025-05-31 13:00:00,OP0005,M0042,,0.244,1746.0,1927.0,6.4,2,0,6,1,1,17.86,0.751,60.2
2025-05-31 14:00:00,OP0036,M0023,,0.126,2136.0,2429.0,11.5,0,1,4,0,0,19.62,0.688,96.8
2025-06-01 06:00:00,OP0041,M0019,,0.283,1842.0,2012.0,7.6,2,0,6,1,1,4.75,0.545,65.2
2025-06-01 06:00:00,OP0008,M0010,,0.3,2500.0,2600.0,6.8,2,1,9,1,1,24.84,0.5,45.9
2025-06-01 07:00:00,OP0009,M0026,,0.295,1613.0,1972.0,2.7,0,1,5,1,0,17.47,0.639,64.1
2025-06-01 07:00:00,OP0029,M0002,T00300,0.379,1485.0,2355.0,3.4,0,0,33,1,2,13.55,,17.8
2025-06-01 07:18:00,OP0022,M0017,T00349,0.271,1597.0,2269.0,4.4,0,1,12,0,0,11.31,,67.9
2025-06-01 08:00:00,OP0043,M0014,,0.01,1965.0,2176.0,24.5,1,0,2,1,0,28.38,1.085,83.5
2025-06-01 08:00:00,OP0029,M0042,,0.252,1872.0,2264.0,6.7,1,2,2,0,2,27.71,0.579,59.7
2025-06-01 09:00:00,OP0053,M0005,,0.226,2500.0,2600.0,6.7,1,1,5,0,0,25.06,0.788,78.8
2025-06-01 09:00:00,OP0010,M0011,,0.16,2201.0,2418.0,4.5,2,0,2,0,0,4.23,0.804,83.2
2025-06-01 09:00:00,OP0041,M0015,,0.309,1688.0,1893.0,2.1,2,1,11,0,0,23.32,0.786,71.2
2025-06-01 09:00:00,OP0017,M0017,,0.112,2193.0,2541.0,10.6,1,1,3,0,0,15.78,0.808,87.1
2025-06-01 10:00:00,OP0053,M0011,,0.243,2500.0,2600.0,4.6,0,1,2,1,0,6.51,0.914,71.8
2025-06-01 11:00:00,OP0002,M0014,,0.158,1865.0,2187.0,5.7,1,1,4,0,0,12.72,0.829,78.0
2025-06-01 11:00:00,OP0043,M0025,,0.01,1768.0,1884.0,4.3,3,0,9,0,0,15.41,0.954,85.4
2025-06-01 12:00:00,OP0004,M0019,,0.163,1821.0,2068.0,2.0,1,0,4,0,0,11.42,1.211,88.1
2025-06-01 12:00:00,OP0035,M0024,,0.01,1445.0,1664.0,3.7,1,1,7,0,0,10.7,0.955,97.9
2025-06-01 13:00:00,OP0013,M0031,,0.144,1923.0,2178.0,6.0,0,1,6,1,0,12.45,0.629,82.8
2025-06-01 15:00:00,OP0011,M0010,,0.168,1895.0,2226.0,3.6,1,1,6,0,0,23.74,0.562,79.8
2025-06-01 15:00:00,OP0014,M0022,,0.106,1859.0,2120.0,15.2,0,0,10,0,0,13.12,1.122,83.9
2025-06-02 06:00:00,OP0047,M0014,,0.01,2283.0,2600.0,7.9,0,0,8,3,0,21.45,0.903,72.8
2025-06-02 06:00:00,OP0024,M0021,,0.134,1641.0,1832.0,5.2,0,1,4,0,0,8.03,0.643,89.0
2025-06-02 07:00:00,OP0002,M0022,,0.136,1928.0,2071.0,19.0,1,0,2,0,0,25.71,0.896,92.9
2025-06-02 07:00:00,OP0053,M0021,,0.059,2500.0,2600.0,2.9,1,0,8,1,0,11.66,0.638,83.5
2025-06-02 07:15:00,OP0007,M0015,T00195,0.299,1397.0,1962.0,1.4,0,0,6,2,0,13.53,,58.8
2025-06-02 09:00:00,OP0025,M0024,,0.198,1951.0,2122.0,8.3,1,1,7,0,1,21.64,0.957,65.8
2025-06-02 09:00:00,OP0029,M0034,,0.337,1702.0,1974.0,3.7,3,1,6,0,1,19.97,0.501,51.7
2025-06-02 09:00:00,OP0009,M0034,,0.373,1898.0,2287.0,4.5,1,0,5,1,0,24.14,0.651,63.9
2025-06-02 09:00:00,OP0049,M0020,,0.188,1800.0,2139.0,1.5,0,0,7,0,0,8.19,0.84,80.8
2025-06-02 09:00:00,OP0015,M0002,,0.267,1721.0,1949.0,14.8,0,1,9,1,0,13.49,0.3,70.3
2025-06-02 11:00:00,OP0034,M0040,,0.146,1430.0,1553.0,9.7,1,2,8,0,0,7.94,0.85,84.1
2025-06-02 11:00:00,OP0029,M0026,,0.221,1734.0,2030.0,10.9,0,0,6,0,0,16.04,0.523,95.1
2025-06-02 11:00:00,OP0039,M0038,,0.15,1790.0,1910.0,1.1,0,0,5,0,0,19.37,0.718,94.4
2025-06-02 11:00:00,OP0029,M0027,,0.222,1811.0,1938.0,2.3,0,1,12,1,0,9.69,0.46,67.1
2025-06-02 12:00:00,OP0006,M0029,,0.111,2273.0,2566.0,3.9,0,0,13,2,0,11.07,0.778,69.9
2025-06-02 12:00:00,OP0016,M0038,,0.219,2102.0,2383.0,6.3,3,0,6,0,0,27.12,0.8,70.0
2025-06-02 12:00:00,OP0004,M0026,,0.016,2157.0,2346.0,12.0,1,2,7,0,0,6.04,0.701,96.6
2025-06-02 14:00:00,OP0012,M0013,,0.113,1786.0,1990.0,2.1,0,1,5,2,0,10.1,0.947,73.9
2025-06-02 14:00:00,OP0046,M0031,,0.299,2005.0,2179.0,14.5,1,1,8,0,0,9.49,0.67,76.1
2025-06-02 14:00:00,OP0045,M0038,,0.304,1794.0,2095.0,3.7,1,1,9,0,2,18.28,0.44,50.2
2025-06-02 15:00:00,OP0023,M0034,,0.115,2153.0,2309.0,2.7,2,0,3,1,1,13.78,0.456,68.0
2025-06-02 15:00:00,OP0045,M0008,,0.304,1975.0,2277.0,1.4,1,0,5,0,1,13.46,0.488,71.4
2025-06-03 06:00:00,OP0045,M0035,,0.303,2159.0,2546.0,11.0,0,1,2,0,0,8.21,0.357,77.5
2025-06-03 06:00:00,OP0004,M0013,,0.038,2275.0,2513.0,10.0,0,0,4,0,0,4.4,0.944,100.0
2025-06-03 06:00:00,OP0022,M0029,,0.056,1933.0,2115.0,4.8,0,0,7,0,0,27.15,0.708,95.2
2025-06-03 07:00:00,OP0030,M0017,,0.138,1733.0,1985.0,5.3,1,0,8,0,0,14.83,0.613,78.9
2025-06-03 07:00:00,OP0042,M0012,,0.147,1952.0,2340.0,27.0,0,2,4,0,0,15.53,0.737,89.9
2025-06-03 07:00:00,OP0025,M0017,,0.101,2029.0,2190.0,7.6,1,1,1,0,0,11.02,0.992,87.1
2025-06-03 07:00:00,OP0013,M0030,,0.049,1931.0,2174.0,1.5,0,0,6,2,0,11.39,0.688,74.4
2025-06-03 08:00:00,OP0030,M0020,,0.219,1951.0,2265.0,1.5,1,2,6,1,0,6.44,0.679,67.3
2025-06-03 08:47:00,OP0006,M0037,T00143,0.188,1979.0,2645.0,2.7,0,0,18,2,0,11.41,,62.9
2025-06-03 09:00:00,OP0024,M0026,,0.09,1780.0,1976.0,8.4,3,1,6,0,0,9.56,0.77,80.2
2025-06-03 09:19:00,OP0008,M0002,T00706,0.35,1976.0,3120.0,3.0,0,0,27,1,1,18.45,,35.1
2025-06-03 09:52:00,OP0011,M0017,T00360,0.258,1575.0,2197.0,3.9,1,0,18,1,0,10.9,,60.7
2025-06-03 10:00:00,OP0002,M0025,,0.187,2044.0,2366.0,3.7,0,0,7,0,0,22.12,0.865,89.9
2025-06-03 11:00:00,OP0027,M0012,,0.306,1594.0,1945.0,16.1,1,0,5,2,0,30.48,0.678,56.7
2025-06-03 11:00:00,OP0050,M0038,,0.168,1559.0,1782.0,4.0,1,0,5,0,0,13.9,0.842,84.4
2025-06-03 11:00:00,OP0004,M0009,,0.041,2024.0,2178.0,3.4,0,0,5,0,0,10.94,0.809,92.3
2025-06-03 11:00:00,OP0013,M0020,,0.104,1963.0,2119.0,10.8,1,0,3,2,0,8.59,0.601,74.4
2025-06-03 12:00:00,OP0031,M0022,,0.082,1888.0,2063.0,24.8,1,0,6,0,1,10.89,0.631,80.1
2025-06-03 12:00:00,OP0054,M0029,,0.01,1792.0,2107.0,2.9,1,0,9,0,0,15.57,0.634,89.9
2025-06-03 12:00:00,OP0017,M0005,,0.051,1814.0,2096.0,1.7,1,1,8,0,0,23.62,0.763,88.8
2025-06-03 12:00:00,OP0003,M0006,,0.216,1699.0,1803.0,6.1,1,0,5,0,0,12.22,0.631,82.7
2025-06-03 13:00:00,OP0043,M0016,,0.01,1794.0,2134.0,8.2,0,0,2,1,0,6.67,0.933,93.9
2025-06-03 14:00:00,OP0055,M0041,,0.121,1870.0,2231.0,9.6,0,1,1,0,1,9.09,0.666,84.8
2025-06-03 14:00:00,OP0028,M0031,,0.181,1727.0,2044.0,13.3,1,0,5,0,0,7.76,0.986,88.4
2025-06-03 15:00:00,OP0049,M0039,,0.138,1718.0,1913.0,3.3,0,1,7,0,0,8.45,0.771,89.4
2025-06-04 07:00:00,OP0044,M0029,,0.1,1834.0,2196.0,5.9,0,0,2,3,0,17.63,1.016,65.8
2025-06-04 07:00:00,OP0046,M0022,,0.209,2103.0,2427.0,1.8,0,3,3,2,1,26.46,0.688,46.8
2025-06-04 07:00:00,OP0011,M0008,,0.107,1937.0,2233.0,1.2,2,2,4,1,4,23.12,0.675,27.9
2025-06-04 09:00:00,OP0007,M0034,,0.184,1675.0,1885.0,4.2,0,1,8,0,1,17.68,0.424,77.8
2025-06-04 09:00:00,OP0040,M0034,,0.122,1643.0,1861.0,2.3,2,0,6,0,0,13.49,0.636,85.6
2025-06-04 10:00:00,OP0036,M0028,,0.113,2125.0,2286.0,2.5,1,0,4,0,0,23.69,0.643,91.2
2025-06-04 11:00:00,OP0023,M0001,,0.165,2040.0,2242.0,2.8,1,0,5,0,1,21.42,0.3,81.7
2025-06-04 12:00:00,OP0002,M0024,,0.109,1929.0,2180.0,2.7,0,0,6,0,0,16.09,1.051,95.0
2025-06-04 12:00:00,OP0044,M0042,,0.088,1916.0,2264.0,1.7,0,0,2,0,0,20.38,0.946,96.9
2025-06-04 13:00:00,OP0001,M0004,,0.067,1994.0,2231.0,4.5,3,1,4,0,0,5.37,0.794,83.9
2025-06-04 13:00:00,OP0052,M0016,,0.175,2097.0,2487.0,4.6,1,0,3,0,0,8.94,0.497,90.5
2025-06-04 13:00:00,OP0038,M0006,,0.254,2223.0,2577.0,11.8,1,0,4,0,0,5.42,0.703,81.6
2025-06-04 13:00:00,OP0030,M0027,,0.233,1849.0,2186.0,3.8,2,1,9,0,0,9.39,0.729,74.5
2025-06-04 14:00:00,OP0046,M0025,,0.178,2292.0,2488.0,4.2,0,1,6,2,0,15.98,0.626,64.2
2025-06-04 14:00:00,OP0006,M0014,,0.128,2053.0,2272.0,17.2,0,1,9,1,0,18.75,1.044,80.7
2025-06-04 14:00:00,OP0038,M0023,,0.303,1963.0,2295.0,11.0,1,2,3,0,0,16.45,0.651,73.2
2025-06-04 14:00:00,OP0050,M0023,,0.057,1529.0,1810.0,4.6,0,1,6,0,0,20.36,1.057,96.3
2025-06-04 14:00:00,OP0009,M0007,,0.303,2067.0,2225.0,4.8,1,1,9,0,1,13.44,0.596,57.2
2025-06-04 15:00:00,OP0007,M0039,,0.294,1409.0,1520.0,3.5,0,0,4,1,1,23.71,0.532,62.7
2025-06-04 15:09:00,OP0023,M0016,T00315,0.2,1818.0,2460.0,3.1,0,0,1,1,1,10.05,,71.3
2025-06-05 07:00:00,OP0022,M0001,,0.056,1942.0,2273.0,2.3,2,0,5,1,0,20.61,0.962,90.1
2025-06-05 08:36:00,OP0024,M0010,T00747,0.221,1646.0,2262.0,14.2,0,1,21,2,0,22.15,,44.8
2025-06-05 10:00:00,OP0035,M0015,,0.049,1638.0,1751.0,4.7,0,1,4,0,0,15.16,0.746,95.6
2025-06-05 11:00:00,OP0011,M0037,,0.194,2019.0,2357.0,3.7,2,1,3,0,0,9.54,0.517,81.5
2025-06-05 11:00:00,OP0046,M0014,,0.244,1962.0,2142.0,22.0,0,2,4,1,1,21.26,0.539,52.8
2025-06-05 12:00:00,OP0044,M0035,,0.168,2192.0,2431.0,7.4,1,0,5,0,0,5.92,1.071,90.7
2025-06-05 12:00:00,OP0008,M0018,,0.186,2500.0,2600.0,1.1,0,0,7,0,1,13.08,0.459,81.7
2025-06-05 13:00:00,OP0054,M0006,,0.01,2179.0,2327.0,2.9,1,0,4,1,0,9.34,0.548,80.6
2025-06-05 13:00:00,OP0038,M0032,,0.215,1732.0,2031.0,1.8,1,0,3,4,0,16.46,0.727,49.4
2025-06-05 13:00:00,OP0017,M0035,,0.114,2165.0,2298.0,13.0,2,0,7,0,3,8.39,0.642,55.4
2025-06-05 14:00:00,OP0005,M0034,,0.198,1758.0,1950.0,3.0,2,1,7,0,1,23.12,0.792,67.5
2025-06-05 14:00:00,OP0029,M0014,,0.267,2320.0,2421.0,28.6,1,1,9,0,0,21.76,0.436,69.8
2025-06-05 14:00:00,OP0017,M0023,,0.089,2016.0,2407.0,13.9,0,1,4,0,0,18.17,0.789,93.3
2025-06-05 15:34:00,OP0025,M0019,T00748,0.129,1785.0,2389.0,2.4,0,0,33,1,0,8.65,,55.0
2025-06-06 06:00:00,OP0011,M0027,,0.228,2006.0,2337.0,4.4,1,0,4,1,1,6.77,0.48,66.6
2025-06-06 07:00:00,OP0007,M0038,,0.161,1637.0,1803.0,4.9,0,1,10,1,5,20.14,0.588,25.1
2025-06-06 07:00:00,OP0008,M0040,,0.225,2500.0,2600.0,2.7,0,0,11,1,1,24.28,0.3,61.3
2025-06-06 07:00:00,OP0017,M0031,,0.146,2258.0,2511.0,3.8,2,1,6,0,0,9.04,0.693,80.4
2025-06-06 08:00:00,OP0050,M0027,,0.065,1699.0,1938.0,3.0,1,0,2,0,0,8.44,0.935,96.8
2025-06-06 08:00:00,OP0012,M0004,,0.183,2043.0,2422.0,5.0,0,1,2,1,1,6.97,0.947,69.8
2025-06-06 08:00:00,OP0002,M0020,,0.01,2029.0,2308.0,11.4,1,0,7,0,0,9.49,0.895,98.4
2025-06-06 09:00:00,OP0006,M0006,,0.084,2131.0,2451.0,5.0,1,0,5,0,0,5.71,0.947,81.8
2025-06-06 09:00:00,OP0036,M0011,,0.128,2162.0,2396.0,8.2,2,0,6,5,0,11.35,0.51,42.6
2025-06-06 09:00:00,OP0033,M0026,,0.112,1767.0,1921.0,8.1,1,0,6,0,1,12.65,0.975,83.9
2025-06-06 09:00:00,OP0022,M0028,,0.043,1813.0,2113.0,4.0,0,0,8,1,0,19.82,0.705,84.1
2025-06-06 10:00:00,OP0007,M0034,,0.151,1523.0,1724.0,1.2,1,1,3,1,0,20.19,0.534,74.2
2025-06-06 10:00:00,OP0031,M0006,,0.012,2043.0,2409.0,5.7,0,0,7,0,0,4.23,0.647,94.4
2025-06-06 10:00:00,OP0013,M0020,,0.041,2247.0,2433.0,11.2,0,0,5,0,3,3.64,0.665,60.6
2025-06-06 11:00:00,OP0032,M0042,,0.123,1647.0,1882.0,2.3,0,1,6,0,0,14.12,0.841,88.0
2025-06-06 11:00:00,OP0025,M0041,,0.24,2050.0,2289.0,8.0,0,0,3,0,0,8.58,0.85,88.0
2025-06-06 11:00:00,OP0044,M0008,,0.175,1954.0,2209.0,2.8,3,0,4,0,0,8.15,0.909,77.0
2025-06-06 13:00:00,OP0014,M0028,,0.11,1741.0,2120.0,3.1,2,0,7,0,1,20.02,0.76,72.1
2025-06-06 13:00:00,OP0008,M0012,,0.253,2500.0,2600.0,19.9,0,1,8,1,1,32.94,0.494,58.7
2025-06-06 14:00:00,OP0011,M0017,,0.2,2070.0,2179.0,6.6,2,1,4,2,0,7.21,0.69,67.3
2025-06-06 14:00:00,OP0030,M0037,,0.159,1636.0,1787.0,5.7,1,1,5,1,0,5.21,0.731,76.8
2025-06-06 15:00:00,OP0015,M0024,,0.268,1696.0,1841.0,6.0,3,1,4,0,0,8.17,0.551,83.0
2025-06-06 15:00:00,OP0019,M0025,,0.22,2224.0,2550.0,11.8,1,2,10,0,1,12.57,0.375,61.5
2025-06-06 15:00:00,OP0009,M0026,,0.271,1796.0,2039.0,3.1,0,1,8,0,0,9.93,0.654,73.5
2025-06-06 15:00:00,OP0041,M0001,,0.264,1793.0,1963.0,3.7,1,0,3,0,2,17.57,0.991,57.4
2025-06-06 15:00:00,OP0023,M0038,,0.12,1820.0,1943.0,1.3,3,0,9,0,1,18.13,0.532,71.8
2025-06-07 06:00:00,OP0025,M0040,,0.17,2048.0,2356.0,4.2,3,0,12,0,0,17.54,1.012,72.9
2025-06-07 07:00:00,OP0036,M0036,,0.238,1703.0,1813.0,1.4,0,1,3,1,0,18.04,0.523,75.5
2025-06-07 07:00:00,OP0007,M0010,,0.154,1877.0,2072.0,16.9,0,0,6,0,0,29.27,0.664,85.5
2025-06-07 07:00:00,OP0055,M0011,,0.146,2186.0,2520.0,2.0,1,0,5,0,0,11.46,0.786,83.2
2025-06-07 07:00:00,OP0002,M0031,,0.206,1886.0,2077.0,14.4,2,0,7,0,0,14.31,0.773,76.9
2025-06-07 07:00:00,OP0011,M0039,,0.199,1813.0,2094.0,1.9,1,2,6,1,2,11.79,0.658,52.6
2025-06-07 07:34:00,OP0031,M0003,T00098,0.142,1711.0,2190.0,3.5,0,0,17,0,1,22.48,,65.4
2025-06-07 09:00:00,OP0013,M0015,,0.105,1950.0,2230.0,1.9,1,4,11,1,0,16.43,0.68,71.9
2025-06-07 09:00:00,OP0052,M0026,,0.204,1846.0,1967.0,9.5,0,0,3,1,0,11.64,0.785,78.4
2025-06-07 09:00:00,OP0038,M0017,,0.169,1781.0,2170.0,10.2,1,1,4,0,0,13.52,0.672,83.3
2025-06-07 10:15:00,OP0010,M0017,T00065,0.323,1689.0,2420.0,3.6,0,0,0,0,0,10.44,,76.7
2025-06-07 11:00:00,OP0016,M0005,,0.186,2008.0,2140.0,18.1,2,0,4,0,1,14.63,0.758,74.9
2025-06-07 11:00:00,OP0049,M0007,,0.218,1911.0,2027.0,1.7,0,2,4,1,0,9.34,0.824,75.0
2025-06-07 11:10:00,OP0054,M0006,T00176,0.158,1858.0,2533.0,1.9,0,0,6,0,0,8.86,,80.2
2025-06-07 12:00:00,OP0013,M0004,,0.183,1733.0,1838.0,3.8,0,1,6,0,0,11.37,0.82,82.0
2025-06-07 12:00:00,OP0038,M0033,,0.175,1438.0,1814.0,2.4,0,2,4,1,0,11.62,0.651,79.8
2025-06-07 12:00:00,OP0046,M0023,,0.259,1861.0,2102.0,5.0,0,0,9,1,0,9.5,0.555,68.1
2025-06-07 12:00:00,OP0041,M0020,,0.248,2071.0,2379.0,11.4,1,1,7,0,0,6.3,0.755,82.2
2025-06-07 12:00:00,OP0015,M0027,,0.271,1282.0,1505.0,2.3,0,2,5,0,0,24.56,0.448,75.5
2025-06-07 13:00:00,OP0025,M0037,,0.125,1951.0,2183.0,4.6,2,1,7,0,1,13.6,0.886,64.1
2025-06-07 13:58:00,OP0036,M0016,T00357,0.285,1769.0,2528.0,2.4,0,0,9,2,0,9.25,,65.0
2025-06-07 14:00:00,OP0024,M0034,,0.192,1910.0,2065.0,3.4,0,1,12,0,0,10.22,0.706,77.0
2025-06-07 15:00:00,OP0038,M0024,,0.254,1755.0,2038.0,5.1,0,4,7,0,1,16.19,0.3,61.8
2025-06-08 06:00:00,OP0041,M0029,,0.201,1723.0,2056.0,6.9,2,1,3,0,1,15.39,0.66,65.9
2025-06-08 06:00:00,OP0006,M0025,,0.104,2292.0,2459.0,8.9,1,3,8,0,0,17.36,0.95,85.0
2025-06-08 06:00:00,OP0011,M0036,,0.286,1874.0,2203.0,3.6,0,0,8,0,2,30.06,0.774,59.2
2025-06-08 06:00:00,OP0052,M0018,,0.22,1713.0,2036.0,1.5,0,2,2,4,1,10.35,0.731,41.1
2025-06-08 06:00:00,OP0055,M0025,,0.156,2183.0,2309.0,8.4,0,0,3,1,1,14.04,0.509,74.3
2025-06-08 06:00:00,OP0013,M0017,,0.149,1974.0,2262.0,6.1,0,1,6,0,0,11.51,0.73,85.8
2025-06-08 06:59:00,OP0033,M0020,T00271,0.15,1659.0,2217.0,1.3,0,0,0,0,0,8.0,,86.2
2025-06-08 07:00:00,OP0055,M0004,,0.165,1857.0,2174.0,8.7,0,0,4,0,0,6.03,0.737,91.7
2025-06-08 07:00:00,OP0041,M0040,,0.222,1944.0,2329.0,1.5,3,1,3,1,1,12.1,0.94,62.3
2025-06-08 07:00:00,OP0052,M0001,,0.295,1746.0,1953.0,1.3,0,2,8,2,0,18.15,0.604,56.9
2025-06-08 08:00:00,OP0001,M0032,,0.104,2005.0,2325.0,6.5,0,0,11,0,0,24.61,0.816,87.7
2025-06-08 08:00:00,OP0004,M0022,,0.089,2311.0,2504.0,7.6,3,1,6,0,0,22.6,0.849,85.1
2025-06-08 08:00:00,OP0019,M0026,,0.205,1663.0,1946.0,11.2,2,1,6,1,0,6.92,0.778,68.4
2025-06-08 08:00:00,OP0021,M0005,,0.164,1896.0,2097.0,12.5,1,2,8,0,1,25.73,0.72,66.0
2025-06-08 08:00:00,OP0015,M0028,,0.262,1471.0,1847.0,3.7,0,0,3,0,0,23.98,0.386,86.5
2025-06-08 09:00:00,OP0004,M0039,,0.015,1931.0,2301.0,1.3,0,1,10,0,0,9.18,0.928,86.1
2025-06-08 09:00:00,OP0047,M0004,,0.06,2474.0,2600.0,3.1,1,0,8,1,1,6.63,0.966,70.6
2025-06-08 09:00:00,OP0042,M0042,,0.135,1790.0,1961.0,1.8,1,1,5,1,1,14.04,0.674,70.8
2025-06-08 10:00:00,OP0016,M0027,,0.243,2161.0,2515.0,2.0,0,0,7,0,1,8.65,0.895,71.1
2025-06-08 11:00:00,OP0012,M0037,,0.092,1953.0,2105.0,3.6,3,0,4,2,0,13.17,0.672,69.8
2025-06-08 11:45:00,OP0004,M0013,T00151,0.073,2043.0,2532.0,5.1,0,0,1,0,0,9.56,,92.2
2025-06-08 12:00:00,OP0012,M0042,,0.108,1629.0,1780.0,4.0,1,0,5,1,0,28.21,0.898,85.7
2025-06-08 13:00:00,OP0021,M0037,,0.28,2010.0,2319.0,3.5,0,0,2,0,1,5.19,0.777,70.6
2025-06-08 13:00:00,OP0051,M0019,,0.153,1756.0,2065.0,7.0,2,1,3,0,0,4.65,0.756,85.1
2025-06-08 13:00:00,OP0054,M0004,,0.037,1860.0,2222.0,7.5,0,0,9,0,0,9.85,0.634,96.6
2025-06-08 14:00:00,OP0001,M0002,,0.01,1623.0,1770.0,11.1,0,0,3,0,0,11.14,0.695,100.0
2025-06-08 14:00:00,OP0015,M0021,,0.214,1638.0,1948.0,12.5,0,4,9,2,0,13.04,0.324,52.0
2025-06-08 15:00:00,OP0034,M0034,,0.153,1595.0,1904.0,2.9,4,2,5,0,0,16.02,0.89,73.5
2025-06-08 15:00:00,OP0047,M0037,,0.072,2500.0,2600.0,6.9,1,0,8,0,0,10.9,0.977,88.3
2025-06-08 15:00:00,OP0012,M0042,,0.21,1870.0,2233.0,4.0,1,0,5,1,1,19.68,0.725,60.3
2025-06-09 06:00:00,OP0034,M0032,,0.156,1541.0,1670.0,4.5,3,0,7,1,0,15.7,1.006,67.6
2025-06-09 06:00:00,OP0035,M0039,,0.1,1694.0,2047.0,2.9,2,0,6,0,1,8.16,0.826,77.8
2025-06-09 06:17:00,OP0046,M0028,T00247,0.257,1569.0,2218.0,1.4,0,0,11,0,0,15.37,,77.6
2025-06-09 07:00:00,OP0015,M0017,,0.273,1412.0,1566.0,11.2,0,1,5,0,0,10.32,0.659,83.8
2025-06-09 07:00:00,OP0011,M0027,,0.12,1741.0,1939.0,1.2,1,1,5,0,1,11.78,0.566,77.1
2025-06-09 09:00:00,OP0035,M0008,,0.024,1524.0,1674.0,2.7,1,1,9,0,1,9.45,0.747,74.3
2025-06-09 10:00:00,OP0016,M0021,,0.223,2085.0,2219.0,11.0,1,1,3,0,0,12.74,0.551,83.2
2025-06-09 10:04:00,OP0017,M0023,T00591,0.233,1813.0,2555.0,3.1,0,0,13,0,1,16.98,,69.7
2025-06-09 11:00:00,OP0016,M0015,,0.203,2110.0,2412.0,1.7,2,0,5,0,1,6.49,0.866,69.8
2025-06-09 11:00:00,OP0041,M0027,,0.22,1935.0,2076.0,4.6,3,2,4,1,1,18.73,0.779,54.2
2025-06-09 12:00:00,OP0021,M0029,,0.263,1724.0,2110.0,1.9,1,1,5,0,1,30.07,1.015,63.3
2025-06-09 12:00:00,OP0045,M0016,,0.389,2257.0,2588.0,4.8,1,3,4,1,1,6.5,0.429,41.8
2025-06-09 12:00:00,OP0019,M0018,,0.253,1714.0,1913.0,3.1,2,2,6,0,2,10.47,0.4,56.1
2025-06-09 13:00:00,OP0034,M0025,,0.137,1581.0,1762.0,11.2,1,0,9,1,0,14.12,0.813,75.8
2025-06-09 14:00:00,OP0023,M0007,,0.137,1716.0,1883.0,2.3,1,1,6,0,0,11.17,0.454,82.3
2025-06-09 14:24:00,OP0016,M0004,T00346,0.255,1719.0,2363.0,4.8,0,2,3,0,1,11.46,,72.4
2025-06-09 14:34:00,OP0025,M0036,T00598,0.375,1334.0,1950.0,2.3,0,0,44,0,0,15.83,,40.2
2025-06-09 15:00:00,OP0043,M0015,,0.01,1885.0,2155.0,1.2,0,0,4,1,0,7.57,1.075,85.2
2025-06-10 07:00:00,OP0031,M0020,,0.01,2061.0,2413.0,8.7,0,2,7,0,0,8.18,0.659,89.9
2025-06-10 07:00:00,OP0043,M0019,,0.049,1836.0,1994.0,5.5,0,1,4,0,0,9.11,1.048,89.5
2025-06-10 07:00:00,OP0001,M0022,,0.062,2018.0,2296.0,11.5,0,0,2,0,0,19.58,0.891,92.0
2025-06-10 07:00:00,OP0012,M0012,,0.062,1948.0,2088.0,6.4,1,1,4,0,0,13.79,0.812,84.9
2025-06-10 07:00:00,OP0042,M0031,,0.189,1666.0,1954.0,3.3,0,0,7,0,2,22.5,0.734,74.5
2025-06-10 08:00:00,OP0033,M0034,,0.043,1804.0,2148.0,2.4,0,0,11,0,1,11.25,1.018,78.3
2025-06-10 09:00:00,OP0047,M0024,,0.048,2500.0,2600.0,6.5,1,1,6,1,0,13.54,1.057,79.6
2025-06-10 10:00:00,OP0016,M0037,,0.276,2480.0,2600.0,6.7,0,1,8,1,0,10.01,0.763,65.8
2025-06-10 10:00:00,OP0023,M0003,,0.225,1772.0,1917.0,5.2,0,0,8,1,1,19.9,0.514,65.7
2025-06-10 11:00:00,OP0026,M0028,,0.136,2018.0,2327.0,4.1,0,0,8,3,0,13.62,0.751,61.7
2025-06-10 12:00:00,OP0036,M0010,,0.193,1920.0,2057.0,22.4,0,0,4,1,0,22.19,0.449,77.5
2025-06-10 12:00:00,OP0022,M0025,,0.087,2009.0,2372.0,2.5,0,0,5,0,1,9.94,0.868,81.5
2025-06-10 12:33:00,OP0041,M0033,T00344,0.362,1474.0,2215.0,4.1,0,0,15,0,2,9.99,,46.6
2025-06-10 13:00:00,OP0008,M0021,,0.285,2500.0,2600.0,8.7,2,1,8,0,1,14.21,0.328,62.3
2025-06-10 13:00:00,OP0017,M0031,,0.121,2182.0,2374.0,12.8,1,2,5,1,0,19.84,0.701,75.1
2025-06-10 14:53:00,OP0035,M0035,T00041,0.158,1525.0,1981.0,4.3,0,0,4,0,0,10.63,,96.1
2025-06-10 15:00:00,OP0037,M0028,,0.219,2158.0,2546.0,3.3,0,1,4,0,0,14.7,0.82,87.6
2025-06-10 15:01:00,OP0041,M0017,T00446,0.172,1688.0,2216.0,4.0,1,0,6,0,0,12.46,,85.5
2025-06-11 07:00:00,OP0001,M0005,,0.023,2085.0,2209.0,20.4,2,0,7,0,1,11.7,0.877,82.8
2025-06-11 07:21:00,OP0019,M0032,T00289,0.371,1321.0,1955.0,2.1,0,0,10,1,0,16.63,,62.9
2025-06-11 08:00:00,OP0030,M0012,,0.111,1759.0,1898.0,22.6,0,1,10,0,0,28.54,0.691,83.1
2025-06-11 08:00:00,OP0016,M0007,,0.255,2349.0,2600.0,1.8,1,0,7,0,1,8.11,0.996,71.4
2025-06-11 08:00:00,OP0029,M0022,,0.157,1962.0,2186.0,24.1,1,2,5,1,3,29.41,0.558,42.0
2025-06-11 08:20:00,OP0046,M0034,T00339,0.25,1586.0,2218.0,1.5,0,0,0,0,0,15.93,,87.7
2025-06-11 09:00:00,OP0037,M0033,,0.125,2265.0,2570.0,1.8,2,1,5,0,2,11.08,0.83,60.9
2025-06-11 09:47:00,OP0037,M0010,T00152,0.225,1974.0,2784.0,13.5,0,0,7,3,0,27.81,,51.2
2025-06-11 11:35:00,OP0012,M0003,T00799,0.355,1414.0,2094.0,1.8,0,0,16,2,0,17.55,,47.9
2025-06-11 12:46:00,OP0018,M0028,T00034,0.096,1488.0,1871.0,1.9,0,0,7,0,0,15.24,,87.9
2025-06-11 14:27:00,OP0052,M0016,T00059,0.346,1654.0,2537.0,2.3,0,1,11,2,1,8.96,,43.4
2025-06-11 15:00:00,OP0047,M0001,,0.066,2425.0,2600.0,3.1,1,1,7,0,0,16.82,0.881,91.2
2025-06-11 15:00:00,OP0040,M0024,,0.127,1823.0,2151.0,7.6,0,2,7,0,0,20.99,0.735,83.0
2025-06-11 15:00:00,OP0018,M0009,,0.14,1600.0,1992.0,4.5,0,4,6,0,0,20.26,0.754,84.9
2025-06-11 15:00:00,OP0031,M0012,,0.11,2086.0,2329.0,12.4,1,2,5,1,2,21.12,0.664,56.2
2025-06-12 06:00:00,OP0055,M0017,,0.179,1732.0,1971.0,11.2,1,0,9,0,1,10.81,0.908,69.0
2025-06-12 07:00:00,OP0030,M0022,,0.178,1740.0,2048.0,7.5,1,2,3,1,0,15.69,0.774,74.2
2025-06-12 07:00:00,OP0017,M0034,,0.129,1786.0,2061.0,3.5,1,2,6,0,0,10.43,0.811,86.7
2025-06-12 07:00:00,OP0027,M0014,,0.194,1554.0,1791.0,8.7,1,1,4,0,1,24.12,0.521,76.4
2025-06-12 07:00:00,OP0003,M0028,,0.212,1736.0,2022.0,1.2,0,2,9,0,0,15.53,0.723,81.1
2025-06-12 08:00:00,OP0029,M0036,,0.246,1781.0,1997.0,2.3,1,0,7,2,0,21.88,0.444,65.1
2025-06-12 08:14:00,OP0012,M0018,T00391,0.372,1442.0,2199.0,1.2,0,0,7,2,0,13.29,,60.4
2025-06-12 09:00:00,OP0033,M0005,,0.083,1591.0,1989.0,14.0,0,0,5,0,1,27.1,0.784,82.0
2025-06-12 09:00:00,OP0024,M0011,,0.214,2042.0,2210.0,3.6,1,1,6,0,0,8.49,0.439,79.1
2025-06-12 10:00:00,OP0014,M0019,,0.103,2007.0,2121.0,3.8,0,0,7,1,1,8.53,0.921,69.0
2025-06-12 10:00:00,OP0010,M0038,,0.01,2491.0,2600.0,4.3,1,0,9,0,0,26.59,1.021,90.0
2025-06-12 10:00:00,OP0005,M0010,,0.093,1825.0,2115.0,10.6,0,2,7,0,0,24.45,0.73,89.0
2025-06-12 10:53:00,OP0021,M0031,T00493,0.242,1668.0,2385.0,2.7,0,0,12,0,1,14.82,,68.9
2025-06-12 11:00:00,OP0022,M0039,,0.086,1686.0,1974.0,3.9,1,0,3,1,1,18.59,0.951,75.2
2025-06-12 11:00:00,OP0035,M0024,,0.101,1799.0,2071.0,14.5,0,0,5,0,0,8.14,0.764,97.3
2025-06-12 11:00:00,OP0008,M0037,,0.222,2500.0,2600.0,3.0,1,1,10,0,1,14.22,0.55,55.1
2025-06-12 13:00:00,OP0044,M0027,,0.013,1979.0,2151.0,1.7,0,0,4,0,0,7.6,1.043,98.6
2025-06-12 13:00:00,OP0024,M0036,,0.12,1822.0,2185.0,5.0,0,0,3,0,0,21.02,0.868,95.6
2025-06-12 14:00:00,OP0017,M0033,,0.078,2043.0,2205.0,9.0,1,0,4,1,0,15.68,0.917,86.5
2025-06-12 14:00:00,OP0025,M0040,,0.186,1954.0,2063.0,11.9,0,1,7,0,1,23.62,0.856,72.2
2025-06-12 14:00:00,OP0014,M0034,,0.104,1553.0,1795.0,1.5,1,2,9,1,0,23.47,0.953,71.1
2025-06-12 14:00:00,OP0038,M0032,,0.183,1576.0,1950.0,7.1,0,1,3,0,0,28.27,0.694,84.1
2025-06-13 06:00:00,OP0050,M0019,,0.029,1994.0,2208.0,6.4,2,0,4,0,0,10.6,0.734,93.2
2025-06-13 06:00:00,OP0007,M0041,,0.185,2094.0,2327.0,10.9,0,0,9,0,0,10.54,0.602,85.4
2025-06-13 06:00:00,OP0054,M0016,,0.029,2278.0,2570.0,3.3,0,0,5,0,0,7.89,0.726,93.7
2025-06-13 06:00:00,OP0035,M0042,,0.047,1566.0,1830.0,2.4,2,2,7,0,1,10.31,0.802,73.5
2025-06-13 06:00:00,OP0032,M0035,,0.01,1865.0,2255.0,13.0,1,3,10,0,0,5.5,0.988,75.5
2025-06-13 07:00:00,OP0049,M0028,,0.223,1709.0,1911.0,2.5,0,0,4,0,0,9.44,0.805,91.0
2025-06-13 08:00:00,OP0050,M0006,,0.088,1663.0,1882.0,5.2,0,0,9,0,0,8.32,1.021,85.9
2025-06-13 08:00:00,OP0017,M0023,,0.107,2228.0,2471.0,11.4,1,2,6,1,0,12.47,0.732,70.8
2025-06-13 10:00:00,OP0007,M0027,,0.243,1489.0,1679.0,2.8,2,1,4,0,0,15.6,0.493,78.1
2025-06-13 10:00:00,OP0021,M0016,,0.246,2027.0,2406.0,7.0,1,1,5,0,0,7.12,0.876,81.2
2025-06-13 10:00:00,OP0008,M0033,,0.228,2500.0,2600.0,10.1,0,0,8,1,1,14.49,0.621,67.8
2025-06-13 10:43:00,OP0026,M0038,T00766,0.221,1531.0,2054.0,3.3,0,0,51,3,0,19.85,,18.0
2025-06-13 11:00:00,OP0009,M0020,,0.361,1983.0,2326.0,9.1,1,1,8,0,2,9.86,0.732,50.0
2025-06-13 11:39:00,OP0018,M0030,T00001,0.225,1377.0,1871.0,1.5,0,0,19,1,0,13.3,,66.4
2025-06-13 12:00:00,OP0037,M0040,,0.193,2500.0,2600.0,7.4,1,1,5,1,0,13.72,0.652,69.9
2025-06-13 14:00:00,OP0052,M0029,,0.179,1626.0,1966.0,5.5,1,1,7,1,0,16.49,0.551,77.2
2025-06-13 15:00:00,OP0021,M0002,,0.242,1963.0,2323.0,5.7,1,3,5,0,1,19.81,0.86,67.4
2025-06-14 06:00:00,OP0008,M0019,,0.193,2500.0,2600.0,2.0,0,1,6,0,1,7.78,0.38,76.7
2025-06-14 07:00:00,OP0046,M0038,,0.245,1735.0,1940.0,2.9,0,2,2,0,0,22.46,0.552,74.8
2025-06-14 08:00:00,OP0018,M0037,,0.126,1653.0,2019.0,5.1,0,0,5,0,0,10.25,0.706,92.2
2025-06-14 08:00:00,OP0032,M0016,,0.081,2214.0,2499.0,4.6,0,1,10,0,0,5.47,1.085,78.2
2025-06-14 09:00:00,OP0039,M0010,,0.132,1518.0,1838.0,11.2,2,1,9,0,0,15.85,0.833,79.3
2025-06-14 10:00:00,OP0044,M0003,,0.157,2012.0,2216.0,5.7,1,0,2,0,0,24.59,1.079,88.2
2025-06-14 12:00:00,OP0055,M0016,,0.11,1647.0,1943.0,1.8,0,0,4,0,2,6.39,0.616,70.0
2025-06-14 12:00:00,OP0050,M0027,,0.118,1558.0,1917.0,4.1,0,0,6,0,0,23.41,0.92,92.8
2025-06-14 13:00:00,OP0031,M0041,,0.01,2195.0,2595.0,2.4,1,1,8,0,1,8.21,0.764,84.7
2025-06-14 14:00:00,OP0009,M0029,,0.382,1434.0,1763.0,4.6,0,0,8,2,0,32.17,0.662,58.0
2025-06-14 14:00:00,OP0024,M0008,,0.14,1570.0,1916.0,1.8,1,1,3,0,0,6.8,0.62,94.7
2025-06-14 14:00:00,OP0021,M0008,,0.237,2071.0,2195.0,4.5,0,2,5,0,0,12.11,0.937,74.9
2025-06-15 06:00:00,OP0023,M0036,,0.183,1792.0,1980.0,4.4,0,0,3,0,0,25.76,0.3,81.1
2025-06-15 06:00:00,OP0012,M0005,,0.137,1752.0,2123.0,19.1,1,0,8,1,0,26.08,0.785,81.6
2025-06-15 06:32:00,OP0029,M0006,T00218,0.118,1848.0,2465.0,2.8,0,1,18,0,1,8.96,,59.2
2025-06-15 07:00:00,OP0034,M0007,,0.14,1835.0,1967.0,8.3,0,1,5,0,0,9.79,0.776,88.0
2025-06-15 07:00:00,OP0019,M0018,,0.189,1619.0,1896.0,4.8,0,0,9,1,2,10.62,0.644,58.2
2025-06-15 07:19:00,OP0010,M0028,T00032,0.217,1738.0,2416.0,1.5,0,0,15,0,0,17.81,,79.3
2025-06-15 09:00:00,OP0042,M0036,,0.134,1706.0,2034.0,5.4,0,1,8,0,1,28.83,0.781,80.0
2025-06-15 09:00:00,OP0033,M0042,,0.136,1985.0,2165.0,3.9,0,2,3,1,1,23.61,0.849,67.1
2025-06-15 09:00:00,OP0042,M0009,,0.159,1770.0,1971.0,2.9,0,1,5,2,0,16.89,0.881,66.4
2025-06-15 09:00:00,OP0008,M0039,,0.16,2145.0,2387.0,1.9,2,0,9,1,1,21.71,0.375,61.3
2025-06-15 09:00:00,OP0026,M0002,,0.057,1969.0,2305.0,1.6,1,1,8,0,0,10.06,0.779,87.1
2025-06-15 10:00:00,OP0046,M0032,,0.284,1977.0,2136.0,6.4,1,4,7,2,2,18.86,0.612,34.5
2025-06-15 10:00:00,OP0050,M0002,,0.038,1672.0,1824.0,8.6,0,0,9,0,0,14.37,0.811,95.3
2025-06-15 10:00:00,OP0035,M0006,,0.047,1644.0,1937.0,3.8,0,0,8,0,0,5.98,0.925,97.7
2025-06-15 11:00:00,OP0028,M0031,,0.304,1538.0,1695.0,1.6,1,0,5,0,0,24.34,0.793,75.0
2025-06-15 12:00:00,OP0034,M0036,,0.103,1599.0,1808.0,6.9,0,0,3,0,0,22.92,0.774,96.4
2025-06-15 13:00:00,OP0004,M0002,,0.06,2228.0,2478.0,2.9,0,0,10,0,0,14.77,0.88,88.9
2025-06-15 13:33:00,OP0035,M0030,T00397,0.146,1457.0,1891.0,1.9,0,0,28,0,2,14.77,,47.0
2025-06-15 14:00:00,OP0011,M0022,,0.15,1728.0,1894.0,12.7,0,1,10,0,0,32.18,0.64,87.9
2025-06-15 14:00:00,OP0039,M0008,,0.103,1764.0,1944.0,2.7,1,1,4,1,0,18.92,0.865,82.5
2025-06-15 15:00:00,OP0032,M0001,,0.036,1681.0,2077.0,2.2,0,2,6,0,0,15.16,0.851,96.5
2025-06-16 06:00:00,OP0055,M0025,,0.141,1887.0,2249.0,12.8,0,1,7,1,0,12.8,0.758,77.8
2025-06-16 06:50:00,OP0006,M0028,T00205,0.276,1652.0,2357.0,1.3,0,0,7,1,0,15.87,,77.7
2025-06-16 08:00:00,OP0041,M0040,,0.297,1867.0,2231.0,4.8,2,0,6,0,0,8.97,0.785,79.1
2025-06-16 09:00:00,OP0054,M0033,,0.01,1589.0,1974.0,4.1,1,1,7,0,0,14.49,0.759,95.1
2025-06-16 09:00:00,OP0018,M0019,,0.236,1623.0,1954.0,8.0,0,3,6,0,1,8.09,0.656,58.9
2025-06-16 10:00:00,OP0051,M0014,,0.241,1631.0,1774.0,7.2,0,1,7,0,0,18.62,0.817,74.7
2025-06-16 11:00:00,OP0024,M0023,,0.128,1921.0,2254.0,14.4,0,1,3,0,0,19.74,0.888,99.0
2025-06-16 11:00:00,OP0034,M0030,,0.167,1658.0,1878.0,3.3,0,0,6,0,0,16.06,0.735,87.8
2025-06-16 12:00:00,OP0039,M0033,,0.036,2111.0,2421.0,10.6,2,1,8,1,0,14.71,0.824,78.5
2025-06-16 12:00:00,OP0035,M0037,,0.01,1563.0,1812.0,8.0,1,1,5,0,0,5.64,0.862,89.2
2025-06-16 13:00:00,OP0044,M0038,,0.12,1695.0,1920.0,6.7,0,0,4,0,0,22.72,0.976,89.1
2025-06-16 14:00:00,OP0022,M0012,,0.073,1999.0,2116.0,19.1,0,0,5,0,0,22.6,0.865,100.0
2025-06-16 15:00:00,OP0012,M0007,,0.129,2099.0,2454.0,2.1,1,1,2,0,1,8.52,0.637,73.5
2025-06-16 15:00:00,OP0028,M0038,,0.312,1682.0,1942.0,5.9,0,0,7,0,0,25.69,0.957,83.3
2025-06-16 15:15:00,OP0031,M0020,T00585,0.262,1757.0,2540.0,3.4,0,0,16,0,0,7.95,,66.2
2025-06-17 06:00:00,OP0026,M0025,,0.125,2093.0,2273.0,1.8,1,1,7,1,0,18.04,0.806,75.7
2025-06-17 07:00:00,OP0041,M0028,,0.316,1911.0,2153.0,3.7,5,2,7,1,1,11.39,0.856,36.9
2025-06-17 07:00:00,OP0010,M0029,,0.175,2202.0,2400.0,3.2,2,3,8,0,0,14.46,0.847,65.4
2025-06-17 07:00:00,OP0050,M0018,,0.193,1657.0,1928.0,3.2,0,1,5,0,0,25.35,0.903,87.6
2025-06-17 08:00:00,OP0046,M0001,,0.287,1609.0,1851.0,2.5,0,0,5,0,0,9.55,0.601,88.1
2025-06-17 08:00:00,OP0028,M0020,,0.173,1887.0,2166.0,10.5,1,1,8,0,0,6.8,0.912,78.0
2025-06-17 09:00:00,OP0035,M0031,,0.01,1493.0,1610.0,13.0,0,0,6,0,1,11.54,0.656,90.6
2025-06-17 09:00:00,OP0052,M0009,,0.243,2037.0,2240.0,2.2,1,2,3,1,2,15.13,0.639,47.8
2025-06-17 09:00:00,OP0011,M0013,,0.218,1883.0,2240.0,4.5,0,1,9,0,2,10.85,0.544,58.5
2025-06-17 10:00:00,OP0017,M0018,,0.139,2005.0,2142.0,2.4,3,2,4,0,0,18.0,0.73,77.2
2025-06-17 10:00:00,OP0021,M0002,,0.233,2020.0,2418.0,6.8,1,0,4,0,1,18.53,0.864,70.4
2025-06-17 10:08:00,OP0043,M0035,T00027,0.196,1560.0,2095.0,4.4,0,0,13,0,0,10.38,,79.7
2025-06-17 12:00:00,OP0044,M0037,,0.141,2251.0,2508.0,7.2,2,2,3,0,0,6.25,0.853,81.8
2025-06-17 13:00:00,OP0008,M0042,,0.219,2500.0,2600.0,7.2,2,0,8,0,0,25.72,0.447,76.3
2025-06-17 13:00:00,OP0022,M0004,,0.047,1506.0,1740.0,13.1,2,0,6,0,0,13.51,1.027,99.0
2025-06-17 13:00:00,OP0015,M0020,,0.258,1646.0,1979.0,9.5,0,1,7,3,0,10.11,0.323,56.3
2025-06-17 13:00:00,OP0033,M0028,,0.125,1560.0,1699.0,3.4,1,0,2,0,0,19.11,0.79,91.5
2025-06-18 07:00:00,OP0045,M0032,,0.303,1932.0,2262.0,2.5,1,1,5,0,1,27.64,0.513,61.1
2025-06-18 08:00:00,OP0024,M0034,,0.233,1953.0,2241.0,4.6,1,2,8,1,0,7.77,0.691,65.6
2025-06-18 08:00:00,OP0005,M0036,,0.214,1509.0,1726.0,5.8,0,0,7,0,0,27.85,0.552,88.6
2025-06-18 08:28:00,OP0055,M0029,T00230,0.117,1592.0,1918.0,2.4,0,0,0,0,0,20.6,,92.4
2025-06-18 08:31:00,OP0049,M0017,T00618,0.456,1397.0,2279.0,2.9,0,0,4,0,0,8.97,,76.3
2025-06-18 08:43:00,OP0006,M0001,T00345,0.22,1759.0,2446.0,1.7,0,0,14,2,0,17.66,,62.3
2025-06-18 09:00:00,OP0013,M0041,,0.09,1991.0,2169.0,6.7,1,1,5,1,0,5.69,0.717,77.2
2025-06-18 09:28:00,OP0049,M0013,T00779,0.2,1788.0,2395.0,3.3,0,0,1,0,0,7.58,,96.0
2025-06-18 10:00:00,OP0010,M0002,,0.148,2236.0,2574.0,3.6,3,1,4,0,1,19.04,0.965,68.2
2025-06-18 10:00:00,OP0051,M0037,,0.154,1795.0,2051.0,3.7,0,1,8,0,0,6.19,0.927,85.1
2025-06-18 10:00:00,OP0016,M0040,,0.164,1984.0,2171.0,12.4,0,1,4,1,1,12.84,0.702,66.6
2025-06-18 10:00:00,OP0020,M0020,,0.242,1671.0,1848.0,3.6,0,3,7,1,0,4.32,0.465,64.0
2025-06-18 11:00:00,OP0033,M0030,,0.161,1558.0,1896.0,2.2,0,2,5,0,1,14.72,0.816,66.9
2025-06-18 11:00:00,OP0010,M0013,,0.148,1905.0,2060.0,6.8,2,1,3,0,0,8.51,0.828,86.1
2025-06-18 11:00:00,OP0051,M0008,,0.141,1644.0,2003.0,2.1,0,0,6,0,0,14.79,0.856,87.4
2025-06-18 13:00:00,OP0016,M0017,,0.284,2214.0,2451.0,3.4,0,1,8,0,1,6.52,0.804,68.4
2025-06-18 14:00:00,OP0040,M0007,,0.165,1912.0,2286.0,6.3,0,1,6,0,0,12.57,0.792,88.0
2025-06-18 14:00:00,OP0048,M0008,,0.206,1744.0,1931.0,1.3,0,1,8,0,0,12.66,0.821,87.0
2025-06-18 15:00:00,OP0037,M0026,,0.143,2500.0,2600.0,12.7,1,0,4,0,1,15.58,0.492,68.5
2025-06-18 15:00:00,OP0026,M0019,,0.127,1992.0,2390.0,8.5,1,0,2,1,0,3.95,0.772,79.9
2025-06-18 15:00:00,OP0022,M0040,,0.092,2136.0,2377.0,4.8,2,2,1,0,2,13.41,0.758,57.8
2025-06-18 15:00:00,OP0021,M0040,,0.159,1916.0,2215.0,10.2,1,0,5,0,0,7.74,1.029,91.7
2025-06-19 06:00:00,OP0023,M0019,,0.182,1924.0,2029.0,6.3,2,0,4,0,1,10.73,0.48,67.6
2025-06-19 07:00:00,OP0004,M0023,,0.038,2144.0,2272.0,9.6,1,0,5,0,0,7.06,0.906,98.7
2025-06-19 07:00:00,OP0045,M0036,,0.302,1797.0,2166.0,6.5,1,1,5,0,2,31.2,0.679,55.7
2025-06-19 07:00:00,OP0026,M0005,,0.106,1836.0,2076.0,23.8,0,0,5,0,0,24.77,0.991,94.4
2025-06-19 07:00:00,OP0012,M0038,,0.151,1817.0,2081.0,1.9,1,0,5,1,0,13.91,0.96,70.9
2025-06-19 07:00:00,OP0029,M0016,,0.192,2207.0,2466.0,5.0,0,0,7,1,2,12.32,0.412,59.1
2025-06-19 07:52:00,OP0055,M0040,T00846,0.171,1731.0,2334.0,3.3,0,0,30,1,2,15.63,,28.9
2025-06-19 10:00:00,OP0054,M0034,,0.01,1648.0,1879.0,4.4,0,1,3,0,0,17.91,0.633,100.0
2025-06-19 10:00:00,OP0049,M0014,,0.184,2017.0,2309.0,7.4,1,0,8,1,0,25.79,0.687,76.9
2025-06-19 11:00:00,OP0039,M0005,,0.038,1875.0,2271.0,25.4,1,0,7,0,0,13.2,0.73,98.4
2025-06-19 12:00:00,OP0015,M0023,,0.232,1389.0,1668.0,3.4,1,0,2,1,0,12.79,0.3,69.4
2025-06-19 14:00:00,OP0009,M0030,,0.229,1701.0,1977.0,1.7,2,0,4,3,0,11.28,0.654,48.1
2025-06-19 15:00:00,OP0050,M0035,,0.138,1821.0,2056.0,8.5,0,1,3,0,0,9.94,1.028,83.2
2025-06-20 06:00:00,OP0055,M0027,,0.187,1835.0,1989.0,2.3,0,0,8,0,0,24.61,0.785,87.9
2025-06-20 07:00:00,OP0037,M0018,,0.142,2261.0,2600.0,1.7,2,2,6,0,0,15.2,0.752,75.6
2025-06-20 07:00:00,OP0049,M0041,,0.206,1845.0,2055.0,11.8,0,0,7,1,0,8.97,0.795,75.1
2025-06-20 07:00:00,OP0047,M0019,,0.086,2500.0,2600.0,10.8,2,0,6,0,0,7.71,0.897,85.7
2025-06-20 08:00:00,OP0047,M0003,,0.016,2192.0,2441.0,2.6,0,0,6,1,1,22.42,0.876,73.0
2025-06-20 08:00:00,OP0008,M0019,,0.243,2500.0,2600.0,6.9,0,1,8,0,1,10.34,0.594,69.1
2025-06-20 08:00:00,OP0055,M0038,,0.19,1584.0,1937.0,1.0,0,0,5,0,1,21.56,0.794,78.4
2025-06-20 08:08:00,OP0023,M0027,T00730,0.254,1586.0,2246.0,1.4,0,0,11,2,2,15.75,,42.9
2025-06-20 08:10:00,OP0007,M0030,T00650,0.183,1480.0,1974.0,1.5,0,0,18,1,1,14.39,,58.3
2025-06-20 09:00:00,OP0035,M0002,,0.029,1666.0,1928.0,10.3,0,1,8,0,0,16.3,0.969,92.3
2025-06-20 09:00:00,OP0036,M0002,,0.06,2034.0,2136.0,6.3,2,0,13,0,0,19.61,0.541,81.8
2025-06-20 10:00:00,OP0015,M0001,,0.228,1541.0,1832.0,4.3,0,1,4,1,0,25.45,0.367,67.6
2025-06-20 11:00:00,OP0014,M0021,,0.111,2071.0,2225.0,8.1,0,1,7,0,0,11.58,1.016,89.8
2025-06-20 11:42:00,OP0017,M0010,T00722,0.233,1792.0,2449.0,12.5,0,0,23,0,1,23.87,,57.0
2025-06-20 12:00:00,OP0011,M0036,,0.216,1711.0,2088.0,6.5,0,1,1,1,1,18.34,0.716,62.1
2025-06-20 12:00:00,OP0052,M0024,,0.255,1861.0,2035.0,2.2,0,0,5,3,0,18.45,0.813,57.8
2025-06-20 12:00:00,OP0050,M0004,,0.083,2014.0,2271.0,2.8,2,2,7,0,0,13.11,0.726,74.4
2025-06-20 13:00:00,OP0028,M0002,,0.184,1885.0,2259.0,4.2,0,2,7,0,0,11.21,0.889,74.7
2025-06-20 13:00:00,OP0052,M0040,,0.147,2230.0,2425.0,10.3,1,3,10,0,1,9.9,0.707,69.7
2025-06-20 13:23:00,OP0010,M0036,T00097,0.338,1552.0,2263.0,2.2,0,0,23,0,1,19.3,,47.3
2025-06-20 14:00:00,OP0053,M0042,,0.062,2314.0,2507.0,6.0,1,0,3,0,0,27.02,0.724,96.8
2025-06-20 15:00:00,OP0025,M0022,,0.201,1883.0,2199.0,25.9,0,0,6,0,0,23.76,0.76,86.4
2025-06-20 15:28:00,OP0016,M0022,T00709,0.204,1787.0,2441.0,12.6,0,1,22,1,0,23.13,,59.7
2025-06-21 06:00:00,OP0044,M0013,,0.062,2210.0,2500.0,7.7,3,0,4,0,0,10.43,0.866,95.9
2025-06-21 07:00:00,OP0044,M0035,,0.176,2192.0,2455.0,2.3,0,1,8,0,0,14.14,0.958,81.8
2025-06-21 08:00:00,OP0042,M0010,,0.136,1623.0,1803.0,11.7,1,1,8,1,0,26.56,0.81,72.6
2025-06-21 09:00:00,OP0028,M0037,,0.177,1923.0,2045.0,3.6,1,1,4,0,0,12.8,0.878,84.9
2025-06-21 09:00:00,OP0055,M0015,,0.168,1577.0,1967.0,3.9,2,0,4,0,0,18.84,0.65,82.3
2025-06-21 09:00:00,OP0053,M0013,,0.124,2500.0,2600.0,11.2,0,1,1,0,0,11.71,0.669,91.1
2025-06-21 10:00:00,OP0048,M0037,,0.131,1821.0,2058.0,7.7,0,0,5,0,0,8.39,0.781,93.7
2025-06-21 10:00:00,OP0012,M0031,,0.144,2068.0,2168.0,14.4,0,1,8,1,0,14.59,0.654,69.8
2025-06-21 11:00:00,OP0029,M0027,,0.233,1677.0,1997.0,1.2,0,0,6,2,3,15.44,0.492,36.7
2025-06-21 11:37:00,OP0030,M0021,T00356,0.408,1371.0,2111.0,3.0,0,0,32,2,0,8.9,,33.7
2025-06-21 12:00:00,OP0019,M0034,,0.256,1970.0,2224.0,4.3,0,2,6,1,1,25.58,0.618,59.2
2025-06-21 12:00:00,OP0048,M0030,,0.088,1758.0,2148.0,3.2,0,0,6,0,0,8.29,0.548,95.1
2025-06-21 12:00:00,OP0003,M0023,,0.169,1701.0,1862.0,9.7,0,1,6,0,0,11.61,0.562,93.2
2025-06-21 12:55:00,OP0046,M0002,T00512,0.228,1755.0,2389.0,2.2,0,0,2,0,0,15.69,,89.6
2025-06-21 13:00:00,OP0032,M0021,,0.057,1884.0,2243.0,12.9,0,0,3,0,0,9.07,0.848,91.7
2025-06-21 13:00:00,OP0017,M0025,,0.198,2160.0,2389.0,7.1,1,0,4,0,0,15.62,0.767,87.9
2025-06-21 13:00:00,OP0033,M0034,,0.048,1743.0,2129.0,3.0,0,2,3,0,0,6.5,0.865,89.8
2025-06-21 13:00:00,OP0054,M0002,,0.071,2027.0,2138.0,3.8,0,0,10,0,1,7.74,0.628,79.9
2025-06-21 14:00:00,OP0043,M0001,,0.054,1532.0,1907.0,2.0,0,1,9,0,0,14.38,1.016,96.9
2025-06-21 14:00:00,OP0051,M0013,,0.15,2088.0,2431.0,6.2,0,0,4,0,0,8.56,0.829,87.2
2025-06-21 15:00:00,OP0028,M0042,,0.168,1426.0,1756.0,4.2,0,0,8,0,0,22.56,0.861,84.8
2025-06-22 06:00:00,OP0051,M0035,,0.151,1730.0,2070.0,7.4,1,1,6,0,0,7.16,0.984,77.7
2025-06-22 07:00:00,OP0002,M0018,,0.197,1615.0,1931.0,2.8,0,1,5,0,0,21.29,0.847,84.4
2025-06-22 07:00:00,OP0018,M0038,,0.096,1394.0,1709.0,4.9,1,2,5,0,1,23.06,0.565,78.3
2025-06-22 07:00:00,OP0034,M0004,,0.119,1669.0,1990.0,8.6,1,0,11,0,0,12.21,0.844,96.0
2025-06-22 08:00:00,OP0026,M0029,,0.06,1715.0,2002.0,3.7,2,0,4,0,1,15.99,0.837,80.6
2025-06-22 08:00:00,OP0055,M0008,,0.133,1547.0,1717.0,1.7,0,0,8,1,2,23.91,0.561,58.3
2025-06-22 08:00:00,OP0019,M0001,,0.172,1987.0,2087.0,3.2,2,0,3,1,0,10.05,0.493,74.2
2025-06-22 08:40:00,OP0003,M0039,T00661,0.179,1489.0,1959.0,1.5,0,0,18,0,0,15.77,,73.5
2025-06-22 09:00:00,OP0002,M0010,,0.127,1767.0,1999.0,12.4,0,0,10,0,0,22.59,0.967,87.9
2025-06-22 09:00:00,OP0003,M0020,,0.163,1827.0,1942.0,9.7,1,1,10,0,0,4.71,0.581,79.6
2025-06-22 10:00:00,OP0036,M0015,,0.123,2008.0,2302.0,1.2,0,0,9,1,0,17.46,0.556,76.2
2025-06-22 10:00:00,OP0054,M0042,,0.04,1811.0,2040.0,6.5,0,1,6,0,0,17.28,0.502,89.6
2025-06-22 11:00:00,OP0055,M0024,,0.172,1917.0,2155.0,4.9,0,1,1,1,0,21.42,0.567,71.4
2025-06-22 11:00:00,OP0017,M0027,,0.123,2109.0,2245.0,3.5,0,1,8,0,0,20.75,0.753,84.8
2025-06-22 11:21:00,OP0028,M0013,T00664,0.263,1512.0,2204.0,2.5,0,0,16,0,0,7.02,,67.3
2025-06-22 12:00:00,OP0048,M0011,,0.118,2179.0,2347.0,4.4,0,1,5,1,1,4.67,0.679,67.6
2025-06-22 12:00:00,OP0017,M0008,,0.148,1913.0,2081.0,4.1,1,0,8,0,0,6.56,0.834,84.9
2025-06-22 12:00:00,OP0049,M0015,,0.276,1848.0,1981.0,1.1,1,0,3,0,0,14.85,0.776,75.1
2025-06-22 12:00:00,OP0013,M0020,,0.151,2275.0,2428.0,8.4,0,0,3,1,2,9.47,0.503,67.0
2025-06-22 12:00:00,OP0051,M0033,,0.151,1813.0,2130.0,4.9,0,0,8,0,0,15.38,0.919,88.2
2025-06-22 13:00:00,OP0034,M0034,,0.201,1370.0,1582.0,4.3,1,0,6,1,0,7.89,0.743,73.0
2025-06-22 14:00:00,OP0028,M0006,,0.231,1755.0,2026.0,4.6,1,0,4,0,0,12.34,0.768,84.1
2025-06-22 15:00:00,OP0042,M0001,,0.128,1726.0,1830.0,4.0,1,0,9,0,0,23.56,0.866,86.2
2025-06-23 06:00:00,OP0053,M0002,,0.096,2500.0,2600.0,2.5,0,0,8,1,0,15.53,0.683,87.4
2025-06-23 06:00:00,OP0051,M0015,,0.131,1730.0,2006.0,4.4,1,0,6,0,0,10.87,0.828,83.2
2025-06-23 07:00:00,OP0047,M0004,,0.01,2500.0,2600.0,1.7,0,0,11,1,0,9.39,0.992,91.8
2025-06-23 07:00:00,OP0050,M0023,,0.032,1975.0,2322.0,9.9,0,0,6,0,0,15.85,1.029,92.4
2025-06-23 07:52:00,OP0021,M0003,T00240,0.338,1423.0,2053.0,2.4,0,0,36,0,0,17.69,,49.9
2025-06-23 09:00:00,OP0024,M0037,,0.092,2142.0,2484.0,4.2,1,2,2,2,0,11.8,0.684,67.0
2025-06-23 10:00:00,OP0008,M0006,,0.244,2400.0,2536.0,4.5,0,0,6,0,0,4.33,0.3,82.0
2025-06-23 10:00:00,OP0011,M0034,,0.25,1713.0,1876.0,2.9,2,0,9,0,1,24.2,0.524,68.9
2025-06-23 10:00:00,OP0015,M0027,,0.217,1687.0,1992.0,3.6,0,0,6,1,0,19.88,0.303,79.5
2025-06-23 11:00:00,OP0001,M0019,,0.145,2122.0,2339.0,3.2,4,0,5,0,1,6.13,0.872,59.7
2025-06-23 12:00:00,OP0002,M0026,,0.1,1890.0,1992.0,12.1,1,0,4,0,0,15.71,0.876,88.6
2025-06-23 12:00:00,OP0019,M0010,,0.193,1808.0,1914.0,17.0,0,2,8,0,0,12.93,0.458,79.6
2025-06-23 12:00:00,OP0009,M0030,,0.26,1643.0,1814.0,1.8,2,0,10,1,0,13.98,0.686,58.7
2025-06-23 12:00:00,OP0024,M0004,,0.161,2279.0,2428.0,5.9,0,0,6,0,0,14.71,0.615,85.4
2025-06-23 14:00:00,OP0006,M0007,,0.19,2181.0,2295.0,2.7,0,0,3,1,0,9.9,0.831,89.1
2025-06-23 14:00:00,OP0052,M0022,,0.221,1730.0,2022.0,12.6,1,0,4,1,0,29.55,0.77,77.8
2025-06-23 14:00:00,OP0039,M0018,,0.106,1841.0,1954.0,1.1,2,0,11,0,0,22.39,0.863,80.6
2025-06-23 15:00:00,OP0055,M0030,,0.16,1754.0,2128.0,2.0,2,0,10,1,1,16.79,0.741,63.1
2025-06-24 06:00:00,OP0036,M0038,,0.08,1947.0,2234.0,1.7,0,0,3,0,0,15.57,0.542,94.1
2025-06-24 06:00:00,OP0045,M0036,,0.324,1935.0,2042.0,2.5,1,1,7,2,2,26.07,0.597,36.8
2025-06-24 07:27:00,OP0027,M0039,T00543,0.318,1331.0,1893.0,1.2,0,0,1,0,0,12.67,,79.1
2025-06-24 10:00:00,OP0006,M0018,,0.145,1980.0,2146.0,4.6,0,2,6,1,0,6.95,0.877,76.5
2025-06-24 11:00:00,OP0027,M0025,,0.262,1990.0,2268.0,5.9,1,1,11,0,1,21.33,0.729,58.5
2025-06-24 11:00:00,OP0048,M0019,,0.092,2081.0,2203.0,1.6,0,0,10,0,1,11.44,0.728,83.8
2025-06-24 13:00:00,OP0043,M0001,,0.01,1681.0,1840.0,1.5,1,0,6,0,0,18.99,0.892,93.5
2025-06-24 13:00:00,OP0051,M0041,,0.176,2018.0,2245.0,3.1,0,0,4,0,0,9.29,0.951,87.6
2025-06-24 15:00:00,OP0032,M0023,,0.064,1952.0,2172.0,2.9,1,0,8,1,0,19.82,0.866,79.9
2025-06-24 15:25:00,OP0049,M0030,T00703,0.279,1520.0,2176.0,1.5,0,0,11,0,0,14.63,,70.7
2025-06-25 06:00:00,OP0017,M0042,,0.145,1690.0,1835.0,6.8,0,1,9,0,1,19.97,0.782,67.7
2025-06-25 06:00:00,OP0011,M0037,,0.137,1786.0,2152.0,6.6,1,0,6,1,2,9.41,0.529,56.0
2025-06-25 07:00:00,OP0019,M0013,,0.187,2234.0,2358.0,10.5,0,3,4,1,2,7.27,0.523,50.4
2025-06-25 09:00:00,OP0033,M0023,,0.181,1669.0,2025.0,6.9,0,0,8,0,0,11.47,0.961,86.4
2025-06-25 09:00:00,OP0050,M0008,,0.106,1657.0,1893.0,1.6,0,0,6,0,0,11.4,0.855,95.4
2025-06-25 10:00:00,OP0016,M0007,,0.116,2047.0,2370.0,1.7,0,2,3,0,2,8.12,0.918,66.0
2025-06-25 10:00:00,OP0018,M0019,,0.171,1729.0,1861.0,6.3,1,2,4,0,0,9.85,0.675,89.9
2025-06-25 11:00:00,OP0027,M0036,,0.281,1786.0,1953.0,2.1,3,2,5,1,2,21.69,0.976,39.8
2025-06-25 11:00:00,OP0030,M0011,,0.204,1712.0,1975.0,8.2,1,2,7,1,0,9.64,0.752,65.3
2025-06-25 12:00:00,OP0024,M0024,,0.115,2010.0,2175.0,3.8,2,1,7,0,0,21.59,0.594,84.7
2025-06-25 12:00:00,OP0012,M0015,,0.175,1808.0,2162.0,1.7,1,1,4,0,0,14.68,0.605,79.5
2025-06-25 12:00:00,OP0053,M0023,,0.255,2500.0,2600.0,6.5,1,1,5,0,0,16.66,0.781,76.3
2025-06-25 13:00:00,OP0053,M0009,,0.147,2492.0,2600.0,3.8,2,0,4,0,0,15.15,0.618,85.2
2025-06-25 13:56:00,OP0048,M0021,T00024,0.225,1620.0,2214.0,4.2,0,1,21,0,0,11.09,,66.7
2025-06-25 14:00:00,OP0052,M0037,,0.192,2131.0,2456.0,2.0,1,0,3,1,0,7.66,0.493,75.3
2025-06-25 14:00:00,OP0010,M0013,,0.097,2250.0,2600.0,2.9,0,0,5,0,0,10.27,0.888,94.8
2025-06-25 14:00:00,OP0012,M0017,,0.162,1945.0,2318.0,10.3,1,1,6,1,1,14.06,0.832,67.1
2025-06-25 14:00:00,OP0028,M0034,,0.182,1429.0,1772.0,3.8,1,0,11,0,0,12.57,0.677,77.0
2025-06-25 15:00:00,OP0039,M0011,,0.144,1949.0,2193.0,5.0,1,0,9,1,0,8.09,0.879,79.8
2025-06-25 15:49:00,OP0014,M0015,T00162,0.238,1479.0,2040.0,1.5,0,0,6,1,0,14.43,,77.9
2025-06-26 06:00:00,OP0020,M0006,,0.253,1765.0,2008.0,10.9,2,0,9,0,1,6.34,0.467,72.8
2025-06-26 06:00:00,OP0013,M0035,,0.01,1929.0,2224.0,6.1,0,0,3,0,2,14.58,0.558,85.3
2025-06-26 06:00:00,OP0015,M0030,,0.224,1439.0,1805.0,3.2,1,0,3,0,0,17.73,0.3,83.9
2025-06-26 06:00:00,OP0046,M0015,,0.197,1728.0,1868.0,3.6,2,1,8,0,0,11.45,0.654,76.2
2025-06-26 07:00:00,OP0054,M0007,,0.092,1842.0,2163.0,4.1,1,0,7,0,0,5.5,0.693,87.8
2025-06-26 08:00:00,OP0009,M0008,,0.165,1879.0,2112.0,1.7,0,2,6,0,0,16.38,0.767,81.2
2025-06-26 09:00:00,OP0055,M0020,,0.201,1877.0,2272.0,10.5,1,0,4,0,0,7.07,0.739,84.1
2025-06-26 09:00:00,OP0054,M0024,,0.059,1897.0,2047.0,8.9,0,2,6,0,0,21.58,0.545,83.5
2025-06-26 09:00:00,OP0031,M0013,,0.045,2159.0,2325.0,6.2,0,1,4,0,2,6.53,0.562,71.1
2025-06-26 09:00:00,OP0014,M0015,,0.174,1891.0,2207.0,2.8,0,0,2,0,0,19.53,0.972,90.7
2025-06-26 10:00:00,OP0005,M0016,,0.234,2211.0,2542.0,1.7,1,2,8,0,0,12.69,0.715,80.9
2025-06-26 10:00:00,OP0033,M0021,,0.182,1760.0,2057.0,2.8,0,1,3,0,1,12.13,0.833,77.9
2025-06-26 11:00:00,OP0024,M0038,,0.16,2009.0,2364.0,2.2,2,0,9,0,0,26.48,0.701,78.5
2025-06-26 12:00:00,OP0035,M0016,,0.092,1916.0,2239.0,1.8,1,0,3,0,0,13.25,0.83,93.2
2025-06-26 12:00:00,OP0050,M0033,,0.075,1719.0,2019.0,12.2,2,0,10,0,0,14.87,1.065,81.9
2025-06-26 12:02:00,OP0011,M0031,T00759,0.217,1653.0,2289.0,2.4,1,0,18,2,2,15.18,,36.4
2025-06-26 13:00:00,OP0054,M0033,,0.047,1642.0,1849.0,13.2,0,0,3,0,0,5.87,0.91,92.1
2025-06-26 13:00:00,OP0042,M0003,,0.13,1618.0,1918.0,3.6,1,0,0,1,0,25.57,0.771,79.3
2025-06-26 13:52:00,OP0038,M0001,T00342,0.217,1519.0,2085.0,1.5,0,0,13,0,0,14.99,,72.0
2025-06-26 14:00:00,OP0028,M0007,,0.199,1694.0,2077.0,5.4,0,0,8,0,1,13.81,0.875,74.3
2025-06-26 14:00:00,OP0004,M0002,,0.016,2325.0,2600.0,4.2,1,0,2,0,0,10.67,1.109,96.5
2025-06-26 14:37:00,OP0011,M0017,T00653,0.338,1485.0,2139.0,3.2,0,0,29,2,1,10.1,,22.5
2025-06-26 15:00:00,OP0002,M0031,,0.041,2085.0,2467.0,11.8,2,1,10,0,0,19.53,0.709,83.6
2025-06-26 15:00:00,OP0040,M0021,,0.132,1891.0,2090.0,6.0,0,1,5,0,0,5.45,0.947,91.1
2025-06-27 07:00:00,OP0031,M0033,,0.01,2053.0,2271.0,9.0,1,1,7,0,0,5.91,0.463,91.1
2025-06-27 09:00:00,OP0001,M0014,,0.125,1673.0,1779.0,27.8,0,2,5,0,1,14.88,0.798,75.0
2025-06-27 09:00:00,OP0020,M0020,,0.169,1645.0,1974.0,2.0,0,1,6,1,0,5.92,0.663,69.2
2025-06-27 10:00:00,OP0004,M0027,,0.075,2088.0,2432.0,4.4,0,1,9,0,0,13.82,0.954,88.0
2025-06-27 11:00:00,OP0047,M0020,,0.067,2449.0,2600.0,1.7,1,0,4,0,0,11.42,0.773,100.0
2025-06-27 12:55:00,OP0008,M0026,T00323,0.321,1986.0,3079.0,2.2,0,0,21,2,3,14.45,,22.4
2025-06-27 13:00:00,OP0015,M0008,,0.258,1540.0,1767.0,2.1,3,1,4,1,0,16.21,0.358,62.6
2025-06-27 14:00:00,OP0039,M0042,,0.02,1890.0,2285.0,3.2,0,1,4,2,0,11.19,0.766,80.7
2025-06-27 15:00:00,OP0007,M0014,,0.199,1948.0,2210.0,26.2,0,0,3,0,1,30.19,0.643,71.3
2025-06-27 15:00:00,OP0015,M0011,,0.231,1700.0,1912.0,3.8,1,0,6,1,0,6.46,0.368,75.1
2025-06-28 06:00:00,OP0024,M0029,,0.139,1400.0,1794.0,3.0,1,1,7,1,0,11.95,0.605,75.7
2025-06-28 06:22:00,OP0012,M0013,T00148,0.325,1615.0,2513.0,1.9,0,0,4,1,0,7.19,,75.3
2025-06-28 07:00:00,OP0029,M0025,,0.238,2139.0,2511.0,14.8,0,3,6,0,0,24.29,0.613,85.6
2025-06-28 08:00:00,OP0013,M0015,,0.152,1792.0,1941.0,4.6,0,2,4,2,1,18.45,0.602,51.7
2025-06-28 08:00:00,OP0051,M0003,,0.14,1575.0,1818.0,2.8,1,0,5,0,0,15.62,0.877,90.2
2025-06-28 08:17:00,OP0050,M0006,T00256,0.242,1627.0,2348.0,2.6,0,0,20,1,0,7.86,,61.8
2025-06-28 09:00:00,OP0018,M0030,,0.167,1874.0,1978.0,3.1,0,0,3,1,0,21.45,0.825,84.3
2025-06-28 09:00:00,OP0044,M0001,,0.172,1959.0,2300.0,2.4,1,0,8,0,0,21.75,0.782,91.1
2025-06-28 09:00:00,OP0039,M0024,,0.085,1776.0,1884.0,4.6,2,3,3,2,0,6.73,1.012,69.6
2025-06-28 10:00:00,OP0006,M0016,,0.01,2500.0,2600.0,6.1,1,1,6,0,0,5.83,1.037,89.8
2025-06-28 10:00:00,OP0007,M0005,,0.174,1847.0,2125.0,19.1,1,0,4,2,0,24.07,0.424,82.1
2025-06-28 10:00:00,OP0021,M0009,,0.067,1899.0,2143.0,4.4,0,0,4,0,0,8.31,0.892,100.0
2025-06-28 11:00:00,OP0045,M0002,,0.291,2193.0,2583.0,11.3,2,0,3,1,1,24.61,0.451,65.0
2025-06-28 12:00:00,OP0025,M0025,,0.241,1840.0,1984.0,14.1,0,1,4,0,0,9.89,0.885,77.0
2025-06-28 14:00:00,OP0038,M0021,,0.263,1859.0,2134.0,6.9,1,0,4,1,0,12.87,0.614,73.7
2025-06-28 14:00:00,OP0011,M0034,,0.213,1576.0,1846.0,3.5,0,0,5,0,0,6.54,0.638,89.7
2025-06-28 15:04:00,OP0055,M0020,T00551,0.254,1666.0,2435.0,2.2,0,0,22,0,0,7.89,,63.3
2025-06-29 06:00:00,OP0040,M0037,,0.138,2001.0,2333.0,6.0,2,1,5,0,0,6.94,0.783,76.2
2025-06-29 06:00:00,OP0022,M0018,,0.01,1912.0,2166.0,1.7,2,0,9,2,0,12.12,0.702,70.9
2025-06-29 07:00:00,OP0004,M0009,,0.074,1813.0,2007.0,4.2,1,1,8,0,0,10.78,0.791,93.3
2025-06-29 07:12:00,OP0002,M0001,T00712,0.188,1584.0,2100.0,1.8,0,0,2,0,0,15.67,,86.9
2025-06-29 08:00:00,OP0015,M0021,,0.2,1513.0,1705.0,8.3,0,2,3,1,0,8.07,0.466,70.3
2025-06-29 09:00:00,OP0046,M0021,,0.235,1851.0,2136.0,7.9,0,1,6,2,0,14.1,0.684,63.9
2025-06-29 09:00:00,OP0049,M0008,,0.235,1758.0,2158.0,1.2,1,0,3,0,0,21.64,0.648,83.9
2025-06-29 09:00:00,OP0032,M0032,,0.107,1445.0,1593.0,3.2,2,2,4,0,0,9.69,0.843,89.6
2025-06-29 10:00:00,OP0017,M0008,,0.136,2064.0,2236.0,2.8,1,1,7,1,2,11.88,0.761,55.8
2025-06-29 10:00:00,OP0009,M0012,,0.345,1651.0,1974.0,25.7,2,2,5,1,0,35.81,0.705,51.4
2025-06-29 11:00:00,OP0014,M0008,,0.105,1676.0,2004.0,2.5,2,0,9,1,0,11.48,0.856,73.1
2025-06-29 11:14:00,OP0048,M0022,T00487,0.129,1721.0,2214.0,13.1,0,0,15,0,1,22.81,,74.1
2025-06-29 13:00:00,OP0031,M0012,,0.146,1927.0,2131.0,20.0,1,0,3,0,0,13.72,0.506,87.8
2025-06-29 13:00:00,OP0055,M0011,,0.21,2322.0,2600.0,2.3,1,0,4,1,2,11.47,0.678,57.2
2025-06-29 14:00:00,OP0003,M0040,,0.18,2026.0,2215.0,8.4,1,1,8,0,0,15.3,0.788,75.3
2025-06-29 14:55:00,OP0035,M0008,T00382,0.196,1414.0,1891.0,1.9,0,0,26,0,0,14.3,,67.8
2025-06-29 15:00:00,OP0002,M0030,,0.203,1873.0,2197.0,4.6,1,1,6,0,0,13.22,0.803,77.5
2025-06-29 15:00:00,OP0024,M0006,,0.183,1811.0,2079.0,4.0,0,1,11,2,0,9.48,0.606,60.6
2025-06-29 15:00:00,OP0030,M0027,,0.13,1613.0,1873.0,1.1,2,0,5,0,0,13.9,0.674,87.9
2025-06-29 15:29:00,OP0045,M0038,T00445,0.258,1559.0,2106.0,2.0,1,0,30,3,0,20.48,,28.9
2025-06-29 15:54:00,OP0050,M0022,T00511,0.221,1584.0,2147.0,12.4,0,0,34,1,0,21.22,,46.7
2025-06-30 06:00:00,OP0012,M0002,,0.145,1775.0,2067.0,14.4,3,1,5,1,1,13.94,0.807,64.3
2025-06-30 07:00:00,OP0046,M0032,,0.241,1997.0,2233.0,7.0,1,1,4,1,0,25.19,0.658,68.0
2025-06-30 08:00:00,OP0052,M0005,,0.243,1838.0,2182.0,10.2,3,1,7,0,1,21.2,0.652,60.3
2025-06-30 08:00:00,OP0048,M0008,,0.096,1832.0,2041.0,2.8,1,2,7,0,0,22.61,0.765,86.1
2025-06-30 08:00:00,OP0046,M0004,,0.255,1882.0,2255.0,9.2,0,1,6,2,2,14.58,0.736,49.1
2025-06-30 09:00:00,OP0021,M0010,,0.116,2037.0,2211.0,20.0,2,1,4,0,0,23.38,1.017,79.3
2025-06-30 09:00:00,OP0014,M0020,,0.13,1853.0,2051.0,4.7,2,0,7,0,0,9.34,0.765,86.5
2025-06-30 09:00:00,OP0002,M0024,,0.172,1918.0,2093.0,4.7,0,0,5,0,0,13.43,0.933,85.7
2025-06-30 09:00:00,OP0034,M0029,,0.065,1655.0,2004.0,7.1,2,1,6,0,0,24.8,0.834,88.1
2025-06-30 09:00:00,OP0002,M0031,,0.214,2049.0,2354.0,2.2,1,0,11,0,0,8.04,0.727,77.7
2025-06-30 09:00:00,OP0022,M0031,,0.01,2040.0,2335.0,5.8,1,0,10,1,0,7.55,0.783,92.1
2025-06-30 11:00:00,OP0017,M0010,,0.1,2076.0,2204.0,16.2,0,0,6,0,0,15.46,0.75,93.0
2025-06-30 11:00:00,OP0051,M0036,,0.188,1406.0,1799.0,5.9,0,1,6,0,0,30.05,0.907,80.6
2025-06-30 12:00:00,OP0017,M0021,,0.237,2216.0,2504.0,11.6,1,0,4,1,0,9.71,0.748,66.2
2025-06-30 12:00:00,OP0047,M0030,,0.01,2180.0,2490.0,4.4,0,2,5,0,0,17.18,0.828,98.7
2025-06-30 13:00:00,OP0027,M0037,,0.278,1611.0,1960.0,7.6,3,1,2,0,1,13.57,0.657,55.9
2025-06-30 13:37:00,OP0020,M0039,T00577,0.383,1266.0,1925.0,1.3,0,0,11,1,1,12.29,,54.6
2025-06-30 14:00:00,OP0011,M0034,,0.186,1625.0,1909.0,3.8,1,2,8,0,0,16.91,0.635,74.5
2025-06-30 15:00:00,OP0005,M0010,,0.159,1851.0,2018.0,3.8,0,3,7,0,0,24.74,0.775,78.0
2025-06-30 15:00:00,OP0042,M0010,,0.192,1568.0,1816.0,21.5,0,0,6,0,0,28.12,0.804,93.5
2025-06-30 15:00:00,OP0013,M0009,,0.135,1850.0,2221.0,3.5,0,2,8,3,1,11.34,0.745,50.8
2025-07-01 06:00:00,OP0054,M0008,,0.053,1733.0,2070.0,1.7,2,0,1,0,0,9.46,0.823,93.1
2025-07-01 06:00:00,OP0012,M0028,,0.141,1946.0,2272.0,2.6,2,1,7,2,2,18.43,0.9,44.7
2025-07-01 06:00:00,OP0007,M0014,,0.15,1818.0,2091.0,22.0,2,0,6,0,0,23.74,0.411,86.4
2025-07-01 06:00:00,OP0018,M0009,,0.15,1608.0,1723.0,2.1,0,0,9,0,0,20.08,0.742,90.6
2025-07-01 07:00:00,OP0001,M0008,,0.182,1660.0,1777.0,3.7,1,0,7,1,0,9.68,0.759,76.7
2025-07-01 07:00:00,OP0032,M0039,,0.087,1680.0,1911.0,3.4,1,0,7,0,0,7.19,0.935,91.9
2025-07-01 07:00:00,OP0015,M0010,,0.246,1875.0,2188.0,17.3,1,0,6,1,0,21.82,0.479,70.7
2025-07-01 08:00:00,OP0004,M0039,,0.02,2026.0,2344.0,1.1,1,0,7,0,0,8.49,0.963,93.3
2025-07-01 08:00:00,OP0039,M0029,,0.104,1894.0,2196.0,2.6,1,0,4,0,0,10.05,0.848,90.8
2025-07-01 08:00:00,OP0029,M0010,,0.205,2000.0,2165.0,21.5,1,0,8,0,1,12.95,0.515,74.5
2025-07-01 08:10:00,OP0004,M0037,T00544,0.158,1910.0,2493.0,2.4,0,0,26,0,0,10.47,,73.0
2025-07-01 09:00:00,OP0020,M0013,,0.266,1741.0,1926.0,3.9,0,1,7,0,0,7.65,0.542,83.3
2025-07-01 09:00:00,OP0036,M0031,,0.13,2004.0,2132.0,2.9,0,0,12,4,0,7.38,0.434,54.2
2025-07-01 09:00:00,OP0012,M0041,,0.198,2075.0,2444.0,1.0,2,1,5,0,0,10.0,0.889,77.3
2025-07-01 10:00:00,OP0048,M0031,,0.166,2141.0,2262.0,8.1,0,0,8,0,0,7.98,0.649,93.0
2025-07-01 11:00:00,OP0016,M0017,,0.207,2296.0,2559.0,2.8,2,1,3,0,0,11.72,0.855,75.9
2025-07-01 11:00:00,OP0006,M0022,,0.068,2263.0,2447.0,18.7,0,1,9,1,0,26.01,0.856,89.5
2025-07-01 12:24:00,OP0013,M0037,T00146,0.188,1754.0,2339.0,2.3,0,0,12,0,0,9.92,,79.9
2025-07-01 13:00:00,OP0024,M0013,,0.227,2004.0,2318.0,9.6,0,1,8,1,0,8.68,0.756,64.3
2025-07-01 14:00:00,OP0041,M0036,,0.262,1860.0,2242.0,4.9,2,2,6,0,0,20.22,0.72,73.5
2025-07-01 14:00:00,OP0039,M0009,,0.033,1721.0,2044.0,4.1,0,3,10,1,1,17.03,0.735,62.8
2025-07-02 06:00:00,OP0055,M0011,,0.159,2175.0,2321.0,10.9,0,2,5,3,1,10.82,0.69,49.5
2025-07-02 06:00:00,OP0010,M0018,,0.131,2045.0,2399.0,3.3,1,0,8,0,0,23.18,0.965,86.5
2025-07-02 06:00:00,OP0023,M0040,,0.186,2116.0,2483.0,12.3,2,1,9,1,0,11.34,0.43,58.4
2025-07-02 06:00:00,OP0027,M0023,,0.264,1648.0,1987.0,13.9,0,0,6,0,2,22.64,0.626,64.1
2025-07-02 06:00:00,OP0045,M0027,,0.317,1989.0,2191.0,2.3,0,1,4,1,0,20.74,0.556,72.3
2025-07-02 07:00:00,OP0036,M0019,,0.105,2249.0,2482.0,8.2,0,1,6,0,0,5.87,0.529,84.3
2025-07-02 07:00:00,OP0032,M0008,,0.147,1764.0,2153.0,1.3,0,0,8,0,0,7.75,0.768,86.9
2025-07-02 08:00:00,OP0029,M0036,,0.172,1878.0,2110.0,5.8,2,0,2,0,2,14.35,0.606,61.1
2025-07-02 08:00:00,OP0027,M0011,,0.259,1893.0,2142.0,1.3,2,0,9,2,2,4.54,0.549,38.9
2025-07-02 08:00:00,OP0014,M0022,,0.046,1884.0,2060.0,2.8,1,0,5,0,1,21.48,0.841,82.5
2025-07-02 08:00:00,OP0047,M0041,,0.056,2450.0,2600.0,1.3,0,1,3,0,0,8.75,0.989,99.7
2025-07-02 08:00:00,OP0018,M0024,,0.203,1859.0,2088.0,6.7,1,1,3,1,1,9.13,0.614,71.2
2025-07-02 09:00:00,OP0011,M0001,,0.206,1826.0,2000.0,2.9,1,1,7,1,0,15.01,0.576,69.8
2025-07-02 09:00:00,OP0032,M0011,,0.152,2102.0,2459.0,7.3,0,2,2,1,0,11.25,0.825,81.7
2025-07-02 11:00:00,OP0010,M0010,,0.107,2138.0,2538.0,20.1,0,2,8,0,0,11.86,0.987,77.3
2025-07-02 13:00:00,OP0036,M0036,,0.122,1829.0,2218.0,5.9,3,0,4,0,0,10.67,0.441,86.4
2025-07-02 13:00:00,OP0041,M0023,,0.225,2027.0,2382.0,4.9,0,0,3,0,0,17.18,0.663,84.6
2025-07-02 14:00:00,OP0039,M0021,,0.031,1878.0,2092.0,5.6,0,1,5,3,0,10.84,0.834,72.3
2025-07-02 14:00:00,OP0046,M0042,,0.236,1712.0,1869.0,6.4,1,1,6,0,1,29.78,0.657,71.3
2025-07-02 14:00:00,OP0046,M0011,,0.347,2117.0,2507.0,7.7,2,2,5,2,1,8.02,0.593,45.0
2025-07-02 15:00:00,OP0002,M0034,,0.124,1753.0,1975.0,3.5,0,0,3,0,0,15.53,0.756,85.6
2025-07-03 06:00:00,OP0043,M0010,,0.05,1736.0,1866.0,15.5,0,1,4,0,0,22.48,1.043,92.6
2025-07-03 06:46:00,OP0008,M0033,T00834,0.287,2045.0,3079.0,3.1,0,0,11,1,3,14.17,,40.5
2025-07-03 08:00:00,OP0033,M0042,,0.159,1628.0,1895.0,2.2,0,2,3,0,0,10.65,0.909,85.0
2025-07-03 08:00:00,OP0018,M0036,,0.102,1749.0,2000.0,2.1,1,0,8,0,0,11.79,0.67,92.0
2025-07-03 08:00:00,OP0005,M0008,,0.165,1711.0,1914.0,1.9,1,2,5,2,0,10.11,0.647,67.3
2025-07-03 09:00:00,OP0043,M0029,,0.01,1724.0,1983.0,3.6,0,1,6,1,0,12.26,1.053,87.2
2025-07-03 09:00:00,OP0037,M0008,,0.199,2084.0,2432.0,3.6,0,1,7,0,0,13.4,0.596,80.6
2025-07-03 10:00:00,OP0015,M0033,,0.178,1569.0,1847.0,7.8,0,1,5,0,0,10.02,0.425,90.3
2025-07-03 10:23:00,OP0049,M0018,T00471,0.177,1638.0,2176.0,1.3,0,0,1,1,0,16.62,,84.1
2025-07-03 11:00:00,OP0021,M0034,,0.154,1934.0,2212.0,4.5,1,0,5,0,1,9.2,0.932,84.5
2025-07-03 11:00:00,OP0048,M0024,,0.081,1919.0,2245.0,8.7,0,0,4,0,0,8.87,0.749,98.1
2025-07-03 11:27:00,OP0031,M0033,T00633,0.183,1790.0,2409.0,3.2,1,1,33,1,0,12.86,,52.0
2025-07-03 12:09:00,OP0034,M0014,T00733,0.271,1439.0,1963.0,10.6,1,0,3,0,0,18.46,,82.1
2025-07-03 13:00:00,OP0019,M0032,,0.233,1574.0,1800.0,5.4,0,0,5,0,1,27.79,0.582,77.2
2025-07-03 13:00:00,OP0016,M0033,,0.217,1716.0,2013.0,4.4,0,2,9,0,0,6.95,0.919,77.2
2025-07-03 13:00:00,OP0053,M0021,,0.081,2500.0,2600.0,7.6,1,0,1,0,0,15.0,0.657,94.0
2025-07-03 14:00:00,OP0023,M0040,,0.195,2042.0,2180.0,5.8,2,1,4,2,0,12.34,0.493,62.6
2025-07-03 14:00:00,OP0012,M0041,,0.133,1934.0,2184.0,10.8,0,1,5,2,1,7.38,0.807,73.0
2025-07-03 14:00:00,OP0048,M0042,,0.107,1723.0,2030.0,5.2,2,1,7,0,1,17.49,0.63,72.4
2025-07-03 15:00:00,OP0001,M0007,,0.119,1983.0,2224.0,1.6,0,0,1,0,0,4.68,0.923,89.4
2025-07-03 15:00:00,OP0028,M0040,,0.318,1913.0,2026.0,1.1,0,0,10,0,0,11.17,1.018,77.4
2025-07-04 06:00:00,OP0043,M0007,,0.01,1984.0,2124.0,6.1,1,1,5,0,0,9.37,1.222,85.0
2025-07-04 06:00:00,OP0030,M0027,,0.129,1868.0,2133.0,1.2,1,2,5,1,0,7.39,0.745,76.8
2025-07-04 06:00:00,OP0018,M0013,,0.121,1775.0,1928.0,9.4,1,1,4,1,0,11.47,0.7,73.7
2025-07-04 07:00:00,OP0047,M0036,,0.01,1934.0,2056.0,3.8,0,1,6,0,0,11.03,1.082,94.8
2025-07-04 07:00:00,OP0028,M0010,,0.17,1683.0,2038.0,26.3,0,0,7,0,0,25.14,1.053,96.0
2025-07-04 08:00:00,OP0023,M0013,,0.194,2259.0,2500.0,9.8,0,0,4,0,0,9.89,0.4,89.5
2025-07-04 11:00:00,OP0037,M0016,,0.158,2500.0,2600.0,4.7,1,1,6,1,0,7.64,0.614,75.3
2025-07-04 11:00:00,OP0041,M0016,,0.289,1951.0,2204.0,2.2,1,1,4,0,0,9.15,0.662,85.9
2025-07-04 11:00:00,OP0044,M0028,,0.141,2060.0,2453.0,2.3,0,0,6,0,0,8.0,0.92,88.7
2025-07-04 11:00:00,OP0036,M0037,,0.13,2276.0,2595.0,7.9,0,1,9,2,0,6.17,0.403,64.8
2025-07-04 11:19:00,OP0007,M0003,T00347,0.296,1347.0,1863.0,2.4,0,1,30,1,1,16.73,,29.6
2025-07-04 13:33:00,OP0053,M0014,T00688,0.196,2328.0,3244.0,12.6,0,0,13,0,0,33.73,,83.7
2025-07-04 14:00:00,OP0038,M0017,,0.302,1881.0,2099.0,2.1,1,2,3,0,0,17.29,0.705,70.2
2025-07-04 14:00:00,OP0050,M0016,,0.075,1721.0,1828.0,8.2,0,0,9,0,0,8.28,0.938,87.5
2025-07-05 07:00:00,OP0045,M0007,,0.382,1977.0,2346.0,4.2,2,1,6,0,0,15.44,0.482,60.7
2025-07-05 09:00:00,OP0049,M0009,,0.089,1788.0,1973.0,1.5,0,1,4,1,0,12.22,0.763,88.8
2025-07-05 09:00:00,OP0016,M0030,,0.283,1677.0,1888.0,2.0,1,2,3,0,1,16.27,0.892,64.6
2025-07-05 11:00:00,OP0043,M0040,,0.045,1671.0,1843.0,9.9,0,0,9,1,0,10.59,0.975,81.1
2025-07-05 11:00:00,OP0049,M0029,,0.24,1875.0,2026.0,5.0,0,1,4,0,0,18.02,0.818,86.8
2025-07-05 12:00:00,OP0015,M0012,,0.195,1382.0,1495.0,21.6,1,2,4,1,0,13.02,0.402,68.3
2025-07-05 12:00:00,OP0006,M0013,,0.081,2216.0,2354.0,6.4,1,0,3,2,0,7.42,1.056,79.1
2025-07-05 14:00:00,OP0019,M0016,,0.134,1736.0,1894.0,2.2,2,1,8,1,0,7.76,0.326,74.4
2025-07-05 14:00:00,OP0027,M0025,,0.308,1845.0,2075.0,3.8,1,0,6,0,0,21.48,0.887,79.6
2025-07-06 06:00:00,OP0038,M0013,,0.206,2089.0,2485.0,5.3,0,2,4,0,0,8.01,0.332,77.3
2025-07-06 06:00:00,OP0051,M0038,,0.182,1435.0,1680.0,6.5,3,1,4,0,0,16.24,0.798,78.5
2025-07-06 07:00:00,OP0045,M0014,,0.279,2121.0,2240.0,20.0,1,0,9,1,2,24.19,0.525,55.2
2025-07-06 07:21:00,OP0032,M0034,T00365,0.242,1512.0,2069.0,1.7,0,0,25,0,0,14.54,,72.1
2025-07-06 08:00:00,OP0045,M0008,,0.301,2046.0,2195.0,1.9,0,0,9,0,2,26.98,0.534,59.7
2025-07-06 08:59:00,OP0016,M0002,T00784,0.15,1904.0,2552.0,3.2,0,0,7,1,2,17.9,,58.4
2025-07-06 09:05:00,OP0036,M0011,T00233,0.309,1759.0,2683.0,2.6,0,0,0,0,0,7.96,,75.6
2025-07-06 10:00:00,OP0032,M0029,,0.098,1646.0,1922.0,2.7,0,1,7,1,0,16.63,0.94,89.1
2025-07-06 11:00:00,OP0055,M0001,,0.113,1720.0,2086.0,4.2,0,1,4,2,3,12.48,0.76,37.4
2025-07-06 11:36:00,OP0009,M0033,T00101,0.194,1595.0,2050.0,4.9,0,0,1,1,0,11.72,,85.0
2025-07-06 12:40:00,OP0033,M0009,T00114,0.254,1390.0,1940.0,1.3,0,0,10,1,2,13.91,,48.2
2025-07-06 13:00:00,OP0044,M0031,,0.2,2244.0,2591.0,14.3,0,0,13,0,0,14.9,0.755,75.4
2025-07-06 13:00:00,OP0053,M0028,,0.18,2500.0,2600.0,1.8,0,0,9,2,0,20.5,0.644,68.0
2025-07-06 15:00:00,OP0050,M0005,,0.099,1882.0,2078.0,16.1,0,0,3,0,0,26.17,0.862,89.2
2025-07-06 15:00:00,OP0005,M0028,,0.166,1700.0,1954.0,3.1,0,1,3,0,0,18.24,0.727,93.0
2025-07-07 07:00:00,OP0042,M0004,,0.133,1473.0,1701.0,1.6,2,0,6,0,0,15.0,0.953,82.2
2025-07-07 08:00:00,OP0027,M0008,,0.313,1614.0,1924.0,2.5,3,0,5,2,2,16.06,0.618,40.2
2025-07-07 08:00:00,OP0005,M0030,,0.187,1886.0,2213.0,3.7,0,0,8,0,1,25.28,0.613,72.0
2025-07-07 08:00:00,OP0024,M0025,,0.207,1925.0,2130.0,7.4,2,1,4,1,0,12.66,0.697,69.6
2025-07-07 08:00:00,OP0010,M0019,,0.165,2185.0,2322.0,10.5,0,1,5,0,2,9.96,0.885,64.4
2025-07-07 08:00:00,OP0033,M0014,,0.105,1863.0,2059.0,15.9,0,3,4,0,2,21.87,0.948,65.5
2025-07-07 09:00:00,OP0020,M0005,,0.261,1649.0,1862.0,26.3,1,0,8,1,0,21.96,0.485,70.0
2025-07-07 09:00:00,OP0004,M0040,,0.01,1970.0,2159.0,11.1,1,1,5,0,0,9.05,0.884,98.1
2025-07-07 10:00:00,OP0050,M0038,,0.108,1412.0,1797.0,3.8,0,0,7,0,0,12.36,0.739,81.3
2025-07-07 10:00:00,OP0033,M0014,,0.112,1719.0,1961.0,19.0,0,0,6,0,0,25.46,0.953,91.2
2025-07-07 12:00:00,OP0028,M0022,,0.305,1699.0,1913.0,9.5,1,1,7,0,0,30.44,0.942,75.0
2025-07-07 12:00:00,OP0026,M0039,,0.146,1797.0,2036.0,2.7,1,0,5,0,0,13.95,0.873,93.2
2025-07-07 14:00:00,OP0017,M0004,,0.072,2354.0,2600.0,2.3,0,0,7,1,0,11.87,0.837,85.8
2025-07-07 14:00:00,OP0049,M0017,,0.172,1783.0,1989.0,12.2,2,2,7,1,0,14.29,0.914,68.5
2025-07-07 14:00:00,OP0017,M0033,,0.129,2227.0,2600.0,9.7,0,1,7,1,0,8.29,0.862,84.7
2025-07-07 14:07:00,OP0033,M0006,T00235,0.313,1468.0,2217.0,2.2,0,0,0,0,0,6.81,,88.3
2025-07-07 15:00:00,OP0055,M0032,,0.136,1785.0,1889.0,4.3,2,0,5,1,2,17.76,0.82,61.8
2025-07-07 15:00:00,OP0023,M0007,,0.091,2006.0,2118.0,7.0,1,0,6,0,0,12.39,0.459,88.5
2025-07-07 15:00:00,OP0020,M0005,,0.273,1758.0,2049.0,5.8,1,0,7,2,0,33.92,0.469,63.4
2025-07-07 15:00:00,OP0042,M0016,,0.124,2012.0,2191.0,5.3,3,1,6,0,0,10.67,0.782,89.9
2025-07-07 15:00:00,OP0042,M0002,,0.14,1965.0,2362.0,4.6,0,1,6,1,2,14.69,0.823,60.5
2025-07-07 15:00:00,OP0047,M0028,,0.01,2398.0,2600.0,4.3,1,2,5,2,0,14.94,0.616,75.7
2025-07-08 06:00:00,OP0022,M0040,,0.077,2084.0,2321.0,12.7,0,2,6,0,1,20.72,0.695,81.8
2025-07-08 06:00:00,OP0029,M0028,,0.276,1980.0,2140.0,2.5,1,1,6,0,1,20.31,0.306,72.1
2025-07-08 07:00:00,OP0045,M0013,,0.33,2156.0,2433.0,2.4,1,1,6,0,0,13.38,0.611,72.5
2025-07-08 07:00:00,OP0041,M0019,,0.291,2108.0,2292.0,7.6,1,0,10,2,0,11.4,0.752,59.9
2025-07-08 07:00:00,OP0047,M0028,,0.029,2360.0,2506.0,1.2,2,1,5,0,0,18.63,0.775,82.3
2025-07-08 08:00:00,OP0019,M0008,,0.222,1234.0,1406.0,1.1,0,0,7,0,1,16.38,0.779,77.0
2025-07-08 08:00:00,OP0043,M0041,,0.072,1768.0,2143.0,7.3,0,0,4,3,0,3.69,0.933,77.8
2025-07-08 08:11:00,OP0028,M0040,T00558,0.267,1476.0,2112.0,3.1,0,0,30,0,0,13.47,,64.8
2025-07-08 09:00:00,OP0042,M0021,,0.08,2016.0,2232.0,1.7,0,0,5,1,1,7.37,0.809,76.4
2025-07-08 09:02:00,OP0016,M0037,T00777,0.262,1796.0,2552.0,2.1,0,0,8,0,1,9.48,,65.0
2025-07-08 10:00:00,OP0047,M0014,,0.01,2222.0,2600.0,7.8,1,0,2,0,0,23.9,0.862,100.0
2025-07-08 10:00:00,OP0030,M0035,,0.085,1883.0,1993.0,8.0,1,1,8,1,0,12.17,0.676,77.9
2025-07-08 10:00:00,OP0006,M0020,,0.077,2382.0,2483.0,10.7,0,1,10,0,0,10.77,0.976,77.2
2025-07-08 11:00:00,OP0048,M0007,,0.19,1879.0,2279.0,5.2,2,0,7,0,0,11.33,0.682,77.7
2025-07-08 11:00:00,OP0018,M0041,,0.172,1850.0,2165.0,9.7,0,0,3,0,0,11.28,0.535,94.4
2025-07-08 12:48:00,OP0004,M0035,T00524,0.232,1729.0,2361.0,6.1,0,0,14,0,0,12.36,,75.0
2025-07-08 13:00:00,OP0042,M0040,,0.188,1740.0,2097.0,4.3,0,0,8,0,0,10.48,0.832,88.3
2025-07-08 13:00:00,OP0011,M0035,,0.245,1935.0,2127.0,2.4,1,1,5,0,0,8.18,0.615,79.2
2025-07-08 13:00:00,OP0009,M0011,,0.323,2018.0,2195.0,6.3,2,0,5,1,0,7.56,0.787,66.5
2025-07-08 14:00:00,OP0029,M0007,,0.243,2129.0,2428.0,6.0,1,0,4,0,1,6.57,0.482,67.5
2025-07-08 14:55:00,OP0049,M0026,T00431,0.287,1583.0,2279.0,3.5,0,0,32,1,0,10.61,,45.9
2025-07-08 15:00:00,OP0044,M0002,,0.096,2170.0,2271.0,9.3,3,1,5,1,0,21.62,1.078,74.4
2025-07-09 06:00:00,OP0014,M0001,,0.254,1724.0,2052.0,2.3,1,1,4,0,0,17.04,1.014,80.8
2025-07-09 07:59:00,OP0036,M0040,T00377,0.275,1751.0,2527.0,2.8,0,0,34,2,0,15.95,,38.7
2025-07-09 08:00:00,OP0004,M0018,,0.047,1913.0,2312.0,2.8,0,0,11,0,0,6.47,0.887,90.2
2025-07-09 08:00:00,OP0019,M0022,,0.214,1884.0,2036.0,23.6,1,0,6,1,0,21.41,0.562,77.9
2025-07-09 09:00:00,OP0048,M0025,,0.046,1827.0,1956.0,2.5,2,1,5,0,3,17.35,0.862,59.3
2025-07-09 09:00:00,OP0039,M0040,,0.118,2068.0,2196.0,13.7,1,1,4,1,1,13.81,0.86,68.2
2025-07-09 09:00:00,OP0009,M0014,,0.318,1709.0,1876.0,21.8,0,2,8,0,0,18.87,0.79,68.0
2025-07-09 09:00:00,OP0048,M0018,,0.081,1902.0,2174.0,3.0,1,1,7,0,1,16.08,0.741,79.6
2025-07-09 10:00:00,OP0025,M0035,,0.268,1830.0,2176.0,2.0,0,1,8,1,0,15.5,0.947,71.1
2025-07-09 10:00:00,OP0043,M0036,,0.057,1803.0,2144.0,6.2,1,0,5,1,0,11.23,0.872,87.1
2025-07-09 10:00:00,OP0019,M0007,,0.204,1995.0,2147.0,6.5,0,1,8,0,0,8.92,0.514,75.7
2025-07-09 10:00:00,OP0010,M0019,,0.141,2138.0,2460.0,11.4,0,0,7,0,1,4.43,0.772,81.4
2025-07-09 11:00:00,OP0026,M0014,,0.096,2075.0,2325.0,19.4,0,1,8,0,0,26.77,0.76,76.0
2025-07-09 11:00:00,OP0034,M0031,,0.16,1891.0,2040.0,12.1,0,1,7,1,0,23.37,0.995,76.9
2025-07-09 11:00:00,OP0045,M0021,,0.318,2258.0,2433.0,9.5,0,1,5,1,4,15.56,0.476,38.1
2025-07-09 12:00:00,OP0019,M0018,,0.167,1667.0,1799.0,1.3,0,0,7,2,0,11.0,0.457,69.0
2025-07-09 12:00:00,OP0043,M0030,,0.01,1764.0,2155.0,4.5,3,0,6,1,0,10.26,0.847,83.4
2025-07-09 13:00:00,OP0018,M0008,,0.174,1570.0,1730.0,2.2,0,0,9,1,1,19.47,0.806,73.6
2025-07-09 13:43:00,OP0046,M0016,T00612,0.392,1542.0,2358.0,2.0,0,0,12,0,0,7.96,,76.5
2025-07-09 14:00:00,OP0007,M0022,,0.254,1553.0,1676.0,27.1,1,1,5,1,1,13.56,0.637,57.8
2025-07-09 14:00:00,OP0030,M0008,,0.268,1688.0,1925.0,2.4,1,0,6,0,0,11.25,0.741,75.6
2025-07-09 14:00:00,OP0018,M0009,,0.196,1795.0,1895.0,3.8,2,2,10,0,0,8.68,0.811,67.9
2025-07-10 07:00:00,OP0008,M0017,,0.212,2253.0,2600.0,5.7,0,2,3,0,0,13.81,0.501,80.6
2025-07-10 07:00:00,OP0008,M0001,,0.217,2109.0,2281.0,4.4,0,0,4,0,2,8.42,0.431,69.6
2025-07-10 08:00:00,OP0001,M0016,,0.021,1815.0,2170.0,6.5,0,0,7,0,0,6.06,0.715,94.5
2025-07-10 08:00:00,OP0019,M0001,,0.126,1700.0,1926.0,1.9,0,0,8,0,1,10.05,0.445,78.1
2025-07-10 08:00:00,OP0035,M0008,,0.065,1548.0,1858.0,2.5,0,1,2,0,0,16.9,0.881,95.6
2025-07-10 08:00:00,OP0004,M0007,,0.018,2116.0,2288.0,7.6,0,1,8,0,0,6.18,0.844,100.0
2025-07-10 08:00:00,OP0008,M0009,,0.186,2461.0,2600.0,3.3,0,1,6,0,1,14.54,0.306,72.5
2025-07-10 08:50:00,OP0023,M0033,T00614,0.246,1661.0,2260.0,4.9,0,0,2,1,0,11.69,,83.3
2025-07-10 09:00:00,OP0016,M0033,,0.167,1920.0,2280.0,9.6,0,0,6,2,1,14.9,0.8,66.8
2025-07-10 09:50:00,OP0010,M0011,T00117,0.215,1921.0,2735.0,2.5,0,0,8,0,2,9.15,,56.2
2025-07-10 12:00:00,OP0042,M0030,,0.134,1671.0,1772.0,2.7,1,1,9,1,0,9.65,0.936,78.5
2025-07-10 13:00:00,OP0014,M0022,,0.116,1468.0,1646.0,12.4,1,1,3,0,0,13.63,0.877,81.3
2025-07-10 14:00:00,OP0003,M0010,,0.199,1808.0,1988.0,13.7,1,0,4,0,0,12.3,0.723,85.5
2025-07-10 14:00:00,OP0016,M0029,,0.274,1666.0,1878.0,6.0,0,3,12,0,2,30.38,0.969,44.9
2025-07-11 06:00:00,OP0038,M0023,,0.18,1826.0,2012.0,6.4,1,1,2,0,1,8.42,0.384,75.4
2025-07-11 06:00:00,OP0003,M0006,,0.177,2008.0,2160.0,4.4,2,0,4,0,0,5.97,0.584,82.1
2025-07-11 06:00:00,OP0008,M0002,,0.128,2500.0,2600.0,4.7,0,0,7,0,2,10.88,0.436,67.6
2025-07-11 07:00:00,OP0001,M0036,,0.067,1709.0,2069.0,5.6,0,1,6,0,0,10.02,1.087,92.7
2025-07-11 07:00:00,OP0003,M0011,,0.221,2015.0,2265.0,10.3,1,2,9,0,0,4.18,0.685,70.6
2025-07-11 08:00:00,OP0031,M0009,,0.075,1889.0,1990.0,2.4,1,0,9,0,2,12.93,0.761,64.7
2025-07-11 10:00:00,OP0044,M0014,,0.227,1962.0,2149.0,15.1,3,0,9,0,0,23.75,0.967,80.7
2025-07-11 10:00:00,OP0047,M0002,,0.01,2500.0,2600.0,8.2,0,2,5,0,1,14.05,0.718,82.4
2025-07-11 11:00:00,OP0008,M0039,,0.225,2461.0,2600.0,2.0,1,1,5,0,2,16.38,0.506,59.0
2025-07-11 11:00:00,OP0029,M0035,,0.21,2135.0,2317.0,12.2,0,0,6,3,0,7.02,0.727,57.6
2025-07-11 11:00:00,OP0015,M0042,,0.252,1480.0,1707.0,6.5,0,1,3,1,0,13.27,0.372,74.2
2025-07-11 11:00:00,OP0003,M0025,,0.196,1706.0,1879.0,1.7,3,1,7,0,0,18.3,0.677,75.4
2025-07-11 12:00:00,OP0022,M0041,,0.025,1954.0,2089.0,5.8,1,2,7,1,0,8.32,0.841,73.9
2025-07-11 13:00:00,OP0029,M0038,,0.213,2003.0,2317.0,5.9,2,0,7,0,0,10.19,0.747,74.9
2025-07-11 13:39:00,OP0012,M0029,T00562,0.188,1593.0,2047.0,3.1,0,0,49,3,0,21.27,,30.0
2025-07-11 13:42:00,OP0039,M0016,T00552,0.267,1605.0,2260.0,2.4,0,1,17,0,0,8.75,,70.3
2025-07-11 14:00:00,OP0011,M0029,,0.136,1834.0,2004.0,1.4,2,1,6,0,0,24.6,0.685,74.3
2025-07-11 15:00:00,OP0007,M0012,,0.222,1972.0,2165.0,4.7,0,2,2,2,0,24.81,0.483,68.0
2025-07-11 15:00:00,OP0010,M0012,,0.186,1963.0,2113.0,15.8,0,1,5,0,0,28.7,0.791,80.8
2025-07-11 15:12:00,OP0050,M0004,T00189,0.188,1607.0,2152.0,4.4,0,1,13,0,0,11.6,,74.2
2025-07-12 06:00:00,OP0009,M0040,,0.324,1970.0,2161.0,5.0,0,3,10,1,0,17.59,0.483,54.5
2025-07-12 06:00:00,OP0038,M0015,,0.141,1802.0,2109.0,3.5,0,1,6,0,0,22.74,0.491,92.2
2025-07-12 06:00:00,OP0047,M0001,,0.012,2440.0,2600.0,4.6,2,2,6,0,1,18.34,0.89,70.7
2025-07-12 07:00:00,OP0023,M0033,,0.153,2267.0,2500.0,8.1,1,0,7,2,0,10.0,0.363,72.2
2025-07-12 07:00:00,OP0036,M0017,,0.209,2039.0,2395.0,5.0,0,1,11,1,0,9.55,0.544,77.3
2025-07-12 08:00:00,OP0040,M0004,,0.16,1789.0,2016.0,10.8,2,0,4,0,0,10.56,0.674,80.7
2025-07-12 08:00:00,OP0055,M0035,,0.12,1733.0,2039.0,11.1,0,0,8,1,1,11.88,0.871,68.4
2025-07-12 08:00:00,OP0028,M0010,,0.289,1356.0,1689.0,21.6,0,2,6,0,0,25.07,0.959,75.0
2025-07-12 09:00:00,OP0051,M0038,,0.142,1548.0,1899.0,5.3,0,0,10,0,0,26.5,0.824,85.0
2025-07-12 09:00:00,OP0024,M0015,,0.077,1978.0,2093.0,2.6,0,3,6,0,1,19.16,0.805,74.8
2025-07-12 09:00:00,OP0048,M0012,,0.141,1946.0,2135.0,11.6,1,2,14,0,0,14.97,0.557,69.6
2025-07-12 09:00:00,OP0020,M0035,,0.199,1604.0,1976.0,3.8,1,0,2,0,1,7.85,0.601,80.4
2025-07-12 12:00:00,OP0027,M0026,,0.096,1669.0,2017.0,9.1,0,1,6,1,0,14.39,0.741,83.7
2025-07-12 13:00:00,OP0053,M0007,,0.195,2500.0,2600.0,3.9,0,0,7,1,0,6.73,0.911,77.3
2025-07-12 13:00:00,OP0012,M0038,,0.106,1788.0,1920.0,6.1,0,0,4,0,0,16.7,0.974,94.9
2025-07-12 14:00:00,OP0036,M0024,,0.038,2069.0,2194.0,6.7,0,0,4,0,0,21.3,0.52,90.0
2025-07-12 14:00:00,OP0025,M0036,,0.156,1383.0,1548.0,4.2,0,0,5,0,2,25.62,0.848,75.4
2025-07-12 14:27:00,OP0045,M0025,T00812,0.383,1558.0,2434.0,2.7,0,0,34,1,3,13.37,,10.4
2025-07-12 15:00:00,OP0008,M0025,,0.266,2500.0,2600.0,13.6,1,1,7,0,1,21.64,0.491,60.1
2025-07-13 06:00:00,OP0042,M0022,,0.094,1750.0,1926.0,26.5,2,0,3,0,0,22.2,0.868,90.5
2025-07-13 06:00:00,OP0002,M0031,,0.123,2003.0,2269.0,9.5,1,1,2,0,0,21.7,1.038,83.9
2025-07-13 06:40:00,OP0049,M0020,T00307,0.174,1776.0,2334.0,2.2,0,0,7,0,0,8.55,,85.8
2025-07-13 07:00:00,OP0001,M0039,,0.01,1825.0,2177.0,1.2,0,2,2,0,0,13.23,0.911,98.5
2025-07-13 07:00:00,OP0031,M0023,,0.062,1848.0,1973.0,4.1,1,1,6,0,1,12.74,0.808,80.0
2025-07-13 08:00:00,OP0033,M0030,,0.077,1594.0,1850.0,3.0,0,0,5,0,0,22.88,0.987,98.5
2025-07-13 08:00:00,OP0029,M0012,,0.21,1631.0,1738.0,20.1,0,1,9,1,1,11.93,0.418,61.5
2025-07-13 08:00:00,OP0033,M0030,,0.182,1667.0,2008.0,1.0,0,0,5,1,0,7.62,1.145,85.9
2025-07-13 09:00:00,OP0042,M0031,,0.155,1792.0,2121.0,10.6,0,2,5,1,0,9.18,0.699,72.8
2025-07-13 10:00:00,OP0011,M0025,,0.228,1896.0,2160.0,1.7,0,1,8,0,1,16.06,0.614,62.7
2025-07-13 11:00:00,OP0006,M0020,,0.115,2500.0,2600.0,7.1,0,2,3,0,0,8.94,0.992,88.9
2025-07-13 12:00:00,OP0033,M0017,,0.1,1841.0,1960.0,2.3,0,1,5,1,0,11.03,0.995,85.6
2025-07-13 13:00:00,OP0008,M0005,,0.274,2500.0,2600.0,11.9,1,2,7,1,0,18.88,0.434,66.6
2025-07-13 14:00:00,OP0017,M0024,,0.219,2350.0,2583.0,9.3,0,1,8,0,1,14.57,0.936,67.6
2025-07-13 14:00:00,OP0028,M0032,,0.141,1384.0,1783.0,3.1,0,1,7,0,0,12.33,0.931,82.8
2025-07-14 06:00:00,OP0042,M0001,,0.143,1862.0,2251.0,1.2,2,2,7,0,1,10.12,0.659,64.6
2025-07-14 06:00:00,OP0004,M0006,,0.044,2269.0,2447.0,5.6,0,0,6,0,0,6.29,0.971,98.5
2025-07-14 06:00:00,OP0049,M0016,,0.212,1997.0,2145.0,7.1,3,1,7,1,0,8.21,0.731,69.6
2025-07-14 07:00:00,OP0046,M0029,,0.246,1680.0,1828.0,4.3,1,2,6,2,0,25.39,0.634,61.7
2025-07-14 07:00:00,OP0041,M0007,,0.306,2335.0,2600.0,4.6,2,1,6,0,2,7.79,0.607,53.8
2025-07-14 08:00:00,OP0010,M0005,,0.09,2119.0,2424.0,23.3,1,0,5,0,1,18.75,0.825,74.9
2025-07-14 08:00:00,OP0022,M0034,,0.01,1825.0,2058.0,4.4,0,2,8,0,1,15.46,0.805,73.2
2025-07-14 08:00:00,OP0006,M0018,,0.132,2041.0,2370.0,4.8,0,0,8,0,0,9.66,0.795,85.9
2025-07-14 08:00:00,OP0001,M0023,,0.067,2044.0,2277.0,14.2,0,1,2,0,0,7.21,0.861,92.4
2025-07-14 08:00:00,OP0024,M0007,,0.115,1935.0,2141.0,6.1,2,1,4,0,0,7.48,0.575,78.9
2025-07-14 08:29:00,OP0002,M0034,T00483,0.362,1404.0,2149.0,1.3,0,0,12,0,0,13.82,,66.5
2025-07-14 10:00:00,OP0018,M0017,,0.16,1623.0,1995.0,6.7,1,1,11,1,0,6.06,0.893,78.9
2025-07-14 10:15:00,OP0053,M0003,T00080,0.242,2076.0,2949.0,2.2,0,1,39,0,0,27.15,,45.2
2025-07-14 11:00:00,OP0027,M0016,,0.249,1668.0,1942.0,4.2,1,1,2,0,0,9.82,0.815,79.9
2025-07-14 12:00:00,OP0055,M0022,,0.209,1928.0,2142.0,23.2,0,0,3,1,1,20.64,0.671,70.9
2025-07-14 13:00:00,OP0030,M0022,,0.143,1894.0,2167.0,14.8,1,1,6,1,0,28.11,0.824,73.9
2025-07-14 15:00:00,OP0033,M0027,,0.187,1827.0,1988.0,1.9,0,1,4,1,0,19.16,0.804,72.5
2025-07-14 15:00:00,OP0015,M0041,,0.211,1676.0,2072.0,9.8,0,0,5,0,0,11.92,0.386,90.4
2025-07-15 06:00:00,OP0011,M0024,,0.224,1794.0,2140.0,13.0,0,2,4,1,1,19.4,0.635,57.7
2025-07-15 06:00:00,OP0014,M0023,,0.147,1805.0,2183.0,6.7,0,0,6,0,0,7.99,1.016,90.8
2025-07-15 08:00:00,OP0011,M0026,,0.254,1869.0,2222.0,5.7,0,0,8,0,0,11.47,0.558,84.9
2025-07-15 08:00:00,OP0001,M0033,,0.1,1757.0,1896.0,12.4,1,1,5,1,0,7.44,0.935,80.1
2025-07-15 08:00:00,OP0020,M0004,,0.21,1760.0,2091.0,9.5,0,1,0,0,1,12.27,0.426,79.8
2025-07-15 09:00:00,OP0044,M0003,,0.147,1495.0,1763.0,1.9,0,2,9,1,0,20.47,0.939,67.4
2025-07-15 09:00:00,OP0049,M0022,,0.278,2094.0,2292.0,11.9,1,0,4,0,0,33.53,0.703,88.4
2025-07-15 11:00:00,OP0029,M0026,,0.228,1622.0,1974.0,9.7,0,2,5,1,1,5.96,0.441,62.5
2025-07-15 13:00:00,OP0031,M0018,,0.01,2037.0,2267.0,2.8,0,0,8,0,2,9.08,0.607,70.4
2025-07-15 14:00:00,OP0051,M0019,,0.105,1907.0,2164.0,10.7,1,0,6,0,0,9.33,0.863,84.7
2025-07-16 06:00:00,OP0047,M0009,,0.011,1995.0,2111.0,2.8,0,1,4,1,0,12.3,0.903,100.0
2025-07-16 06:00:00,OP0017,M0025,,0.062,2140.0,2394.0,10.5,1,1,2,1,0,18.41,0.585,81.2
2025-07-16 07:00:00,OP0020,M0019,,0.166,1805.0,1952.0,9.9,0,3,7,1,0,5.43,0.447,69.3
2025-07-16 08:00:00,OP0019,M0001,,0.187,1699.0,1835.0,3.3,0,0,5,1,0,11.7,0.427,86.6
2025-07-16 08:00:00,OP0055,M0041,,0.102,1986.0,2302.0,10.5,0,0,5,0,0,11.95,0.902,91.3
2025-07-16 08:00:00,OP0043,M0019,,0.029,1669.0,1995.0,10.3,0,0,8,1,0,7.13,0.897,89.2
2025-07-16 09:00:00,OP0022,M0035,,0.127,1859.0,2169.0,6.9,0,0,9,1,0,15.51,1.0,73.6
2025-07-16 09:00:00,OP0032,M0032,,0.137,1414.0,1794.0,3.9,2,0,7,0,0,11.72,0.706,78.0
2025-07-16 10:00:00,OP0019,M0020,,0.179,1649.0,1768.0,10.1,0,1,9,1,3,12.49,0.421,43.8
2025-07-16 10:00:00,OP0047,M0016,,0.01,2500.0,2600.0,1.6,0,0,6,0,1,6.42,0.923,95.3
2025-07-16 12:00:00,OP0005,M0009,,0.091,1934.0,2173.0,1.9,0,0,8,0,0,7.69,0.605,94.3
2025-07-16 12:00:00,OP0035,M0024,,0.014,1796.0,1987.0,6.0,1,1,5,0,0,8.12,0.767,100.0
2025-07-16 12:00:00,OP0012,M0007,,0.192,1960.0,2266.0,6.2,0,1,4,4,1,5.27,0.795,46.4
2025-07-16 13:00:00,OP0031,M0031,,0.01,2143.0,2469.0,11.1,0,0,8,0,0,12.79,0.664,91.1
2025-07-16 13:00:00,OP0045,M0025,,0.185,2164.0,2328.0,3.1,1,1,6,0,2,13.38,0.611,54.6
2025-07-16 13:00:00,OP0046,M0007,,0.174,1995.0,2380.0,4.9,1,1,3,2,0,13.83,0.722,64.0
2025-07-16 14:00:00,OP0009,M0030,,0.251,1577.0,1880.0,2.1,1,1,6,1,0,19.33,0.655,69.5
2025-07-16 14:33:00,OP0049,M0020,T00213,0.358,1571.0,2453.0,1.9,0,0,19,0,0,7.01,,64.9
2025-07-16 15:00:00,OP0016,M0018,,0.242,1949.0,2345.0,3.1,0,2,3,0,0,12.72,0.941,83.5
2025-07-17 06:05:00,OP0038,M0042,T00200,0.367,1344.0,1963.0,2.1,0,0,48,1,0,16.41,,22.9
2025-07-17 08:00:00,OP0025,M0038,,0.252,1769.0,2160.0,2.3,2,1,5,0,0,13.99,0.869,72.5
2025-07-17 08:00:00,OP0043,M0025,,0.01,1696.0,2004.0,13.6,0,0,4,1,0,8.11,0.96,91.6
2025-07-17 09:00:00,OP0015,M0026,,0.156,1922.0,2251.0,4.9,1,0,7,0,0,12.43,0.3,86.2
2025-07-17 09:00:00,OP0006,M0014,,0.046,2217.0,2484.0,3.2,0,1,5,1,0,20.81,0.937,79.4
2025-07-17 09:00:00,OP0035,M0004,,0.037,1605.0,1969.0,10.6,0,1,9,0,0,9.49,0.76,92.6
2025-07-17 10:00:00,OP0014,M0037,,0.159,2104.0,2442.0,6.9,3,0,4,1,0,8.41,1.005,75.5
2025-07-17 10:00:00,OP0015,M0019,,0.222,1493.0,1597.0,1.0,1,0,8,1,0,11.02,0.3,69.4
2025-07-17 11:00:00,OP0007,M0042,,0.145,1574.0,1677.0,2.9,0,1,5,1,0,19.36,0.4,76.5
2025-07-17 11:00:00,OP0047,M0033,,0.04,2259.0,2395.0,5.3,0,0,5,1,0,8.5,0.85,90.4
2025-07-17 11:00:00,OP0005,M0007,,0.184,1938.0,2296.0,6.7,1,1,5,0,0,14.25,0.687,71.8
2025-07-17 11:00:00,OP0008,M0020,,0.192,2500.0,2600.0,4.2,1,0,8,0,1,12.17,0.373,78.9
2025-07-17 11:22:00,OP0023,M0007,T00817,0.163,1869.0,2460.0,3.0,0,1,6,3,1,10.44,,55.8
2025-07-17 12:00:00,OP0028,M0038,,0.224,1822.0,2073.0,4.6,1,0,8,0,0,20.73,0.813,80.7
2025-07-17 12:00:00,OP0002,M0003,,0.193,1702.0,1954.0,3.6,0,0,11,0,0,21.08,0.969,83.1
2025-07-17 12:00:00,OP0037,M0013,,0.149,2233.0,2600.0,8.3,2,3,6,0,0,10.9,0.739,74.7
2025-07-17 14:00:00,OP0047,M0017,,0.01,2233.0,2508.0,7.0,0,0,12,0,1,10.89,1.007,86.9
2025-07-17 14:00:00,OP0002,M0041,,0.031,1993.0,2342.0,1.7,1,0,7,0,0,10.88,0.922,90.4
2025-07-17 15:00:00,OP0005,M0028,,0.139,1785.0,2064.0,2.1,1,1,7,1,0,10.31,0.683,75.8
2025-07-18 06:00:00,OP0013,M0032,,0.033,1461.0,1722.0,3.6,0,1,4,0,0,18.24,0.49,100.0
2025-07-18 08:00:00,OP0027,M0008,,0.276,1735.0,2078.0,2.3,0,1,7,2,1,8.79,0.859,56.6
2025-07-18 09:19:00,OP0050,M0035,T00744,0.14,1654.0,2147.0,5.9,0,0,21,0,0,11.96,,77.9
2025-07-18 10:00:00,OP0001,M0029,,0.166,1624.0,1860.0,7.1,2,0,6,0,1,11.97,0.8,66.3
2025-07-18 10:00:00,OP0018,M0026,,0.148,1648.0,1764.0,9.4,0,0,9,0,0,10.43,0.631,88.9
2025-07-18 10:00:00,OP0055,M0017,,0.142,1893.0,2008.0,7.2,2,0,7,2,2,16.56,0.865,48.5
2025-07-18 12:00:00,OP0031,M0029,,0.082,1864.0,2247.0,4.2,0,1,8,0,0,20.13,0.806,93.2
2025-07-18 12:00:00,OP0054,M0004,,0.072,1862.0,2146.0,5.6,1,0,5,0,1,15.04,0.613,79.7
2025-07-18 13:00:00,OP0020,M0006,,0.277,1770.0,2114.0,8.5,1,3,5,0,1,7.41,0.572,61.7
2025-07-18 13:00:00,OP0049,M0039,,0.229,2008.0,2337.0,3.0,0,2,7,1,0,17.16,0.538,69.0
2025-07-18 13:00:00,OP0038,M0021,,0.295,2118.0,2388.0,4.9,1,1,4,1,0,6.36,0.592,63.9
2025-07-18 14:00:00,OP0002,M0026,,0.131,1801.0,2140.0,5.4,0,2,4,0,0,16.78,1.023,78.1
2025-07-18 15:00:00,OP0044,M0041,,0.18,2349.0,2579.0,7.2,0,0,5,0,0,5.73,0.941,91.9
2025-07-18 15:00:00,OP0051,M0018,,0.055,1698.0,2078.0,3.7,0,1,5,0,0,18.31,1.039,92.1
2025-07-18 15:00:00,OP0040,M0017,,0.078,1772.0,2168.0,2.7,2,0,5,0,0,10.39,0.764,91.4
2025-07-19 06:00:00,OP0032,M0010,,0.056,2034.0,2382.0,26.4,1,0,5,1,0,17.02,1.027,81.9
2025-07-19 06:00:00,OP0019,M0017,,0.324,1518.0,1896.0,4.9,0,2,5,2,1,18.27,0.439,54.0
2025-07-19 06:07:00,OP0044,M0012,T00093,0.272,1688.0,2365.0,11.8,0,0,7,0,1,22.98,,76.1
2025-07-19 07:00:00,OP0028,M0009,,0.258,1722.0,1914.0,3.8,1,1,7,0,0,21.54,0.976,74.4
2025-07-19 08:00:00,OP0041,M0035,,0.288,1807.0,2186.0,2.7,1,3,8,1,0,14.42,0.838,67.2
2025-07-19 08:00:00,OP0003,M0025,,0.217,1568.0,1942.0,10.7,3,0,9,0,0,7.59,0.878,69.0
2025-07-19 09:00:00,OP0055,M0035,,0.164,1976.0,2315.0,11.5,1,0,3,0,0,5.84,0.761,94.6
2025-07-19 09:00:00,OP0044,M0012,,0.01,1897.0,2251.0,12.8,0,0,9,0,0,22.48,0.81,93.7
2025-07-19 09:00:00,OP0013,M0022,,0.099,1944.0,2119.0,10.4,0,1,8,0,0,22.07,0.719,88.1
2025-07-19 10:00:00,OP0035,M0021,,0.015,1582.0,1755.0,9.2,0,1,8,0,1,13.67,0.913,81.4
2025-07-19 11:00:00,OP0029,M0032,,0.179,1897.0,2172.0,2.0,1,0,7,0,0,27.63,0.504,86.1
2025-07-19 11:00:00,OP0036,M0029,,0.085,2061.0,2260.0,2.4,2,2,4,0,0,24.6,0.41,88.4
2025-07-19 11:00:00,OP0003,M0022,,0.155,1577.0,1977.0,27.2,1,0,8,0,0,30.06,0.669,78.1
2025-07-19 12:00:00,OP0002,M0012,,0.125,1864.0,2105.0,5.6,2,0,4,0,0,13.48,1.0,81.7
2025-07-19 12:00:00,OP0028,M0028,,0.238,1373.0,1663.0,4.5,0,1,4,0,0,9.87,0.912,85.3
2025-07-19 12:00:00,OP0024,M0024,,0.202,2040.0,2308.0,11.3,3,1,4,2,0,23.16,0.766,62.1
2025-07-19 13:00:00,OP0014,M0011,,0.179,1601.0,1843.0,10.5,0,0,6,0,1,8.81,0.809,77.0
2025-07-19 15:00:00,OP0010,M0022,,0.144,2256.0,2499.0,26.7,0,1,6,0,0,13.7,0.812,88.6
2025-07-20 06:00:00,OP0034,M0038,,0.137,1867.0,1975.0,5.4,1,1,4,0,0,10.32,0.942,87.0
2025-07-20 06:00:00,OP0023,M0031,,0.086,1996.0,2349.0,1.0,3,0,6,0,1,18.46,0.431,76.7
2025-07-20 06:00:00,OP0042,M0016,,0.146,1776.0,2115.0,1.9,1,0,9,0,0,7.7,0.801,80.0
2025-07-20 08:00:00,OP0014,M0018,,0.184,1620.0,1825.0,3.1,0,1,10,0,0,16.57,0.989,89.0
2025-07-20 09:00:00,OP0042,M0002,,0.108,1752.0,1969.0,6.2,1,1,5,0,0,19.55,0.536,87.4
2025-07-20 10:00:00,OP0010,M0019,,0.106,2181.0,2463.0,6.3,2,2,3,1,0,8.17,0.864,74.1
2025-07-20 10:00:00,OP0005,M0007,,0.188,1922.0,2222.0,5.3,3,4,5,2,0,7.05,0.775,50.0
2025-07-20 12:00:00,OP0024,M0029,,0.182,1753.0,2087.0,1.9,1,2,8,1,1,12.42,0.804,58.0
2025-07-20 12:00:00,OP0049,M0038,,0.102,1917.0,2119.0,7.2,1,1,7,0,0,23.56,0.814,84.8
2025-07-20 13:00:00,OP0010,M0024,,0.094,2190.0,2460.0,1.6,0,1,6,1,0,18.19,0.75,82.5
2025-07-20 13:00:00,OP0027,M0010,,0.263,1595.0,1861.0,12.5,1,2,3,1,1,19.43,0.658,51.5
2025-07-20 13:15:00,OP0018,M0032,T00169,0.225,1322.0,1775.0,2.7,0,0,32,2,0,16.72,,43.6
2025-07-20 14:00:00,OP0035,M0031,,0.032,1817.0,2123.0,8.8,0,0,5,0,0,16.54,1.087,100.0
2025-07-20 14:00:00,OP0021,M0018,,0.264,1819.0,2203.0,1.6,0,0,9,0,0,14.93,0.91,79.4
2025-07-20 15:00:00,OP0025,M0009,,0.223,1829.0,2125.0,3.5,1,0,4,1,0,23.47,1.013,79.8
2025-07-20 15:00:00,OP0050,M0013,,0.011,1637.0,1807.0,3.9,1,0,6,0,0,8.48,0.854,100.0
2025-07-20 15:00:00,OP0054,M0008,,0.077,1781.0,1971.0,1.9,1,0,4,0,1,20.57,0.637,87.4
2025-07-20 15:44:00,OP0036,M0001,T00415,0.23,1681.0,2329.0,1.2,0,0,1,2,0,17.21,,70.3
2025-07-21 06:00:00,OP0024,M0032,,0.164,1751.0,2148.0,3.2,1,1,3,1,0,22.29,0.763,79.4
2025-07-21 06:00:00,OP0031,M0010,,0.098,1829.0,2107.0,25.0,1,1,4,2,0,23.42,0.544,66.9
2025-07-21 06:00:00,OP0029,M0028,,0.236,1797.0,2046.0,4.8,1,1,4,1,0,14.28,0.426,75.0
2025-07-21 07:00:00,OP0049,M0024,,0.195,2247.0,2366.0,11.9,0,1,6,1,0,13.54,0.798,72.8
2025-07-21 07:00:00,OP0032,M0009,,0.091,1771.0,1991.0,3.0,1,2,4,0,0,17.1,0.866,86.1
2025-07-21 07:00:00,OP0006,M0038,,0.09,1783.0,2120.0,2.3,0,0,6,1,0,23.36,0.893,84.8
2025-07-21 08:00:00,OP0027,M0037,,0.222,1859.0,2192.0,1.6,0,0,2,1,1,10.95,0.561,72.2
2025-07-21 08:00:00,OP0021,M0038,,0.194,1889.0,2057.0,2.3,0,1,1,0,1,9.87,0.957,73.3
2025-07-21 08:00:00,OP0041,M0002,,0.273,1884.0,2008.0,7.0,0,1,10,1,6,13.32,0.896,8.2
2025-07-21 08:54:00,OP0051,M0037,T00758,0.192,1594.0,2135.0,3.1,0,1,16,0,0,8.83,,78.5
2025-07-21 09:00:00,OP0004,M0017,,0.032,1987.0,2138.0,7.9,0,1,4,1,0,9.35,1.088,84.6
2025-07-21 09:00:00,OP0018,M0023,,0.12,1697.0,2022.0,3.1,0,1,5,0,0,16.99,0.764,92.1
2025-07-21 09:00:00,OP0029,M0041,,0.139,1846.0,2139.0,2.6,0,0,4,1,0,12.27,0.593,83.3
2025-07-21 10:00:00,OP0035,M0024,,0.034,1645.0,1965.0,1.7,0,3,6,0,0,17.9,0.924,90.1
2025-07-21 10:00:00,OP0002,M0041,,0.14,2134.0,2465.0,8.4,1,0,4,0,0,10.69,0.917,84.7
2025-07-21 11:00:00,OP0046,M0025,,0.188,1812.0,2159.0,7.3,1,1,5,1,0,7.99,0.543,71.8
2025-07-21 11:00:00,OP0006,M0001,,0.059,2486.0,2600.0,1.4,1,0,4,0,0,14.52,0.962,85.1
2025-07-21 11:00:00,OP0032,M0041,,0.066,1813.0,1989.0,11.9,0,1,6,0,0,7.19,0.906,87.8
2025-07-21 11:58:00,OP0045,M0001,T00179,0.196,1689.0,2290.0,1.7,0,0,16,1,1,16.9,,54.2
2025-07-21 12:00:00,OP0036,M0005,,0.134,2139.0,2433.0,17.7,1,1,9,1,0,30.25,0.544,72.0
2025-07-21 14:00:00,OP0027,M0031,,0.273,1685.0,2063.0,12.0,1,0,7,1,1,9.52,0.669,59.9
2025-07-21 15:00:00,OP0023,M0017,,0.096,1882.0,2015.0,9.9,1,0,8,0,0,16.05,0.489,91.5
2025-07-22 06:00:00,OP0026,M0002,,0.18,1771.0,1968.0,8.5,1,0,7,0,0,17.5,0.847,80.4
2025-07-22 06:00:00,OP0055,M0037,,0.112,2010.0,2308.0,2.9,2,0,9,2,0,6.39,0.775,58.7
2025-07-22 08:00:00,OP0047,M0029,,0.061,2094.0,2466.0,3.3,1,1,2,1,1,14.2,0.947,72.0
2025-07-22 09:00:00,OP0002,M0041,,0.192,2028.0,2196.0,3.6,0,1,8,0,0,7.62,0.895,88.6
2025-07-22 09:00:00,OP0030,M0015,,0.179,1496.0,1665.0,2.5,2,0,5,0,0,19.07,0.73,89.8
2025-07-22 09:00:00,OP0040,M0036,,0.01,2023.0,2413.0,4.4,0,0,8,0,0,19.26,0.627,99.2
2025-07-22 11:00:00,OP0005,M0041,,0.203,1970.0,2149.0,7.6,0,1,11,0,0,9.51,0.675,83.7
2025-07-22 12:00:00,OP0021,M0040,,0.332,2102.0,2391.0,13.1,1,1,6,0,0,17.83,0.771,70.1
2025-07-22 13:00:00,OP0001,M0035,,0.151,1884.0,2281.0,9.2,1,0,3,0,1,6.78,0.745,71.8
2025-07-22 13:00:00,OP0050,M0035,,0.093,1963.0,2222.0,11.2,0,2,10,0,0,13.91,0.923,84.0
2025-07-22 14:00:00,OP0041,M0031,,0.245,1783.0,2147.0,2.0,3,1,4,1,1,24.55,0.584,55.6
2025-07-22 14:00:00,OP0021,M0042,,0.15,1874.0,1989.0,3.4,2,1,4,0,0,13.08,0.835,77.4
2025-07-22 14:00:00,OP0047,M0003,,0.01,2171.0,2439.0,6.5,1,0,5,0,1,21.79,0.927,84.9
2025-07-22 14:42:00,OP0050,M0028,T00504,0.095,1640.0,1978.0,1.5,0,0,2,0,0,16.55,,95.5
2025-07-22 15:00:00,OP0001,M0019,,0.067,1886.0,2192.0,1.2,0,1,7,0,0,8.76,0.877,91.1
2025-07-22 15:00:00,OP0004,M0005,,0.021,2049.0,2174.0,16.7,2,0,8,0,0,23.45,0.87,81.8
2025-07-22 15:00:00,OP0027,M0030,,0.228,1608.0,1801.0,3.1,0,1,9,1,1,11.42,0.667,59.5
2025-07-22 15:00:00,OP0009,M0035,,0.251,1772.0,2126.0,9.1,1,0,7,0,0,15.83,0.815,84.1
2025-07-23 06:00:00,OP0033,M0005,,0.084,1768.0,1898.0,23.2,0,1,4,1,1,18.19,0.985,75.2
2025-07-23 06:00:00,OP0039,M0030,,0.053,1541.0,1738.0,2.3,2,0,8,1,0,10.05,0.893,81.6
2025-07-23 06:00:00,OP0034,M0003,,0.251,1629.0,1956.0,5.9,0,0,7,2,0,14.37,0.762,65.2
2025-07-23 07:00:00,OP0018,M0014,,0.239,1860.0,2152.0,16.1,1,0,5,0,0,24.57,0.662,84.4
2025-07-23 07:00:00,OP0033,M0037,,0.169,1829.0,2159.0,7.4,1,0,7,0,0,10.92,0.903,77.2
2025-07-23 07:39:00,OP0010,M0029,T00673,0.167,1749.0,2301.0,2.6,1,0,13,0,1,23.38,,68.4
2025-07-23 08:00:00,OP0041,M0021,,0.205,1840.0,2043.0,4.0,1,3,8,0,0,15.08,0.758,68.8
2025-07-23 09:00:00,OP0027,M0017,,0.25,1697.0,1805.0,4.5,2,0,4,2,1,6.62,0.625,49.8
2025-07-23 10:00:00,OP0038,M0014,,0.246,1760.0,1868.0,19.9,0,1,8,1,0,17.74,0.332,71.6
2025-07-23 10:54:00,OP0052,M0018,T00580,0.308,1549.0,2316.0,1.3,1,0,5,1,1,14.85,,60.8
2025-07-23 11:00:00,OP0029,M0001,,0.228,1646.0,1917.0,1.8,2,0,6,2,0,23.34,0.61,62.0
2025-07-23 12:00:00,OP0018,M0035,,0.066,1768.0,1915.0,5.3,0,0,9,1,1,15.03,0.709,75.4
2025-07-23 12:00:00,OP0004,M0021,,0.073,1837.0,2234.0,12.3,0,0,8,0,0,13.4,0.884,93.0
2025-07-23 12:00:00,OP0051,M0032,,0.095,1763.0,2051.0,4.4,1,0,8,0,0,18.71,0.895,86.3
2025-07-23 12:00:00,OP0012,M0041,,0.191,1652.0,2012.0,1.9,0,1,6,0,0,10.51,0.868,86.5
2025-07-23 12:00:00,OP0055,M0015,,0.12,1712.0,1990.0,4.2,0,0,6,1,0,13.87,0.758,85.3
2025-07-23 13:00:00,OP0026,M0007,,0.165,2061.0,2308.0,6.6,0,1,5,1,0,8.31,0.726,81.4
2025-07-23 13:00:00,OP0025,M0035,,0.094,1898.0,2191.0,9.6,1,1,1,0,0,12.52,0.915,83.4
2025-07-23 13:00:00,OP0001,M0020,,0.076,1978.0,2253.0,3.7,1,0,8,0,2,6.56,0.787,72.7
2025-07-23 14:00:00,OP0012,M0022,,0.237,1946.0,2075.0,25.6,1,0,9,1,2,15.99,0.765,47.2
2025-07-23 14:00:00,OP0006,M0018,,0.046,2065.0,2185.0,3.3,0,0,4,0,0,19.6,0.822,100.0
2025-07-23 14:00:00,OP0023,M0033,,0.068,2314.0,2572.0,6.9,0,1,4,0,2,14.34,0.412,71.8
2025-07-23 14:57:00,OP0018,M0001,T00026,0.25,1363.0,1871.0,1.5,0,0,11,0,1,13.15,,68.8
2025-07-24 06:00:00,OP0032,M0023,,0.136,1858.0,2219.0,6.4,1,0,4,1,0,16.06,0.923,85.5
2025-07-24 06:00:00,OP0006,M0018,,0.071,1726.0,1894.0,3.7,1,1,12,0,0,21.46,0.82,83.1
2025-07-24 06:00:00,OP0015,M0012,,0.261,1638.0,1979.0,5.3,1,1,8,3,0,12.93,0.381,53.5
2025-07-24 07:00:00,OP0031,M0029,,0.132,1666.0,2013.0,6.4,2,2,5,2,0,28.8,0.675,66.9
2025-07-24 07:00:00,OP0036,M0027,,0.101,2070.0,2426.0,2.7,0,0,5,0,0,8.65,0.424,92.3
2025-07-24 08:00:00,OP0040,M0010,,0.028,1854.0,2077.0,15.0,2,1,3,0,0,26.31,0.737,88.0
2025-07-24 09:00:00,OP0044,M0039,,0.092,1750.0,2078.0,4.6,1,1,2,0,0,18.58,0.902,82.6
2025-07-24 11:00:00,OP0045,M0006,,0.292,2327.0,2501.0,9.5,2,0,3,2,0,11.7,0.379,54.4
2025-07-24 11:00:00,OP0008,M0024,,0.238,2500.0,2600.0,6.3,1,1,9,1,0,7.49,0.466,65.9
2025-07-24 11:00:00,OP0047,M0016,,0.078,2500.0,2600.0,4.6,1,1,4,0,0,12.23,0.985,85.7
2025-07-24 11:00:00,OP0040,M0024,,0.022,2246.0,2457.0,8.6,0,0,5,0,0,10.81,0.768,100.0
2025-07-24 11:00:00,OP0008,M0031,,0.271,2500.0,2600.0,4.6,0,0,8,1,2,16.63,0.388,50.4
2025-07-24 12:00:00,OP0036,M0029,,0.151,1850.0,2044.0,2.2,0,1,7,0,0,26.25,0.409,82.3
2025-07-24 12:00:00,OP0018,M0018,,0.189,2083.0,2307.0,4.2,1,2,7,2,0,15.9,0.625,65.7
2025-07-24 12:00:00,OP0014,M0024,,0.12,2070.0,2423.0,13.6,3,2,3,0,0,15.58,1.026,77.9
2025-07-24 12:00:00,OP0029,M0028,,0.198,1652.0,1790.0,2.7,1,0,5,0,1,24.68,0.383,79.2
2025-07-24 14:00:00,OP0020,M0024,,0.237,1546.0,1836.0,10.2,1,1,12,1,0,14.8,0.502,60.0
2025-07-24 14:00:00,OP0023,M0026,,0.169,1897.0,2286.0,4.1,2,0,3,1,0,11.88,0.514,79.3
2025-07-24 14:52:00,OP0049,M0027,T00450,0.215,1563.0,2116.0,1.3,0,0,3,2,0,15.96,,75.8
2025-07-25 06:00:00,OP0048,M0039,,0.16,1548.0,1840.0,2.3,1,0,9,0,0,16.69,0.794,80.4
2025-07-25 06:00:00,OP0015,M0042,,0.291,1484.0,1785.0,4.4,1,1,7,0,0,20.4,0.3,69.1
2025-07-25 06:00:00,OP0034,M0003,,0.259,1198.0,1541.0,5.9,1,2,4,0,1,26.96,0.742,59.6
2025-07-25 07:00:00,OP0001,M0035,,0.099,1964.0,2077.0,1.7,2,1,10,0,0,14.53,0.85,77.0
2025-07-25 07:00:00,OP0034,M0027,,0.277,1880.0,2267.0,2.4,2,2,7,0,0,15.04,1.056,69.5
2025-07-25 07:00:00,OP0035,M0015,,0.079,1446.0,1765.0,2.8,0,3,7,0,1,18.95,0.778,80.8
2025-07-25 07:00:00,OP0029,M0002,,0.276,1952.0,2282.0,14.4,2,1,5,1,1,8.7,0.4,53.1
2025-07-25 08:00:00,OP0030,M0030,,0.132,1735.0,2086.0,1.9,0,0,4,0,0,15.26,0.803,92.8
2025-07-25 08:00:00,OP0007,M0013,,0.256,1749.0,1908.0,8.8,2,0,7,1,0,7.19,0.709,66.5
2025-07-25 09:00:00,OP0001,M0017,,0.043,1883.0,2268.0,8.7,2,0,12,0,0,5.61,1.052,79.9
2025-07-25 10:00:00,OP0018,M0038,,0.117,1491.0,1701.0,1.2,0,0,1,0,0,19.62,0.606,98.7
2025-07-25 10:00:00,OP0048,M0017,,0.194,1849.0,2042.0,6.8,1,0,2,0,1,8.49,0.657,83.7
2025-07-25 10:00:00,OP0006,M0008,,0.131,1902.0,2056.0,4.6,1,0,4,0,0,11.82,0.909,85.3
2025-07-25 11:00:00,OP0055,M0030,,0.177,1627.0,1907.0,3.5,1,0,4,1,1,13.93,0.739,72.8
2025-07-25 11:00:00,OP0030,M0025,,0.196,2201.0,2375.0,12.6,2,0,7,1,0,13.36,0.66,68.4
2025-07-25 11:53:00,OP0014,M0023,T00177,0.237,1585.0,2222.0,2.4,1,0,20,2,2,14.1,,27.7
2025-07-25 12:00:00,OP0028,M0020,,0.299,1868.0,2166.0,8.8,1,1,6,0,0,5.55,0.872,79.9
2025-07-25 12:00:00,OP0029,M0032,,0.199,2056.0,2250.0,1.7,1,2,4,2,0,16.3,0.595,65.5
2025-07-25 13:00:00,OP0043,M0021,,0.083,1765.0,2128.0,9.7,1,0,3,1,1,5.91,0.945,66.0
2025-07-25 14:00:00,OP0016,M0026,,0.125,2006.0,2327.0,2.7,0,2,0,0,1,6.28,0.818,79.8
2025-07-25 14:00:00,OP0026,M0010,,0.088,1766.0,2137.0,7.3,1,0,4,1,0,17.76,0.972,84.2
2025-07-25 14:00:00,OP0010,M0014,,0.068,2224.0,2399.0,19.3,0,0,8,0,0,11.23,0.716,93.8
2025-07-25 15:00:00,OP0006,M0017,,0.037,2214.0,2491.0,1.9,1,0,9,1,0,8.06,0.895,87.0
2025-07-25 15:00:00,OP0009,M0041,,0.367,1629.0,1841.0,9.9,0,1,8,3,0,7.1,0.776,46.7
2025-07-25 15:00:00,OP0051,M0026,,0.175,1885.0,2285.0,10.7,1,0,3,0,0,7.84,0.981,83.3
2025-07-25 15:00:00,OP0031,M0013,,0.082,1860.0,2081.0,4.3,0,1,4,1,0,8.98,0.66,86.8
2025-07-25 15:00:00,OP0014,M0023,,0.119,1601.0,1923.0,5.7,1,0,7,0,1,8.08,0.824,84.8
2025-07-25 15:00:00,OP0021,M0014,,0.268,2204.0,2549.0,4.3,0,1,4,0,1,31.43,0.972,70.8
2025-07-26 06:00:00,OP0053,M0041,,0.162,2500.0,2600.0,10.7,1,2,8,0,0,5.49,0.702,77.0
2025-07-26 06:00:00,OP0006,M0036,,0.04,1879.0,2243.0,2.4,0,1,9,0,0,16.59,0.804,82.3
2025-07-26 06:00:00,OP0045,M0017,,0.186,1880.0,2259.0,7.7,0,1,5,1,2,7.5,0.478,61.6
2025-07-26 07:00:00,OP0026,M0005,,0.15,2123.0,2290.0,26.9,1,1,5,1,0,31.67,0.707,78.2
2025-07-26 07:00:00,OP0041,M0019,,0.321,1969.0,2203.0,9.3,0,0,6,1,1,8.67,0.752,65.7
2025-07-26 07:00:00,OP0023,M0038,,0.235,1751.0,1993.0,5.5,1,1,6,1,1,14.13,0.489,58.5
2025-07-26 07:00:00,OP0005,M0040,,0.217,1939.0,2121.0,8.5,0,2,5,1,0,10.62,0.761,82.1
2025-07-26 07:00:00,OP0003,M0007,,0.165,1655.0,2024.0,1.4,0,0,5,0,0,5.93,0.706,91.2
2025-07-26 08:00:00,OP0055,M0028,,0.156,1927.0,2138.0,2.0,0,1,4,2,0,12.39,0.517,71.5
2025-07-26 11:41:00,OP0016,M0012,T00660,0.342,1589.0,2369.0,13.1,0,1,6,0,0,21.97,,77.8
2025-07-26 12:00:00,OP0024,M0002,,0.187,1828.0,2148.0,3.2,1,0,5,0,1,18.89,0.711,72.5
2025-07-26 12:00:00,OP0004,M0020,,0.037,1975.0,2298.0,11.3,1,2,5,0,0,5.24,0.843,85.7
2025-07-26 13:00:00,OP0003,M0031,,0.156,1557.0,1858.0,9.2,1,2,6,0,0,13.2,0.635,77.6
2025-07-26 13:00:00,OP0018,M0035,,0.114,1792.0,1917.0,1.9,1,1,6,0,0,14.87,0.437,92.2
2025-07-27 06:00:00,OP0049,M0029,,0.256,1980.0,2164.0,5.8,4,1,7,1,0,12.89,0.7,52.1
2025-07-27 06:00:00,OP0052,M0021,,0.226,1799.0,2170.0,11.2,1,3,8,1,0,10.77,0.773,63.1
2025-07-27 07:00:00,OP0017,M0025,,0.166,2142.0,2381.0,2.8,1,0,1,1,1,17.3,0.886,66.0
2025-07-27 07:00:00,OP0018,M0006,,0.097,1771.0,1977.0,9.0,0,1,4,0,0,8.22,0.788,95.1
2025-07-27 07:00:00,OP0047,M0040,,0.019,2500.0,2600.0,12.1,2,0,7,0,0,12.77,0.924,89.6
2025-07-27 07:00:00,OP0002,M0026,,0.231,1592.0,1960.0,3.0,0,1,6,0,0,9.79,0.703,77.2
2025-07-27 07:00:00,OP0014,M0029,,0.111,1820.0,1989.0,3.2,0,1,5,0,0,9.56,0.829,87.5
2025-07-27 07:08:00,OP0051,M0029,T00279,0.358,1283.0,1857.0,2.2,0,0,13,0,0,14.97,,64.3
2025-07-27 07:15:00,OP0024,M0019,T00246,0.248,1659.0,2468.0,2.6,0,0,11,0,0,8.1,,75.3
2025-07-27 09:00:00,OP0047,M0035,,0.05,2423.0,2600.0,8.1,0,0,3,0,0,14.77,0.962,98.9
2025-07-27 10:00:00,OP0022,M0002,,0.11,2006.0,2127.0,2.7,0,0,8,1,0,9.79,0.697,78.3
2025-07-27 14:00:00,OP0019,M0042,,0.165,1659.0,1818.0,2.5,0,1,12,3,0,16.25,0.542,55.4
2025-07-27 14:00:00,OP0045,M0035,,0.232,1795.0,2180.0,3.9,0,0,7,0,0,10.64,0.692,87.8
2025-07-27 15:00:00,OP0005,M0009,,0.106,1680.0,2006.0,2.6,2,1,3,1,0,9.37,0.582,74.3
2025-07-27 15:00:00,OP0001,M0036,,0.116,1746.0,2074.0,2.8,0,1,7,0,0,27.44,0.875,88.9
2025-07-27 15:00:00,OP0035,M0030,,0.03,1379.0,1603.0,3.8,0,1,7,0,0,22.24,1.053,93.2
2025-07-27 15:00:00,OP0049,M0013,,0.218,2397.0,2600.0,3.0,1,3,7,0,1,11.36,0.59,62.8
2025-07-28 06:00:00,OP0053,M0036,,0.14,2500.0,2600.0,4.4,0,0,3,0,1,27.69,0.87,72.9
2025-07-28 06:00:00,OP0008,M0022,,0.312,2500.0,2600.0,15.3,3,0,5,0,2,18.8,0.336,50.4
2025-07-28 07:00:00,OP0006,M0019,,0.01,2259.0,2365.0,9.9,0,0,4,0,0,8.58,0.728,99.3
2025-07-28 08:00:00,OP0039,M0040,,0.102,1980.0,2334.0,2.7,1,0,4,2,1,9.11,0.872,65.2
2025-07-28 09:00:00,OP0047,M0027,,0.01,2289.0,2458.0,2.8,1,1,6,0,0,19.78,0.698,91.1
2025-07-28 09:00:00,OP0034,M0018,,0.223,1520.0,1755.0,3.1,1,1,5,0,0,22.8,0.732,79.4
2025-07-28 09:00:00,OP0043,M0011,,0.056,1908.0,2252.0,5.8,1,4,2,0,1,10.51,0.804,70.1
2025-07-28 11:00:00,OP0005,M0024,,0.187,1890.0,2101.0,13.4,0,1,6,1,0,16.11,0.655,73.8
2025-07-28 11:00:00,OP0035,M0001,,0.026,1466.0,1747.0,1.9,0,2,2,0,0,5.77,0.975,99.7
2025-07-28 11:00:00,OP0055,M0023,,0.193,1994.0,2378.0,4.0,0,1,5,0,0,19.21,0.812,84.2
2025-07-28 11:00:00,OP0027,M0018,,0.231,1733.0,2025.0,2.4,0,0,6,1,1,9.3,0.688,73.0
2025-07-28 11:13:00,OP0021,M0034,T00500,0.284,1504.0,2137.0,1.3,0,0,12,0,0,15.23,,78.0
2025-07-28 12:00:00,OP0022,M0039,,0.063,1843.0,1990.0,1.6,1,0,9,0,1,15.23,1.027,82.2
2025-07-28 12:00:00,OP0014,M0025,,0.072,1805.0,2199.0,8.6,2,2,6,0,0,18.29,0.847,78.9
2025-07-28 13:00:00,OP0004,M0019,,0.047,2101.0,2466.0,10.3,0,1,11,0,0,10.43,0.9,86.7
2025-07-28 13:00:00,OP0028,M0002,,0.226,1738.0,2040.0,14.6,0,1,7,0,0,15.01,1.024,82.8
2025-07-28 13:00:00,OP0040,M0022,,0.079,2006.0,2141.0,24.8,0,0,6,0,0,17.74,0.909,95.3
2025-07-28 14:00:00,OP0044,M0040,,0.13,2121.0,2299.0,6.6,0,0,3,0,0,20.9,0.817,91.2
2025-07-28 15:00:00,OP0044,M0029,,0.189,2103.0,2354.0,2.4,1,2,3,1,0,27.0,0.938,70.4
2025-07-29 06:00:00,OP0024,M0017,,0.226,1733.0,1905.0,7.0,1,0,4,1,0,13.7,0.647,74.6
2025-07-29 06:00:00,OP0051,M0005,,0.168,1699.0,2077.0,22.5,0,1,4,0,0,26.18,0.896,96.6
2025-07-29 06:00:00,OP0049,M0031,,0.158,1925.0,2234.0,13.2,1,0,1,0,0,22.94,0.799,93.0
2025-07-29 06:00:00,OP0046,M0025,,0.265,2104.0,2400.0,3.8,1,2,6,2,1,22.32,0.584,48.8
2025-07-29 07:00:00,OP0011,M0024,,0.211,1898.0,2285.0,1.8,0,0,2,0,1,12.13,0.744,75.4
2025-07-29 08:00:00,OP0038,M0032,,0.251,1684.0,1937.0,6.0,0,2,5,1,1,17.19,0.638,64.2
2025-07-29 08:57:00,OP0014,M0040,T00099,0.111,1712.0,2235.0,4.3,0,0,9,2,0,16.23,,72.9
2025-07-29 09:00:00,OP0044,M0008,,0.146,1861.0,2179.0,1.1,1,1,7,0,0,20.33,0.896,89.6
2025-07-29 09:00:00,OP0038,M0003,,0.158,1687.0,1908.0,5.2,1,0,6,0,0,16.2,0.751,89.0
2025-07-29 10:00:00,OP0007,M0022,,0.23,1659.0,1915.0,2.2,0,0,6,3,1,21.41,0.574,53.7
2025-07-29 10:00:00,OP0053,M0024,,0.221,2500.0,2600.0,14.5,0,1,5,0,0,7.98,0.804,86.5
2025-07-29 11:00:00,OP0049,M0019,,0.267,1722.0,2092.0,4.5,0,0,3,1,1,11.47,0.634,69.3
2025-07-29 11:00:00,OP0030,M0024,,0.108,1925.0,2109.0,4.3,0,2,4,0,0,18.15,0.881,86.7
2025-07-29 12:00:00,OP0016,M0007,,0.292,2339.0,2466.0,6.7,0,1,4,2,0,12.41,0.899,61.7
2025-07-29 13:00:00,OP0010,M0024,,0.026,2095.0,2323.0,12.2,0,2,9,0,0,10.86,1.033,90.9
2025-07-29 14:00:00,OP0007,M0002,,0.085,1690.0,2047.0,10.3,0,2,7,0,0,8.32,0.48,94.4
2025-07-29 15:00:00,OP0018,M0040,,0.181,2034.0,2247.0,9.4,0,2,5,1,0,14.78,0.799,80.0
2025-07-29 15:00:00,OP0006,M0008,,0.112,2031.0,2303.0,3.8,0,1,8,0,0,18.3,0.821,87.2
2025-07-29 15:00:00,OP0018,M0015,,0.21,1771.0,1873.0,3.8,0,1,3,0,0,23.83,0.648,86.2
2025-07-29 15:18:00,OP0034,M0002,T00221,0.2,1552.0,2142.0,3.1,0,0,14,1,1,14.53,,63.3
2025-07-30 06:00:00,OP0037,M0015,,0.166,2237.0,2441.0,4.4,1,1,2,0,0,8.47,0.712,82.1
2025-07-30 06:00:00,OP0033,M0028,,0.123,1645.0,1778.0,4.7,1,0,4,0,0,16.61,1.0,87.2
2025-07-30 06:00:00,OP0001,M0007,,0.074,2098.0,2323.0,5.9,2,0,5,0,0,12.97,0.825,96.6
2025-07-30 06:00:00,OP0006,M0041,,0.033,2189.0,2581.0,5.0,2,0,7,1,0,9.18,0.847,86.4
2025-07-30 06:00:00,OP0040,M0012,,0.073,2166.0,2368.0,27.2,1,0,3,0,0,20.82,0.701,90.6
2025-07-30 06:00:00,OP0020,M0011,,0.233,1975.0,2161.0,4.4,0,5,8,1,1,9.94,0.505,50.0
2025-07-30 08:00:00,OP0054,M0031,,0.061,1934.0,2080.0,6.8,2,0,7,0,0,13.48,0.707,79.9
2025-07-30 08:00:00,OP0017,M0007,,0.152,2442.0,2598.0,4.0,1,0,8,1,2,5.32,0.794,46.0
2025-07-30 08:00:00,OP0041,M0030,,0.333,1852.0,2152.0,4.4,1,0,5,0,2,11.12,0.867,53.7
2025-07-30 09:00:00,OP0009,M0017,,0.248,1518.0,1840.0,10.2,0,2,8,2,0,9.73,0.835,61.8
2025-07-30 09:00:00,OP0044,M0005,,0.089,1951.0,2262.0,22.7,0,1,7,1,0,16.57,0.918,79.6
2025-07-30 09:00:00,OP0011,M0025,,0.293,1675.0,1842.0,5.4,1,0,10,1,0,18.99,0.545,71.3
2025-07-30 09:00:00,OP0041,M0032,,0.266,1663.0,1764.0,5.3,0,0,5,0,1,25.79,0.704,73.8
2025-07-30 09:00:00,OP0013,M0040,,0.055,2087.0,2328.0,9.9,0,1,3,1,1,7.21,0.786,75.1
2025-07-30 09:37:00,OP0046,M0011,T00572,0.167,1846.0,2535.0,1.9,0,0,8,1,2,8.85,,64.7
2025-07-30 10:00:00,OP0037,M0024,,0.201,2444.0,2600.0,7.1,0,0,6,0,0,9.71,0.537,94.4
2025-07-30 12:00:00,OP0054,M0031,,0.022,1875.0,2175.0,3.2,0,0,9,0,0,16.4,0.663,92.0
2025-07-30 13:00:00,OP0024,M0005,,0.168,1712.0,1848.0,8.6,1,2,4,0,0,19.23,0.852,81.1
2025-07-30 13:00:00,OP0002,M0012,,0.168,1958.0,2148.0,16.6,0,1,4,0,0,29.91,0.935,92.9
2025-07-30 13:00:00,OP0046,M0010,,0.195,2167.0,2306.0,20.5,1,1,6,1,1,22.46,0.655,66.1
2025-07-30 14:00:00,OP0001,M0036,,0.064,1814.0,2109.0,4.2,1,2,5,1,1,19.15,1.045,70.1
2025-07-30 15:00:00,OP0038,M0041,,0.257,1981.0,2150.0,6.6,1,1,11,2,0,10.43,0.647,52.2
2025-07-30 15:45:00,OP0042,M0035,T00234,0.149,1624.0,2128.0,5.0,0,0,9,0,0,11.58,,94.1
2025-07-31 06:00:00,OP0045,M0041,,0.291,2102.0,2476.0,8.8,1,1,5,0,4,6.43,0.651,32.4
2025-07-31 06:00:00,OP0020,M0021,,0.272,1754.0,2149.0,2.3,0,1,4,1,0,12.12,0.579,70.3
2025-07-31 09:00:00,OP0036,M0029,,0.158,2125.0,2242.0,1.6,2,1,5,3,0,16.81,0.308,59.7
2025-07-31 09:00:00,OP0028,M0024,,0.205,1497.0,1637.0,4.0,0,0,6,0,0,13.23,0.909,84.3
2025-07-31 10:00:00,OP0046,M0009,,0.238,1914.0,2174.0,3.7,0,1,10,0,3,12.44,0.444,53.1
2025-07-31 10:00:00,OP0023,M0041,,0.075,2292.0,2600.0,9.3,3,0,5,3,0,8.3,0.415,60.5
2025-07-31 10:00:00,OP0038,M0032,,0.22,1771.0,1924.0,6.4,0,1,3,1,0,14.6,0.615,72.5
2025-07-31 11:00:00,OP0005,M0040,,0.156,2029.0,2303.0,6.9,1,1,2,0,0,9.6,0.784,86.5
2025-07-31 12:00:00,OP0027,M0019,,0.276,1684.0,1986.0,1.2,0,0,7,0,1,10.19,0.759,66.4
2025-07-31 13:00:00,OP0031,M0037,,0.042,2081.0,2291.0,4.3,0,1,2,1,0,4.33,0.589,87.5
2025-07-31 13:00:00,OP0055,M0027,,0.2,1849.0,2109.0,4.5,0,0,1,1,0,23.73,0.685,77.3
2025-07-31 13:00:00,OP0027,M0031,,0.332,1673.0,2038.0,3.7,1,0,3,1,0,19.53,0.681,73.2
2025-07-31 13:00:00,OP0022,M0001,,0.151,2061.0,2164.0,1.9,1,1,9,1,1,20.65,0.934,67.7
2025-07-31 13:00:00,OP0021,M0004,,0.069,1889.0,2130.0,13.1,1,2,7,0,0,6.47,0.752,86.0
2025-07-31 13:00:00,OP0005,M0012,,0.19,1817.0,1919.0,11.7,0,0,10,2,1,26.45,0.485,58.0
2025-07-31 14:00:00,OP0009,M0027,,0.348,1791.0,2015.0,3.1,0,0,4,2,0,22.07,0.632,64.1
2025-07-31 14:00:00,OP0054,M0018,,0.019,1983.0,2357.0,4.7,0,0,10,0,1,9.65,0.857,85.6
2025-07-31 14:00:00,OP0027,M0009,,0.211,1676.0,1922.0,3.5,1,1,5,1,0,8.61,0.686,79.4
2025-07-31 15:00:00,OP0004,M0036,,0.058,1525.0,1755.0,5.6,0,0,4,0,1,16.45,0.997,89.9
2025-07-31 15:00:00,OP0022,M0022,,0.117,1997.0,2314.0,19.3,2,0,5,0,0,14.05,0.704,85.1
2025-08-01 07:00:00,OP0016,M0034,,0.252,1917.0,2198.0,2.7,0,1,5,0,0,8.08,0.57,84.5
2025-08-01 07:00:00,OP0038,M0013,,0.21,1797.0,2152.0,6.3,0,0,8,0,0,11.96,0.716,85.2
2025-08-01 07:00:00,OP0014,M0020,,0.157,1932.0,2218.0,4.7,2,0,6,0,0,8.69,1.088,79.4
2025-08-01 08:00:00,OP0048,M0025,,0.057,1968.0,2259.0,10.2,0,0,3,0,0,7.28,0.847,91.7
2025-08-01 08:00:00,OP0014,M0010,,0.153,1650.0,1978.0,2.3,2,1,5,0,0,13.19,0.712,88.4
2025-08-01 09:00:00,OP0002,M0041,,0.099,1993.0,2117.0,6.4,1,0,6,0,0,6.16,0.961,86.6
2025-08-01 09:00:00,OP0047,M0003,,0.01,2304.0,2600.0,4.6,0,1,7,3,0,22.49,1.078,68.8
2025-08-01 09:00:00,OP0049,M0010,,0.205,1828.0,2052.0,11.2,1,0,8,0,0,26.4,0.749,84.8
2025-08-01 10:00:00,OP0028,M0014,,0.215,1713.0,2005.0,28.4,0,2,4,0,0,14.62,0.708,78.6
2025-08-01 10:00:00,OP0012,M0031,,0.071,2156.0,2284.0,6.9,0,0,12,1,0,10.72,0.606,86.4
2025-08-01 10:13:00,OP0011,M0004,T00563,0.417,1372.0,2193.0,2.5,0,0,6,0,1,8.97,,62.4
2025-08-01 11:39:00,OP0051,M0016,T00725,0.237,1567.0,2089.0,2.2,0,0,8,0,0,8.33,,81.3
2025-08-01 12:00:00,OP0039,M0036,,0.031,1631.0,1950.0,3.8,2,2,9,1,0,19.63,0.73,72.2
2025-08-01 12:00:00,OP0004,M0002,,0.135,2190.0,2290.0,13.0,1,1,4,0,0,9.39,0.764,85.8
2025-08-01 13:00:00,OP0022,M0017,,0.01,1968.0,2255.0,2.9,3,1,1,1,0,12.22,0.799,73.5
2025-08-01 13:00:00,OP0043,M0016,,0.059,2082.0,2386.0,8.3,0,1,4,0,0,9.07,0.946,85.3
2025-08-01 13:00:00,OP0026,M0020,,0.155,2149.0,2327.0,4.0,1,1,12,1,0,8.27,0.772,72.5
2025-08-01 13:17:00,OP0052,M0038,T00165,0.283,1556.0,2196.0,2.1,1,0,25,2,0,18.69,,42.9
2025-08-01 14:00:00,OP0020,M0034,,0.263,1565.0,1940.0,4.5,1,1,4,1,0,18.54,0.481,72.3
2025-08-01 14:26:00,OP0026,M0042,T00687,0.287,1468.0,2054.0,2.4,0,0,12,0,1,19.1,,68.2
2025-08-01 15:00:00,OP0010,M0004,,0.152,2248.0,2389.0,12.9,1,0,5,2,0,11.07,0.742,72.0
2025-08-01 15:00:00,OP0005,M0033,,0.132,1813.0,2046.0,7.9,0,2,3,1,0,13.74,0.609,79.5
2025-08-01 15:00:00,OP0009,M0007,,0.285,2109.0,2331.0,5.8,4,2,4,1,1,6.91,0.833,44.8
2025-08-01 15:00:00,OP0001,M0020,,0.01,1922.0,2185.0,11.7,0,2,6,0,0,5.2,1.017,89.0
2025-08-01 15:36:00,OP0011,M0037,T00622,0.225,1686.0,2301.0,2.6,0,0,12,2,1,9.47,,57.4
2025-08-02 06:00:00,OP0007,M0027,,0.132,1831.0,2172.0,4.3,2,0,5,0,0,9.0,0.561,83.1
2025-08-02 07:00:00,OP0050,M0001,,0.108,1632.0,1869.0,1.4,1,0,6,0,0,7.79,0.986,88.8
2025-08-02 08:00:00,OP0020,M0034,,0.224,1537.0,1662.0,1.9,2,0,11,1,0,22.25,0.612,59.8
2025-08-02 08:00:00,OP0019,M0037,,0.175,1906.0,2298.0,5.2,1,1,6,1,0,9.3,0.459,79.7
2025-08-02 09:00:00,OP0013,M0021,,0.125,1873.0,2217.0,10.1,1,2,4,1,0,9.92,0.474,75.0
2025-08-02 09:46:00,OP0024,M0020,T00662,0.221,1749.0,2468.0,2.1,0,0,24,1,0,8.42,,64.7
2025-08-02 10:00:00,OP0002,M0009,,0.175,1778.0,1904.0,2.4,4,0,6,0,0,7.36,0.907,69.4
2025-08-02 10:00:00,OP0033,M0030,,0.076,1673.0,1812.0,2.9,2,1,14,0,1,8.18,0.825,69.9
2025-08-02 11:00:00,OP0036,M0026,,0.057,2305.0,2600.0,6.8,0,1,9,0,0,7.39,0.554,91.0
2025-08-02 11:00:00,OP0004,M0030,,0.01,1805.0,2194.0,4.2,1,0,9,1,0,9.21,0.843,80.3
2025-08-02 12:00:00,OP0005,M0035,,0.218,1870.0,2198.0,9.3,0,4,6,0,0,7.9,0.563,77.3
2025-08-02 12:00:00,OP0034,M0042,,0.245,1639.0,2039.0,3.2,1,1,2,0,0,14.51,0.956,81.1
2025-08-02 14:00:00,OP0039,M0021,,0.088,1765.0,1967.0,5.9,1,1,6,1,1,6.12,1.042,68.5
2025-08-02 14:00:00,OP0005,M0039,,0.224,2050.0,2164.0,4.5,0,0,3,0,0,13.28,0.613,85.7
2025-08-02 14:00:00,OP0009,M0020,,0.279,1656.0,1910.0,6.9,2,0,5,0,0,8.08,0.635,75.4
2025-08-02 15:00:00,OP0050,M0018,,0.187,1776.0,1886.0,1.0,1,0,10,0,0,21.91,0.794,79.5
2025-08-02 15:00:00,OP0003,M0042,,0.207,1494.0,1767.0,2.4,0,2,7,0,0,28.86,0.717,80.6
2025-08-02 15:00:00,OP0013,M0012,,0.03,2093.0,2283.0,8.9,0,0,6,0,0,15.41,0.695,100.0
2025-08-03 06:00:00,OP0049,M0002,,0.185,2338.0,2600.0,11.1,0,0,10,0,0,11.68,0.701,85.5
2025-08-03 06:00:00,OP0013,M0019,,0.073,2048.0,2368.0,2.8,1,2,4,2,1,4.04,0.611,61.4
2025-08-03 09:00:00,OP0041,M0002,,0.246,2037.0,2428.0,3.8,0,1,8,0,0,20.03,0.855,84.5
2025-08-03 09:00:00,OP0052,M0021,,0.252,1733.0,2055.0,9.0,1,1,7,0,0,17.08,0.718,68.8
2025-08-03 09:00:00,OP0035,M0035,,0.087,1497.0,1893.0,11.8,0,2,7,0,0,10.96,0.876,84.7
2025-08-03 09:00:00,OP0004,M0041,,0.01,1982.0,2150.0,9.6,1,0,6,0,0,6.94,0.796,97.8
2025-08-03 10:00:00,OP0054,M0025,,0.082,1929.0,2259.0,14.4,0,0,5,0,0,9.91,0.832,96.2
2025-08-03 10:00:00,OP0044,M0004,,0.226,1991.0,2203.0,9.5,1,0,3,0,0,6.84,0.921,79.8
2025-08-03 10:00:00,OP0007,M0017,,0.153,1786.0,2031.0,12.5,0,0,6,0,1,16.24,0.43,83.3
2025-08-03 11:00:00,OP0011,M0027,,0.217,1787.0,2113.0,1.9,1,0,5,0,0,22.24,0.657,86.0
2025-08-03 12:00:00,OP0019,M0010,,0.214,1846.0,2166.0,11.8,2,2,3,2,0,32.34,0.547,57.1
2025-08-03 12:00:00,OP0005,M0033,,0.148,1997.0,2186.0,1.2,2,1,6,1,0,7.94,0.688,73.4
2025-08-03 13:00:00,OP0036,M0030,,0.08,2234.0,2549.0,2.3,0,0,11,2,0,20.46,0.417,75.5
2025-08-03 13:00:00,OP0009,M0038,,0.233,1779.0,2002.0,6.6,0,1,6,2,0,15.26,0.598,67.7
2025-08-03 13:00:00,OP0052,M0038,,0.314,2139.0,2451.0,1.1,1,1,5,1,0,23.49,0.594,65.0
2025-08-03 14:00:00,OP0026,M0021,,0.113,1814.0,2187.0,2.0,0,1,10,0,0,9.6,1.046,85.4
2025-08-03 14:00:00,OP0024,M0041,,0.145,1531.0,1716.0,4.5,0,1,7,0,0,7.27,0.502,90.8
2025-08-03 15:46:00,OP0051,M0029,T00535,0.229,1388.0,1849.0,2.8,1,1,22,0,0,17.9,,62.1
2025-08-04 06:00:00,OP0047,M0007,,0.028,2317.0,2600.0,6.0,0,0,5,1,0,7.03,1.021,84.4
2025-08-04 06:00:00,OP0046,M0006,,0.296,2294.0,2600.0,2.2,0,2,5,0,2,8.55,0.364,52.1
2025-08-04 06:13:00,OP0037,M0031,T00755,0.325,1871.0,2911.0,3.4,0,0,29,1,1,16.65,,40.3
2025-08-04 08:00:00,OP0054,M0029,,0.01,1963.0,2106.0,3.7,0,0,6,0,1,16.66,0.675,90.3
2025-08-04 08:00:00,OP0027,M0011,,0.296,1804.0,1931.0,3.3,0,1,5,2,2,5.74,0.892,36.4
2025-08-04 08:00:00,OP0030,M0026,,0.162,1682.0,1968.0,12.4,0,2,5,1,0,8.57,0.825,74.0
2025-08-04 08:48:00,OP0044,M0024,T00814,0.371,1596.0,2526.0,2.9,0,0,11,1,0,14.67,,63.4
2025-08-04 09:00:00,OP0051,M0035,,0.126,1761.0,1863.0,2.8,0,0,4,0,0,12.89,1.04,92.5
2025-08-04 10:00:00,OP0037,M0027,,0.132,2283.0,2600.0,4.4,1,2,6,1,1,19.25,0.532,65.4
2025-08-04 11:00:00,OP0031,M0007,,0.01,2262.0,2391.0,4.8,1,2,5,0,2,8.03,0.663,71.1
2025-08-04 11:00:00,OP0021,M0025,,0.245,2005.0,2235.0,4.6,0,1,7,0,1,11.47,1.011,74.7
2025-08-04 11:00:00,OP0018,M0030,,0.203,1571.0,1720.0,3.1,0,1,5,0,0,21.81,0.583,87.8
2025-08-04 11:00:00,OP0019,M0037,,0.278,1860.0,2085.0,4.1,0,0,9,0,1,12.48,0.614,69.9
2025-08-04 11:00:00,OP0001,M0029,,0.047,1688.0,2022.0,6.8,0,1,9,0,1,16.77,0.715,85.1
2025-08-04 11:00:00,OP0010,M0015,,0.16,2326.0,2600.0,2.5,0,0,10,0,0,15.7,0.892,90.3
2025-08-04 11:00:00,OP0047,M0039,,0.01,2085.0,2329.0,4.6,2,0,0,0,1,6.99,0.971,81.6
2025-08-04 11:00:00,OP0040,M0020,,0.01,1914.0,2073.0,9.6,0,1,7,0,0,8.28,0.575,96.1
2025-08-04 11:24:00,OP0032,M0027,T00072,0.283,1472.0,2100.0,1.2,0,1,8,0,0,15.0,,80.0
2025-08-04 12:00:00,OP0055,M0012,,0.166,1890.0,2005.0,22.2,0,0,7,0,1,23.44,0.771,81.3
2025-08-04 14:00:00,OP0046,M0033,,0.225,1746.0,2049.0,11.1,2,0,4,1,0,15.45,0.591,76.3
2025-08-04 14:00:00,OP0007,M0015,,0.156,1720.0,2014.0,4.7,0,2,7,0,0,23.88,0.467,77.5
2025-08-04 14:00:00,OP0032,M0019,,0.141,1929.0,2105.0,4.9,0,0,2,0,0,5.83,0.896,86.0
2025-08-04 14:16:00,OP0016,M0008,T00842,0.254,1630.0,2330.0,1.6,0,0,23,0,1,16.39,,55.7
2025-08-04 15:00:00,OP0048,M0031,,0.123,2085.0,2223.0,13.4,1,0,9,0,1,18.94,0.572,68.3
2025-08-05 06:00:00,OP0019,M0030,,0.296,1648.0,1807.0,1.1,1,2,6,3,0,8.44,0.482,37.9
2025-08-05 07:00:00,OP0043,M0037,,0.074,1812.0,2198.0,1.1,0,1,7,0,0,11.74,1.026,85.6
2025-08-05 07:00:00,OP0010,M0022,,0.112,2030.0,2375.0,28.6,2,2,9,0,0,27.69,0.75,80.1
2025-08-05 08:00:00,OP0020,M0035,,0.19,1543.0,1726.0,5.6,0,0,8,2,0,6.89,0.476,70.2
2025-08-05 08:00:00,OP0006,M0014,,0.052,2237.0,2600.0,22.4,2,1,5,0,0,12.51,0.784,86.3
2025-08-05 08:00:00,OP0009,M0035,,0.283,1794.0,1921.0,10.6,0,1,5,2,0,6.92,0.72,63.6
2025-08-05 08:00:00,OP0005,M0007,,0.18,2278.0,2474.0,3.4,1,3,10,1,0,11.45,0.713,65.3
2025-08-05 09:00:00,OP0005,M0017,,0.235,1633.0,1885.0,2.1,2,0,7,0,1,10.99,0.446,66.8
2025-08-05 10:00:00,OP0038,M0014,T00225,0.283,1519.0,2187.0,12.2,0,1,15,2,0,20.18,,52.7
2025-08-05 11:00:00,OP0044,M0037,,0.149,2309.0,2571.0,7.8,0,1,12,0,0,11.78,0.98,75.6
2025-08-05 11:00:00,OP0006,M0003,,0.206,2088.0,2408.0,4.0,1,2,6,0,0,12.01,0.942,80.2
2025-08-05 11:16:00,OP0002,M0017,T00750,0.41,1406.0,2145.0,1.7,0,0,1,0,0,9.04,,77.3
2025-08-05 13:00:00,OP0045,M0019,,0.263,1931.0,2132.0,9.3,1,1,10,1,1,5.0,0.804,55.8
2025-08-05 13:00:00,OP0052,M0009,,0.201,1970.0,2112.0,2.4,1,1,7,2,0,15.34,0.572,59.5
2025-08-05 15:00:00,OP0005,M0024,,0.174,1943.0,2228.0,6.6,0,1,11,1,0,18.08,0.5,70.6
2025-08-05 15:00:00,OP0046,M0019,,0.164,2025.0,2156.0,8.2,1,2,5,1,0,5.33,0.498,77.3
2025-08-05 15:00:00,OP0031,M0039,,0.047,2066.0,2418.0,3.9,0,1,7,0,0,18.18,0.858,93.7
2025-08-05 15:00:00,OP0006,M0002,,0.079,2455.0,2600.0,13.1,1,0,5,1,0,21.75,1.112,90.2
2025-08-05 15:00:00,OP0027,M0017,,0.309,1403.0,1788.0,1.2,0,0,8,2,1,8.25,0.721,53.4
2025-08-06 08:00:00,OP0016,M0012,,0.271,2079.0,2464.0,26.7,0,1,1,0,0,32.93,0.991,78.2
2025-08-06 08:00:00,OP0039,M0042,,0.131,1701.0,1953.0,3.9,1,1,5,3,0,27.26,0.629,59.6
2025-08-06 08:00:00,OP0049,M0029,,0.134,1541.0,1925.0,5.9,1,1,2,0,0,21.72,0.695,84.1
2025-08-06 08:00:00,OP0031,M0029,,0.049,1649.0,1871.0,2.5,1,0,4,2,0,12.53,0.628,80.5
2025-08-06 09:00:00,OP0013,M0029,,0.036,1636.0,2032.0,5.9,1,0,5,1,0,20.38,0.596,81.8
2025-08-06 10:00:00,OP0007,M0016,,0.133,1771.0,2082.0,5.2,1,0,6,1,0,8.09,0.641,74.2
2025-08-06 12:00:00,OP0047,M0018,,0.049,2453.0,2600.0,1.6,0,1,7,1,0,11.77,0.891,86.7
2025-08-06 12:00:00,OP0030,M0005,,0.152,1983.0,2114.0,5.8,0,4,5,1,0,22.96,0.816,78.2
2025-08-06 13:00:00,OP0051,M0029,,0.147,1565.0,1957.0,1.8,2,1,5,0,0,15.87,0.786,80.4
2025-08-06 13:00:00,OP0045,M0021,,0.29,1712.0,1969.0,3.7,1,0,6,1,0,11.61,0.664,70.9
2025-08-06 13:00:00,OP0009,M0025,,0.304,1691.0,1922.0,13.9,0,0,4,1,0,15.99,0.49,82.3
2025-08-06 14:00:00,OP0037,M0003,,0.097,2359.0,2600.0,4.5,0,2,3,0,0,15.77,0.651,83.2
2025-08-06 14:00:00,OP0009,M0011,,0.267,1829.0,1958.0,2.9,0,1,9,2,0,8.09,0.559,61.1
2025-08-06 14:00:00,OP0053,M0033,,0.106,2500.0,2600.0,5.3,1,1,6,0,0,7.78,0.725,84.8
2025-08-06 15:00:00,OP0028,M0005,,0.187,1671.0,1830.0,28.5,0,0,6,0,0,20.09,0.767,92.3
2025-08-06 15:00:00,OP0022,M0031,,0.01,1980.0,2165.0,6.1,0,1,5,0,1,14.41,0.94,83.3
2025-08-07 06:00:00,OP0017,M0016,,0.125,2167.0,2416.0,4.6,0,2,5,0,0,11.56,0.812,89.3
2025-08-07 06:00:00,OP0019,M0013,,0.201,1984.0,2231.0,3.8,2,0,8,0,0,5.8,0.335,78.6
2025-08-07 06:00:00,OP0014,M0031,,0.132,1860.0,2249.0,1.0,1,0,9,0,1,19.0,0.888,74.8
2025-08-07 06:00:00,OP0033,M0019,,0.14,1669.0,1936.0,11.6,0,0,3,0,0,6.42,0.973,88.0
2025-08-07 07:00:00,OP0004,M0005,,0.12,1513.0,1839.0,24.8,0,0,3,0,0,14.41,0.804,96.3
2025-08-07 07:00:00,OP0025,M0021,,0.113,1744.0,2119.0,9.6,1,2,6,2,0,14.78,0.975,62.0
2025-08-07 07:00:00,OP0032,M0030,,0.08,1722.0,1954.0,4.1,0,3,3,1,0,20.0,1.021,78.2
2025-08-07 08:00:00,OP0040,M0031,,0.128,1814.0,2147.0,10.5,2,1,9,0,0,10.46,0.643,79.9
2025-08-07 08:00:00,OP0024,M0015,,0.188,1588.0,1775.0,4.3,0,0,2,0,0,11.19,0.576,81.3
2025-08-07 08:00:00,OP0038,M0015,,0.241,1768.0,1976.0,3.8,2,1,3,0,0,12.6,0.484,73.7
2025-08-07 09:00:00,OP0049,M0034,,0.102,1693.0,1984.0,2.0,0,0,3,0,0,16.11,0.689,90.7
2025-08-07 09:00:00,OP0013,M0035,,0.132,2168.0,2437.0,3.4,0,1,7,0,0,7.4,0.549,85.3
2025-08-07 10:00:00,OP0007,M0034,,0.208,1548.0,1804.0,3.3,1,1,6,0,0,12.83,0.587,83.0
2025-08-07 11:00:00,OP0048,M0002,,0.109,2195.0,2545.0,11.0,0,0,4,0,0,8.74,0.732,91.1
2025-08-07 11:00:00,OP0042,M0020,,0.168,1599.0,1870.0,8.4,0,1,3,0,0,10.94,0.772,87.2
2025-08-07 11:05:00,OP0034,M0042,T00102,0.15,1443.0,1863.0,2.4,0,0,18,0,0,19.0,,73.9
2025-08-07 12:00:00,OP0026,M0033,,0.178,1939.0,2133.0,10.8,0,1,5,0,0,9.48,1.087,86.9
2025-08-07 13:00:00,OP0004,M0038,,0.043,1864.0,2206.0,2.4,2,1,2,0,0,12.62,0.946,85.7
2025-08-07 13:00:00,OP0039,M0024,,0.051,1942.0,2338.0,4.5,1,1,10,0,0,11.21,0.772,86.4
2025-08-07 13:00:00,OP0017,M0010,,0.131,2099.0,2406.0,27.6,1,2,6,0,0,23.52,0.8,79.8
2025-08-07 14:00:00,OP0033,M0029,,0.07,1333.0,1643.0,1.8,0,0,6,0,0,15.45,0.897,87.5
2025-08-08 06:00:00,OP0024,M0038,,0.051,1678.0,1916.0,5.2,1,0,7,1,0,20.96,0.814,87.9
2025-08-08 06:00:00,OP0045,M0014,,0.355,2155.0,2455.0,3.7,1,1,6,1,0,34.72,0.438,59.9
2025-08-08 06:11:00,OP0048,M0028,T00827,0.175,1581.0,2113.0,1.5,0,0,12,0,1,16.01,,75.8
2025-08-08 07:00:00,OP0051,M0025,,0.188,1965.0,2288.0,1.9,0,0,4,1,0,8.42,0.908,76.7
2025-08-08 07:00:00,OP0035,M0006,,0.01,1849.0,2157.0,9.4,2,2,6,0,0,9.32,1.12,82.4
2025-08-08 07:00:00,OP0040,M0037,,0.048,2034.0,2182.0,1.7,0,1,10,0,0,6.21,0.877,90.1
2025-08-08 09:00:00,OP0030,M0011,,0.223,1754.0,2078.0,8.6,2,0,6,0,0,8.93,0.815,83.6
2025-08-08 09:00:00,OP0023,M0024,,0.276,2056.0,2415.0,14.0,1,1,8,2,1,11.21,0.548,48.4
2025-08-08 10:00:00,OP0015,M0031,,0.296,1730.0,1922.0,12.2,1,0,4,1,0,14.47,0.36,74.6
2025-08-08 10:00:00,OP0004,M0005,,0.055,1964.0,2252.0,13.5,2,1,8,0,0,11.85,1.058,83.5
2025-08-08 11:00:00,OP0014,M0012,,0.191,1892.0,2112.0,25.2,0,0,11,1,0,29.1,0.957,75.1
2025-08-08 11:00:00,OP0041,M0010,,0.37,2136.0,2381.0,18.7,1,0,5,0,0,35.17,0.675,68.7
2025-08-08 11:00:00,OP0024,M0036,,0.177,1774.0,2079.0,6.7,2,0,7,2,0,10.81,0.912,65.4
2025-08-08 12:00:00,OP0003,M0020,,0.294,1674.0,1797.0,10.5,2,0,5,0,0,7.07,0.719,72.3
2025-08-08 12:00:00,OP0004,M0007,,0.09,2125.0,2452.0,4.2,2,0,7,0,0,12.48,0.8,87.1
2025-08-08 12:00:00,OP0003,M0015,,0.202,1772.0,1875.0,2.5,1,1,7,0,0,8.8,0.813,79.1
2025-08-08 12:18:00,OP0040,M0033,T00787,0.33,1513.0,2136.0,3.1,0,0,1,0,0,10.38,,84.3
2025-08-08 13:00:00,OP0048,M0014,,0.215,1955.0,2305.0,22.9,2,0,10,0,0,28.54,0.742,69.7
2025-08-08 14:00:00,OP0048,M0036,,0.141,1384.0,1578.0,3.2,1,0,7,0,0,19.66,0.701,82.6
2025-08-08 15:00:00,OP0032,M0023,,0.171,1833.0,2166.0,8.9,1,0,3,1,0,7.87,0.905,74.8
2025-08-08 15:00:00,OP0034,M0007,,0.234,1393.0,1568.0,7.2,0,1,3,0,0,8.9,0.914,84.6
2025-08-08 15:00:00,OP0007,M0002,,0.279,1573.0,1936.0,2.8,0,0,5,4,0,13.05,0.529,51.9
2025-08-08 15:00:00,OP0008,M0037,,0.291,2423.0,2600.0,1.5,0,0,6,0,2,12.5,0.529,54.9
2025-08-09 06:00:00,OP0041,M0010,,0.245,2069.0,2379.0,17.3,0,0,6,0,0,29.13,0.949,85.9
2025-08-09 06:00:00,OP0037,M0037,,0.078,2158.0,2469.0,1.7,2,1,9,0,0,8.9,0.514,86.2
2025-08-09 06:07:00,OP0002,M0042,T00480,0.362,1381.0,1960.0,1.8,0,0,19,0,0,16.82,,65.1
2025-08-09 07:00:00,OP0052,M0034,,0.202,2055.0,2284.0,4.5,2,1,10,1,0,19.61,0.637,68.5
2025-08-09 07:00:00,OP0031,M0007,,0.01,2076.0,2218.0,1.4,1,0,4,0,1,10.98,0.551,85.2
2025-08-09 08:00:00,OP0038,M0003,,0.171,2025.0,2302.0,4.9,3,0,4,1,0,25.42,0.792,73.3
2025-08-09 08:00:00,OP0006,M0002,,0.109,2500.0,2600.0,10.4,1,0,7,0,0,11.78,0.716,85.8
2025-08-09 08:00:00,OP0016,M0030,,0.253,2114.0,2358.0,1.2,0,0,2,1,0,20.75,0.829,81.9
2025-08-09 09:00:00,OP0038,M0013,,0.196,1982.0,2115.0,8.0,1,2,11,2,1,5.7,0.703,53.4
2025-08-09 09:00:00,OP0027,M0009,,0.126,1392.0,1771.0,4.7,0,0,3,2,0,10.93,0.634,75.1
2025-08-09 09:00:00,OP0007,M0042,,0.277,1941.0,2135.0,3.2,2,0,2,0,0,28.93,0.72,73.8
2025-08-09 12:00:00,OP0026,M0031,,0.082,1956.0,2320.0,3.2,1,1,7,1,0,8.79,0.819,84.6
2025-08-09 14:00:00,OP0028,M0003,,0.248,1649.0,1916.0,5.8,0,0,7,0,0,23.16,0.975,85.8
2025-08-09 14:00:00,OP0008,M0002,,0.219,2500.0,2600.0,11.8,1,2,7,1,0,20.26,0.495,69.7
2025-08-09 14:00:00,OP0040,M0007,,0.105,1963.0,2066.0,6.7,1,0,9,0,0,13.0,0.722,88.9
2025-08-09 15:00:00,OP0048,M0031,,0.13,1955.0,2061.0,4.2,0,1,6,0,0,14.72,0.862,88.6
2025-08-09 15:00:00,OP0021,M0025,,0.207,1550.0,1820.0,9.0,0,3,5,0,0,8.8,0.725,79.9
2025-08-09 15:47:00,OP0041,M0014,T00051,0.485,1325.0,2197.0,8.3,0,0,23,1,0,15.53,,42.5
2025-08-10 06:00:00,OP0019,M0014,,0.179,1631.0,1962.0,11.3,0,1,5,0,0,31.34,0.36,91.3
2025-08-10 06:00:00,OP0012,M0022,,0.151,1833.0,2079.0,9.9,0,2,5,1,1,11.99,0.728,61.0
2025-08-10 06:00:00,OP0003,M0039,,0.188,1585.0,1949.0,1.2,2,0,10,0,0,9.43,0.757,75.1
2025-08-10 06:00:00,OP0011,M0017,,0.204,1822.0,2004.0,8.9,3,1,6,1,0,6.04,0.542,62.9
2025-08-10 06:00:00,OP0047,M0015,,0.01,2244.0,2386.0,2.3,0,0,6,0,1,12.96,0.934,91.2
2025-08-10 07:00:00,OP0010,M0003,,0.163,2076.0,2241.0,5.1,1,1,3,0,0,14.3,0.915,77.7
2025-08-10 07:00:00,OP0044,M0020,,0.125,2012.0,2129.0,6.0,0,0,3,0,0,3.84,0.904,100.0
2025-08-10 07:00:00,OP0050,M0010,,0.087,1813.0,2201.0,19.5,1,0,7,0,0,27.22,0.858,85.8
2025-08-10 08:00:00,OP0004,M0019,,0.013,2030.0,2317.0,1.8,1,1,6,0,0,6.12,0.799,90.2
2025-08-10 08:00:00,OP0023,M0022,,0.202,1998.0,2189.0,15.5,1,2,10,0,0,21.74,0.392,70.9
2025-08-10 08:00:00,OP0048,M0025,,0.147,1980.0,2297.0,8.7,0,0,6,0,0,22.59,0.816,79.6
2025-08-10 09:00:00,OP0001,M0035,,0.116,1535.0,1706.0,11.7,0,0,8,0,0,5.92,0.841,84.8
2025-08-10 09:00:00,OP0055,M0002,,0.122,1804.0,2170.0,5.2,2,2,8,0,2,11.49,0.846,56.0
2025-08-10 12:00:00,OP0051,M0017,,0.184,1535.0,1869.0,12.0,1,3,4,0,0,8.23,1.007,73.4
2025-08-10 12:00:00,OP0007,M0010,,0.271,1824.0,2196.0,10.5,0,2,7,0,0,20.3,0.625,70.4
2025-08-10 12:01:00,OP0010,M0030,T00654,0.296,1661.0,2416.0,1.6,0,0,21,0,0,16.51,,67.7
2025-08-10 13:00:00,OP0041,M0032,,0.277,1760.0,1873.0,3.0,2,0,3,0,0,29.16,0.814,82.4
2025-08-10 14:00:00,OP0015,M0019,,0.141,1760.0,1894.0,5.8,0,0,7,1,0,7.16,0.3,81.4
2025-08-10 15:00:00,OP0049,M0015,,0.219,1954.0,2070.0,4.4,2,1,7,1,0,13.07,0.752,69.1
2025-08-10 15:35:00,OP0013,M0026,T00326,0.196,1665.0,2199.0,4.1,0,0,33,1,0,10.96,,55.0
2025-08-11 06:00:00,OP0044,M0017,,0.112,2001.0,2159.0,10.5,1,0,3,1,0,11.09,0.91,82.4
2025-08-11 06:00:00,OP0049,M0041,,0.271,1936.0,2164.0,2.0,1,0,7,0,0,5.2,0.927,82.5
2025-08-11 07:00:00,OP0019,M0016,,0.176,1908.0,2298.0,7.1,0,1,9,0,2,6.41,0.401,64.3
2025-08-11 07:00:00,OP0051,M0018,,0.155,1361.0,1570.0,2.2,0,0,11,0,0,8.13,0.921,89.9
2025-08-11 08:54:00,OP0041,M0032,T00004,0.467,1273.0,2039.0,1.7,0,0,11,1,2,14.93,,32.8
2025-08-11 09:00:00,OP0047,M0030,,0.079,2310.0,2600.0,1.0,2,0,11,0,0,10.5,0.877,83.1
2025-08-11 09:00:00,OP0037,M0005,,0.246,2237.0,2398.0,12.9,2,1,6,0,0,25.64,0.696,74.2
2025-08-11 10:00:00,OP0048,M0017,,0.095,1957.0,2102.0,3.5,0,0,9,0,0,9.8,0.714,86.8
2025-08-11 11:00:00,OP0013,M0028,,0.152,1784.0,2173.0,3.4,2,1,7,1,0,11.44,0.761,75.0
2025-08-11 11:00:00,OP0039,M0006,,0.018,1975.0,2251.0,8.4,2,1,5,1,1,6.78,0.78,74.2
2025-08-11 11:00:00,OP0012,M0039,,0.212,1885.0,2047.0,1.5,1,1,9,0,0,19.55,0.87,82.1
2025-08-11 12:00:00,OP0001,M0038,,0.056,1723.0,1886.0,2.3,1,1,8,0,0,20.55,0.787,89.1
2025-08-11 12:00:00,OP0001,M0041,,0.062,2090.0,2476.0,4.5,1,0,7,0,2,6.01,0.978,73.8
2025-08-11 12:00:00,OP0008,M0026,,0.237,2500.0,2600.0,4.0,2,1,5,0,0,17.83,0.565,75.0
2025-08-11 12:00:00,OP0037,M0005,,0.128,2181.0,2430.0,7.3,2,1,7,0,0,25.23,0.662,78.2
2025-08-11 13:00:00,OP0003,M0021,,0.216,1549.0,1748.0,7.7,2,0,9,0,0,12.67,0.821,75.9
2025-08-11 14:00:00,OP0033,M0018,,0.125,1623.0,1973.0,4.2,1,0,4,1,0,6.96,0.884,79.3
2025-08-11 14:00:00,OP0002,M0021,,0.129,2064.0,2253.0,4.1,1,0,5,0,0,16.36,0.881,85.4
2025-08-11 14:00:00,OP0024,M0034,,0.196,1589.0,1749.0,4.4,1,1,5,0,0,19.25,0.546,80.7
2025-08-11 14:00:00,OP0046,M0035,,0.267,1709.0,1910.0,8.3,0,0,5,0,1,10.62,0.608,76.2
2025-08-11 15:35:00,OP0035,M0006,T00054,0.224,1542.0,2116.0,2.3,0,0,2,0,0,7.59,,90.2
2025-08-12 06:00:00,OP0011,M0002,,0.267,1760.0,2156.0,11.7,0,0,8,0,1,23.11,0.734,73.0
2025-08-12 06:00:00,OP0054,M0001,,0.01,1802.0,1974.0,4.1,0,0,4,0,0,19.1,0.549,100.0
2025-08-12 06:00:00,OP0039,M0012,,0.142,1830.0,2108.0,17.7,0,1,6,2,0,25.43,0.878,72.9
2025-08-12 07:00:00,OP0005,M0019,,0.295,2002.0,2367.0,4.1,0,1,4,1,0,10.95,0.687,75.3
2025-08-12 07:00:00,OP0006,M0011,,0.047,2145.0,2452.0,3.7,0,0,1,1,0,10.82,0.973,91.4
2025-08-12 07:00:00,OP0004,M0007,,0.058,2097.0,2284.0,7.5,0,0,7,0,0,12.58,0.813,94.6
2025-08-12 10:00:00,OP0008,M0019,,0.179,2500.0,2600.0,11.0,0,2,5,0,1,8.18,0.542,75.9
2025-08-12 11:00:00,OP0026,M0013,,0.178,1702.0,1930.0,1.5,0,0,10,0,0,4.35,0.965,84.8
2025-08-12 14:00:00,OP0050,M0020,,0.038,1809.0,1966.0,6.2,0,1,4,0,0,3.66,0.997,89.5
2025-08-12 14:00:00,OP0014,M0018,,0.205,1829.0,2023.0,4.5,2,1,6,1,1,20.43,0.849,67.4
2025-08-12 15:00:00,OP0019,M0041,,0.229,1982.0,2134.0,11.6,0,1,2,1,1,12.84,0.438,65.6
2025-08-12 15:00:00,OP0048,M0001,,0.225,1653.0,1825.0,3.0,0,0,3,1,0,9.29,0.668,81.4
2025-08-13 06:00:00,OP0008,M0010,,0.208,2500.0,2600.0,24.2,1,1,7,2,1,12.62,0.396,57.8
2025-08-13 06:00:00,OP0028,M0031,,0.221,1775.0,2105.0,9.9,2,0,5,0,0,13.51,0.948,89.5
2025-08-13 07:00:00,OP0003,M0038,,0.278,1639.0,1876.0,6.1,2,1,11,0,0,21.6,0.566,62.0
2025-08-13 09:00:00,OP0017,M0008,,0.117,2064.0,2221.0,2.3,0,2,3,1,0,18.28,0.844,74.1
2025-08-13 09:00:00,OP0011,M0004,,0.183,2238.0,2420.0,5.0,0,2,1,0,0,12.5,0.605,83.1
2025-08-13 10:00:00,OP0049,M0017,,0.165,1925.0,2253.0,6.6,1,0,5,2,0,5.6,0.724,68.7
2025-08-13 11:00:00,OP0039,M0004,,0.084,1832.0,1966.0,3.7,1,0,7,1,0,6.29,0.879,71.8
2025-08-13 11:00:00,OP0007,M0012,,0.168,1824.0,1947.0,18.6,0,0,5,0,0,31.44,0.662,90.4
2025-08-13 11:00:00,OP0042,M0021,,0.131,1779.0,2141.0,12.4,1,0,5,0,1,14.08,0.862,74.9
2025-08-13 11:00:00,OP0008,M0024,,0.201,2500.0,2600.0,2.1,3,0,5,0,0,12.13,0.485,77.5
2025-08-13 11:00:00,OP0021,M0014,,0.142,1713.0,1989.0,6.1,2,0,6,0,0,18.84,0.936,83.2
2025-08-13 11:00:00,OP0018,M0026,,0.239,1640.0,2026.0,4.1,1,1,7,0,2,11.04,0.733,58.2
2025-08-13 12:00:00,OP0011,M0028,,0.219,1907.0,2183.0,3.3,0,2,7,1,1,7.68,0.717,62.0
2025-08-13 12:00:00,OP0014,M0009,,0.128,1783.0,2108.0,3.2,0,1,6,1,0,6.5,1.002,84.7
2025-08-13 13:00:00,OP0022,M0042,,0.038,1843.0,2065.0,5.5,0,5,4,0,1,13.96,0.808,67.7
2025-08-13 13:00:00,OP0013,M0021,,0.064,1842.0,2192.0,12.7,0,1,2,1,1,6.39,0.615,81.6
2025-08-13 13:00:00,OP0005,M0028,,0.219,2033.0,2320.0,2.0,1,0,3,0,0,8.37,0.734,85.2
2025-08-13 13:00:00,OP0001,M0025,,0.152,2005.0,2134.0,5.1,2,1,1,1,0,9.44,0.796,74.0
2025-08-13 13:00:00,OP0024,M0040,,0.116,1945.0,2238.0,4.1,0,0,9,0,0,20.97,0.712,88.1
2025-08-13 13:00:00,OP0015,M0031,,0.208,1698.0,1996.0,4.0,0,1,4,0,0,7.44,0.514,79.9
2025-08-13 13:13:00,OP0031,M0002,T00502,0.167,1864.0,2519.0,4.3,1,0,26,2,0,17.82,,51.0
2025-08-13 14:00:00,OP0033,M0018,,0.187,1658.0,1884.0,2.5,1,1,10,0,0,16.79,0.928,76.8
2025-08-13 14:00:00,OP0048,M0039,,0.118,2145.0,2311.0,1.8,0,0,4,0,1,8.82,0.85,92.5
2025-08-13 15:00:00,OP0023,M0024,,0.075,1808.0,2018.0,1.8,0,1,5,1,0,13.41,0.3,81.0
2025-08-13 15:05:00,OP0034,M0021,T00651,0.194,1524.0,2049.0,6.3,2,0,9,0,0,10.3,,76.2
2025-08-14 06:00:00,OP0046,M0035,,0.242,2068.0,2173.0,5.4,1,2,6,1,0,13.17,0.536,65.6
2025-08-14 06:00:00,OP0040,M0013,,0.09,1979.0,2212.0,1.1,1,1,5,0,0,8.53,0.93,84.2
2025-08-14 06:00:00,OP0053,M0031,,0.18,2500.0,2600.0,6.1,1,1,12,0,0,13.54,0.829,78.1
2025-08-14 07:00:00,OP0025,M0002,,0.242,1873.0,2096.0,5.9,2,0,4,0,0,18.64,0.894,81.7
2025-08-14 07:00:00,OP0030,M0007,,0.179,1751.0,1860.0,8.0,0,0,6,0,0,11.77,0.653,83.8
2025-08-14 07:00:00,OP0033,M0022,,0.106,1787.0,2019.0,12.0,1,1,8,0,1,27.86,1.036,73.5
2025-08-14 08:00:00,OP0039,M0028,,0.126,1731.0,2005.0,4.5,1,1,3,0,0,19.7,0.766,86.5
2025-08-14 08:50:00,OP0046,M0003,T00290,0.196,1583.0,2112.0,2.8,1,1,34,1,0,21.27,,52.5
2025-08-14 09:00:00,OP0010,M0036,,0.037,1985.0,2129.0,1.8,1,1,3,0,0,18.8,0.941,92.2
2025-08-14 09:00:00,OP0021,M0024,,0.175,2045.0,2154.0,3.3,1,0,5,0,0,14.45,0.831,83.9
2025-08-14 09:00:00,OP0010,M0005,,0.032,2313.0,2437.0,26.6,1,0,7,1,0,29.23,0.78,81.2
2025-08-14 09:59:00,OP0012,M0001,T00409,0.266,1535.0,2127.0,1.6,1,0,30,5,0,15.3,,18.6
2025-08-14 10:00:00,OP0002,M0011,,0.134,1894.0,2189.0,7.6,1,0,5,0,0,6.71,0.787,87.9
2025-08-14 12:00:00,OP0034,M0033,,0.202,1830.0,2186.0,3.3,0,1,7,1,0,16.02,0.781,78.3
2025-08-14 12:00:00,OP0031,M0010,,0.083,1758.0,2034.0,19.3,0,1,10,1,0,13.85,0.839,79.8
2025-08-14 13:00:00,OP0031,M0041,,0.01,2048.0,2161.0,8.4,1,1,7,0,2,4.24,0.703,71.2
2025-08-14 14:00:00,OP0049,M0009,,0.073,1909.0,2256.0,1.9,1,1,7,1,0,15.2,0.879,77.4
2025-08-14 14:00:00,OP0034,M0027,,0.194,1240.0,1341.0,4.7,2,1,4,0,0,11.03,0.692,76.9
2025-08-14 14:00:00,OP0044,M0016,,0.08,2206.0,2600.0,4.9,0,4,7,1,0,6.5,0.952,75.4
2025-08-14 14:00:00,OP0023,M0025,,0.168,2067.0,2422.0,12.8,1,1,7,1,1,9.11,0.429,65.5
2025-08-14 15:00:00,OP0054,M0001,,0.028,1829.0,1988.0,3.6,1,2,7,0,0,6.69,0.691,89.9
2025-08-15 06:00:00,OP0048,M0016,,0.118,1790.0,2160.0,8.1,1,0,5,0,0,7.6,0.658,89.8
2025-08-15 06:00:00,OP0031,M0015,,0.174,2155.0,2358.0,2.7,0,0,8,1,1,9.82,0.751,70.5
2025-08-15 06:00:00,OP0006,M0025,,0.067,2233.0,2498.0,3.4,0,0,5,0,0,19.6,0.962,96.0
2025-08-15 07:00:00,OP0033,M0020,,0.083,1971.0,2263.0,4.3,1,1,2,1,0,7.47,0.88,86.3
2025-08-15 07:00:00,OP0010,M0012,,0.043,2177.0,2298.0,15.7,0,0,1,0,0,13.43,0.877,100.0
2025-08-15 09:00:00,OP0018,M0035,,0.242,1795.0,2183.0,13.0,0,0,5,0,1,8.46,0.806,76.8
2025-08-15 09:00:00,OP0023,M0014,,0.119,1927.0,2201.0,17.1,3,1,8,0,0,14.02,0.341,78.5
2025-08-15 10:00:00,OP0010,M0020,,0.01,2500.0,2600.0,11.8,1,0,5,0,0,9.16,0.917,96.7
2025-08-15 10:00:00,OP0034,M0018,,0.345,1381.0,1584.0,1.1,0,0,5,0,0,26.29,0.9,81.4
2025-08-15 10:00:00,OP0014,M0015,,0.167,1498.0,1754.0,1.2,0,0,9,2,0,18.96,0.932,67.2
2025-08-15 11:00:00,OP0045,M0031,,0.24,1818.0,2216.0,6.3,0,1,9,0,2,21.34,0.719,57.7
2025-08-15 12:57:00,OP0021,M0002,T00845,0.221,1686.0,2385.0,2.8,0,0,10,0,2,15.93,,58.6
2025-08-15 13:00:00,OP0038,M0022,,0.18,1902.0,2065.0,1.9,0,1,5,0,0,25.71,0.435,88.8
2025-08-15 14:00:00,OP0049,M0042,,0.203,1776.0,2162.0,5.2,2,2,6,0,0,17.36,0.765,75.1
2025-08-15 14:00:00,OP0041,M0016,,0.332,1715.0,2036.0,6.8,1,1,4,0,1,6.75,0.867,56.0
2025-08-15 15:00:00,OP0041,M0033,,0.262,1764.0,2089.0,11.0,0,1,9,0,0,12.71,0.784,73.7
2025-08-15 15:00:00,OP0035,M0039,,0.054,1636.0,1989.0,4.5,0,1,5,0,0,13.84,0.887,93.4
2025-08-15 15:00:00,OP0024,M0021,,0.198,2027.0,2265.0,10.2,1,2,10,0,0,5.86,0.773,74.2
2025-08-15 15:13:00,OP0014,M0007,T00499,0.293,1567.0,2235.0,1.9,0,0,5,0,1,8.29,,69.2
2025-08-16 06:00:00,OP0009,M0027,,0.234,1436.0,1688.0,4.0,2,0,2,0,0,16.55,0.613,79.9
2025-08-16 06:00:00,OP0013,M0012,,0.073,2049.0,2420.0,17.8,0,0,5,0,0,21.24,0.744,97.0
2025-08-16 07:00:00,OP0011,M0003,,0.236,1763.0,2050.0,1.1,1,3,10,1,0,27.96,0.441,64.6
2025-08-16 07:00:00,OP0039,M0017,,0.046,1591.0,1763.0,8.7,0,1,7,1,0,5.39,0.885,78.4
2025-08-16 07:00:00,OP0029,M0008,,0.268,1915.0,2100.0,1.7,1,1,6,0,1,9.28,0.361,59.8
2025-08-16 08:00:00,OP0046,M0026,,0.247,2048.0,2378.0,7.5,1,1,8,1,0,14.86,0.709,72.5
2025-08-16 08:00:00,OP0003,M0003,,0.21,1467.0,1598.0,3.5,0,0,2,0,0,22.78,0.678,86.8
2025-08-16 08:00:00,OP0025,M0037,,0.1,1677.0,1806.0,5.4,0,1,10,1,0,5.54,1.024,79.9
2025-08-16 08:08:00,OP0031,M0027,T00592,0.191,1699.0,2279.0,1.4,0,2,12,0,1,16.77,,67.5
2025-08-16 08:43:00,OP0048,M0011,T00536,0.258,1648.0,2415.0,1.8,0,0,3,0,1,7.7,,71.4
2025-08-16 08:48:00,OP0006,M0009,T00222,0.111,1903.0,2413.0,1.7,0,0,7,1,0,20.56,,84.9
2025-08-16 09:00:00,OP0011,M0033,,0.26,1740.0,2098.0,5.1,0,1,6,2,2,6.55,0.566,47.5
2025-08-16 09:00:00,OP0008,M0034,,0.201,2500.0,2600.0,4.1,0,1,8,0,1,20.72,0.561,67.9
2025-08-16 10:00:00,OP0002,M0015,,0.092,1733.0,2105.0,2.5,1,0,5,0,0,7.49,0.864,91.5
2025-08-16 11:00:00,OP0047,M0024,,0.01,2500.0,2600.0,3.8,1,1,6,0,1,7.19,1.025,77.3
2025-08-16 11:00:00,OP0027,M0033,,0.353,1703.0,1834.0,12.2,2,1,7,0,2,14.74,0.624,47.0
2025-08-16 11:00:00,OP0038,M0037,,0.182,2153.0,2319.0,5.3,1,0,8,2,0,13.43,0.61,79.7
2025-08-16 11:14:00,OP0007,M0034,T00596,0.3,1383.0,1953.0,1.4,0,0,12,1,0,13.18,,66.1
2025-08-16 12:00:00,OP0036,M0004,,0.142,2076.0,2199.0,6.3,3,0,6,1,0,13.46,0.5,69.6
2025-08-16 12:00:00,OP0054,M0026,,0.01,2201.0,2377.0,5.2,1,0,5,0,0,12.57,0.63,92.3
2025-08-16 13:00:00,OP0031,M0016,,0.122,2121.0,2422.0,7.9,1,1,4,2,1,5.63,0.652,62.2
2025-08-16 13:00:00,OP0002,M0006,,0.182,1850.0,2148.0,6.0,0,0,5,0,0,7.35,0.693,95.7
2025-08-16 13:00:00,OP0013,M0025,,0.132,2045.0,2179.0,10.1,2,1,6,2,0,9.74,0.494,66.8
2025-08-16 13:00:00,OP0016,M0018,,0.213,2008.0,2358.0,4.2,1,0,1,1,1,22.98,1.024,70.6
2025-08-16 14:00:00,OP0039,M0040,,0.063,1734.0,1975.0,13.1,1,0,12,2,0,19.35,0.861,63.5
2025-08-16 15:00:00,OP0045,M0011,,0.3,1959.0,2336.0,3.7,0,2,8,1,0,8.8,0.357,67.3
2025-08-17 06:00:00,OP0018,M0034,,0.056,1565.0,1680.0,1.5,0,0,6,0,0,15.9,0.789,93.6
2025-08-17 06:00:00,OP0025,M0014,,0.142,1555.0,1876.0,20.8,0,0,4,0,0,28.24,0.944,97.0
2025-08-17 07:00:00,OP0043,M0021,,0.01,1539.0,1737.0,11.8,2,0,6,0,0,11.82,1.112,88.0
2025-08-17 07:55:00,OP0054,M0036,T00821,0.151,1641.0,2110.0,2.8,0,1,31,1,0,21.84,,52.9
2025-08-17 08:00:00,OP0010,M0007,,0.128,2406.0,2600.0,8.3,1,3,9,0,0,4.91,0.879,77.1
2025-08-17 09:00:00,OP0009,M0037,,0.32,1923.0,2179.0,5.6,2,1,3,0,0,8.97,0.883,67.4
2025-08-17 09:00:00,OP0041,M0027,,0.23,1521.0,1792.0,4.0,0,1,7,0,3,19.65,0.655,54.5
2025-08-17 09:51:00,OP0029,M0039,T00555,0.171,1612.0,2157.0,1.7,0,0,21,1,1,16.51,,57.9
2025-08-17 10:00:00,OP0055,M0038,,0.201,1807.0,2128.0,4.6,2,1,9,0,0,28.42,0.894,67.4
2025-08-17 10:00:00,OP0016,M0004,,0.213,2033.0,2182.0,3.4,0,0,4,0,0,11.22,1.107,86.9
2025-08-17 10:06:00,OP0026,M0024,T00140,0.307,1580.0,2307.0,2.5,0,0,10,0,0,14.3,,71.9
2025-08-17 12:00:00,OP0013,M0009,,0.052,1735.0,2133.0,1.3,0,1,3,0,0,11.11,0.645,84.7
2025-08-17 12:00:00,OP0013,M0005,,0.089,1821.0,2052.0,3.8,1,0,7,0,0,18.15,0.696,86.5
2025-08-17 13:00:00,OP0048,M0004,,0.108,1987.0,2352.0,3.1,2,0,6,0,0,16.32,0.71,92.3
2025-08-17 14:00:00,OP0034,M0032,,0.179,1599.0,1893.0,1.6,1,1,7,0,0,22.9,0.783,79.9
2025-08-17 15:00:00,OP0030,M0041,,0.211,2091.0,2195.0,11.7,1,0,4,0,0,11.73,0.813,83.5
2025-08-17 15:00:00,OP0026,M0002,,0.062,1987.0,2320.0,14.0,0,0,4,0,0,8.23,0.897,92.0
2025-08-17 15:00:00,OP0045,M0009,,0.264,1751.0,2030.0,4.5,3,0,7,0,0,10.68,0.361,68.7
2025-08-18 06:00:00,OP0019,M0003,,0.176,1490.0,1877.0,3.4,2,0,10,1,1,29.34,0.413,57.1
2025-08-18 06:00:00,OP0009,M0011,,0.182,1871.0,2227.0,10.1,3,0,8,3,0,5.43,0.718,50.3
2025-08-18 07:00:00,OP0008,M0026,,0.286,2427.0,2600.0,12.3,3,0,2,1,1,11.38,0.532,59.2
2025-08-18 07:00:00,OP0032,M0036,,0.047,1697.0,2065.0,2.2,0,0,9,0,0,19.63,1.172,90.5
2025-08-18 08:00:00,OP0044,M0019,,0.067,2131.0,2470.0,2.0,0,0,8,0,0,3.86,1.046,88.6
2025-08-18 08:00:00,OP0009,M0019,,0.293,1649.0,1938.0,3.9,2,2,7,2,1,12.58,0.651,45.2
2025-08-18 08:00:00,OP0003,M0024,,0.149,1925.0,2263.0,14.7,0,0,5,0,0,13.99,0.69,86.5
2025-08-18 08:00:00,OP0031,M0012,,0.026,2013.0,2145.0,15.3,1,0,5,0,1,13.13,0.479,86.8
2025-08-18 09:00:00,OP0009,M0004,,0.295,1613.0,1918.0,8.8,1,0,5,0,0,17.18,0.6,87.8
2025-08-18 09:00:00,OP0039,M0027,,0.089,1840.0,2024.0,2.2,0,2,3,1,0,11.61,0.672,81.6
2025-08-18 11:00:00,OP0055,M0023,,0.151,1961.0,2233.0,7.6,1,0,6,1,0,21.82,0.831,76.8
2025-08-18 11:00:00,OP0010,M0006,,0.137,2198.0,2453.0,5.2,2,0,2,1,1,7.85,1.001,67.2
2025-08-18 11:00:00,OP0003,M0003,,0.162,1459.0,1691.0,4.0,1,1,6,0,0,11.46,0.735,77.1
2025-08-18 11:00:00,OP0043,M0040,,0.018,1651.0,1856.0,8.6,0,1,6,1,0,13.88,1.026,82.4
2025-08-18 12:00:00,OP0031,M0011,,0.01,2399.0,2518.0,2.2,1,1,8,0,1,4.07,0.602,82.1
2025-08-18 13:00:00,OP0018,M0007,,0.068,1568.0,1709.0,6.2,0,1,7,0,0,5.48,0.855,90.6
2025-08-18 13:00:00,OP0025,M0039,,0.134,1649.0,1911.0,1.2,1,0,9,2,0,7.31,0.945,71.0
2025-08-18 14:00:00,OP0049,M0015,,0.144,1470.0,1742.0,2.2,0,1,3,0,0,19.01,0.794,87.9
2025-08-18 14:00:00,OP0019,M0019,,0.226,1961.0,2081.0,9.3,0,1,7,0,1,12.53,0.457,68.9
2025-08-18 14:00:00,OP0010,M0012,,0.07,1971.0,2349.0,15.2,0,0,5,1,0,27.43,0.777,87.5
2025-08-18 14:00:00,OP0003,M0028,,0.206,1599.0,1935.0,2.6,1,0,3,0,0,18.12,0.61,80.1
2025-08-18 15:00:00,OP0025,M0007,,0.215,1638.0,1896.0,7.7,1,1,1,1,0,13.62,1.0,69.6
2025-08-18 15:00:00,OP0011,M0009,,0.201,1862.0,2208.0,2.8,2,0,6,0,0,13.59,0.669,86.9
2025-08-19 06:00:00,OP0024,M0002,,0.098,1785.0,2148.0,7.1,2,1,9,0,0,14.51,0.598,78.1
2025-08-19 07:00:00,OP0032,M0016,,0.115,1874.0,2234.0,1.1,0,0,6,0,0,9.56,0.94,98.0
2025-08-19 09:00:00,OP0017,M0008,,0.021,2025.0,2234.0,4.5,0,1,5,1,0,20.84,0.725,85.6
2025-08-19 09:00:00,OP0030,M0036,,0.138,1492.0,1637.0,4.2,1,2,9,0,0,12.67,0.809,77.9
2025-08-19 09:00:00,OP0054,M0015,,0.01,1873.0,2094.0,4.0,1,2,5,0,0,19.04,0.627,94.9
2025-08-19 09:00:00,OP0003,M0025,,0.225,1967.0,2319.0,10.3,3,2,6,0,0,15.14,0.753,73.4
2025-08-19 10:00:00,OP0001,M0012,,0.07,2000.0,2136.0,10.5,3,2,2,0,0,17.78,0.77,72.0
2025-08-19 10:00:00,OP0046,M0009,,0.226,1718.0,2051.0,3.7,1,0,5,2,0,21.96,0.44,62.5
2025-08-19 11:00:00,OP0013,M0042,,0.013,1391.0,1716.0,4.5,1,0,11,1,2,25.71,0.764,66.6
2025-08-19 11:00:00,OP0054,M0038,,0.03,1725.0,2089.0,2.2,1,1,7,1,0,18.23,0.705,84.5
2025-08-19 11:00:00,OP0004,M0025,,0.072,2198.0,2571.0,6.9,2,0,10,0,0,18.19,1.041,84.8
2025-08-19 12:00:00,OP0033,M0005,T00723,0.223,1492.0,2032.0,12.0,0,1,23,0,0,20.05,,63.8
2025-08-19 12:00:00,OP0024,M0034,,0.221,2160.0,2306.0,2.4,1,0,6,0,0,22.43,0.566,82.2
2025-08-19 13:00:00,OP0026,M0030,,0.165,1722.0,1882.0,4.5,1,0,4,0,0,12.0,0.873,94.7
2025-08-19 13:00:00,OP0051,M0024,,0.221,1628.0,1847.0,9.5,0,0,8,0,0,11.58,0.994,84.8
2025-08-19 13:00:00,OP0044,M0004,,0.15,1945.0,2103.0,7.5,1,1,9,0,0,10.79,0.958,80.3
2025-08-19 14:00:00,OP0038,M0023,,0.264,2003.0,2190.0,10.4,0,0,6,0,0,7.59,0.433,82.1
2025-08-19 14:00:00,OP0042,M0006,,0.138,2016.0,2229.0,11.0,1,2,7,0,0,5.14,0.782,71.6
2025-08-19 14:48:00,OP0049,M0038,T00019,0.423,1332.0,2048.0,2.4,0,0,13,0,0,15.41,,67.6
2025-08-19 15:00:00,OP0024,M0005,,0.17,2015.0,2410.0,4.1,3,0,6,1,0,13.67,0.689,71.2
2025-08-19 15:00:00,OP0022,M0010,,0.063,1742.0,1940.0,10.7,1,0,9,1,0,30.23,0.672,83.3
2025-08-20 06:00:00,OP0049,M0012,,0.159,1799.0,2096.0,16.1,4,2,9,0,0,22.73,0.665,69.7
2025-08-20 06:00:00,OP0016,M0042,,0.195,1779.0,1932.0,6.1,1,1,10,0,0,22.52,0.878,77.5
2025-08-20 07:00:00,OP0047,M0040,,0.037,2397.0,2554.0,8.0,2,0,5,0,1,14.51,0.839,78.1
2025-08-20 07:56:00,OP0027,M0031,T00174,0.383,1334.0,2073.0,2.6,0,1,22,1,0,10.63,,48.1
2025-08-20 08:00:00,OP0021,M0021,,0.108,1926.0,2192.0,4.1,1,1,4,0,1,5.42,0.775,76.7
2025-08-20 08:00:00,OP0053,M0042,,0.173,2450.0,2600.0,1.2,1,1,5,0,2,29.61,0.81,61.1
2025-08-20 10:00:00,OP0045,M0024,,0.325,2099.0,2257.0,5.6,2,0,5,3,3,15.11,0.415,21.8
2025-08-20 11:00:00,OP0041,M0021,,0.281,1801.0,2121.0,1.5,0,0,5,1,0,11.87,0.74,81.2
2025-08-20 12:00:00,OP0052,M0029,,0.197,1674.0,1856.0,1.9,0,2,8,0,1,16.19,0.707,72.9
2025-08-20 12:00:00,OP0001,M0039,,0.034,1798.0,2067.0,3.8,0,1,6,0,0,21.32,0.861,97.1
2025-08-20 12:00:00,OP0031,M0040,,0.036,1947.0,2310.0,12.0,0,0,5,0,1,10.57,0.787,85.2
2025-08-20 13:00:00,OP0008,M0014,,0.237,2486.0,2600.0,18.3,1,1,9,0,0,14.14,0.544,75.8
2025-08-20 14:00:00,OP0031,M0003,,0.098,1923.0,2291.0,6.3,0,0,1,0,0,26.72,0.601,94.3
2025-08-20 14:00:00,OP0008,M0007,,0.276,2500.0,2600.0,1.1,1,4,9,0,3,9.96,0.575,34.7
2025-08-20 14:00:00,OP0050,M0017,,0.139,1838.0,1961.0,10.6,0,2,7,0,0,6.85,0.991,90.3
2025-08-20 14:14:00,OP0053,M0021,T00216,0.24,2237.0,3137.0,4.5,0,0,30,0,1,16.47,,44.0
2025-08-20 15:00:00,OP0017,M0024,,0.142,2383.0,2600.0,4.0,0,0,8,0,0,21.59,0.729,90.3
2025-08-20 15:56:00,OP0028,M0001,T00676,0.175,1464.0,1928.0,1.8,0,0,18,0,0,14.18,,72.5
2025-08-21 06:00:00,OP0020,M0037,,0.161,1864.0,1976.0,2.6,1,1,9,0,0,6.2,0.447,80.1
2025-08-21 07:00:00,OP0035,M0011,,0.098,1722.0,1955.0,9.4,1,1,9,0,0,4.93,0.771,86.8
2025-08-21 08:45:00,OP0035,M0022,T00494,0.193,1489.0,1981.0,14.8,1,0,15,0,0,20.24,,74.1
2025-08-21 10:03:00,OP0045,M0036,T00533,0.412,1394.0,2181.0,2.1,0,0,30,0,2,17.39,,28.0
2025-08-21 11:00:00,OP0027,M0011,,0.332,1490.0,1710.0,3.4,0,3,6,0,1,10.23,0.677,58.7
2025-08-21 11:00:00,OP0044,M0016,,0.129,1970.0,2145.0,2.3,0,1,5,2,0,12.87,1.049,71.7
2025-08-21 11:00:00,OP0017,M0023,,0.099,2221.0,2431.0,13.3,1,1,4,0,0,9.99,0.884,88.4
2025-08-21 12:00:00,OP0025,M0039,,0.179,1664.0,1989.0,2.3,3,0,4,0,0,22.05,1.119,79.4
2025-08-21 12:21:00,OP0053,M0011,T00843,0.308,2197.0,3511.0,1.8,0,0,9,0,1,10.23,,66.0
2025-08-21 14:00:00,OP0052,M0011,,0.217,2374.0,2600.0,7.1,1,1,8,1,1,11.2,0.776,59.9
2025-08-21 15:00:00,OP0017,M0014,,0.142,2167.0,2481.0,11.6,0,0,5,0,1,32.17,0.797,81.9
2025-08-21 15:00:00,OP0055,M0028,,0.204,1597.0,1844.0,4.3,1,1,5,0,0,22.93,0.829,80.4
2025-08-22 06:00:00,OP0011,M0040,,0.147,1659.0,1789.0,1.3,0,1,8,2,0,21.79,0.381,70.0
2025-08-22 06:00:00,OP0036,M0011,,0.086,2157.0,2473.0,8.1,4,0,5,1,0,5.48,0.334,72.9
2025-08-22 06:47:00,OP0007,M0030,T00066,0.271,1404.0,1974.0,1.5,0,0,21,0,1,13.46,,61.0
2025-08-22 08:00:00,OP0036,M0030,,0.085,1791.0,1923.0,2.3,1,1,10,0,0,18.42,0.497,79.5
2025-08-22 08:05:00,OP0018,M0027,T00407,0.442,1217.0,1863.0,1.1,0,0,9,1,1,10.7,,53.7
2025-08-22 08:14:00,OP0037,M0032,T00050,0.233,1826.0,2531.0,2.2,0,0,17,3,0,24.0,,50.0
2025-08-22 09:00:00,OP0025,M0007,,0.149,2018.0,2297.0,1.2,0,2,6,0,1,5.96,0.906,73.4
2025-08-22 09:00:00,OP0042,M0021,T00488,0.247,1552.0,2095.0,6.0,0,0,5,1,0,10.5,,78.0
2025-08-22 09:00:00,OP0019,M0022,,0.236,1598.0,1807.0,8.1,1,0,7,3,1,21.5,0.623,46.2
2025-08-22 10:00:00,OP0043,M0001,,0.018,1737.0,1846.0,1.7,0,2,8,0,0,21.44,0.887,94.5
2025-08-22 10:00:00,OP0034,M0012,,0.247,1521.0,1876.0,6.1,1,0,6,0,0,21.56,0.83,81.9
2025-08-22 11:00:00,OP0028,M0021,,0.275,1671.0,1906.0,9.5,0,1,12,0,0,13.93,0.738,81.9
2025-08-22 11:00:00,OP0036,M0037,,0.119,2247.0,2463.0,1.8,2,2,4,0,0,7.7,0.3,83.4
2025-08-22 11:00:00,OP0026,M0036,,0.08,1490.0,1778.0,5.4,0,1,5,0,0,10.41,0.903,85.5
2025-08-22 11:00:00,OP0045,M0036,,0.292,1892.0,2078.0,2.2,1,0,2,1,1,30.12,0.525,58.3
2025-08-22 12:00:00,OP0049,M0038,,0.243,1864.0,2124.0,6.1,0,1,10,5,0,31.06,0.569,39.4
2025-08-22 13:00:00,OP0014,M0019,,0.084,1889.0,2098.0,11.9,0,0,7,0,0,9.46,0.936,94.7
2025-08-22 14:00:00,OP0018,M0042,,0.143,1407.0,1517.0,6.5,0,0,4,0,0,24.31,0.724,92.2
2025-08-22 14:00:00,OP0034,M0036,,0.051,1562.0,1900.0,6.1,1,1,4,0,0,13.8,0.849,92.1
2025-08-22 14:28:00,OP0037,M0029,T00813,0.283,1776.0,2531.0,1.9,1,0,25,0,1,23.49,,46.6
2025-08-22 15:00:00,OP0030,M0029,,0.208,1639.0,1858.0,3.4,1,2,3,0,0,15.37,0.936,76.8
2025-08-22 15:00:00,OP0028,M0039,,0.315,1411.0,1579.0,3.3,2,0,9,0,0,18.09,0.706,76.5
2025-08-22 15:00:00,OP0019,M0019,,0.178,1741.0,2135.0,8.3,0,1,8,2,3,8.21,0.518,42.5
2025-08-23 06:00:00,OP0002,M0008,,0.171,1940.0,2098.0,3.0,0,1,6,0,0,23.99,0.824,81.3
2025-08-23 08:00:00,OP0003,M0019,,0.166,1834.0,2067.0,5.1,0,0,7,0,0,5.39,0.74,86.7
2025-08-23 08:00:00,OP0027,M0026,,0.207,2004.0,2122.0,12.7,1,0,4,0,0,11.61,0.781,87.6
2025-08-23 09:00:00,OP0050,M0034,,0.082,1607.0,1746.0,2.9,0,0,6,0,0,11.69,0.92,96.3
2025-08-23 09:00:00,OP0039,M0037,,0.173,1919.0,2160.0,7.9,1,0,1,0,0,5.39,1.061,80.1
2025-08-23 10:00:00,OP0047,M0004,,0.024,2500.0,2600.0,10.4,3,0,5,0,0,6.77,0.764,83.4
2025-08-23 11:00:00,OP0021,M0003,,0.174,1446.0,1741.0,2.3,1,2,7,0,0,9.75,0.904,77.5
2025-08-23 11:00:00,OP0032,M0026,,0.045,1850.0,2221.0,1.3,0,0,3,1,0,6.32,0.976,95.5
2025-08-23 11:00:00,OP0021,M0042,,0.102,1705.0,1989.0,3.4,0,0,3,0,0,25.65,0.727,90.9
2025-08-23 11:00:00,OP0009,M0009,,0.367,1543.0,1644.0,1.8,3,0,5,0,0,18.54,0.606,65.7
2025-08-23 11:00:00,OP0021,M0007,,0.13,2113.0,2280.0,7.5,0,1,5,0,0,8.73,0.852,90.7
2025-08-23 11:00:00,OP0037,M0034,,0.126,1928.0,2243.0,1.2,0,0,9,0,0,23.95,0.63,90.3
2025-08-23 11:00:00,OP0005,M0008,,0.284,1789.0,1939.0,2.3,1,0,7,0,0,13.19,0.637,72.1
2025-08-23 12:00:00,OP0024,M0004,,0.177,1970.0,2318.0,7.4,1,0,1,1,0,10.59,0.699,79.4
2025-08-23 12:00:00,OP0028,M0025,T00238,0.333,1412.0,2048.0,3.3,0,0,12,0,0,12.14,,71.4
2025-08-23 12:00:00,OP0047,M0038,,0.07,2500.0,2600.0,7.1,0,1,1,2,0,10.31,0.833,78.5
2025-08-23 12:00:00,OP0015,M0038,,0.196,1352.0,1549.0,5.9,0,0,6,1,0,15.77,0.3,81.0
2025-08-23 12:00:00,OP0040,M0016,,0.058,1799.0,2086.0,7.3,3,1,7,0,0,5.61,0.687,91.2
2025-08-23 13:00:00,OP0019,M0017,,0.259,2125.0,2297.0,12.0,1,0,4,0,1,17.35,0.644,73.5
2025-08-23 14:00:00,OP0030,M0026,,0.138,1663.0,1940.0,4.2,2,1,7,0,0,8.86,0.778,77.0
2025-08-24 06:00:00,OP0008,M0017,,0.298,2500.0,2600.0,5.0,1,1,1,1,1,16.7,0.336,54.2
2025-08-24 06:34:00,OP0033,M0013,T00219,0.108,1679.0,2201.0,3.1,0,1,22,0,0,8.29,,77.0
2025-08-24 07:00:00,OP0048,M0035,,0.163,1907.0,2209.0,12.0,0,0,5,0,0,13.7,0.574,89.9
2025-08-24 08:00:00,OP0022,M0002,,0.058,2037.0,2152.0,11.7,0,2,2,0,0,12.12,0.859,89.6
2025-08-24 09:00:00,OP0021,M0015,,0.211,2034.0,2258.0,4.4,0,0,5,0,0,17.94,1.003,94.0
2025-08-24 09:00:00,OP0041,M0026,,0.319,1877.0,2128.0,3.3,0,0,8,0,1,16.97,0.674,74.3
2025-08-24 10:00:00,OP0015,M0011,,0.282,1991.0,2345.0,5.9,0,0,4,0,0,6.04,0.3,82.2
2025-08-24 10:00:00,OP0028,M0039,,0.177,1877.0,2039.0,4.0,1,0,11,0,0,14.1,0.784,84.0
2025-08-24 10:00:00,OP0035,M0002,,0.086,1480.0,1668.0,4.9,2,1,11,0,0,11.96,0.952,82.9
2025-08-24 12:00:00,OP0053,M0016,,0.2,2500.0,2600.0,3.2,1,0,5,1,0,14.16,0.807,74.1
2025-08-24 13:00:00,OP0006,M0041,,0.08,2278.0,2380.0,10.7,0,1,8,0,0,11.51,0.952,83.9
2025-08-24 13:00:00,OP0050,M0034,,0.041,1929.0,2227.0,1.4,1,0,6,0,0,10.98,0.826,100.0
2025-08-24 14:00:00,OP0028,M0025,,0.198,1633.0,1919.0,7.5,0,1,6,0,0,15.97,0.779,80.6
2025-08-24 14:00:00,OP0004,M0030,,0.01,1973.0,2155.0,4.0,0,1,7,0,0,8.86,0.977,94.0
2025-08-24 14:00:00,OP0050,M0038,,0.091,1977.0,2137.0,3.4,2,1,7,0,0,13.37,1.159,79.9
2025-08-24 15:00:00,OP0052,M0023,,0.214,2130.0,2500.0,4.3,0,2,5,3,0,23.03,0.615,61.7
2025-08-25 06:00:00,OP0024,M0028,,0.103,1926.0,2150.0,4.1,1,1,5,0,0,12.27,0.639,80.1
2025-08-25 06:00:00,OP0028,M0002,,0.264,1623.0,1936.0,7.7,1,2,8,0,0,16.56,0.898,69.0
2025-08-25 07:00:00,OP0016,M0014,,0.215,2167.0,2545.0,1.9,1,0,12,0,1,16.87,0.72,74.4
2025-08-25 07:00:00,OP0018,M0009,,0.107,1733.0,1843.0,1.0,1,1,6,0,0,8.78,0.773,79.6
2025-08-25 07:00:00,OP0013,M0009,,0.01,1701.0,1887.0,3.4,1,3,5,0,0,13.12,0.753,79.4
2025-08-25 07:00:00,OP0050,M0031,,0.01,1842.0,2182.0,5.0,0,0,5,0,0,18.41,0.911,100.0
2025-08-25 08:00:00,OP0015,M0033,,0.296,1606.0,1869.0,10.7,1,0,3,0,0,14.49,0.393,80.9
2025-08-25 08:33:00,OP0017,M0009,T00370,0.312,1603.0,2372.0,1.3,0,0,7,0,2,16.29,,64.3
2025-08-25 10:00:00,OP0043,M0039,,0.041,1707.0,2056.0,4.4,1,2,4,0,0,12.61,0.861,92.9
2025-08-25 11:00:00,OP0040,M0024,,0.113,1916.0,2136.0,3.9,2,0,2,0,0,11.19,0.805,86.4
2025-08-25 11:00:00,OP0017,M0023,,0.127,2155.0,2530.0,7.5,0,1,8,1,0,18.9,0.882,75.0
2025-08-25 11:00:00,OP0014,M0007,,0.206,1707.0,1980.0,5.8,3,1,6,0,0,9.17,0.971,85.1
2025-08-25 12:00:00,OP0018,M0019,,0.079,1537.0,1681.0,7.7,0,1,9,0,0,11.12,0.722,91.0
2025-08-25 14:00:00,OP0043,M0023,,0.036,1633.0,1763.0,13.3,2,0,13,0,0,10.64,1.029,85.0
2025-08-25 14:00:00,OP0043,M0003,,0.042,1592.0,1894.0,3.4,1,1,8,2,0,22.97,0.936,74.5
2025-08-25 15:00:00,OP0043,M0011,,0.019,1756.0,1966.0,8.7,0,0,4,1,0,8.96,1.208,96.3
2025-08-25 15:00:00,OP0002,M0023,,0.199,1913.0,2261.0,8.2,0,1,6,0,0,9.93,0.921,85.9
2025-08-26 06:00:00,OP0021,M0016,,0.137,2068.0,2237.0,4.9,1,1,4,0,0,12.71,0.771,86.8
2025-08-26 07:00:00,OP0017,M0030,,0.01,2146.0,2527.0,4.0,1,2,4,0,0,18.15,0.754,81.9
2025-08-26 07:00:00,OP0021,M0036,,0.149,1665.0,1921.0,5.1,2,1,7,0,1,19.61,0.953,66.4
2025-08-26 07:00:00,OP0050,M0009,,0.064,1722.0,1988.0,1.6,1,0,7,0,0,8.61,0.814,95.1
2025-08-26 07:00:00,OP0014,M0017,,0.115,1948.0,2283.0,11.4,3,1,6,1,0,14.82,1.067,73.8
2025-08-26 07:00:00,OP0004,M0029,,0.082,1730.0,2021.0,6.0,0,0,7,0,0,17.13,0.979,92.1
2025-08-26 07:41:00,OP0047,M0018,T00277,0.178,2066.0,2789.0,1.6,0,0,6,0,0,22.26,,88.3
2025-08-26 08:00:00,OP0054,M0016,,0.048,2165.0,2362.0,3.9,0,2,7,0,0,12.51,0.711,93.0
2025-08-26 09:00:00,OP0018,M0038,,0.159,1570.0,1857.0,4.4,2,0,5,1,1,12.86,0.69,64.5
2025-08-26 09:00:00,OP0051,M0030,,0.132,1432.0,1804.0,2.2,0,1,9,0,0,22.12,0.879,83.2
2025-08-26 09:00:00,OP0022,M0006,,0.113,1956.0,2224.0,11.4,0,0,2,0,0,11.18,0.821,93.6
2025-08-26 10:00:00,OP0024,M0010,,0.23,1724.0,2083.0,3.0,0,2,5,0,0,27.78,0.934,76.1
2025-08-26 10:00:00,OP0038,M0030,,0.274,1667.0,1844.0,2.4,0,1,8,1,0,21.8,0.463,72.7
2025-08-26 10:03:00,OP0047,M0007,T00576,0.221,2195.0,3018.0,2.6,0,1,15,3,1,12.2,,37.2
2025-08-26 11:14:00,OP0051,M0014,T00186,0.267,1455.0,2023.0,11.8,0,0,22,0,0,18.31,,66.9
2025-08-26 13:00:00,OP0030,M0027,,0.123,1801.0,2054.0,1.8,1,0,4,0,0,7.38,0.848,88.9
2025-08-26 15:00:00,OP0011,M0019,,0.18,1833.0,2228.0,5.7,1,1,5,3,1,11.28,0.683,55.2
2025-08-27 06:00:00,OP0048,M0013,,0.173,1964.0,2094.0,10.1,0,1,8,0,1,12.28,0.741,78.2
2025-08-27 06:00:00,OP0011,M0018,,0.253,1700.0,2028.0,4.6,1,2,3,1,1,7.54,0.567,58.0
2025-08-27 06:00:00,OP0019,M0005,,0.264,1743.0,2032.0,14.6,1,4,3,2,1,22.03,0.3,47.5
2025-08-27 08:00:00,OP0045,M0029,,0.341,1376.0,1653.0,3.1,1,0,6,2,0,31.93,0.584,61.5
2025-08-27 08:00:00,OP0014,M0034,,0.105,1717.0,2024.0,3.1,0,1,1,0,0,17.45,0.946,92.9
2025-08-27 09:00:00,OP0033,M0042,,0.19,1643.0,1810.0,1.5,0,0,7,1,0,22.7,0.892,77.6
2025-08-27 09:00:00,OP0034,M0001,,0.21,1458.0,1586.0,1.1,1,0,4,0,0,11.12,0.782,87.1
2025-08-27 09:00:00,OP0054,M0038,,0.016,1737.0,2101.0,3.9,2,0,8,0,0,17.33,0.537,83.7
2025-08-27 10:00:00,OP0038,M0012,,0.234,1900.0,2095.0,10.1,1,0,4,1,0,14.69,0.722,72.8
2025-08-27 11:00:00,OP0027,M0004,,0.181,1695.0,1875.0,9.8,4,1,5,0,0,6.01,0.757,73.5
2025-08-27 11:36:00,OP0030,M0025,T00354,0.188,1646.0,2233.0,3.2,0,0,19,1,0,15.16,,59.6
2025-08-27 11:41:00,OP0019,M0025,T00844,0.258,1565.0,2229.0,3.8,0,0,29,0,2,13.75,,45.5
2025-08-27 13:33:00,OP0034,M0038,T00303,0.154,1447.0,1863.0,3.1,0,0,46,0,0,18.65,,46.7
2025-08-27 14:00:00,OP0045,M0022,,0.202,1807.0,2086.0,2.0,2,0,7,1,2,17.68,0.766,55.6
2025-08-27 14:00:00,OP0025,M0032,,0.21,1610.0,1712.0,3.7,1,0,11,0,0,20.99,0.979,87.8
2025-08-27 14:00:00,OP0026,M0023,,0.133,1939.0,2110.0,8.1,0,0,5,0,0,21.02,1.007,97.3
2025-08-27 14:44:00,OP0019,M0037,T00468,0.296,1564.0,2200.0,1.9,0,0,7,3,0,8.15,,56.0
2025-08-27 15:00:00,OP0023,M0006,,0.165,2246.0,2468.0,6.3,0,3,3,0,1,7.08,0.454,70.7
2025-08-27 15:19:00,OP0031,M0006,T00194,0.058,1988.0,2586.0,2.4,0,0,2,0,0,10.13,,95.4
2025-08-28 06:00:00,OP0044,M0031,,0.154,2036.0,2213.0,8.0,0,1,4,1,0,11.5,0.854,90.3
2025-08-28 06:00:00,OP0014,M0013,,0.164,1852.0,2054.0,6.4,1,1,5,1,0,10.08,0.749,75.2
2025-08-28 06:00:00,OP0006,M0035,,0.01,2141.0,2407.0,7.6,0,0,4,0,0,13.71,0.791,100.0
2025-08-28 06:00:00,OP0026,M0016,,0.132,1967.0,2122.0,1.1,3,1,2,0,0,5.21,0.871,87.8
2025-08-28 07:00:00,OP0033,M0034,,0.272,1532.0,1892.0,1.7,0,0,4,0,0,16.43,0.782,79.6
2025-08-28 07:00:00,OP0024,M0041,,0.163,1714.0,1986.0,2.7,2,2,9,0,0,7.24,0.769,69.2
2025-08-28 07:00:00,OP0040,M0020,,0.05,1909.0,2126.0,4.9,0,0,6,0,0,10.33,0.757,96.6
2025-08-28 07:27:00,OP0010,M0033,T00472,0.188,1876.0,2531.0,4.7,1,0,15,0,0,13.03,,73.2
2025-08-28 07:52:00,OP0005,M0035,T00351,0.157,1730.0,2269.0,3.9,1,2,18,1,0,12.11,,67.3
2025-08-28 08:00:00,OP0040,M0010,,0.158,1697.0,1850.0,9.4,1,0,8,0,0,20.56,0.752,81.7
2025-08-28 08:31:00,OP0050,M0035,T00590,0.222,1579.0,2152.0,5.1,0,0,7,0,0,10.89,,88.3
2025-08-28 09:00:00,OP0012,M0029,,0.139,1853.0,2032.0,4.6,2,1,2,2,0,28.08,0.788,66.7
2025-08-28 09:34:00,OP0027,M0008,T00348,0.207,1401.0,1893.0,1.3,0,0,13,1,2,13.52,,50.1
2025-08-28 11:00:00,OP0002,M0016,,0.083,1882.0,2220.0,1.2,0,0,4,0,0,10.47,0.765,100.0
2025-08-28 12:00:00,OP0018,M0005,,0.139,1611.0,1848.0,7.7,1,0,9,0,0,26.98,0.753,84.5
2025-08-28 13:00:00,OP0024,M0002,,0.087,1896.0,2024.0,5.4,1,0,6,0,0,11.56,0.76,89.7
2025-08-28 14:00:00,OP0002,M0028,,0.17,1935.0,2243.0,3.3,2,1,3,0,0,10.03,0.887,78.2
2025-08-28 14:06:00,OP0053,M0006,T00505,0.199,2472.0,3539.0,2.0,0,0,13,0,0,11.84,,76.4
2025-08-28 15:00:00,OP0039,M0011,,0.077,1776.0,1986.0,1.5,2,0,6,0,1,7.05,0.846,81.2
2025-08-28 15:00:00,OP0047,M0031,,0.01,2438.0,2567.0,8.6,2,1,6,1,0,9.42,0.747,77.3
2025-08-29 06:00:00,OP0038,M0011,,0.146,1998.0,2285.0,6.8,0,0,3,1,0,6.02,0.408,84.6
2025-08-29 07:00:00,OP0035,M0007,,0.072,1688.0,1920.0,2.1,0,1,7,0,0,10.7,1.071,87.0
2025-08-29 07:00:00,OP0054,M0022,,0.146,2087.0,2368.0,13.1,1,1,5,1,1,30.36,0.532,68.2
2025-08-29 07:00:00,OP0026,M0022,,0.149,1826.0,1967.0,1.2,0,1,8,0,1,24.19,1.012,75.0
2025-08-29 08:00:00,OP0009,M0041,,0.299,1847.0,1989.0,11.5,0,0,9,2,0,8.47,0.673,63.5
2025-08-29 09:26:00,OP0029,M0019,T00123,0.171,1800.0,2465.0,2.4,0,0,13,1,4,8.33,,32.0
2025-08-29 09:34:00,OP0013,M0034,T00738,0.221,1554.0,2136.0,1.7,0,0,19,3,1,14.96,,31.2
2025-08-29 10:00:00,OP0017,M0015,,0.215,1731.0,2020.0,1.9,1,0,8,0,1,6.67,0.714,72.1
2025-08-29 10:00:00,OP0052,M0007,,0.163,2349.0,2600.0,1.7,0,1,9,2,2,10.42,0.749,45.9
2025-08-29 12:00:00,OP0027,M0026,,0.284,1668.0,1825.0,9.3,0,3,8,1,2,15.73,0.559,38.1
2025-08-29 12:00:00,OP0003,M0030,,0.244,1468.0,1630.0,3.6,2,2,4,0,0,11.44,0.673,71.2
2025-08-29 12:00:00,OP0014,M0035,,0.071,1585.0,1725.0,12.6,0,1,8,0,0,13.94,1.084,91.6
2025-08-29 12:00:00,OP0054,M0007,,0.021,2074.0,2355.0,4.0,1,0,3,0,1,4.84,0.518,87.2
2025-08-29 12:00:00,OP0028,M0038,,0.14,1339.0,1487.0,6.3,1,2,6,0,0,9.52,0.596,88.1
2025-08-29 15:00:00,OP0025,M0035,,0.305,2089.0,2205.0,6.8,0,1,7,0,0,9.01,0.866,75.6
2025-08-30 06:00:00,OP0041,M0018,,0.251,1968.0,2269.0,2.3,2,3,3,0,0,8.88,0.792,70.5
2025-08-30 08:00:00,OP0031,M0026,,0.01,2429.0,2600.0,9.3,0,0,13,0,0,9.95,0.712,100.0
2025-08-30 08:00:00,OP0054,M0014,,0.111,1783.0,1929.0,26.9,1,0,3,1,0,19.87,0.84,88.0
2025-08-30 08:00:00,OP0018,M0034,,0.131,1640.0,2022.0,2.0,3,0,5,0,0,14.1,0.702,77.2
2025-08-30 09:00:00,OP0032,M0034,,0.111,1821.0,2051.0,2.5,1,1,10,0,0,18.38,0.965,82.6
2025-08-30 09:00:00,OP0051,M0012,,0.153,1793.0,2105.0,27.4,1,1,7,0,0,30.33,0.928,83.9
2025-08-30 10:00:00,OP0014,M0012,,0.147,1805.0,1986.0,23.5,0,1,7,0,0,20.56,0.767,85.8
2025-08-30 11:00:00,OP0041,M0007,,0.21,2077.0,2235.0,1.7,0,2,6,0,0,13.27,0.658,83.7
2025-08-30 11:00:00,OP0046,M0042,,0.178,1815.0,1962.0,1.1,0,1,7,0,1,10.21,0.647,73.2
2025-08-30 11:00:00,OP0049,M0026,,0.214,1962.0,2324.0,4.7,1,3,5,0,0,8.39,0.92,73.4
2025-08-30 12:00:00,OP0030,M0025,,0.215,1722.0,2047.0,13.2,0,0,3,1,0,20.63,0.855,79.9
2025-08-30 12:00:00,OP0040,M0003,,0.16,1670.0,1851.0,2.9,1,0,8,0,0,15.16,0.568,86.9
2025-08-30 12:25:00,OP0007,M0023,T00063,0.192,1587.0,2162.0,3.1,0,0,13,0,1,14.97,,72.9
2025-08-30 14:00:00,OP0053,M0032,,0.051,2500.0,2600.0,3.2,1,1,9,0,0,16.97,0.726,90.8
2025-08-30 14:00:00,OP0051,M0002,,0.194,1455.0,1828.0,7.9,0,0,6,0,0,7.76,0.869,90.9
2025-08-30 14:00:00,OP0037,M0039,,0.135,2295.0,2600.0,2.7,2,1,4,1,0,11.01,0.509,71.7
2025-08-30 15:00:00,OP0015,M0021,,0.3,1561.0,1765.0,3.4,0,0,5,0,0,15.32,0.418,78.7
2025-08-30 15:00:00,OP0011,M0006,,0.22,1826.0,2080.0,4.8,1,1,6,1,3,8.82,0.518,38.9
2025-08-31 06:00:00,OP0012,M0019,,0.137,1935.0,2314.0,10.8,0,2,8,1,0,8.83,0.854,76.0
2025-08-31 06:00:00,OP0023,M0008,,0.141,1641.0,2038.0,1.7,0,0,5,0,1,20.56,0.426,83.9
2025-08-31 06:00:00,OP0004,M0015,,0.01,1984.0,2293.0,1.3,2,0,9,0,0,13.89,0.925,88.6
2025-08-31 07:00:00,OP0053,M0003,,0.216,2384.0,2599.0,2.5,1,1,4,0,0,23.75,0.765,78.9
2025-08-31 08:00:00,OP0023,M0015,,0.075,1839.0,1952.0,2.4,1,3,10,2,0,8.09,0.408,67.0
2025-08-31 08:00:00,OP0048,M0022,,0.129,1609.0,1977.0,9.5,3,1,11,0,2,16.98,0.894,53.1
2025-08-31 08:00:00,OP0026,M0033,,0.172,2023.0,2314.0,2.2,1,0,1,1,1,14.73,0.765,68.8
2025-08-31 09:00:00,OP0049,M0003,,0.223,1739.0,1863.0,2.0,1,1,8,0,0,11.86,0.706,73.6
2025-08-31 09:00:00,OP0052,M0039,,0.167,1960.0,2068.0,2.2,1,2,7,0,0,6.59,0.687,69.3
2025-08-31 09:00:00,OP0012,M0012,,0.172,2215.0,2423.0,11.5,2,1,6,0,1,26.67,0.813,66.5
2025-08-31 10:00:00,OP0048,M0041,,0.03,2090.0,2415.0,4.8,0,0,5,1,1,8.03,0.782,79.8
2025-08-31 11:00:00,OP0015,M0019,,0.233,1634.0,1781.0,2.4,1,0,8,1,0,7.71,0.3,71.0
2025-08-31 12:00:00,OP0051,M0034,,0.166,1763.0,2000.0,1.1,1,4,7,0,0,23.87,0.811,71.6
2025-08-31 13:48:00,OP0038,M0003,T00108,0.342,1383.0,1990.0,2.1,0,0,18,1,0,16.24,,55.4
2025-08-31 15:00:00,OP0041,M0038,,0.255,1681.0,1804.0,4.0,1,2,7,0,0,11.07,0.799,72.0
2025-08-31 15:00:00,OP0044,M0023,,0.119,1927.0,2245.0,14.2,2,1,6,1,0,19.15,1.026,69.6
2025-08-31 15:00:00,OP0048,M0037,,0.16,2090.0,2365.0,8.2,0,0,6,1,2,5.56,0.716,61.3
2025-09-01 06:00:00,OP0009,M0035,,0.308,1822.0,2004.0,10.9,1,0,5,2,0,15.86,0.555,54.1
2025-09-01 06:00:00,OP0051,M0010,,0.239,1613.0,1776.0,5.0,0,1,6,0,0,28.15,0.897,81.8
2025-09-01 07:00:00,OP0051,M0040,,0.227,1717.0,1849.0,9.3,1,1,4,0,0,18.23,0.975,78.7
2025-09-01 08:00:00,OP0013,M0042,,0.132,1785.0,2076.0,7.0,0,0,5,0,0,14.39,0.7,86.8
2025-09-01 08:00:00,OP0046,M0006,,0.219,2188.0,2530.0,8.7,1,1,6,1,0,5.53,0.706,77.7
2025-09-01 08:00:00,OP0039,M0031,,0.074,2109.0,2347.0,8.7,0,2,4,1,0,10.3,0.958,79.6
2025-09-01 09:00:00,OP0002,M0002,,0.216,2083.0,2367.0,8.4,0,0,6,0,0,20.52,0.852,85.7
2025-09-01 09:00:00,OP0041,M0037,,0.293,1740.0,1931.0,4.8,2,2,5,2,2,6.16,0.757,32.6
2025-09-01 10:00:00,OP0055,M0042,,0.105,1617.0,1878.0,1.5,1,0,6,1,1,9.8,0.674,71.5
2025-09-01 10:00:00,OP0048,M0004,,0.233,1762.0,2145.0,3.4,2,0,5,1,0,11.54,0.681,70.5
2025-09-01 10:00:00,OP0040,M0023,,0.032,1814.0,2081.0,3.3,0,1,5,0,0,17.99,0.972,96.0
2025-09-01 10:00:00,OP0046,M0038,,0.231,1294.0,1538.0,1.4,1,1,6,0,1,10.93,0.556,69.9
2025-09-01 10:00:00,OP0019,M0042,,0.271,1552.0,1814.0,4.6,0,3,8,1,1,15.18,0.516,52.4
2025-09-01 10:24:00,OP0048,M0042,T00769,0.154,1572.0,2013.0,3.3,0,0,43,1,0,20.95,,49.4
2025-09-01 13:00:00,OP0037,M0017,,0.198,2175.0,2566.0,12.6,1,0,3,0,0,15.3,0.63,90.1
2025-09-01 13:43:00,OP0037,M0034,T00724,0.149,2005.0,2658.0,1.4,0,0,7,0,2,21.26,,67.5
2025-09-01 15:00:00,OP0032,M0026,,0.046,1716.0,1926.0,12.9,0,0,9,2,0,10.88,1.033,83.4
2025-09-01 15:00:00,OP0040,M0024,,0.054,2171.0,2288.0,5.3,0,0,6,0,0,12.55,0.857,98.7
2025-09-01 15:00:00,OP0021,M0010,,0.121,2039.0,2438.0,13.0,1,0,8,0,0,25.91,0.905,87.2
2025-09-01 15:30:00,OP0014,M0026,T00243,0.241,1531.0,2137.0,4.7,0,0,3,1,0,10.03,,76.9
2025-09-02 06:00:00,OP0027,M0041,,0.322,2253.0,2531.0,8.9,1,0,3,0,1,8.26,0.64,61.8
2025-09-02 06:24:00,OP0054,M0015,T00616,0.236,1594.0,2216.0,1.6,0,0,14,1,2,16.26,,58.2
2025-09-02 07:00:00,OP0033,M0040,,0.142,2028.0,2369.0,6.5,1,0,6,0,1,15.47,0.949,81.3
2025-09-02 08:54:00,OP0043,M0008,T00818,0.176,1500.0,1931.0,1.7,0,0,15,1,0,15.61,,66.4
2025-09-02 09:00:00,OP0007,M0005,,0.255,1814.0,2207.0,9.2,4,1,4,2,0,19.39,0.63,46.1
2025-09-02 10:00:00,OP0048,M0019,,0.216,2008.0,2361.0,7.7,1,1,4,1,1,4.75,0.767,57.8
2025-09-02 10:00:00,OP0017,M0038,,0.082,2061.0,2279.0,1.8,2,1,5,0,0,28.06,0.644,91.5
2025-09-02 11:00:00,OP0014,M0024,,0.139,1790.0,2106.0,8.8,0,1,8,0,0,14.66,0.894,82.9
2025-09-02 11:00:00,OP0011,M0041,,0.235,1956.0,2164.0,2.1,0,0,5,1,1,5.05,0.555,70.0
2025-09-02 12:00:00,OP0031,M0001,,0.074,1638.0,1892.0,4.1,1,1,5,0,1,11.05,0.691,79.1
2025-09-02 12:00:00,OP0016,M0021,,0.211,2152.0,2392.0,12.3,0,1,5,1,0,15.42,1.0,79.2
2025-09-02 13:00:00,OP0035,M0017,,0.065,1546.0,1908.0,10.1,1,1,5,0,0,11.19,0.699,92.8
2025-09-02 13:00:00,OP0026,M0002,,0.182,2141.0,2472.0,13.5,1,1,2,0,1,12.3,0.812,75.3
2025-09-02 13:00:00,OP0011,M0003,,0.227,1547.0,1755.0,3.8,1,0,2,2,0,10.08,0.576,71.9
2025-09-02 14:00:00,OP0003,M0022,,0.15,1845.0,2060.0,22.0,1,0,2,0,0,16.86,0.686,85.7
2025-09-02 14:00:00,OP0039,M0020,,0.088,1930.0,2238.0,3.7,2,1,9,0,0,6.64,0.688,85.0
2025-09-02 14:00:00,OP0055,M0018,,0.284,1700.0,2095.0,2.0,0,0,10,1,1,10.41,0.648,67.1
2025-09-02 14:21:00,OP0006,M0034,T00484,0.1,1898.0,2444.0,1.9,0,0,9,1,0,19.69,,76.8
2025-09-02 15:00:00,OP0019,M0021,,0.118,1794.0,2116.0,10.2,1,1,4,0,2,14.7,0.468,73.0
2025-09-02 15:00:00,OP0041,M0011,,0.321,2151.0,2266.0,9.5,0,1,8,1,1,5.56,0.912,58.6
2025-09-02 15:14:00,OP0050,M0011,T00398,0.219,1664.0,2348.0,2.9,0,0,16,0,0,7.55,,81.0
2025-09-03 06:00:00,OP0010,M0036,,0.132,1784.0,2170.0,2.5,0,0,4,0,0,21.65,0.981,88.6
2025-09-03 06:00:00,OP0048,M0015,,0.118,1787.0,1981.0,1.6,1,1,5,1,2,21.05,0.642,59.2
2025-09-03 06:00:00,OP0045,M0021,,0.177,2051.0,2358.0,2.1,0,2,4,1,0,6.36,0.575,73.8
2025-09-03 06:44:00,OP0042,M0037,T00296,0.196,1654.0,2216.0,2.8,1,0,2,1,1,9.29,,71.7
2025-09-03 07:00:00,OP0008,M0004,,0.206,2500.0,2600.0,4.1,0,1,2,1,0,16.44,0.397,71.3
2025-09-03 08:00:00,OP0047,M0014,,0.062,2437.0,2600.0,19.2,0,1,6,0,0,25.26,0.805,89.3
2025-09-03 08:00:00,OP0020,M0004,,0.187,1775.0,2014.0,12.4,0,0,10,1,0,17.43,0.466,73.1
2025-09-03 09:00:00,OP0048,M0036,,0.204,1760.0,2076.0,3.7,1,0,9,0,0,19.41,0.698,85.6
2025-09-03 11:00:00,OP0013,M0040,,0.057,2016.0,2294.0,7.7,1,1,3,0,0,9.06,0.585,91.2
2025-09-03 11:00:00,OP0008,M0034,,0.289,2020.0,2357.0,3.0,1,0,10,0,0,18.23,0.434,78.4
2025-09-03 12:00:00,OP0015,M0040,,0.296,1629.0,1832.0,6.8,0,0,4,0,0,22.95,0.483,88.3
2025-09-03 12:38:00,OP0006,M0017,T00214,0.205,1854.0,2563.0,4.6,0,0,19,1,0,13.18,,70.8
2025-09-03 13:41:00,OP0032,M0031,T00567,0.267,1597.0,2300.0,3.8,0,0,22,2,0,14.2,,48.6
2025-09-03 14:44:00,OP0027,M0006,T00158,0.383,1361.0,2163.0,2.0,0,0,17,0,1,6.21,,56.1
2025-09-03 15:00:00,OP0053,M0018,,0.105,2500.0,2600.0,4.5,1,0,3,0,1,13.74,0.782,84.3
2025-09-04 07:00:00,OP0020,M0005,,0.308,1719.0,1984.0,15.7,1,2,6,0,1,13.46,0.382,61.1
2025-09-04 07:00:00,OP0016,M0037,,0.336,2385.0,2600.0,4.3,1,1,4,1,0,8.68,0.797,68.3
2025-09-04 07:00:00,OP0039,M0038,,0.083,1988.0,2370.0,5.3,0,0,4,0,1,26.36,0.789,89.8
2025-09-04 08:00:00,OP0033,M0033,T00610,0.321,1417.0,1971.0,3.2,0,0,13,0,0,9.53,,73.4
2025-09-04 09:00:00,OP0026,M0008,,0.137,1919.0,2239.0,1.6,0,1,4,0,0,8.27,0.814,91.8
2025-09-04 11:00:00,OP0003,M0016,,0.203,2291.0,2507.0,4.1,1,1,3,0,0,6.17,0.752,73.2
2025-09-04 11:00:00,OP0011,M0005,,0.136,2106.0,2235.0,8.2,1,1,2,1,1,30.23,0.571,67.1
2025-09-04 12:00:00,OP0051,M0010,,0.198,1598.0,1995.0,16.5,0,0,6,1,0,12.34,0.839,83.1
2025-09-04 12:00:00,OP0019,M0017,,0.279,1920.0,2205.0,12.8,3,3,6,0,0,6.54,0.495,67.7
2025-09-04 13:00:00,OP0017,M0010,,0.034,1965.0,2312.0,22.9,4,2,4,0,0,14.46,0.799,84.3
2025-09-04 14:00:00,OP0007,M0005,,0.206,2055.0,2447.0,5.2,0,1,6,1,0,11.84,0.352,74.7
2025-09-04 14:00:00,OP0017,M0007,,0.051,2348.0,2600.0,5.2,1,3,10,0,0,8.27,0.775,79.1
2025-09-05 06:00:00,OP0042,M0007,,0.213,1706.0,1879.0,6.9,1,1,5,0,0,13.98,0.768,79.0
2025-09-05 07:00:00,OP0028,M0011,,0.192,1766.0,1885.0,7.4,1,0,4,0,0,7.68,0.702,86.2
2025-09-05 07:00:00,OP0040,M0007,,0.075,1986.0,2361.0,2.8,0,2,6,0,0,6.55,0.779,91.0
2025-09-05 08:00:00,OP0045,M0038,,0.376,1746.0,2134.0,6.4,0,2,6,1,3,13.82,0.554,36.5
2025-09-05 08:00:00,OP0024,M0015,,0.116,1755.0,2116.0,3.4,0,0,9,0,0,9.96,0.582,88.2
2025-09-05 09:00:00,OP0022,M0026,,0.064,1832.0,2083.0,9.7,0,0,2,0,0,7.67,0.852,92.2
2025-09-05 09:35:00,OP0011,M0037,T00568,0.18,1733.0,2301.0,3.3,0,0,5,1,0,9.14,,75.7
2025-09-05 10:00:00,OP0003,M0030,,0.207,1561.0,1794.0,2.3,1,0,9,0,0,20.84,0.616,75.3
2025-09-05 10:00:00,OP0037,M0002,,0.179,2500.0,2600.0,11.9,1,0,10,0,0,7.18,0.603,84.7
2025-09-05 10:00:00,OP0019,M0008,,0.191,1689.0,1849.0,1.4,1,1,4,1,1,23.66,0.302,64.6
2025-09-05 10:22:00,OP0010,M0006,T00293,0.229,1916.0,2761.0,2.8,0,1,16,1,0,8.85,,63.1
2025-09-05 10:37:00,OP0044,M0004,T00231,0.348,1574.0,2380.0,5.0,0,0,2,0,0,11.36,,82.1
2025-09-05 10:48:00,OP0038,M0008,T00057,0.254,1482.0,2024.0,1.5,0,0,2,0,0,14.49,,87.1
2025-09-05 11:00:00,OP0023,M0022,,0.087,1780.0,1999.0,8.1,0,0,5,0,0,21.64,0.402,97.2
2025-09-05 12:00:00,OP0033,M0013,,0.147,1615.0,1753.0,4.9,1,2,7,0,0,4.67,0.913,78.4
2025-09-05 12:00:00,OP0001,M0037,,0.137,2133.0,2317.0,7.0,2,0,1,0,1,8.2,0.891,69.2
2025-09-05 13:00:00,OP0050,M0004,,0.1,1713.0,1989.0,12.8,0,0,5,0,0,11.75,1.078,96.8
2025-09-05 13:00:00,OP0019,M0017,,0.248,1502.0,1708.0,5.1,0,0,7,0,0,11.62,0.386,87.0
2025-09-05 13:08:00,OP0005,M0018,T00465,0.312,1468.0,2165.0,1.3,0,0,7,1,1,14.76,,63.4
2025-09-05 14:00:00,OP0008,M0034,,0.224,2296.0,2422.0,3.9,1,0,8,1,0,23.93,0.3,67.1
2025-09-05 14:00:00,OP0021,M0018,,0.133,1700.0,1904.0,3.5,1,0,3,0,0,12.43,0.974,85.7
2025-09-05 14:09:00,OP0018,M0009,T00815,0.157,1427.0,1871.0,1.4,0,0,9,1,0,14.79,,76.7
2025-09-06 06:00:00,OP0023,M0017,,0.097,2000.0,2316.0,4.2,0,0,3,0,1,9.7,0.484,81.9
2025-09-06 06:00:00,OP0020,M0026,,0.118,1718.0,1911.0,1.7,0,0,12,0,0,12.12,0.713,78.7
2025-09-06 07:00:00,OP0008,M0040,,0.186,2500.0,2600.0,5.5,3,1,3,1,1,13.39,0.525,61.0
2025-09-06 08:00:00,OP0017,M0022,,0.185,1958.0,2327.0,6.2,1,0,6,0,0,12.78,0.863,89.9
2025-09-06 09:00:00,OP0028,M0030,,0.24,1509.0,1844.0,2.2,1,0,5,0,0,19.34,0.898,80.6
2025-09-06 09:42:00,OP0019,M0012,T00729,0.25,1541.0,2103.0,13.5,0,0,15,1,2,20.1,,44.6
2025-09-06 10:00:00,OP0015,M0024,,0.144,1467.0,1711.0,13.6,1,0,1,1,0,15.87,0.317,79.4
2025-09-06 11:00:00,OP0030,M0027,,0.176,1631.0,1889.0,4.2,3,0,4,3,0,14.64,0.644,52.9
2025-09-06 11:00:00,OP0054,M0014,,0.036,1982.0,2128.0,17.4,0,0,3,1,0,13.3,0.689,88.3
2025-09-06 11:00:00,OP0029,M0036,,0.301,1578.0,1710.0,4.4,1,1,4,1,0,31.67,0.678,69.9
2025-09-06 12:00:00,OP0051,M0028,,0.195,1809.0,2001.0,3.6,1,0,2,0,0,7.44,0.895,87.9
2025-09-06 13:00:00,OP0040,M0023,,0.071,1854.0,2248.0,2.7,1,0,5,0,0,14.11,0.757,93.1
2025-09-06 13:00:00,OP0042,M0027,,0.145,1603.0,1743.0,4.2,1,0,5,0,0,16.88,0.849,91.9
2025-09-06 13:00:00,OP0015,M0040,,0.321,1830.0,2140.0,4.2,0,1,6,1,0,11.09,0.3,64.4
2025-09-06 14:00:00,OP0019,M0004,,0.145,1751.0,2150.0,8.4,0,0,5,0,0,5.79,0.557,93.1
2025-09-06 15:00:00,OP0013,M0004,,0.04,1947.0,2149.0,7.3,1,0,7,2,0,8.92,0.646,73.2
2025-09-06 15:00:00,OP0051,M0020,,0.225,1954.0,2112.0,5.2,3,0,8,0,0,5.49,0.94,75.4
2025-09-07 06:43:00,OP0005,M0015,T00104,0.357,1430.0,2147.0,1.5,0,0,3,0,0,14.31,,87.0
2025-09-07 07:00:00,OP0017,M0011,,0.112,2442.0,2600.0,11.5,2,1,5,0,0,8.95,0.876,82.5
2025-09-07 07:00:00,OP0006,M0017,,0.044,2366.0,2600.0,6.8,2,0,2,2,0,8.28,0.94,75.0
2025-09-07 07:00:00,OP0008,M0002,,0.242,2500.0,2600.0,2.4,0,0,3,1,2,20.91,0.52,60.8
2025-09-07 07:00:00,OP0016,M0008,,0.218,2055.0,2168.0,1.4,0,1,4,0,0,13.57,0.764,81.0
2025-09-07 07:00:00,OP0018,M0011,,0.125,1726.0,2097.0,11.7,1,0,9,0,0,11.65,0.817,80.9
2025-09-07 07:36:00,OP0018,M0001,T00413,0.167,1417.0,1871.0,1.4,0,0,4,0,1,14.83,,85.6
2025-09-07 08:00:00,OP0035,M0035,,0.035,1602.0,1727.0,8.6,0,0,3,0,2,11.37,0.859,85.2
2025-09-07 08:00:00,OP0039,M0012,,0.09,1652.0,1931.0,22.5,0,2,3,0,0,13.9,0.861,83.3
2025-09-07 09:00:00,OP0035,M0011,,0.01,1923.0,2086.0,5.0,2,0,6,0,0,6.28,0.894,88.8
2025-09-07 09:00:00,OP0015,M0009,,0.292,1382.0,1558.0,1.2,0,0,1,0,0,23.42,0.424,81.8
2025-09-07 09:55:00,OP0026,M0017,T00771,0.128,1755.0,2260.0,4.4,0,0,7,0,0,12.31,,92.3
2025-09-07 10:00:00,OP0018,M0035,,0.262,1640.0,1827.0,11.1,0,0,7,1,0,10.97,0.869,68.6
2025-09-07 10:00:00,OP0038,M0028,,0.224,1855.0,2096.0,1.9,0,2,5,1,0,25.94,0.459,72.9
2025-09-07 10:00:00,OP0019,M0028,,0.245,1888.0,2043.0,2.2,0,0,3,1,0,8.21,0.642,77.0
2025-09-07 11:00:00,OP0041,M0024,,0.286,1764.0,2010.0,11.8,1,2,6,0,0,10.08,0.866,75.9
2025-09-07 11:00:00,OP0008,M0031,,0.248,2500.0,2600.0,4.4,1,0,12,1,1,11.33,0.424,52.3
2025-09-07 12:00:00,OP0047,M0012,,0.01,2495.0,2600.0,14.6,1,0,5,0,0,11.13,1.065,98.2
2025-09-07 12:01:00,OP0054,M0011,T00802,0.333,1639.0,2484.0,2.5,0,0,1,0,1,7.47,,59.4
2025-09-07 13:00:00,OP0050,M0021,,0.154,1693.0,2011.0,12.6,0,2,4,0,0,10.82,0.93,83.2
2025-09-07 13:40:00,OP0033,M0006,T00657,0.255,1513.0,2217.0,1.8,0,0,5,0,0,7.32,,85.7
2025-09-07 14:00:00,OP0028,M0024,,0.261,1781.0,2097.0,4.8,2,5,8,0,0,13.84,0.87,63.6
2025-09-07 14:00:00,OP0045,M0009,,0.302,2042.0,2423.0,4.4,1,0,9,1,0,12.89,0.713,73.1
2025-09-07 14:00:00,OP0019,M0001,,0.199,1751.0,2079.0,3.4,2,1,7,0,0,23.33,0.465,81.9
2025-09-07 14:00:00,OP0041,M0007,,0.368,2093.0,2287.0,4.4,1,0,4,0,0,12.21,0.941,71.7
2025-09-07 14:50:00,OP0014,M0039,T00366,0.163,1547.0,2040.0,1.9,0,0,22,0,0,16.12,,73.3
2025-09-07 15:00:00,OP0024,M0025,,0.079,2096.0,2484.0,3.5,0,0,9,0,0,14.45,0.605,89.3
2025-09-07 15:00:00,OP0006,M0032,,0.059,1874.0,2216.0,4.8,0,1,4,0,0,21.17,0.894,99.3
2025-09-08 06:00:00,OP0043,M0030,,0.01,1716.0,1939.0,4.3,1,1,10,0,0,21.39,0.853,85.7
2025-09-08 06:00:00,OP0016,M0032,,0.219,1980.0,2198.0,3.0,1,1,4,0,1,18.21,0.757,70.0
2025-09-08 06:00:00,OP0021,M0039,,0.214,1770.0,2025.0,4.0,1,0,7,0,0,23.62,0.884,81.3
2025-09-08 09:00:00,OP0032,M0009,,0.119,1630.0,1974.0,1.5,0,0,6,1,0,8.93,0.834,83.4
2025-09-08 10:53:00,OP0048,M0036,T00255,0.379,1347.0,2013.0,2.0,1,0,9,1,2,15.81,,46.5
2025-09-08 12:00:00,OP0027,M0004,,0.229,1428.0,1782.0,2.5,1,2,4,1,0,7.44,0.594,73.4
2025-09-08 12:00:00,OP0043,M0005,,0.053,1749.0,2104.0,4.2,1,0,5,0,0,17.4,0.999,91.4
2025-09-08 12:06:00,OP0030,M0029,T00538,0.208,1457.0,1942.0,2.6,0,0,28,0,0,18.94,,66.5
2025-09-08 13:00:00,OP0054,M0038,,0.01,1961.0,2255.0,1.1,1,1,6,0,1,11.82,0.7,76.8
2025-09-08 14:00:00,OP0001,M0039,,0.138,1592.0,1814.0,4.1,0,2,3,0,0,12.09,0.62,87.4
2025-09-08 14:00:00,OP0032,M0030,,0.115,1774.0,1955.0,3.9,0,2,11,0,0,8.39,0.966,83.2
2025-09-08 14:00:00,OP0023,M0040,,0.185,1947.0,2088.0,3.4,1,3,4,0,1,10.87,0.357,70.4
2025-09-09 06:00:00,OP0018,M0042,,0.196,1514.0,1856.0,4.3,0,2,7,1,0,16.71,0.793,68.4
2025-09-09 06:00:00,OP0020,M0032,,0.194,1662.0,1936.0,5.3,0,1,2,0,0,9.89,0.379,77.3
2025-09-09 07:00:00,OP0026,M0036,,0.059,1803.0,2040.0,3.2,0,2,5,0,1,9.41,0.829,83.6
2025-09-09 07:00:00,OP0050,M0011,,0.01,2229.0,2430.0,3.5,2,0,7,0,0,9.46,0.936,85.0
2025-09-09 07:00:00,OP0054,M0016,,0.092,1927.0,2075.0,4.9,0,1,6,1,0,12.52,0.737,84.6
2025-09-09 08:00:00,OP0040,M0006,,0.03,1936.0,2186.0,2.4,0,0,4,0,1,9.54,0.855,82.2
2025-09-09 09:00:00,OP0034,M0009,,0.249,1461.0,1657.0,4.5,1,1,11,0,0,21.7,0.849,78.7
2025-09-09 09:00:00,OP0035,M0038,,0.073,1223.0,1347.0,6.4,0,0,9,0,1,18.78,0.974,80.0
2025-09-09 09:00:00,OP0013,M0021,,0.06,1820.0,2211.0,12.0,0,0,6,0,0,12.79,0.568,96.2
2025-09-09 09:00:00,OP0024,M0018,,0.155,1705.0,1815.0,4.0,0,0,2,0,0,10.4,0.651,92.7
2025-09-09 09:00:00,OP0006,M0025,,0.095,2145.0,2403.0,13.1,0,0,4,1,0,20.36,0.803,83.7
2025-09-09 09:00:00,OP0025,M0042,,0.072,1662.0,2059.0,2.4,0,1,11,0,0,15.02,0.981,87.1
2025-09-09 09:28:00,OP0045,M0014,T00030,0.242,1726.0,2399.0,9.8,0,0,18,2,4,23.24,,21.6
2025-09-09 10:00:00,OP0006,M0034,,0.156,1990.0,2102.0,4.0,1,3,6,0,0,23.04,0.801,79.0
2025-09-09 11:00:00,OP0025,M0037,,0.232,1709.0,2044.0,2.2,1,1,4,0,1,13.34,1.052,68.0
2025-09-09 11:00:00,OP0030,M0038,,0.234,1432.0,1606.0,2.3,0,0,9,0,0,17.99,0.975,85.8
2025-09-09 11:00:00,OP0006,M0029,,0.17,1973.0,2308.0,3.8,0,2,4,1,0,18.95,0.941,74.7
2025-09-09 12:00:00,OP0043,M0002,,0.019,1653.0,1878.0,9.3,0,2,8,0,0,12.96,0.944,85.0
2025-09-09 12:00:00,OP0043,M0014,,0.111,1781.0,2180.0,14.6,0,0,7,0,0,18.02,0.877,86.8
2025-09-09 13:00:00,OP0039,M0006,,0.082,1866.0,2098.0,5.3,1,1,9,1,1,11.56,0.978,67.9
2025-09-09 13:00:00,OP0002,M0007,,0.081,2134.0,2345.0,7.6,0,0,6,0,0,6.71,0.816,100.0
2025-09-09 13:00:00,OP0008,M0028,,0.258,2319.0,2463.0,4.7,1,1,2,3,2,9.48,0.404,35.4
2025-09-09 14:00:00,OP0009,M0004,,0.247,1958.0,2175.0,7.6,0,2,8,0,0,14.12,0.769,73.0
2025-09-09 14:08:00,OP0032,M0011,T00164,0.182,1712.0,2400.0,1.6,0,0,7,0,0,8.12,,84.9
2025-09-09 15:00:00,OP0049,M0006,,0.224,2019.0,2189.0,5.8,2,0,7,0,0,9.91,0.832,77.0
2025-09-09 15:33:00,OP0055,M0041,T00028,0.2,1722.0,2411.0,1.8,0,0,12,1,1,8.31,,60.8
2025-09-10 06:00:00,OP0019,M0022,,0.303,2111.0,2243.0,9.1,2,0,8,4,1,32.84,0.493,33.8
2025-09-10 08:00:00,OP0018,M0023,,0.045,1479.0,1720.0,3.2,0,0,4,2,0,14.82,0.685,83.1
2025-09-10 08:50:00,OP0016,M0023,T00442,0.158,1903.0,2552.0,4.4,0,1,13,1,2,17.92,,54.3
2025-09-10 08:59:00,OP0032,M0012,T00147,0.146,1681.0,2200.0,12.0,0,0,17,1,0,23.65,,70.7
2025-09-10 09:00:00,OP0043,M0033,,0.012,1666.0,2054.0,12.9,0,0,10,0,0,13.14,0.773,97.0
2025-09-10 10:00:00,OP0007,M0042,,0.151,1744.0,1993.0,5.7,0,0,6,3,0,16.06,0.488,70.1
2025-09-10 10:42:00,OP0003,M0021,T00309,0.232,1500.0,2002.0,4.4,0,0,7,0,0,10.12,,87.3
2025-09-10 11:00:00,OP0033,M0027,,0.12,1515.0,1736.0,1.7,0,1,4,2,0,19.01,0.897,69.7
2025-09-10 12:00:00,OP0027,M0029,,0.128,1501.0,1711.0,6.4,3,1,6,1,3,19.33,0.651,47.1
2025-09-10 12:00:00,OP0049,M0038,,0.25,1749.0,2129.0,5.4,1,0,3,0,0,20.93,0.798,82.4
2025-09-10 12:00:00,OP0049,M0031,,0.263,1849.0,2104.0,10.7,3,1,6,0,0,15.53,0.787,75.5
2025-09-10 12:00:00,OP0047,M0031,,0.05,2500.0,2600.0,13.2,2,0,7,1,0,13.29,1.017,79.3
2025-09-10 12:28:00,OP0028,M0035,T00582,0.223,1442.0,1911.0,3.0,1,0,14,0,0,10.3,,73.3
2025-09-10 13:00:00,OP0014,M0013,,0.09,2090.0,2461.0,1.6,0,1,9,1,1,8.3,1.121,73.1
2025-09-10 13:00:00,OP0022,M0003,,0.043,1863.0,2131.0,6.6,0,1,5,2,0,9.14,0.527,70.1
2025-09-10 14:00:00,OP0045,M0039,,0.3,1791.0,1903.0,3.6,0,1,9,2,0,26.95,0.499,53.0
2025-09-10 15:00:00,OP0055,M0017,,0.21,2019.0,2304.0,2.6,0,1,9,0,2,9.18,0.718,59.1
2025-09-10 15:00:00,OP0013,M0025,,0.01,1880.0,2235.0,12.3,1,1,5,0,0,18.45,0.609,93.8
2025-09-10 15:00:00,OP0015,M0034,,0.259,1410.0,1705.0,3.9,2,2,9,2,0,18.4,0.439,49.6
2025-09-11 06:00:00,OP0054,M0023,,0.051,1908.0,2273.0,4.9,1,1,7,1,0,13.54,0.556,84.1
2025-09-11 06:00:00,OP0039,M0008,,0.049,1767.0,2153.0,4.1,2,0,8,1,0,22.46,0.848,81.1
2025-09-11 06:00:00,OP0006,M0039,,0.076,2500.0,2600.0,4.3,3,0,5,1,0,11.19,0.873,70.3
2025-09-11 07:00:00,OP0020,M0042,,0.216,1623.0,1851.0,5.9,0,2,1,0,1,27.44,0.377,73.5
2025-09-11 07:00:00,OP0047,M0030,,0.037,2008.0,2404.0,1.2,2,0,3,0,0,8.08,0.943,95.1
2025-09-11 08:00:00,OP0038,M0004,,0.25,2014.0,2133.0,8.6,1,1,8,0,0,9.32,0.642,75.7
2025-09-11 08:00:00,OP0021,M0006,,0.112,2066.0,2410.0,10.5,2,0,7,0,0,6.61,0.847,92.3
2025-09-11 09:00:00,OP0055,M0031,,0.199,1993.0,2383.0,11.5,0,0,7,0,2,9.12,0.718,67.6
2025-09-11 10:00:00,OP0032,M0033,,0.095,2137.0,2298.0,12.0,2,0,7,1,0,7.82,1.004,77.5
2025-09-11 10:00:00,OP0009,M0019,,0.259,1875.0,2140.0,3.2,0,1,11,1,0,7.34,0.654,68.8
2025-09-11 10:00:00,OP0018,M0023,,0.119,1836.0,2044.0,13.9,2,1,8,1,0,15.96,0.712,76.5
2025-09-11 11:00:00,OP0012,M0024,,0.161,1932.0,2225.0,4.2,0,1,3,2,0,9.14,0.697,64.8
2025-09-11 12:00:00,OP0021,M0025,,0.157,2047.0,2389.0,6.9,1,1,7,0,1,10.43,0.784,72.7
2025-09-11 13:00:00,OP0032,M0004,,0.041,2039.0,2384.0,2.4,1,0,3,0,0,8.12,1.013,95.0
2025-09-11 14:00:00,OP0035,M0001,,0.01,1419.0,1691.0,2.4,0,0,6,0,0,11.03,0.957,100.0
2025-09-11 14:00:00,OP0021,M0006,,0.192,2106.0,2307.0,8.4,2,0,9,0,0,11.11,0.903,78.2
2025-09-11 14:00:00,OP0012,M0006,,0.237,2126.0,2404.0,6.5,0,1,5,0,0,5.06,0.625,82.3
2025-09-11 14:00:00,OP0005,M0028,,0.184,1823.0,2010.0,1.0,2,0,8,3,0,8.91,0.681,54.6
2025-09-11 15:00:00,OP0007,M0002,,0.243,1691.0,1839.0,7.8,0,0,4,0,2,12.68,0.572,69.1
2025-09-11 15:00:00,OP0025,M0023,,0.204,1926.0,2146.0,14.8,0,0,4,0,0,22.78,1.004,81.6
2025-09-11 15:22:00,OP0016,M0027,T00207,0.321,1557.0,2296.0,1.2,0,0,17,2,0,15.6,,50.8
2025-09-12 06:00:00,OP0020,M0003,,0.186,1501.0,1824.0,2.6,0,1,8,0,0,28.5,0.522,84.4
2025-09-12 06:52:00,OP0020,M0022,T00294,0.179,1523.0,1978.0,10.6,0,0,25,1,0,20.46,,64.9
2025-09-12 09:00:00,OP0051,M0023,,0.143,1748.0,1985.0,6.6,0,0,4,0,0,19.93,0.682,97.8
2025-09-12 11:00:00,OP0052,M0038,,0.189,2002.0,2256.0,5.1,1,0,6,2,0,22.09,0.812,71.8
2025-09-12 11:00:00,OP0038,M0026,,0.244,1979.0,2331.0,3.3,0,0,4,1,0,8.92,0.573,81.8
2025-09-12 12:00:00,OP0015,M0007,,0.25,1776.0,1920.0,4.7,0,1,3,0,0,5.45,0.315,88.7
2025-09-12 12:30:00,OP0027,M0009,T00569,0.362,1275.0,1893.0,1.2,0,0,17,0,1,11.92,,51.9
2025-09-12 13:00:00,OP0032,M0019,,0.109,1866.0,2121.0,11.6,0,0,5,1,0,7.04,0.881,87.9
2025-09-12 13:00:00,OP0049,M0021,,0.196,1732.0,2032.0,12.6,0,2,6,0,0,12.24,0.772,95.1
2025-09-12 14:00:00,OP0012,M0041,,0.148,1994.0,2135.0,4.2,0,0,5,0,0,8.23,0.821,96.1
2025-09-12 15:00:00,OP0055,M0010,,0.199,1931.0,2049.0,15.0,0,2,5,1,1,12.85,0.777,70.2
2025-09-13 06:00:00,OP0046,M0009,T00330,0.391,1424.0,2212.0,1.1,0,0,7,1,0,13.73,,64.0
2025-09-13 06:00:00,OP0020,M0007,,0.237,2081.0,2303.0,3.3,0,0,9,1,0,9.74,0.593,77.2
2025-09-13 06:00:00,OP0032,M0030,,0.077,1794.0,2171.0,1.7,1,0,2,0,0,12.85,1.071,94.0
2025-09-13 07:00:00,OP0054,M0039,,0.023,1814.0,1919.0,3.3,2,1,4,0,1,8.72,0.773,77.7
2025-09-13 07:00:00,OP0054,M0032,,0.077,1681.0,2078.0,7.2,0,0,5,0,0,12.34,0.695,100.0
2025-09-13 08:00:00,OP0041,M0014,,0.24,1886.0,2178.0,10.5,1,3,4,0,1,18.12,0.688,60.9
2025-09-13 08:00:00,OP0014,M0008,,0.121,1747.0,1988.0,4.7,0,2,6,1,0,15.56,1.109,72.9
2025-09-13 08:00:00,OP0044,M0011,,0.132,2156.0,2340.0,2.3,2,3,9,0,0,3.9,1.053,73.5
2025-09-13 08:00:00,OP0023,M0041,,0.138,2273.0,2448.0,1.0,3,2,9,1,0,10.71,0.599,65.6
2025-09-13 09:00:00,OP0011,M0012,,0.265,1775.0,1888.0,8.3,0,1,7,0,0,18.03,0.686,79.7
2025-09-13 09:00:00,OP0031,M0030,,0.075,2078.0,2329.0,4.5,2,0,4,1,2,13.4,0.72,61.5
2025-09-13 09:00:00,OP0007,M0018,,0.204,1613.0,1901.0,1.1,1,0,5,1,0,20.2,0.643,76.7
2025-09-13 09:43:00,OP0045,M0019,T00280,0.108,1981.0,2590.0,2.9,0,1,10,1,1,10.03,,63.5
2025-09-13 10:00:00,OP0029,M0028,,0.196,1946.0,2285.0,4.2,0,2,9,0,1,14.14,0.443,68.8
2025-09-13 10:00:00,OP0042,M0041,,0.069,1747.0,2035.0,7.1,0,0,10,1,3,9.09,0.728,54.2
2025-09-13 11:00:00,OP0030,M0026,,0.188,1745.0,2113.0,6.5,0,1,7,1,0,10.74,0.838,75.0
2025-09-13 12:00:00,OP0020,M0037,,0.272,1849.0,2113.0,5.8,2,1,5,2,0,8.09,0.685,56.4
2025-09-13 13:00:00,OP0003,M0028,,0.174,1669.0,1800.0,3.5,0,0,2,0,0,14.28,0.587,93.1
2025-09-13 14:00:00,OP0023,M0005,,0.18,2162.0,2269.0,3.0,0,2,10,1,1,25.68,0.3,57.7
2025-09-13 14:00:00,OP0018,M0014,,0.15,1536.0,1745.0,15.3,0,1,6,0,1,16.96,0.77,78.0
2025-09-13 14:07:00,OP0022,M0038,T00553,0.212,1562.0,2099.0,2.3,0,0,31,1,1,20.41,,45.3
2025-09-13 15:00:00,OP0002,M0008,,0.21,1857.0,2044.0,1.5,0,1,8,0,0,11.5,0.814,80.5
2025-09-13 15:00:00,OP0025,M0013,,0.177,1901.0,2134.0,7.5,0,0,8,0,0,7.2,1.011,90.2
2025-09-13 15:00:00,OP0027,M0012,,0.264,1768.0,1898.0,2.9,0,0,4,1,0,33.49,0.778,75.3
2025-09-13 15:42:00,OP0043,M0012,T00694,0.196,1567.0,2095.0,13.8,0,1,4,0,1,21.12,,75.2
2025-09-14 07:00:00,OP0036,M0005,,0.14,1640.0,1974.0,7.0,2,2,7,1,0,15.6,0.614,71.3
2025-09-14 07:00:00,OP0015,M0041,,0.239,1502.0,1694.0,4.5,0,1,12,0,0,11.08,0.3,80.9
2025-09-14 09:00:00,OP0049,M0009,,0.174,1983.0,2136.0,2.1,0,0,6,0,0,22.56,0.643,91.4
2025-09-14 10:00:00,OP0004,M0022,,0.058,2027.0,2213.0,22.0,0,0,4,0,0,20.81,0.929,92.5
2025-09-14 10:00:00,OP0042,M0034,,0.213,1533.0,1730.0,3.7,1,1,1,0,0,23.11,0.818,78.4
2025-09-14 11:00:00,OP0048,M0020,,0.123,2007.0,2281.0,2.6,1,0,5,0,0,4.62,0.616,94.4
2025-09-14 11:08:00,OP0024,M0034,T00565,0.268,1520.0,2159.0,1.3,1,0,19,1,0,15.35,,62.3
2025-09-14 11:58:00,OP0052,M0029,T00042,0.367,1450.0,2191.0,2.1,0,0,16,1,1,18.03,,51.2
2025-09-14 12:00:00,OP0051,M0037,,0.199,1949.0,2111.0,5.7,0,0,3,0,0,10.94,0.842,90.6
2025-09-14 12:00:00,OP0048,M0034,,0.046,1569.0,1874.0,3.4,0,0,3,0,1,8.59,0.808,86.6
2025-09-14 13:00:00,OP0050,M0019,,0.155,1943.0,2320.0,10.5,0,0,4,0,0,10.71,0.934,90.6
2025-09-14 15:00:00,OP0002,M0031,,0.139,2114.0,2512.0,6.8,1,1,2,0,0,22.41,0.719,94.3
2025-09-14 15:00:00,OP0004,M0015,,0.107,1889.0,2053.0,1.8,0,0,8,0,0,12.36,0.789,88.9
2025-09-14 15:00:00,OP0024,M0010,,0.121,1588.0,1828.0,26.0,0,1,6,0,0,21.73,0.787,88.5
2025-09-14 15:00:00,OP0039,M0040,,0.133,1833.0,2057.0,8.8,0,1,5,0,0,20.35,0.699,88.9
2025-09-14 15:43:00,OP0025,M0037,T00352,0.219,1683.0,2289.0,3.3,1,0,6,2,1,9.65,,50.9
2025-09-15 06:00:00,OP0051,M0020,,0.239,1890.0,2031.0,10.6,2,0,9,0,0,8.32,0.802,77.2
2025-09-15 08:00:00,OP0055,M0005,,0.177,1913.0,2244.0,11.0,0,1,5,0,1,18.81,0.782,77.3
2025-09-15 08:00:00,OP0044,M0039,,0.137,2108.0,2482.0,2.7,0,0,7,0,0,19.02,0.878,94.6
2025-09-15 09:00:00,OP0028,M0041,,0.328,1805.0,2185.0,9.8,1,0,5,0,1,6.62,0.842,69.7
2025-09-15 09:00:00,OP0043,M0029,,0.139,1510.0,1786.0,3.9,1,1,16,0,0,21.84,1.048,74.7
2025-09-15 10:14:00,OP0049,M0033,T00583,0.18,1702.0,2250.0,4.6,0,0,3,1,0,11.85,,86.1
2025-09-15 11:00:00,OP0026,M0013,,0.15,2338.0,2494.0,2.8,1,2,5,2,1,11.73,0.946,64.9
2025-09-15 11:00:00,OP0026,M0039,,0.04,1947.0,2236.0,1.1,1,1,5,0,0,9.82,0.681,100.0
2025-09-15 12:00:00,OP0027,M0009,,0.221,1366.0,1599.0,3.6,2,0,10,1,1,14.3,0.765,60.9
2025-09-15 12:00:00,OP0049,M0011,,0.136,2111.0,2360.0,6.3,1,0,9,0,0,7.33,0.82,84.9
2025-09-15 13:00:00,OP0053,M0003,,0.168,2477.0,2600.0,6.5,1,1,5,1,0,18.86,0.769,74.9
2025-09-15 14:00:00,OP0046,M0022,,0.264,1955.0,2331.0,16.3,0,2,14,0,0,20.38,0.666,69.3
2025-09-15 15:00:00,OP0011,M0001,,0.287,1822.0,1967.0,3.5,0,1,8,0,2,22.67,0.565,55.9
2025-09-15 15:00:00,OP0044,M0020,,0.167,2089.0,2417.0,7.1,3,0,6,0,1,10.77,0.982,68.2
2025-09-16 06:00:00,OP0052,M0017,,0.199,2013.0,2212.0,3.0,0,1,10,0,0,14.63,0.541,76.2
2025-09-16 07:00:00,OP0036,M0022,,0.25,1793.0,2014.0,10.7,0,1,9,1,0,24.34,0.501,68.5
2025-09-16 09:00:00,OP0006,M0042,,0.01,2413.0,2600.0,3.1,0,2,4,2,0,26.57,0.945,85.2
2025-09-16 09:14:00,OP0008,M0015,T00825,0.236,2047.0,2939.0,1.8,0,0,8,0,0,22.07,,82.1
2025-09-16 10:00:00,OP0020,M0035,,0.251,1530.0,1837.0,2.2,2,2,9,0,0,14.77,0.471,69.5
2025-09-16 10:00:00,OP0008,M0021,,0.152,2500.0,2600.0,8.2,0,0,6,0,2,10.13,0.483,67.5
2025-09-16 10:06:00,OP0024,M0041,T00187,0.229,1724.0,2468.0,2.6,0,0,27,3,0,8.28,,42.6
2025-09-16 10:47:00,OP0055,M0017,T00556,0.375,1444.0,2179.0,3.6,1,0,22,0,0,9.12,,53.0
2025-09-16 11:00:00,OP0033,M0038,,0.13,1693.0,1831.0,3.2,1,1,3,0,0,21.43,1.013,82.0
2025-09-16 11:00:00,OP0002,M0022,,0.109,2058.0,2225.0,9.5,0,2,5,0,0,13.11,0.792,84.2
2025-09-16 11:00:00,OP0029,M0011,,0.265,1887.0,2029.0,4.7,2,0,3,1,1,4.72,0.742,61.5
2025-09-16 12:00:00,OP0022,M0036,,0.132,1887.0,2107.0,5.6,1,1,12,3,0,26.31,1.046,58.4
2025-09-16 12:06:00,OP0003,M0013,T00228,0.217,1584.0,2240.0,2.7,0,0,0,0,0,7.15,,84.2
2025-09-16 13:00:00,OP0016,M0042,,0.271,2064.0,2171.0,4.7,2,0,5,1,0,24.08,0.804,69.3
2025-09-16 13:00:00,OP0034,M0026,,0.24,1532.0,1739.0,9.8,0,0,5,0,0,14.52,1.045,85.3
2025-09-16 13:00:00,OP0055,M0023,,0.196,1934.0,2220.0,7.2,0,1,3,0,1,12.7,0.584,74.5
2025-09-16 13:00:00,OP0047,M0005,,0.032,2500.0,2600.0,23.2,0,1,5,3,0,24.16,0.959,74.1
2025-09-16 13:18:00,OP0046,M0028,T00340,0.231,1591.0,2179.0,1.5,0,0,4,1,0,15.79,,71.5
2025-09-16 14:00:00,OP0027,M0030,,0.202,1686.0,1820.0,1.5,4,0,6,1,1,23.62,0.741,55.1
2025-09-17 07:00:00,OP0043,M0007,,0.01,2018.0,2231.0,1.5,0,1,3,0,0,5.63,0.921,98.1
2025-09-17 07:00:00,OP0020,M0016,,0.255,1714.0,1900.0,1.7,0,0,6,0,0,10.75,0.3,74.0
2025-09-17 08:00:00,OP0043,M0041,,0.01,2003.0,2218.0,9.6,1,0,4,0,0,4.64,1.015,100.0
2025-09-17 08:00:00,OP0025,M0029,,0.205,1848.0,1980.0,5.2,1,0,7,0,1,11.88,0.997,74.6
2025-09-17 08:00:00,OP0030,M0011,,0.168,1931.0,2226.0,1.3,1,0,6,0,0,11.9,0.886,85.6
2025-09-17 09:00:00,OP0026,M0029,,0.127,1839.0,2062.0,7.0,0,1,2,2,0,19.6,0.675,78.0
2025-09-17 09:00:00,OP0020,M0031,,0.123,1788.0,2095.0,12.4,0,0,5,0,0,14.42,0.441,98.0
2025-09-17 09:00:00,OP0037,M0020,,0.195,2280.0,2590.0,5.8,0,0,5,0,0,6.68,0.551,87.1
2025-09-17 10:00:00,OP0025,M0026,,0.224,1924.0,2134.0,11.9,1,0,5,0,0,11.62,1.047,83.6
2025-09-17 10:00:00,OP0025,M0005,,0.205,1874.0,2190.0,13.8,2,2,10,0,1,12.37,0.887,63.4
2025-09-17 10:12:00,OP0001,M0010,T00278,0.087,1781.0,2240.0,13.7,0,0,18,0,0,23.96,,83.9
2025-09-17 12:00:00,OP0027,M0017,,0.284,1546.0,1825.0,5.3,2,1,4,0,0,7.06,0.691,76.8
2025-09-17 12:00:00,OP0012,M0036,,0.212,1737.0,2119.0,4.2,1,2,8,1,1,17.2,0.981,57.6
2025-09-17 12:00:00,OP0049,M0032,,0.253,1992.0,2268.0,5.5,2,2,1,0,0,16.91,0.629,68.2
2025-09-17 13:00:00,OP0004,M0021,,0.017,2213.0,2575.0,6.1,1,0,6,0,0,7.31,0.817,93.2
2025-09-17 13:00:00,OP0007,M0027,,0.163,1583.0,1889.0,3.6,0,2,11,3,0,13.21,0.448,58.4
2025-09-17 13:00:00,OP0008,M0022,,0.252,2286.0,2445.0,27.7,0,1,5,1,0,27.5,0.369,73.2
2025-09-17 13:00:00,OP0003,M0036,,0.256,1571.0,1695.0,2.0,0,0,5,0,0,26.81,0.813,82.4
2025-09-17 14:00:00,OP0022,M0018,,0.082,1708.0,1816.0,2.9,2,0,9,0,1,8.08,0.855,78.7
2025-09-18 06:00:00,OP0023,M0034,,0.105,1938.0,2329.0,4.6,1,2,6,0,1,14.15,0.551,67.7
2025-09-18 06:00:00,OP0002,M0039,,0.188,1610.0,1772.0,3.8,0,0,8,0,0,22.01,0.926,81.7
2025-09-18 06:28:00,OP0050,M0034,T00736,0.211,1552.0,2055.0,2.0,0,0,10,0,1,15.85,,73.8
2025-09-18 07:00:00,OP0046,M0036,,0.228,1926.0,2053.0,3.6,1,0,9,0,0,17.43,0.729,82.8
2025-09-18 07:00:00,OP0039,M0034,,0.121,1718.0,2002.0,1.3,1,0,8,3,0,17.64,0.871,67.9
2025-09-18 08:00:00,OP0047,M0003,,0.01,2148.0,2497.0,4.2,0,0,6,1,0,26.71,1.005,92.3
2025-09-18 08:00:00,OP0053,M0037,,0.056,2500.0,2600.0,5.1,0,0,7,0,1,5.71,0.629,88.0
2025-09-18 09:00:00,OP0007,M0014,,0.175,1733.0,1950.0,3.7,0,0,7,0,0,30.26,0.638,95.2
2025-09-18 09:00:00,OP0005,M0001,,0.22,1884.0,2222.0,2.3,4,1,6,1,0,7.58,0.825,64.4
2025-09-18 09:00:00,OP0025,M0020,,0.206,1853.0,2034.0,1.3,2,0,7,0,1,6.09,0.916,70.3
2025-09-18 10:00:00,OP0044,M0016,,0.223,1979.0,2101.0,4.8,2,0,6,1,0,13.05,0.781,64.2
2025-09-18 11:00:00,OP0009,M0020,,0.307,2013.0,2274.0,11.9,1,0,7,1,1,7.83,0.555,48.2
2025-09-18 11:00:00,OP0014,M0008,,0.117,1773.0,2005.0,3.6,0,1,6,0,0,22.55,0.953,87.6
2025-09-18 12:00:00,OP0019,M0034,,0.181,1804.0,2068.0,1.2,0,2,8,2,0,12.79,0.502,66.9
2025-09-18 12:00:00,OP0006,M0008,,0.102,2080.0,2339.0,2.0,0,3,8,0,0,22.07,0.895,80.8
2025-09-18 13:00:00,OP0052,M0010,,0.138,1838.0,1983.0,5.9,1,2,4,3,0,13.95,0.644,56.9
2025-09-18 13:00:00,OP0022,M0038,,0.082,1740.0,2021.0,5.8,0,1,5,1,1,23.12,1.007,65.6
2025-09-18 13:00:00,OP0050,M0041,,0.058,1719.0,1877.0,1.1,0,0,5,0,0,6.96,0.888,95.4
2025-09-18 14:00:00,OP0004,M0018,,0.148,2003.0,2191.0,1.4,1,1,5,1,0,11.25,0.756,75.9
2025-09-18 14:57:00,OP0039,M0038,T00466,0.279,1417.0,1968.0,2.6,0,0,30,0,0,17.28,,64.2
2025-09-18 15:00:00,OP0037,M0042,,0.219,2212.0,2556.0,6.1,0,0,7,0,1,28.35,0.419,73.1
2025-09-18 15:57:00,OP0014,M0028,T00796,0.25,1459.0,2019.0,1.3,0,0,4,3,0,14.86,,54.9
2025-09-19 06:00:00,OP0045,M0022,,0.235,2234.0,2432.0,5.5,1,0,5,2,0,17.06,0.681,69.0
2025-09-19 07:00:00,OP0051,M0011,,0.069,2028.0,2348.0,4.0,0,2,8,0,0,5.1,1.075,82.4
2025-09-19 07:10:00,OP0015,M0026,T00338,0.264,1378.0,1897.0,3.7,0,0,17,0,0,8.88,,67.9
2025-09-19 08:00:00,OP0038,M0037,,0.162,1664.0,1839.0,5.4,2,2,11,1,0,13.42,0.437,68.3
2025-09-19 08:00:00,OP0035,M0041,,0.155,1727.0,2034.0,10.1,0,2,8,0,0,4.9,0.82,87.1
2025-09-19 08:00:00,OP0049,M0042,,0.15,1577.0,1961.0,2.7,1,1,12,0,0,18.58,0.89,76.1
2025-09-19 09:00:00,OP0046,M0017,,0.278,2142.0,2298.0,7.6,0,0,6,1,0,15.92,0.618,73.9
2025-09-19 09:05:00,OP0020,M0040,T00460,0.167,1585.0,2087.0,2.3,0,0,44,1,0,14.0,,43.5
2025-09-19 10:00:00,OP0035,M0041,,0.083,1669.0,1970.0,3.9,0,0,3,0,0,10.65,0.791,94.3
2025-09-19 10:00:00,OP0014,M0010,,0.13,2008.0,2123.0,13.7,1,1,6,1,0,17.05,0.776,79.8
2025-09-19 10:00:00,OP0043,M0006,,0.129,1970.0,2332.0,8.6,0,0,6,0,0,4.62,1.08,95.1
2025-09-19 11:00:00,OP0043,M0023,,0.106,1877.0,2085.0,4.6,1,1,8,1,0,22.02,0.972,77.3
2025-09-19 11:00:00,OP0002,M0022,,0.143,1757.0,2028.0,5.5,1,0,12,0,0,25.92,1.026,83.3
2025-09-19 11:00:00,OP0023,M0042,,0.15,2000.0,2390.0,7.1,1,1,7,0,1,24.29,0.447,68.1
2025-09-19 12:00:00,OP0037,M0026,,0.085,2044.0,2259.0,3.6,0,0,8,0,0,9.9,0.542,97.9
2025-09-19 12:00:00,OP0005,M0005,,0.231,2033.0,2428.0,13.5,2,0,5,2,1,24.49,0.762,56.9
2025-09-19 12:00:00,OP0050,M0039,,0.017,1742.0,2093.0,1.1,0,0,5,0,0,10.81,0.895,100.0
2025-09-19 13:00:00,OP0001,M0020,,0.08,1707.0,1911.0,4.6,3,0,9,0,0,7.21,0.906,79.3
2025-09-19 14:00:00,OP0009,M0021,,0.308,1652.0,1860.0,11.6,0,2,5,1,0,6.79,0.54,69.3
2025-09-19 15:00:00,OP0018,M0025,,0.163,1814.0,1983.0,13.2,2,2,4,0,1,10.73,0.529,68.8
2025-09-20 08:00:00,OP0026,M0016,,0.158,2009.0,2329.0,7.5,0,0,9,1,1,11.49,0.875,66.6
2025-09-20 08:00:00,OP0032,M0004,,0.01,1707.0,1983.0,8.8,1,1,9,0,0,7.07,0.923,87.1
2025-09-20 08:00:00,OP0034,M0040,,0.228,1811.0,2070.0,8.1,1,1,4,1,0,23.56,0.781,66.1
2025-09-20 09:00:00,OP0033,M0001,,0.173,1830.0,2205.0,1.9,0,1,3,0,0,13.21,0.792,89.1
2025-09-20 09:00:00,OP0002,M0023,,0.127,2043.0,2259.0,7.4,1,2,3,0,0,6.91,0.724,82.9
2025-09-20 09:00:00,OP0027,M0038,,0.235,1639.0,1837.0,5.4,0,1,2,2,1,10.51,0.712,60.6
2025-09-20 09:43:00,OP0024,M0020,T00389,0.115,1880.0,2468.0,2.0,0,0,8,1,0,8.78,,87.1
2025-09-20 10:00:00,OP0019,M0010,,0.165,1797.0,2197.0,15.4,2,0,5,0,0,23.48,0.516,92.1
2025-09-20 10:00:00,OP0042,M0038,,0.251,1804.0,1992.0,5.8,1,0,4,0,0,24.3,0.908,78.0
2025-09-20 10:00:00,OP0045,M0030,,0.252,1580.0,1956.0,2.0,0,6,8,0,0,7.16,0.332,68.7
2025-09-20 11:00:00,OP0002,M0015,,0.173,1807.0,2176.0,3.4,3,1,7,0,0,16.26,0.689,70.5
2025-09-20 11:00:00,OP0051,M0021,,0.137,1566.0,1850.0,4.8,0,0,5,0,0,11.12,0.789,92.4
2025-09-20 12:00:00,OP0025,M0006,,0.146,1922.0,2241.0,11.3,1,0,4,0,3,12.1,0.897,51.4
2025-09-20 12:00:00,OP0016,M0031,,0.176,2220.0,2356.0,8.2,0,0,6,1,1,10.95,0.89,72.5
2025-09-20 13:00:00,OP0041,M0011,,0.264,2178.0,2478.0,11.7,0,0,6,2,0,5.7,0.695,70.1
2025-09-20 14:00:00,OP0012,M0015,,0.126,2111.0,2329.0,2.7,1,0,2,1,2,23.19,0.786,63.8
2025-09-20 15:00:00,OP0033,M0008,,0.163,1631.0,1757.0,2.0,0,0,11,1,0,10.43,0.897,80.1
2025-09-20 15:00:00,OP0040,M0032,,0.101,1743.0,2051.0,4.1,0,0,6,0,0,27.5,0.692,90.3
2025-09-20 15:32:00,OP0035,M0027,T00547,0.208,1411.0,1891.0,1.6,0,0,20,0,0,14.02,,77.0
2025-09-21 07:00:00,OP0008,M0038,,0.169,2500.0,2600.0,6.7,0,1,5,0,2,23.58,0.434,65.7
2025-09-21 08:00:00,OP0029,M0006,,0.279,1666.0,2048.0,5.7,1,2,2,1,0,13.38,0.462,65.5
2025-09-21 08:00:00,OP0024,M0011,,0.163,1863.0,2086.0,7.9,1,0,6,0,0,5.38,0.697,91.1
2025-09-21 08:15:00,OP0027,M0031,T00223,0.392,1343.0,2073.0,2.3,0,0,16,1,3,11.54,,22.3
2025-09-21 09:00:00,OP0002,M0021,,0.213,2182.0,2462.0,2.3,0,2,3,0,0,15.84,0.855,78.2
2025-09-21 10:00:00,OP0015,M0023,,0.308,1692.0,2037.0,13.6,1,0,9,0,0,17.55,0.3,71.5
2025-09-21 11:00:00,OP0037,M0029,,0.104,2228.0,2432.0,3.8,0,1,8,0,0,25.49,0.652,87.0
2025-09-21 11:00:00,OP0030,M0029,,0.128,1664.0,1887.0,7.0,2,1,6,0,0,27.34,0.863,86.2
2025-09-21 11:00:00,OP0015,M0033,,0.242,1485.0,1832.0,7.6,1,0,8,3,0,13.38,0.3,59.0
2025-09-21 11:00:00,OP0047,M0017,,0.01,2087.0,2434.0,4.4,1,3,10,1,0,7.16,0.998,71.8
2025-09-21 12:00:00,OP0020,M0035,,0.2,1738.0,2116.0,6.2,0,0,9,0,0,16.93,0.639,82.5
2025-09-21 12:00:00,OP0046,M0033,,0.246,2316.0,2468.0,2.4,0,2,3,0,0,12.11,0.466,82.2
2025-09-21 13:00:00,OP0048,M0013,,0.061,1845.0,1999.0,9.4,1,0,5,2,0,6.39,0.642,75.8
2025-09-21 13:00:00,OP0029,M0012,,0.149,1801.0,2192.0,18.7,1,1,2,0,0,27.91,0.562,87.0
2025-09-21 13:48:00,OP0046,M0040,T00385,0.379,1525.0,2429.0,2.8,0,0,18,2,1,13.48,,36.8
2025-09-21 13:53:00,OP0004,M0005,T00288,0.095,1869.0,2385.0,7.5,0,0,23,0,0,26.49,,77.2
2025-09-21 14:00:00,OP0035,M0037,,0.08,1784.0,1961.0,2.4,1,2,10,0,0,12.19,0.872,77.0
2025-09-21 14:00:00,OP0014,M0039,,0.065,1728.0,1909.0,2.6,1,0,5,0,0,12.96,1.001,90.5
2025-09-21 14:00:00,OP0042,M0020,,0.136,1915.0,2098.0,6.6,0,0,7,0,1,8.83,0.875,77.6
2025-09-21 15:00:00,OP0006,M0025,,0.16,2199.0,2515.0,3.7,0,0,6,0,0,10.07,0.961,92.3
2025-09-21 15:00:00,OP0025,M0035,,0.231,1838.0,2021.0,8.3,0,2,5,0,1,17.1,0.831,65.1
2025-09-22 07:00:00,OP0041,M0018,,0.287,1848.0,2093.0,1.0,2,1,8,0,0,15.92,0.695,70.5
2025-09-22 07:00:00,OP0006,M0026,,0.098,2287.0,2413.0,1.9,1,0,5,0,0,13.56,0.819,99.0
2025-09-22 07:00:00,OP0032,M0039,,0.109,1635.0,1761.0,3.1,0,0,1,1,0,13.54,1.05,84.3
2025-09-22 07:00:00,OP0052,M0010,,0.264,2030.0,2185.0,9.9,0,1,7,1,0,22.84,0.53,74.9
2025-09-22 11:00:00,OP0036,M0022,,0.125,2153.0,2377.0,5.9,0,0,6,0,0,11.43,0.65,90.9
2025-09-22 11:00:00,OP0031,M0017,,0.01,2030.0,2410.0,1.2,2,0,10,0,2,14.5,0.532,71.6
2025-09-22 12:00:00,OP0015,M0022,,0.216,1620.0,1785.0,6.1,1,0,3,0,0,22.21,0.3,79.5
2025-09-22 12:00:00,OP0039,M0019,,0.085,1947.0,2313.0,6.2,2,1,7,0,0,11.38,0.811,83.8
2025-09-22 13:00:00,OP0039,M0002,,0.065,1685.0,1932.0,9.0,0,1,4,0,0,18.43,0.977,99.4
2025-09-22 13:00:00,OP0007,M0019,,0.243,1808.0,2015.0,2.0,0,0,9,0,0,9.82,0.439,77.5
2025-09-22 14:47:00,OP0044,M0041,T00719,0.142,1949.0,2635.0,2.1,0,1,24,1,0,9.09,,58.3
2025-09-22 15:00:00,OP0040,M0004,,0.045,1663.0,1800.0,10.3,0,0,4,0,0,15.71,0.89,93.7
2025-09-23 08:49:00,OP0003,M0007,T00575,0.258,1546.0,2117.0,2.4,0,0,32,0,0,8.1,,62.5
2025-09-23 09:00:00,OP0049,M0029,,0.207,1727.0,2117.0,1.2,2,0,5,1,0,22.88,0.78,76.4
2025-09-23 09:00:00,OP0005,M0017,,0.21,1961.0,2157.0,4.1,2,0,3,1,1,7.64,0.719,60.0
2025-09-23 09:00:00,OP0002,M0032,,0.184,1573.0,1719.0,1.8,1,0,4,0,0,15.76,0.861,81.2
2025-09-23 10:00:00,OP0014,M0024,,0.152,1714.0,2065.0,10.5,2,1,4,1,0,7.66,1.017,89.1
2025-09-23 11:00:00,OP0044,M0005,,0.136,1941.0,2255.0,8.3,1,1,7,1,0,21.03,1.089,77.2
2025-09-23 11:00:00,OP0035,M0004,,0.064,1566.0,1806.0,7.5,2,0,5,0,1,6.67,0.895,84.2
2025-09-23 11:00:00,OP0038,M0042,,0.2,1853.0,2253.0,4.8,0,0,5,2,0,26.61,0.58,70.5
2025-09-23 13:00:00,OP0026,M0026,,0.053,2095.0,2217.0,13.0,3,1,7,0,0,12.28,0.884,73.8
2025-09-23 13:36:00,OP0009,M0019,T00334,0.254,1600.0,2285.0,2.0,0,0,2,3,1,7.76,,50.1
2025-09-23 14:00:00,OP0012,M0031,,0.211,2198.0,2340.0,11.1,2,1,9,0,0,19.33,0.919,71.5
2025-09-23 14:00:00,OP0026,M0026,,0.056,1889.0,2159.0,8.1,0,2,7,1,0,9.83,0.835,80.2
2025-09-24 06:00:00,OP0010,M0041,,0.07,2341.0,2550.0,2.6,2,1,2,0,0,4.8,0.941,80.8
2025-09-24 06:00:00,OP0024,M0032,,0.167,1874.0,2175.0,1.8,2,1,7,0,0,24.16,0.772,80.4
2025-09-24 07:00:00,OP0035,M0027,,0.078,1525.0,1728.0,1.9,0,1,6,0,0,19.26,0.856,89.8
2025-09-24 07:00:00,OP0016,M0004,,0.247,1610.0,1794.0,9.0,0,2,8,0,0,11.29,0.837,76.1
2025-09-24 08:00:00,OP0003,M0029,,0.234,1648.0,1895.0,5.3,4,0,7,0,0,24.95,0.567,72.7
2025-09-24 08:00:00,OP0019,M0019,,0.176,1748.0,1872.0,12.0,2,0,7,0,1,8.72,0.478,67.7
2025-09-24 08:20:00,OP0031,M0030,T00210,0.204,1666.0,2263.0,1.6,0,0,19,2,4,18.11,,18.3
2025-09-24 09:00:00,OP0043,M0037,,0.01,1867.0,2041.0,6.4,0,0,3,0,0,6.04,0.916,95.3
2025-09-24 09:00:00,OP0035,M0031,,0.07,1684.0,1865.0,10.8,0,0,6,0,0,15.0,0.733,96.6
2025-09-24 10:00:00,OP0037,M0020,,0.142,2282.0,2394.0,3.8,1,2,5,1,1,6.22,0.56,69.8
2025-09-24 10:00:00,OP0044,M0001,,0.213,2102.0,2448.0,1.6,0,0,2,1,0,12.39,0.949,88.1
2025-09-24 10:00:00,OP0033,M0021,,0.01,1527.0,1770.0,11.5,0,2,5,0,1,12.65,0.882,81.8
2025-09-24 10:00:00,OP0041,M0013,,0.218,2099.0,2316.0,4.9,1,1,7,0,1,8.31,0.711,68.7
2025-09-24 11:00:00,OP0015,M0035,,0.218,1646.0,1861.0,1.8,0,1,8,0,0,14.08,0.371,82.1
2025-09-24 11:00:00,OP0042,M0035,,0.09,1996.0,2369.0,6.0,0,3,4,0,0,14.44,0.883,89.0
2025-09-24 12:00:00,OP0038,M0042,,0.193,1778.0,1964.0,6.7,1,2,6,0,1,11.59,0.558,67.0
2025-09-24 13:00:00,OP0005,M0025,,0.108,1900.0,2002.0,13.6,0,0,9,0,1,7.22,0.665,76.2
2025-09-24 13:00:00,OP0026,M0011,,0.158,1924.0,2109.0,1.3,1,0,4,0,0,4.04,0.908,100.0
2025-09-24 13:56:00,OP0050,M0001,T00474,0.329,1402.0,2043.0,1.0,1,0,5,0,0,13.68,,74.0
2025-09-24 14:00:00,OP0036,M0016,,0.056,2500.0,2600.0,3.3,1,0,2,0,0,5.99,0.696,98.1
2025-09-24 15:00:00,OP0001,M0032,,0.146,1681.0,2014.0,4.8,0,1,6,0,0,11.04,0.866,90.8
2025-09-24 15:00:00,OP0054,M0008,,0.082,2112.0,2303.0,1.9,0,1,8,0,0,23.45,0.815,85.4
2025-09-24 15:00:00,OP0014,M0032,,0.066,1627.0,1867.0,3.8,0,0,4,0,0,18.44,0.791,97.7
2025-09-25 06:00:00,OP0046,M0006,,0.212,1911.0,2132.0,3.0,0,2,9,0,0,12.75,0.527,74.1
2025-09-25 06:00:00,OP0014,M0036,,0.186,1744.0,2120.0,3.8,1,2,5,1,0,26.9,0.968,80.0
2025-09-25 06:00:00,OP0012,M0020,,0.148,2153.0,2439.0,4.1,3,0,11,1,2,7.12,0.781,47.4
2025-09-25 06:10:00,OP0028,M0039,T00337,0.363,1299.0,1928.0,1.3,0,0,12,0,1,11.95,,61.2
2025-09-25 07:00:00,OP0055,M0011,,0.22,1711.0,1976.0,8.1,0,0,10,1,0,5.65,0.695,71.1
2025-09-25 07:00:00,OP0054,M0009,,0.078,2115.0,2404.0,4.6,1,0,5,0,1,15.98,0.751,83.3
2025-09-25 07:00:00,OP0028,M0029,,0.206,1529.0,1824.0,5.7,0,0,10,0,0,13.92,0.658,79.5
2025-09-25 08:00:00,OP0011,M0021,,0.167,1769.0,1905.0,11.2,2,1,6,0,2,14.11,0.675,54.6
2025-09-25 08:00:00,OP0034,M0040,,0.22,1756.0,2078.0,13.1,0,0,5,0,0,12.01,0.74,90.2
2025-09-25 09:00:00,OP0014,M0008,,0.238,1989.0,2360.0,2.4,0,3,2,0,0,21.31,0.937,73.2
2025-09-25 10:00:00,OP0049,M0038,,0.24,1980.0,2303.0,2.7,2,0,6,1,0,19.33,0.544,74.5
2025-09-25 11:00:00,OP0038,M0001,,0.207,1606.0,1855.0,2.3,1,0,8,0,0,16.22,0.63,82.1
2025-09-25 11:00:00,OP0010,M0020,,0.098,2137.0,2529.0,6.0,1,0,4,0,0,8.91,0.865,96.4
2025-09-25 11:00:00,OP0002,M0005,,0.076,1682.0,2021.0,14.7,0,0,6,0,0,12.56,0.944,87.2
2025-09-25 11:43:00,OP0045,M0035,T00182,0.183,1773.0,2399.0,3.9,0,0,11,1,1,12.6,,68.1
2025-09-25 12:00:00,OP0038,M0015,,0.234,1707.0,1888.0,4.0,0,2,6,1,0,10.33,0.607,71.6
2025-09-25 13:00:00,OP0023,M0010,,0.16,2122.0,2291.0,24.4,0,2,5,1,0,25.84,0.59,75.0
2025-09-25 13:20:00,OP0043,M0026,T00634,0.225,1530.0,2095.0,4.2,0,0,33,0,0,10.73,,57.3
2025-09-25 14:00:00,OP0014,M0001,,0.095,1821.0,2065.0,1.2,2,1,5,0,0,23.53,0.826,90.2
2025-09-25 14:00:00,OP0054,M0005,,0.069,2154.0,2505.0,25.7,3,0,6,0,1,18.97,0.624,77.2
2025-09-25 14:00:00,OP0018,M0016,,0.113,2166.0,2427.0,6.9,0,0,1,1,0,12.15,0.76,83.9
2025-09-25 14:50:00,OP0011,M0031,T00629,0.188,1694.0,2294.0,3.1,1,0,21,1,1,15.28,,50.2
2025-09-25 15:00:00,OP0030,M0022,,0.186,1853.0,1995.0,20.7,1,1,10,0,0,24.78,0.495,78.7
2025-09-25 15:00:00,OP0024,M0006,,0.259,2034.0,2290.0,8.0,3,1,7,0,1,5.12,0.732,56.9
2025-09-26 06:00:00,OP0031,M0010,,0.056,2086.0,2316.0,27.5,0,0,4,0,2,24.02,0.673,74.9
2025-09-26 07:00:00,OP0019,M0017,,0.224,1631.0,1756.0,5.2,1,1,11,2,1,15.78,0.52,50.2
2025-09-26 07:00:00,OP0001,M0033,,0.094,1868.0,2168.0,3.1,0,1,3,0,0,11.42,0.755,89.5
2025-09-26 08:00:00,OP0047,M0028,,0.01,2102.0,2298.0,2.2,0,2,5,0,0,8.83,0.88,95.0
2025-09-26 08:00:00,OP0016,M0042,,0.124,1901.0,2220.0,1.9,1,2,9,1,0,22.83,0.896,69.3
2025-09-26 08:00:00,OP0020,M0032,,0.208,1642.0,1992.0,5.2,1,1,5,1,0,23.26,0.555,73.6
2025-09-26 08:00:00,OP0019,M0005,,0.212,1823.0,2064.0,22.4,1,0,5,3,0,13.01,0.344,61.1
2025-09-26 09:00:00,OP0017,M0010,,0.116,1944.0,2088.0,25.2,2,1,3,0,0,21.91,0.85,83.0
2025-09-26 10:00:00,OP0021,M0022,,0.214,2010.0,2330.0,28.8,1,0,4,0,2,31.06,0.889,63.9
2025-09-26 10:00:00,OP0026,M0033,,0.099,1917.0,2130.0,5.2,1,0,3,1,1,10.12,0.911,79.6
2025-09-26 11:00:00,OP0006,M0040,,0.186,2167.0,2387.0,2.2,1,0,7,0,0,12.2,1.084,85.7
2025-09-26 11:00:00,OP0051,M0042,,0.064,1723.0,1929.0,1.5,0,1,9,1,0,16.84,1.009,83.7
2025-09-26 12:00:00,OP0049,M0004,,0.147,2177.0,2391.0,1.3,0,0,6,0,0,7.78,0.75,92.9
2025-09-26 12:00:00,OP0008,M0034,,0.226,2343.0,2600.0,4.6,0,0,5,0,1,7.39,0.388,83.9
2025-09-26 12:00:00,OP0043,M0023,,0.052,1646.0,1884.0,4.8,1,1,6,0,0,6.78,0.938,94.5
2025-09-26 12:00:00,OP0051,M0032,,0.213,1567.0,1928.0,4.7,0,0,2,0,0,28.81,0.934,93.7
2025-09-26 12:00:00,OP0016,M0028,,0.21,1874.0,2019.0,3.5,0,0,8,1,0,15.06,0.949,75.8
2025-09-27 06:00:00,OP0002,M0037,,0.178,1715.0,1819.0,2.1,2,1,9,0,0,9.92,0.94,76.2
2025-09-27 06:00:00,OP0027,M0030,,0.189,1549.0,1854.0,3.8,3,1,7,1,1,8.28,0.678,55.1
2025-09-27 07:00:00,OP0018,M0040,,0.166,1498.0,1753.0,1.8,0,0,7,0,0,8.84,0.692,85.8
2025-09-27 08:00:00,OP0009,M0001,,0.27,1839.0,2201.0,3.9,1,2,7,1,0,10.64,0.624,65.9
2025-09-27 08:00:00,OP0054,M0041,,0.097,2044.0,2195.0,4.3,2,2,8,0,0,6.53,0.716,72.5
2025-09-27 08:00:00,OP0053,M0040,,0.236,2500.0,2600.0,9.0,0,1,10,0,0,9.16,0.917,84.7
2025-09-27 09:00:00,OP0029,M0025,,0.187,2143.0,2384.0,1.6,0,1,1,1,3,10.02,0.326,44.8
2025-09-27 09:00:00,OP0032,M0006,,0.08,1482.0,1634.0,8.5,0,1,7,0,0,5.99,0.917,85.5
2025-09-27 10:00:00,OP0052,M0012,,0.159,2130.0,2364.0,4.7,0,0,7,0,0,13.62,0.612,85.1
2025-09-27 10:00:00,OP0053,M0042,,0.174,2500.0,2600.0,3.6,0,2,9,1,0,12.8,0.715,68.4
2025-09-27 11:00:00,OP0048,M0036,,0.159,1586.0,1709.0,3.2,0,1,3,0,0,19.58,0.749,95.6
2025-09-27 11:24:00,OP0034,M0023,T00498,0.208,1560.0,2142.0,3.7,0,0,34,0,0,14.08,,66.6
2025-09-27 12:34:00,OP0041,M0006,T00406,0.235,1699.0,2447.0,2.0,0,0,4,0,4,7.96,,50.0
2025-09-27 13:00:00,OP0009,M0013,,0.281,1898.0,2225.0,9.4,2,0,4,1,0,6.64,0.644,65.5
2025-09-27 14:00:00,OP0007,M0018,,0.266,1760.0,2007.0,3.9,1,0,7,0,0,25.67,0.347,79.2
2025-09-27 14:00:00,OP0038,M0036,,0.123,1441.0,1621.0,5.4,1,1,11,0,0,26.3,0.532,82.2
2025-09-27 14:00:00,OP0009,M0040,,0.285,1817.0,1934.0,10.5,0,0,3,0,0,14.67,0.594,86.9
2025-09-27 15:00:00,OP0022,M0019,,0.01,2359.0,2532.0,2.5,1,1,10,2,0,8.89,0.732,71.2
2025-09-27 15:00:00,OP0018,M0022,,0.209,1793.0,2093.0,9.7,1,1,9,1,0,24.72,0.519,67.9
2025-09-28 06:00:00,OP0039,M0011,,0.096,1811.0,2090.0,2.4,2,1,4,0,1,3.79,0.885,72.3
2025-09-28 06:00:00,OP0052,M0022,,0.161,2248.0,2600.0,14.3,1,0,9,0,2,25.88,0.573,64.6
2025-09-28 06:00:00,OP0033,M0020,,0.225,1749.0,2127.0,9.6,1,0,4,1,1,7.57,0.784,64.6
2025-09-28 06:25:00,OP0029,M0041,T00517,0.263,1658.0,2464.0,2.4,0,0,28,1,0,7.72,,48.3
2025-09-28 07:00:00,OP0020,M0004,,0.141,1662.0,2026.0,12.7,0,0,3,0,0,10.52,0.395,93.7
2025-09-28 07:00:00,OP0001,M0040,,0.105,1743.0,2025.0,1.4,0,0,6,1,0,18.92,1.023,83.4
2025-09-28 07:00:00,OP0021,M0012,,0.206,1958.0,2191.0,16.4,1,0,4,0,1,20.98,0.902,76.1
2025-09-28 07:00:00,OP0011,M0019,,0.264,2144.0,2532.0,6.2,1,2,4,1,0,6.34,0.64,67.8
2025-09-28 07:00:00,OP0038,M0040,,0.319,1905.0,2127.0,1.4,0,1,6,0,0,10.45,0.631,69.7
2025-09-28 07:02:00,OP0021,M0037,T00046,0.129,1848.0,2385.0,3.2,1,1,10,0,0,10.52,,80.7
2025-09-28 08:00:00,OP0052,M0029,,0.241,1736.0,2115.0,4.2,2,1,7,2,1,26.77,0.607,55.3
2025-09-28 08:00:00,OP0001,M0040,,0.164,1942.0,2221.0,6.0,0,0,5,0,0,19.14,0.988,88.9
2025-09-28 08:00:00,OP0010,M0030,,0.092,1744.0,2043.0,2.9,0,0,5,0,1,23.33,0.877,78.0
2025-09-28 08:00:00,OP0026,M0037,,0.177,2131.0,2368.0,3.8,0,1,6,0,0,11.24,0.927,84.6
2025-09-28 09:00:00,OP0050,M0028,,0.107,1674.0,1886.0,2.2,0,1,7,0,0,7.69,0.989,94.8
2025-09-28 09:00:00,OP0009,M0025,,0.32,1868.0,2219.0,12.7,2,0,4,1,0,18.81,0.603,68.0
2025-09-28 09:00:00,OP0037,M0001,,0.107,2094.0,2398.0,1.3,0,1,2,0,1,22.91,0.569,77.1
2025-09-28 10:00:00,OP0013,M0038,,0.119,2068.0,2227.0,5.6,1,0,6,0,0,10.35,0.473,78.4
2025-09-28 10:00:00,OP0008,M0013,,0.272,2500.0,2600.0,7.9,3,3,7,0,2,6.96,0.341,40.3
2025-09-28 10:00:00,OP0009,M0019,,0.289,2195.0,2515.0,5.9,2,1,3,1,0,9.69,0.618,65.6
2025-09-28 10:55:00,OP0034,M0027,T00202,0.25,1396.0,1946.0,1.7,0,0,11,0,0,14.14,,81.5
2025-09-28 11:00:00,OP0011,M0001,,0.246,1948.0,2298.0,4.2,0,3,9,1,0,9.42,0.434,64.7
2025-09-28 11:00:00,OP0032,M0030,,0.098,2066.0,2456.0,2.9,0,1,4,0,0,8.75,0.987,91.6
2025-09-28 12:00:00,OP0050,M0035,,0.046,1620.0,1949.0,6.1,0,0,3,0,1,6.32,1.098,91.7
2025-09-28 12:00:00,OP0037,M0013,,0.173,2238.0,2452.0,7.5,1,1,7,0,0,6.91,0.618,85.5
2025-09-28 12:00:00,OP0045,M0029,,0.284,1901.0,2128.0,2.8,0,0,4,1,1,15.25,0.558,63.5
2025-09-28 13:00:00,OP0010,M0027,,0.086,2135.0,2283.0,3.2,0,0,7,0,0,19.42,0.923,94.8
2025-09-28 13:00:00,OP0007,M0019,,0.212,1813.0,1945.0,8.1,1,0,7,2,1,11.37,0.557,59.0
2025-09-28 14:00:00,OP0054,M0010,,0.172,1860.0,2187.0,8.9,1,1,3,0,0,20.64,0.744,82.5
2025-09-28 14:00:00,OP0024,M0039,,0.153,1812.0,1965.0,2.9,2,0,7,0,0,21.23,0.866,82.7
2025-09-29 07:00:00,OP0027,M0032,,0.273,1514.0,1828.0,5.4,0,2,5,0,0,15.44,0.649,76.6
2025-09-29 07:00:00,OP0038,M0001,,0.286,1699.0,2041.0,3.4,0,0,4,2,0,14.91,0.7,65.2
2025-09-29 07:00:00,OP0036,M0029,,0.197,2186.0,2461.0,6.5,2,1,4,3,0,14.87,0.475,61.5
2025-09-29 07:00:00,OP0050,M0033,,0.147,1765.0,2133.0,4.2,0,0,5,0,0,7.3,0.878,88.2
2025-09-29 07:00:00,OP0010,M0022,,0.113,2365.0,2600.0,18.8,1,0,5,0,1,22.84,0.749,88.0
2025-09-29 08:00:00,OP0022,M0037,,0.079,2066.0,2335.0,7.7,0,0,4,0,0,9.79,0.76,100.0
2025-09-29 09:00:00,OP0016,M0030,,0.161,2035.0,2335.0,1.6,1,2,7,1,0,18.5,0.782,76.5
2025-09-29 10:00:00,OP0023,M0041,,0.155,1974.0,2316.0,6.4,1,0,6,0,0,8.03,0.369,88.2
2025-09-29 10:21:00,OP0020,M0011,T00507,0.338,1449.0,2200.0,1.6,0,0,7,2,0,6.66,,71.9
2025-09-29 11:00:00,OP0010,M0035,,0.049,2052.0,2391.0,9.3,0,0,6,1,0,9.62,0.848,85.5
2025-09-29 11:00:00,OP0048,M0014,,0.01,1977.0,2083.0,1.7,1,1,5,0,1,12.67,0.843,86.2
2025-09-29 11:00:00,OP0001,M0030,,0.161,1932.0,2276.0,4.1,0,0,5,0,0,24.21,0.718,88.5
2025-09-29 11:00:00,OP0047,M0018,,0.019,2155.0,2437.0,1.5,0,1,4,0,1,18.46,0.649,85.0
2025-09-29 11:00:00,OP0049,M0004,,0.144,1656.0,1789.0,11.5,1,1,6,0,0,5.92,0.969,87.0
2025-09-29 12:00:00,OP0045,M0002,,0.261,1996.0,2234.0,13.4,2,2,7,1,0,15.96,0.521,67.6
2025-09-29 12:00:00,OP0025,M0018,,0.115,1364.0,1753.0,2.7,1,0,6,0,0,22.56,1.091,83.6
2025-09-29 12:00:00,OP0012,M0040,,0.222,1831.0,2047.0,7.2,3,0,2,2,0,12.6,0.828,60.8
2025-09-29 12:00:00,OP0028,M0015,,0.287,1569.0,1942.0,4.5,1,2,4,0,0,24.17,0.811,78.5
2025-09-29 12:24:00,OP0008,M0027,T00124,0.3,1954.0,2853.0,1.4,0,0,6,1,0,19.19,,76.5
2025-09-29 13:00:00,OP0026,M0035,,0.071,2030.0,2182.0,10.2,0,1,5,0,2,12.95,0.928,75.2
2025-09-29 13:00:00,OP0052,M0027,,0.184,1766.0,2051.0,1.6,0,1,10,0,0,18.4,0.714,81.7
2025-09-29 13:00:00,OP0005,M0024,,0.23,1946.0,2192.0,5.3,2,0,4,1,0,23.02,0.563,75.9
2025-09-29 13:00:00,OP0044,M0027,,0.177,1959.0,2323.0,3.4,0,0,8,0,0,16.46,1.023,83.5
2025-09-29 14:00:00,OP0034,M0031,,0.215,1839.0,2014.0,9.1,1,1,7,0,0,22.93,0.689,76.8
2025-09-29 14:00:00,OP0040,M0020,,0.071,1975.0,2185.0,10.6,0,0,6,0,0,7.52,0.895,98.9
