event_id,timestamp,machine_id,operator_id,task_id,site_id,event_type,severity,machine_speed_kmh,machine_state,distance_to_person_m,distance_to_vehicle_m,distance_to_obstacle_m,seatbelt_status,duration_seconds,resolved
SE000001,2025-06-13 14:17:00,M0030,OP0018,T00001,ST009,SEATBELT_VIOLATION,LOW,0.5,DUMPING,,,,UNFASTENED,127,False
SE000002,2025-02-20 13:21:00,M0001,OP0026,T00003,ST007,SEATBELT_VIOLATION,LOW,0.5,DIGGING,,,,UNFASTENED,144,False
SE000003,2025-02-20 13:24:00,M0001,OP0026,T00003,ST007,OBSTACLE_PROXIMITY,CRITICAL,0.8,REVERSING,,,1.4,FASTENED,24,False
SE000004,2025-02-20 13:37:00,M0001,OP0026,T00003,ST007,SEATBELT_VIOLATION,LOW,2.7,WORKING,,,,UNFASTENED,154,False
SE000005,2025-08-11 10:09:00,M0032,OP0041,T00004,ST008,VEHICLE_PROXIMITY,LOW,5.3,TRAVELING,,6.5,,FASTENED,41,True
SE000006,2025-08-11 11:35:00,M0032,OP0041,T00004,ST008,VEHICLE_PROXIMITY,MEDIUM,2.4,WORKING,,3.9,,FASTENED,58,False
SE000007,2025-08-11 12:09:00,M0032,OP0041,T00004,ST008,SEATBELT_VIOLATION,MEDIUM,1.1,REVERSING,,,,UNFASTENED,134,True
SE000008,2025-05-01 14:16:00,M0003,OP0041,T00008,ST013,HARSH_BRAKING,LOW,3.7,REVERSING,,,,FASTENED,5,True
SE000009,2025-05-01 14:42:00,M0003,OP0041,T00008,ST013,SEATBELT_VIOLATION,MEDIUM,2.8,DUMPING,,,,UNFASTENED,104,True
SE000010,2025-05-21 07:46:00,M0036,OP0053,T00010,ST006,SEATBELT_VIOLATION,LOW,1.5,WORKING,,,,UNFASTENED,60,True
SE000011,2025-05-21 09:59:00,M0036,OP0053,T00010,ST006,OBSTACLE_PROXIMITY,HIGH,6.6,TRAVELING,,,1.3,FASTENED,8,True
SE000012,2025-05-21 10:31:00,M0036,OP0053,T00010,ST006,HARSH_BRAKING,LOW,12.2,TRAVELING,,,,FASTENED,4,True
SE000013,2025-01-30 15:36:00,M0008,OP0016,T00014,ST008,SEATBELT_VIOLATION,LOW,0.0,DIGGING,,,,UNFASTENED,150,True
SE000014,2025-01-30 16:24:00,M0008,OP0016,T00014,ST008,OBSTACLE_PROXIMITY,LOW,0.6,LOADING,,,7.2,FASTENED,25,True
SE000015,2025-01-02 15:30:00,M0023,OP0010,T00017,ST009,PERSON_PROXIMITY,LOW,0.2,DUMPING,5.6,,,FASTENED,58,True
SE000016,2025-05-20 16:44:00,M0008,OP0027,T00020,ST008,OBSTACLE_PROXIMITY,MEDIUM,5.2,REVERSING,,,4.2,FASTENED,58,True
SE000017,2025-04-24 11:25:00,M0035,OP0038,T00021,ST013,SEATBELT_VIOLATION,MEDIUM,2.1,WORKING,,,,UNFASTENED,20,True
SE000018,2025-01-30 16:38:00,M0038,OP0022,T00023,ST004,SEATBELT_VIOLATION,MEDIUM,1.0,DUMPING,,,,UNFASTENED,46,False
SE000019,2025-01-30 18:13:00,M0038,OP0022,T00023,ST004,HARSH_BRAKING,LOW,3.3,REVERSING,,,,FASTENED,8,True
SE000020,2025-01-30 19:08:00,M0038,OP0022,T00023,ST004,OBSTACLE_PROXIMITY,LOW,8.3,TRAVELING,,,9.0,FASTENED,9,True
SE000021,2025-01-30 19:24:00,M0038,OP0022,T00023,ST004,OBSTACLE_PROXIMITY,LOW,2.8,WORKING,,,8.0,FASTENED,58,True
SE000022,2025-01-30 19:44:00,M0038,OP0022,T00023,ST004,SEATBELT_VIOLATION,LOW,0.1,WORKING,,,,UNFASTENED,151,True
SE000023,2025-04-08 14:38:00,M0023,OP0030,T00025,ST009,SEATBELT_VIOLATION,LOW,1.0,DUMPING,,,,UNFASTENED,84,True
SE000024,2025-07-23 18:34:00,M0001,OP0018,T00026,ST007,OBSTACLE_PROXIMITY,LOW,1.1,DIGGING,,,5.2,FASTENED,12,True
SE000025,2025-06-17 11:01:00,M0035,OP0043,T00027,ST013,OVERSPEED,HIGH,24.0,TRAVELING,,,,FASTENED,20,True
SE000026,2025-09-09 15:45:00,M0041,OP0055,T00028,ST008,SEATBELT_VIOLATION,MEDIUM,1.4,DIGGING,,,,UNFASTENED,79,False
SE000027,2025-09-09 16:07:00,M0041,OP0055,T00028,ST008,PERSON_PROXIMITY,LOW,1.7,DIGGING,5.8,,,FASTENED,15,True
SE000028,2025-09-09 17:49:00,M0041,OP0055,T00028,ST008,UNSAFE_REVERSING,LOW,5.0,REVERSING,,,,FASTENED,11,True
SE000029,2025-04-14 14:42:00,M0042,OP0014,T00029,ST011,HARSH_BRAKING,LOW,8.1,REVERSING,,,,FASTENED,2,True
SE000030,2025-04-14 15:12:00,M0042,OP0014,T00029,ST011,SEATBELT_VIOLATION,LOW,2.4,DUMPING,,,,UNFASTENED,28,True
SE000031,2025-09-09 10:10:00,M0014,OP0045,T00030,ST013,VEHICLE_PROXIMITY,LOW,2.8,LOADING,,8.3,,FASTENED,4,True
SE000032,2025-09-09 10:13:00,M0014,OP0045,T00030,ST013,VEHICLE_PROXIMITY,HIGH,1.2,LOADING,,1.4,,FASTENED,22,True
SE000033,2025-09-09 10:20:00,M0014,OP0045,T00030,ST013,SEATBELT_VIOLATION,HIGH,32.9,TRAVELING,,,,UNFASTENED,111,False
SE000034,2025-09-09 10:24:00,M0014,OP0045,T00030,ST013,OBSTACLE_PROXIMITY,LOW,29.6,TRAVELING,,,6.2,FASTENED,47,True
SE000035,2025-09-09 10:50:00,M0014,OP0045,T00030,ST013,SEATBELT_VIOLATION,LOW,34.8,TRAVELING,,,,UNFASTENED,48,True
SE000036,2025-09-09 12:29:00,M0014,OP0045,T00030,ST013,OBSTACLE_PROXIMITY,HIGH,37.2,TRAVELING,,,1.8,FASTENED,35,True
SE000037,2025-05-10 13:09:00,M0023,OP0039,T00033,ST009,SEATBELT_VIOLATION,HIGH,0.4,LOADING,,,,UNFASTENED,58,False
SE000038,2025-04-02 10:43:00,M0006,OP0027,T00037,ST010,SEATBELT_VIOLATION,LOW,8.3,TRAVELING,,,,UNFASTENED,104,True
SE000039,2025-04-02 11:08:00,M0006,OP0027,T00037,ST010,PERSON_PROXIMITY,MEDIUM,2.2,DIGGING,4.2,,,FASTENED,28,True
SE000040,2025-02-14 16:03:00,M0030,OP0007,T00038,ST009,SEATBELT_VIOLATION,LOW,5.4,TRAVELING,,,,UNFASTENED,151,True
SE000041,2025-02-14 16:25:00,M0030,OP0007,T00038,ST009,SEATBELT_VIOLATION,HIGH,2.3,DIGGING,,,,UNFASTENED,127,False
SE000042,2025-03-31 12:22:00,M0001,OP0033,T00039,ST007,VEHICLE_PROXIMITY,MEDIUM,1.4,DIGGING,,2.9,,FASTENED,44,True
SE000043,2025-09-14 11:59:00,M0029,OP0052,T00042,ST010,SEATBELT_VIOLATION,HIGH,2.7,WORKING,,,,UNFASTENED,106,False
SE000044,2025-09-14 14:41:00,M0029,OP0052,T00042,ST010,PERSON_PROXIMITY,MEDIUM,1.7,WORKING,3.5,,,FASTENED,57,True
SE000045,2025-02-19 09:17:00,M0021,OP0007,T00043,ST014,PERSON_PROXIMITY,MEDIUM,14.1,TRAVELING,4.1,,,FASTENED,43,True
SE000046,2025-04-27 13:24:00,M0008,OP0011,T00044,ST008,SEATBELT_VIOLATION,MEDIUM,0.8,LOADING,,,,UNFASTENED,122,True
SE000047,2025-04-27 14:11:00,M0008,OP0011,T00044,ST008,SEATBELT_VIOLATION,LOW,1.9,WORKING,,,,UNFASTENED,139,True
SE000048,2025-04-27 14:20:00,M0008,OP0011,T00044,ST008,SEATBELT_VIOLATION,LOW,1.2,WORKING,,,,UNFASTENED,155,True
SE000049,2025-04-27 14:38:00,M0008,OP0011,T00044,ST008,SEATBELT_VIOLATION,LOW,2.7,DUMPING,,,,UNFASTENED,151,True
SE000050,2025-05-12 08:27:00,M0016,OP0006,T00045,ST006,SEATBELT_VIOLATION,LOW,4.4,TRAVELING,,,,UNFASTENED,145,True
SE000051,2025-09-28 08:56:00,M0037,OP0021,T00046,ST005,HARSH_BRAKING,LOW,8.9,TRAVELING,,,,FASTENED,8,True
SE000052,2025-01-08 13:38:00,M0035,OP0037,T00047,ST013,SEATBELT_VIOLATION,MEDIUM,13.3,TRAVELING,,,,UNFASTENED,159,True
SE000053,2025-05-28 17:00:00,M0023,OP0012,T00048,ST009,OBSTACLE_PROXIMITY,LOW,0.6,LOADING,,,5.5,FASTENED,33,True
SE000054,2025-05-28 17:09:00,M0023,OP0012,T00048,ST009,SEATBELT_VIOLATION,HIGH,1.7,WORKING,,,,UNFASTENED,71,False
SE000055,2025-05-28 18:39:00,M0023,OP0012,T00048,ST009,OVERSPEED,HIGH,28.7,TRAVELING,,,,FASTENED,22,True
SE000056,2025-08-22 09:31:00,M0032,OP0037,T00050,ST008,SEATBELT_VIOLATION,LOW,2.9,WORKING,,,,UNFASTENED,109,True
SE000057,2025-08-22 09:48:00,M0032,OP0037,T00050,ST008,SEATBELT_VIOLATION,HIGH,9.1,TRAVELING,,,,UNFASTENED,92,False
SE000058,2025-08-22 11:17:00,M0032,OP0037,T00050,ST008,SEATBELT_VIOLATION,LOW,0.5,WORKING,,,,UNFASTENED,162,True
SE000059,2025-08-09 17:16:00,M0014,OP0041,T00051,ST013,SEATBELT_VIOLATION,MEDIUM,32.3,TRAVELING,,,,UNFASTENED,51,False
SE000060,2025-04-11 10:15:00,M0032,OP0041,T00053,ST008,PERSON_PROXIMITY,LOW,8.2,TRAVELING,5.2,,,FASTENED,40,True
SE000061,2025-04-11 13:02:00,M0032,OP0041,T00053,ST008,SEATBELT_VIOLATION,LOW,0.2,DUMPING,,,,UNFASTENED,165,True
SE000062,2025-04-11 13:07:00,M0032,OP0041,T00053,ST008,VEHICLE_PROXIMITY,MEDIUM,0.9,DUMPING,,4.5,,FASTENED,56,True
SE000063,2025-03-29 09:48:00,M0019,OP0045,T00055,ST002,SEATBELT_VIOLATION,LOW,0.6,DUMPING,,,,UNFASTENED,72,False
SE000064,2025-03-29 10:50:00,M0019,OP0045,T00055,ST002,SEATBELT_VIOLATION,LOW,1.4,LOADING,,,,UNFASTENED,99,True
SE000065,2025-03-29 11:38:00,M0019,OP0045,T00055,ST002,SEATBELT_VIOLATION,LOW,1.5,TRAVELING,,,,UNFASTENED,128,True
SE000066,2025-03-29 13:09:00,M0019,OP0045,T00055,ST002,SEATBELT_VIOLATION,LOW,1.5,LOADING,,,,UNFASTENED,161,True
SE000067,2025-03-29 13:13:00,M0019,OP0045,T00055,ST002,SEATBELT_VIOLATION,LOW,1.8,DIGGING,,,,UNFASTENED,120,True
SE000068,2025-01-14 08:28:00,M0006,OP0029,T00056,ST010,PERSON_PROXIMITY,LOW,2.3,LOADING,8.4,,,FASTENED,36,True
SE000069,2025-01-14 10:06:00,M0006,OP0029,T00056,ST010,SEATBELT_VIOLATION,MEDIUM,2.6,REVERSING,,,,UNFASTENED,92,True
SE000070,2025-01-14 11:16:00,M0006,OP0029,T00056,ST010,OBSTACLE_PROXIMITY,MEDIUM,0.3,DUMPING,,,3.3,FASTENED,51,True
SE000071,2025-01-14 11:22:00,M0006,OP0029,T00056,ST010,SEATBELT_VIOLATION,LOW,2.6,DUMPING,,,,UNFASTENED,38,True
SE000072,2025-06-11 14:42:00,M0016,OP0052,T00059,ST006,SEATBELT_VIOLATION,HIGH,2.0,WORKING,,,,UNFASTENED,124,True
SE000073,2025-06-11 15:15:00,M0016,OP0052,T00059,ST006,OBSTACLE_PROXIMITY,LOW,1.5,WORKING,,,6.6,FASTENED,54,True
SE000074,2025-06-11 15:16:00,M0016,OP0052,T00059,ST006,SEATBELT_VIOLATION,MEDIUM,9.8,TRAVELING,,,,UNFASTENED,154,True
SE000075,2025-03-10 08:45:00,M0022,OP0042,T00060,ST002,PERSON_PROXIMITY,MEDIUM,22.1,TRAVELING,4.7,,,FASTENED,17,True
SE000076,2025-02-12 10:16:00,M0030,OP0030,T00062,ST009,SEATBELT_VIOLATION,MEDIUM,1.3,DIGGING,,,,UNFASTENED,172,True
SE000077,2025-08-30 12:37:00,M0023,OP0007,T00063,ST009,UNSAFE_REVERSING,LOW,3.7,REVERSING,,,,FASTENED,9,True
SE000078,2025-08-30 14:54:00,M0023,OP0007,T00063,ST009,PERSON_PROXIMITY,HIGH,2.2,WORKING,1.2,,,FASTENED,29,True
SE000079,2025-08-22 08:50:00,M0030,OP0007,T00066,ST009,PERSON_PROXIMITY,HIGH,0.3,DIGGING,1.4,,,FASTENED,18,True
SE000080,2025-02-10 15:09:00,M0018,OP0008,T00071,ST014,OBSTACLE_PROXIMITY,MEDIUM,5.1,TRAVELING,,,3.6,FASTENED,24,True
SE000081,2025-01-20 12:04:00,M0017,OP0038,T00074,ST015,SEATBELT_VIOLATION,LOW,0.1,WORKING,,,,UNFASTENED,146,True
SE000082,2025-01-20 13:01:00,M0017,OP0038,T00074,ST015,SEATBELT_VIOLATION,LOW,0.8,WORKING,,,,UNFASTENED,42,True
SE000083,2025-01-20 13:13:00,M0017,OP0038,T00074,ST015,SEATBELT_VIOLATION,LOW,1.6,WORKING,,,,UNFASTENED,139,False
SE000084,2025-01-20 13:46:00,M0017,OP0038,T00074,ST015,SEATBELT_VIOLATION,MEDIUM,16.8,TRAVELING,,,,UNFASTENED,48,True
SE000085,2025-01-20 13:52:00,M0017,OP0038,T00074,ST015,SEATBELT_VIOLATION,LOW,10.7,TRAVELING,,,,UNFASTENED,139,True
SE000086,2025-04-09 12:52:00,M0005,OP0001,T00078,ST003,OBSTACLE_PROXIMITY,HIGH,1.6,DUMPING,,,1.9,FASTENED,31,True
SE000087,2025-04-09 15:25:00,M0005,OP0001,T00078,ST003,SEATBELT_VIOLATION,MEDIUM,4.7,REVERSING,,,,UNFASTENED,15,False
SE000088,2025-04-01 16:57:00,M0033,OP0025,T00081,ST001,PERSON_PROXIMITY,LOW,3.7,REVERSING,6.1,,,FASTENED,58,True
SE000089,2025-04-03 11:32:00,M0032,OP0054,T00083,ST008,PERSON_PROXIMITY,HIGH,2.4,WORKING,2.2,,,FASTENED,12,True
SE000090,2025-04-03 11:57:00,M0032,OP0054,T00083,ST008,PERSON_PROXIMITY,MEDIUM,8.5,TRAVELING,2.7,,,FASTENED,8,True
SE000091,2025-01-28 14:26:00,M0014,OP0013,T00085,ST013,OBSTACLE_PROXIMITY,LOW,0.5,LOADING,,,6.3,FASTENED,52,True
SE000092,2025-01-28 14:33:00,M0014,OP0013,T00085,ST013,HARSH_BRAKING,LOW,29.7,TRAVELING,,,,FASTENED,6,True
SE000093,2025-03-07 11:02:00,M0003,OP0036,T00087,ST013,SEATBELT_VIOLATION,MEDIUM,2.9,DUMPING,,,,UNFASTENED,109,False
SE000094,2025-02-14 12:09:00,M0031,OP0015,T00088,ST002,SEATBELT_VIOLATION,HIGH,0.6,LOADING,,,,UNFASTENED,142,True
SE000095,2025-02-07 13:33:00,M0004,OP0043,T00090,ST007,HARSH_BRAKING,LOW,13.5,TRAVELING,,,,FASTENED,9,True
SE000096,2025-01-22 09:33:00,M0017,OP0015,T00091,ST015,SEATBELT_VIOLATION,MEDIUM,0.4,WORKING,,,,UNFASTENED,87,False
SE000097,2025-01-22 09:44:00,M0017,OP0015,T00091,ST015,SEATBELT_VIOLATION,LOW,2.2,WORKING,,,,UNFASTENED,19,True
SE000098,2025-01-22 10:08:00,M0017,OP0015,T00091,ST015,SEATBELT_VIOLATION,MEDIUM,8.7,TRAVELING,,,,UNFASTENED,11,True
SE000099,2025-07-19 06:08:00,M0012,OP0044,T00093,ST002,VEHICLE_PROXIMITY,MEDIUM,1.0,TRAVELING,,3.2,,FASTENED,34,True
SE000100,2025-05-06 16:45:00,M0038,OP0007,T00094,ST004,SEATBELT_VIOLATION,LOW,4.4,TRAVELING,,,,UNFASTENED,166,False
SE000101,2025-05-06 18:58:00,M0038,OP0007,T00094,ST004,OBSTACLE_PROXIMITY,MEDIUM,4.4,TRAVELING,,,2.6,FASTENED,37,True
SE000102,2025-06-20 16:42:00,M0036,OP0010,T00097,ST006,VEHICLE_PROXIMITY,MEDIUM,6.8,TRAVELING,,4.4,,FASTENED,20,True
SE000103,2025-06-07 07:48:00,M0003,OP0031,T00098,ST013,VEHICLE_PROXIMITY,LOW,4.2,REVERSING,,7.3,,FASTENED,25,True
SE000104,2025-07-29 09:05:00,M0040,OP0014,T00099,ST002,SEATBELT_VIOLATION,MEDIUM,2.1,WORKING,,,,UNFASTENED,135,True
SE000105,2025-07-29 12:01:00,M0040,OP0014,T00099,ST002,SEATBELT_VIOLATION,MEDIUM,7.2,TRAVELING,,,,UNFASTENED,158,True
SE000106,2025-07-06 12:36:00,M0033,OP0009,T00101,ST001,SEATBELT_VIOLATION,MEDIUM,0.1,WORKING,,,,UNFASTENED,92,True
SE000107,2025-05-11 13:23:00,M0010,OP0015,T00103,ST012,SEATBELT_VIOLATION,LOW,39.9,TRAVELING,,,,UNFASTENED,18,False
SE000108,2025-02-21 07:32:00,M0015,OP0045,T00106,ST001,VEHICLE_PROXIMITY,HIGH,1.6,LOADING,,1.6,,FASTENED,36,True
SE000109,2025-08-31 16:12:00,M0003,OP0038,T00108,ST013,SEATBELT_VIOLATION,MEDIUM,8.6,TRAVELING,,,,UNFASTENED,162,True
SE000110,2025-04-13 16:23:00,M0011,OP0034,T00111,ST003,OBSTACLE_PROXIMITY,LOW,0.6,DIGGING,,,7.4,FASTENED,10,True
SE000111,2025-02-28 12:56:00,M0038,OP0007,T00112,ST004,PERSON_PROXIMITY,LOW,8.2,TRAVELING,6.2,,,FASTENED,10,True
SE000112,2025-02-28 13:29:00,M0038,OP0007,T00112,ST004,SEATBELT_VIOLATION,LOW,1.2,REVERSING,,,,UNFASTENED,63,True
SE000113,2025-02-28 14:05:00,M0038,OP0007,T00112,ST004,VEHICLE_PROXIMITY,LOW,0.1,WORKING,,5.1,,FASTENED,10,True
SE000114,2025-02-28 15:39:00,M0038,OP0007,T00112,ST004,SEATBELT_VIOLATION,MEDIUM,2.4,REVERSING,,,,UNFASTENED,76,True
SE000115,2025-02-28 16:47:00,M0038,OP0007,T00112,ST004,VEHICLE_PROXIMITY,MEDIUM,0.5,WORKING,,3.9,,FASTENED,43,True
SE000116,2025-02-28 16:54:00,M0038,OP0007,T00112,ST004,HARSH_BRAKING,LOW,7.4,TRAVELING,,,,FASTENED,2,True
SE000117,2025-07-06 12:58:00,M0009,OP0033,T00114,ST004,VEHICLE_PROXIMITY,LOW,0.5,DIGGING,,8.8,,FASTENED,25,True
SE000118,2025-07-06 14:11:00,M0009,OP0033,T00114,ST004,SEATBELT_VIOLATION,MEDIUM,1.3,WORKING,,,,UNFASTENED,106,True
SE000119,2025-07-06 14:26:00,M0009,OP0033,T00114,ST004,VEHICLE_PROXIMITY,LOW,2.4,DIGGING,,6.9,,FASTENED,18,True
SE000120,2025-02-10 10:16:00,M0018,OP0013,T00115,ST014,PERSON_PROXIMITY,HIGH,1.9,DIGGING,1.5,,,FASTENED,43,True
SE000121,2025-07-10 10:51:00,M0011,OP0010,T00117,ST003,VEHICLE_PROXIMITY,MEDIUM,0.7,LOADING,,4.2,,FASTENED,17,True
SE000122,2025-07-10 12:01:00,M0011,OP0010,T00117,ST003,PERSON_PROXIMITY,HIGH,0.3,LOADING,2.1,,,FASTENED,44,True
SE000123,2025-03-20 07:28:00,M0022,OP0034,T00121,ST002,SEATBELT_VIOLATION,HIGH,2.5,DUMPING,,,,UNFASTENED,138,False
SE000124,2025-05-03 07:47:00,M0001,OP0020,T00122,ST007,PERSON_PROXIMITY,LOW,0.8,REVERSING,5.5,,,FASTENED,49,True
SE000125,2025-05-03 08:54:00,M0001,OP0020,T00122,ST007,SEATBELT_VIOLATION,LOW,2.8,DIGGING,,,,UNFASTENED,32,True
SE000126,2025-08-29 10:05:00,M0019,OP0029,T00123,ST002,OBSTACLE_PROXIMITY,LOW,1.9,WORKING,,,6.0,FASTENED,25,True
SE000127,2025-08-29 10:53:00,M0019,OP0029,T00123,ST002,OBSTACLE_PROXIMITY,MEDIUM,0.1,DIGGING,,,5.0,FASTENED,37,True
SE000128,2025-08-29 12:11:00,M0019,OP0029,T00123,ST002,PERSON_PROXIMITY,HIGH,16.9,TRAVELING,2.4,,,FASTENED,34,True
SE000129,2025-08-29 12:37:00,M0019,OP0029,T00123,ST002,VEHICLE_PROXIMITY,LOW,1.0,TRAVELING,,5.6,,FASTENED,37,True
SE000130,2025-08-29 13:24:00,M0019,OP0029,T00123,ST002,SEATBELT_VIOLATION,HIGH,2.1,DIGGING,,,,UNFASTENED,152,True
SE000131,2025-09-29 12:25:00,M0027,OP0008,T00124,ST015,SEATBELT_VIOLATION,HIGH,1.9,LOADING,,,,UNFASTENED,29,True
SE000132,2025-02-12 12:00:00,M0016,OP0032,T00126,ST006,SEATBELT_VIOLATION,HIGH,10.4,TRAVELING,,,,UNFASTENED,37,False
SE000133,2025-04-09 10:15:00,M0025,OP0024,T00131,ST011,PERSON_PROXIMITY,HIGH,0.1,DUMPING,0.9,,,FASTENED,52,True
SE000134,2025-04-09 11:34:00,M0025,OP0024,T00131,ST011,SEATBELT_VIOLATION,LOW,1.8,LOADING,,,,UNFASTENED,85,True
SE000135,2025-03-31 13:05:00,M0036,OP0031,T00132,ST006,HARSH_BRAKING,LOW,3.4,REVERSING,,,,FASTENED,8,True
SE000136,2025-03-31 13:07:00,M0036,OP0031,T00132,ST006,SEATBELT_VIOLATION,LOW,5.5,REVERSING,,,,UNFASTENED,136,True
SE000137,2025-03-31 13:27:00,M0036,OP0031,T00132,ST006,SEATBELT_VIOLATION,HIGH,11.0,TRAVELING,,,,UNFASTENED,176,True
SE000138,2025-04-07 12:41:00,M0036,OP0036,T00136,ST006,SEATBELT_VIOLATION,LOW,7.7,TRAVELING,,,,UNFASTENED,94,True
SE000139,2025-04-07 13:25:00,M0036,OP0036,T00136,ST006,SEATBELT_VIOLATION,LOW,2.8,WORKING,,,,UNFASTENED,164,True
SE000140,2025-02-04 14:15:00,M0012,OP0048,T00137,ST002,OBSTACLE_PROXIMITY,MEDIUM,30.5,TRAVELING,,,2.6,FASTENED,18,True
SE000141,2025-05-14 08:16:00,M0014,OP0040,T00138,ST013,OVERSPEED,MEDIUM,51.0,TRAVELING,,,,FASTENED,14,True
SE000142,2025-01-20 16:19:00,M0004,OP0034,T00139,ST007,SEATBELT_VIOLATION,MEDIUM,1.6,WORKING,,,,UNFASTENED,114,True
SE000143,2025-01-20 17:51:00,M0004,OP0034,T00139,ST007,SEATBELT_VIOLATION,HIGH,0.5,REVERSING,,,,UNFASTENED,178,True
SE000144,2025-01-20 18:11:00,M0004,OP0034,T00139,ST007,VEHICLE_PROXIMITY,HIGH,0.4,WORKING,,1.0,,FASTENED,4,True
SE000145,2025-04-27 14:03:00,M0036,OP0048,T00141,ST006,PERSON_PROXIMITY,MEDIUM,0.0,WORKING,2.7,,,FASTENED,22,True
SE000146,2025-03-07 10:18:00,M0027,OP0044,T00142,ST015,PERSON_PROXIMITY,HIGH,0.1,DIGGING,1.3,,,FASTENED,19,True
SE000147,2025-03-07 12:58:00,M0027,OP0044,T00142,ST015,SEATBELT_VIOLATION,LOW,1.2,WORKING,,,,UNFASTENED,94,True
SE000148,2025-06-03 08:51:00,M0037,OP0006,T00143,ST005,SEATBELT_VIOLATION,HIGH,1.0,WORKING,,,,UNFASTENED,176,True
SE000149,2025-06-03 08:56:00,M0037,OP0006,T00143,ST005,SEATBELT_VIOLATION,LOW,0.6,WORKING,,,,UNFASTENED,108,True
SE000150,2025-06-03 09:15:00,M0037,OP0006,T00143,ST005,OVERSPEED,HIGH,15.6,TRAVELING,,,,FASTENED,25,False
SE000151,2025-05-18 16:05:00,M0007,OP0005,T00144,ST012,SEATBELT_VIOLATION,MEDIUM,1.3,WORKING,,,,UNFASTENED,38,False
SE000152,2025-05-18 18:10:00,M0007,OP0005,T00144,ST012,PERSON_PROXIMITY,LOW,1.9,WORKING,7.1,,,FASTENED,39,True
SE000153,2025-09-10 09:54:00,M0012,OP0032,T00147,ST002,SEATBELT_VIOLATION,LOW,0.5,WORKING,,,,UNFASTENED,147,True
SE000154,2025-06-28 08:34:00,M0013,OP0012,T00148,ST007,SEATBELT_VIOLATION,LOW,1.4,DIGGING,,,,UNFASTENED,35,True
SE000155,2025-03-17 17:19:00,M0001,OP0026,T00149,ST007,SEATBELT_VIOLATION,MEDIUM,2.3,DIGGING,,,,UNFASTENED,87,False
SE000156,2025-02-22 06:07:00,M0022,OP0020,T00150,ST002,SEATBELT_VIOLATION,HIGH,0.6,LOADING,,,,UNFASTENED,13,False
SE000157,2025-02-22 06:44:00,M0022,OP0020,T00150,ST002,HARSH_BRAKING,LOW,21.5,TRAVELING,,,,FASTENED,8,True
SE000158,2025-02-22 08:02:00,M0022,OP0020,T00150,ST002,SEATBELT_VIOLATION,MEDIUM,30.8,TRAVELING,,,,UNFASTENED,18,False
SE000159,2025-02-22 09:04:00,M0022,OP0020,T00150,ST002,SEATBELT_VIOLATION,MEDIUM,21.3,TRAVELING,,,,UNFASTENED,171,True
SE000160,2025-06-11 11:11:00,M0010,OP0037,T00152,ST012,SEATBELT_VIOLATION,MEDIUM,2.7,LOADING,,,,UNFASTENED,56,True
SE000161,2025-06-11 12:02:00,M0010,OP0037,T00152,ST012,SEATBELT_VIOLATION,MEDIUM,23.3,TRAVELING,,,,UNFASTENED,148,True
SE000162,2025-06-11 12:39:00,M0010,OP0037,T00152,ST012,SEATBELT_VIOLATION,MEDIUM,14.2,TRAVELING,,,,UNFASTENED,26,False
SE000163,2025-02-19 12:54:00,M0036,OP0048,T00153,ST006,OBSTACLE_PROXIMITY,MEDIUM,0.5,WORKING,,,4.7,FASTENED,44,True
SE000164,2025-02-19 13:00:00,M0036,OP0048,T00153,ST006,VEHICLE_PROXIMITY,MEDIUM,0.5,WORKING,,3.6,,FASTENED,37,True
SE000165,2025-04-04 17:56:00,M0030,OP0014,T00157,ST009,OBSTACLE_PROXIMITY,HIGH,2.0,LOADING,,,1.2,FASTENED,44,False
SE000166,2025-04-04 18:34:00,M0030,OP0014,T00157,ST009,SEATBELT_VIOLATION,LOW,2.5,LOADING,,,,UNFASTENED,121,True
SE000167,2025-09-03 14:52:00,M0006,OP0027,T00158,ST010,VEHICLE_PROXIMITY,LOW,8.3,TRAVELING,,5.2,,FASTENED,34,True
SE000168,2025-04-15 16:28:00,M0033,OP0020,T00159,ST001,SEATBELT_VIOLATION,LOW,15.6,TRAVELING,,,,UNFASTENED,26,False
SE000169,2025-04-15 18:32:00,M0033,OP0020,T00159,ST001,PERSON_PROXIMITY,MEDIUM,1.1,WORKING,3.6,,,FASTENED,40,True
SE000170,2025-02-17 15:31:00,M0017,OP0029,T00161,ST015,SEATBELT_VIOLATION,LOW,1.7,WORKING,,,,UNFASTENED,104,False
SE000171,2025-02-17 17:04:00,M0017,OP0029,T00161,ST015,HARSH_BRAKING,LOW,9.7,TRAVELING,,,,FASTENED,5,True
SE000172,2025-02-17 17:51:00,M0017,OP0029,T00161,ST015,PERSON_PROXIMITY,LOW,17.2,TRAVELING,7.8,,,FASTENED,5,False
SE000173,2025-06-25 17:32:00,M0015,OP0014,T00162,ST001,SEATBELT_VIOLATION,MEDIUM,1.6,DIGGING,,,,UNFASTENED,43,True
SE000174,2025-04-20 06:26:00,M0011,OP0014,T00163,ST003,SEATBELT_VIOLATION,LOW,17.1,TRAVELING,,,,UNFASTENED,35,True
SE000175,2025-08-01 13:30:00,M0038,OP0052,T00165,ST004,SEATBELT_VIOLATION,LOW,2.1,TRAVELING,,,,UNFASTENED,140,True
SE000176,2025-08-01 14:08:00,M0038,OP0052,T00165,ST004,SEATBELT_VIOLATION,MEDIUM,2.5,WORKING,,,,UNFASTENED,167,True
SE000177,2025-08-01 14:51:00,M0038,OP0052,T00165,ST004,UNSAFE_REVERSING,MEDIUM,4.1,REVERSING,,,,FASTENED,4,True
SE000178,2025-08-01 16:29:00,M0038,OP0052,T00165,ST004,HARSH_BRAKING,LOW,5.2,TRAVELING,,,,FASTENED,8,True
SE000179,2025-03-28 15:05:00,M0026,OP0026,T00166,ST015,SEATBELT_VIOLATION,HIGH,1.9,WORKING,,,,UNFASTENED,114,False
SE000180,2025-03-28 15:29:00,M0026,OP0026,T00166,ST015,VEHICLE_PROXIMITY,HIGH,1.5,WORKING,,1.4,,FASTENED,17,True
SE000181,2025-05-20 10:09:00,M0002,OP0004,T00167,ST007,SEATBELT_VIOLATION,MEDIUM,0.9,WORKING,,,,UNFASTENED,148,True
SE000182,2025-01-18 15:04:00,M0016,OP0039,T00168,ST006,OVERSPEED,MEDIUM,15.3,TRAVELING,,,,FASTENED,26,True
SE000183,2025-01-18 16:07:00,M0016,OP0039,T00168,ST006,SEATBELT_VIOLATION,LOW,1.6,WORKING,,,,UNFASTENED,24,True
SE000184,2025-01-18 16:58:00,M0016,OP0039,T00168,ST006,SEATBELT_VIOLATION,MEDIUM,2.4,WORKING,,,,UNFASTENED,71,True
SE000185,2025-07-20 14:28:00,M0032,OP0018,T00169,ST008,SEATBELT_VIOLATION,HIGH,0.7,DUMPING,,,,UNFASTENED,149,True
SE000186,2025-07-20 16:59:00,M0032,OP0018,T00169,ST008,SEATBELT_VIOLATION,LOW,1.4,TRAVELING,,,,UNFASTENED,137,True
SE000187,2025-08-20 11:27:00,M0031,OP0027,T00174,ST002,SEATBELT_VIOLATION,LOW,2.3,LOADING,,,,UNFASTENED,118,False
SE000188,2025-07-25 11:57:00,M0023,OP0014,T00177,ST009,SEATBELT_VIOLATION,LOW,0.4,LOADING,,,,UNFASTENED,67,True
SE000189,2025-07-25 12:25:00,M0023,OP0014,T00177,ST009,OBSTACLE_PROXIMITY,LOW,1.9,WORKING,,,6.6,FASTENED,54,True
SE000190,2025-07-25 14:41:00,M0023,OP0014,T00177,ST009,OBSTACLE_PROXIMITY,MEDIUM,6.1,TRAVELING,,,4.7,FASTENED,24,True
SE000191,2025-07-25 15:02:00,M0023,OP0014,T00177,ST009,SEATBELT_VIOLATION,LOW,12.4,TRAVELING,,,,UNFASTENED,123,True
SE000192,2025-07-25 15:06:00,M0023,OP0014,T00177,ST009,HARSH_BRAKING,LOW,16.3,TRAVELING,,,,FASTENED,3,True
SE000193,2025-07-21 12:10:00,M0001,OP0045,T00179,ST007,SEATBELT_VIOLATION,LOW,4.4,TRAVELING,,,,UNFASTENED,15,True
SE000194,2025-07-21 12:27:00,M0001,OP0045,T00179,ST007,UNSAFE_REVERSING,LOW,3.8,REVERSING,,,,FASTENED,9,False
SE000195,2025-07-21 12:31:00,M0001,OP0045,T00179,ST007,VEHICLE_PROXIMITY,LOW,1.8,TRAVELING,,7.4,,FASTENED,10,True
SE000196,2025-01-19 07:59:00,M0035,OP0021,T00181,ST013,OBSTACLE_PROXIMITY,LOW,1.7,WORKING,,,6.5,FASTENED,34,True
SE000197,2025-01-19 08:35:00,M0035,OP0021,T00181,ST013,PERSON_PROXIMITY,MEDIUM,1.6,WORKING,3.7,,,FASTENED,25,True
SE000198,2025-09-25 12:26:00,M0035,OP0045,T00182,ST013,SEATBELT_VIOLATION,HIGH,12.4,TRAVELING,,,,UNFASTENED,30,False
SE000199,2025-09-25 14:17:00,M0035,OP0045,T00182,ST013,PERSON_PROXIMITY,LOW,1.7,WORKING,8.7,,,FASTENED,43,True
SE000200,2025-02-18 16:44:00,M0014,OP0006,T00183,ST013,SEATBELT_VIOLATION,HIGH,2.3,LOADING,,,,UNFASTENED,166,True
SE000201,2025-04-07 13:40:00,M0024,OP0010,T00184,ST004,PERSON_PROXIMITY,MEDIUM,16.7,TRAVELING,3.6,,,FASTENED,23,True
SE000202,2025-08-26 12:06:00,M0014,OP0051,T00186,ST013,OVERSPEED,HIGH,54.3,TRAVELING,,,,FASTENED,23,True
SE000203,2025-08-26 13:40:00,M0014,OP0051,T00186,ST013,UNSAFE_REVERSING,LOW,1.7,REVERSING,,,,FASTENED,9,True
SE000204,2025-09-16 10:31:00,M0041,OP0024,T00187,ST008,SEATBELT_VIOLATION,MEDIUM,0.8,DIGGING,,,,UNFASTENED,26,False
SE000205,2025-09-16 11:40:00,M0041,OP0024,T00187,ST008,SEATBELT_VIOLATION,MEDIUM,1.6,DUMPING,,,,UNFASTENED,150,True
SE000206,2025-09-16 12:37:00,M0041,OP0024,T00187,ST008,SEATBELT_VIOLATION,LOW,1.5,DIGGING,,,,UNFASTENED,98,True
SE000207,2025-01-11 14:13:00,M0003,OP0029,T00188,ST013,OBSTACLE_PROXIMITY,LOW,2.5,REVERSING,,,7.3,FASTENED,18,True
SE000208,2025-01-11 14:24:00,M0003,OP0029,T00188,ST013,VEHICLE_PROXIMITY,LOW,2.8,DUMPING,,7.6,,FASTENED,46,False
SE000209,2025-01-11 15:58:00,M0003,OP0029,T00188,ST013,OBSTACLE_PROXIMITY,LOW,3.3,TRAVELING,,,5.2,FASTENED,16,True
SE000210,2025-03-09 10:55:00,M0026,OP0044,T00192,ST015,SEATBELT_VIOLATION,MEDIUM,2.9,WORKING,,,,UNFASTENED,105,True
SE000211,2025-03-18 13:57:00,M0029,OP0014,T00193,ST010,SEATBELT_VIOLATION,LOW,2.8,WORKING,,,,UNFASTENED,103,True
SE000212,2025-03-18 14:33:00,M0029,OP0014,T00193,ST010,VEHICLE_PROXIMITY,HIGH,0.8,WORKING,,2.2,,FASTENED,7,True
SE000213,2025-03-18 14:43:00,M0029,OP0014,T00193,ST010,OVERSPEED,MEDIUM,13.0,TRAVELING,,,,FASTENED,37,False
SE000214,2025-03-18 14:45:00,M0029,OP0014,T00193,ST010,SEATBELT_VIOLATION,MEDIUM,1.2,WORKING,,,,UNFASTENED,166,True
SE000215,2025-06-02 07:54:00,M0015,OP0007,T00195,ST001,SEATBELT_VIOLATION,LOW,1.1,WORKING,,,,UNFASTENED,82,True
SE000216,2025-06-02 08:44:00,M0015,OP0007,T00195,ST001,SEATBELT_VIOLATION,HIGH,1.4,DUMPING,,,,UNFASTENED,11,False
SE000217,2025-04-22 08:44:00,M0036,OP0011,T00197,ST006,PERSON_PROXIMITY,LOW,6.6,TRAVELING,6.5,,,FASTENED,11,True
SE000218,2025-04-22 09:39:00,M0036,OP0011,T00197,ST006,PERSON_PROXIMITY,LOW,6.9,TRAVELING,8.2,,,FASTENED,34,True
SE000219,2025-01-25 08:49:00,M0018,OP0054,T00198,ST014,UNSAFE_REVERSING,LOW,0.5,REVERSING,,,,FASTENED,15,True
SE000220,2025-01-25 09:07:00,M0018,OP0054,T00198,ST014,VEHICLE_PROXIMITY,MEDIUM,2.9,DUMPING,,4.0,,FASTENED,18,True
SE000221,2025-07-17 08:27:00,M0042,OP0038,T00200,ST011,UNSAFE_REVERSING,LOW,4.8,REVERSING,,,,FASTENED,15,True
SE000222,2025-07-17 09:02:00,M0042,OP0038,T00200,ST011,SEATBELT_VIOLATION,LOW,6.1,TRAVELING,,,,UNFASTENED,135,True
SE000223,2025-03-22 09:34:00,M0014,OP0007,T00201,ST013,HARSH_BRAKING,LOW,43.5,TRAVELING,,,,FASTENED,8,True
SE000224,2025-09-28 12:42:00,M0027,OP0034,T00202,ST015,UNSAFE_REVERSING,LOW,4.0,REVERSING,,,,FASTENED,5,True
SE000225,2025-06-16 07:34:00,M0028,OP0006,T00205,ST012,SEATBELT_VIOLATION,MEDIUM,1.0,DIGGING,,,,UNFASTENED,142,False
SE000226,2025-09-11 15:43:00,M0027,OP0016,T00207,ST015,SEATBELT_VIOLATION,LOW,4.8,REVERSING,,,,UNFASTENED,18,False
SE000227,2025-09-11 16:14:00,M0027,OP0016,T00207,ST015,SEATBELT_VIOLATION,MEDIUM,0.5,REVERSING,,,,UNFASTENED,24,True
SE000228,2025-02-24 14:21:00,M0015,OP0034,T00209,ST001,SEATBELT_VIOLATION,MEDIUM,0.2,DIGGING,,,,UNFASTENED,37,True
SE000229,2025-02-24 15:32:00,M0015,OP0034,T00209,ST001,SEATBELT_VIOLATION,LOW,1.4,DIGGING,,,,UNFASTENED,12,True
SE000230,2025-02-24 17:06:00,M0015,OP0034,T00209,ST001,SEATBELT_VIOLATION,HIGH,2.6,WORKING,,,,UNFASTENED,94,False
SE000231,2025-09-24 08:59:00,M0030,OP0031,T00210,ST009,PERSON_PROXIMITY,LOW,0.1,DIGGING,5.9,,,FASTENED,56,True
SE000232,2025-09-24 09:04:00,M0030,OP0031,T00210,ST009,SEATBELT_VIOLATION,LOW,0.6,WORKING,,,,UNFASTENED,81,True
SE000233,2025-09-24 10:44:00,M0030,OP0031,T00210,ST009,OBSTACLE_PROXIMITY,MEDIUM,2.5,DIGGING,,,4.0,FASTENED,27,True
SE000234,2025-09-24 11:08:00,M0030,OP0031,T00210,ST009,VEHICLE_PROXIMITY,MEDIUM,1.0,DUMPING,,4.1,,FASTENED,14,False
SE000235,2025-09-24 11:22:00,M0030,OP0031,T00210,ST009,SEATBELT_VIOLATION,LOW,0.4,DIGGING,,,,UNFASTENED,158,True
SE000236,2025-09-24 11:44:00,M0030,OP0031,T00210,ST009,OVERSPEED,MEDIUM,8.5,TRAVELING,,,,FASTENED,10,True
SE000237,2025-09-24 11:46:00,M0030,OP0031,T00210,ST009,PERSON_PROXIMITY,LOW,3.0,TRAVELING,5.9,,,FASTENED,10,True
SE000238,2025-03-30 14:39:00,M0006,OP0022,T00211,ST010,SEATBELT_VIOLATION,MEDIUM,2.1,LOADING,,,,UNFASTENED,57,False
SE000239,2025-03-30 15:31:00,M0006,OP0022,T00211,ST010,PERSON_PROXIMITY,HIGH,0.2,DUMPING,2.4,,,FASTENED,10,True
SE000240,2025-03-30 16:03:00,M0006,OP0022,T00211,ST010,SEATBELT_VIOLATION,MEDIUM,2.4,LOADING,,,,UNFASTENED,97,True
SE000241,2025-03-30 18:04:00,M0006,OP0022,T00211,ST010,PERSON_PROXIMITY,LOW,14.8,TRAVELING,7.9,,,FASTENED,37,True
SE000242,2025-02-19 06:07:00,M0042,OP0026,T00212,ST011,VEHICLE_PROXIMITY,LOW,0.7,DUMPING,,6.4,,FASTENED,53,True
SE000243,2025-09-03 14:36:00,M0017,OP0006,T00214,ST015,SEATBELT_VIOLATION,LOW,0.5,WORKING,,,,UNFASTENED,28,True
SE000244,2025-08-20 14:17:00,M0021,OP0053,T00216,ST014,UNSAFE_REVERSING,LOW,3.8,REVERSING,,,,FASTENED,3,True
SE000245,2025-08-20 16:14:00,M0021,OP0053,T00216,ST014,PERSON_PROXIMITY,LOW,1.3,WORKING,7.5,,,FASTENED,4,True
SE000246,2025-08-20 16:51:00,M0021,OP0053,T00216,ST014,UNSAFE_REVERSING,LOW,2.3,REVERSING,,,,FASTENED,17,True
SE000247,2025-01-30 16:25:00,M0008,OP0025,T00217,ST008,PERSON_PROXIMITY,LOW,2.7,WORKING,8.1,,,FASTENED,45,True
SE000248,2025-06-15 09:05:00,M0006,OP0029,T00218,ST010,OBSTACLE_PROXIMITY,LOW,16.1,TRAVELING,,,7.1,FASTENED,47,True
SE000249,2025-07-29 16:17:00,M0002,OP0034,T00221,ST007,OBSTACLE_PROXIMITY,MEDIUM,5.1,REVERSING,,,4.1,FASTENED,5,True
SE000250,2025-07-29 19:16:00,M0002,OP0034,T00221,ST007,SEATBELT_VIOLATION,LOW,1.9,LOADING,,,,UNFASTENED,93,False
SE000251,2025-08-16 10:45:00,M0009,OP0006,T00222,ST004,SEATBELT_VIOLATION,MEDIUM,2.8,WORKING,,,,UNFASTENED,11,True
SE000252,2025-09-21 08:54:00,M0031,OP0027,T00223,ST002,SEATBELT_VIOLATION,MEDIUM,1.0,LOADING,,,,UNFASTENED,144,False
SE000253,2025-09-21 09:01:00,M0031,OP0027,T00223,ST002,PERSON_PROXIMITY,HIGH,2.4,LOADING,1.8,,,FASTENED,36,True
SE000254,2025-09-21 09:07:00,M0031,OP0027,T00223,ST002,VEHICLE_PROXIMITY,LOW,6.1,REVERSING,,7.4,,FASTENED,50,True
SE000255,2025-09-21 12:12:00,M0031,OP0027,T00223,ST002,PERSON_PROXIMITY,LOW,1.9,LOADING,6.3,,,FASTENED,27,True
SE000256,2025-08-05 11:21:00,M0014,OP0038,T00225,ST013,SEATBELT_VIOLATION,LOW,35.4,TRAVELING,,,,UNFASTENED,90,True
SE000257,2025-08-05 13:52:00,M0014,OP0038,T00225,ST013,SEATBELT_VIOLATION,LOW,30.5,TRAVELING,,,,UNFASTENED,101,False
SE000258,2025-05-31 12:08:00,M0010,OP0043,T00226,ST012,SEATBELT_VIOLATION,LOW,2.0,DUMPING,,,,UNFASTENED,136,True
SE000259,2025-01-22 13:14:00,M0013,OP0048,T00232,ST007,SEATBELT_VIOLATION,HIGH,1.2,DIGGING,,,,UNFASTENED,167,True
SE000260,2025-01-22 13:48:00,M0013,OP0048,T00232,ST007,OBSTACLE_PROXIMITY,LOW,2.0,DUMPING,,,7.4,FASTENED,13,True
SE000261,2025-01-22 14:06:00,M0013,OP0048,T00232,ST007,SEATBELT_VIOLATION,LOW,1.8,DIGGING,,,,UNFASTENED,110,True
SE000262,2025-01-22 14:24:00,M0013,OP0048,T00232,ST007,SEATBELT_VIOLATION,LOW,1.7,WORKING,,,,UNFASTENED,58,True
SE000263,2025-07-07 14:21:00,M0006,OP0033,T00235,ST010,OVERSPEED,MEDIUM,22.1,TRAVELING,,,,FASTENED,28,True
SE000264,2025-02-03 15:34:00,M0030,OP0020,T00236,ST009,SEATBELT_VIOLATION,MEDIUM,1.5,DUMPING,,,,UNFASTENED,28,True
SE000265,2025-02-03 17:47:00,M0030,OP0020,T00236,ST009,SEATBELT_VIOLATION,MEDIUM,1.6,WORKING,,,,UNFASTENED,69,True
SE000266,2025-02-03 18:49:00,M0030,OP0020,T00236,ST009,SEATBELT_VIOLATION,MEDIUM,1.2,DIGGING,,,,UNFASTENED,158,True
SE000267,2025-05-19 09:05:00,M0023,OP0052,T00237,ST009,SEATBELT_VIOLATION,LOW,1.1,LOADING,,,,UNFASTENED,167,True
SE000268,2025-05-19 09:18:00,M0023,OP0052,T00237,ST009,VEHICLE_PROXIMITY,MEDIUM,0.6,LOADING,,3.7,,FASTENED,52,True
SE000269,2025-05-19 09:44:00,M0023,OP0052,T00237,ST009,SEATBELT_VIOLATION,LOW,0.7,LOADING,,,,UNFASTENED,66,True
SE000270,2025-05-19 11:35:00,M0023,OP0052,T00237,ST009,HARSH_BRAKING,LOW,13.5,TRAVELING,,,,FASTENED,6,True
SE000271,2025-08-23 12:02:00,M0025,OP0028,T00238,ST011,UNSAFE_REVERSING,LOW,1.6,REVERSING,,,,FASTENED,23,True
SE000272,2025-06-23 10:26:00,M0003,OP0021,T00240,ST013,OVERSPEED,MEDIUM,12.8,TRAVELING,,,,FASTENED,7,False
SE000273,2025-06-23 11:23:00,M0003,OP0021,T00240,ST013,UNSAFE_REVERSING,MEDIUM,4.5,REVERSING,,,,FASTENED,17,False
SE000274,2025-05-12 15:03:00,M0025,OP0031,T00241,ST011,SEATBELT_VIOLATION,LOW,0.0,LOADING,,,,UNFASTENED,53,True
SE000275,2025-05-12 16:24:00,M0025,OP0031,T00241,ST011,OBSTACLE_PROXIMITY,MEDIUM,0.9,DUMPING,,,3.0,FASTENED,34,True
SE000276,2025-05-12 17:51:00,M0025,OP0031,T00241,ST011,UNSAFE_REVERSING,LOW,6.8,REVERSING,,,,FASTENED,20,True
SE000277,2025-05-28 14:49:00,M0031,OP0018,T00242,ST002,SEATBELT_VIOLATION,LOW,0.3,LOADING,,,,UNFASTENED,58,True
SE000278,2025-09-01 16:24:00,M0026,OP0014,T00243,ST015,SEATBELT_VIOLATION,MEDIUM,10.7,TRAVELING,,,,UNFASTENED,17,True
SE000279,2025-03-27 15:08:00,M0005,OP0007,T00244,ST003,SEATBELT_VIOLATION,LOW,2.0,DUMPING,,,,UNFASTENED,94,True
SE000280,2025-03-27 16:33:00,M0005,OP0007,T00244,ST003,SEATBELT_VIOLATION,LOW,2.1,LOADING,,,,UNFASTENED,166,True
SE000281,2025-03-27 18:26:00,M0005,OP0007,T00244,ST003,HARSH_BRAKING,LOW,16.9,TRAVELING,,,,FASTENED,6,True
SE000282,2025-03-27 18:44:00,M0005,OP0007,T00244,ST003,HARSH_BRAKING,LOW,7.0,REVERSING,,,,FASTENED,7,True
SE000283,2025-04-29 09:42:00,M0024,OP0049,T00251,ST004,HARSH_BRAKING,LOW,5.1,TRAVELING,,,,FASTENED,6,True
SE000284,2025-01-21 15:34:00,M0021,OP0022,T00252,ST014,SEATBELT_VIOLATION,LOW,1.9,WORKING,,,,UNFASTENED,55,False
SE000285,2025-01-21 16:16:00,M0021,OP0022,T00252,ST014,PERSON_PROXIMITY,LOW,0.4,WORKING,5.3,,,FASTENED,53,True
SE000286,2025-01-21 16:38:00,M0021,OP0022,T00252,ST014,SEATBELT_VIOLATION,HIGH,0.5,WORKING,,,,UNFASTENED,53,True
SE000287,2025-01-21 17:08:00,M0021,OP0022,T00252,ST014,OBSTACLE_PROXIMITY,HIGH,2.7,WORKING,,,2.3,FASTENED,12,True
SE000288,2025-05-18 12:54:00,M0035,OP0047,T00254,ST013,OBSTACLE_PROXIMITY,MEDIUM,7.6,TRAVELING,,,4.4,FASTENED,40,True
SE000289,2025-09-08 11:04:00,M0036,OP0048,T00255,ST006,HARSH_BRAKING,LOW,3.8,TRAVELING,,,,FASTENED,8,True
SE000290,2025-09-08 13:17:00,M0036,OP0048,T00255,ST006,VEHICLE_PROXIMITY,LOW,0.1,WORKING,,5.4,,FASTENED,46,True
SE000291,2025-09-08 14:28:00,M0036,OP0048,T00255,ST006,VEHICLE_PROXIMITY,LOW,1.7,WORKING,,6.1,,FASTENED,46,True
SE000292,2025-09-08 14:47:00,M0036,OP0048,T00255,ST006,SEATBELT_VIOLATION,LOW,2.6,WORKING,,,,UNFASTENED,81,True
SE000293,2025-06-28 10:05:00,M0006,OP0050,T00256,ST010,SEATBELT_VIOLATION,MEDIUM,2.4,REVERSING,,,,UNFASTENED,150,False
SE000294,2025-03-01 11:22:00,M0012,OP0036,T00260,ST002,UNSAFE_REVERSING,LOW,3.2,REVERSING,,,,FASTENED,9,False
SE000295,2025-03-01 13:14:00,M0012,OP0036,T00260,ST002,SEATBELT_VIOLATION,MEDIUM,0.1,DUMPING,,,,UNFASTENED,95,True
SE000296,2025-05-26 14:37:00,M0018,OP0055,T00261,ST014,SEATBELT_VIOLATION,MEDIUM,0.2,DIGGING,,,,UNFASTENED,140,False
SE000297,2025-05-26 15:05:00,M0018,OP0055,T00261,ST014,SEATBELT_VIOLATION,LOW,0.8,LOADING,,,,UNFASTENED,11,True
SE000298,2025-05-14 10:26:00,M0009,OP0055,T00262,ST004,VEHICLE_PROXIMITY,MEDIUM,2.7,LOADING,,3.9,,FASTENED,26,True
SE000299,2025-05-14 12:23:00,M0009,OP0055,T00262,ST004,SEATBELT_VIOLATION,MEDIUM,2.9,DIGGING,,,,UNFASTENED,158,True
SE000300,2025-05-14 12:49:00,M0009,OP0055,T00262,ST004,VEHICLE_PROXIMITY,MEDIUM,4.0,TRAVELING,,4.4,,FASTENED,25,True
SE000301,2025-03-31 09:00:00,M0029,OP0049,T00264,ST010,OVERSPEED,MEDIUM,13.5,TRAVELING,,,,FASTENED,7,True
SE000302,2025-05-07 10:05:00,M0006,OP0014,T00265,ST010,OVERSPEED,MEDIUM,21.1,TRAVELING,,,,FASTENED,27,True
SE000303,2025-05-07 10:39:00,M0006,OP0014,T00265,ST010,HARSH_BRAKING,LOW,3.7,REVERSING,,,,FASTENED,2,True
SE000304,2025-05-07 10:57:00,M0006,OP0014,T00265,ST010,PERSON_PROXIMITY,LOW,2.9,WORKING,6.6,,,FASTENED,25,True
SE000305,2025-04-29 17:55:00,M0026,OP0025,T00269,ST015,PERSON_PROXIMITY,MEDIUM,9.1,TRAVELING,4.1,,,FASTENED,12,True
SE000306,2025-04-29 18:16:00,M0026,OP0025,T00269,ST015,PERSON_PROXIMITY,HIGH,15.5,TRAVELING,1.4,,,FASTENED,54,False
SE000307,2025-04-29 18:40:00,M0026,OP0025,T00269,ST015,PERSON_PROXIMITY,HIGH,0.2,WORKING,1.0,,,FASTENED,58,True
SE000308,2025-04-29 18:47:00,M0026,OP0025,T00269,ST015,OVERSPEED,MEDIUM,23.9,TRAVELING,,,,FASTENED,13,True
SE000309,2025-04-29 18:59:00,M0026,OP0025,T00269,ST015,VEHICLE_PROXIMITY,HIGH,20.9,TRAVELING,,1.1,,FASTENED,17,True
SE000310,2025-04-21 14:12:00,M0039,OP0028,T00272,ST003,HARSH_BRAKING,LOW,6.2,TRAVELING,,,,FASTENED,6,True
SE000311,2025-02-24 09:45:00,M0033,OP0004,T00274,ST001,HARSH_BRAKING,LOW,15.5,TRAVELING,,,,FASTENED,9,True
SE000312,2025-02-19 12:26:00,M0028,OP0034,T00275,ST012,SEATBELT_VIOLATION,HIGH,1.5,WORKING,,,,UNFASTENED,163,True
SE000313,2025-01-01 12:49:00,M0034,OP0031,T00276,ST014,SEATBELT_VIOLATION,MEDIUM,1.0,LOADING,,,,UNFASTENED,170,False
SE000314,2025-01-01 15:48:00,M0034,OP0031,T00276,ST014,VEHICLE_PROXIMITY,LOW,1.1,WORKING,,8.4,,FASTENED,51,True
SE000315,2025-09-17 12:01:00,M0010,OP0001,T00278,ST012,OVERSPEED,HIGH,52.4,TRAVELING,,,,FASTENED,6,False
SE000316,2025-09-13 10:40:00,M0019,OP0045,T00280,ST002,SEATBELT_VIOLATION,LOW,1.1,DUMPING,,,,UNFASTENED,148,False
SE000317,2025-09-13 11:05:00,M0019,OP0045,T00280,ST002,PERSON_PROXIMITY,HIGH,1.9,LOADING,1.3,,,FASTENED,23,True
SE000318,2025-02-18 13:47:00,M0012,OP0054,T00286,ST002,SEATBELT_VIOLATION,MEDIUM,2.4,DUMPING,,,,UNFASTENED,85,False
SE000319,2025-04-20 08:27:00,M0027,OP0037,T00287,ST015,SEATBELT_VIOLATION,MEDIUM,2.9,LOADING,,,,UNFASTENED,17,False
SE000320,2025-04-20 08:40:00,M0027,OP0037,T00287,ST015,OVERSPEED,MEDIUM,8.6,TRAVELING,,,,FASTENED,28,True
SE000321,2025-06-11 09:06:00,M0032,OP0019,T00289,ST008,OVERSPEED,MEDIUM,12.9,TRAVELING,,,,FASTENED,7,True
SE000322,2025-06-11 09:38:00,M0032,OP0019,T00289,ST008,SEATBELT_VIOLATION,HIGH,0.9,DUMPING,,,,UNFASTENED,110,False
SE000323,2025-08-14 10:26:00,M0003,OP0046,T00290,ST013,HARSH_BRAKING,LOW,7.9,TRAVELING,,,,FASTENED,5,True
SE000324,2025-08-14 11:10:00,M0003,OP0046,T00290,ST013,SEATBELT_VIOLATION,LOW,6.3,TRAVELING,,,,UNFASTENED,175,False
SE000325,2025-02-05 15:30:00,M0039,OP0030,T00291,ST003,SEATBELT_VIOLATION,HIGH,2.9,TRAVELING,,,,UNFASTENED,15,True
SE000326,2025-01-23 09:30:00,M0021,OP0025,T00292,ST014,VEHICLE_PROXIMITY,LOW,1.7,WORKING,,6.7,,FASTENED,40,True
SE000327,2025-01-23 11:51:00,M0021,OP0025,T00292,ST014,VEHICLE_PROXIMITY,LOW,0.5,WORKING,,5.9,,FASTENED,50,False
SE000328,2025-09-05 12:30:00,M0006,OP0010,T00293,ST010,SEATBELT_VIOLATION,LOW,2.3,DIGGING,,,,UNFASTENED,124,True
SE000329,2025-09-12 07:50:00,M0022,OP0020,T00294,ST002,SEATBELT_VIOLATION,LOW,14.1,TRAVELING,,,,UNFASTENED,72,True
SE000330,2025-09-12 09:47:00,M0022,OP0020,T00294,ST002,OVERSPEED,HIGH,52.4,TRAVELING,,,,FASTENED,38,True
SE000331,2025-09-03 08:44:00,M0037,OP0042,T00296,ST005,SEATBELT_VIOLATION,LOW,2.9,WORKING,,,,UNFASTENED,159,True
SE000332,2025-09-03 08:44:00,M0037,OP0042,T00296,ST005,VEHICLE_PROXIMITY,LOW,2.9,WORKING,,7.9,,UNFASTENED,55,True
SE000333,2025-09-03 10:15:00,M0037,OP0042,T00296,ST005,HARSH_BRAKING,LOW,8.1,TRAVELING,,,,FASTENED,9,True
SE000334,2025-04-27 12:14:00,M0011,OP0046,T00297,ST003,SEATBELT_VIOLATION,LOW,2.1,DIGGING,,,,UNFASTENED,130,True
SE000335,2025-04-27 13:20:00,M0011,OP0046,T00297,ST003,SEATBELT_VIOLATION,LOW,0.3,LOADING,,,,UNFASTENED,50,True
SE000336,2025-04-27 13:25:00,M0011,OP0046,T00297,ST003,HARSH_BRAKING,LOW,6.6,TRAVELING,,,,FASTENED,8,True
SE000337,2025-04-27 13:28:00,M0011,OP0046,T00297,ST003,SEATBELT_VIOLATION,HIGH,9.8,TRAVELING,,,,UNFASTENED,107,True
SE000338,2025-04-27 13:37:00,M0011,OP0046,T00297,ST003,SEATBELT_VIOLATION,LOW,5.2,REVERSING,,,,UNFASTENED,80,True
SE000339,2025-04-27 14:45:00,M0011,OP0046,T00297,ST003,SEATBELT_VIOLATION,MEDIUM,0.9,LOADING,,,,UNFASTENED,95,True
SE000340,2025-04-24 09:18:00,M0026,OP0020,T00299,ST015,OBSTACLE_PROXIMITY,LOW,13.6,TRAVELING,,,8.5,FASTENED,58,True
SE000341,2025-04-24 09:30:00,M0026,OP0020,T00299,ST015,OVERSPEED,MEDIUM,23.5,TRAVELING,,,,FASTENED,7,True
SE000342,2025-04-24 10:38:00,M0026,OP0020,T00299,ST015,UNSAFE_REVERSING,LOW,6.0,REVERSING,,,,FASTENED,16,True
SE000343,2025-04-24 12:44:00,M0026,OP0020,T00299,ST015,SEATBELT_VIOLATION,MEDIUM,0.4,WORKING,,,,UNFASTENED,72,True
SE000344,2025-06-01 09:16:00,M0002,OP0029,T00300,ST007,SEATBELT_VIOLATION,LOW,19.5,TRAVELING,,,,UNFASTENED,83,True
SE000345,2025-06-01 09:20:00,M0002,OP0029,T00300,ST007,OBSTACLE_PROXIMITY,LOW,14.1,TRAVELING,,,6.1,FASTENED,57,True
SE000346,2025-06-01 10:40:00,M0002,OP0029,T00300,ST007,OBSTACLE_PROXIMITY,LOW,15.4,TRAVELING,,,7.4,FASTENED,55,True
SE000347,2025-08-27 16:34:00,M0038,OP0034,T00303,ST004,OVERSPEED,HIGH,13.0,TRAVELING,,,,FASTENED,9,True
SE000348,2025-04-21 15:54:00,M0033,OP0027,T00304,ST001,HARSH_BRAKING,LOW,10.4,TRAVELING,,,,FASTENED,8,True
SE000349,2025-02-02 10:19:00,M0014,OP0003,T00305,ST013,HARSH_BRAKING,LOW,41.9,TRAVELING,,,,FASTENED,4,True
SE000350,2025-02-02 11:20:00,M0014,OP0003,T00305,ST013,OVERSPEED,MEDIUM,52.5,TRAVELING,,,,FASTENED,37,True
SE000351,2025-05-29 11:02:00,M0036,OP0014,T00306,ST006,VEHICLE_PROXIMITY,LOW,3.7,REVERSING,,5.7,,FASTENED,58,True
SE000352,2025-02-14 11:34:00,M0039,OP0031,T00310,ST003,SEATBELT_VIOLATION,LOW,2.3,LOADING,,,,UNFASTENED,151,True
SE000353,2025-02-04 15:33:00,M0004,OP0017,T00312,ST007,PERSON_PROXIMITY,LOW,1.2,WORKING,5.7,,,FASTENED,13,False
SE000354,2025-01-20 10:00:00,M0007,OP0028,T00314,ST012,OVERSPEED,MEDIUM,15.0,TRAVELING,,,,FASTENED,26,True
SE000355,2025-06-04 16:11:00,M0016,OP0023,T00315,ST006,SEATBELT_VIOLATION,HIGH,3.5,TRAVELING,,,,UNFASTENED,142,False
SE000356,2025-06-04 17:41:00,M0016,OP0023,T00315,ST006,PERSON_PROXIMITY,LOW,0.6,WORKING,7.2,,,FASTENED,38,True
SE000357,2025-02-27 16:20:00,M0025,OP0026,T00317,ST011,SEATBELT_VIOLATION,LOW,2.3,REVERSING,,,,UNFASTENED,179,True
SE000358,2025-05-27 15:27:00,M0033,OP0008,T00318,ST001,HARSH_BRAKING,LOW,13.3,TRAVELING,,,,FASTENED,8,True
SE000359,2025-05-27 15:29:00,M0033,OP0008,T00318,ST001,HARSH_BRAKING,LOW,7.6,TRAVELING,,,,FASTENED,3,True
SE000360,2025-04-27 08:35:00,M0023,OP0023,T00319,ST009,SEATBELT_VIOLATION,MEDIUM,2.3,LOADING,,,,UNFASTENED,60,True
SE000361,2025-04-27 08:44:00,M0023,OP0023,T00319,ST009,OBSTACLE_PROXIMITY,LOW,1.3,DUMPING,,,8.2,FASTENED,22,True
SE000362,2025-04-27 10:18:00,M0023,OP0023,T00319,ST009,VEHICLE_PROXIMITY,LOW,5.7,REVERSING,,5.4,,FASTENED,16,True
SE000363,2025-01-31 08:43:00,M0017,OP0016,T00321,ST015,OBSTACLE_PROXIMITY,LOW,0.5,WORKING,,,8.3,FASTENED,18,True
SE000364,2025-01-31 10:30:00,M0017,OP0016,T00321,ST015,PERSON_PROXIMITY,LOW,12.6,TRAVELING,5.9,,,FASTENED,47,True
SE000365,2025-06-27 13:15:00,M0026,OP0008,T00323,ST015,SEATBELT_VIOLATION,LOW,1.2,WORKING,,,,UNFASTENED,34,True
SE000366,2025-06-27 14:27:00,M0026,OP0008,T00323,ST015,SEATBELT_VIOLATION,HIGH,1.5,WORKING,,,,UNFASTENED,16,True
SE000367,2025-06-27 15:15:00,M0026,OP0008,T00323,ST015,PERSON_PROXIMITY,MEDIUM,0.8,WORKING,3.8,,,FASTENED,41,True
SE000368,2025-06-27 15:23:00,M0026,OP0008,T00323,ST015,VEHICLE_PROXIMITY,LOW,0.1,WORKING,,7.2,,FASTENED,58,True
SE000369,2025-06-27 16:41:00,M0026,OP0008,T00323,ST015,VEHICLE_PROXIMITY,HIGH,2.5,WORKING,,2.5,,FASTENED,49,True
SE000370,2025-03-04 09:06:00,M0042,OP0008,T00324,ST011,VEHICLE_PROXIMITY,LOW,0.5,WORKING,,6.3,,FASTENED,5,True
SE000371,2025-03-04 11:20:00,M0042,OP0008,T00324,ST011,SEATBELT_VIOLATION,LOW,3.3,REVERSING,,,,UNFASTENED,26,True
SE000372,2025-03-04 11:43:00,M0042,OP0008,T00324,ST011,PERSON_PROXIMITY,LOW,2.6,WORKING,6.1,,,FASTENED,40,True
SE000373,2025-08-10 16:20:00,M0026,OP0013,T00326,ST015,SEATBELT_VIOLATION,LOW,1.6,WORKING,,,,UNFASTENED,173,True
SE000374,2025-04-29 06:13:00,M0004,OP0031,T00327,ST007,PERSON_PROXIMITY,LOW,11.2,TRAVELING,7.9,,,FASTENED,13,True
SE000375,2025-04-29 06:28:00,M0004,OP0031,T00327,ST007,VEHICLE_PROXIMITY,HIGH,16.1,TRAVELING,,1.3,,FASTENED,20,True
SE000376,2025-04-29 07:52:00,M0004,OP0031,T00327,ST007,SEATBELT_VIOLATION,MEDIUM,16.3,TRAVELING,,,,UNFASTENED,58,True
SE000377,2025-04-29 09:33:00,M0004,OP0031,T00327,ST007,OBSTACLE_PROXIMITY,LOW,17.2,TRAVELING,,,5.1,FASTENED,3,True
SE000378,2025-04-19 09:20:00,M0032,OP0046,T00328,ST008,SEATBELT_VIOLATION,MEDIUM,11.3,TRAVELING,,,,UNFASTENED,123,True
SE000379,2025-04-19 09:20:00,M0032,OP0046,T00328,ST008,PERSON_PROXIMITY,LOW,11.3,TRAVELING,7.5,,,UNFASTENED,17,True
SE000380,2025-04-19 11:47:00,M0032,OP0046,T00328,ST008,SEATBELT_VIOLATION,MEDIUM,10.5,TRAVELING,,,,UNFASTENED,45,True
SE000381,2025-09-13 07:29:00,M0009,OP0046,T00330,ST004,SEATBELT_VIOLATION,HIGH,1.5,DIGGING,,,,UNFASTENED,51,True
SE000382,2025-04-12 18:27:00,M0022,OP0049,T00332,ST002,SEATBELT_VIOLATION,LOW,47.6,TRAVELING,,,,UNFASTENED,108,True
SE000383,2025-02-07 16:37:00,M0016,OP0023,T00333,ST006,SEATBELT_VIOLATION,MEDIUM,0.6,WORKING,,,,UNFASTENED,27,True
SE000384,2025-02-07 17:45:00,M0016,OP0023,T00333,ST006,SEATBELT_VIOLATION,LOW,2.5,WORKING,,,,UNFASTENED,111,True
SE000385,2025-02-07 19:02:00,M0016,OP0023,T00333,ST006,SEATBELT_VIOLATION,MEDIUM,1.1,WORKING,,,,UNFASTENED,117,True
SE000386,2025-09-23 14:20:00,M0019,OP0009,T00334,ST002,SEATBELT_VIOLATION,LOW,1.5,WORKING,,,,UNFASTENED,60,True
SE000387,2025-09-23 15:22:00,M0019,OP0009,T00334,ST002,SEATBELT_VIOLATION,MEDIUM,0.0,DUMPING,,,,UNFASTENED,162,False
SE000388,2025-09-23 16:18:00,M0019,OP0009,T00334,ST002,PERSON_PROXIMITY,MEDIUM,1.1,DIGGING,3.9,,,FASTENED,34,True
SE000389,2025-09-23 17:21:00,M0019,OP0009,T00334,ST002,SEATBELT_VIOLATION,LOW,0.6,WORKING,,,,UNFASTENED,98,False
SE000390,2025-04-15 09:00:00,M0039,OP0040,T00336,ST003,OBSTACLE_PROXIMITY,LOW,2.6,DUMPING,,,5.9,FASTENED,13,False
SE000391,2025-09-25 08:33:00,M0039,OP0028,T00337,ST003,OBSTACLE_PROXIMITY,LOW,0.6,DIGGING,,,6.4,FASTENED,33,True
SE000392,2025-09-16 14:26:00,M0028,OP0046,T00340,ST012,SEATBELT_VIOLATION,HIGH,1.6,DIGGING,,,,UNFASTENED,101,True
SE000393,2025-05-06 11:49:00,M0025,OP0046,T00343,ST011,SEATBELT_VIOLATION,LOW,0.3,WORKING,,,,UNFASTENED,105,False
SE000394,2025-05-06 12:01:00,M0025,OP0046,T00343,ST011,SEATBELT_VIOLATION,MEDIUM,1.7,LOADING,,,,UNFASTENED,66,True
SE000395,2025-05-06 12:08:00,M0025,OP0046,T00343,ST011,SEATBELT_VIOLATION,LOW,8.4,REVERSING,,,,UNFASTENED,164,True
SE000396,2025-05-06 13:10:00,M0025,OP0046,T00343,ST011,SEATBELT_VIOLATION,HIGH,8.7,TRAVELING,,,,UNFASTENED,49,True
SE000397,2025-05-06 13:44:00,M0025,OP0046,T00343,ST011,SEATBELT_VIOLATION,LOW,0.1,DUMPING,,,,UNFASTENED,142,True
SE000398,2025-06-10 16:11:00,M0033,OP0041,T00344,ST001,OBSTACLE_PROXIMITY,LOW,1.6,WORKING,,,7.7,FASTENED,35,False
SE000399,2025-06-10 16:12:00,M0033,OP0041,T00344,ST001,VEHICLE_PROXIMITY,HIGH,2.1,WORKING,,2.5,,FASTENED,48,True
SE000400,2025-06-10 16:17:00,M0033,OP0041,T00344,ST001,UNSAFE_REVERSING,MEDIUM,3.5,REVERSING,,,,FASTENED,14,True
SE000401,2025-06-18 08:48:00,M0001,OP0006,T00345,ST007,SEATBELT_VIOLATION,MEDIUM,2.9,LOADING,,,,UNFASTENED,143,True
SE000402,2025-06-18 09:48:00,M0001,OP0006,T00345,ST007,SEATBELT_VIOLATION,MEDIUM,1.7,DUMPING,,,,UNFASTENED,44,True
SE000403,2025-06-09 15:02:00,M0004,OP0016,T00346,ST007,OBSTACLE_PROXIMITY,MEDIUM,0.8,WORKING,,,4.7,FASTENED,22,True
SE000404,2025-07-04 12:04:00,M0003,OP0007,T00347,ST013,PERSON_PROXIMITY,MEDIUM,2.6,WORKING,3.0,,,FASTENED,51,True
SE000405,2025-07-04 13:31:00,M0003,OP0007,T00347,ST013,SEATBELT_VIOLATION,MEDIUM,7.1,TRAVELING,,,,UNFASTENED,91,True
SE000406,2025-08-28 10:19:00,M0008,OP0027,T00348,ST008,PERSON_PROXIMITY,LOW,3.8,REVERSING,5.3,,,FASTENED,31,True
SE000407,2025-08-28 10:54:00,M0008,OP0027,T00348,ST008,SEATBELT_VIOLATION,LOW,2.7,DIGGING,,,,UNFASTENED,17,False
SE000408,2025-08-28 12:19:00,M0008,OP0027,T00348,ST008,PERSON_PROXIMITY,LOW,2.6,WORKING,8.6,,,FASTENED,21,True
SE000409,2025-08-28 08:50:00,M0035,OP0005,T00351,ST013,SEATBELT_VIOLATION,LOW,0.4,WORKING,,,,UNFASTENED,158,True
SE000410,2025-08-28 08:59:00,M0035,OP0005,T00351,ST013,HARSH_BRAKING,LOW,13.8,TRAVELING,,,,FASTENED,3,True
SE000411,2025-09-14 15:56:00,M0037,OP0025,T00352,ST005,SEATBELT_VIOLATION,LOW,5.1,TRAVELING,,,,UNFASTENED,34,True
SE000412,2025-09-14 15:56:00,M0037,OP0025,T00352,ST005,HARSH_BRAKING,LOW,5.1,TRAVELING,,,,UNFASTENED,9,True
SE000413,2025-09-14 16:26:00,M0037,OP0025,T00352,ST005,SEATBELT_VIOLATION,LOW,8.3,TRAVELING,,,,UNFASTENED,62,True
SE000414,2025-09-14 17:29:00,M0037,OP0025,T00352,ST005,VEHICLE_PROXIMITY,LOW,11.7,TRAVELING,,7.7,,FASTENED,32,True
SE000415,2025-02-04 15:08:00,M0005,OP0027,T00353,ST003,VEHICLE_PROXIMITY,LOW,29.8,TRAVELING,,6.0,,FASTENED,20,True
SE000416,2025-02-04 16:28:00,M0005,OP0027,T00353,ST003,SEATBELT_VIOLATION,HIGH,2.2,DUMPING,,,,UNFASTENED,10,True
SE000417,2025-02-04 17:05:00,M0005,OP0027,T00353,ST003,VEHICLE_PROXIMITY,MEDIUM,6.8,TRAVELING,,2.6,,FASTENED,18,True
SE000418,2025-02-04 17:37:00,M0005,OP0027,T00353,ST003,SEATBELT_VIOLATION,MEDIUM,1.1,LOADING,,,,UNFASTENED,19,True
SE000419,2025-08-27 12:08:00,M0025,OP0030,T00354,ST011,SEATBELT_VIOLATION,HIGH,25.2,TRAVELING,,,,UNFASTENED,92,False
SE000420,2025-06-21 12:09:00,M0021,OP0030,T00356,ST014,SEATBELT_VIOLATION,LOW,1.4,WORKING,,,,UNFASTENED,36,True
SE000421,2025-06-21 13:10:00,M0021,OP0030,T00356,ST014,SEATBELT_VIOLATION,LOW,2.2,WORKING,,,,UNFASTENED,128,True
SE000422,2025-06-07 14:07:00,M0016,OP0036,T00357,ST006,SEATBELT_VIOLATION,LOW,2.9,WORKING,,,,UNFASTENED,38,True
SE000423,2025-06-07 14:30:00,M0016,OP0036,T00357,ST006,SEATBELT_VIOLATION,MEDIUM,0.8,WORKING,,,,UNFASTENED,101,True
SE000424,2025-04-27 10:18:00,M0021,OP0041,T00358,ST014,OVERSPEED,HIGH,23.8,TRAVELING,,,,FASTENED,17,True
SE000425,2025-05-03 13:03:00,M0012,OP0026,T00359,ST002,OVERSPEED,MEDIUM,55.2,TRAVELING,,,,FASTENED,31,True
SE000426,2025-05-03 15:08:00,M0012,OP0026,T00359,ST002,VEHICLE_PROXIMITY,LOW,0.9,DUMPING,,5.5,,FASTENED,18,False
SE000427,2025-06-03 10:33:00,M0017,OP0011,T00360,ST015,SEATBELT_VIOLATION,LOW,11.7,TRAVELING,,,,UNFASTENED,87,True
SE000428,2025-06-03 11:18:00,M0017,OP0011,T00360,ST015,HARSH_BRAKING,LOW,6.5,TRAVELING,,,,FASTENED,3,True
SE000429,2025-03-25 14:50:00,M0020,OP0019,T00362,ST015,SEATBELT_VIOLATION,MEDIUM,1.7,DUMPING,,,,UNFASTENED,43,True
SE000430,2025-03-25 15:16:00,M0020,OP0019,T00362,ST015,VEHICLE_PROXIMITY,MEDIUM,5.5,TRAVELING,,3.3,,FASTENED,55,True
SE000431,2025-03-25 18:07:00,M0020,OP0019,T00362,ST015,SEATBELT_VIOLATION,MEDIUM,2.4,DIGGING,,,,UNFASTENED,108,False
SE000432,2025-03-25 18:22:00,M0020,OP0019,T00362,ST015,SEATBELT_VIOLATION,HIGH,3.0,WORKING,,,,UNFASTENED,147,True
SE000433,2025-03-25 18:30:00,M0020,OP0019,T00362,ST015,PERSON_PROXIMITY,LOW,2.2,LOADING,6.3,,,FASTENED,19,True
SE000434,2025-03-24 14:40:00,M0008,OP0010,T00363,ST008,SEATBELT_VIOLATION,MEDIUM,0.1,DIGGING,,,,UNFASTENED,33,True
SE000435,2025-09-07 15:00:00,M0039,OP0014,T00366,ST003,UNSAFE_REVERSING,LOW,4.8,REVERSING,,,,FASTENED,9,True
SE000436,2025-02-16 13:17:00,M0035,OP0051,T00367,ST013,SEATBELT_VIOLATION,HIGH,10.7,TRAVELING,,,,UNFASTENED,74,True
SE000437,2025-08-25 11:39:00,M0009,OP0017,T00370,ST004,OBSTACLE_PROXIMITY,LOW,1.0,LOADING,,,5.5,FASTENED,58,True
SE000438,2025-08-25 11:52:00,M0009,OP0017,T00370,ST004,VEHICLE_PROXIMITY,MEDIUM,1.9,LOADING,,2.9,,FASTENED,40,True
SE000439,2025-05-26 11:11:00,M0040,OP0016,T00371,ST002,VEHICLE_PROXIMITY,HIGH,1.5,LOADING,,0.9,,FASTENED,20,True
SE000440,2025-05-26 11:29:00,M0040,OP0016,T00371,ST002,SEATBELT_VIOLATION,LOW,0.4,WORKING,,,,UNFASTENED,57,True
SE000441,2025-03-11 18:01:00,M0027,OP0013,T00372,ST015,SEATBELT_VIOLATION,LOW,2.1,WORKING,,,,UNFASTENED,93,False
SE000442,2025-05-04 14:48:00,M0008,OP0025,T00373,ST008,SEATBELT_VIOLATION,LOW,1.7,DIGGING,,,,UNFASTENED,104,True
SE000443,2025-05-04 14:49:00,M0008,OP0025,T00373,ST008,SEATBELT_VIOLATION,MEDIUM,0.5,DIGGING,,,,UNFASTENED,175,True
SE000444,2025-05-04 15:01:00,M0008,OP0025,T00373,ST008,HARSH_BRAKING,LOW,3.3,REVERSING,,,,FASTENED,5,True
SE000445,2025-04-01 11:14:00,M0027,OP0027,T00375,ST015,PERSON_PROXIMITY,LOW,0.8,DIGGING,8.2,,,FASTENED,16,True
SE000446,2025-04-01 13:07:00,M0027,OP0027,T00375,ST015,HARSH_BRAKING,LOW,3.0,REVERSING,,,,FASTENED,6,True
SE000447,2025-04-01 13:42:00,M0027,OP0027,T00375,ST015,SEATBELT_VIOLATION,LOW,5.9,REVERSING,,,,UNFASTENED,116,True
SE000448,2025-04-01 13:47:00,M0027,OP0027,T00375,ST015,VEHICLE_PROXIMITY,MEDIUM,2.3,LOADING,,2.8,,FASTENED,33,True
SE000449,2025-02-08 12:33:00,M0018,OP0045,T00376,ST014,SEATBELT_VIOLATION,LOW,2.0,DUMPING,,,,UNFASTENED,107,True
SE000450,2025-07-09 09:00:00,M0040,OP0036,T00377,ST002,SEATBELT_VIOLATION,MEDIUM,2.5,LOADING,,,,UNFASTENED,68,False
SE000451,2025-07-09 10:40:00,M0040,OP0036,T00377,ST002,SEATBELT_VIOLATION,MEDIUM,1.7,DUMPING,,,,UNFASTENED,116,True
SE000452,2025-04-14 17:22:00,M0024,OP0026,T00379,ST004,SEATBELT_VIOLATION,MEDIUM,1.1,LOADING,,,,UNFASTENED,28,False
SE000453,2025-03-02 14:50:00,M0026,OP0015,T00380,ST015,SEATBELT_VIOLATION,HIGH,2.4,WORKING,,,,UNFASTENED,136,True
SE000454,2025-03-02 15:49:00,M0026,OP0015,T00380,ST015,SEATBELT_VIOLATION,LOW,5.2,TRAVELING,,,,UNFASTENED,134,True
SE000455,2025-01-31 12:28:00,M0022,OP0052,T00384,ST002,SEATBELT_VIOLATION,LOW,2.9,LOADING,,,,UNFASTENED,144,True
SE000456,2025-01-31 13:45:00,M0022,OP0052,T00384,ST002,SEATBELT_VIOLATION,HIGH,2.7,LOADING,,,,UNFASTENED,127,False
SE000457,2025-09-21 16:04:00,M0040,OP0046,T00385,ST002,PERSON_PROXIMITY,MEDIUM,3.6,REVERSING,4.2,,,FASTENED,12,False
SE000458,2025-09-21 16:12:00,M0040,OP0046,T00385,ST002,SEATBELT_VIOLATION,LOW,2.0,LOADING,,,,UNFASTENED,160,False
SE000459,2025-09-21 17:37:00,M0040,OP0046,T00385,ST002,SEATBELT_VIOLATION,MEDIUM,8.8,TRAVELING,,,,UNFASTENED,83,False
SE000460,2025-03-30 16:31:00,M0025,OP0011,T00387,ST011,PERSON_PROXIMITY,HIGH,0.6,LOADING,1.0,,,FASTENED,9,False
SE000461,2025-03-30 18:19:00,M0025,OP0011,T00387,ST011,SEATBELT_VIOLATION,HIGH,4.1,REVERSING,,,,UNFASTENED,121,False
SE000462,2025-09-20 11:33:00,M0020,OP0024,T00389,ST015,OVERSPEED,MEDIUM,23.0,TRAVELING,,,,FASTENED,33,False
SE000463,2025-09-20 12:16:00,M0020,OP0024,T00389,ST015,SEATBELT_VIOLATION,HIGH,2.0,DIGGING,,,,UNFASTENED,54,True
SE000464,2025-01-20 16:10:00,M0030,OP0007,T00390,ST009,SEATBELT_VIOLATION,MEDIUM,0.1,DUMPING,,,,UNFASTENED,108,True
SE000465,2025-01-20 16:23:00,M0030,OP0007,T00390,ST009,SEATBELT_VIOLATION,LOW,0.5,DUMPING,,,,UNFASTENED,53,False
SE000466,2025-01-20 16:49:00,M0030,OP0007,T00390,ST009,UNSAFE_REVERSING,MEDIUM,7.0,REVERSING,,,,FASTENED,13,True
SE000467,2025-01-20 17:19:00,M0030,OP0007,T00390,ST009,PERSON_PROXIMITY,HIGH,1.4,DIGGING,1.9,,,FASTENED,41,True
SE000468,2025-01-20 17:47:00,M0030,OP0007,T00390,ST009,VEHICLE_PROXIMITY,HIGH,1.5,WORKING,,1.3,,FASTENED,58,True
SE000469,2025-01-20 18:32:00,M0030,OP0007,T00390,ST009,SEATBELT_VIOLATION,LOW,6.0,TRAVELING,,,,UNFASTENED,86,True
SE000470,2025-06-12 08:33:00,M0018,OP0012,T00391,ST014,SEATBELT_VIOLATION,MEDIUM,0.7,DIGGING,,,,UNFASTENED,114,True
SE000471,2025-06-12 08:55:00,M0018,OP0012,T00391,ST014,SEATBELT_VIOLATION,HIGH,0.8,LOADING,,,,UNFASTENED,146,True
SE000472,2025-02-24 07:31:00,M0042,OP0037,T00393,ST011,OBSTACLE_PROXIMITY,CRITICAL,6.8,REVERSING,,,1.4,FASTENED,47,True
SE000473,2025-02-24 08:16:00,M0042,OP0037,T00393,ST011,HARSH_BRAKING,LOW,7.5,TRAVELING,,,,FASTENED,9,True
SE000474,2025-05-22 11:55:00,M0021,OP0038,T00394,ST014,SEATBELT_VIOLATION,MEDIUM,0.9,WORKING,,,,UNFASTENED,98,True
SE000475,2025-05-22 13:07:00,M0021,OP0038,T00394,ST014,VEHICLE_PROXIMITY,LOW,14.4,TRAVELING,,6.6,,FASTENED,45,True
SE000476,2025-01-23 08:56:00,M0009,OP0052,T00395,ST004,OBSTACLE_PROXIMITY,HIGH,2.3,WORKING,,,2.0,FASTENED,26,True
SE000477,2025-01-23 12:09:00,M0009,OP0052,T00395,ST004,SEATBELT_VIOLATION,MEDIUM,0.5,LOADING,,,,UNFASTENED,32,False
SE000478,2025-01-23 12:25:00,M0009,OP0052,T00395,ST004,PERSON_PROXIMITY,MEDIUM,2.8,WORKING,4.4,,,FASTENED,41,True
SE000479,2025-06-15 15:52:00,M0030,OP0035,T00397,ST009,OBSTACLE_PROXIMITY,LOW,0.9,DIGGING,,,8.8,FASTENED,15,True
SE000480,2025-06-15 17:16:00,M0030,OP0035,T00397,ST009,PERSON_PROXIMITY,HIGH,2.1,LOADING,1.3,,,FASTENED,7,True
SE000481,2025-09-02 18:12:00,M0011,OP0050,T00398,ST003,OVERSPEED,MEDIUM,21.9,TRAVELING,,,,FASTENED,14,True
SE000482,2025-09-27 12:53:00,M0006,OP0041,T00406,ST010,PERSON_PROXIMITY,LOW,15.6,TRAVELING,5.9,,,FASTENED,58,True
SE000483,2025-09-27 13:49:00,M0006,OP0041,T00406,ST010,PERSON_PROXIMITY,LOW,2.7,DIGGING,8.6,,,FASTENED,5,True
SE000484,2025-09-27 15:07:00,M0006,OP0041,T00406,ST010,PERSON_PROXIMITY,HIGH,16.2,TRAVELING,1.4,,,FASTENED,18,True
SE000485,2025-09-27 15:55:00,M0006,OP0041,T00406,ST010,VEHICLE_PROXIMITY,LOW,2.8,DUMPING,,5.8,,FASTENED,59,True
SE000486,2025-08-22 08:30:00,M0027,OP0018,T00407,ST015,SEATBELT_VIOLATION,LOW,0.7,DIGGING,,,,UNFASTENED,72,True
SE000487,2025-08-22 09:23:00,M0027,OP0018,T00407,ST015,PERSON_PROXIMITY,LOW,0.7,DUMPING,5.6,,,FASTENED,50,True
SE000488,2025-08-14 10:22:00,M0001,OP0012,T00409,ST007,HARSH_BRAKING,LOW,2.1,REVERSING,,,,FASTENED,5,True
SE000489,2025-08-14 10:27:00,M0001,OP0012,T00409,ST007,UNSAFE_REVERSING,MEDIUM,3.7,REVERSING,,,,FASTENED,16,True
SE000490,2025-08-14 10:44:00,M0001,OP0012,T00409,ST007,SEATBELT_VIOLATION,HIGH,1.0,WORKING,,,,UNFASTENED,91,False
SE000491,2025-08-14 11:19:00,M0001,OP0012,T00409,ST007,SEATBELT_VIOLATION,LOW,2.5,REVERSING,,,,UNFASTENED,33,True
SE000492,2025-08-14 11:41:00,M0001,OP0012,T00409,ST007,SEATBELT_VIOLATION,LOW,2.9,DIGGING,,,,UNFASTENED,98,True
SE000493,2025-08-14 11:45:00,M0001,OP0012,T00409,ST007,SEATBELT_VIOLATION,HIGH,1.2,DIGGING,,,,UNFASTENED,56,False
SE000494,2025-08-14 12:43:00,M0001,OP0012,T00409,ST007,SEATBELT_VIOLATION,MEDIUM,2.4,LOADING,,,,UNFASTENED,128,False
SE000495,2025-03-07 07:24:00,M0042,OP0030,T00410,ST011,SEATBELT_VIOLATION,MEDIUM,1.1,REVERSING,,,,UNFASTENED,72,False
SE000496,2025-03-07 08:21:00,M0042,OP0030,T00410,ST011,SEATBELT_VIOLATION,MEDIUM,6.0,REVERSING,,,,UNFASTENED,106,True
SE000497,2025-03-07 09:47:00,M0042,OP0030,T00410,ST011,OVERSPEED,HIGH,13.3,TRAVELING,,,,FASTENED,18,False
SE000498,2025-03-07 10:19:00,M0042,OP0030,T00410,ST011,UNSAFE_REVERSING,LOW,0.5,REVERSING,,,,FASTENED,21,True
SE000499,2025-04-30 07:41:00,M0010,OP0012,T00412,ST012,SEATBELT_VIOLATION,MEDIUM,30.7,TRAVELING,,,,UNFASTENED,158,True
SE000500,2025-04-30 09:21:00,M0010,OP0012,T00412,ST012,SEATBELT_VIOLATION,MEDIUM,2.6,LOADING,,,,UNFASTENED,173,True
SE000501,2025-04-30 09:25:00,M0010,OP0012,T00412,ST012,SEATBELT_VIOLATION,MEDIUM,1.6,LOADING,,,,UNFASTENED,173,False
SE000502,2025-04-30 09:43:00,M0010,OP0012,T00412,ST012,VEHICLE_PROXIMITY,LOW,42.1,TRAVELING,,8.9,,FASTENED,47,True
SE000503,2025-09-07 08:21:00,M0001,OP0018,T00413,ST007,VEHICLE_PROXIMITY,LOW,1.4,WORKING,,8.0,,FASTENED,32,True
SE000504,2025-07-20 15:47:00,M0001,OP0036,T00415,ST007,SEATBELT_VIOLATION,MEDIUM,4.5,TRAVELING,,,,UNFASTENED,172,False
SE000505,2025-07-20 17:06:00,M0001,OP0036,T00415,ST007,SEATBELT_VIOLATION,LOW,0.6,WORKING,,,,UNFASTENED,39,True
SE000506,2025-01-19 12:59:00,M0025,OP0035,T00420,ST011,HARSH_BRAKING,LOW,10.7,TRAVELING,,,,FASTENED,7,True
SE000507,2025-02-04 09:34:00,M0019,OP0005,T00423,ST002,SEATBELT_VIOLATION,MEDIUM,1.7,LOADING,,,,UNFASTENED,161,True
SE000508,2025-04-20 07:20:00,M0004,OP0045,T00424,ST007,VEHICLE_PROXIMITY,MEDIUM,2.5,REVERSING,,3.0,,FASTENED,4,True
SE000509,2025-05-16 13:45:00,M0003,OP0007,T00426,ST013,OVERSPEED,HIGH,13.8,TRAVELING,,,,FASTENED,25,False
SE000510,2025-07-08 16:53:00,M0026,OP0049,T00431,ST015,SEATBELT_VIOLATION,HIGH,2.4,WORKING,,,,UNFASTENED,171,False
SE000511,2025-01-09 08:17:00,M0024,OP0039,T00432,ST004,SEATBELT_VIOLATION,MEDIUM,2.0,WORKING,,,,UNFASTENED,31,False
SE000512,2025-01-09 09:41:00,M0024,OP0039,T00432,ST004,OBSTACLE_PROXIMITY,MEDIUM,3.7,REVERSING,,,2.8,FASTENED,10,True
SE000513,2025-03-07 10:59:00,M0033,OP0011,T00435,ST001,VEHICLE_PROXIMITY,LOW,9.0,TRAVELING,,6.7,,FASTENED,34,True
SE000514,2025-03-07 11:19:00,M0033,OP0011,T00435,ST001,SEATBELT_VIOLATION,LOW,0.8,WORKING,,,,UNFASTENED,161,True
SE000515,2025-03-07 12:08:00,M0033,OP0011,T00435,ST001,PERSON_PROXIMITY,MEDIUM,2.9,TRAVELING,4.3,,,FASTENED,28,True
SE000516,2025-03-07 12:30:00,M0033,OP0011,T00435,ST001,OBSTACLE_PROXIMITY,LOW,0.0,WORKING,,,7.9,FASTENED,49,True
SE000517,2025-05-18 13:41:00,M0031,OP0032,T00440,ST002,SEATBELT_VIOLATION,MEDIUM,0.1,LOADING,,,,UNFASTENED,164,True
SE000518,2025-09-10 09:35:00,M0023,OP0016,T00442,ST009,SEATBELT_VIOLATION,LOW,1.9,WORKING,,,,UNFASTENED,144,False
SE000519,2025-09-10 11:03:00,M0023,OP0016,T00442,ST009,VEHICLE_PROXIMITY,LOW,11.9,TRAVELING,,7.0,,FASTENED,59,True
SE000520,2025-09-10 12:41:00,M0023,OP0016,T00442,ST009,VEHICLE_PROXIMITY,HIGH,0.4,WORKING,,1.4,,FASTENED,9,True
SE000521,2025-06-29 15:33:00,M0038,OP0045,T00445,ST004,SEATBELT_VIOLATION,HIGH,2.5,WORKING,,,,UNFASTENED,33,True
SE000522,2025-06-29 16:26:00,M0038,OP0045,T00445,ST004,HARSH_BRAKING,LOW,3.5,REVERSING,,,,FASTENED,8,True
SE000523,2025-06-29 16:47:00,M0038,OP0045,T00445,ST004,UNSAFE_REVERSING,LOW,5.7,REVERSING,,,,FASTENED,24,True
SE000524,2025-06-29 17:31:00,M0038,OP0045,T00445,ST004,SEATBELT_VIOLATION,MEDIUM,0.2,WORKING,,,,UNFASTENED,73,False
SE000525,2025-06-29 18:14:00,M0038,OP0045,T00445,ST004,SEATBELT_VIOLATION,LOW,0.6,WORKING,,,,UNFASTENED,10,True
SE000526,2025-06-10 15:22:00,M0017,OP0041,T00446,ST015,HARSH_BRAKING,LOW,9.9,TRAVELING,,,,FASTENED,5,True
SE000527,2025-01-17 14:46:00,M0007,OP0021,T00448,ST012,OBSTACLE_PROXIMITY,HIGH,2.5,REVERSING,,,2.0,FASTENED,8,False
SE000528,2025-01-17 15:05:00,M0007,OP0021,T00448,ST012,PERSON_PROXIMITY,MEDIUM,2.7,WORKING,2.8,,,FASTENED,46,True
SE000529,2025-03-18 07:33:00,M0033,OP0011,T00449,ST001,HARSH_BRAKING,LOW,2.2,REVERSING,,,,FASTENED,2,True
SE000530,2025-03-18 10:57:00,M0033,OP0011,T00449,ST001,SEATBELT_VIOLATION,LOW,3.0,WORKING,,,,UNFASTENED,131,True
SE000531,2025-07-24 15:04:00,M0027,OP0049,T00450,ST015,SEATBELT_VIOLATION,LOW,1.7,DIGGING,,,,UNFASTENED,68,True
SE000532,2025-07-24 16:10:00,M0027,OP0049,T00450,ST015,SEATBELT_VIOLATION,MEDIUM,2.8,LOADING,,,,UNFASTENED,142,True
SE000533,2025-02-22 11:14:00,M0019,OP0008,T00452,ST002,PERSON_PROXIMITY,MEDIUM,2.5,LOADING,3.3,,,FASTENED,47,True
SE000534,2025-02-22 11:28:00,M0019,OP0008,T00452,ST002,SEATBELT_VIOLATION,LOW,2.0,DIGGING,,,,UNFASTENED,99,False
SE000535,2025-02-22 11:56:00,M0019,OP0008,T00452,ST002,PERSON_PROXIMITY,MEDIUM,3.0,DUMPING,2.6,,,FASTENED,20,False
SE000536,2025-02-22 13:08:00,M0019,OP0008,T00452,ST002,PERSON_PROXIMITY,HIGH,2.3,DIGGING,1.6,,,FASTENED,38,True
SE000537,2025-03-30 09:37:00,M0031,OP0026,T00453,ST002,VEHICLE_PROXIMITY,HIGH,1.5,DUMPING,,2.0,,FASTENED,18,True
SE000538,2025-03-30 09:48:00,M0031,OP0026,T00453,ST002,PERSON_PROXIMITY,HIGH,12.4,TRAVELING,2.3,,,FASTENED,54,True
SE000539,2025-03-30 11:06:00,M0031,OP0026,T00453,ST002,SEATBELT_VIOLATION,LOW,2.4,LOADING,,,,UNFASTENED,13,False
SE000540,2025-04-13 16:18:00,M0036,OP0055,T00455,ST006,OBSTACLE_PROXIMITY,HIGH,7.9,TRAVELING,,,1.0,FASTENED,25,True
SE000541,2025-04-13 16:32:00,M0036,OP0055,T00455,ST006,SEATBELT_VIOLATION,MEDIUM,7.2,TRAVELING,,,,UNFASTENED,36,True
SE000542,2025-04-13 17:38:00,M0036,OP0055,T00455,ST006,UNSAFE_REVERSING,LOW,5.3,REVERSING,,,,FASTENED,7,False
SE000543,2025-04-13 18:42:00,M0036,OP0055,T00455,ST006,PERSON_PROXIMITY,MEDIUM,1.8,DUMPING,3.7,,,FASTENED,28,True
SE000544,2025-02-18 09:00:00,M0017,OP0039,T00459,ST015,SEATBELT_VIOLATION,LOW,1.3,WORKING,,,,UNFASTENED,143,True
SE000545,2025-09-19 10:44:00,M0040,OP0020,T00460,ST002,SEATBELT_VIOLATION,MEDIUM,8.8,REVERSING,,,,UNFASTENED,140,False
SE000546,2025-09-05 15:44:00,M0018,OP0005,T00465,ST014,SEATBELT_VIOLATION,LOW,2.9,DIGGING,,,,UNFASTENED,33,True
SE000547,2025-09-05 16:53:00,M0018,OP0005,T00465,ST014,OBSTACLE_PROXIMITY,MEDIUM,2.1,DIGGING,,,4.6,FASTENED,46,True
SE000548,2025-01-10 14:37:00,M0013,OP0007,T00467,ST007,SEATBELT_VIOLATION,LOW,3.0,DIGGING,,,,UNFASTENED,43,True
SE000549,2025-01-10 16:20:00,M0013,OP0007,T00467,ST007,SEATBELT_VIOLATION,LOW,0.3,WORKING,,,,UNFASTENED,169,True
SE000550,2025-08-27 15:33:00,M0037,OP0019,T00468,ST005,SEATBELT_VIOLATION,MEDIUM,2.9,WORKING,,,,UNFASTENED,109,False
SE000551,2025-08-27 16:10:00,M0037,OP0019,T00468,ST005,SEATBELT_VIOLATION,HIGH,1.7,WORKING,,,,UNFASTENED,153,True
SE000552,2025-08-27 17:35:00,M0037,OP0019,T00468,ST005,SEATBELT_VIOLATION,MEDIUM,1.8,WORKING,,,,UNFASTENED,32,True
SE000553,2025-04-10 13:48:00,M0031,OP0036,T00469,ST002,SEATBELT_VIOLATION,HIGH,0.6,LOADING,,,,UNFASTENED,140,False
SE000554,2025-04-10 13:59:00,M0031,OP0036,T00469,ST002,UNSAFE_REVERSING,MEDIUM,2.2,REVERSING,,,,FASTENED,11,True
SE000555,2025-04-10 14:05:00,M0031,OP0036,T00469,ST002,SEATBELT_VIOLATION,LOW,1.2,DUMPING,,,,UNFASTENED,50,True
SE000556,2025-02-01 11:50:00,M0038,OP0050,T00470,ST004,HARSH_BRAKING,LOW,3.4,REVERSING,,,,FASTENED,4,True
SE000557,2025-02-01 12:08:00,M0038,OP0050,T00470,ST004,SEATBELT_VIOLATION,LOW,0.6,DUMPING,,,,UNFASTENED,179,True
SE000558,2025-07-03 10:30:00,M0018,OP0049,T00471,ST014,SEATBELT_VIOLATION,MEDIUM,0.7,WORKING,,,,UNFASTENED,149,True
SE000559,2025-08-28 10:50:00,M0033,OP0010,T00472,ST001,HARSH_BRAKING,LOW,12.8,TRAVELING,,,,FASTENED,8,True
SE000560,2025-09-24 17:08:00,M0001,OP0050,T00474,ST007,HARSH_BRAKING,LOW,4.7,REVERSING,,,,FASTENED,8,True
SE000561,2025-09-02 18:06:00,M0034,OP0006,T00484,ST014,SEATBELT_VIOLATION,LOW,1.8,DIGGING,,,,UNFASTENED,104,True
SE000562,2025-06-29 11:28:00,M0022,OP0048,T00487,ST002,OVERSPEED,HIGH,53.2,TRAVELING,,,,FASTENED,17,True
SE000563,2025-06-29 15:08:00,M0022,OP0048,T00487,ST002,VEHICLE_PROXIMITY,HIGH,15.5,TRAVELING,,1.2,,FASTENED,28,True
SE000564,2025-08-22 09:34:00,M0021,OP0042,T00488,ST014,SEATBELT_VIOLATION,MEDIUM,10.3,TRAVELING,,,,UNFASTENED,30,True
SE000565,2025-06-12 11:16:00,M0031,OP0021,T00493,ST002,VEHICLE_PROXIMITY,MEDIUM,2.6,WORKING,,4.4,,FASTENED,46,True
SE000566,2025-08-21 11:50:00,M0022,OP0035,T00494,ST002,HARSH_BRAKING,LOW,32.1,TRAVELING,,,,FASTENED,6,True
SE000567,2025-01-07 11:34:00,M0021,OP0052,T00495,ST014,SEATBELT_VIOLATION,MEDIUM,15.6,TRAVELING,,,,UNFASTENED,115,True
SE000568,2025-01-07 11:49:00,M0021,OP0052,T00495,ST014,SEATBELT_VIOLATION,MEDIUM,17.1,TRAVELING,,,,UNFASTENED,173,True
SE000569,2025-01-07 11:57:00,M0021,OP0052,T00495,ST014,SEATBELT_VIOLATION,HIGH,0.8,WORKING,,,,UNFASTENED,142,True
SE000570,2025-01-07 12:51:00,M0021,OP0052,T00495,ST014,SEATBELT_VIOLATION,MEDIUM,0.7,WORKING,,,,UNFASTENED,151,True
SE000571,2025-01-07 13:08:00,M0021,OP0052,T00495,ST014,SEATBELT_VIOLATION,LOW,16.9,TRAVELING,,,,UNFASTENED,56,True
SE000572,2025-01-07 13:12:00,M0021,OP0052,T00495,ST014,SEATBELT_VIOLATION,MEDIUM,15.6,TRAVELING,,,,UNFASTENED,79,True
SE000573,2025-01-07 13:42:00,M0021,OP0052,T00495,ST014,SEATBELT_VIOLATION,LOW,11.1,TRAVELING,,,,UNFASTENED,94,True
SE000574,2025-01-07 14:44:00,M0021,OP0052,T00495,ST014,SEATBELT_VIOLATION,MEDIUM,13.4,TRAVELING,,,,UNFASTENED,108,False
SE000575,2025-01-19 12:35:00,M0042,OP0048,T00496,ST011,SEATBELT_VIOLATION,HIGH,0.4,DUMPING,,,,UNFASTENED,101,True
SE000576,2025-08-15 15:56:00,M0007,OP0014,T00499,ST012,PERSON_PROXIMITY,MEDIUM,2.0,WORKING,3.5,,,FASTENED,56,True
SE000577,2025-08-13 13:30:00,M0002,OP0031,T00502,ST007,HARSH_BRAKING,LOW,10.8,TRAVELING,,,,FASTENED,3,True
SE000578,2025-08-13 14:55:00,M0002,OP0031,T00502,ST007,OVERSPEED,MEDIUM,28.7,TRAVELING,,,,FASTENED,38,True
SE000579,2025-08-13 15:38:00,M0002,OP0031,T00502,ST007,SEATBELT_VIOLATION,LOW,14.8,TRAVELING,,,,UNFASTENED,118,True
SE000580,2025-08-13 16:50:00,M0002,OP0031,T00502,ST007,SEATBELT_VIOLATION,MEDIUM,2.1,WORKING,,,,UNFASTENED,52,True
SE000581,2025-09-29 10:51:00,M0011,OP0020,T00507,ST003,SEATBELT_VIOLATION,HIGH,1.3,DIGGING,,,,UNFASTENED,58,False
SE000582,2025-09-29 11:22:00,M0011,OP0020,T00507,ST003,SEATBELT_VIOLATION,MEDIUM,2.5,DUMPING,,,,UNFASTENED,79,True
SE000583,2025-04-14 09:16:00,M0030,OP0041,T00509,ST009,VEHICLE_PROXIMITY,MEDIUM,1.2,DIGGING,,4.0,,FASTENED,44,True
SE000584,2025-04-14 11:03:00,M0030,OP0041,T00509,ST009,SEATBELT_VIOLATION,HIGH,1.7,LOADING,,,,UNFASTENED,72,True
SE000585,2025-04-14 12:23:00,M0030,OP0041,T00509,ST009,SEATBELT_VIOLATION,MEDIUM,0.6,LOADING,,,,UNFASTENED,33,True
SE000586,2025-05-16 10:37:00,M0038,OP0020,T00510,ST004,SEATBELT_VIOLATION,MEDIUM,3.0,WORKING,,,,UNFASTENED,164,True
SE000587,2025-05-16 11:06:00,M0038,OP0020,T00510,ST004,VEHICLE_PROXIMITY,LOW,0.2,WORKING,,8.8,,FASTENED,32,False
SE000588,2025-05-16 11:24:00,M0038,OP0020,T00510,ST004,SEATBELT_VIOLATION,LOW,2.2,DUMPING,,,,UNFASTENED,35,True
SE000589,2025-05-16 13:44:00,M0038,OP0020,T00510,ST004,SEATBELT_VIOLATION,MEDIUM,0.0,WORKING,,,,UNFASTENED,113,True
SE000590,2025-06-29 18:33:00,M0022,OP0050,T00511,ST002,SEATBELT_VIOLATION,MEDIUM,23.7,TRAVELING,,,,UNFASTENED,135,True
SE000591,2025-05-30 15:23:00,M0038,OP0027,T00513,ST004,SEATBELT_VIOLATION,LOW,1.1,WORKING,,,,UNFASTENED,133,True
SE000592,2025-05-30 18:03:00,M0038,OP0027,T00513,ST004,SEATBELT_VIOLATION,LOW,2.9,WORKING,,,,UNFASTENED,172,True
SE000593,2025-01-22 08:40:00,M0039,OP0022,T00514,ST003,SEATBELT_VIOLATION,MEDIUM,2.8,WORKING,,,,UNFASTENED,53,True
SE000594,2025-09-28 07:37:00,M0041,OP0029,T00517,ST008,SEATBELT_VIOLATION,LOW,11.4,TRAVELING,,,,UNFASTENED,36,True
SE000595,2025-01-01 07:53:00,M0014,OP0023,T00518,ST013,SEATBELT_VIOLATION,LOW,41.3,TRAVELING,,,,UNFASTENED,88,True
SE000596,2025-01-01 08:11:00,M0014,OP0023,T00518,ST013,UNSAFE_REVERSING,LOW,4.1,REVERSING,,,,FASTENED,5,False
SE000597,2025-01-01 08:20:00,M0014,OP0023,T00518,ST013,SEATBELT_VIOLATION,MEDIUM,2.5,LOADING,,,,UNFASTENED,81,False
SE000598,2025-04-11 15:37:00,M0038,OP0049,T00520,ST004,OVERSPEED,HIGH,13.7,TRAVELING,,,,FASTENED,7,False
SE000599,2025-04-11 15:48:00,M0038,OP0049,T00520,ST004,UNSAFE_REVERSING,MEDIUM,7.0,REVERSING,,,,FASTENED,6,True
SE000600,2025-04-11 16:15:00,M0038,OP0049,T00520,ST004,SEATBELT_VIOLATION,MEDIUM,7.4,TRAVELING,,,,UNFASTENED,123,True
SE000601,2025-04-11 17:38:00,M0038,OP0049,T00520,ST004,SEATBELT_VIOLATION,MEDIUM,3.0,REVERSING,,,,UNFASTENED,102,True
SE000602,2025-04-11 17:39:00,M0038,OP0049,T00520,ST004,SEATBELT_VIOLATION,MEDIUM,5.0,REVERSING,,,,UNFASTENED,91,False
SE000603,2025-03-10 08:02:00,M0015,OP0041,T00523,ST001,PERSON_PROXIMITY,LOW,2.9,WORKING,6.2,,,FASTENED,48,False
SE000604,2025-03-10 09:26:00,M0015,OP0041,T00523,ST001,PERSON_PROXIMITY,MEDIUM,2.9,DIGGING,4.5,,,FASTENED,3,False
SE000605,2025-03-10 09:32:00,M0015,OP0041,T00523,ST001,SEATBELT_VIOLATION,LOW,1.4,LOADING,,,,UNFASTENED,89,True
SE000606,2025-03-10 09:42:00,M0015,OP0041,T00523,ST001,PERSON_PROXIMITY,LOW,0.2,WORKING,8.6,,,FASTENED,34,True
SE000607,2025-03-10 10:13:00,M0015,OP0041,T00523,ST001,VEHICLE_PROXIMITY,LOW,0.4,DUMPING,,6.1,,FASTENED,3,True
SE000608,2025-03-10 10:24:00,M0015,OP0041,T00523,ST001,OBSTACLE_PROXIMITY,MEDIUM,3.5,REVERSING,,,4.0,FASTENED,43,True
SE000609,2025-03-10 13:46:00,M0017,OP0016,T00526,ST015,SEATBELT_VIOLATION,LOW,7.7,TRAVELING,,,,UNFASTENED,126,True
SE000610,2025-02-09 10:48:00,M0018,OP0029,T00527,ST014,SEATBELT_VIOLATION,MEDIUM,1.9,LOADING,,,,UNFASTENED,179,True
SE000611,2025-02-09 12:01:00,M0018,OP0029,T00527,ST014,PERSON_PROXIMITY,MEDIUM,0.9,DIGGING,2.9,,,FASTENED,46,True
SE000612,2025-05-12 10:17:00,M0041,OP0050,T00528,ST008,PERSON_PROXIMITY,HIGH,1.5,DIGGING,0.8,,,FASTENED,19,True
SE000613,2025-08-21 11:55:00,M0036,OP0045,T00533,ST006,OBSTACLE_PROXIMITY,LOW,4.1,REVERSING,,,7.9,FASTENED,13,True
SE000614,2025-08-21 12:46:00,M0036,OP0045,T00533,ST006,VEHICLE_PROXIMITY,LOW,7.8,TRAVELING,,8.6,,FASTENED,12,True
SE000615,2025-03-09 13:01:00,M0041,OP0007,T00534,ST008,SEATBELT_VIOLATION,MEDIUM,2.5,DIGGING,,,,UNFASTENED,104,True
SE000616,2025-03-09 13:03:00,M0041,OP0007,T00534,ST008,SEATBELT_VIOLATION,MEDIUM,0.5,DIGGING,,,,UNFASTENED,112,False
SE000617,2025-03-09 13:17:00,M0041,OP0007,T00534,ST008,SEATBELT_VIOLATION,HIGH,0.5,DIGGING,,,,UNFASTENED,161,True
SE000618,2025-08-03 19:33:00,M0029,OP0051,T00535,ST010,HARSH_BRAKING,LOW,3.2,TRAVELING,,,,FASTENED,5,True
SE000619,2025-08-16 10:53:00,M0011,OP0048,T00536,ST003,PERSON_PROXIMITY,HIGH,12.0,TRAVELING,2.3,,,FASTENED,5,True
SE000620,2025-04-28 11:16:00,M0012,OP0018,T00539,ST002,SEATBELT_VIOLATION,MEDIUM,1.3,LOADING,,,,UNFASTENED,109,True
SE000621,2025-04-28 14:39:00,M0012,OP0018,T00539,ST002,VEHICLE_PROXIMITY,LOW,11.1,TRAVELING,,8.8,,FASTENED,56,True
SE000622,2025-03-03 07:38:00,M0005,OP0029,T00540,ST003,UNSAFE_REVERSING,LOW,3.2,REVERSING,,,,FASTENED,13,True
SE000623,2025-03-03 08:46:00,M0005,OP0029,T00540,ST003,PERSON_PROXIMITY,LOW,41.6,TRAVELING,6.2,,,FASTENED,12,True
SE000624,2025-03-03 09:54:00,M0005,OP0029,T00540,ST003,PERSON_PROXIMITY,LOW,1.7,DUMPING,6.0,,,FASTENED,50,False
SE000625,2025-05-15 12:29:00,M0029,OP0017,T00549,ST010,UNSAFE_REVERSING,HIGH,0.8,REVERSING,,,,FASTENED,16,True
SE000626,2025-05-15 13:27:00,M0029,OP0017,T00549,ST010,SEATBELT_VIOLATION,LOW,2.0,REVERSING,,,,UNFASTENED,85,True
SE000627,2025-05-15 13:39:00,M0029,OP0017,T00549,ST010,SEATBELT_VIOLATION,LOW,2.2,WORKING,,,,UNFASTENED,108,True
SE000628,2025-05-15 14:47:00,M0029,OP0017,T00549,ST010,SEATBELT_VIOLATION,HIGH,0.9,WORKING,,,,UNFASTENED,174,True
SE000629,2025-06-28 16:08:00,M0020,OP0055,T00551,ST015,UNSAFE_REVERSING,LOW,5.6,REVERSING,,,,FASTENED,19,True
SE000630,2025-09-13 15:57:00,M0038,OP0022,T00553,ST004,OVERSPEED,MEDIUM,12.8,TRAVELING,,,,FASTENED,15,True
SE000631,2025-09-13 16:00:00,M0038,OP0022,T00553,ST004,SEATBELT_VIOLATION,LOW,6.3,TRAVELING,,,,UNFASTENED,36,True
SE000632,2025-09-13 16:57:00,M0038,OP0022,T00553,ST004,PERSON_PROXIMITY,LOW,2.0,WORKING,6.7,,,FASTENED,4,True
SE000633,2025-08-17 10:18:00,M0039,OP0029,T00555,ST003,VEHICLE_PROXIMITY,HIGH,1.0,DIGGING,,0.9,,FASTENED,4,True
SE000634,2025-08-17 12:09:00,M0039,OP0029,T00555,ST003,SEATBELT_VIOLATION,MEDIUM,2.9,DIGGING,,,,UNFASTENED,77,False
SE000635,2025-09-16 13:45:00,M0017,OP0055,T00556,ST015,HARSH_BRAKING,LOW,18.4,TRAVELING,,,,FASTENED,8,True
SE000636,2025-07-08 08:22:00,M0040,OP0028,T00558,ST002,OVERSPEED,HIGH,26.4,TRAVELING,,,,FASTENED,31,True
SE000637,2025-07-08 09:19:00,M0040,OP0028,T00558,ST002,UNSAFE_REVERSING,MEDIUM,4.4,REVERSING,,,,FASTENED,23,True
SE000638,2025-07-11 14:14:00,M0029,OP0012,T00562,ST010,SEATBELT_VIOLATION,LOW,5.9,REVERSING,,,,UNFASTENED,66,False
SE000639,2025-07-11 14:53:00,M0029,OP0012,T00562,ST010,SEATBELT_VIOLATION,LOW,6.7,TRAVELING,,,,UNFASTENED,174,True
SE000640,2025-07-11 16:33:00,M0029,OP0012,T00562,ST010,SEATBELT_VIOLATION,LOW,3.1,REVERSING,,,,UNFASTENED,167,True
SE000641,2025-08-01 10:41:00,M0004,OP0011,T00563,ST007,OBSTACLE_PROXIMITY,LOW,3.0,WORKING,,,8.2,FASTENED,54,True
SE000642,2025-02-03 09:34:00,M0022,OP0005,T00564,ST002,OBSTACLE_PROXIMITY,LOW,15.1,TRAVELING,,,6.1,FASTENED,22,True
SE000643,2025-02-03 10:46:00,M0022,OP0005,T00564,ST002,HARSH_BRAKING,LOW,25.6,TRAVELING,,,,FASTENED,3,True
SE000644,2025-02-03 11:03:00,M0022,OP0005,T00564,ST002,SEATBELT_VIOLATION,LOW,16.3,TRAVELING,,,,UNFASTENED,69,True
SE000645,2025-02-03 11:52:00,M0022,OP0005,T00564,ST002,SEATBELT_VIOLATION,LOW,4.7,TRAVELING,,,,UNFASTENED,173,True
SE000646,2025-02-03 12:03:00,M0022,OP0005,T00564,ST002,SEATBELT_VIOLATION,LOW,1.6,DUMPING,,,,UNFASTENED,96,True
SE000647,2025-02-03 12:10:00,M0022,OP0005,T00564,ST002,SEATBELT_VIOLATION,LOW,0.3,DUMPING,,,,UNFASTENED,18,True
SE000648,2025-09-14 12:43:00,M0034,OP0024,T00565,ST014,SEATBELT_VIOLATION,MEDIUM,0.8,DIGGING,,,,UNFASTENED,88,True
SE000649,2025-09-14 13:45:00,M0034,OP0024,T00565,ST014,HARSH_BRAKING,LOW,1.0,REVERSING,,,,FASTENED,6,True
SE000650,2025-09-03 13:58:00,M0031,OP0032,T00567,ST002,SEATBELT_VIOLATION,LOW,8.9,TRAVELING,,,,UNFASTENED,140,True
SE000651,2025-09-03 15:10:00,M0031,OP0032,T00567,ST002,SEATBELT_VIOLATION,LOW,4.1,REVERSING,,,,UNFASTENED,120,False
SE000652,2025-09-05 11:34:00,M0037,OP0011,T00568,ST005,SEATBELT_VIOLATION,MEDIUM,6.4,TRAVELING,,,,UNFASTENED,41,True
SE000653,2025-09-12 15:54:00,M0009,OP0027,T00569,ST004,PERSON_PROXIMITY,LOW,2.4,LOADING,8.9,,,FASTENED,13,True
SE000654,2025-03-09 11:21:00,M0027,OP0042,T00570,ST015,VEHICLE_PROXIMITY,LOW,0.5,LOADING,,6.4,,FASTENED,23,True
SE000655,2025-02-19 10:20:00,M0007,OP0019,T00571,ST012,SEATBELT_VIOLATION,HIGH,2.9,WORKING,,,,UNFASTENED,134,True
SE000656,2025-07-30 10:59:00,M0011,OP0046,T00572,ST003,SEATBELT_VIOLATION,MEDIUM,1.7,LOADING,,,,UNFASTENED,127,True
SE000657,2025-07-30 12:19:00,M0011,OP0046,T00572,ST003,PERSON_PROXIMITY,LOW,1.7,LOADING,5.9,,,FASTENED,57,False
SE000658,2025-07-30 13:09:00,M0011,OP0046,T00572,ST003,OBSTACLE_PROXIMITY,HIGH,0.8,DIGGING,,,2.1,FASTENED,30,True
SE000659,2025-08-26 10:56:00,M0007,OP0047,T00576,ST012,VEHICLE_PROXIMITY,MEDIUM,2.0,WORKING,,4.6,,FASTENED,43,True
SE000660,2025-08-26 11:10:00,M0007,OP0047,T00576,ST012,SEATBELT_VIOLATION,MEDIUM,0.2,WORKING,,,,UNFASTENED,58,True
SE000661,2025-08-26 11:55:00,M0007,OP0047,T00576,ST012,SEATBELT_VIOLATION,LOW,2.3,WORKING,,,,UNFASTENED,133,False
SE000662,2025-08-26 13:29:00,M0007,OP0047,T00576,ST012,SEATBELT_VIOLATION,HIGH,2.7,WORKING,,,,UNFASTENED,56,True
SE000663,2025-06-30 14:14:00,M0039,OP0020,T00577,ST003,PERSON_PROXIMITY,LOW,2.6,DIGGING,8.6,,,FASTENED,18,False
SE000664,2025-06-30 16:58:00,M0039,OP0020,T00577,ST003,SEATBELT_VIOLATION,MEDIUM,1.3,LOADING,,,,UNFASTENED,167,True
SE000665,2025-05-23 11:20:00,M0027,OP0019,T00579,ST015,UNSAFE_REVERSING,LOW,5.5,REVERSING,,,,FASTENED,17,True
SE000666,2025-05-23 13:40:00,M0027,OP0019,T00579,ST015,SEATBELT_VIOLATION,LOW,0.2,WORKING,,,,UNFASTENED,140,True
SE000667,2025-05-23 14:16:00,M0027,OP0019,T00579,ST015,OBSTACLE_PROXIMITY,LOW,1.6,DIGGING,,,5.3,FASTENED,4,True
SE000668,2025-07-23 13:00:00,M0018,OP0052,T00580,ST014,SEATBELT_VIOLATION,HIGH,1.9,WORKING,,,,UNFASTENED,100,True
SE000669,2025-07-23 13:38:00,M0018,OP0052,T00580,ST014,VEHICLE_PROXIMITY,MEDIUM,0.8,DIGGING,,3.4,,FASTENED,30,True
SE000670,2025-07-23 13:58:00,M0018,OP0052,T00580,ST014,HARSH_BRAKING,LOW,2.2,TRAVELING,,,,FASTENED,7,True
SE000671,2025-09-10 12:39:00,M0035,OP0028,T00582,ST013,HARSH_BRAKING,LOW,2.2,REVERSING,,,,FASTENED,8,True
SE000672,2025-09-15 12:15:00,M0033,OP0049,T00583,ST001,SEATBELT_VIOLATION,LOW,4.5,REVERSING,,,,UNFASTENED,16,True
SE000673,2025-01-07 14:06:00,M0030,OP0032,T00589,ST009,SEATBELT_VIOLATION,LOW,1.9,DUMPING,,,,UNFASTENED,164,True
SE000674,2025-06-09 13:59:00,M0023,OP0017,T00591,ST009,OBSTACLE_PROXIMITY,HIGH,1.9,WORKING,,,1.9,FASTENED,17,True
SE000675,2025-08-16 11:57:00,M0027,OP0031,T00592,ST015,PERSON_PROXIMITY,LOW,2.2,DIGGING,7.0,,,FASTENED,46,True
SE000676,2025-02-16 16:54:00,M0036,OP0041,T00594,ST006,SEATBELT_VIOLATION,HIGH,0.2,WORKING,,,,UNFASTENED,144,True
SE000677,2025-02-16 17:10:00,M0036,OP0041,T00594,ST006,PERSON_PROXIMITY,LOW,6.4,TRAVELING,5.3,,,FASTENED,14,True
SE000678,2025-02-16 18:49:00,M0036,OP0041,T00594,ST006,SEATBELT_VIOLATION,MEDIUM,7.2,TRAVELING,,,,UNFASTENED,161,True
SE000679,2025-02-16 19:35:00,M0036,OP0041,T00594,ST006,HARSH_BRAKING,LOW,2.6,REVERSING,,,,FASTENED,7,True
SE000680,2025-08-16 11:15:00,M0034,OP0007,T00596,ST014,SEATBELT_VIOLATION,LOW,3.3,TRAVELING,,,,UNFASTENED,28,True
SE000681,2025-06-09 16:07:00,M0036,OP0025,T00598,ST006,UNSAFE_REVERSING,MEDIUM,4.8,REVERSING,,,,FASTENED,22,True
SE000682,2025-06-09 16:39:00,M0036,OP0025,T00598,ST006,UNSAFE_REVERSING,LOW,6.3,REVERSING,,,,FASTENED,6,True
SE000683,2025-01-15 07:22:00,M0018,OP0008,T00600,ST014,PERSON_PROXIMITY,MEDIUM,0.5,DIGGING,2.6,,,FASTENED,41,False
SE000684,2025-01-15 09:23:00,M0018,OP0008,T00600,ST014,SEATBELT_VIOLATION,MEDIUM,2.2,DIGGING,,,,UNFASTENED,108,True
SE000685,2025-01-15 10:32:00,M0018,OP0008,T00600,ST014,OBSTACLE_PROXIMITY,LOW,1.3,LOADING,,,6.5,FASTENED,29,True
SE000686,2025-01-20 10:58:00,M0025,OP0050,T00603,ST011,UNSAFE_REVERSING,LOW,6.8,REVERSING,,,,FASTENED,18,True
SE000687,2025-01-18 13:45:00,M0029,OP0012,T00605,ST010,SEATBELT_VIOLATION,MEDIUM,2.4,WORKING,,,,UNFASTENED,104,True
SE000688,2025-01-18 14:31:00,M0029,OP0012,T00605,ST010,SEATBELT_VIOLATION,LOW,0.8,DUMPING,,,,UNFASTENED,154,True
SE000689,2025-01-18 15:54:00,M0029,OP0012,T00605,ST010,SEATBELT_VIOLATION,MEDIUM,0.9,WORKING,,,,UNFASTENED,78,True
SE000690,2025-04-05 12:20:00,M0022,OP0046,T00608,ST002,HARSH_BRAKING,LOW,30.7,TRAVELING,,,,FASTENED,2,True
SE000691,2025-04-05 12:34:00,M0022,OP0046,T00608,ST002,OBSTACLE_PROXIMITY,MEDIUM,2.4,LOADING,,,4.0,FASTENED,27,True
SE000692,2025-04-05 13:53:00,M0022,OP0046,T00608,ST002,HARSH_BRAKING,LOW,23.2,TRAVELING,,,,FASTENED,6,True
SE000693,2025-07-09 14:20:00,M0016,OP0046,T00612,ST006,OVERSPEED,MEDIUM,16.1,TRAVELING,,,,FASTENED,21,False
SE000694,2025-03-16 10:41:00,M0027,OP0011,T00613,ST015,SEATBELT_VIOLATION,LOW,4.6,TRAVELING,,,,UNFASTENED,15,False
SE000695,2025-03-16 12:06:00,M0027,OP0011,T00613,ST015,SEATBELT_VIOLATION,LOW,2.6,DIGGING,,,,UNFASTENED,13,True
SE000696,2025-03-16 13:13:00,M0027,OP0011,T00613,ST015,UNSAFE_REVERSING,MEDIUM,3.3,REVERSING,,,,FASTENED,20,False
SE000697,2025-03-16 13:40:00,M0027,OP0011,T00613,ST015,SEATBELT_VIOLATION,LOW,1.9,LOADING,,,,UNFASTENED,104,False
SE000698,2025-03-16 14:26:00,M0027,OP0011,T00613,ST015,SEATBELT_VIOLATION,HIGH,0.3,LOADING,,,,UNFASTENED,91,True
SE000699,2025-07-10 10:56:00,M0033,OP0023,T00614,ST001,SEATBELT_VIOLATION,LOW,2.0,WORKING,,,,UNFASTENED,48,True
SE000700,2025-05-18 15:42:00,M0013,OP0051,T00615,ST007,UNSAFE_REVERSING,LOW,5.5,REVERSING,,,,FASTENED,12,True
SE000701,2025-09-02 06:57:00,M0015,OP0054,T00616,ST001,VEHICLE_PROXIMITY,LOW,1.0,WORKING,,6.9,,FASTENED,45,True
SE000702,2025-09-02 07:05:00,M0015,OP0054,T00616,ST001,PERSON_PROXIMITY,MEDIUM,0.0,DIGGING,2.7,,,FASTENED,33,True
SE000703,2025-09-02 08:25:00,M0015,OP0054,T00616,ST001,SEATBELT_VIOLATION,LOW,0.4,WORKING,,,,UNFASTENED,103,True
SE000704,2025-04-22 13:30:00,M0023,OP0043,T00617,ST009,PERSON_PROXIMITY,MEDIUM,1.8,LOADING,3.0,,,FASTENED,52,True
SE000705,2025-04-22 13:43:00,M0023,OP0043,T00617,ST009,SEATBELT_VIOLATION,MEDIUM,6.1,REVERSING,,,,UNFASTENED,30,True
SE000706,2025-01-11 07:40:00,M0007,OP0001,T00621,ST012,SEATBELT_VIOLATION,LOW,7.0,TRAVELING,,,,UNFASTENED,135,False
SE000707,2025-01-11 08:23:00,M0007,OP0001,T00621,ST012,PERSON_PROXIMITY,LOW,6.6,TRAVELING,5.2,,,FASTENED,34,True
SE000708,2025-08-01 16:24:00,M0037,OP0011,T00622,ST005,SEATBELT_VIOLATION,MEDIUM,7.4,TRAVELING,,,,UNFASTENED,161,True
SE000709,2025-08-01 18:35:00,M0037,OP0011,T00622,ST005,PERSON_PROXIMITY,LOW,2.3,WORKING,7.9,,,FASTENED,52,True
SE000710,2025-08-01 19:12:00,M0037,OP0011,T00622,ST005,SEATBELT_VIOLATION,MEDIUM,5.3,TRAVELING,,,,UNFASTENED,58,True
SE000711,2025-09-25 16:03:00,M0031,OP0011,T00629,ST002,HARSH_BRAKING,LOW,7.4,REVERSING,,,,FASTENED,5,True
SE000712,2025-09-25 16:12:00,M0031,OP0011,T00629,ST002,PERSON_PROXIMITY,LOW,8.6,TRAVELING,6.6,,,FASTENED,48,True
SE000713,2025-09-25 16:34:00,M0031,OP0011,T00629,ST002,SEATBELT_VIOLATION,LOW,0.1,LOADING,,,,UNFASTENED,150,True
SE000714,2025-04-15 13:49:00,M0005,OP0031,T00632,ST003,PERSON_PROXIMITY,HIGH,27.9,TRAVELING,2.3,,,FASTENED,23,True
SE000715,2025-07-03 12:47:00,M0033,OP0031,T00633,ST001,HARSH_BRAKING,LOW,9.6,TRAVELING,,,,FASTENED,4,True
SE000716,2025-07-03 12:57:00,M0033,OP0031,T00633,ST001,SEATBELT_VIOLATION,LOW,4.9,REVERSING,,,,UNFASTENED,55,False
SE000717,2025-02-19 06:41:00,M0021,OP0044,T00636,ST014,PERSON_PROXIMITY,LOW,7.2,TRAVELING,6.0,,,FASTENED,13,True
SE000718,2025-02-19 07:20:00,M0021,OP0044,T00636,ST014,SEATBELT_VIOLATION,MEDIUM,15.0,TRAVELING,,,,UNFASTENED,66,False
SE000719,2025-01-30 15:38:00,M0040,OP0046,T00637,ST002,SEATBELT_VIOLATION,LOW,0.9,LOADING,,,,UNFASTENED,56,True
SE000720,2025-01-30 15:41:00,M0040,OP0046,T00637,ST002,PERSON_PROXIMITY,LOW,17.4,TRAVELING,8.5,,,FASTENED,3,True
SE000721,2025-04-05 07:26:00,M0014,OP0047,T00639,ST013,SEATBELT_VIOLATION,MEDIUM,20.6,TRAVELING,,,,UNFASTENED,14,True
SE000722,2025-04-05 08:01:00,M0014,OP0047,T00639,ST013,OVERSPEED,HIGH,51.2,TRAVELING,,,,FASTENED,7,True
SE000723,2025-04-05 09:42:00,M0014,OP0047,T00639,ST013,PERSON_PROXIMITY,MEDIUM,15.3,TRAVELING,2.8,,,FASTENED,33,True
SE000724,2025-04-09 12:17:00,M0029,OP0019,T00643,ST010,SEATBELT_VIOLATION,LOW,3.9,TRAVELING,,,,UNFASTENED,97,True
SE000725,2025-04-09 13:11:00,M0029,OP0019,T00643,ST010,SEATBELT_VIOLATION,MEDIUM,2.7,WORKING,,,,UNFASTENED,133,False
SE000726,2025-04-09 13:43:00,M0029,OP0019,T00643,ST010,VEHICLE_PROXIMITY,LOW,5.4,TRAVELING,,8.1,,FASTENED,8,False
SE000727,2025-04-09 14:27:00,M0029,OP0019,T00643,ST010,SEATBELT_VIOLATION,LOW,1.0,DUMPING,,,,UNFASTENED,15,True
SE000728,2025-04-27 09:25:00,M0033,OP0046,T00644,ST001,VEHICLE_PROXIMITY,LOW,2.7,WORKING,,7.1,,FASTENED,17,True
SE000729,2025-04-27 12:18:00,M0033,OP0046,T00644,ST001,SEATBELT_VIOLATION,MEDIUM,4.0,REVERSING,,,,UNFASTENED,76,False
SE000730,2025-03-07 08:13:00,M0034,OP0012,T00645,ST014,PERSON_PROXIMITY,MEDIUM,4.3,TRAVELING,3.9,,,FASTENED,15,True
SE000731,2025-03-07 08:51:00,M0034,OP0012,T00645,ST014,PERSON_PROXIMITY,LOW,0.8,DIGGING,8.9,,,FASTENED,27,True
SE000732,2025-03-07 09:16:00,M0034,OP0012,T00645,ST014,SEATBELT_VIOLATION,MEDIUM,6.8,TRAVELING,,,,UNFASTENED,148,False
SE000733,2025-03-07 09:17:00,M0034,OP0012,T00645,ST014,PERSON_PROXIMITY,MEDIUM,2.4,TRAVELING,3.0,,,FASTENED,39,True
SE000734,2025-03-07 09:38:00,M0034,OP0012,T00645,ST014,SEATBELT_VIOLATION,LOW,0.0,LOADING,,,,UNFASTENED,10,True
SE000735,2025-03-07 10:01:00,M0034,OP0012,T00645,ST014,SEATBELT_VIOLATION,MEDIUM,4.6,REVERSING,,,,UNFASTENED,130,True
SE000736,2025-03-18 09:20:00,M0025,OP0004,T00647,ST011,SEATBELT_VIOLATION,LOW,0.7,DUMPING,,,,UNFASTENED,113,False
SE000737,2025-05-15 17:51:00,M0004,OP0053,T00649,ST007,UNSAFE_REVERSING,MEDIUM,5.4,REVERSING,,,,FASTENED,16,True
SE000738,2025-06-20 08:16:00,M0030,OP0007,T00650,ST009,SEATBELT_VIOLATION,LOW,2.4,WORKING,,,,UNFASTENED,108,False
SE000739,2025-06-20 10:50:00,M0030,OP0007,T00650,ST009,PERSON_PROXIMITY,MEDIUM,2.4,WORKING,3.7,,,FASTENED,58,True
SE000740,2025-08-13 16:41:00,M0021,OP0034,T00651,ST014,HARSH_BRAKING,LOW,15.4,TRAVELING,,,,FASTENED,7,True
SE000741,2025-08-13 17:14:00,M0021,OP0034,T00651,ST014,HARSH_BRAKING,LOW,14.1,TRAVELING,,,,FASTENED,6,True
SE000742,2025-06-26 14:41:00,M0017,OP0011,T00653,ST015,UNSAFE_REVERSING,LOW,5.1,REVERSING,,,,FASTENED,6,True
SE000743,2025-06-26 16:03:00,M0017,OP0011,T00653,ST015,SEATBELT_VIOLATION,HIGH,14.2,TRAVELING,,,,UNFASTENED,67,True
SE000744,2025-06-26 16:21:00,M0017,OP0011,T00653,ST015,VEHICLE_PROXIMITY,HIGH,1.0,WORKING,,2.2,,FASTENED,59,False
SE000745,2025-06-26 17:34:00,M0017,OP0011,T00653,ST015,SEATBELT_VIOLATION,LOW,0.5,REVERSING,,,,UNFASTENED,39,True
SE000746,2025-04-14 12:16:00,M0001,OP0010,T00656,ST007,VEHICLE_PROXIMITY,HIGH,0.5,WORKING,,1.5,,FASTENED,21,True
SE000747,2025-04-14 13:59:00,M0001,OP0010,T00656,ST007,PERSON_PROXIMITY,LOW,0.3,DIGGING,9.0,,,FASTENED,34,False
SE000748,2025-04-13 14:52:00,M0032,OP0029,T00659,ST008,SEATBELT_VIOLATION,HIGH,6.9,TRAVELING,,,,UNFASTENED,134,False
SE000749,2025-04-13 16:10:00,M0032,OP0029,T00659,ST008,VEHICLE_PROXIMITY,LOW,8.6,TRAVELING,,5.6,,FASTENED,56,False
SE000750,2025-08-02 13:16:00,M0020,OP0024,T00662,ST015,SEATBELT_VIOLATION,HIGH,1.1,LOADING,,,,UNFASTENED,11,True
SE000751,2025-03-19 15:15:00,M0025,OP0019,T00665,ST011,SEATBELT_VIOLATION,LOW,17.2,TRAVELING,,,,UNFASTENED,110,True
SE000752,2025-03-19 15:50:00,M0025,OP0019,T00665,ST011,VEHICLE_PROXIMITY,CRITICAL,6.7,REVERSING,,1.1,,FASTENED,3,True
SE000753,2025-03-19 16:12:00,M0025,OP0019,T00665,ST011,SEATBELT_VIOLATION,LOW,5.7,REVERSING,,,,UNFASTENED,100,True
SE000754,2025-03-19 16:47:00,M0025,OP0019,T00665,ST011,SEATBELT_VIOLATION,LOW,4.5,TRAVELING,,,,UNFASTENED,179,True
SE000755,2025-03-19 17:05:00,M0025,OP0019,T00665,ST011,VEHICLE_PROXIMITY,LOW,0.3,LOADING,,5.4,,FASTENED,5,True
SE000756,2025-04-12 15:41:00,M0016,OP0019,T00668,ST006,VEHICLE_PROXIMITY,LOW,2.4,WORKING,,8.7,,FASTENED,25,False
SE000757,2025-05-22 16:43:00,M0004,OP0012,T00670,ST007,SEATBELT_VIOLATION,LOW,2.1,WORKING,,,,UNFASTENED,170,True
SE000758,2025-07-23 09:48:00,M0029,OP0010,T00673,ST010,PERSON_PROXIMITY,LOW,2.8,WORKING,5.5,,,FASTENED,24,True
SE000759,2025-07-23 09:58:00,M0029,OP0010,T00673,ST010,HARSH_BRAKING,LOW,7.0,TRAVELING,,,,FASTENED,2,True
SE000760,2025-04-12 12:08:00,M0020,OP0034,T00677,ST015,SEATBELT_VIOLATION,LOW,0.7,DIGGING,,,,UNFASTENED,23,True
SE000761,2025-03-22 11:05:00,M0027,OP0037,T00679,ST015,OBSTACLE_PROXIMITY,HIGH,0.6,WORKING,,,0.9,FASTENED,36,False
SE000762,2025-03-22 11:55:00,M0027,OP0037,T00679,ST015,SEATBELT_VIOLATION,MEDIUM,2.1,DIGGING,,,,UNFASTENED,86,True
SE000763,2025-03-22 12:13:00,M0027,OP0037,T00679,ST015,UNSAFE_REVERSING,LOW,2.9,REVERSING,,,,FASTENED,5,True
SE000764,2025-03-22 13:48:00,M0027,OP0037,T00679,ST015,SEATBELT_VIOLATION,HIGH,1.1,DIGGING,,,,UNFASTENED,83,True
SE000765,2025-01-17 13:32:00,M0003,OP0046,T00683,ST013,SEATBELT_VIOLATION,HIGH,1.8,WORKING,,,,UNFASTENED,112,True
SE000766,2025-04-03 08:14:00,M0011,OP0030,T00684,ST003,SEATBELT_VIOLATION,MEDIUM,1.0,LOADING,,,,UNFASTENED,44,False
SE000767,2025-04-03 09:10:00,M0011,OP0030,T00684,ST003,UNSAFE_REVERSING,LOW,9.3,REVERSING,,,,FASTENED,21,True
SE000768,2025-05-04 10:55:00,M0031,OP0024,T00685,ST002,SEATBELT_VIOLATION,LOW,7.1,REVERSING,,,,UNFASTENED,60,True
SE000769,2025-05-24 13:52:00,M0007,OP0040,T00686,ST012,OVERSPEED,MEDIUM,16.1,TRAVELING,,,,FASTENED,23,True
SE000770,2025-05-24 15:00:00,M0007,OP0040,T00686,ST012,PERSON_PROXIMITY,LOW,2.1,WORKING,5.1,,,FASTENED,53,False
SE000771,2025-08-01 16:43:00,M0042,OP0026,T00687,ST011,VEHICLE_PROXIMITY,LOW,1.4,WORKING,,6.9,,FASTENED,46,True
SE000772,2025-01-12 10:43:00,M0028,OP0049,T00693,ST012,SEATBELT_VIOLATION,LOW,6.5,TRAVELING,,,,UNFASTENED,121,True
SE000773,2025-01-12 12:25:00,M0028,OP0049,T00693,ST012,SEATBELT_VIOLATION,LOW,1.1,LOADING,,,,UNFASTENED,178,True
SE000774,2025-01-12 12:38:00,M0028,OP0049,T00693,ST012,SEATBELT_VIOLATION,LOW,0.9,DIGGING,,,,UNFASTENED,22,True
SE000775,2025-09-13 19:04:00,M0012,OP0043,T00694,ST002,VEHICLE_PROXIMITY,LOW,39.3,TRAVELING,,8.1,,FASTENED,44,True
SE000776,2025-02-26 12:16:00,M0025,OP0019,T00696,ST011,SEATBELT_VIOLATION,MEDIUM,1.5,LOADING,,,,UNFASTENED,57,True
SE000777,2025-02-26 12:35:00,M0025,OP0019,T00696,ST011,PERSON_PROXIMITY,MEDIUM,0.9,LOADING,4.9,,,FASTENED,4,True
SE000778,2025-02-26 13:00:00,M0025,OP0019,T00696,ST011,SEATBELT_VIOLATION,LOW,6.5,REVERSING,,,,UNFASTENED,110,True
SE000779,2025-02-26 13:00:00,M0025,OP0019,T00696,ST011,UNSAFE_REVERSING,MEDIUM,6.5,REVERSING,,,,UNFASTENED,17,True
SE000780,2025-02-26 14:53:00,M0025,OP0019,T00696,ST011,VEHICLE_PROXIMITY,LOW,14.5,TRAVELING,,5.1,,FASTENED,12,True
SE000781,2025-02-14 13:24:00,M0007,OP0009,T00698,ST012,SEATBELT_VIOLATION,LOW,2.9,WORKING,,,,UNFASTENED,168,False
SE000782,2025-02-14 14:34:00,M0007,OP0009,T00698,ST012,SEATBELT_VIOLATION,LOW,1.1,WORKING,,,,UNFASTENED,78,True
SE000783,2025-02-14 15:40:00,M0007,OP0009,T00698,ST012,SEATBELT_VIOLATION,HIGH,0.0,WORKING,,,,UNFASTENED,41,False
SE000784,2025-02-06 16:53:00,M0008,OP0050,T00699,ST008,UNSAFE_REVERSING,LOW,6.1,REVERSING,,,,FASTENED,21,False
SE000785,2025-03-29 14:04:00,M0025,OP0014,T00700,ST011,SEATBELT_VIOLATION,LOW,15.3,TRAVELING,,,,UNFASTENED,124,True
SE000786,2025-03-29 16:10:00,M0025,OP0014,T00700,ST011,SEATBELT_VIOLATION,MEDIUM,0.5,WORKING,,,,UNFASTENED,34,True
SE000787,2025-06-03 09:46:00,M0002,OP0008,T00706,ST007,SEATBELT_VIOLATION,MEDIUM,0.6,LOADING,,,,UNFASTENED,145,True
SE000788,2025-06-03 11:21:00,M0002,OP0008,T00706,ST007,PERSON_PROXIMITY,HIGH,8.4,TRAVELING,0.8,,,FASTENED,5,True
SE000789,2025-01-04 08:42:00,M0036,OP0044,T00708,ST006,PERSON_PROXIMITY,MEDIUM,4.9,REVERSING,4.5,,,FASTENED,52,True
SE000790,2025-01-04 10:38:00,M0036,OP0044,T00708,ST006,SEATBELT_VIOLATION,LOW,0.9,DUMPING,,,,UNFASTENED,156,True
SE000791,2025-01-04 10:41:00,M0036,OP0044,T00708,ST006,SEATBELT_VIOLATION,MEDIUM,3.2,TRAVELING,,,,UNFASTENED,99,True
SE000792,2025-06-20 18:27:00,M0022,OP0016,T00709,ST002,SEATBELT_VIOLATION,LOW,2.8,LOADING,,,,UNFASTENED,136,True
SE000793,2025-05-17 14:41:00,M0036,OP0011,T00713,ST006,HARSH_BRAKING,LOW,3.7,REVERSING,,,,FASTENED,5,True
SE000794,2025-05-17 14:56:00,M0036,OP0011,T00713,ST006,VEHICLE_PROXIMITY,HIGH,1.8,TRAVELING,,1.5,,FASTENED,22,True
SE000795,2025-02-04 11:01:00,M0021,OP0030,T00716,ST014,SEATBELT_VIOLATION,LOW,0.7,WORKING,,,,UNFASTENED,97,False
SE000796,2025-09-22 14:50:00,M0041,OP0044,T00719,ST008,SEATBELT_VIOLATION,LOW,12.2,TRAVELING,,,,UNFASTENED,149,False
SE000797,2025-01-31 11:06:00,M0013,OP0020,T00720,ST007,PERSON_PROXIMITY,MEDIUM,2.1,LOADING,4.9,,,FASTENED,46,True
SE000798,2025-01-31 12:28:00,M0013,OP0020,T00720,ST007,UNSAFE_REVERSING,LOW,3.9,REVERSING,,,,FASTENED,15,True
SE000799,2025-01-07 09:10:00,M0007,OP0007,T00721,ST012,SEATBELT_VIOLATION,MEDIUM,1.2,WORKING,,,,UNFASTENED,66,True
SE000800,2025-01-07 11:49:00,M0007,OP0007,T00721,ST012,UNSAFE_REVERSING,MEDIUM,5.4,REVERSING,,,,FASTENED,21,True
SE000801,2025-06-20 14:28:00,M0010,OP0017,T00722,ST012,PERSON_PROXIMITY,MEDIUM,2.8,LOADING,4.5,,,FASTENED,57,True
SE000802,2025-08-19 14:44:00,M0005,OP0033,T00723,ST003,UNSAFE_REVERSING,LOW,5.1,REVERSING,,,,FASTENED,11,True
SE000803,2025-09-01 13:56:00,M0034,OP0037,T00724,ST014,OBSTACLE_PROXIMITY,HIGH,0.4,LOADING,,,1.4,FASTENED,40,True
SE000804,2025-09-01 14:17:00,M0034,OP0037,T00724,ST014,OBSTACLE_PROXIMITY,HIGH,2.5,DUMPING,,,1.1,FASTENED,22,False
SE000805,2025-04-06 11:21:00,M0008,OP0013,T00726,ST008,PERSON_PROXIMITY,HIGH,2.6,LOADING,2.2,,,FASTENED,46,True
SE000806,2025-04-19 14:51:00,M0041,OP0031,T00727,ST008,SEATBELT_VIOLATION,LOW,1.5,DIGGING,,,,UNFASTENED,105,True
SE000807,2025-04-19 16:44:00,M0041,OP0031,T00727,ST008,SEATBELT_VIOLATION,LOW,5.1,REVERSING,,,,UNFASTENED,27,True
SE000808,2025-04-19 17:03:00,M0041,OP0031,T00727,ST008,VEHICLE_PROXIMITY,MEDIUM,0.7,DUMPING,,4.6,,FASTENED,58,True
SE000809,2025-04-19 17:14:00,M0041,OP0031,T00727,ST008,SEATBELT_VIOLATION,LOW,1.1,WORKING,,,,UNFASTENED,76,False
SE000810,2025-04-19 17:49:00,M0041,OP0031,T00727,ST008,SEATBELT_VIOLATION,MEDIUM,1.0,DIGGING,,,,UNFASTENED,33,True
SE000811,2025-09-06 10:47:00,M0012,OP0019,T00729,ST002,SEATBELT_VIOLATION,LOW,24.4,TRAVELING,,,,UNFASTENED,26,True
SE000812,2025-09-06 10:51:00,M0012,OP0019,T00729,ST002,OVERSPEED,MEDIUM,52.1,TRAVELING,,,,FASTENED,28,True
SE000813,2025-09-06 12:47:00,M0012,OP0019,T00729,ST002,VEHICLE_PROXIMITY,LOW,23.3,TRAVELING,,6.6,,FASTENED,24,True
SE000814,2025-09-06 13:13:00,M0012,OP0019,T00729,ST002,VEHICLE_PROXIMITY,LOW,27.0,TRAVELING,,5.5,,FASTENED,54,False
SE000815,2025-06-20 09:06:00,M0027,OP0023,T00730,ST015,OBSTACLE_PROXIMITY,HIGH,0.0,DUMPING,,,2.4,FASTENED,3,True
SE000816,2025-06-20 10:08:00,M0027,OP0023,T00730,ST015,OBSTACLE_PROXIMITY,HIGH,1.6,LOADING,,,1.0,FASTENED,53,True
SE000817,2025-06-20 11:07:00,M0027,OP0023,T00730,ST015,SEATBELT_VIOLATION,LOW,1.4,DIGGING,,,,UNFASTENED,166,True
SE000818,2025-06-20 11:36:00,M0027,OP0023,T00730,ST015,SEATBELT_VIOLATION,LOW,1.9,LOADING,,,,UNFASTENED,105,False
SE000819,2025-03-02 16:32:00,M0031,OP0054,T00731,ST002,OBSTACLE_PROXIMITY,HIGH,0.6,LOADING,,,1.2,FASTENED,25,True
SE000820,2025-07-03 12:41:00,M0014,OP0034,T00733,ST013,HARSH_BRAKING,LOW,23.2,TRAVELING,,,,FASTENED,9,True
SE000821,2025-04-18 09:20:00,M0029,OP0031,T00735,ST010,SEATBELT_VIOLATION,LOW,2.5,WORKING,,,,UNFASTENED,41,True
SE000822,2025-04-18 09:38:00,M0029,OP0031,T00735,ST010,SEATBELT_VIOLATION,MEDIUM,9.2,TRAVELING,,,,UNFASTENED,14,True
SE000823,2025-09-18 06:53:00,M0034,OP0050,T00736,ST014,VEHICLE_PROXIMITY,LOW,1.8,REVERSING,,8.0,,FASTENED,38,True
SE000824,2025-03-25 16:24:00,M0037,OP0004,T00737,ST005,SEATBELT_VIOLATION,MEDIUM,10.5,TRAVELING,,,,UNFASTENED,46,True
SE000825,2025-08-29 10:09:00,M0034,OP0013,T00738,ST014,SEATBELT_VIOLATION,MEDIUM,2.2,WORKING,,,,UNFASTENED,53,False
SE000826,2025-08-29 10:35:00,M0034,OP0013,T00738,ST014,SEATBELT_VIOLATION,HIGH,4.9,TRAVELING,,,,UNFASTENED,156,False
SE000827,2025-08-29 10:50:00,M0034,OP0013,T00738,ST014,PERSON_PROXIMITY,LOW,2.4,DUMPING,8.7,,,FASTENED,20,True
SE000828,2025-08-29 12:23:00,M0034,OP0013,T00738,ST014,SEATBELT_VIOLATION,LOW,1.0,DIGGING,,,,UNFASTENED,101,True
SE000829,2025-08-29 12:52:00,M0034,OP0013,T00738,ST014,UNSAFE_REVERSING,LOW,3.8,REVERSING,,,,FASTENED,18,True
SE000830,2025-05-31 06:36:00,M0011,OP0044,T00740,ST003,SEATBELT_VIOLATION,LOW,0.8,DIGGING,,,,UNFASTENED,86,True
SE000831,2025-05-31 08:14:00,M0011,OP0044,T00740,ST003,SEATBELT_VIOLATION,LOW,0.8,WORKING,,,,UNFASTENED,50,True
SE000832,2025-05-31 09:35:00,M0011,OP0044,T00740,ST003,SEATBELT_VIOLATION,MEDIUM,5.2,REVERSING,,,,UNFASTENED,81,True
SE000833,2025-07-18 12:49:00,M0035,OP0050,T00744,ST013,OVERSPEED,MEDIUM,23.5,TRAVELING,,,,FASTENED,21,True
SE000834,2025-06-05 09:47:00,M0010,OP0024,T00747,ST012,SEATBELT_VIOLATION,LOW,2.5,REVERSING,,,,UNFASTENED,20,False
SE000835,2025-06-05 10:47:00,M0010,OP0024,T00747,ST012,SEATBELT_VIOLATION,MEDIUM,2.5,LOADING,,,,UNFASTENED,116,True
SE000836,2025-06-05 11:39:00,M0010,OP0024,T00747,ST012,OVERSPEED,MEDIUM,50.9,TRAVELING,,,,FASTENED,24,True
SE000837,2025-06-05 18:52:00,M0019,OP0025,T00748,ST002,SEATBELT_VIOLATION,HIGH,1.7,WORKING,,,,UNFASTENED,17,True
SE000838,2025-03-30 10:41:00,M0037,OP0034,T00752,ST005,OVERSPEED,MEDIUM,15.2,TRAVELING,,,,FASTENED,10,True
SE000839,2025-08-04 06:41:00,M0031,OP0037,T00755,ST002,PERSON_PROXIMITY,MEDIUM,6.7,TRAVELING,3.2,,,FASTENED,41,False
SE000840,2025-08-04 08:30:00,M0031,OP0037,T00755,ST002,SEATBELT_VIOLATION,MEDIUM,2.3,LOADING,,,,UNFASTENED,62,False
SE000841,2025-06-26 12:03:00,M0031,OP0011,T00759,ST002,SEATBELT_VIOLATION,MEDIUM,2.5,LOADING,,,,UNFASTENED,171,True
SE000842,2025-06-26 12:17:00,M0031,OP0011,T00759,ST002,HARSH_BRAKING,LOW,19.1,TRAVELING,,,,FASTENED,6,True
SE000843,2025-06-26 12:24:00,M0031,OP0011,T00759,ST002,SEATBELT_VIOLATION,MEDIUM,2.2,LOADING,,,,UNFASTENED,25,True
SE000844,2025-06-26 13:11:00,M0031,OP0011,T00759,ST002,VEHICLE_PROXIMITY,MEDIUM,1.3,LOADING,,3.7,,FASTENED,52,True
SE000845,2025-06-26 15:32:00,M0031,OP0011,T00759,ST002,PERSON_PROXIMITY,HIGH,12.9,TRAVELING,2.1,,,FASTENED,26,True
SE000846,2025-05-06 15:33:00,M0008,OP0020,T00760,ST008,UNSAFE_REVERSING,LOW,5.2,REVERSING,,,,FASTENED,16,True
SE000847,2025-03-03 11:56:00,M0002,OP0042,T00761,ST007,PERSON_PROXIMITY,LOW,3.6,REVERSING,7.8,,,FASTENED,40,True
SE000848,2025-04-06 15:42:00,M0025,OP0017,T00764,ST011,PERSON_PROXIMITY,HIGH,2.4,DUMPING,1.9,,,FASTENED,17,False
SE000849,2025-04-06 17:51:00,M0025,OP0017,T00764,ST011,SEATBELT_VIOLATION,LOW,12.5,TRAVELING,,,,UNFASTENED,65,True
SE000850,2025-05-05 14:39:00,M0035,OP0008,T00765,ST013,VEHICLE_PROXIMITY,MEDIUM,9.5,TRAVELING,,4.5,,FASTENED,36,True
SE000851,2025-05-05 15:14:00,M0035,OP0008,T00765,ST013,SEATBELT_VIOLATION,MEDIUM,1.8,WORKING,,,,UNFASTENED,83,True
SE000852,2025-05-05 15:54:00,M0035,OP0008,T00765,ST013,SEATBELT_VIOLATION,MEDIUM,9.7,TRAVELING,,,,UNFASTENED,29,True
SE000853,2025-05-05 17:07:00,M0035,OP0008,T00765,ST013,SEATBELT_VIOLATION,MEDIUM,8.7,TRAVELING,,,,UNFASTENED,123,False
SE000854,2025-05-05 17:31:00,M0035,OP0008,T00765,ST013,PERSON_PROXIMITY,HIGH,17.5,TRAVELING,2.0,,,FASTENED,10,True
SE000855,2025-05-05 17:57:00,M0035,OP0008,T00765,ST013,SEATBELT_VIOLATION,HIGH,12.1,TRAVELING,,,,UNFASTENED,88,False
SE000856,2025-05-05 17:58:00,M0035,OP0008,T00765,ST013,VEHICLE_PROXIMITY,HIGH,2.2,WORKING,,2.0,,FASTENED,4,False
SE000857,2025-06-13 10:54:00,M0038,OP0026,T00766,ST004,SEATBELT_VIOLATION,HIGH,4.4,TRAVELING,,,,UNFASTENED,127,True
SE000858,2025-06-13 11:01:00,M0038,OP0026,T00766,ST004,SEATBELT_VIOLATION,MEDIUM,6.9,TRAVELING,,,,UNFASTENED,149,False
SE000859,2025-06-13 11:18:00,M0038,OP0026,T00766,ST004,SEATBELT_VIOLATION,LOW,2.4,WORKING,,,,UNFASTENED,47,True
SE000860,2025-09-01 12:48:00,M0042,OP0048,T00769,ST011,SEATBELT_VIOLATION,LOW,1.9,WORKING,,,,UNFASTENED,76,False
SE000861,2025-09-07 11:22:00,M0017,OP0026,T00771,ST015,OVERSPEED,HIGH,23.9,TRAVELING,,,,FASTENED,27,True
SE000862,2025-03-23 06:38:00,M0025,OP0046,T00772,ST011,UNSAFE_REVERSING,MEDIUM,4.3,REVERSING,,,,FASTENED,17,True
SE000863,2025-04-07 15:22:00,M0038,OP0035,T00775,ST004,OBSTACLE_PROXIMITY,MEDIUM,9.2,TRAVELING,,,3.4,FASTENED,27,True
SE000864,2025-07-08 11:07:00,M0037,OP0016,T00777,ST005,PERSON_PROXIMITY,LOW,9.4,TRAVELING,6.5,,,FASTENED,3,True
SE000865,2025-01-13 15:14:00,M0031,OP0039,T00781,ST002,SEATBELT_VIOLATION,LOW,1.1,DUMPING,,,,UNFASTENED,105,False
SE000866,2025-01-13 15:50:00,M0031,OP0039,T00781,ST002,SEATBELT_VIOLATION,HIGH,2.9,LOADING,,,,UNFASTENED,158,True
SE000867,2025-07-06 09:22:00,M0002,OP0016,T00784,ST007,VEHICLE_PROXIMITY,LOW,1.3,LOADING,,7.0,,FASTENED,23,True
SE000868,2025-07-06 09:54:00,M0002,OP0016,T00784,ST007,SEATBELT_VIOLATION,LOW,2.8,WORKING,,,,UNFASTENED,130,True
SE000869,2025-07-06 11:24:00,M0002,OP0016,T00784,ST007,PERSON_PROXIMITY,LOW,10.9,TRAVELING,7.6,,,FASTENED,4,True
SE000870,2025-05-14 12:28:00,M0017,OP0039,T00786,ST015,SEATBELT_VIOLATION,MEDIUM,12.8,TRAVELING,,,,UNFASTENED,68,True
SE000871,2025-05-14 12:38:00,M0017,OP0039,T00786,ST015,VEHICLE_PROXIMITY,MEDIUM,10.2,TRAVELING,,3.1,,FASTENED,22,True
SE000872,2025-03-09 13:49:00,M0001,OP0005,T00788,ST007,OBSTACLE_PROXIMITY,LOW,1.7,DUMPING,,,7.0,FASTENED,30,True
SE000873,2025-04-04 08:30:00,M0007,OP0049,T00789,ST012,UNSAFE_REVERSING,MEDIUM,1.6,REVERSING,,,,FASTENED,17,True
SE000874,2025-04-04 09:02:00,M0007,OP0049,T00789,ST012,HARSH_BRAKING,LOW,5.4,TRAVELING,,,,FASTENED,4,True
SE000875,2025-04-04 11:37:00,M0007,OP0049,T00789,ST012,SEATBELT_VIOLATION,LOW,3.0,WORKING,,,,UNFASTENED,151,True
SE000876,2025-09-18 16:29:00,M0028,OP0014,T00796,ST012,SEATBELT_VIOLATION,MEDIUM,2.3,DUMPING,,,,UNFASTENED,51,True
SE000877,2025-09-18 17:26:00,M0028,OP0014,T00796,ST012,SEATBELT_VIOLATION,LOW,0.1,DIGGING,,,,UNFASTENED,126,True
SE000878,2025-09-18 17:42:00,M0028,OP0014,T00796,ST012,SEATBELT_VIOLATION,LOW,2.0,DIGGING,,,,UNFASTENED,43,True
SE000879,2025-06-11 12:32:00,M0003,OP0012,T00799,ST013,SEATBELT_VIOLATION,HIGH,0.1,WORKING,,,,UNFASTENED,22,True
SE000880,2025-06-11 13:40:00,M0003,OP0012,T00799,ST013,SEATBELT_VIOLATION,LOW,1.4,WORKING,,,,UNFASTENED,76,False
SE000881,2025-03-17 17:33:00,M0023,OP0045,T00800,ST009,PERSON_PROXIMITY,LOW,22.4,TRAVELING,6.1,,,FASTENED,48,True
SE000882,2025-03-17 17:35:00,M0023,OP0045,T00800,ST009,VEHICLE_PROXIMITY,LOW,16.1,TRAVELING,,7.4,,FASTENED,18,True
SE000883,2025-09-07 12:24:00,M0011,OP0054,T00802,ST003,OBSTACLE_PROXIMITY,MEDIUM,0.9,WORKING,,,2.6,FASTENED,39,False
SE000884,2025-02-24 08:36:00,M0001,OP0055,T00803,ST007,OBSTACLE_PROXIMITY,MEDIUM,2.9,DIGGING,,,4.0,FASTENED,35,True
SE000885,2025-02-24 09:18:00,M0001,OP0055,T00803,ST007,SEATBELT_VIOLATION,LOW,2.2,LOADING,,,,UNFASTENED,21,True
SE000886,2025-01-27 12:46:00,M0027,OP0044,T00804,ST015,VEHICLE_PROXIMITY,LOW,1.9,DIGGING,,5.3,,FASTENED,46,True
SE000887,2025-05-27 06:41:00,M0039,OP0016,T00806,ST003,PERSON_PROXIMITY,LOW,1.7,DUMPING,6.0,,,FASTENED,47,True
SE000888,2025-05-27 06:45:00,M0039,OP0016,T00806,ST003,SEATBELT_VIOLATION,MEDIUM,2.5,DIGGING,,,,UNFASTENED,44,True
SE000889,2025-05-27 08:11:00,M0039,OP0016,T00806,ST003,SEATBELT_VIOLATION,HIGH,0.4,LOADING,,,,UNFASTENED,132,True
SE000890,2025-02-24 08:53:00,M0017,OP0020,T00807,ST015,SEATBELT_VIOLATION,LOW,10.3,TRAVELING,,,,UNFASTENED,107,False
SE000891,2025-02-24 10:47:00,M0017,OP0020,T00807,ST015,UNSAFE_REVERSING,MEDIUM,1.7,REVERSING,,,,FASTENED,13,True
SE000892,2025-05-26 14:53:00,M0029,OP0014,T00808,ST010,UNSAFE_REVERSING,HIGH,3.2,REVERSING,,,,FASTENED,16,True
SE000893,2025-05-26 15:41:00,M0029,OP0014,T00808,ST010,PERSON_PROXIMITY,LOW,1.9,WORKING,5.1,,,FASTENED,46,True
SE000894,2025-05-20 13:46:00,M0017,OP0023,T00810,ST015,PERSON_PROXIMITY,MEDIUM,2.4,WORKING,2.6,,,FASTENED,48,True
SE000895,2025-07-12 15:26:00,M0025,OP0045,T00812,ST011,OBSTACLE_PROXIMITY,LOW,16.4,TRAVELING,,,6.8,FASTENED,17,True
SE000896,2025-07-12 15:30:00,M0025,OP0045,T00812,ST011,PERSON_PROXIMITY,HIGH,0.3,LOADING,1.2,,,FASTENED,32,True
SE000897,2025-07-12 16:24:00,M0025,OP0045,T00812,ST011,SEATBELT_VIOLATION,LOW,0.6,WORKING,,,,UNFASTENED,48,False
SE000898,2025-07-12 17:22:00,M0025,OP0045,T00812,ST011,OBSTACLE_PROXIMITY,LOW,0.5,DUMPING,,,7.2,FASTENED,31,True
SE000899,2025-08-22 14:35:00,M0029,OP0037,T00813,ST010,VEHICLE_PROXIMITY,LOW,2.9,REVERSING,,6.0,,FASTENED,8,True
SE000900,2025-08-22 17:06:00,M0029,OP0037,T00813,ST010,HARSH_BRAKING,LOW,6.3,TRAVELING,,,,FASTENED,8,True
SE000901,2025-08-04 11:12:00,M0024,OP0044,T00814,ST004,OVERSPEED,MEDIUM,26.6,TRAVELING,,,,FASTENED,8,True
SE000902,2025-08-04 11:35:00,M0024,OP0044,T00814,ST004,SEATBELT_VIOLATION,LOW,2.5,WORKING,,,,UNFASTENED,14,True
SE000903,2025-09-05 15:17:00,M0009,OP0018,T00815,ST004,SEATBELT_VIOLATION,LOW,3.8,TRAVELING,,,,UNFASTENED,42,False
SE000904,2025-05-20 17:19:00,M0010,OP0033,T00816,ST012,SEATBELT_VIOLATION,HIGH,16.3,TRAVELING,,,,UNFASTENED,138,False
SE000905,2025-07-17 11:50:00,M0007,OP0023,T00817,ST012,SEATBELT_VIOLATION,MEDIUM,8.4,TRAVELING,,,,UNFASTENED,152,True
SE000906,2025-07-17 12:10:00,M0007,OP0023,T00817,ST012,SEATBELT_VIOLATION,MEDIUM,8.5,TRAVELING,,,,UNFASTENED,142,True
SE000907,2025-07-17 13:30:00,M0007,OP0023,T00817,ST012,SEATBELT_VIOLATION,HIGH,0.3,WORKING,,,,UNFASTENED,111,True
SE000908,2025-07-17 14:16:00,M0007,OP0023,T00817,ST012,OBSTACLE_PROXIMITY,LOW,10.8,TRAVELING,,,5.2,FASTENED,31,True
SE000909,2025-09-02 11:02:00,M0008,OP0043,T00818,ST008,SEATBELT_VIOLATION,LOW,1.3,WORKING,,,,UNFASTENED,158,False
SE000910,2025-08-17 09:15:00,M0036,OP0054,T00821,ST006,SEATBELT_VIOLATION,LOW,6.0,TRAVELING,,,,UNFASTENED,143,False
SE000911,2025-02-22 08:15:00,M0037,OP0025,T00823,ST005,VEHICLE_PROXIMITY,LOW,1.3,WORKING,,6.6,,FASTENED,10,True
SE000912,2025-02-22 08:49:00,M0037,OP0025,T00823,ST005,HARSH_BRAKING,LOW,4.1,TRAVELING,,,,FASTENED,7,True
SE000913,2025-02-22 09:17:00,M0037,OP0025,T00823,ST005,SEATBELT_VIOLATION,MEDIUM,6.2,REVERSING,,,,UNFASTENED,47,True
SE000914,2025-08-08 06:35:00,M0028,OP0048,T00827,ST012,PERSON_PROXIMITY,LOW,1.2,DIGGING,8.1,,,FASTENED,12,True
SE000915,2025-04-20 12:51:00,M0025,OP0010,T00828,ST011,HARSH_BRAKING,LOW,19.1,TRAVELING,,,,FASTENED,3,True
SE000916,2025-04-20 15:02:00,M0025,OP0010,T00828,ST011,PERSON_PROXIMITY,HIGH,1.6,LOADING,1.1,,,FASTENED,34,True
SE000917,2025-01-09 12:04:00,M0042,OP0034,T00829,ST011,SEATBELT_VIOLATION,MEDIUM,6.4,TRAVELING,,,,UNFASTENED,83,True
SE000918,2025-01-09 13:22:00,M0042,OP0034,T00829,ST011,SEATBELT_VIOLATION,LOW,2.4,WORKING,,,,UNFASTENED,137,True
SE000919,2025-07-03 07:13:00,M0033,OP0008,T00834,ST001,PERSON_PROXIMITY,MEDIUM,9.2,TRAVELING,3.6,,,FASTENED,13,True
SE000920,2025-07-03 08:02:00,M0033,OP0008,T00834,ST001,PERSON_PROXIMITY,LOW,10.5,TRAVELING,7.7,,,FASTENED,22,False
SE000921,2025-07-03 10:04:00,M0033,OP0008,T00834,ST001,SEATBELT_VIOLATION,HIGH,9.1,TRAVELING,,,,UNFASTENED,123,True
SE000922,2025-07-03 10:34:00,M0033,OP0008,T00834,ST001,OBSTACLE_PROXIMITY,MEDIUM,1.1,WORKING,,,4.5,FASTENED,54,False
SE000923,2025-05-24 14:48:00,M0039,OP0015,T00835,ST003,SEATBELT_VIOLATION,LOW,1.2,DIGGING,,,,UNFASTENED,123,True
SE000924,2025-05-05 11:34:00,M0041,OP0004,T00838,ST008,HARSH_BRAKING,LOW,5.4,TRAVELING,,,,FASTENED,7,True
SE000925,2025-05-05 12:21:00,M0041,OP0004,T00838,ST008,OVERSPEED,MEDIUM,22.9,TRAVELING,,,,FASTENED,27,True
SE000926,2025-01-18 11:11:00,M0031,OP0025,T00841,ST002,SEATBELT_VIOLATION,MEDIUM,0.1,LOADING,,,,UNFASTENED,87,True
SE000927,2025-01-18 11:16:00,M0031,OP0025,T00841,ST002,SEATBELT_VIOLATION,MEDIUM,0.6,DUMPING,,,,UNFASTENED,90,False
SE000928,2025-01-18 12:51:00,M0031,OP0025,T00841,ST002,VEHICLE_PROXIMITY,MEDIUM,5.6,REVERSING,,3.3,,FASTENED,45,True
SE000929,2025-01-18 13:05:00,M0031,OP0025,T00841,ST002,SEATBELT_VIOLATION,LOW,0.4,LOADING,,,,UNFASTENED,104,False
SE000930,2025-08-04 14:38:00,M0008,OP0016,T00842,ST008,VEHICLE_PROXIMITY,MEDIUM,1.2,LOADING,,3.2,,FASTENED,40,True
SE000931,2025-08-04 16:12:00,M0008,OP0016,T00842,ST008,OVERSPEED,HIGH,8.7,TRAVELING,,,,FASTENED,32,True
SE000932,2025-08-21 14:34:00,M0011,OP0053,T00843,ST003,VEHICLE_PROXIMITY,MEDIUM,1.2,DUMPING,,4.3,,FASTENED,57,True
SE000933,2025-08-27 12:14:00,M0025,OP0019,T00844,ST011,OBSTACLE_PROXIMITY,HIGH,2.9,WORKING,,,1.3,FASTENED,32,True
SE000934,2025-08-27 15:15:00,M0025,OP0019,T00844,ST011,OBSTACLE_PROXIMITY,HIGH,2.0,DUMPING,,,2.0,FASTENED,6,True
SE000935,2025-08-15 13:09:00,M0002,OP0021,T00845,ST007,VEHICLE_PROXIMITY,LOW,1.4,WORKING,,8.1,,FASTENED,12,False
SE000936,2025-08-15 13:59:00,M0002,OP0021,T00845,ST007,PERSON_PROXIMITY,MEDIUM,2.9,LOADING,3.9,,,FASTENED,28,False
SE000937,2025-06-19 07:57:00,M0040,OP0055,T00846,ST002,VEHICLE_PROXIMITY,MEDIUM,4.8,REVERSING,,2.7,,FASTENED,16,True
SE000938,2025-06-19 08:44:00,M0040,OP0055,T00846,ST002,PERSON_PROXIMITY,MEDIUM,2.7,DUMPING,4.5,,,FASTENED,7,True
SE000939,2025-06-19 11:35:00,M0040,OP0055,T00846,ST002,SEATBELT_VIOLATION,LOW,0.9,WORKING,,,,UNFASTENED,119,True
SE000940,2025-03-18 11:29:00,M0016,OP0008,T00847,ST006,PERSON_PROXIMITY,HIGH,6.2,TRAVELING,1.7,,,FASTENED,26,False
SE000941,2025-03-18 11:55:00,M0016,OP0008,T00847,ST006,SEATBELT_VIOLATION,LOW,6.7,TRAVELING,,,,UNFASTENED,56,True
SE000942,2025-03-18 12:44:00,M0016,OP0008,T00847,ST006,SEATBELT_VIOLATION,MEDIUM,0.8,WORKING,,,,UNFASTENED,28,True
SE000943,2025-03-18 12:45:00,M0016,OP0008,T00847,ST006,SEATBELT_VIOLATION,LOW,2.9,WORKING,,,,UNFASTENED,36,False
