task_id,source_task_id,machine_type,machine_model,task_type,operator_skill_level,operator_experience_years,material_type,material_density,target_quantity,terrain_type,terrain_slope_percent,soil_moisture,weather_condition,temperature_c,rainfall_mm,visibility_m,distance_m,machine_age_years,idle_ratio,average_engine_load,average_rpm,estimated_duration_min,actual_duration_min
TH00001,T00001,EXCAVATOR,EX-972,Trenching,INTERMEDIATE,7.0,ROCK_FILL,2.2,179.3,UNEVEN,0.2,10.2,FOG,12.6,0.6,234.0,2744.0,7.8,0.143,46.6,1168.0,106.1,164.6
TH00002,,MOTOR_GRADER,MG-220D2,Road Preparation,BEGINNER,1.8,SAND,1.5,5876.3,UNEVEN,0.0,10.7,CLOUDY,17.7,0.0,4860.0,184.0,1.2,0.261,73.6,2097.0,555.6,597.6
TH00003,,EXCAVATOR,EX-140GC,Demolition,INTERMEDIATE,3.0,SAND,1.5,294.6,UNEVEN,0.0,30.9,RAINY,17.5,7.7,1630.0,3232.0,5.6,0.165,75.7,1147.0,121.7,153.5
TH00004,,EXCAVATOR,EX-950D2,Material Loading,BEGINNER,1.5,CRUSHED_STONE,1.7,380.9,HILLY,14.2,42.1,RAINY,30.0,13.3,1166.0,1172.0,3.2,0.349,62.3,1342.0,119.2,236.1
TH00005,,COMPACTOR,CP-950,Demolition,EXPERT,23.4,TOPSOIL,1.3,285.9,ROLLING,5.7,21.8,WINDY,21.4,0.0,3984.0,1945.0,3.4,0.059,58.4,1615.0,166.8,193.0
TH00006,T00006,WHEEL_LOADER,WL-390D2,Material Loading,INTERMEDIATE,6.8,SAND,1.5,1823.8,ROLLING,8.1,13.6,CLOUDY,19.9,0.0,4149.0,1024.0,14.3,0.069,55.7,1777.0,444.9,502.7
TH00007,,ARTICULATED_HAULER,AH-336,Hauling,EXPERT,12.7,ASPHALT_MILLINGS,1.4,2027.4,UNEVEN,0.0,14.4,CLOUDY,25.5,0.0,4268.0,2470.0,8.5,0.082,72.7,1361.0,578.6,998.5
TH00008,,MOTOR_GRADER,MG-986XE,Earth Excavation,BEGINNER,2.0,CRUSHED_STONE,1.7,566.9,FLAT,0.0,30.9,RAINY,17.0,8.0,1517.0,1973.0,12.4,0.24,50.7,1489.0,394.0,681.1
TH00009,,BACKHOE_LOADER,BL-220GC,Trenching,EXPERT,18.2,ASPHALT_MILLINGS,1.4,199.1,UNEVEN,2.5,12.1,CLOUDY,25.1,0.0,7349.0,1358.0,3.0,0.118,73.0,1547.0,102.5,103.2
TH00010,T00010,DOZER,DZ-349D,Material Stockpiling,INTERMEDIATE,7.6,CLAY,1.6,907.9,ROLLING,6.7,49.7,RAINY,18.5,13.5,1900.0,1898.0,10.1,0.146,43.6,2361.0,197.2,380.9
TH00011,T00011,ARTICULATED_HAULER,AH-336,Hauling,INTERMEDIATE,5.8,ASPHALT_MILLINGS,1.4,1318.0,UNEVEN,0.8,6.6,CLOUDY,24.0,0.0,6092.0,1618.0,8.5,0.091,80.7,1881.0,451.2,533.1
TH00012,T00012,BACKHOE_LOADER,BL-986GC,Trenching,EXPERT,15.9,ASPHALT_MILLINGS,1.4,350.7,MOUNTAINOUS,11.8,12.2,SUNNY,36.7,0.0,4220.0,3037.0,7.3,0.135,59.6,1893.0,169.6,194.1
TH00013,T00013,DOZER,DZ-986D2,Material Stockpiling,INTERMEDIATE,3.9,GRAVEL,1.8,2408.6,FLAT,2.7,4.6,SUNNY,20.5,0.0,6814.0,3412.0,13.6,0.13,40.0,1390.0,497.8,1005.6
TH00014,T00014,EXCAVATOR,EX-320GC,Trenching,BEGINNER,1.6,SAND,1.5,543.2,MOUNTAINOUS,11.8,10.5,CLOUDY,18.6,0.0,5447.0,3199.0,5.3,0.259,69.0,1760.0,415.8,576.8
TH00015,,EXCAVATOR,EX-226XE,Road Preparation,BEGINNER,1.4,CLAY,1.6,725.5,FLAT,2.8,8.7,FOG,26.3,0.8,120.0,2297.0,13.8,0.254,65.9,1384.0,128.1,238.0
TH00016,,EXCAVATOR,EX-140GC,Earth Excavation,BEGINNER,1.8,GRAVEL,1.8,1215.2,UNEVEN,4.1,3.0,SUNNY,25.7,0.0,,345.0,5.6,0.272,53.7,2400.0,442.4,515.4
TH00017,,EXCAVATOR,EX-336XE,Material Loading,BEGINNER,1.8,CLAY,1.6,2224.8,UNEVEN,5.3,41.1,STORM,17.9,17.4,234.0,1554.0,4.7,0.179,50.2,2400.0,699.8,2265.4
TH00018,,COMPACTOR,CP-972D2,Demolition,BEGINNER,0.5,CRUSHED_STONE,1.7,469.6,MOUNTAINOUS,29.1,3.0,CLOUDY,25.1,0.0,8179.0,318.0,4.2,0.173,81.0,1308.0,407.6,624.5
TH00019,,BACKHOE_LOADER,BL-986D,Trenching,INTERMEDIATE,7.6,CRUSHED_STONE,1.7,495.4,FLAT,0.2,31.3,RAINY,24.3,3.1,639.0,1645.0,12.0,0.026,50.5,1429.0,288.7,395.1
TH00020,T00020,EXCAVATOR,EX-320GC,Earth Excavation,BEGINNER,1.5,CRUSHED_STONE,1.7,130.5,MOUNTAINOUS,11.8,15.3,SUNNY,11.5,0.0,9864.0,790.0,5.3,0.275,79.7,1370.0,49.7,56.8
TH00021,,EXCAVATOR,EX-220XE,Material Loading,INTERMEDIATE,7.1,ASPHALT_MILLINGS,1.4,106.9,ROLLING,4.8,47.5,RAINY,21.5,14.3,1928.0,1750.0,10.9,0.208,35.4,1792.0,25.3,41.7
TH00022,,BACKHOE_LOADER,BL-220GC,Trenching,EXPERT,20.5,ROCK_FILL,2.2,46.0,UNEVEN,0.0,30.7,RAINY,18.4,9.9,1215.0,2002.0,3.0,0.171,24.2,1784.0,23.4,32.4
TH00023,,EXCAVATOR,EX-226D2,Trenching,EXPERT,15.9,GRAVEL,1.8,230.2,MOUNTAINOUS,14.0,3.0,WINDY,30.5,0.0,3910.0,1420.0,1.1,0.146,68.6,2090.0,116.2,164.0
TH00024,,EXCAVATOR,EX-950D2,Demolition,BEGINNER,1.5,CLAY,1.6,171.2,HILLY,13.3,13.5,SUNNY,26.4,0.0,6621.0,2953.0,3.2,0.248,81.1,1596.0,85.6,101.9
TH00025,,WHEEL_LOADER,WL-390D2,Material Loading,INTERMEDIATE,7.0,CRUSHED_STONE,1.7,1835.0,ROLLING,7.7,4.2,SUNNY,24.5,0.0,9072.0,2990.0,14.3,0.172,45.8,1373.0,442.9,492.1
TH00026,,EXCAVATOR,EX-336XE,Trenching,EXPERT,23.6,ASPHALT_MILLINGS,1.4,274.8,UNEVEN,6.8,5.2,CLOUDY,48.0,0.0,5984.0,249.0,4.7,0.181,74.3,1635.0,136.6,149.4
TH00027,,COMPACTOR,CP-950,Soil Compaction,EXPERT,19.9,CLAY,1.6,5871.1,ROLLING,1.8,3.0,CLOUDY,21.9,0.0,3850.0,1449.0,3.4,0.142,72.1,1810.0,183.8,207.9
TH00028,,WHEEL_LOADER,WL-336,Material Stockpiling,INTERMEDIATE,7.1,ASPHALT_MILLINGS,1.4,269.9,ROLLING,12.5,11.4,SUNNY,32.8,0.0,9961.0,3390.0,7.7,0.152,53.3,1503.0,55.4,127.6
TH00029,T00029,DOZER,DZ-986GC,Material Stockpiling,EXPERT,23.6,GRAVEL,1.8,2066.7,FLAT,0.7,7.7,SUNNY,34.0,0.0,4849.0,1060.0,12.0,0.163,23.2,1658.0,385.7,516.8
TH00030,,ARTICULATED_HAULER,AH-226D,Grading,INTERMEDIATE,7.6,SAND,1.5,3079.4,ROLLING,10.2,17.6,SUNNY,21.7,0.0,9519.0,950.0,2.4,0.197,8.7,1431.0,253.2,318.3
TH00031,,WHEEL_LOADER,WL-390D2,Trenching,INTERMEDIATE,4.4,ASPHALT_MILLINGS,1.4,268.9,ROLLING,4.6,7.9,CLOUDY,21.3,0.0,3439.0,2934.0,14.3,0.264,72.8,1945.0,270.9,358.3
TH00032,,ARTICULATED_HAULER,AH-226D,Hauling,INTERMEDIATE,7.0,ASPHALT_MILLINGS,1.4,627.2,ROLLING,6.8,13.3,SUNNY,23.5,0.0,5295.0,371.0,2.4,0.209,,1124.0,211.7,281.5
TH00033,T00033,WHEEL_LOADER,WL-390,Material Loading,INTERMEDIATE,6.7,GRAVEL,1.8,2139.3,UNEVEN,0.2,11.3,CLOUDY,17.4,0.0,8186.0,822.0,9.6,0.114,51.8,1311.0,486.5,675.0
TH00034,,DOZER,DZ-972,Soil Compaction,INTERMEDIATE,4.4,GRAVEL,1.8,2178.5,UNEVEN,3.0,9.6,SUNNY,35.2,0.0,9633.0,2333.0,2.3,0.235,8.0,1114.0,145.4,167.2
TH00035,,ARTICULATED_HAULER,AH-336,Hauling,BEGINNER,1.6,ASPHALT_MILLINGS,1.4,1502.3,UNEVEN,7.4,27.2,RAINY,24.6,5.3,678.0,185.0,8.5,0.226,43.3,2208.0,665.7,1226.0
TH00036,,MOTOR_GRADER,MG-986D2,Grading,INTERMEDIATE,5.0,SAND,1.5,831.1,HILLY,10.9,19.7,SUNNY,16.0,0.0,9975.0,310.0,11.1,0.01,83.9,1286.0,38.0,38.8
TH00037,,DOZER,DZ-349D,Road Preparation,INTERMEDIATE,5.0,ASPHALT_MILLINGS,1.4,1015.3,ROLLING,7.6,7.4,CLOUDY,21.7,0.0,4254.0,2471.0,10.1,0.101,41.6,1741.0,72.8,68.4
TH00038,,ARTICULATED_HAULER,AH-336,Hauling,BEGINNER,2.3,ROCK_FILL,2.2,741.9,UNEVEN,0.0,14.5,SUNNY,25.3,0.0,,1414.0,8.5,0.171,50.1,1740.0,334.1,519.3
TH00039,T00039,EXCAVATOR,EX-140GC,Trenching,EXPERT,20.5,ROCK_FILL,2.2,239.6,UNEVEN,0.0,17.6,SUNNY,19.2,0.0,5827.0,195.0,5.6,0.116,68.1,1368.0,119.9,112.7
TH00040,,WHEEL_LOADER,WL-336,Material Stockpiling,INTERMEDIATE,6.3,CRUSHED_STONE,1.7,637.0,ROLLING,8.0,5.8,SUNNY,22.9,0.0,7308.0,1724.0,7.7,0.167,43.0,1804.0,138.8,220.9
TH00041,T00041,MOTOR_GRADER,MG-220D2,Grading,EXPERT,14.9,SAND,1.5,2667.7,UNEVEN,0.8,36.4,RAINY,29.2,13.9,1433.0,256.0,1.2,0.025,69.8,1267.0,106.6,129.7
TH00042,,WHEEL_LOADER,WL-390,Material Stockpiling,EXPERT,17.3,CLAY,1.6,1450.6,UNEVEN,4.4,3.0,CLOUDY,28.2,0.0,8747.0,1105.0,9.6,0.166,73.3,1530.0,262.0,340.9
TH00043,,DOZER,DZ-950D,Earth Excavation,INTERMEDIATE,7.0,SAND,1.5,997.5,MOUNTAINOUS,15.4,11.1,SUNNY,19.0,0.0,7459.0,1997.0,1.6,0.191,,1318.0,507.2,624.0
TH00044,T00044,EXCAVATOR,EX-320GC,Grading,BEGINNER,0.8,GRAVEL,1.8,3149.8,MOUNTAINOUS,11.8,5.8,SUNNY,28.2,0.0,6182.0,2301.0,5.3,0.179,54.5,1493.0,335.9,429.6
TH00045,T00045,COMPACTOR,CP-986D2,Road Preparation,EXPERT,11.3,CRUSHED_STONE,1.7,3990.7,ROLLING,6.7,3.0,SUNNY,22.8,0.0,8767.0,685.0,8.3,0.1,71.2,1789.0,241.9,282.3
TH00046,,ARTICULATED_HAULER,AH-140D2,Road Preparation,BEGINNER,2.3,TOPSOIL,1.3,2512.4,ROLLING,0.0,19.1,SUNNY,33.8,0.0,6806.0,2215.0,7.4,0.117,27.3,1764.0,374.8,353.1
TH00047,T00047,MOTOR_GRADER,MG-220D2,Road Preparation,INTERMEDIATE,5.1,GRAVEL,1.8,1834.5,UNEVEN,0.8,9.7,SUNNY,28.7,0.0,9873.0,80.0,1.2,0.158,28.8,1925.0,136.2,160.5
TH00048,,ARTICULATED_HAULER,AH-120D2,Hauling,EXPERT,12.7,CLAY,1.6,2472.1,UNEVEN,1.8,6.4,SUNNY,30.4,0.0,5941.0,547.0,2.8,0.063,61.2,1518.0,721.4,694.1
TH00049,T00049,WHEEL_LOADER,WL-972XE,Hauling,BEGINNER,1.4,SAND,1.5,115.4,FLAT,0.7,13.1,CLOUDY,28.6,0.0,6371.0,132.0,14.4,0.237,72.1,953.0,112.2,137.1
TH00050,T00050,DOZER,DZ-950D,Demolition,INTERMEDIATE,5.1,ASPHALT_MILLINGS,1.4,757.8,MOUNTAINOUS,11.8,17.5,CLOUDY,20.4,0.0,7756.0,773.0,1.6,0.158,44.6,1532.0,291.5,373.4
TH00051,,DOZER,DZ-972,Material Stockpiling,EXPERT,12.7,ASPHALT_MILLINGS,1.4,296.0,UNEVEN,0.0,3.7,WINDY,35.1,0.0,8308.0,643.0,2.3,0.024,86.3,1346.0,52.9,44.7
TH00052,T00052,EXCAVATOR,EX-220XE,Trenching,INTERMEDIATE,5.5,CRUSHED_STONE,1.7,526.3,ROLLING,5.5,11.3,SUNNY,29.3,0.0,6128.0,1529.0,10.9,0.019,86.8,1747.0,303.3,290.4
TH00053,T00053,DOZER,DZ-950D,Grading,BEGINNER,0.5,CRUSHED_STONE,1.7,3198.0,MOUNTAINOUS,11.8,13.6,SUNNY,26.9,0.0,8727.0,183.0,1.6,0.305,37.2,1473.0,395.0,476.2
TH00054,,MOTOR_GRADER,MG-220D2,Grading,INTERMEDIATE,7.1,SAND,1.5,5365.1,UNEVEN,0.0,3.0,WINDY,14.8,0.0,6157.0,853.0,1.2,0.168,40.3,1259.0,249.0,283.7
TH00055,T00055,BACKHOE_LOADER,BL-986GC,Trenching,BEGINNER,1.8,SAND,1.5,301.9,ROLLING,8.1,6.9,CLOUDY,20.1,0.0,8322.0,2793.0,10.6,0.323,57.5,2215.0,231.2,273.5
TH00056,,EXCAVATOR,EX-220XE,Demolition,INTERMEDIATE,5.5,CLAY,1.6,95.4,ROLLING,2.0,42.0,RAINY,20.4,13.6,1281.0,2531.0,10.9,0.064,62.6,1841.0,37.6,56.7
TH00057,T00057,EXCAVATOR,EX-320GC,Demolition,INTERMEDIATE,4.4,ASPHALT_MILLINGS,1.4,1158.4,MOUNTAINOUS,11.8,19.1,WINDY,28.6,0.0,5572.0,123.0,5.3,0.166,52.9,1466.0,482.1,520.2
TH00058,,EXCAVATOR,EX-972,Material Loading,INTERMEDIATE,6.4,TOPSOIL,1.3,1394.5,UNEVEN,0.0,16.3,SUNNY,20.4,0.0,9173.0,1660.0,7.8,0.082,27.6,1165.0,327.8,302.4
TH00059,,MOTOR_GRADER,MG-220D2,Trenching,EXPERT,14.9,ASPHALT_MILLINGS,1.4,533.2,UNEVEN,0.0,53.3,STORM,25.8,22.3,172.0,2304.0,1.2,0.069,45.9,1504.0,539.9,1327.8
TH00060,,WHEEL_LOADER,WL-390,Material Loading,EXPERT,19.9,TOPSOIL,1.3,2069.2,UNEVEN,3.0,15.7,CLOUDY,26.0,0.0,8783.0,2134.0,9.6,0.082,61.9,1799.0,407.4,485.8
TH00061,T00061,BACKHOE_LOADER,BL-220GC,Trenching,INTERMEDIATE,5.8,TOPSOIL,1.3,585.3,UNEVEN,0.0,11.8,SUNNY,26.5,0.0,7958.0,1759.0,3.0,0.129,33.3,1696.0,341.0,270.9
TH00062,T00062,EXCAVATOR,EX-972,Earth Excavation,INTERMEDIATE,7.1,CRUSHED_STONE,1.7,495.0,UNEVEN,0.2,17.9,CLOUDY,30.7,0.0,7609.0,756.0,7.8,0.141,73.2,1578.0,142.9,154.0
TH00063,,WHEEL_LOADER,WL-336,Earth Excavation,INTERMEDIATE,7.6,ROCK_FILL,2.2,1214.4,ROLLING,7.6,36.2,RAINY,25.9,5.3,1743.0,1667.0,7.7,0.065,68.0,1637.0,592.4,896.7
TH00064,,EXCAVATOR,EX-140GC,Soil Compaction,INTERMEDIATE,7.6,ROCK_FILL,2.2,2438.0,UNEVEN,0.0,32.1,SUNNY,14.3,0.0,6447.0,2754.0,5.6,0.037,25.6,2400.0,204.7,202.0
TH00065,,WHEEL_LOADER,WL-140XE,Material Stockpiling,BEGINNER,0.6,ROCK_FILL,2.2,1982.8,UNEVEN,2.9,5.0,SUNNY,,0.0,6834.0,992.0,8.1,0.277,78.1,1594.0,546.7,762.8
TH00066,,ARTICULATED_HAULER,AH-120D2,Material Loading,INTERMEDIATE,4.6,TOPSOIL,1.3,188.4,UNEVEN,1.4,17.1,SUNNY,16.3,0.0,5574.0,2144.0,2.8,0.195,,2035.0,71.8,74.2
TH00067,,ARTICULATED_HAULER,AH-140D2,Grading,INTERMEDIATE,2.1,ASPHALT_MILLINGS,1.4,1871.4,ROLLING,5.4,8.3,FOG,27.0,0.5,263.0,221.0,7.4,0.131,63.0,1852.0,188.9,355.2
TH00068,,BACKHOE_LOADER,BL-986D,Soil Compaction,INTERMEDIATE,6.8,ROCK_FILL,2.2,2417.6,FLAT,5.5,61.8,STORM,15.7,26.6,168.0,2480.0,12.0,0.068,26.9,1653.0,140.5,436.3
TH00069,T00069,WHEEL_LOADER,WL-972XE,Earth Excavation,INTERMEDIATE,3.9,ROCK_FILL,2.2,1395.5,FLAT,0.7,33.5,RAINY,28.6,8.6,624.0,828.0,14.4,0.124,58.2,1903.0,682.1,1121.9
TH00070,,EXCAVATOR,EX-140GC,Material Loading,BEGINNER,1.6,ROCK_FILL,2.2,851.7,UNEVEN,0.0,3.3,CLOUDY,21.0,0.0,3727.0,1328.0,5.6,0.192,52.0,1823.0,264.3,300.1
TH00071,,WHEEL_LOADER,WL-390D2,Material Stockpiling,INTERMEDIATE,5.1,ROCK_FILL,2.2,1745.7,ROLLING,10.9,15.1,SUNNY,26.2,0.0,5440.0,623.0,14.3,0.182,51.1,2225.0,371.2,484.4
TH00072,,EXCAVATOR,EX-320GC,Trenching,BEGINNER,0.5,SAND,1.5,541.2,MOUNTAINOUS,8.3,9.1,SUNNY,23.5,0.0,7135.0,2038.0,5.3,0.193,57.6,1144.0,417.2,494.3
TH00073,T00073,EXCAVATOR,EX-140GC,Demolition,INTERMEDIATE,6.7,ASPHALT_MILLINGS,1.4,340.6,UNEVEN,0.0,4.4,SUNNY,28.4,0.0,7819.0,1694.0,5.6,0.114,34.9,1478.0,137.9,113.9
TH00074,,BACKHOE_LOADER,BL-220GC,Demolition,INTERMEDIATE,2.6,TOPSOIL,1.3,260.2,UNEVEN,0.0,13.8,CLOUDY,25.9,0.0,8413.0,1506.0,3.0,0.161,97.9,1810.0,183.2,180.7
TH00075,,ARTICULATED_HAULER,AH-349D,Hauling,INTERMEDIATE,2.7,GRAVEL,1.8,884.5,ROLLING,13.0,41.2,RAINY,28.6,8.1,929.0,3120.0,0.8,0.108,8.0,1295.0,331.0,898.8
TH00076,,DOZER,DZ-160GC,Material Stockpiling,INTERMEDIATE,7.1,CLAY,1.6,1940.4,MOUNTAINOUS,19.7,5.8,SUNNY,30.6,0.0,7072.0,2521.0,14.4,0.16,48.8,1882.0,396.2,885.2
TH00077,T00077,BACKHOE_LOADER,BL-986GC,Earth Excavation,EXPERT,18.2,GRAVEL,1.8,1207.3,ROLLING,8.1,12.7,WINDY,20.5,0.0,5752.0,3041.0,10.6,0.227,84.8,1746.0,648.5,829.8
TH00078,,BACKHOE_LOADER,BL-220GC,Trenching,BEGINNER,2.3,GRAVEL,1.8,258.1,UNEVEN,0.0,9.7,RAINY,24.9,3.6,1277.0,677.0,3.0,0.284,49.3,1617.0,187.7,355.5
TH00079,,BACKHOE_LOADER,BL-986GC,Trenching,BEGINNER,1.5,ROCK_FILL,2.2,592.1,MOUNTAINOUS,13.4,8.4,SUNNY,22.2,0.0,7971.0,1441.0,7.3,0.232,54.8,1266.0,460.0,707.0
TH00080,T00080,DOZER,DZ-972,Material Stockpiling,INTERMEDIATE,7.6,SAND,1.5,437.5,UNEVEN,0.8,90.7,STORM,32.6,32.4,314.0,1285.0,2.3,0.144,61.8,2400.0,89.3,382.7
TH00081,T00081,MOTOR_GRADER,MG-986D2,Demolition,INTERMEDIATE,4.6,GRAVEL,1.8,216.3,HILLY,12.2,16.0,WINDY,30.7,0.0,3042.0,381.0,11.1,0.178,73.7,2024.0,134.1,197.0
TH00082,,ARTICULATED_HAULER,AH-120D2,Hauling,INTERMEDIATE,6.8,TOPSOIL,1.3,1537.2,UNEVEN,1.2,16.4,FOG,22.1,0.5,,1925.0,2.8,0.048,93.0,2000.0,518.8,919.9
TH00083,,DOZER,DZ-950D,Road Preparation,EXPERT,14.9,ROCK_FILL,2.2,3356.8,MOUNTAINOUS,13.1,3.0,CLOUDY,24.5,0.0,3477.0,3149.0,1.6,0.058,36.1,1464.0,200.7,233.7
TH00084,T00084,MOTOR_GRADER,MG-220D2,Road Preparation,INTERMEDIATE,6.8,GRAVEL,1.8,3708.0,UNEVEN,0.8,16.5,SUNNY,20.7,0.0,7525.0,1257.0,1.2,0.036,59.5,1823.0,265.4,248.3
TH00085,,ARTICULATED_HAULER,AH-336,Hauling,INTERMEDIATE,3.6,GRAVEL,1.8,420.8,UNEVEN,7.0,11.1,SUNNY,25.4,0.0,5131.0,964.0,8.5,0.166,49.5,1430.0,151.5,179.4
TH00086,T00086,ARTICULATED_HAULER,AH-226D,Hauling,INTERMEDIATE,5.1,ROCK_FILL,2.2,142.6,ROLLING,8.1,11.0,CLOUDY,25.4,0.0,6006.0,474.0,2.4,0.061,35.1,1897.0,49.1,50.9
TH00087,,WHEEL_LOADER,WL-390D2,Material Loading,INTERMEDIATE,3.0,GRAVEL,1.8,2145.6,ROLLING,10.1,24.4,RAINY,24.4,10.1,1780.0,689.0,14.3,0.059,59.3,1559.0,547.4,847.6
TH00088,,MOTOR_GRADER,MG-160D,Earth Excavation,BEGINNER,0.8,CLAY,1.6,1068.7,UNEVEN,0.7,3.0,FOG,23.0,0.1,99.0,491.0,7.7,0.203,48.4,1301.0,818.4,1325.9
TH00089,,MOTOR_GRADER,MG-160D,Road Preparation,EXPERT,12.7,TOPSOIL,1.3,2806.6,UNEVEN,3.4,7.7,SUNNY,14.9,0.0,7894.0,1081.0,7.7,0.04,57.4,860.0,172.0,167.5
TH00090,,EXCAVATOR,EX-390D2,Material Loading,EXPERT,20.5,CLAY,1.6,2446.3,FLAT,3.1,15.5,CLOUDY,19.3,0.0,3819.0,2787.0,14.3,0.065,30.3,1700.0,499.5,538.4
TH00091,,WHEEL_LOADER,WL-972XE,Material Loading,EXPERT,17.3,CRUSHED_STONE,1.7,381.9,FLAT,7.8,3.0,SUNNY,26.5,0.0,6684.0,1138.0,14.4,0.254,35.4,1479.0,80.0,97.4
TH00092,,DOZER,DZ-950D,Material Stockpiling,INTERMEDIATE,7.0,SAND,1.5,382.9,MOUNTAINOUS,11.4,19.9,SUNNY,18.4,0.0,6155.0,96.0,1.6,0.166,31.2,1453.0,83.1,87.9
TH00093,T00093,ARTICULATED_HAULER,AH-349D,Hauling,INTERMEDIATE,2.1,CRUSHED_STONE,1.7,1165.0,ROLLING,8.1,18.1,RAINY,17.1,2.6,1892.0,2736.0,0.8,0.127,40.7,1834.0,432.0,934.5
TH00094,,EXCAVATOR,EX-226XE,Demolition,INTERMEDIATE,3.9,ASPHALT_MILLINGS,1.4,1393.3,FLAT,1.7,23.4,RAINY,19.1,2.4,1751.0,1415.0,13.8,0.055,47.0,1452.0,558.0,920.3
TH00095,T00095,DOZER,DZ-986D2,Material Stockpiling,INTERMEDIATE,7.1,ROCK_FILL,2.2,944.8,FLAT,2.7,11.7,WINDY,25.3,0.0,3078.0,1319.0,13.6,0.206,40.3,1846.0,202.2,316.1
TH00096,T00096,WHEEL_LOADER,WL-972XE,Material Stockpiling,INTERMEDIATE,3.9,GRAVEL,1.8,1717.5,FLAT,0.7,4.3,SUNNY,30.0,0.0,4949.0,2707.0,14.4,0.146,71.2,1739.0,371.4,597.6
TH00097,T00097,DOZER,DZ-349D,Material Stockpiling,INTERMEDIATE,5.5,CLAY,1.6,2166.7,ROLLING,6.7,11.3,CLOUDY,34.4,0.0,7987.0,838.0,10.1,0.125,63.1,1462.0,454.8,567.8
TH00098,T00098,DOZER,DZ-972,Demolition,INTERMEDIATE,6.8,TOPSOIL,1.3,1075.4,UNEVEN,0.8,14.9,CLOUDY,30.8,0.0,5895.0,716.0,2.3,0.043,87.1,2043.0,416.7,405.1
TH00099,T00099,WHEEL_LOADER,WL-390D2,Material Loading,EXPERT,23.6,ROCK_FILL,2.2,800.3,ROLLING,8.1,17.0,RAINY,29.4,2.7,1744.0,3253.0,14.3,0.181,35.3,1684.0,166.0,271.2
TH00100,T00100,EXCAVATOR,EX-972XE,Trenching,BEGINNER,0.8,ASPHALT_MILLINGS,1.4,164.7,FLAT,0.4,30.0,RAINY,26.9,10.1,923.0,3295.0,3.7,0.188,48.6,1442.0,123.1,214.2
TH00101,,COMPACTOR,CP-972D2,Soil Compaction,EXPERT,7.3,ASPHALT_MILLINGS,1.4,2813.8,MOUNTAINOUS,25.2,20.1,RAINY,23.5,6.4,1770.0,3214.0,4.2,0.053,31.5,1905.0,84.1,147.2
TH00102,,DOZER,DZ-349D,Material Stockpiling,INTERMEDIATE,6.8,GRAVEL,1.8,1208.9,ROLLING,9.7,36.8,SUNNY,13.2,0.0,5561.0,1425.0,10.1,0.067,62.1,1572.0,258.8,330.0
TH00103,,EXCAVATOR,EX-336XE,Material Stockpiling,BEGINNER,2.3,GRAVEL,1.8,1571.5,UNEVEN,5.1,16.7,FOG,,0.2,59.0,946.0,4.7,0.274,51.8,1711.0,939.2,2163.2
TH00104,T00104,EXCAVATOR,EX-950D2,Soil Compaction,BEGINNER,2.0,SAND,1.5,5277.2,HILLY,12.2,14.0,SUNNY,16.0,0.0,7224.0,773.0,3.2,0.201,28.2,1782.0,433.2,524.5
TH00105,,WHEEL_LOADER,WL-390D2,Material Stockpiling,INTERMEDIATE,3.9,SAND,1.5,1976.9,ROLLING,11.3,32.4,RAINY,22.9,12.9,1487.0,2064.0,14.3,0.137,81.7,2086.0,438.0,1042.0
TH00106,,EXCAVATOR,EX-320GC,Demolition,INTERMEDIATE,3.6,ASPHALT_MILLINGS,1.4,1089.1,MOUNTAINOUS,7.9,14.3,WINDY,13.9,0.0,6319.0,3029.0,5.3,0.226,69.2,1587.0,450.2,612.8
TH00107,T00107,WHEEL_LOADER,WL-336,Material Loading,BEGINNER,0.6,ASPHALT_MILLINGS,1.4,2040.1,ROLLING,8.1,12.7,CLOUDY,23.5,0.0,,1004.0,7.7,0.3,53.9,1706.0,622.4,836.9
TH00108,T00108,DOZER,DZ-972,Material Loading,INTERMEDIATE,4.4,CLAY,1.6,396.1,UNEVEN,0.8,14.9,WINDY,11.8,0.0,4353.0,1066.0,2.3,0.23,37.4,1745.0,181.1,183.3
TH00109,,WHEEL_LOADER,WL-336,Material Stockpiling,INTERMEDIATE,6.7,CLAY,1.6,1363.3,ROLLING,8.3,3.0,WINDY,14.3,0.0,4998.0,3290.0,7.7,0.068,59.4,1586.0,296.0,609.1
TH00110,T00110,WHEEL_LOADER,WL-390,Material Loading,INTERMEDIATE,5.0,TOPSOIL,1.3,1401.3,UNEVEN,0.2,6.6,SUNNY,22.5,0.0,6108.0,2548.0,9.6,0.049,32.1,1627.0,325.1,295.4
TH00111,,EXCAVATOR,EX-390D2,Demolition,BEGINNER,1.5,CLAY,1.6,647.7,FLAT,5.9,5.9,SUNNY,26.1,0.0,8194.0,921.0,14.3,0.23,41.5,1122.0,324.7,483.2
TH00112,T00112,DOZER,DZ-160GC,Soil Compaction,BEGINNER,0.5,CRUSHED_STONE,1.7,4410.4,MOUNTAINOUS,18.7,9.2,SUNNY,17.1,0.0,6138.0,2393.0,14.4,0.181,61.8,1299.0,389.8,538.9
TH00113,,DOZER,DZ-986D2,Hauling,EXPERT,18.2,TOPSOIL,1.3,775.2,FLAT,3.0,13.5,RAINY,19.9,4.6,,358.0,13.6,0.091,34.2,1787.0,458.3,721.0
TH00114,T00114,EXCAVATOR,EX-226D2,Material Loading,EXPERT,20.5,CRUSHED_STONE,1.7,2245.3,MOUNTAINOUS,18.7,12.4,SUNNY,23.0,0.0,8290.0,821.0,1.1,0.114,76.3,1280.0,465.1,625.0
TH00115,T00115,EXCAVATOR,EX-226XE,Earth Excavation,INTERMEDIATE,3.9,CRUSHED_STONE,1.7,407.4,FLAT,0.4,3.6,SUNNY,26.4,0.0,9873.0,2724.0,13.8,0.085,48.0,1624.0,121.4,111.0
TH00116,,WHEEL_LOADER,WL-390D2,Material Loading,INTERMEDIATE,6.8,TOPSOIL,1.3,106.3,ROLLING,7.5,23.0,SUNNY,20.9,0.0,9864.0,1236.0,14.3,0.022,51.1,1571.0,25.7,24.6
TH00117,T00117,BACKHOE_LOADER,BL-390D2,Material Loading,INTERMEDIATE,5.5,CLAY,1.6,2039.8,UNEVEN,2.8,13.3,FOG,27.7,0.4,85.0,2413.0,4.2,0.137,67.3,2243.0,775.5,1373.9
TH00118,,WHEEL_LOADER,WL-390,Grading,INTERMEDIATE,6.4,ASPHALT_MILLINGS,1.4,5988.3,UNEVEN,0.0,34.7,RAINY,26.1,13.2,1533.0,132.0,9.6,0.236,52.6,1551.0,445.7,633.2
TH00119,,DOZER,DZ-972,Material Stockpiling,BEGINNER,0.6,CLAY,1.6,206.4,UNEVEN,0.0,40.5,RAINY,25.2,13.4,717.0,637.0,2.3,0.275,51.5,1436.0,58.4,116.7
TH00120,,BACKHOE_LOADER,BL-986D,Material Loading,INTERMEDIATE,7.1,GRAVEL,1.8,176.7,FLAT,0.0,29.8,RAINY,27.0,12.1,1865.0,2519.0,12.0,0.134,44.8,2195.0,67.9,99.0
TH00121,,DOZER,DZ-349D,Road Preparation,BEGINNER,1.4,CRUSHED_STONE,1.7,5666.2,ROLLING,9.5,11.9,CLOUDY,18.4,0.0,4798.0,3477.0,10.1,0.271,40.5,1548.0,540.3,646.9
TH00122,,MOTOR_GRADER,MG-390D2,Road Preparation,INTERMEDIATE,2.7,SAND,1.5,2486.0,FLAT,2.2,9.7,CLOUDY,23.4,0.0,6358.0,1144.0,8.3,0.096,66.8,1590.0,187.1,203.7
TH00123,T00123,BACKHOE_LOADER,BL-986GC,Trenching,BEGINNER,1.4,ASPHALT_MILLINGS,1.4,541.8,ROLLING,8.1,10.6,WINDY,25.8,0.0,5820.0,314.0,10.6,0.162,37.2,1489.0,426.5,551.6
TH00124,,MOTOR_GRADER,MG-986D2,Road Preparation,BEGINNER,0.6,TOPSOIL,1.3,1282.8,HILLY,19.0,20.8,RAINY,30.0,13.9,1625.0,1887.0,11.1,0.211,83.8,1218.0,127.4,250.1
TH00125,,DOZER,DZ-972,Road Preparation,INTERMEDIATE,2.7,CLAY,1.6,1304.0,UNEVEN,0.0,3.0,SUNNY,13.7,0.0,9294.0,1116.0,2.3,0.169,38.5,1625.0,100.7,87.6
TH00126,,WHEEL_LOADER,WL-140XE,Material Loading,INTERMEDIATE,6.8,GRAVEL,1.8,2356.4,UNEVEN,0.0,3.8,CLOUDY,15.5,0.0,6929.0,2099.0,8.1,0.01,56.4,1556.0,564.6,548.6
TH00127,,BACKHOE_LOADER,BL-986GC,Trenching,INTERMEDIATE,6.7,CRUSHED_STONE,1.7,331.3,MOUNTAINOUS,12.2,32.0,RAINY,27.1,9.1,1827.0,1791.0,7.3,0.107,36.8,1634.0,187.3,305.0
TH00128,,BACKHOE_LOADER,BL-986D,Trenching,BEGINNER,0.5,TOPSOIL,1.3,338.5,FLAT,4.7,37.5,RAINY,29.8,12.2,387.0,3212.0,12.0,0.13,63.1,1373.0,270.0,457.1
TH00129,T00129,EXCAVATOR,EX-226D2,Trenching,EXPERT,11.3,ROCK_FILL,2.2,286.0,MOUNTAINOUS,18.7,15.1,FOG,30.0,0.2,96.0,113.0,1.1,0.137,62.5,1779.0,140.2,300.2
TH00130,,EXCAVATOR,EX-220XE,Trenching,BEGINNER,1.5,ROCK_FILL,2.2,259.2,ROLLING,6.0,7.8,CLOUDY,20.6,0.0,6073.0,1121.0,10.9,0.155,51.0,1381.0,198.3,265.1
TH00131,,WHEEL_LOADER,WL-336,Material Stockpiling,EXPERT,12.7,ROCK_FILL,2.2,421.8,ROLLING,11.9,20.6,RAINY,9.9,2.8,1766.0,1561.0,7.7,0.047,70.9,1488.0,75.8,139.8
TH00132,,DOZER,DZ-160GC,Material Stockpiling,EXPERT,22.8,GRAVEL,1.8,337.5,MOUNTAINOUS,16.7,20.1,SUNNY,28.0,0.0,8625.0,97.0,14.4,0.079,85.1,1518.0,63.2,80.0
TH00133,,WHEEL_LOADER,WL-986,Material Stockpiling,BEGINNER,0.5,SAND,1.5,457.7,MOUNTAINOUS,14.6,13.9,SUNNY,34.8,0.0,9563.0,3418.0,11.8,0.2,81.5,1543.0,128.2,264.2
TH00134,T00134,ARTICULATED_HAULER,AH-120D2,Trenching,INTERMEDIATE,5.1,ROCK_FILL,2.2,271.3,UNEVEN,2.8,18.3,SUNNY,30.6,0.0,8606.0,882.0,2.8,0.146,49.6,1487.0,318.0,334.0
TH00135,T00135,ARTICULATED_HAULER,AH-336,Hauling,EXPERT,15.9,TOPSOIL,1.3,1118.6,UNEVEN,0.8,10.8,SUNNY,25.8,0.0,9785.0,923.0,8.5,0.108,60.0,1567.0,334.9,373.2
TH00136,T00136,DOZER,DZ-349D,Road Preparation,INTERMEDIATE,7.7,CRUSHED_STONE,1.7,535.3,ROLLING,6.7,32.3,RAINY,18.8,10.6,1664.0,1897.0,10.1,0.19,71.4,1824.0,37.9,69.1
TH00137,,COMPACTOR,CP-950,Road Preparation,BEGINNER,1.8,ROCK_FILL,2.2,2098.4,ROLLING,4.3,21.1,CLOUDY,24.1,0.0,6839.0,362.0,3.4,0.222,10.7,2044.0,188.2,199.9
TH00138,T00138,ARTICULATED_HAULER,AH-336,Road Preparation,INTERMEDIATE,7.6,ROCK_FILL,2.2,3970.5,UNEVEN,0.8,20.7,CLOUDY,16.4,0.0,5308.0,3122.0,8.5,0.145,58.3,1407.0,618.5,727.7
TH00139,,MOTOR_GRADER,MG-986D2,Grading,INTERMEDIATE,4.6,ROCK_FILL,2.2,5116.4,HILLY,12.3,11.7,SUNNY,32.5,0.0,5917.0,641.0,11.1,0.169,78.1,1180.0,246.5,298.6
TH00140,T00140,WHEEL_LOADER,WL-986,Material Loading,INTERMEDIATE,2.7,CLAY,1.6,128.2,MOUNTAINOUS,18.7,13.7,CLOUDY,38.2,0.0,5163.0,1962.0,11.8,0.138,80.4,1763.0,32.4,47.0
TH00141,T00141,DOZER,DZ-349D,Earth Excavation,INTERMEDIATE,6.4,ASPHALT_MILLINGS,1.4,1296.1,ROLLING,6.7,13.0,SUNNY,22.1,0.0,7475.0,1002.0,10.1,0.067,53.5,1716.0,599.5,622.2
TH00142,T00142,EXCAVATOR,EX-390D2,Material Stockpiling,INTERMEDIATE,2.1,ROCK_FILL,2.2,383.4,FLAT,3.0,17.1,CLOUDY,34.2,0.0,6870.0,108.0,14.3,0.129,72.9,1624.0,130.9,139.9
TH00143,,COMPACTOR,CP-986D2,Material Stockpiling,INTERMEDIATE,2.7,ROCK_FILL,2.2,1877.1,ROLLING,9.2,16.7,SUNNY,18.8,0.0,7998.0,3115.0,8.3,0.128,51.3,1668.0,784.9,1612.3
TH00144,T00144,COMPACTOR,CP-950,Soil Compaction,BEGINNER,2.0,CRUSHED_STONE,1.7,4182.5,ROLLING,5.5,25.9,RAINY,26.8,10.1,1181.0,1066.0,3.4,0.156,48.8,1642.0,200.2,280.8
TH00145,,BACKHOE_LOADER,BL-390,Trenching,BEGINNER,1.5,ROCK_FILL,2.2,413.2,FLAT,1.8,3.0,SUNNY,20.0,0.0,5774.0,1327.0,10.5,0.306,71.9,1360.0,302.1,420.5
TH00146,,WHEEL_LOADER,WL-390D2,Material Loading,BEGINNER,1.8,ASPHALT_MILLINGS,1.4,875.6,ROLLING,7.0,7.5,CLOUDY,11.4,0.0,7018.0,3125.0,14.3,0.319,52.1,2171.0,259.1,415.3
TH00147,,COMPACTOR,CP-986D2,Soil Compaction,INTERMEDIATE,6.8,ROCK_FILL,2.2,4354.3,ROLLING,5.9,25.0,RAINY,34.7,4.2,1200.0,376.0,8.3,0.042,45.9,1681.0,156.3,246.2
TH00148,T00148,BACKHOE_LOADER,BL-220GC,Trenching,INTERMEDIATE,3.9,TOPSOIL,1.3,307.8,UNEVEN,0.0,16.6,SUNNY,15.4,0.0,9243.0,90.0,3.0,0.13,27.6,1617.0,181.3,161.3
TH00149,,DOZER,DZ-972,Material Stockpiling,EXPERT,14.9,TOPSOIL,1.3,1865.5,UNEVEN,1.6,19.2,SUNNY,31.5,0.0,8622.0,969.0,2.3,0.084,,1468.0,347.8,341.7
TH00150,,WHEEL_LOADER,WL-986,Demolition,INTERMEDIATE,7.7,TOPSOIL,1.3,341.6,MOUNTAINOUS,16.7,8.3,RAINY,15.1,1.6,558.0,2457.0,11.8,0.026,67.9,1731.0,281.8,534.7
TH00151,,MOTOR_GRADER,MG-336GC,Grading,EXPERT,7.3,TOPSOIL,1.3,4091.5,FLAT,3.7,17.3,WINDY,22.5,0.0,8210.0,1440.0,10.0,0.01,100.0,2307.0,166.5,184.3
TH00152,,COMPACTOR,CP-986D2,Road Preparation,EXPERT,23.6,GRAVEL,1.8,4081.1,ROLLING,9.1,29.0,RAINY,20.5,4.1,1719.0,3433.0,8.3,0.118,44.1,1589.0,244.4,347.7
TH00153,T00153,DOZER,DZ-349D,Road Preparation,INTERMEDIATE,6.4,CRUSHED_STONE,1.7,2146.0,ROLLING,6.7,23.0,FOG,19.8,0.5,300.0,1001.0,10.1,0.126,35.5,1566.0,159.9,253.8
TH00154,,EXCAVATOR,EX-950D2,Earth Excavation,BEGINNER,0.8,SAND,1.5,640.0,HILLY,11.2,16.5,SUNNY,27.1,0.0,7065.0,545.0,3.2,0.226,50.9,1425.0,245.6,284.5
TH00155,T00155,COMPACTOR,CP-986D2,Soil Compaction,BEGINNER,2.3,ROCK_FILL,2.2,3662.4,ROLLING,6.7,8.7,CLOUDY,28.9,0.0,8259.0,879.0,8.3,0.104,62.6,1991.0,171.1,207.8
TH00156,,COMPACTOR,CP-986D2,Hauling,BEGINNER,2.3,TOPSOIL,1.3,2251.3,ROLLING,4.4,3.0,SUNNY,34.7,0.0,6565.0,3038.0,8.3,0.237,30.1,1714.0,1843.2,3330.7
TH00157,T00157,EXCAVATOR,EX-972,Earth Excavation,EXPERT,23.6,TOPSOIL,1.3,1237.1,UNEVEN,0.2,4.8,CLOUDY,33.9,0.0,7216.0,2126.0,7.8,0.117,35.3,1387.0,303.4,337.0
TH00158,,WHEEL_LOADER,WL-140XE,Material Loading,BEGINNER,2.3,ASPHALT_MILLINGS,1.4,1307.5,UNEVEN,1.7,64.1,STORM,22.5,22.4,338.0,715.0,8.1,0.242,39.3,1559.0,397.9,1162.8
TH00159,T00159,MOTOR_GRADER,MG-986D2,Road Preparation,BEGINNER,0.8,SAND,1.5,705.7,HILLY,12.2,15.8,CLOUDY,29.7,0.0,8433.0,2277.0,11.1,0.312,74.4,1101.0,68.9,92.4
TH00160,T00160,MOTOR_GRADER,MG-986D2,Road Preparation,INTERMEDIATE,2.6,CLAY,1.6,394.9,HILLY,12.2,12.8,SUNNY,32.5,0.0,8461.0,2644.0,11.1,0.138,69.2,1391.0,30.3,43.6
TH00161,,EXCAVATOR,EX-320GC,Material Loading,INTERMEDIATE,7.7,CLAY,1.6,1582.8,MOUNTAINOUS,11.4,11.5,SUNNY,10.4,0.0,8532.0,174.0,5.3,0.022,78.0,2121.0,364.4,396.5
TH00162,T00162,EXCAVATOR,EX-950D2,Material Loading,EXPERT,23.6,TOPSOIL,1.3,1245.1,HILLY,12.2,33.7,RAINY,28.7,8.7,378.0,1637.0,3.2,0.192,47.3,1281.0,253.4,494.0
TH00163,,WHEEL_LOADER,WL-390D2,Material Stockpiling,INTERMEDIATE,7.1,SAND,1.5,1679.9,ROLLING,7.4,27.7,RAINY,,4.5,1569.0,1858.0,14.3,0.258,23.6,1013.0,350.5,749.2
TH00164,,DOZER,DZ-160GC,Road Preparation,INTERMEDIATE,7.0,ASPHALT_MILLINGS,1.4,4330.5,MOUNTAINOUS,17.9,6.7,CLOUDY,29.9,0.0,8646.0,3202.0,14.4,0.158,68.2,999.0,311.9,430.9
TH00165,,EXCAVATOR,EX-336XE,Trenching,BEGINNER,0.5,CLAY,1.6,64.5,UNEVEN,2.5,12.0,RAINY,28.7,2.1,1689.0,2366.0,4.7,0.208,55.8,1617.0,49.9,73.4
TH00166,T00166,MOTOR_GRADER,MG-336GC,Grading,INTERMEDIATE,2.7,GRAVEL,1.8,329.0,FLAT,3.0,30.7,RAINY,29.2,8.1,1070.0,2945.0,10.0,0.094,80.4,1796.0,16.7,27.6
TH00167,,WHEEL_LOADER,WL-390,Material Loading,INTERMEDIATE,7.6,CLAY,1.6,1485.3,UNEVEN,0.0,16.1,CLOUDY,18.7,0.0,3980.0,2591.0,9.6,0.089,52.4,1364.0,354.4,355.8
TH00168,T00168,COMPACTOR,CP-986D2,Road Preparation,INTERMEDIATE,6.7,CLAY,1.6,4525.5,ROLLING,6.7,12.9,FOG,21.8,0.7,47.0,2507.0,8.3,0.18,39.6,1600.0,335.7,572.7
TH00169,T00169,DOZER,DZ-950D,Soil Compaction,INTERMEDIATE,7.0,GRAVEL,1.8,3943.3,MOUNTAINOUS,11.8,16.0,SUNNY,19.7,0.0,9202.0,1529.0,1.6,0.174,41.2,1688.0,262.3,343.5
TH00170,T00170,WHEEL_LOADER,WL-140XE,Material Stockpiling,EXPERT,23.4,ROCK_FILL,2.2,875.8,UNEVEN,0.0,13.1,CLOUDY,28.7,0.0,9476.0,3453.0,8.1,0.098,63.9,1727.0,152.3,330.3
TH00171,,WHEEL_LOADER,WL-972XE,Material Loading,INTERMEDIATE,7.1,SAND,1.5,2166.8,FLAT,0.0,15.7,CLOUDY,30.6,0.0,5693.0,3029.0,14.4,0.141,82.4,1940.0,520.9,599.4
TH00172,,DOZER,DZ-160GC,Material Stockpiling,BEGINNER,1.5,CLAY,1.6,456.3,MOUNTAINOUS,16.3,28.6,SUNNY,27.2,0.0,5068.0,1966.0,14.4,0.183,27.9,1504.0,128.9,198.8
TH00173,,EXCAVATOR,EX-226D2,Grading,BEGINNER,0.8,ASPHALT_MILLINGS,1.4,5201.6,MOUNTAINOUS,26.1,36.9,RAINY,25.7,10.8,677.0,3155.0,1.1,0.184,67.7,1849.0,565.1,1306.9
TH00174,,DOZER,DZ-950D,Road Preparation,BEGINNER,0.5,ROCK_FILL,2.2,1715.0,MOUNTAINOUS,13.2,14.1,FOG,8.6,0.2,177.0,907.0,1.6,0.365,47.0,1803.0,166.8,416.7
TH00175,,BACKHOE_LOADER,BL-986GC,Trenching,INTERMEDIATE,7.0,TOPSOIL,1.3,361.0,ROLLING,9.1,12.3,CLOUDY,21.0,0.0,5249.0,2707.0,10.6,0.113,54.6,1148.0,204.6,229.6
TH00176,T00176,BACKHOE_LOADER,BL-390,Trenching,INTERMEDIATE,7.7,GRAVEL,1.8,194.3,FLAT,2.7,4.3,CLOUDY,29.4,0.0,4375.0,1846.0,10.5,0.068,35.2,1707.0,110.6,129.8
TH00177,T00177,WHEEL_LOADER,WL-390,Earth Excavation,EXPERT,23.6,CRUSHED_STONE,1.7,251.8,UNEVEN,0.2,5.0,CLOUDY,14.2,0.0,5600.0,1810.0,9.6,0.119,74.1,1442.0,128.1,135.2
TH00178,T00178,EXCAVATOR,EX-226D2,Demolition,BEGINNER,0.8,ASPHALT_MILLINGS,1.4,287.4,MOUNTAINOUS,18.7,9.7,SUNNY,26.5,0.0,7825.0,2791.0,1.1,0.203,65.1,1520.0,158.2,187.9
TH00179,,WHEEL_LOADER,WL-986,Material Stockpiling,EXPERT,15.9,ASPHALT_MILLINGS,1.4,266.9,MOUNTAINOUS,17.4,17.4,SUNNY,21.6,0.0,9339.0,1182.0,11.8,0.124,65.9,1335.0,47.6,69.4
TH00180,,ARTICULATED_HAULER,AH-120D2,Material Stockpiling,EXPERT,12.7,TOPSOIL,1.3,701.1,UNEVEN,5.3,20.1,CLOUDY,26.2,0.0,7995.0,2356.0,2.8,0.01,32.5,1912.0,215.1,247.4
TH00181,T00181,MOTOR_GRADER,MG-220D2,Grading,INTERMEDIATE,7.1,CLAY,1.6,2076.9,UNEVEN,0.8,15.6,SUNNY,18.4,0.0,9336.0,2373.0,1.2,0.211,56.9,1904.0,99.2,84.1
TH00182,T00182,MOTOR_GRADER,MG-220D2,Material Loading,BEGINNER,1.8,CLAY,1.6,589.0,UNEVEN,0.8,14.0,SUNNY,9.0,0.0,8321.0,348.0,1.2,0.238,54.0,1491.0,393.4,470.9
TH00183,T00183,ARTICULATED_HAULER,AH-336,Hauling,EXPERT,11.3,SAND,1.5,1978.8,UNEVEN,0.8,4.4,CLOUDY,14.2,0.0,7028.0,1742.0,8.5,0.137,75.7,1696.0,595.6,788.0
TH00184,,MOTOR_GRADER,MG-390D2,Grading,INTERMEDIATE,3.9,CRUSHED_STONE,1.7,5637.1,FLAT,4.4,23.4,WINDY,6.6,0.0,7193.0,332.0,8.3,0.168,62.7,1635.0,281.7,357.4
TH00185,T00185,MOTOR_GRADER,MG-220D2,Trenching,EXPERT,22.8,TOPSOIL,1.3,413.9,UNEVEN,0.8,11.7,CLOUDY,34.9,0.0,4060.0,610.0,1.2,0.148,,1778.0,341.8,329.6
TH00186,,EXCAVATOR,EX-972,Demolition,INTERMEDIATE,7.7,ASPHALT_MILLINGS,1.4,907.6,UNEVEN,1.5,26.0,CLOUDY,18.4,0.0,7625.0,2746.0,7.8,0.018,66.7,1858.0,353.2,357.7
TH00187,T00187,BACKHOE_LOADER,BL-986GC,Trenching,EXPERT,18.2,ASPHALT_MILLINGS,1.4,273.5,MOUNTAINOUS,11.8,22.9,CLOUDY,23.9,0.0,6967.0,550.0,7.3,0.204,87.7,1632.0,133.7,158.8
TH00188,,BACKHOE_LOADER,BL-986GC,Hauling,INTERMEDIATE,3.0,ROCK_FILL,2.2,1269.8,ROLLING,8.1,18.8,CLOUDY,35.0,0.0,7583.0,2358.0,10.6,0.122,64.2,1002.0,740.0,1105.8
TH00189,,ARTICULATED_HAULER,AH-120D2,Hauling,EXPERT,15.9,TOPSOIL,1.3,1332.1,UNEVEN,0.0,18.6,CLOUDY,24.6,0.0,3759.0,1898.0,2.8,0.101,46.5,1672.0,390.2,467.6
TH00190,,ARTICULATED_HAULER,AH-120D2,Hauling,INTERMEDIATE,7.6,CLAY,1.6,1752.5,UNEVEN,0.0,17.4,SUNNY,28.0,0.0,5824.0,2275.0,2.8,0.133,41.4,1693.0,583.3,745.0
TH00191,T00191,EXCAVATOR,EX-320GC,Earth Excavation,EXPERT,19.9,CRUSHED_STONE,1.7,569.5,MOUNTAINOUS,11.8,11.2,SUNNY,23.6,0.0,5940.0,3228.0,5.3,0.197,67.5,1405.0,144.1,179.9
TH00192,,DOZER,DZ-972,Road Preparation,EXPERT,23.6,TOPSOIL,1.3,3976.6,UNEVEN,0.0,16.2,SUNNY,19.9,0.0,9191.0,1014.0,2.3,0.147,58.9,1285.0,243.7,254.0
TH00193,,ARTICULATED_HAULER,AH-226D,Demolition,EXPERT,23.4,ROCK_FILL,2.2,179.7,ROLLING,9.5,3.0,SUNNY,31.4,0.0,7089.0,3452.0,2.4,0.121,72.1,1508.0,116.2,135.7
TH00194,T00194,BACKHOE_LOADER,BL-390,Trenching,INTERMEDIATE,6.8,CLAY,1.6,496.2,FLAT,2.7,10.8,CLOUDY,,0.0,9736.0,1036.0,10.5,0.075,75.1,1226.0,286.8,306.9
TH00195,,MOTOR_GRADER,MG-336GC,Grading,INTERMEDIATE,4.4,SAND,1.5,5330.8,FLAT,5.0,5.3,CLOUDY,26.7,0.0,8338.0,706.0,10.0,0.291,72.1,1669.0,248.3,389.7
TH00196,,ARTICULATED_HAULER,AH-349D,Hauling,EXPERT,14.9,ROCK_FILL,2.2,2122.8,ROLLING,9.0,35.7,RAINY,18.2,11.6,1193.0,3419.0,0.8,0.074,74.9,1577.0,642.3,1823.0
TH00197,,MOTOR_GRADER,MG-220D2,Material Stockpiling,BEGINNER,0.5,TOPSOIL,1.3,549.2,UNEVEN,2.5,18.0,SUNNY,23.7,0.0,8439.0,2215.0,1.2,0.247,53.2,1411.0,271.5,400.5
TH00198,T00198,EXCAVATOR,EX-226XE,Soil Compaction,INTERMEDIATE,7.7,SAND,1.5,2356.2,FLAT,0.4,6.8,SUNNY,17.0,0.0,5904.0,2159.0,13.8,0.015,52.1,1806.0,147.3,120.3
TH00199,T00199,BACKHOE_LOADER,BL-390,Material Loading,INTERMEDIATE,6.8,ROCK_FILL,2.2,263.9,FLAT,2.7,17.8,STORM,33.0,8.6,279.0,96.0,10.5,0.044,74.0,1844.0,132.3,301.6
TH00200,,MOTOR_GRADER,MG-220D2,Road Preparation,EXPERT,17.3,CLAY,1.6,4100.5,UNEVEN,0.0,36.0,RAINY,35.1,12.8,1670.0,1042.0,1.2,0.163,82.2,1542.0,257.6,379.2
TH00201,,WHEEL_LOADER,WL-336,Material Stockpiling,EXPERT,20.5,TOPSOIL,1.3,1181.4,ROLLING,8.3,45.0,RAINY,,14.8,559.0,2793.0,7.7,0.148,28.1,1368.0,219.0,616.3
TH00202,,BACKHOE_LOADER,BL-220GC,Trenching,INTERMEDIATE,2.6,CRUSHED_STONE,1.7,96.5,UNEVEN,0.1,12.4,WINDY,28.5,0.0,6257.0,3368.0,3.0,0.209,76.5,1852.0,58.4,71.6
TH00203,,DOZER,DZ-986GC,Demolition,INTERMEDIATE,5.8,CRUSHED_STONE,1.7,1387.8,FLAT,2.5,15.6,SUNNY,12.3,0.0,8068.0,231.0,12.0,0.084,37.6,1790.0,564.8,532.5
TH00204,T00204,EXCAVATOR,EX-226D2,Material Loading,INTERMEDIATE,3.9,GRAVEL,1.8,251.4,MOUNTAINOUS,18.7,21.7,CLOUDY,13.5,0.0,5481.0,1391.0,1.1,0.201,48.9,1099.0,58.4,84.0
TH00205,,COMPACTOR,CP-986D2,Road Preparation,EXPERT,19.9,ASPHALT_MILLINGS,1.4,4327.7,ROLLING,8.9,7.7,SUNNY,20.2,0.0,8986.0,1064.0,8.3,0.082,61.3,1458.0,274.6,296.2
TH00206,,WHEEL_LOADER,WL-390D2,Material Stockpiling,EXPERT,22.8,ASPHALT_MILLINGS,1.4,741.6,ROLLING,11.0,8.1,SUNNY,21.3,0.0,9842.0,2396.0,14.3,0.035,44.6,1936.0,134.0,228.5
TH00207,,WHEEL_LOADER,WL-972XE,Demolition,EXPERT,19.9,TOPSOIL,1.3,1254.4,FLAT,0.0,22.1,SUNNY,9.0,0.0,8759.0,1952.0,14.4,0.086,74.3,1487.0,801.8,844.7
TH00208,,BACKHOE_LOADER,BL-986D,Road Preparation,INTERMEDIATE,3.0,GRAVEL,1.8,3827.1,FLAT,4.7,41.5,RAINY,16.4,14.0,1897.0,634.0,12.0,0.101,46.9,1522.0,474.3,677.9
TH00209,,EXCAVATOR,EX-140GC,Material Loading,BEGINNER,1.8,ASPHALT_MILLINGS,1.4,1119.8,UNEVEN,0.0,14.6,CLOUDY,29.1,0.0,3389.0,2089.0,5.6,0.229,44.5,2307.0,348.7,361.1
TH00210,,MOTOR_GRADER,MG-160D,Road Preparation,INTERMEDIATE,7.6,TOPSOIL,1.3,745.4,UNEVEN,0.0,8.4,WINDY,19.9,0.0,5270.0,706.0,7.7,0.213,68.0,2296.0,52.0,74.9
TH00211,T00211,BACKHOE_LOADER,BL-390,Trenching,INTERMEDIATE,5.0,ASPHALT_MILLINGS,1.4,90.8,FLAT,2.7,5.9,FOG,21.5,0.6,164.0,2076.0,10.5,0.027,54.8,1325.0,52.9,71.8
TH00212,,MOTOR_GRADER,MG-336GC,Grading,INTERMEDIATE,6.7,CLAY,1.6,4523.2,FLAT,3.3,12.7,SUNNY,29.3,0.0,7254.0,2185.0,10.0,0.01,70.0,1254.0,209.1,177.7
TH00213,,COMPACTOR,CP-986D2,Material Stockpiling,INTERMEDIATE,4.4,ROCK_FILL,2.2,1954.5,ROLLING,5.1,32.0,STORM,4.0,9.1,210.0,1267.0,8.3,0.223,55.4,1786.0,653.4,2174.8
TH00214,,EXCAVATOR,EX-972,Earth Excavation,EXPERT,23.4,TOPSOIL,1.3,448.6,UNEVEN,2.0,38.0,RAINY,27.5,13.7,1123.0,1961.0,7.8,0.063,62.4,1233.0,111.2,145.9
TH00215,T00215,WHEEL_LOADER,WL-140XE,Material Loading,BEGINNER,1.0,SAND,1.5,1124.4,UNEVEN,0.0,33.4,STORM,36.9,11.2,291.0,3180.0,8.1,0.155,71.9,1200.0,342.6,865.1
TH00216,,DOZER,DZ-986GC,Demolition,INTERMEDIATE,7.0,CRUSHED_STONE,1.7,1211.3,FLAT,1.7,12.4,SUNNY,21.5,0.0,9998.0,972.0,12.0,0.122,33.6,1315.0,463.0,549.3
TH00217,T00217,EXCAVATOR,EX-320GC,Earth Excavation,INTERMEDIATE,4.6,CRUSHED_STONE,1.7,95.9,MOUNTAINOUS,11.8,10.5,CLOUDY,16.7,0.0,5447.0,2532.0,5.3,0.193,71.3,1049.0,27.4,38.3
TH00218,T00218,BACKHOE_LOADER,BL-390,Trenching,BEGINNER,1.4,ASPHALT_MILLINGS,1.4,114.4,FLAT,2.7,11.7,SUNNY,32.9,0.0,8661.0,1979.0,10.5,0.257,64.8,1520.0,86.0,111.4
TH00219,,EXCAVATOR,EX-336XE,Trenching,INTERMEDIATE,4.6,ROCK_FILL,2.2,89.5,UNEVEN,0.0,21.2,CLOUDY,41.8,0.0,5802.0,473.0,4.7,0.16,60.5,1565.0,50.4,61.1
TH00220,,COMPACTOR,CP-986D2,Soil Compaction,INTERMEDIATE,5.1,TOPSOIL,1.3,4123.1,ROLLING,4.9,3.0,SUNNY,29.9,0.0,8688.0,1911.0,8.3,0.122,54.5,2182.0,152.7,152.4
TH00221,T00221,WHEEL_LOADER,WL-140XE,Material Loading,INTERMEDIATE,5.5,SAND,1.5,770.6,UNEVEN,0.0,7.5,WINDY,26.2,0.0,7380.0,3355.0,8.1,0.264,30.6,1329.0,186.2,196.4
TH00222,,ARTICULATED_HAULER,AH-120D2,Earth Excavation,EXPERT,15.9,TOPSOIL,1.3,116.2,UNEVEN,4.1,12.0,RAINY,23.5,6.5,1378.0,1864.0,2.8,0.145,49.1,1774.0,47.5,76.8
TH00223,T00223,WHEEL_LOADER,WL-336,Material Stockpiling,BEGINNER,1.5,ASPHALT_MILLINGS,1.4,1320.7,ROLLING,8.1,4.6,SUNNY,39.1,0.0,4317.0,3431.0,7.7,0.284,64.9,1552.0,372.5,740.2
TH00224,,ARTICULATED_HAULER,AH-226D,Hauling,EXPERT,17.3,ASPHALT_MILLINGS,1.4,737.9,ROLLING,7.3,51.8,STORM,14.5,19.1,,1682.0,2.4,0.205,28.4,1792.0,215.7,898.9
TH00225,,DOZER,DZ-986D2,Material Stockpiling,INTERMEDIATE,7.1,GRAVEL,1.8,2225.8,FLAT,7.2,18.1,WINDY,16.5,0.0,4389.0,1904.0,13.6,0.089,32.7,1786.0,477.9,684.0
TH00226,,EXCAVATOR,EX-950D2,Material Loading,INTERMEDIATE,2.1,ASPHALT_MILLINGS,1.4,1315.9,HILLY,8.0,3.0,WINDY,35.3,0.0,6279.0,2333.0,3.2,0.095,65.2,1434.0,328.1,411.4
TH00227,,DOZER,DZ-986GC,Demolition,EXPERT,7.3,ASPHALT_MILLINGS,1.4,1265.5,FLAT,1.3,14.2,WINDY,22.4,0.0,3499.0,3377.0,12.0,0.124,54.9,2192.0,436.4,491.1
TH00228,,EXCAVATOR,EX-226D2,Trenching,INTERMEDIATE,3.6,CRUSHED_STONE,1.7,494.9,MOUNTAINOUS,21.6,24.0,SUNNY,27.9,0.0,7758.0,1088.0,1.1,0.155,31.8,1484.0,300.4,463.8
TH00229,,EXCAVATOR,EX-226XE,Trenching,INTERMEDIATE,6.8,SAND,1.5,317.5,FLAT,0.2,22.4,WINDY,22.4,0.0,7397.0,745.0,13.8,0.121,83.6,1324.0,177.4,204.4
TH00230,,DOZER,DZ-972,Demolition,BEGINNER,0.8,GRAVEL,1.8,658.3,UNEVEN,0.0,12.5,CLOUDY,24.9,0.0,7875.0,89.0,2.3,0.262,51.3,1763.0,356.3,391.5
TH00231,,EXCAVATOR,EX-390D2,Soil Compaction,INTERMEDIATE,2.7,GRAVEL,1.8,5769.1,FLAT,6.0,48.2,RAINY,18.1,14.8,773.0,2484.0,14.3,0.056,56.8,1704.0,500.4,809.0
TH00232,,BACKHOE_LOADER,BL-986D,Trenching,BEGINNER,0.8,SAND,1.5,479.4,FLAT,1.0,19.7,WINDY,27.5,0.0,4052.0,1371.0,12.0,0.209,52.0,1607.0,386.0,458.7
TH00233,,BACKHOE_LOADER,BL-390D2,Trenching,EXPERT,20.5,ROCK_FILL,2.2,584.9,UNEVEN,0.7,15.4,FOG,26.5,0.9,216.0,1441.0,4.2,0.107,49.1,1526.0,299.1,484.4
TH00234,T00234,MOTOR_GRADER,MG-220D2,Road Preparation,INTERMEDIATE,3.0,TOPSOIL,1.3,1403.9,UNEVEN,0.8,13.7,SUNNY,6.4,0.0,5713.0,716.0,1.2,0.094,79.0,1279.0,106.4,101.3
TH00235,,MOTOR_GRADER,MG-986XE,Road Preparation,INTERMEDIATE,3.9,TOPSOIL,1.3,4063.9,FLAT,3.0,7.3,CLOUDY,38.3,0.0,,566.0,12.4,0.187,12.4,1348.0,302.3,380.4
TH00236,T00236,EXCAVATOR,EX-972,Demolition,BEGINNER,0.8,TOPSOIL,1.3,1220.3,UNEVEN,0.2,3.3,SUNNY,19.0,0.0,7429.0,317.0,7.8,0.179,77.0,1350.0,672.0,684.5
TH00237,,EXCAVATOR,EX-226D2,Material Loading,EXPERT,12.7,TOPSOIL,1.3,1819.2,MOUNTAINOUS,18.0,10.4,SUNNY,21.4,0.0,6290.0,1260.0,1.1,0.01,40.9,1624.0,381.2,372.1
TH00238,,MOTOR_GRADER,MG-390D2,Grading,INTERMEDIATE,3.6,CRUSHED_STONE,1.7,1462.6,FLAT,2.4,9.0,SUNNY,31.2,0.0,9915.0,1936.0,8.3,0.141,26.2,1146.0,70.5,100.0
TH00239,T00239,WHEEL_LOADER,WL-336,Material Stockpiling,EXPERT,18.2,CLAY,1.6,799.8,ROLLING,8.1,18.1,RAINY,21.1,2.6,1892.0,2174.0,7.7,0.216,59.6,1254.0,144.0,325.2
TH00240,,ARTICULATED_HAULER,AH-226D,Hauling,INTERMEDIATE,7.1,TOPSOIL,1.3,1419.6,ROLLING,1.8,23.2,SUNNY,37.0,0.0,8032.0,3348.0,2.4,0.187,31.4,2033.0,476.6,771.0
TH00241,T00241,WHEEL_LOADER,WL-972XE,Material Stockpiling,INTERMEDIATE,6.8,GRAVEL,1.8,2079.4,FLAT,0.7,3.0,WINDY,25.4,0.0,6290.0,541.0,14.4,0.071,32.8,1114.0,424.6,503.5
TH00242,T00242,WHEEL_LOADER,WL-336,Material Stockpiling,INTERMEDIATE,7.0,ASPHALT_MILLINGS,1.4,2357.4,ROLLING,8.1,9.0,CLOUDY,11.7,0.0,6649.0,1813.0,7.7,0.202,45.7,1647.0,490.1,696.2
TH00243,T00243,MOTOR_GRADER,MG-336GC,Road Preparation,EXPERT,23.6,ROCK_FILL,2.2,5807.2,FLAT,3.0,13.5,WINDY,14.8,0.0,4390.0,2386.0,10.0,0.139,82.3,1669.0,364.1,434.8
TH00244,T00244,ARTICULATED_HAULER,AH-120D2,Hauling,BEGINNER,0.5,TOPSOIL,1.3,1506.9,UNEVEN,2.8,19.0,CLOUDY,29.3,0.0,6590.0,1843.0,2.8,0.219,53.8,1206.0,671.4,1024.4
TH00245,,EXCAVATOR,EX-972,Material Loading,BEGINNER,1.0,TOPSOIL,1.3,311.2,UNEVEN,2.0,3.0,SUNNY,28.4,0.0,5869.0,294.0,7.8,0.154,78.8,1339.0,93.9,101.1
TH00246,,DOZER,DZ-986D2,Material Loading,BEGINNER,0.5,SAND,1.5,1520.6,FLAT,0.2,3.0,CLOUDY,28.3,0.0,8360.0,633.0,13.6,0.077,54.2,1720.0,932.4,874.0
TH00247,T00247,EXCAVATOR,EX-220XE,Trenching,BEGINNER,2.3,SAND,1.5,572.8,ROLLING,5.5,20.5,RAINY,18.1,12.2,1952.0,1447.0,10.9,0.251,72.9,1705.0,438.4,670.0
TH00248,T00248,MOTOR_GRADER,MG-986D2,Hauling,BEGINNER,1.5,SAND,1.5,1430.5,HILLY,12.2,14.5,SUNNY,27.0,0.0,7791.0,2571.0,11.1,0.294,50.8,1752.0,1209.9,2287.2
TH00249,,DOZER,DZ-986GC,Demolition,BEGINNER,0.5,CRUSHED_STONE,1.7,1161.9,FLAT,1.0,7.8,CLOUDY,32.5,0.0,8450.0,2552.0,12.0,0.222,66.2,1373.0,626.9,699.2
TH00250,,EXCAVATOR,EX-320GC,Grading,EXPERT,14.9,GRAVEL,1.8,683.5,MOUNTAINOUS,6.8,50.8,RAINY,21.0,14.3,1470.0,696.0,5.3,0.202,18.2,1602.0,47.3,94.8
TH00251,T00251,WHEEL_LOADER,WL-986,Material Loading,INTERMEDIATE,2.6,ASPHALT_MILLINGS,1.4,707.1,MOUNTAINOUS,18.7,17.8,FOG,31.9,0.4,57.0,941.0,11.8,0.222,34.9,1769.0,175.7,338.5
TH00252,,BACKHOE_LOADER,BL-390D2,Material Loading,INTERMEDIATE,5.1,ASPHALT_MILLINGS,1.4,1757.7,UNEVEN,3.7,17.4,CLOUDY,31.5,0.0,4170.0,2152.0,4.2,0.14,44.4,2130.0,632.7,627.4
TH00253,,DOZER,DZ-986GC,Road Preparation,INTERMEDIATE,3.6,CLAY,1.6,513.8,FLAT,3.2,15.6,CLOUDY,27.2,0.0,5529.0,2883.0,12.0,0.223,100.0,1422.0,37.5,42.2
TH00254,,EXCAVATOR,EX-226D2,Trenching,BEGINNER,1.6,SAND,1.5,572.2,MOUNTAINOUS,22.3,3.0,CLOUDY,37.0,0.0,3750.0,1137.0,1.1,0.22,32.5,1854.0,422.8,630.2
TH00255,T00255,DOZER,DZ-349D,Material Loading,INTERMEDIATE,6.4,CRUSHED_STONE,1.7,1071.9,ROLLING,6.7,10.8,WINDY,19.5,0.0,4557.0,310.0,10.1,0.148,,1372.0,469.5,517.0
TH00256,,COMPACTOR,CP-950,Road Preparation,EXPERT,14.9,CLAY,1.6,4156.3,ROLLING,4.0,50.6,RAINY,28.7,12.7,1967.0,171.0,3.4,0.014,60.1,1231.0,262.2,384.9
TH00257,,ARTICULATED_HAULER,AH-120D2,Hauling,INTERMEDIATE,6.3,ASPHALT_MILLINGS,1.4,2008.4,UNEVEN,3.3,3.0,SUNNY,22.8,0.0,6595.0,2980.0,2.8,0.206,56.0,1411.0,688.2,1267.6
TH00258,T00258,DOZER,DZ-972,Road Preparation,EXPERT,14.9,GRAVEL,1.8,5928.4,UNEVEN,0.8,9.6,SUNNY,19.5,0.0,4870.0,2554.0,2.3,0.04,76.8,1678.0,373.0,340.7
TH00259,,COMPACTOR,CP-972D2,Soil Compaction,BEGINNER,0.8,TOPSOIL,1.3,1748.9,MOUNTAINOUS,25.9,24.9,SUNNY,34.8,0.0,8486.0,2658.0,4.2,0.264,71.6,1583.0,84.2,133.2
TH00260,,DOZER,DZ-986D2,Material Stockpiling,INTERMEDIATE,6.7,CLAY,1.6,1077.1,FLAT,7.7,31.4,RAINY,23.2,12.4,1780.0,2675.0,13.6,0.031,49.9,1482.0,225.5,482.1
TH00261,,COMPACTOR,CP-972D2,Earth Excavation,INTERMEDIATE,7.6,ROCK_FILL,2.2,255.3,MOUNTAINOUS,25.3,3.0,CLOUDY,7.9,0.0,7113.0,3408.0,4.2,0.064,59.5,1562.0,140.4,204.4
TH00262,T00262,EXCAVATOR,EX-226D2,Grading,INTERMEDIATE,3.6,GRAVEL,1.8,3549.9,MOUNTAINOUS,18.7,17.7,SUNNY,27.5,0.0,5284.0,3327.0,1.1,0.135,53.2,1624.0,312.9,477.2
TH00263,T00263,BACKHOE_LOADER,BL-220GC,Trenching,INTERMEDIATE,7.0,ROCK_FILL,2.2,409.9,UNEVEN,0.0,19.0,CLOUDY,21.7,0.0,5381.0,3032.0,3.0,0.157,85.0,1342.0,240.5,238.7
TH00264,,BACKHOE_LOADER,BL-220GC,Demolition,INTERMEDIATE,7.6,CLAY,1.6,925.7,UNEVEN,0.0,10.4,WINDY,19.2,0.0,5698.0,1723.0,3.0,0.155,62.5,2400.0,821.9,917.9
TH00265,,EXCAVATOR,EX-220XE,Hauling,BEGINNER,1.0,SAND,1.5,258.4,ROLLING,10.9,15.9,SUNNY,28.0,0.0,8764.0,1206.0,10.9,0.21,12.8,1135.0,246.3,321.6
TH00266,T00266,ARTICULATED_HAULER,AH-120D2,Hauling,EXPERT,23.6,ASPHALT_MILLINGS,1.4,190.3,UNEVEN,2.8,17.3,SUNNY,39.7,0.0,4102.0,3373.0,2.8,0.221,31.7,1230.0,54.7,110.9
TH00267,,EXCAVATOR,EX-950D2,Material Loading,BEGINNER,1.8,ASPHALT_MILLINGS,1.4,1731.8,HILLY,16.7,24.2,RAINY,20.8,7.4,1357.0,1171.0,3.2,0.191,44.6,1227.0,536.8,845.7
TH00268,T00268,EXCAVATOR,EX-226XE,Earth Excavation,EXPERT,23.6,CRUSHED_STONE,1.7,1352.7,FLAT,0.4,7.9,SUNNY,16.0,0.0,4149.0,1497.0,13.8,0.115,73.0,1701.0,341.2,332.8
TH00269,,BACKHOE_LOADER,BL-986GC,Trenching,INTERMEDIATE,2.1,GRAVEL,1.8,393.2,MOUNTAINOUS,12.0,13.5,WINDY,34.3,0.0,8242.0,1877.0,7.3,0.139,56.2,1565.0,243.9,288.2
TH00270,T00270,EXCAVATOR,EX-950D2,Soil Compaction,INTERMEDIATE,7.1,GRAVEL,1.8,4854.4,HILLY,12.2,20.8,RAINY,10.9,10.6,1607.0,2250.0,3.2,0.104,39.9,1605.0,313.0,460.0
TH00271,,EXCAVATOR,EX-226D2,Earth Excavation,BEGINNER,2.5,CRUSHED_STONE,1.7,493.0,MOUNTAINOUS,17.7,14.5,WINDY,20.3,0.0,4534.0,327.0,1.1,0.212,75.1,1436.0,185.9,289.0
TH00272,T00272,EXCAVATOR,EX-336XE,Earth Excavation,INTERMEDIATE,6.3,SAND,1.5,210.1,UNEVEN,2.8,19.3,CLOUDY,23.5,0.0,9281.0,3115.0,4.7,0.229,64.4,1326.0,61.2,64.3
TH00273,,EXCAVATOR,EX-390D2,Earth Excavation,INTERMEDIATE,2.6,ROCK_FILL,2.2,1259.1,FLAT,0.0,22.5,RAINY,26.9,6.0,665.0,2813.0,14.3,0.18,90.4,1780.0,390.1,640.2
TH00274,T00274,MOTOR_GRADER,MG-986D2,Road Preparation,EXPERT,22.8,SAND,1.5,3996.4,HILLY,12.2,33.4,RAINY,13.2,8.7,780.0,526.0,11.1,0.124,95.6,1490.0,239.7,482.4
TH00275,,MOTOR_GRADER,MG-986D2,Grading,INTERMEDIATE,5.8,SAND,1.5,1056.5,HILLY,14.4,23.2,WINDY,32.0,0.0,5311.0,2008.0,11.1,0.104,53.9,1696.0,49.6,76.3
TH00276,,WHEEL_LOADER,WL-140XE,Grading,INTERMEDIATE,3.9,ASPHALT_MILLINGS,1.4,2999.8,UNEVEN,0.0,11.3,SUNNY,6.0,0.0,6856.0,549.0,8.1,0.211,38.3,2081.0,252.9,283.9
TH00277,,COMPACTOR,CP-986D2,Trenching,INTERMEDIATE,3.0,CLAY,1.6,467.5,ROLLING,9.8,7.9,SUNNY,16.5,0.0,5366.0,1730.0,8.3,0.12,59.8,1262.0,467.8,548.7
TH00278,,ARTICULATED_HAULER,AH-120D2,Soil Compaction,INTERMEDIATE,3.0,CRUSHED_STONE,1.7,680.1,UNEVEN,0.0,8.0,FOG,22.0,0.4,256.0,1684.0,2.8,0.159,56.9,1233.0,42.2,63.3
TH00279,,COMPACTOR,CP-972D2,Hauling,INTERMEDIATE,5.5,SAND,1.5,978.1,MOUNTAINOUS,23.2,3.0,FOG,21.9,0.0,276.0,676.0,4.2,0.223,54.4,1740.0,693.2,1665.4
TH00280,,EXCAVATOR,EX-140GC,Material Loading,BEGINNER,0.5,GRAVEL,1.8,1370.3,UNEVEN,0.0,23.3,CLOUDY,11.0,0.0,8575.0,1674.0,5.6,0.292,47.3,1899.0,428.3,498.7
TH00281,T00281,MOTOR_GRADER,MG-220D2,Road Preparation,INTERMEDIATE,7.1,GRAVEL,1.8,2589.7,UNEVEN,0.8,30.2,RAINY,33.5,6.3,1034.0,3177.0,1.2,0.189,25.7,1432.0,182.1,309.2
TH00282,,WHEEL_LOADER,WL-986,Material Stockpiling,EXPERT,20.5,SAND,1.5,1497.5,MOUNTAINOUS,17.5,14.6,STORM,16.8,10.0,287.0,3326.0,11.8,0.06,60.5,1408.0,264.7,1498.4
TH00283,T00283,ARTICULATED_HAULER,AH-349D,Hauling,INTERMEDIATE,5.8,SAND,1.5,1830.2,ROLLING,8.1,9.3,SUNNY,10.8,0.0,9200.0,1265.0,0.8,0.118,42.9,1435.0,629.7,800.6
TH00284,T00284,COMPACTOR,CP-972D2,Trenching,INTERMEDIATE,5.5,ASPHALT_MILLINGS,1.4,414.5,MOUNTAINOUS,26.2,16.8,CLOUDY,36.8,0.0,7616.0,1751.0,4.2,0.091,62.4,1311.0,539.5,746.3
TH00285,T00285,DOZER,DZ-986D2,Material Stockpiling,INTERMEDIATE,6.3,GRAVEL,1.8,269.5,FLAT,2.7,5.7,SUNNY,14.4,0.0,6954.0,2738.0,13.6,0.205,73.5,1497.0,56.5,108.6
TH00286,T00286,ARTICULATED_HAULER,AH-349D,Hauling,INTERMEDIATE,7.7,CRUSHED_STONE,1.7,1236.9,ROLLING,8.1,17.7,CLOUDY,28.9,0.0,4326.0,1585.0,0.8,0.022,63.1,1632.0,439.7,507.7
TH00287,,BACKHOE_LOADER,BL-986D,Trenching,INTERMEDIATE,7.6,CLAY,1.6,153.1,FLAT,8.0,26.5,SUNNY,16.4,0.0,8626.0,2499.0,12.0,0.119,55.1,1709.0,89.7,89.7
TH00288,,MOTOR_GRADER,MG-160D,Grading,EXPERT,23.6,ROCK_FILL,2.2,5449.3,UNEVEN,3.0,24.6,SUNNY,34.5,0.0,7804.0,1585.0,7.7,0.209,59.2,1714.0,221.0,238.2
TH00289,T00289,DOZER,DZ-950D,Material Stockpiling,BEGINNER,0.6,GRAVEL,1.8,343.5,MOUNTAINOUS,11.8,11.4,SUNNY,15.9,0.0,8369.0,3056.0,1.6,0.257,74.9,1384.0,94.4,186.6
TH00290,,MOTOR_GRADER,MG-986XE,Road Preparation,BEGINNER,2.3,TOPSOIL,1.3,3833.7,FLAT,0.0,32.5,RAINY,25.9,11.0,1836.0,1582.0,12.4,0.063,55.9,1806.0,357.9,516.8
TH00291,T00291,EXCAVATOR,EX-336XE,Demolition,INTERMEDIATE,7.1,GRAVEL,1.8,1118.0,UNEVEN,2.8,10.4,CLOUDY,33.2,0.0,6721.0,1357.0,4.7,0.131,72.5,1482.0,439.8,406.6
TH00292,T00292,MOTOR_GRADER,MG-986XE,Road Preparation,INTERMEDIATE,4.6,ROCK_FILL,2.2,2236.4,FLAT,0.4,19.7,WINDY,21.0,0.0,7465.0,2419.0,12.4,0.144,63.5,1861.0,167.9,217.0
TH00293,T00293,BACKHOE_LOADER,BL-390,Trenching,INTERMEDIATE,5.5,SAND,1.5,378.2,FLAT,2.7,11.7,SUNNY,14.6,0.0,4028.0,2194.0,10.5,0.152,75.3,1560.0,215.1,260.8
TH00294,,EXCAVATOR,EX-320GC,Demolition,INTERMEDIATE,7.7,SAND,1.5,956.7,MOUNTAINOUS,7.5,20.0,FOG,22.2,0.6,72.0,3239.0,5.3,0.01,83.8,1723.0,391.3,579.9
TH00295,T00295,MOTOR_GRADER,MG-986D2,Grading,EXPERT,23.6,TOPSOIL,1.3,5206.7,HILLY,12.2,16.0,WINDY,12.9,0.0,3042.0,2245.0,11.1,0.089,49.7,1556.0,209.9,265.3
TH00296,,EXCAVATOR,EX-336XE,Earth Excavation,INTERMEDIATE,3.9,TOPSOIL,1.3,525.7,UNEVEN,0.4,21.1,CLOUDY,38.7,0.0,6476.0,1608.0,4.7,0.056,89.4,1751.0,152.3,131.2
TH00297,,MOTOR_GRADER,MG-986D2,Road Preparation,INTERMEDIATE,6.7,TOPSOIL,1.3,5592.8,HILLY,10.5,3.0,SUNNY,15.6,0.0,9900.0,2404.0,11.1,0.067,68.6,1445.0,407.6,438.5
TH00298,,EXCAVATOR,EX-950D2,Demolition,EXPERT,22.8,ROCK_FILL,2.2,749.1,HILLY,11.8,36.0,RAINY,33.6,10.4,850.0,809.0,3.2,0.071,64.8,1857.0,248.2,441.1
TH00299,,MOTOR_GRADER,MG-336GC,Trenching,EXPERT,23.4,GRAVEL,1.8,193.8,FLAT,5.9,14.7,SUNNY,35.3,0.0,6412.0,3153.0,10.0,0.092,34.7,1792.0,157.9,184.3
TH00300,,MOTOR_GRADER,MG-986XE,Grading,EXPERT,14.9,CLAY,1.6,1529.2,FLAT,0.0,3.4,SUNNY,22.0,0.0,8215.0,3391.0,12.4,0.101,44.6,1290.0,64.3,57.8
TH00301,,WHEEL_LOADER,WL-972XE,Material Loading,INTERMEDIATE,7.7,ASPHALT_MILLINGS,1.4,320.1,FLAT,0.0,17.2,WINDY,26.3,0.0,6835.0,1495.0,14.4,0.123,44.2,1662.0,72.6,92.9
TH00302,T00302,EXCAVATOR,EX-140GC,Material Stockpiling,EXPERT,12.7,ROCK_FILL,2.2,2395.0,UNEVEN,0.0,16.7,WINDY,31.6,0.0,5331.0,3452.0,5.6,0.083,74.9,1571.0,720.2,1309.7
TH00303,T00303,DOZER,DZ-160GC,Road Preparation,INTERMEDIATE,5.5,CRUSHED_STONE,1.7,2151.8,MOUNTAINOUS,18.7,9.1,SUNNY,12.9,0.0,7980.0,835.0,14.4,0.156,,1307.0,159.6,234.0
TH00304,T00304,MOTOR_GRADER,MG-986D2,Grading,BEGINNER,1.5,TOPSOIL,1.3,4613.9,HILLY,12.2,8.6,FOG,25.6,1.0,135.0,2616.0,11.1,0.245,35.3,1536.0,274.6,541.8
TH00305,,ARTICULATED_HAULER,AH-349D,Hauling,BEGINNER,0.6,GRAVEL,1.8,2340.7,ROLLING,0.0,28.5,RAINY,16.1,10.5,1561.0,807.0,0.8,0.364,67.8,1542.0,1042.2,1874.5
TH00306,T00306,DOZER,DZ-349D,Demolition,EXPERT,23.6,SAND,1.5,992.7,ROLLING,6.7,10.4,CLOUDY,23.4,0.0,6302.0,397.0,10.1,0.095,81.4,1641.0,351.3,401.6
TH00307,,EXCAVATOR,EX-950D2,Demolition,INTERMEDIATE,7.0,GRAVEL,1.8,360.3,HILLY,10.5,3.0,CLOUDY,6.7,0.0,3342.0,2994.0,3.2,0.193,80.3,1221.0,138.4,175.4
TH00308,T00308,EXCAVATOR,EX-226XE,Demolition,BEGINNER,0.5,ROCK_FILL,2.2,665.1,FLAT,0.4,16.5,SUNNY,12.1,0.0,4633.0,524.0,13.8,0.241,50.1,1287.0,357.7,479.6
TH00309,,DOZER,DZ-160GC,Demolition,EXPERT,14.9,TOPSOIL,1.3,1195.5,MOUNTAINOUS,20.6,12.9,CLOUDY,13.3,0.0,8092.0,2315.0,14.4,0.064,80.8,1699.0,396.2,578.8
TH00310,,DOZER,DZ-986D2,Road Preparation,BEGINNER,0.8,TOPSOIL,1.3,471.0,FLAT,0.6,7.6,CLOUDY,10.4,0.0,7459.0,2962.0,13.6,0.204,58.1,1678.0,46.2,46.0
TH00311,T00311,WHEEL_LOADER,WL-140XE,Material Loading,INTERMEDIATE,2.1,TOPSOIL,1.3,2172.6,UNEVEN,0.0,3.0,SUNNY,21.8,0.0,9496.0,2793.0,8.1,0.16,64.5,1592.0,540.5,505.7
TH00312,,MOTOR_GRADER,MG-986XE,Material Stockpiling,BEGINNER,1.4,CRUSHED_STONE,1.7,2498.3,FLAT,2.9,18.4,CLOUDY,16.1,0.0,4007.0,1278.0,12.4,0.179,46.3,1441.0,1072.6,1278.7
TH00313,T00313,BACKHOE_LOADER,BL-220GC,Trenching,EXPERT,23.4,ASPHALT_MILLINGS,1.4,41.2,UNEVEN,0.0,3.0,SUNNY,29.8,0.0,7525.0,3484.0,3.0,0.098,62.1,1381.0,20.7,19.1
TH00314,,EXCAVATOR,EX-972,Demolition,INTERMEDIATE,7.6,ASPHALT_MILLINGS,1.4,311.4,UNEVEN,2.5,14.6,SUNNY,34.9,0.0,7934.0,1984.0,7.8,0.069,54.1,1227.0,124.8,124.3
TH00315,,BACKHOE_LOADER,BL-986GC,Trenching,INTERMEDIATE,7.7,SAND,1.5,122.4,ROLLING,7.1,23.6,WINDY,21.9,0.0,7485.0,332.0,10.6,0.079,,1348.0,69.7,79.6
TH00316,,DOZER,DZ-950D,Demolition,INTERMEDIATE,5.0,ROCK_FILL,2.2,428.2,MOUNTAINOUS,16.4,20.6,WINDY,29.4,0.0,4971.0,90.0,1.6,0.041,50.8,1658.0,173.3,221.0
TH00317,,MOTOR_GRADER,MG-986D2,Road Preparation,BEGINNER,1.8,TOPSOIL,1.3,832.7,HILLY,10.6,17.3,CLOUDY,28.1,0.0,8553.0,790.0,11.1,0.365,56.5,1783.0,75.6,105.8
TH00318,,WHEEL_LOADER,WL-140XE,Material Stockpiling,EXPERT,15.9,ASPHALT_MILLINGS,1.4,1127.4,UNEVEN,7.7,16.9,FOG,25.9,1.0,84.0,1638.0,8.1,0.148,27.0,1265.0,204.4,415.4
TH00319,,COMPACTOR,CP-950,Road Preparation,INTERMEDIATE,5.8,CRUSHED_STONE,1.7,4152.2,ROLLING,0.0,19.7,SUNNY,23.3,0.0,9803.0,1808.0,3.4,0.113,60.8,2289.0,297.7,295.9
TH00320,,WHEEL_LOADER,WL-972XE,Material Stockpiling,INTERMEDIATE,2.6,CLAY,1.6,634.6,FLAT,2.9,23.7,RAINY,35.0,6.6,1971.0,172.0,14.4,0.134,75.8,1414.0,143.5,208.0
TH00321,T00321,MOTOR_GRADER,MG-390D2,Grading,BEGINNER,1.6,GRAVEL,1.8,2645.1,FLAT,3.0,7.5,SUNNY,12.7,0.0,7159.0,377.0,8.3,0.229,83.6,1818.0,165.2,163.6
TH00322,T00322,EXCAVATOR,EX-972XE,Earth Excavation,INTERMEDIATE,3.9,CRUSHED_STONE,1.7,793.7,FLAT,0.4,15.5,RAINY,20.7,3.7,1345.0,2481.0,3.7,0.075,57.4,1922.0,241.1,347.9
TH00323,,EXCAVATOR,EX-220XE,Trenching,BEGINNER,0.6,GRAVEL,1.8,566.5,ROLLING,3.4,34.7,RAINY,16.1,11.9,1479.0,3366.0,10.9,0.219,36.5,1041.0,455.1,754.1
TH00324,,MOTOR_GRADER,MG-390D2,Grading,INTERMEDIATE,7.0,TOPSOIL,1.3,2375.5,FLAT,2.1,9.2,SUNNY,27.2,0.0,8552.0,1179.0,8.3,0.164,79.2,1272.0,114.4,120.7
TH00325,T00325,DOZER,DZ-950D,Material Stockpiling,INTERMEDIATE,3.0,CRUSHED_STONE,1.7,1263.6,MOUNTAINOUS,11.8,6.1,FOG,13.6,0.5,53.0,907.0,1.6,0.214,57.9,1459.0,284.4,584.2
TH00326,,EXCAVATOR,EX-140GC,Material Loading,INTERMEDIATE,7.1,ASPHALT_MILLINGS,1.4,1592.4,UNEVEN,0.0,8.7,SUNNY,28.0,0.0,7095.0,3035.0,5.6,0.165,19.4,1182.0,380.7,446.5
TH00327,,MOTOR_GRADER,MG-160D,Grading,INTERMEDIATE,7.6,CRUSHED_STONE,1.7,4733.8,UNEVEN,2.8,12.6,FOG,15.6,0.5,72.0,1684.0,7.7,0.125,50.2,2400.0,221.0,380.2
TH00328,,BACKHOE_LOADER,BL-986GC,Soil Compaction,INTERMEDIATE,3.6,ROCK_FILL,2.2,3098.4,MOUNTAINOUS,9.7,25.0,SUNNY,23.4,0.0,7071.0,1686.0,7.3,0.066,60.1,1535.0,181.2,217.8
TH00329,T00329,MOTOR_GRADER,MG-160D,Road Preparation,EXPERT,17.3,CLAY,1.6,2213.2,UNEVEN,0.0,19.4,SUNNY,8.9,0.0,8402.0,689.0,7.7,0.154,55.0,1625.0,139.6,132.2
TH00330,T00330,EXCAVATOR,EX-226D2,Earth Excavation,BEGINNER,2.3,ASPHALT_MILLINGS,1.4,268.5,MOUNTAINOUS,18.7,6.2,CLOUDY,8.2,0.0,9374.0,451.0,1.1,0.3,66.4,1662.0,99.3,156.7
TH00331,T00331,EXCAVATOR,EX-220XE,Material Stockpiling,INTERMEDIATE,3.9,ASPHALT_MILLINGS,1.4,424.4,ROLLING,5.5,16.8,FOG,36.4,0.2,295.0,3430.0,10.9,0.069,79.1,1261.0,192.3,444.5
TH00332,,ARTICULATED_HAULER,AH-336,Demolition,INTERMEDIATE,3.9,CLAY,1.6,726.4,UNEVEN,2.4,14.6,SUNNY,29.3,0.0,9407.0,422.0,8.5,0.189,89.4,1361.0,651.5,711.0
TH00333,T00333,COMPACTOR,CP-986D2,Road Preparation,BEGINNER,2.3,CRUSHED_STONE,1.7,4394.5,ROLLING,6.7,4.2,WINDY,8.3,0.0,3468.0,2274.0,8.3,0.07,61.2,1256.0,406.3,465.0
TH00334,,WHEEL_LOADER,WL-336,Material Loading,INTERMEDIATE,5.1,GRAVEL,1.8,987.5,ROLLING,11.4,3.5,FOG,25.2,0.0,114.0,2041.0,7.7,0.101,49.4,1838.0,237.9,375.3
TH00335,T00335,EXCAVATOR,EX-390D2,Material Loading,EXPERT,14.9,ROCK_FILL,2.2,380.5,FLAT,3.0,33.3,RAINY,22.1,12.1,556.0,2472.0,14.3,0.057,66.8,2049.0,77.4,128.6
TH00336,T00336,EXCAVATOR,EX-336XE,Earth Excavation,INTERMEDIATE,7.6,CLAY,1.6,666.2,UNEVEN,2.8,50.4,RAINY,38.6,14.8,968.0,1079.0,4.7,0.028,66.9,1949.0,188.8,326.5
TH00337,,BACKHOE_LOADER,BL-390,Demolition,INTERMEDIATE,2.7,SAND,1.5,951.1,FLAT,1.6,45.3,RAINY,30.6,13.1,1087.0,2723.0,10.5,0.15,87.8,1290.0,818.2,1250.2
TH00338,T00338,MOTOR_GRADER,MG-336GC,Road Preparation,BEGINNER,1.0,GRAVEL,1.8,3619.7,FLAT,3.0,11.5,SUNNY,19.0,0.0,6089.0,765.0,10.0,0.163,72.3,1238.0,338.9,423.7
TH00339,T00339,EXCAVATOR,EX-972XE,Grading,BEGINNER,2.3,CLAY,1.6,5744.6,FLAT,0.4,13.6,CLOUDY,33.0,0.0,4396.0,768.0,3.7,0.219,91.5,1489.0,790.9,913.2
TH00340,,WHEEL_LOADER,WL-140XE,Grading,INTERMEDIATE,6.8,SAND,1.5,5148.8,UNEVEN,6.4,24.5,CLOUDY,26.4,0.0,4810.0,1766.0,8.1,0.023,30.4,2096.0,510.5,473.6
TH00341,,MOTOR_GRADER,MG-336GC,Road Preparation,INTERMEDIATE,7.6,ROCK_FILL,2.2,557.5,FLAT,0.8,21.2,RAINY,14.2,4.3,989.0,1415.0,10.0,0.081,60.8,1458.0,38.9,59.5
TH00342,,BACKHOE_LOADER,BL-986GC,Hauling,EXPERT,23.4,TOPSOIL,1.3,2171.3,MOUNTAINOUS,8.5,9.2,SUNNY,23.7,0.0,8709.0,1530.0,7.3,0.085,63.1,1234.0,1056.1,1566.1
TH00343,T00343,WHEEL_LOADER,WL-972XE,Demolition,BEGINNER,2.3,ASPHALT_MILLINGS,1.4,980.4,FLAT,0.7,7.4,CLOUDY,26.0,0.0,5191.0,1952.0,14.4,0.284,53.8,1644.0,899.8,994.9
TH00344,,WHEEL_LOADER,WL-390D2,Material Loading,BEGINNER,1.0,TOPSOIL,1.3,2444.8,ROLLING,12.1,17.7,CLOUDY,16.8,0.0,6130.0,834.0,14.3,0.247,80.8,1483.0,779.1,990.2
TH00345,,ARTICULATED_HAULER,AH-349D,Hauling,INTERMEDIATE,6.4,CLAY,1.6,1672.9,ROLLING,7.7,3.0,SUNNY,20.1,0.0,5786.0,1402.0,0.8,0.171,47.8,1445.0,553.1,733.4
TH00346,T00346,MOTOR_GRADER,MG-160D,Road Preparation,BEGINNER,1.6,GRAVEL,1.8,4209.0,UNEVEN,0.0,24.8,CLOUDY,24.5,0.0,4923.0,554.0,7.7,0.251,100.0,1712.0,382.1,531.3
TH00347,T00347,DOZER,DZ-972,Demolition,BEGINNER,0.5,TOPSOIL,1.3,1200.4,UNEVEN,0.8,7.5,FOG,19.4,0.9,221.0,1404.0,2.3,0.179,84.1,1312.0,653.0,986.0
TH00348,,BACKHOE_LOADER,BL-986GC,Soil Compaction,BEGINNER,2.0,CRUSHED_STONE,1.7,2067.7,MOUNTAINOUS,13.2,10.8,SUNNY,18.4,0.0,7699.0,227.0,7.3,0.196,,1535.0,196.9,233.8
TH00349,T00349,MOTOR_GRADER,MG-390D2,Road Preparation,INTERMEDIATE,5.0,ROCK_FILL,2.2,1758.2,FLAT,3.0,13.7,WINDY,34.0,0.0,3742.0,3338.0,8.3,0.094,35.2,1596.0,128.6,144.3
TH00350,T00350,EXCAVATOR,EX-336XE,Trenching,BEGINNER,1.8,ROCK_FILL,2.2,85.6,UNEVEN,2.8,14.5,CLOUDY,20.7,0.0,4554.0,2943.0,4.7,0.247,77.2,2400.0,65.3,72.9
TH00351,T00351,MOTOR_GRADER,MG-220D2,Grading,BEGINNER,2.0,GRAVEL,1.8,1454.6,UNEVEN,0.8,38.3,RAINY,29.0,10.0,1840.0,1639.0,1.2,0.192,39.7,1734.0,91.5,125.3
TH00352,,EXCAVATOR,EX-226D2,Trenching,BEGINNER,2.5,GRAVEL,1.8,265.1,MOUNTAINOUS,22.4,26.8,RAINY,16.2,6.3,1558.0,892.0,1.1,0.179,60.4,1502.0,196.9,368.3
TH00353,T00353,ARTICULATED_HAULER,AH-120D2,Hauling,BEGINNER,1.5,GRAVEL,1.8,1163.5,UNEVEN,2.8,15.0,SUNNY,5.6,0.0,6364.0,1568.0,2.8,0.278,67.4,1168.0,505.0,752.2
TH00354,T00354,WHEEL_LOADER,WL-972XE,Material Loading,INTERMEDIATE,7.1,ASPHALT_MILLINGS,1.4,2052.8,FLAT,0.7,5.4,SUNNY,21.9,0.0,4164.0,1384.0,14.4,0.208,55.4,1660.0,494.4,521.5
TH00355,,EXCAVATOR,EX-226XE,Trenching,INTERMEDIATE,4.6,TOPSOIL,1.3,421.2,FLAT,0.8,12.4,SUNNY,22.1,0.0,8846.0,2248.0,13.8,0.185,79.8,1462.0,238.9,236.6
TH00356,T00356,MOTOR_GRADER,MG-986XE,Soil Compaction,INTERMEDIATE,7.1,SAND,1.5,2320.6,FLAT,0.4,9.4,FOG,27.9,0.1,154.0,827.0,12.4,0.181,43.6,1263.0,130.8,262.9
TH00357,,EXCAVATOR,EX-320GC,Material Loading,INTERMEDIATE,7.6,TOPSOIL,1.3,520.9,MOUNTAINOUS,10.0,9.9,WINDY,24.2,0.0,3689.0,3149.0,5.3,0.107,55.8,2063.0,118.7,151.5
TH00358,,DOZER,DZ-972,Earth Excavation,INTERMEDIATE,3.9,CRUSHED_STONE,1.7,943.6,UNEVEN,0.4,11.1,SUNNY,19.8,0.0,9679.0,1995.0,2.3,0.045,72.5,1461.0,618.8,532.4
TH00359,,ARTICULATED_HAULER,AH-140D2,Hauling,INTERMEDIATE,7.7,TOPSOIL,1.3,1997.9,ROLLING,1.7,8.2,WINDY,34.5,0.0,3966.0,722.0,7.4,0.195,46.7,1817.0,699.1,911.5
TH00360,,EXCAVATOR,EX-320GC,Demolition,INTERMEDIATE,2.7,ASPHALT_MILLINGS,1.4,1245.5,MOUNTAINOUS,10.7,11.2,SUNNY,21.4,0.0,8074.0,2415.0,5.3,0.155,55.4,2099.0,538.5,620.1
TH00361,,EXCAVATOR,EX-972,Trenching,EXPERT,23.4,ROCK_FILL,2.2,329.2,UNEVEN,0.0,13.4,CLOUDY,28.3,0.0,6451.0,980.0,7.8,0.121,63.5,1480.0,159.1,175.5
TH00362,T00362,BACKHOE_LOADER,BL-986D,Trenching,BEGINNER,0.6,CRUSHED_STONE,1.7,205.6,FLAT,3.0,13.2,SUNNY,18.7,0.0,9897.0,739.0,12.0,0.201,82.5,1340.0,165.4,194.0
TH00363,T00363,EXCAVATOR,EX-320GC,Demolition,INTERMEDIATE,5.5,ASPHALT_MILLINGS,1.4,439.5,MOUNTAINOUS,11.8,17.1,SUNNY,32.3,0.0,8012.0,2291.0,5.3,0.053,51.6,2035.0,175.8,203.4
TH00364,,DOZER,DZ-950D,Material Stockpiling,EXPERT,12.7,SAND,1.5,504.5,MOUNTAINOUS,13.5,11.2,SUNNY,24.0,0.0,5454.0,2486.0,1.6,0.036,87.7,1841.0,94.3,145.0
TH00365,T00365,EXCAVATOR,EX-972XE,Earth Excavation,EXPERT,15.9,GRAVEL,1.8,1246.8,FLAT,0.4,11.9,SUNNY,23.5,0.0,8301.0,2924.0,3.7,0.127,80.7,1477.0,314.1,310.0
TH00366,,COMPACTOR,CP-986D2,Trenching,BEGINNER,1.8,CRUSHED_STONE,1.7,349.3,ROLLING,9.8,11.7,SUNNY,22.0,0.0,6489.0,1443.0,8.3,0.26,47.5,2075.0,558.4,731.0
TH00367,,WHEEL_LOADER,WL-390D2,Material Stockpiling,EXPERT,15.9,TOPSOIL,1.3,1422.5,ROLLING,2.2,10.5,SUNNY,13.4,0.0,6142.0,2409.0,14.3,0.143,23.2,1562.0,265.0,458.0
TH00368,,BACKHOE_LOADER,BL-390,Trenching,EXPERT,23.6,CRUSHED_STONE,1.7,480.3,FLAT,5.6,3.0,SUNNY,24.4,0.0,6786.0,779.0,10.5,0.167,53.0,1249.0,235.9,290.0
TH00369,T00369,WHEEL_LOADER,WL-390D2,Earth Excavation,INTERMEDIATE,3.0,ASPHALT_MILLINGS,1.4,210.6,ROLLING,8.1,3.0,WINDY,11.2,0.0,8244.0,1244.0,14.3,0.116,78.5,1541.0,140.4,152.9
TH00370,,WHEEL_LOADER,WL-972XE,Material Loading,BEGINNER,0.8,CLAY,1.6,1630.9,FLAT,0.0,17.4,CLOUDY,19.3,0.0,5324.0,2754.0,14.4,0.211,48.5,1309.0,500.6,608.6
TH00371,T00371,WHEEL_LOADER,WL-390D2,Material Loading,BEGINNER,1.6,GRAVEL,1.8,2486.8,ROLLING,8.1,3.9,SUNNY,16.2,0.0,,2988.0,14.3,0.23,41.2,1463.0,761.3,1167.3
TH00372,,DOZER,DZ-950D,Hauling,EXPERT,22.8,GRAVEL,1.8,2258.2,MOUNTAINOUS,10.8,32.7,RAINY,29.6,3.7,1085.0,1879.0,1.6,0.077,35.2,1876.0,1441.9,3136.9
TH00373,,WHEEL_LOADER,WL-972XE,Hauling,BEGINNER,0.6,ROCK_FILL,2.2,2273.4,FLAT,0.0,26.8,RAINY,10.2,10.0,1814.0,1139.0,14.4,0.24,51.8,1166.0,2270.0,4370.0
TH00374,,EXCAVATOR,EX-972XE,Material Loading,BEGINNER,2.3,GRAVEL,1.8,2099.6,FLAT,0.0,76.7,STORM,31.4,34.0,179.0,2254.0,3.7,0.218,57.1,1361.0,651.5,2329.3
TH00375,,COMPACTOR,CP-950,Soil Compaction,INTERMEDIATE,6.3,ROCK_FILL,2.2,4374.2,ROLLING,1.3,8.2,SUNNY,36.3,0.0,6115.0,1571.0,3.4,0.169,53.0,1560.0,154.7,196.6
TH00376,,WHEEL_LOADER,WL-390D2,Material Stockpiling,BEGINNER,0.8,TOPSOIL,1.3,1943.3,ROLLING,0.0,43.2,STORM,17.1,14.9,259.0,3152.0,14.3,0.156,57.3,1713.0,551.1,2207.6
TH00377,,ARTICULATED_HAULER,AH-349D,Hauling,INTERMEDIATE,7.0,GRAVEL,1.8,1725.6,ROLLING,5.7,12.1,SUNNY,33.6,0.0,5027.0,2539.0,0.8,0.225,71.3,1381.0,602.7,1144.8
TH00378,,MOTOR_GRADER,MG-390D2,Road Preparation,BEGINNER,1.8,ROCK_FILL,2.2,1241.8,FLAT,1.7,14.0,SUNNY,28.4,0.0,9519.0,204.0,8.3,0.163,48.9,2215.0,114.9,145.6
TH00379,T00379,WHEEL_LOADER,WL-986,Material Stockpiling,INTERMEDIATE,2.7,ASPHALT_MILLINGS,1.4,1287.1,MOUNTAINOUS,18.7,19.3,SUNNY,28.7,0.0,8760.0,702.0,11.8,0.085,,1349.0,288.7,436.8
TH00380,,EXCAVATOR,EX-226XE,Trenching,INTERMEDIATE,4.6,GRAVEL,1.8,495.8,FLAT,0.0,8.2,SUNNY,20.3,0.0,5030.0,2415.0,13.8,0.123,49.5,1373.0,299.6,314.9
TH00381,,BACKHOE_LOADER,BL-390,Trenching,BEGINNER,0.8,CRUSHED_STONE,1.7,413.5,FLAT,0.2,3.5,SUNNY,21.9,0.0,6749.0,873.0,10.5,0.173,61.7,1575.0,319.7,371.6
TH00382,T00382,EXCAVATOR,EX-320GC,Earth Excavation,EXPERT,14.9,TOPSOIL,1.3,556.5,MOUNTAINOUS,11.8,18.3,CLOUDY,26.0,0.0,9133.0,2620.0,5.3,0.044,63.5,1698.0,141.9,145.5
TH00383,,DOZER,DZ-986GC,Road Preparation,BEGINNER,1.6,TOPSOIL,1.3,5047.8,FLAT,0.7,15.5,CLOUDY,26.5,0.0,8134.0,322.0,12.0,0.178,63.9,2120.0,484.0,551.0
TH00384,,BACKHOE_LOADER,BL-986D,Trenching,INTERMEDIATE,7.7,ASPHALT_MILLINGS,1.4,338.9,FLAT,0.0,14.4,SUNNY,18.7,0.0,9268.0,2040.0,12.0,0.051,8.0,1492.0,194.2,183.1
TH00385,,COMPACTOR,CP-972D2,Material Loading,EXPERT,22.8,ROCK_FILL,2.2,1785.4,MOUNTAINOUS,30.1,14.8,CLOUDY,22.4,0.0,6653.0,3240.0,4.2,0.042,66.8,1326.0,768.3,1176.5
TH00386,T00386,WHEEL_LOADER,WL-390D2,Material Loading,INTERMEDIATE,5.0,CLAY,1.6,656.8,ROLLING,8.1,15.6,CLOUDY,27.6,0.0,9836.0,587.0,14.3,0.046,46.5,1595.0,156.5,184.5
TH00387,,WHEEL_LOADER,WL-390D2,Material Loading,INTERMEDIATE,5.0,CLAY,1.6,1646.8,ROLLING,1.5,11.2,CLOUDY,22.4,0.0,5145.0,2154.0,14.3,0.079,91.6,1704.0,378.4,349.2
TH00388,T00388,EXCAVATOR,EX-950D2,Demolition,INTERMEDIATE,3.9,TOPSOIL,1.3,1356.3,HILLY,12.2,7.7,SUNNY,20.9,0.0,5752.0,2133.0,3.2,0.176,87.8,1552.0,565.8,593.7
TH00389,,MOTOR_GRADER,MG-986XE,Grading,INTERMEDIATE,3.6,TOPSOIL,1.3,5572.9,FLAT,3.8,3.0,SUNNY,16.5,0.0,9180.0,451.0,12.4,0.208,38.9,1477.0,274.7,304.9
TH00390,T00390,EXCAVATOR,EX-972,Trenching,BEGINNER,0.5,SAND,1.5,132.9,UNEVEN,0.2,19.1,CLOUDY,30.3,0.0,7206.0,3291.0,7.8,0.139,34.8,1561.0,101.5,114.6
TH00391,T00391,EXCAVATOR,EX-226XE,Soil Compaction,INTERMEDIATE,3.9,ASPHALT_MILLINGS,1.4,3503.8,FLAT,0.4,33.1,STORM,28.3,12.4,,1337.0,13.8,0.219,54.9,1909.0,218.5,595.2
TH00392,T00392,WHEEL_LOADER,WL-390,Demolition,INTERMEDIATE,7.6,GRAVEL,1.8,665.0,UNEVEN,0.2,17.3,SUNNY,16.1,0.0,,126.0,9.6,0.084,48.3,2400.0,453.2,510.2
TH00393,,WHEEL_LOADER,WL-390D2,Trenching,INTERMEDIATE,7.0,TOPSOIL,1.3,497.3,ROLLING,9.8,12.8,CLOUDY,38.3,0.0,4098.0,1414.0,14.3,0.246,64.0,1767.0,584.0,852.3
TH00394,,COMPACTOR,CP-986D2,Road Preparation,EXPERT,20.5,SAND,1.5,1210.5,ROLLING,5.7,3.0,SUNNY,27.7,0.0,9044.0,173.0,8.3,0.149,27.2,1299.0,77.9,82.7
TH00395,,MOTOR_GRADER,MG-336GC,Material Loading,INTERMEDIATE,5.8,ASPHALT_MILLINGS,1.4,1724.6,FLAT,0.9,10.2,CLOUDY,31.9,0.0,7229.0,2795.0,10.0,0.068,70.6,1874.0,689.5,648.0
TH00396,T00396,BACKHOE_LOADER,BL-390,Trenching,BEGINNER,1.4,GRAVEL,1.8,382.3,FLAT,2.7,11.1,SUNNY,28.9,0.0,8702.0,3048.0,10.5,0.24,35.5,1581.0,282.7,382.3
TH00397,T00397,EXCAVATOR,EX-972,Trenching,EXPERT,14.9,CLAY,1.6,326.5,UNEVEN,0.2,5.3,CLOUDY,21.0,0.0,6965.0,544.0,7.8,0.077,63.2,1232.0,165.1,166.5
TH00398,,DOZER,DZ-950D,Material Stockpiling,EXPERT,11.3,TOPSOIL,1.3,2459.0,MOUNTAINOUS,12.5,21.2,CLOUDY,18.0,0.0,4032.0,3496.0,1.6,0.103,78.4,1720.0,439.8,854.8
TH00399,T00399,BACKHOE_LOADER,BL-986GC,Trenching,EXPERT,14.9,CRUSHED_STONE,1.7,184.6,MOUNTAINOUS,11.8,25.8,RAINY,21.5,13.1,1314.0,3145.0,7.3,0.037,49.6,2088.0,96.1,125.3
TH00400,,ARTICULATED_HAULER,AH-226D,Hauling,INTERMEDIATE,3.0,GRAVEL,1.8,1460.3,ROLLING,8.9,9.3,CLOUDY,36.6,0.0,4974.0,2173.0,2.4,0.087,56.7,1257.0,519.5,777.4
TH00401,T00401,MOTOR_GRADER,MG-220D2,Grading,INTERMEDIATE,5.0,TOPSOIL,1.3,2402.6,UNEVEN,0.8,12.2,CLOUDY,22.3,0.0,6893.0,2323.0,1.2,0.093,51.2,1555.0,115.9,112.4
TH00402,,BACKHOE_LOADER,BL-390,Trenching,INTERMEDIATE,3.6,ROCK_FILL,2.2,278.4,FLAT,4.4,8.3,WINDY,30.5,0.0,4909.0,863.0,10.5,0.157,67.4,1481.0,162.2,206.0
TH00403,T00403,COMPACTOR,CP-986D2,Road Preparation,EXPERT,22.8,ASPHALT_MILLINGS,1.4,2695.1,ROLLING,6.7,9.8,CLOUDY,19.7,0.0,8129.0,3259.0,8.3,0.01,69.0,1983.0,160.9,172.7
TH00404,,MOTOR_GRADER,MG-986D2,Grading,EXPERT,17.3,CRUSHED_STONE,1.7,1823.7,HILLY,11.0,3.0,CLOUDY,24.2,0.0,,1730.0,11.1,0.172,58.2,1410.0,73.8,105.0
TH00405,T00405,EXCAVATOR,EX-972,Material Loading,INTERMEDIATE,3.0,ROCK_FILL,2.2,1321.9,UNEVEN,0.2,10.5,CLOUDY,27.0,0.0,5689.0,3252.0,7.8,0.067,49.0,1426.0,331.3,316.9
TH00406,T00406,BACKHOE_LOADER,BL-390,Material Loading,BEGINNER,0.5,GRAVEL,1.8,1135.5,FLAT,2.7,14.4,SUNNY,12.0,0.0,6461.0,1974.0,10.5,0.307,48.4,1813.0,637.6,886.6
TH00407,T00407,EXCAVATOR,EX-390D2,Trenching,INTERMEDIATE,7.0,ROCK_FILL,2.2,474.7,FLAT,3.0,3.6,CLOUDY,23.5,0.0,5526.0,2934.0,14.3,0.256,72.2,1370.0,269.0,386.0
TH00408,T00408,EXCAVATOR,EX-950D2,Earth Excavation,EXPERT,12.7,CRUSHED_STONE,1.7,1135.8,HILLY,12.2,39.8,RAINY,17.8,12.9,1236.0,3067.0,3.2,0.044,72.3,1095.0,283.7,449.1
TH00409,T00409,EXCAVATOR,EX-140GC,Demolition,INTERMEDIATE,3.9,TOPSOIL,1.3,1100.1,UNEVEN,0.0,16.3,SUNNY,25.5,0.0,4199.0,2597.0,5.6,0.167,57.7,1526.0,448.9,458.2
TH00410,,EXCAVATOR,EX-220XE,Material Loading,INTERMEDIATE,6.3,ASPHALT_MILLINGS,1.4,2144.6,ROLLING,7.6,8.3,SUNNY,24.4,0.0,7195.0,3448.0,10.9,0.224,58.5,1405.0,486.2,573.2
TH00411,T00411,DOZER,DZ-986D2,Trenching,INTERMEDIATE,5.5,CLAY,1.6,98.7,FLAT,2.7,9.8,SUNNY,19.5,0.0,5422.0,274.0,13.6,0.232,57.9,1465.0,120.9,130.3
TH00412,,COMPACTOR,CP-950,Road Preparation,INTERMEDIATE,7.1,ROCK_FILL,2.2,2837.9,ROLLING,3.4,3.1,FOG,28.1,0.6,94.0,584.0,3.4,0.137,54.8,1511.0,206.0,311.3
TH00413,T00413,EXCAVATOR,EX-140GC,Trenching,INTERMEDIATE,7.0,SAND,1.5,438.5,UNEVEN,0.0,14.1,SUNNY,13.6,0.0,8174.0,1832.0,5.6,0.132,29.9,1324.0,264.0,232.5
TH00414,,DOZER,DZ-986D2,Road Preparation,BEGINNER,0.8,SAND,1.5,5733.7,FLAT,3.3,3.0,SUNNY,24.5,0.0,6148.0,3126.0,13.6,0.247,38.3,1620.0,544.1,680.7
TH00415,T00415,EXCAVATOR,EX-140GC,Material Loading,INTERMEDIATE,7.7,GRAVEL,1.8,2113.0,UNEVEN,0.0,18.4,SUNNY,23.4,0.0,6352.0,313.0,5.6,0.148,50.8,1609.0,482.0,587.3
TH00416,,ARTICULATED_HAULER,AH-349D,Hauling,INTERMEDIATE,5.8,ROCK_FILL,2.2,1416.9,ROLLING,5.5,18.8,SUNNY,,0.0,6158.0,378.0,0.8,0.158,63.2,1674.0,495.0,639.7
TH00417,T00417,WHEEL_LOADER,WL-986,Material Loading,BEGINNER,2.0,CRUSHED_STONE,1.7,751.5,MOUNTAINOUS,18.7,15.3,FOG,24.1,0.2,258.0,521.0,11.8,0.143,94.7,1455.0,235.0,522.2
TH00418,,COMPACTOR,CP-950,Road Preparation,BEGINNER,2.0,CLAY,1.6,4918.7,ROLLING,5.3,28.3,CLOUDY,28.4,0.0,3114.0,1530.0,3.4,0.247,43.6,1317.0,468.2,496.2
TH00419,,MOTOR_GRADER,MG-220D2,Material Stockpiling,EXPERT,12.7,TOPSOIL,1.3,1574.9,UNEVEN,0.0,18.5,SUNNY,13.3,0.0,5769.0,905.0,1.2,0.01,73.8,1453.0,436.8,417.1
TH00420,,WHEEL_LOADER,WL-390D2,Material Loading,BEGINNER,0.8,TOPSOIL,1.3,159.5,ROLLING,6.2,3.3,SUNNY,28.3,0.0,5922.0,2028.0,14.3,0.147,61.0,1848.0,51.5,57.5
TH00421,T00421,WHEEL_LOADER,WL-986,Material Loading,BEGINNER,1.6,CRUSHED_STONE,1.7,359.2,MOUNTAINOUS,18.7,8.5,CLOUDY,15.8,0.0,5422.0,1587.0,11.8,0.251,22.9,1665.0,108.7,148.6
TH00422,,DOZER,DZ-986GC,Hauling,BEGINNER,1.0,TOPSOIL,1.3,1956.2,FLAT,0.0,12.4,WINDY,31.8,0.0,7943.0,981.0,12.0,0.238,67.2,1245.0,1713.8,2672.3
TH00423,,WHEEL_LOADER,WL-390,Material Loading,EXPERT,12.7,TOPSOIL,1.3,999.4,UNEVEN,4.9,4.0,SUNNY,27.7,0.0,6989.0,3020.0,9.6,0.13,48.2,1629.0,204.0,219.7
TH00424,,BACKHOE_LOADER,BL-390,Trenching,INTERMEDIATE,3.9,CRUSHED_STONE,1.7,563.2,FLAT,4.4,28.0,RAINY,23.0,10.3,434.0,2619.0,10.5,0.12,65.5,1583.0,331.0,545.1
TH00425,,COMPACTOR,CP-986D2,Soil Compaction,EXPERT,23.6,ASPHALT_MILLINGS,1.4,3393.0,ROLLING,4.1,23.5,RAINY,32.4,3.6,1640.0,2345.0,8.3,0.144,49.9,1637.0,106.1,142.0
TH00426,,EXCAVATOR,EX-220XE,Road Preparation,INTERMEDIATE,7.6,TOPSOIL,1.3,3342.7,ROLLING,10.4,15.9,RAINY,26.4,2.7,1588.0,2847.0,10.9,0.053,73.5,2400.0,378.8,550.2
TH00427,,DOZER,DZ-349D,Hauling,BEGINNER,1.6,ASPHALT_MILLINGS,1.4,1335.5,ROLLING,10.0,13.0,CLOUDY,23.2,0.0,6657.0,2958.0,10.1,0.283,69.3,1838.0,1006.6,2089.1
TH00428,T00428,MOTOR_GRADER,MG-390D2,Road Preparation,INTERMEDIATE,3.9,CLAY,1.6,1883.5,FLAT,3.0,10.5,SUNNY,18.4,0.0,8918.0,2091.0,8.3,0.148,75.9,1739.0,136.0,127.1
TH00429,,COMPACTOR,CP-972D2,Earth Excavation,EXPERT,14.9,GRAVEL,1.8,675.9,MOUNTAINOUS,24.4,25.5,SUNNY,36.4,0.0,5685.0,3069.0,4.2,0.01,76.9,1526.0,365.7,387.1
TH00430,,BACKHOE_LOADER,BL-220GC,Trenching,INTERMEDIATE,6.7,SAND,1.5,103.0,UNEVEN,2.9,51.5,STORM,27.7,20.2,276.0,386.0,3.0,0.128,78.1,1508.0,62.0,134.4
TH00431,,EXCAVATOR,EX-972XE,Material Loading,INTERMEDIATE,4.6,CRUSHED_STONE,1.7,2488.0,FLAT,0.1,17.4,SUNNY,22.0,0.0,6592.0,548.0,3.7,0.137,97.6,1897.0,591.3,591.5
TH00432,,MOTOR_GRADER,MG-160D,Grading,BEGINNER,0.6,CLAY,1.6,5680.8,UNEVEN,0.0,17.8,WINDY,26.3,0.0,5074.0,1170.0,7.7,0.18,55.2,1561.0,359.2,401.4
TH00433,,EXCAVATOR,EX-140GC,Demolition,INTERMEDIATE,3.9,ASPHALT_MILLINGS,1.4,81.8,UNEVEN,0.0,3.0,WINDY,13.0,0.0,3858.0,844.0,5.6,0.095,73.6,1496.0,33.8,34.5
TH00434,,EXCAVATOR,EX-336XE,Trenching,EXPERT,20.5,GRAVEL,1.8,173.9,UNEVEN,2.8,46.7,STORM,36.8,20.9,,3400.0,4.7,0.23,67.5,1635.0,90.0,259.9
TH00435,T00435,MOTOR_GRADER,MG-986D2,Road Preparation,BEGINNER,0.8,ASPHALT_MILLINGS,1.4,3695.0,HILLY,12.2,7.5,SUNNY,28.9,0.0,6620.0,856.0,11.1,0.164,49.6,1646.0,361.7,446.3
TH00436,T00436,WHEEL_LOADER,WL-972XE,Material Loading,BEGINNER,2.0,ASPHALT_MILLINGS,1.4,161.6,FLAT,0.7,9.3,WINDY,22.4,0.0,7407.0,2466.0,14.4,0.309,80.7,1452.0,49.7,65.5
TH00437,,BACKHOE_LOADER,BL-986D,Trenching,BEGINNER,0.5,CLAY,1.6,125.2,FLAT,3.5,13.8,WINDY,32.5,0.0,4494.0,2557.0,12.0,0.208,47.2,1223.0,94.4,115.1
TH00438,,WHEEL_LOADER,WL-390D2,Material Stockpiling,EXPERT,17.3,ROCK_FILL,2.2,1026.2,ROLLING,9.5,13.9,SUNNY,32.7,0.0,8043.0,865.0,14.3,0.145,100.0,1395.0,179.8,264.9
TH00439,,DOZER,DZ-986GC,Earth Excavation,INTERMEDIATE,6.3,ROCK_FILL,2.2,844.5,FLAT,0.0,4.5,CLOUDY,37.4,0.0,3398.0,2294.0,12.0,0.254,44.4,1500.0,514.0,709.6
TH00440,,EXCAVATOR,EX-950D2,Material Loading,EXPERT,23.4,CRUSHED_STONE,1.7,519.8,HILLY,14.6,40.2,RAINY,20.7,8.1,809.0,1356.0,3.2,0.044,36.1,1546.0,103.0,178.6
TH00441,,EXCAVATOR,EX-950D2,Trenching,BEGINNER,2.5,TOPSOIL,1.3,120.5,HILLY,13.0,17.5,WINDY,29.8,0.0,3532.0,1401.0,3.2,0.26,61.3,2220.0,90.5,114.2
TH00442,,BACKHOE_LOADER,BL-986GC,Trenching,INTERMEDIATE,3.9,GRAVEL,1.8,462.6,ROLLING,10.3,8.3,CLOUDY,,0.0,5837.0,1803.0,10.6,0.152,76.6,1668.0,275.9,308.8
TH00443,,MOTOR_GRADER,MG-390D2,Road Preparation,INTERMEDIATE,7.1,GRAVEL,1.8,2729.8,FLAT,4.5,30.4,SUNNY,44.5,0.0,9905.0,1031.0,8.3,0.191,47.1,1469.0,200.1,205.7
TH00444,T00444,MOTOR_GRADER,MG-986XE,Hauling,BEGINNER,0.5,TOPSOIL,1.3,471.6,FLAT,0.4,18.5,SUNNY,17.9,0.0,4642.0,1693.0,12.4,0.286,,1428.0,379.5,577.1
TH00445,,COMPACTOR,CP-950,Material Stockpiling,BEGINNER,1.5,GRAVEL,1.8,594.7,ROLLING,7.6,16.0,SUNNY,25.3,0.0,7551.0,1631.0,3.4,0.279,44.9,1548.0,303.0,501.3
TH00446,,EXCAVATOR,EX-972,Material Stockpiling,INTERMEDIATE,5.0,ASPHALT_MILLINGS,1.4,1296.5,UNEVEN,1.7,12.7,SUNNY,13.9,0.0,7175.0,500.0,7.8,0.014,66.8,1308.0,623.8,565.1
TH00447,T00447,BACKHOE_LOADER,BL-390D2,Grading,BEGINNER,1.0,SAND,1.5,4484.6,UNEVEN,2.8,18.0,SUNNY,28.9,0.0,8896.0,367.0,4.2,0.203,54.8,1340.0,442.3,481.4
TH00448,,ARTICULATED_HAULER,AH-140D2,Hauling,EXPERT,23.6,GRAVEL,1.8,1509.1,ROLLING,4.2,17.1,SUNNY,13.5,0.0,,2631.0,7.4,0.231,41.5,1642.0,443.2,683.5
TH00449,,ARTICULATED_HAULER,AH-336,Hauling,INTERMEDIATE,4.6,CRUSHED_STONE,1.7,2144.9,UNEVEN,1.5,11.0,FOG,41.8,0.2,237.0,749.0,8.5,0.246,11.9,1686.0,738.9,1397.3
TH00450,,WHEEL_LOADER,WL-336,Material Loading,BEGINNER,1.5,ASPHALT_MILLINGS,1.4,1089.5,ROLLING,4.5,28.1,RAINY,35.5,14.2,1320.0,3225.0,7.7,0.206,29.3,1459.0,335.5,556.2
TH00451,,COMPACTOR,CP-950,Material Loading,INTERMEDIATE,5.5,ROCK_FILL,2.2,1953.3,ROLLING,13.5,13.6,WINDY,26.9,0.0,8226.0,2468.0,3.4,0.027,98.2,1772.0,1019.3,1266.3
TH00452,,DOZER,DZ-986GC,Material Stockpiling,INTERMEDIATE,6.3,SAND,1.5,2203.0,FLAT,0.4,6.8,SUNNY,18.0,0.0,,1767.0,12.0,0.189,56.8,1414.0,464.5,637.1
TH00453,,MOTOR_GRADER,MG-220D2,Grading,EXPERT,14.9,ASPHALT_MILLINGS,1.4,5830.6,UNEVEN,9.4,16.2,RAINY,22.4,5.5,1848.0,1940.0,1.2,0.133,55.8,1597.0,228.1,322.1
TH00454,T00454,BACKHOE_LOADER,BL-390,Trenching,INTERMEDIATE,7.1,TOPSOIL,1.3,524.3,FLAT,2.7,10.7,SUNNY,29.6,0.0,8117.0,762.0,10.5,0.137,60.5,1417.0,296.5,386.2
TH00455,T00455,DOZER,DZ-349D,Road Preparation,INTERMEDIATE,3.6,CRUSHED_STONE,1.7,3788.8,ROLLING,6.7,9.0,WINDY,34.2,0.0,6808.0,1473.0,10.1,0.148,77.0,1637.0,286.4,308.8
TH00456,T00456,WHEEL_LOADER,WL-336,Demolition,INTERMEDIATE,2.6,CLAY,1.6,1272.8,ROLLING,8.1,8.8,CLOUDY,28.0,0.0,4722.0,3324.0,7.7,0.107,63.8,1437.0,1199.2,1547.5
TH00457,T00457,BACKHOE_LOADER,BL-986D,Trenching,INTERMEDIATE,6.4,CLAY,1.6,416.0,FLAT,3.0,13.5,SUNNY,36.1,0.0,7245.0,2974.0,12.0,0.11,47.7,1736.0,245.1,303.4
TH00458,T00458,DOZER,DZ-950D,Demolition,INTERMEDIATE,2.6,SAND,1.5,728.2,MOUNTAINOUS,11.8,13.0,RAINY,25.6,2.7,1165.0,554.0,1.6,0.24,66.2,1253.0,302.2,548.1
TH00459,T00459,MOTOR_GRADER,MG-390D2,Trenching,INTERMEDIATE,6.7,SAND,1.5,594.0,FLAT,3.0,14.8,WINDY,20.2,0.0,5969.0,1091.0,8.3,0.037,69.8,1519.0,615.7,663.7
TH00460,,EXCAVATOR,EX-972,Material Loading,INTERMEDIATE,3.6,CRUSHED_STONE,1.7,912.7,UNEVEN,4.4,21.9,CLOUDY,21.5,0.0,6927.0,692.0,7.8,0.174,67.7,1444.0,216.2,253.7
TH00461,T00461,MOTOR_GRADER,MG-986XE,Earth Excavation,EXPERT,14.9,CRUSHED_STONE,1.7,626.9,FLAT,0.4,16.8,SUNNY,21.9,0.0,4134.0,3110.0,12.4,0.05,45.0,1332.0,274.1,277.0
TH00462,,EXCAVATOR,EX-336XE,Trenching,BEGINNER,0.8,TOPSOIL,1.3,289.5,UNEVEN,1.4,22.1,RAINY,16.1,8.1,,877.0,4.7,0.151,33.6,1499.0,233.7,323.8
TH00463,,WHEEL_LOADER,WL-390,Material Loading,INTERMEDIATE,3.6,CRUSHED_STONE,1.7,654.8,UNEVEN,1.7,15.6,SUNNY,28.1,0.0,8717.0,980.0,9.6,0.187,,1841.0,164.9,196.8
TH00464,,COMPACTOR,CP-986D2,Road Preparation,INTERMEDIATE,6.8,ROCK_FILL,2.2,3002.1,ROLLING,4.4,17.8,CLOUDY,31.0,0.0,6389.0,88.0,8.3,0.122,64.5,1683.0,218.3,213.9
TH00465,,EXCAVATOR,EX-972,Demolition,EXPERT,22.8,ROCK_FILL,2.2,262.2,UNEVEN,2.3,26.7,RAINY,17.2,1.1,1578.0,944.0,7.8,0.066,96.8,1133.0,89.6,117.4
TH00466,T00466,DOZER,DZ-160GC,Demolition,INTERMEDIATE,6.7,CRUSHED_STONE,1.7,1368.6,MOUNTAINOUS,18.7,13.6,CLOUDY,22.8,0.0,4228.0,3109.0,14.4,0.064,77.9,1595.0,527.4,692.1
TH00467,,MOTOR_GRADER,MG-390D2,Grading,INTERMEDIATE,6.7,TOPSOIL,1.3,1427.8,FLAT,6.0,4.2,SUNNY,19.9,0.0,8376.0,1313.0,8.3,0.084,,1994.0,67.3,76.1
TH00468,,EXCAVATOR,EX-972,Earth Excavation,INTERMEDIATE,2.1,TOPSOIL,1.3,172.8,UNEVEN,0.0,7.7,CLOUDY,24.5,0.0,4126.0,1229.0,7.8,0.195,100.0,1886.0,53.8,58.0
TH00469,,BACKHOE_LOADER,BL-390D2,Trenching,BEGINNER,0.5,SAND,1.5,255.4,UNEVEN,1.2,8.4,CLOUDY,27.4,0.0,7884.0,3394.0,4.2,0.231,54.1,1738.0,195.4,221.9
TH00470,,COMPACTOR,CP-950,Road Preparation,BEGINNER,2.0,CLAY,1.6,4761.9,ROLLING,1.5,19.4,RAINY,23.1,6.2,1834.0,2723.0,3.4,0.273,40.0,1539.0,440.9,654.7
TH00471,,EXCAVATOR,EX-320GC,Material Loading,EXPERT,20.5,CLAY,1.6,2102.2,MOUNTAINOUS,13.4,10.6,SUNNY,19.8,0.0,8636.0,308.0,5.3,0.16,26.0,1261.0,433.4,504.6
TH00472,,EXCAVATOR,EX-140GC,Material Stockpiling,BEGINNER,0.8,ASPHALT_MILLINGS,1.4,2210.7,UNEVEN,0.0,11.1,CLOUDY,27.1,0.0,3075.0,2848.0,5.6,0.175,62.6,1544.0,1041.9,1621.2
TH00473,,MOTOR_GRADER,MG-986XE,Trenching,EXPERT,14.9,SAND,1.5,276.2,FLAT,0.0,15.6,SUNNY,22.6,0.0,5318.0,603.0,12.4,0.142,38.0,1937.0,228.8,239.4
TH00474,T00474,EXCAVATOR,EX-140GC,Demolition,EXPERT,23.4,GRAVEL,1.8,1357.2,UNEVEN,0.0,14.8,FOG,18.5,0.9,210.0,3071.0,5.6,0.055,84.7,1615.0,482.5,625.5
TH00475,,DOZER,DZ-349D,Material Stockpiling,INTERMEDIATE,6.7,CRUSHED_STONE,1.7,665.5,ROLLING,1.4,8.0,SUNNY,20.7,0.0,9928.0,120.0,10.1,0.069,35.0,1719.0,139.1,144.6
TH00476,,EXCAVATOR,EX-226XE,Trenching,INTERMEDIATE,5.5,SAND,1.5,412.3,FLAT,0.4,3.0,CLOUDY,29.2,0.0,6969.0,1249.0,13.8,0.088,,2041.0,234.5,239.7
TH00477,,WHEEL_LOADER,WL-986,Material Stockpiling,EXPERT,19.9,ROCK_FILL,2.2,500.7,MOUNTAINOUS,16.9,3.5,CLOUDY,33.9,0.0,8396.0,3447.0,11.8,0.14,52.9,1735.0,94.0,247.6
TH00478,T00478,BACKHOE_LOADER,BL-986D,Trenching,INTERMEDIATE,7.1,SAND,1.5,151.8,FLAT,3.0,9.1,CLOUDY,22.6,0.0,5813.0,580.0,12.0,0.196,34.8,1289.0,87.9,106.8
TH00479,,WHEEL_LOADER,WL-140XE,Material Stockpiling,EXPERT,22.8,TOPSOIL,1.3,1791.4,UNEVEN,0.0,24.8,RAINY,23.0,1.1,1217.0,3399.0,8.1,0.131,63.3,1470.0,331.7,715.3
TH00480,,BACKHOE_LOADER,BL-986GC,Trenching,BEGINNER,0.8,CLAY,1.6,101.0,MOUNTAINOUS,14.6,9.4,CLOUDY,35.0,0.0,4629.0,2085.0,7.3,0.313,44.6,1796.0,80.8,119.7
TH00481,,MOTOR_GRADER,MG-336GC,Demolition,BEGINNER,1.0,GRAVEL,1.8,1353.2,FLAT,5.1,15.4,CLOUDY,12.7,0.0,8956.0,250.0,10.0,0.221,36.8,1450.0,1359.7,1580.6
TH00482,,WHEEL_LOADER,WL-140XE,Material Stockpiling,INTERMEDIATE,2.6,ROCK_FILL,2.2,975.6,UNEVEN,0.0,8.8,SUNNY,31.0,0.0,,2607.0,8.1,0.218,79.9,1886.0,210.3,338.0
TH00483,,ARTICULATED_HAULER,AH-349D,Hauling,BEGINNER,2.0,CRUSHED_STONE,1.7,1498.8,ROLLING,3.9,22.2,SUNNY,27.2,0.0,5620.0,228.0,0.8,0.275,71.0,1530.0,680.6,878.7
TH00484,T00484,EXCAVATOR,EX-972XE,Material Loading,EXPERT,11.3,CLAY,1.6,654.1,FLAT,0.4,7.6,WINDY,13.1,0.0,8385.0,387.0,3.7,0.16,38.7,1451.0,130.2,144.6
TH00485,T00485,COMPACTOR,CP-986D2,Road Preparation,BEGINNER,1.8,ASPHALT_MILLINGS,1.4,2488.8,ROLLING,6.7,3.0,FOG,35.7,0.5,248.0,247.0,8.3,0.338,55.5,1828.0,226.6,409.0
TH00486,T00486,EXCAVATOR,EX-220XE,Earth Excavation,INTERMEDIATE,3.9,SAND,1.5,1278.1,ROLLING,5.5,5.9,SUNNY,31.4,0.0,5547.0,172.0,10.9,0.078,40.3,1221.0,384.8,422.9
TH00487,,EXCAVATOR,EX-950D2,Earth Excavation,INTERMEDIATE,3.6,SAND,1.5,299.0,HILLY,12.3,40.0,RAINY,9.9,11.3,451.0,2627.0,3.2,0.18,78.0,1620.0,89.8,155.1
TH00488,T00488,MOTOR_GRADER,MG-986XE,Grading,INTERMEDIATE,3.0,CLAY,1.6,2645.5,FLAT,0.4,16.0,RAINY,28.6,8.7,662.0,2285.0,12.4,0.153,48.2,1555.0,135.0,230.5
TH00489,T00489,DOZER,DZ-986D2,Demolition,BEGINNER,2.5,ASPHALT_MILLINGS,1.4,593.3,FLAT,2.7,10.2,WINDY,29.3,0.0,7433.0,1611.0,13.6,0.164,45.2,2003.0,288.6,398.2
TH00490,,EXCAVATOR,EX-950D2,Soil Compaction,INTERMEDIATE,6.4,TOPSOIL,1.3,5086.5,HILLY,15.4,18.5,CLOUDY,18.3,0.0,8471.0,759.0,3.2,0.103,57.5,1380.0,346.6,413.4
TH00491,,WHEEL_LOADER,WL-390,Material Loading,BEGINNER,0.5,CLAY,1.6,1599.0,UNEVEN,0.0,15.7,SUNNY,26.8,0.0,6112.0,1381.0,9.6,0.207,51.6,1644.0,495.2,518.9
TH00492,,EXCAVATOR,EX-336XE,Material Loading,INTERMEDIATE,4.6,CLAY,1.6,1936.2,UNEVEN,0.0,20.9,RAINY,23.4,3.0,335.0,1949.0,4.7,0.172,23.1,1721.0,458.4,696.9
TH00493,,ARTICULATED_HAULER,AH-120D2,Hauling,EXPERT,15.9,ASPHALT_MILLINGS,1.4,304.9,UNEVEN,6.7,18.4,CLOUDY,25.5,0.0,8559.0,664.0,2.8,0.133,51.1,1329.0,87.8,107.6
TH00494,,BACKHOE_LOADER,BL-390D2,Grading,INTERMEDIATE,5.1,TOPSOIL,1.3,1164.2,UNEVEN,0.0,20.0,SUNNY,29.8,0.0,6305.0,3145.0,4.2,0.165,84.2,1796.0,98.0,92.0
TH00495,T00495,MOTOR_GRADER,MG-986XE,Earth Excavation,BEGINNER,2.5,CLAY,1.6,490.2,FLAT,0.4,4.0,SUNNY,30.7,0.0,6719.0,1494.0,12.4,0.172,57.8,2196.0,343.9,363.1
TH00496,T00496,DOZER,DZ-986GC,Material Stockpiling,INTERMEDIATE,6.4,TOPSOIL,1.3,2275.4,FLAT,0.7,10.1,CLOUDY,21.0,0.0,5814.0,1886.0,12.0,0.126,64.7,1233.0,479.9,597.4
TH00497,,MOTOR_GRADER,MG-160D,Grading,BEGINNER,2.5,ASPHALT_MILLINGS,1.4,1972.9,UNEVEN,5.8,13.8,SUNNY,20.4,0.0,8362.0,3121.0,7.7,0.222,49.8,1952.0,118.2,124.7
TH00498,T00498,WHEEL_LOADER,WL-390,Material Stockpiling,INTERMEDIATE,5.5,CLAY,1.6,438.1,UNEVEN,0.2,38.7,RAINY,23.2,9.8,1566.0,1533.0,9.6,0.109,,1122.0,94.9,172.3
TH00499,,BACKHOE_LOADER,BL-390,Trenching,INTERMEDIATE,5.1,ASPHALT_MILLINGS,1.4,173.1,FLAT,5.0,3.0,SUNNY,32.6,0.0,6840.0,1251.0,10.5,0.167,69.2,2400.0,102.9,109.8
TH00500,,DOZER,DZ-972,Demolition,INTERMEDIATE,5.5,ROCK_FILL,2.2,1190.0,UNEVEN,0.9,24.0,RAINY,22.6,7.3,1856.0,2034.0,2.3,0.094,66.5,1562.0,479.1,655.3
TH00501,,WHEEL_LOADER,WL-390D2,Material Stockpiling,INTERMEDIATE,7.7,ASPHALT_MILLINGS,1.4,2034.0,ROLLING,5.3,40.0,RAINY,28.2,13.4,1685.0,3313.0,14.3,0.159,56.0,1534.0,421.1,1363.0
TH00502,,MOTOR_GRADER,MG-986D2,Hauling,INTERMEDIATE,5.1,GRAVEL,1.8,1471.1,HILLY,11.0,17.5,FOG,23.6,0.3,294.0,1261.0,11.1,0.119,44.0,2099.0,1016.7,2396.9
TH00503,T00503,WHEEL_LOADER,WL-390D2,Material Loading,INTERMEDIATE,2.7,GRAVEL,1.8,1607.0,ROLLING,8.1,10.3,SUNNY,27.6,0.0,7940.0,148.0,14.3,0.112,49.2,1523.0,401.0,562.4
TH00504,,BACKHOE_LOADER,BL-986GC,Trenching,INTERMEDIATE,5.8,CLAY,1.6,422.9,ROLLING,8.4,20.9,SUNNY,11.1,0.0,9855.0,1196.0,10.6,0.187,71.3,1640.0,243.2,319.5
TH00505,T00505,BACKHOE_LOADER,BL-390,Trenching,INTERMEDIATE,7.6,SAND,1.5,590.4,FLAT,2.7,8.0,WINDY,35.6,0.0,3133.0,2801.0,10.5,0.125,29.2,2171.0,354.4,377.2
TH00506,T00506,WHEEL_LOADER,WL-336,Material Loading,INTERMEDIATE,5.1,ASPHALT_MILLINGS,1.4,2499.9,ROLLING,8.1,11.2,CLOUDY,19.4,0.0,7628.0,2105.0,7.7,0.16,58.8,2255.0,605.1,687.0
TH00507,,ARTICULATED_HAULER,AH-120D2,Hauling,EXPERT,7.3,SAND,1.5,1459.3,UNEVEN,1.3,12.6,SUNNY,28.7,0.0,9830.0,1963.0,2.8,0.025,30.0,2020.0,420.6,505.9
TH00508,,WHEEL_LOADER,WL-972XE,Material Stockpiling,BEGINNER,0.8,CLAY,1.6,1990.8,FLAT,1.8,58.1,STORM,9.5,20.4,301.0,3012.0,14.4,0.251,57.3,1485.0,555.8,2966.8
TH00509,T00509,EXCAVATOR,EX-972,Earth Excavation,BEGINNER,0.5,SAND,1.5,231.3,UNEVEN,0.2,15.3,CLOUDY,20.4,0.0,,1257.0,7.8,0.31,75.1,1521.0,93.4,93.6
TH00510,T00510,DOZER,DZ-160GC,Material Stockpiling,BEGINNER,0.8,ASPHALT_MILLINGS,1.4,309.2,MOUNTAINOUS,18.7,3.5,SUNNY,23.0,0.0,6101.0,215.0,14.4,0.161,28.6,1455.0,84.4,145.8
TH00511,,BACKHOE_LOADER,BL-986GC,Road Preparation,EXPERT,7.3,ROCK_FILL,2.2,3177.6,ROLLING,6.2,3.0,CLOUDY,38.9,0.0,4617.0,1489.0,10.6,0.01,53.4,2163.0,388.4,424.2
TH00512,,ARTICULATED_HAULER,AH-226D,Material Stockpiling,BEGINNER,0.6,CLAY,1.6,1733.3,ROLLING,13.9,33.1,STORM,33.9,9.4,220.0,1297.0,2.4,0.261,33.1,1452.0,1103.5,3925.1
TH00513,,DOZER,DZ-349D,Material Stockpiling,BEGINNER,2.3,GRAVEL,1.8,1645.7,ROLLING,6.2,19.6,SUNNY,22.0,0.0,9076.0,1080.0,10.1,0.245,32.6,1803.0,445.5,675.8
TH00514,,WHEEL_LOADER,WL-972XE,Soil Compaction,BEGINNER,2.5,CRUSHED_STONE,1.7,391.3,FLAT,4.1,3.0,CLOUDY,31.6,0.0,4956.0,3057.0,14.4,0.259,65.4,1471.0,33.2,42.5
TH00515,,DOZER,DZ-986GC,Road Preparation,EXPERT,15.9,SAND,1.5,1970.6,FLAT,1.1,4.2,CLOUDY,22.0,0.0,4949.0,2582.0,12.0,0.139,67.3,1615.0,125.0,142.8
TH00516,,COMPACTOR,CP-986D2,Hauling,EXPERT,14.9,TOPSOIL,1.3,398.4,ROLLING,5.6,13.9,WINDY,21.1,0.0,7528.0,3210.0,8.3,0.108,88.0,1638.0,225.1,368.7
TH00517,T00517,BACKHOE_LOADER,BL-986GC,Trenching,BEGINNER,1.4,CRUSHED_STONE,1.7,242.0,MOUNTAINOUS,11.8,10.0,CLOUDY,31.5,0.0,8540.0,1175.0,7.3,0.314,59.9,1218.0,191.1,237.3
TH00518,,MOTOR_GRADER,MG-220D2,Road Preparation,BEGINNER,2.5,TOPSOIL,1.3,4544.7,UNEVEN,0.0,15.9,CLOUDY,26.6,0.0,3056.0,1515.0,1.2,0.233,56.5,1525.0,421.7,427.2
TH00519,T00519,EXCAVATOR,EX-390D2,Trenching,EXPERT,11.3,ASPHALT_MILLINGS,1.4,566.2,FLAT,3.0,11.2,CLOUDY,38.0,0.0,7673.0,3125.0,14.3,0.142,60.3,1833.0,275.3,297.8
TH00520,,EXCAVATOR,EX-336XE,Trenching,INTERMEDIATE,7.1,ROCK_FILL,2.2,140.5,UNEVEN,0.6,3.0,SUNNY,24.4,0.0,7214.0,106.0,4.7,0.091,39.6,1673.0,84.7,83.2
TH00521,T00521,EXCAVATOR,EX-390D2,Road Preparation,INTERMEDIATE,7.0,ROCK_FILL,2.2,5417.8,FLAT,3.0,18.1,RAINY,28.0,4.5,1523.0,2626.0,14.3,0.21,47.3,1045.0,884.4,1479.7
TH00522,,DOZER,DZ-986D2,Material Stockpiling,BEGINNER,1.0,CLAY,1.6,2117.5,FLAT,6.7,25.6,CLOUDY,19.0,0.0,6445.0,2781.0,13.6,0.345,67.8,1422.0,586.6,1528.1
TH00523,,BACKHOE_LOADER,BL-220GC,Trenching,INTERMEDIATE,3.6,TOPSOIL,1.3,296.2,UNEVEN,0.0,3.0,SUNNY,41.8,0.0,7449.0,1845.0,3.0,0.25,52.3,1689.0,179.2,185.9
TH00524,,MOTOR_GRADER,MG-220D2,Soil Compaction,BEGINNER,2.0,GRAVEL,1.8,4643.7,UNEVEN,1.9,13.3,WINDY,13.7,0.0,6674.0,1106.0,1.2,0.267,11.0,1738.0,432.1,522.4
TH00525,T00525,DOZER,DZ-950D,Material Stockpiling,BEGINNER,2.5,SAND,1.5,501.0,MOUNTAINOUS,11.8,19.3,SUNNY,,0.0,5228.0,2327.0,1.6,0.165,85.2,1849.0,129.3,212.6
TH00526,T00526,MOTOR_GRADER,MG-390D2,Road Preparation,BEGINNER,1.6,TOPSOIL,1.3,5403.9,FLAT,3.0,77.2,STORM,24.9,28.8,138.0,2939.0,8.3,0.268,35.1,1735.0,495.6,1826.5
TH00527,,EXCAVATOR,EX-320GC,Material Loading,INTERMEDIATE,5.8,ASPHALT_MILLINGS,1.4,547.7,MOUNTAINOUS,14.1,10.6,CLOUDY,9.4,0.0,3069.0,323.0,5.3,0.091,68.7,1625.0,133.0,155.6
TH00528,,EXCAVATOR,EX-140GC,Material Loading,EXPERT,15.9,SAND,1.5,1852.7,UNEVEN,0.0,48.1,RAINY,33.3,13.0,1423.0,856.0,5.6,0.149,57.2,1498.0,383.1,609.2
TH00529,,WHEEL_LOADER,WL-972XE,Material Stockpiling,BEGINNER,2.3,GRAVEL,1.8,982.5,FLAT,0.0,14.8,WINDY,19.3,0.0,5945.0,2774.0,14.4,0.283,64.5,1182.0,261.7,515.8
TH00530,,BACKHOE_LOADER,BL-390,Trenching,BEGINNER,2.0,GRAVEL,1.8,473.0,FLAT,2.0,21.1,SUNNY,24.6,0.0,6193.0,3305.0,10.5,0.222,44.9,1624.0,347.2,366.9
TH00531,,EXCAVATOR,EX-972,Material Loading,INTERMEDIATE,3.6,SAND,1.5,344.4,UNEVEN,0.3,9.3,SUNNY,12.4,0.0,9997.0,3285.0,7.8,0.19,,1412.0,83.5,95.8
TH00532,,EXCAVATOR,EX-320GC,Soil Compaction,EXPERT,23.6,CRUSHED_STONE,1.7,1425.4,MOUNTAINOUS,9.6,3.0,CLOUDY,,0.0,4132.0,2574.0,5.3,0.159,72.4,1448.0,70.2,77.4
TH00533,T00533,DOZER,DZ-349D,Trenching,BEGINNER,1.8,CLAY,1.6,560.5,ROLLING,6.7,21.8,WINDY,23.4,0.0,8399.0,724.0,10.1,0.261,88.5,1260.0,962.6,1311.4
TH00534,T00534,BACKHOE_LOADER,BL-986GC,Hauling,BEGINNER,0.5,CLAY,1.6,1434.3,MOUNTAINOUS,11.8,5.2,WINDY,25.0,0.0,3837.0,1565.0,7.3,0.201,41.5,1475.0,1022.4,1615.9
TH00535,T00535,DOZER,DZ-986D2,Material Stockpiling,EXPERT,17.3,CRUSHED_STONE,1.7,102.3,FLAT,2.7,7.1,CLOUDY,20.3,0.0,7494.0,1782.0,13.6,0.153,42.1,1690.0,18.2,27.8
TH00536,T00536,BACKHOE_LOADER,BL-390D2,Trenching,INTERMEDIATE,6.4,CLAY,1.6,342.8,UNEVEN,2.8,17.3,CLOUDY,23.0,0.0,8343.0,2362.0,4.2,0.116,86.7,1291.0,192.5,207.1
TH00537,,EXCAVATOR,EX-226D2,Material Loading,BEGINNER,1.8,CLAY,1.6,919.0,MOUNTAINOUS,14.5,3.0,SUNNY,34.8,0.0,6177.0,405.0,1.1,0.328,81.9,1892.0,291.6,368.3
TH00538,,BACKHOE_LOADER,BL-986D,Earth Excavation,BEGINNER,2.5,CLAY,1.6,1050.6,FLAT,5.0,12.1,CLOUDY,23.3,0.0,3873.0,3296.0,12.0,0.187,57.7,1972.0,769.7,927.0
TH00539,,MOTOR_GRADER,MG-390D2,Grading,BEGINNER,1.5,TOPSOIL,1.3,5889.1,FLAT,7.0,6.9,WINDY,10.8,0.0,5404.0,2458.0,8.3,0.242,43.4,1489.0,353.0,465.7
TH00540,,BACKHOE_LOADER,BL-390D2,Trenching,INTERMEDIATE,7.6,TOPSOIL,1.3,333.1,UNEVEN,5.2,14.8,SUNNY,26.8,0.0,9281.0,1751.0,4.2,0.201,60.5,2400.0,195.5,209.7
TH00541,T00541,ARTICULATED_HAULER,AH-140D2,Earth Excavation,INTERMEDIATE,5.8,GRAVEL,1.8,1221.6,ROLLING,5.5,10.4,WINDY,22.3,0.0,6756.0,3160.0,7.4,0.081,56.0,1754.0,634.2,796.0
TH00542,,BACKHOE_LOADER,BL-986GC,Trenching,EXPERT,12.7,TOPSOIL,1.3,144.7,MOUNTAINOUS,11.0,40.8,STORM,12.0,11.6,111.0,2574.0,7.3,0.01,51.8,1824.0,72.6,205.9
TH00543,T00543,EXCAVATOR,EX-336XE,Earth Excavation,BEGINNER,1.5,TOPSOIL,1.3,487.6,UNEVEN,2.8,9.6,CLOUDY,15.8,0.0,7075.0,1647.0,4.7,0.252,64.2,1483.0,181.2,231.6
TH00544,T00544,COMPACTOR,CP-972D2,Road Preparation,EXPERT,22.8,CLAY,1.6,3006.6,MOUNTAINOUS,26.2,7.2,SUNNY,12.3,0.0,7260.0,1979.0,4.2,0.024,65.4,1896.0,193.5,231.6
TH00545,,COMPACTOR,CP-986D2,Soil Compaction,INTERMEDIATE,7.6,GRAVEL,1.8,1378.3,ROLLING,8.1,16.9,CLOUDY,33.4,0.0,3807.0,1682.0,8.3,0.101,79.2,1278.0,49.0,53.0
TH00546,,WHEEL_LOADER,WL-390,Material Loading,BEGINNER,1.8,GRAVEL,1.8,2181.2,UNEVEN,1.8,13.2,CLOUDY,23.3,0.0,5499.0,1747.0,9.6,0.382,100.0,1768.0,650.0,953.1
TH00547,,BACKHOE_LOADER,BL-986GC,Trenching,INTERMEDIATE,5.1,ASPHALT_MILLINGS,1.4,447.3,MOUNTAINOUS,9.5,8.4,SUNNY,29.0,0.0,7485.0,208.0,7.3,0.144,35.1,1672.0,259.5,356.1
TH00548,T00548,MOTOR_GRADER,MG-986XE,Material Loading,EXPERT,11.3,ASPHALT_MILLINGS,1.4,765.1,FLAT,0.4,9.4,SUNNY,28.7,0.0,10000.0,2626.0,12.4,0.084,24.0,1777.0,331.7,317.4
TH00549,,EXCAVATOR,EX-226XE,Trenching,EXPERT,23.6,CLAY,1.6,370.3,FLAT,0.0,21.4,CLOUDY,24.1,0.0,6265.0,3353.0,13.8,0.203,40.5,1483.0,187.6,206.4
TH00550,,DOZER,DZ-160GC,Demolition,EXPERT,19.9,ASPHALT_MILLINGS,1.4,342.8,MOUNTAINOUS,14.1,29.5,STORM,21.0,10.6,254.0,3453.0,14.4,0.038,45.1,1449.0,118.9,354.5
TH00551,,WHEEL_LOADER,WL-972XE,Soil Compaction,BEGINNER,0.5,ASPHALT_MILLINGS,1.4,4611.3,FLAT,3.9,14.4,CLOUDY,25.0,0.0,5790.0,1758.0,14.4,0.328,39.0,1739.0,452.7,566.5
TH00552,,ARTICULATED_HAULER,AH-349D,Earth Excavation,BEGINNER,0.5,ASPHALT_MILLINGS,1.4,182.1,ROLLING,5.2,19.0,CLOUDY,25.0,0.0,7400.0,3109.0,0.8,0.146,68.9,1279.0,122.3,155.6
TH00553,,WHEEL_LOADER,WL-972XE,Material Loading,INTERMEDIATE,7.7,GRAVEL,1.8,908.0,FLAT,0.2,17.9,SUNNY,19.1,0.0,5270.0,2412.0,14.4,0.034,56.5,1506.0,214.6,222.7
TH00554,T00554,EXCAVATOR,EX-320GC,Demolition,EXPERT,22.8,TOPSOIL,1.3,1290.6,MOUNTAINOUS,11.8,12.4,WINDY,17.8,0.0,,2894.0,5.3,0.075,84.5,1802.0,439.9,542.7
TH00555,T00555,EXCAVATOR,EX-336XE,Demolition,BEGINNER,1.4,TOPSOIL,1.3,461.6,UNEVEN,2.8,53.7,STORM,30.5,21.3,309.0,1023.0,4.7,0.251,21.9,1690.0,236.0,751.5
TH00556,,ARTICULATED_HAULER,AH-336,Road Preparation,EXPERT,11.3,ASPHALT_MILLINGS,1.4,4190.8,UNEVEN,3.4,8.7,SUNNY,21.9,0.0,5504.0,800.0,8.5,0.096,72.7,2030.0,428.6,394.6
TH00557,,EXCAVATOR,EX-226D2,Demolition,EXPERT,19.9,CLAY,1.6,920.5,MOUNTAINOUS,25.2,10.2,CLOUDY,25.6,0.0,3876.0,2748.0,1.1,0.174,75.9,1466.0,322.7,466.1
TH00558,T00558,WHEEL_LOADER,WL-390D2,Material Stockpiling,INTERMEDIATE,6.3,TOPSOIL,1.3,975.8,ROLLING,8.1,14.4,SUNNY,26.2,0.0,6946.0,1063.0,14.3,0.125,72.3,1605.0,203.5,287.2
TH00559,T00559,BACKHOE_LOADER,BL-390,Trenching,INTERMEDIATE,7.7,ROCK_FILL,2.2,435.2,FLAT,2.7,13.8,CLOUDY,29.9,0.0,7530.0,118.0,10.5,0.01,56.5,2149.0,261.9,256.0
TH00560,,ARTICULATED_HAULER,AH-349D,Demolition,EXPERT,14.9,SAND,1.5,1144.3,ROLLING,5.6,15.5,SUNNY,19.3,0.0,7988.0,3210.0,0.8,0.036,66.2,1460.0,829.4,740.4
TH00561,,BACKHOE_LOADER,BL-390D2,Trenching,BEGINNER,0.5,ASPHALT_MILLINGS,1.4,595.4,UNEVEN,5.7,19.5,WINDY,17.2,0.0,4823.0,1834.0,4.2,0.335,65.8,1462.0,470.0,604.1
TH00562,T00562,DOZER,DZ-986D2,Road Preparation,INTERMEDIATE,3.9,ASPHALT_MILLINGS,1.4,970.6,FLAT,2.7,7.2,CLOUDY,22.3,0.0,7301.0,323.0,13.6,0.183,35.0,1738.0,71.7,76.9
TH00563,T00563,MOTOR_GRADER,MG-160D,Road Preparation,BEGINNER,0.8,ASPHALT_MILLINGS,1.4,1864.8,UNEVEN,0.0,6.3,SUNNY,23.9,0.0,8582.0,1292.0,7.7,0.215,37.1,1441.0,184.6,172.4
TH00564,,WHEEL_LOADER,WL-986,Material Loading,BEGINNER,1.0,CLAY,1.6,1932.4,MOUNTAINOUS,17.5,56.0,STORM,18.3,22.4,79.0,2198.0,11.8,0.247,62.7,1574.0,626.7,2365.7
TH00565,T00565,EXCAVATOR,EX-972XE,Trenching,EXPERT,18.2,ASPHALT_MILLINGS,1.4,381.0,FLAT,0.4,10.7,SUNNY,34.3,0.0,9286.0,1387.0,3.7,0.202,46.0,1822.0,184.2,197.7
TH00566,,MOTOR_GRADER,MG-986D2,Road Preparation,INTERMEDIATE,7.6,SAND,1.5,1455.8,HILLY,9.6,8.5,SUNNY,29.9,0.0,7113.0,3174.0,11.1,0.137,53.0,2011.0,105.6,123.0
TH00567,T00567,WHEEL_LOADER,WL-336,Road Preparation,EXPERT,15.9,ROCK_FILL,2.2,4878.2,ROLLING,8.1,3.0,SUNNY,23.6,0.0,8948.0,656.0,7.7,0.084,60.0,1690.0,580.5,600.5
TH00568,T00568,COMPACTOR,CP-972D2,Soil Compaction,BEGINNER,0.8,SAND,1.5,1855.9,MOUNTAINOUS,26.2,6.1,SUNNY,15.6,0.0,5598.0,574.0,4.2,0.189,88.7,1463.0,92.6,128.6
TH00569,,BACKHOE_LOADER,BL-986D,Trenching,INTERMEDIATE,7.7,GRAVEL,1.8,142.5,FLAT,2.1,78.6,STORM,20.3,27.0,240.0,1270.0,12.0,0.174,57.0,2058.0,79.5,306.9
TH00570,,COMPACTOR,CP-972D2,Soil Compaction,EXPERT,15.9,CRUSHED_STONE,1.7,2263.4,MOUNTAINOUS,24.7,13.1,SUNNY,15.9,0.0,5900.0,2773.0,4.2,0.224,74.2,1637.0,72.3,113.4
TH00571,T00571,COMPACTOR,CP-950,Earth Excavation,BEGINNER,0.6,ASPHALT_MILLINGS,1.4,1125.2,ROLLING,5.5,10.7,SUNNY,,0.0,7403.0,973.0,3.4,0.184,,1095.0,930.7,988.4
TH00572,T00572,BACKHOE_LOADER,BL-390D2,Grading,BEGINNER,2.3,GRAVEL,1.8,1319.0,UNEVEN,2.8,13.9,CLOUDY,,0.0,9615.0,442.0,4.2,0.156,52.3,1224.0,148.9,156.8
TH00573,,MOTOR_GRADER,MG-336GC,Road Preparation,INTERMEDIATE,7.1,CLAY,1.6,2299.0,FLAT,7.3,16.3,CLOUDY,23.0,0.0,7935.0,1985.0,10.0,0.251,63.5,1446.0,168.6,222.6
TH00574,T00574,ARTICULATED_HAULER,AH-140D2,Grading,INTERMEDIATE,5.1,CLAY,1.6,3885.7,ROLLING,5.5,19.8,SUNNY,28.8,0.0,5372.0,758.0,7.4,0.186,63.9,1785.0,397.3,487.6
TH00575,T00575,COMPACTOR,CP-950,Road Preparation,INTERMEDIATE,7.0,GRAVEL,1.8,1486.7,ROLLING,5.5,13.6,CLOUDY,17.7,0.0,4135.0,199.0,3.4,0.178,55.8,1570.0,104.7,102.3
TH00576,,BACKHOE_LOADER,BL-986GC,Trenching,EXPERT,20.5,CRUSHED_STONE,1.7,126.9,ROLLING,10.7,8.3,CLOUDY,29.3,0.0,8741.0,2374.0,10.6,0.142,,1634.0,65.5,80.3
TH00577,T00577,EXCAVATOR,EX-336XE,Demolition,BEGINNER,0.8,CLAY,1.6,247.4,UNEVEN,2.8,15.8,SUNNY,26.3,0.0,6273.0,1359.0,4.7,0.239,65.5,1264.0,131.5,142.0
TH00578,,EXCAVATOR,EX-950D2,Earth Excavation,BEGINNER,0.5,GRAVEL,1.8,1017.4,HILLY,16.5,11.9,SUNNY,22.5,0.0,9145.0,3187.0,3.2,0.16,79.1,1278.0,387.5,464.8
TH00579,,BACKHOE_LOADER,BL-986D,Trenching,BEGINNER,1.6,TOPSOIL,1.3,160.7,FLAT,11.0,6.6,SUNNY,41.3,0.0,8622.0,2606.0,12.0,0.206,62.3,1763.0,120.6,162.1
TH00580,,DOZER,DZ-972,Road Preparation,EXPERT,17.3,GRAVEL,1.8,5805.0,UNEVEN,0.4,12.1,CLOUDY,13.3,0.0,7518.0,1471.0,2.3,0.168,74.9,1276.0,348.4,396.5
TH00581,,WHEEL_LOADER,WL-140XE,Material Stockpiling,INTERMEDIATE,7.7,CRUSHED_STONE,1.7,2445.0,UNEVEN,0.0,11.5,RAINY,16.3,2.3,1888.0,2230.0,8.1,0.129,66.0,1391.0,525.5,1078.7
TH00582,T00582,MOTOR_GRADER,MG-220D2,Grading,INTERMEDIATE,6.3,ASPHALT_MILLINGS,1.4,1603.6,UNEVEN,0.8,8.2,SUNNY,18.1,0.0,8328.0,201.0,1.2,0.337,65.7,1152.0,76.4,85.2
TH00583,,WHEEL_LOADER,WL-986,Material Stockpiling,INTERMEDIATE,7.7,ASPHALT_MILLINGS,1.4,1866.5,MOUNTAINOUS,17.5,4.3,SUNNY,23.1,0.0,7598.0,2758.0,11.8,0.01,49.0,1131.0,381.7,655.0
TH00584,,WHEEL_LOADER,WL-986,Material Loading,INTERMEDIATE,2.7,ROCK_FILL,2.2,2322.2,MOUNTAINOUS,18.6,21.8,RAINY,30.6,9.5,338.0,2402.0,11.8,0.145,19.8,1734.0,574.4,1295.7
TH00585,T00585,BACKHOE_LOADER,BL-986D,Trenching,INTERMEDIATE,6.8,GRAVEL,1.8,394.7,FLAT,3.0,14.2,SUNNY,28.2,0.0,9098.0,2171.0,12.0,0.01,48.9,1586.0,222.3,209.0
TH00586,T00586,MOTOR_GRADER,MG-390D2,Grading,EXPERT,18.2,CRUSHED_STONE,1.7,1888.1,FLAT,3.0,8.8,SUNNY,15.8,0.0,4671.0,859.0,8.3,0.105,60.3,1764.0,75.8,84.6
TH00587,,ARTICULATED_HAULER,AH-336,Hauling,INTERMEDIATE,5.5,ASPHALT_MILLINGS,1.4,567.3,UNEVEN,8.3,3.0,SUNNY,26.5,0.0,6722.0,1803.0,8.5,0.137,64.1,1740.0,188.0,260.9
TH00588,,EXCAVATOR,EX-972XE,Earth Excavation,EXPERT,7.3,CLAY,1.6,182.9,FLAT,2.0,23.2,WINDY,29.9,0.0,5949.0,1716.0,3.7,0.042,84.7,2239.0,44.7,44.5
TH00589,,ARTICULATED_HAULER,AH-140D2,Hauling,INTERMEDIATE,2.1,ASPHALT_MILLINGS,1.4,1256.8,ROLLING,8.8,35.4,RAINY,26.8,3.4,1276.0,3014.0,7.4,0.132,59.7,1695.0,455.3,1281.6
TH00590,T00590,MOTOR_GRADER,MG-220D2,Grading,EXPERT,23.4,ASPHALT_MILLINGS,1.4,2848.6,UNEVEN,0.8,38.3,RAINY,25.6,10.0,1840.0,400.0,1.2,0.083,61.9,1279.0,113.6,142.0
TH00591,,WHEEL_LOADER,WL-140XE,Earth Excavation,EXPERT,22.8,CLAY,1.6,1012.5,UNEVEN,0.0,25.1,CLOUDY,24.1,0.0,4748.0,3173.0,8.1,0.042,77.0,1715.0,479.5,503.6
TH00592,,WHEEL_LOADER,WL-336,Material Stockpiling,EXPERT,23.6,CLAY,1.6,334.9,ROLLING,7.8,17.9,WINDY,14.4,0.0,8751.0,1204.0,7.7,0.137,41.8,1421.0,61.3,82.8
TH00593,,DOZER,DZ-160GC,Material Stockpiling,INTERMEDIATE,2.1,GRAVEL,1.8,1821.6,MOUNTAINOUS,22.8,76.3,STORM,7.7,31.8,322.0,1913.0,14.4,0.192,,1624.0,406.6,2255.5
TH00594,,COMPACTOR,CP-986D2,Soil Compaction,INTERMEDIATE,6.8,TOPSOIL,1.3,1933.2,ROLLING,5.6,6.3,CLOUDY,19.1,0.0,8115.0,3117.0,8.3,0.023,41.7,1837.0,71.3,71.2
TH00595,,DOZER,DZ-986GC,Earth Excavation,EXPERT,17.3,ASPHALT_MILLINGS,1.4,377.9,FLAT,5.2,32.5,RAINY,21.0,13.4,840.0,569.0,12.0,0.233,84.9,1278.0,158.0,305.9
TH00596,T00596,EXCAVATOR,EX-972XE,Material Stockpiling,BEGINNER,0.5,ASPHALT_MILLINGS,1.4,1657.5,FLAT,0.4,15.0,FOG,26.4,0.1,171.0,1806.0,3.7,0.275,44.9,1293.0,937.4,1836.0
TH00597,T00597,ARTICULATED_HAULER,AH-226D,Grading,BEGINNER,1.5,ASPHALT_MILLINGS,1.4,2005.1,ROLLING,8.1,12.7,WINDY,23.1,0.0,7898.0,3216.0,2.4,0.173,31.6,978.0,206.7,266.7
TH00598,T00598,DOZER,DZ-349D,Road Preparation,INTERMEDIATE,4.6,CLAY,1.6,1516.2,ROLLING,6.7,15.9,SUNNY,17.4,0.0,9458.0,3057.0,10.1,0.182,48.5,1586.0,113.4,130.1
TH00599,T00599,ARTICULATED_HAULER,AH-226D,Hauling,EXPERT,19.9,CLAY,1.6,875.0,ROLLING,8.1,15.9,CLOUDY,17.5,0.0,6518.0,2556.0,2.4,0.182,64.7,1715.0,253.6,404.1
TH00600,,WHEEL_LOADER,WL-972XE,Material Stockpiling,INTERMEDIATE,7.6,ASPHALT_MILLINGS,1.4,1735.1,FLAT,2.0,23.7,SUNNY,26.6,0.0,5319.0,1419.0,14.4,0.143,42.0,1713.0,373.3,522.6
TH00601,,ARTICULATED_HAULER,AH-226D,Hauling,INTERMEDIATE,2.1,CLAY,1.6,917.8,ROLLING,11.5,12.8,CLOUDY,20.3,0.0,7311.0,1579.0,2.4,0.226,69.9,1982.0,323.6,471.7
TH00602,T00602,DOZER,DZ-160GC,Demolition,EXPERT,22.8,TOPSOIL,1.3,1036.7,MOUNTAINOUS,18.7,18.3,CLOUDY,28.6,0.0,7648.0,2748.0,14.4,0.062,56.0,1719.0,367.5,454.6
TH00603,,DOZER,DZ-950D,Grading,INTERMEDIATE,2.6,CLAY,1.6,2858.0,MOUNTAINOUS,9.6,8.5,WINDY,19.9,0.0,8347.0,2169.0,1.6,0.148,47.4,1642.0,319.4,409.0
TH00604,T00604,ARTICULATED_HAULER,AH-226D,Hauling,BEGINNER,2.0,GRAVEL,1.8,1689.4,ROLLING,8.1,33.4,STORM,10.3,26.9,328.0,180.0,2.4,0.157,20.6,2144.0,755.1,2024.3
TH00605,,DOZER,DZ-160GC,Hauling,BEGINNER,2.3,ASPHALT_MILLINGS,1.4,2202.9,MOUNTAINOUS,18.0,18.2,RAINY,34.5,9.5,1354.0,1252.0,14.4,0.186,77.7,1787.0,1963.0,4376.4
TH00606,,BACKHOE_LOADER,BL-220GC,Earth Excavation,INTERMEDIATE,6.8,ROCK_FILL,2.2,486.6,UNEVEN,0.0,13.6,FOG,10.2,0.1,179.0,461.0,3.0,0.078,73.9,2062.0,254.5,398.0
TH00607,T00607,EXCAVATOR,EX-226XE,Trenching,INTERMEDIATE,7.6,ROCK_FILL,2.2,124.1,FLAT,0.4,13.3,CLOUDY,38.6,0.0,7496.0,1000.0,13.8,0.01,75.8,1597.0,71.2,69.0
TH00608,,DOZER,DZ-160GC,Road Preparation,EXPERT,17.3,SAND,1.5,950.6,MOUNTAINOUS,22.0,3.6,CLOUDY,19.2,0.0,6615.0,2466.0,14.4,0.243,,1389.0,57.3,90.6
TH00609,T00609,ARTICULATED_HAULER,AH-336,Soil Compaction,INTERMEDIATE,3.0,TOPSOIL,1.3,817.6,UNEVEN,0.8,9.4,WINDY,22.1,0.0,4718.0,2845.0,8.5,0.182,46.6,1333.0,63.7,82.9
TH00610,,ARTICULATED_HAULER,AH-349D,Hauling,EXPERT,14.9,ROCK_FILL,2.2,501.5,ROLLING,6.0,10.9,SUNNY,39.8,0.0,8018.0,1440.0,0.8,0.066,30.3,1151.0,143.7,184.8
TH00611,,MOTOR_GRADER,MG-986D2,Grading,EXPERT,22.8,CLAY,1.6,5014.9,HILLY,11.2,17.8,FOG,16.7,0.1,64.0,1827.0,11.1,0.01,83.3,1805.0,202.0,300.4
TH00612,,DOZER,DZ-950D,Material Stockpiling,INTERMEDIATE,7.1,ROCK_FILL,2.2,1516.1,MOUNTAINOUS,10.3,20.7,RAINY,28.6,4.3,489.0,275.0,1.6,0.172,32.7,1668.0,317.8,560.6
TH00613,,EXCAVATOR,EX-950D2,Earth Excavation,INTERMEDIATE,7.7,CLAY,1.6,1207.6,HILLY,15.1,26.9,SUNNY,17.3,0.0,5223.0,906.0,3.2,0.01,68.9,1171.0,361.8,406.5
TH00614,,DOZER,DZ-349D,Demolition,INTERMEDIATE,4.4,SAND,1.5,198.2,ROLLING,6.9,37.8,RAINY,24.7,9.2,1988.0,697.0,10.1,0.21,71.8,1191.0,79.2,123.5
TH00615,,EXCAVATOR,EX-226D2,Trenching,EXPERT,12.7,GRAVEL,1.8,140.7,MOUNTAINOUS,19.0,14.2,WINDY,20.3,0.0,8680.0,2681.0,1.1,0.015,70.7,1369.0,71.2,85.9
TH00616,,DOZER,DZ-986D2,Demolition,INTERMEDIATE,5.5,SAND,1.5,432.9,FLAT,0.0,30.3,RAINY,15.9,8.6,1884.0,237.0,13.6,0.24,71.7,1356.0,175.2,279.1
TH00617,T00617,WHEEL_LOADER,WL-390,Material Stockpiling,EXPERT,12.7,CRUSHED_STONE,1.7,275.8,UNEVEN,0.2,15.4,SUNNY,20.4,0.0,7524.0,1622.0,9.6,0.01,27.8,1484.0,48.8,54.3
TH00618,,ARTICULATED_HAULER,AH-120D2,Hauling,BEGINNER,1.4,ASPHALT_MILLINGS,1.4,1019.0,UNEVEN,3.6,3.0,CLOUDY,21.4,0.0,3610.0,3334.0,2.8,0.193,51.2,1669.0,473.2,739.9
TH00619,,EXCAVATOR,EX-972XE,Grading,BEGINNER,0.5,GRAVEL,1.8,2895.1,FLAT,1.2,7.5,CLOUDY,26.2,0.0,5295.0,645.0,3.7,0.256,70.6,1330.0,333.6,424.4
TH00620,,ARTICULATED_HAULER,AH-226D,Hauling,EXPERT,19.9,TOPSOIL,1.3,1893.6,ROLLING,19.4,4.6,SUNNY,28.2,0.0,8998.0,2912.0,2.4,0.066,78.8,1761.0,575.2,1022.4
TH00621,T00621,COMPACTOR,CP-950,Road Preparation,EXPERT,14.9,CRUSHED_STONE,1.7,1582.5,ROLLING,5.5,12.0,CLOUDY,25.2,0.0,9163.0,466.0,3.4,0.089,77.8,1751.0,95.6,108.8
TH00622,,EXCAVATOR,EX-972,Material Loading,INTERMEDIATE,7.7,ASPHALT_MILLINGS,1.4,1611.5,UNEVEN,0.0,3.0,WINDY,23.2,0.0,6228.0,824.0,7.8,0.01,55.3,1830.0,366.4,369.4
TH00623,T00623,MOTOR_GRADER,MG-390D2,Road Preparation,INTERMEDIATE,6.7,TOPSOIL,1.3,770.3,FLAT,3.0,10.2,SUNNY,28.8,0.0,8090.0,1918.0,8.3,0.056,43.0,1769.0,55.8,59.9
TH00624,,COMPACTOR,CP-972D2,Road Preparation,BEGINNER,0.6,GRAVEL,1.8,2062.8,MOUNTAINOUS,32.0,16.1,SUNNY,16.6,0.0,7548.0,3153.0,4.2,0.347,85.5,1615.0,206.8,367.5
TH00625,T00625,EXCAVATOR,EX-226D2,Material Loading,EXPERT,7.3,TOPSOIL,1.3,1996.4,MOUNTAINOUS,18.7,9.2,CLOUDY,30.9,0.0,6169.0,2776.0,1.1,0.049,53.3,2320.0,406.6,514.8
TH00626,,DOZER,DZ-349D,Road Preparation,BEGINNER,0.8,SAND,1.5,3465.2,ROLLING,0.0,32.2,RAINY,,6.7,1084.0,2809.0,10.1,0.192,,1590.0,329.6,583.7
TH00627,T00627,WHEEL_LOADER,WL-390D2,Material Stockpiling,EXPERT,19.9,CRUSHED_STONE,1.7,1961.7,ROLLING,8.1,12.7,CLOUDY,19.7,0.0,8995.0,3415.0,14.3,0.109,71.0,1476.0,361.0,719.7
TH00628,,MOTOR_GRADER,MG-986D2,Road Preparation,EXPERT,23.4,ROCK_FILL,2.2,5796.4,HILLY,14.6,6.8,SUNNY,20.5,0.0,5265.0,2096.0,11.1,0.16,43.2,1487.0,359.2,541.8
TH00629,T00629,WHEEL_LOADER,WL-336,Material Stockpiling,BEGINNER,0.8,CRUSHED_STONE,1.7,269.7,ROLLING,8.1,13.2,CLOUDY,22.6,0.0,9349.0,1034.0,7.7,0.165,53.6,1839.0,78.3,101.8
TH00630,,MOTOR_GRADER,MG-390D2,Soil Compaction,BEGINNER,1.8,CRUSHED_STONE,1.7,483.3,FLAT,3.9,9.5,SUNNY,23.6,0.0,5076.0,143.0,8.3,0.232,54.2,2400.0,36.2,41.0
TH00631,,EXCAVATOR,EX-336XE,Earth Excavation,INTERMEDIATE,5.0,ASPHALT_MILLINGS,1.4,1316.2,UNEVEN,5.2,3.7,CLOUDY,32.6,0.0,5545.0,1017.0,4.7,0.073,68.8,1716.0,386.0,407.2
TH00632,,EXCAVATOR,EX-972XE,Earth Excavation,BEGINNER,2.3,GRAVEL,1.8,594.9,FLAT,0.0,7.8,SUNNY,13.9,0.0,5613.0,2968.0,3.7,0.01,63.4,1668.0,212.7,192.8
TH00633,T00633,MOTOR_GRADER,MG-986D2,Road Preparation,INTERMEDIATE,6.8,CLAY,1.6,336.9,HILLY,12.2,27.3,RAINY,25.3,10.2,1791.0,2074.0,11.1,0.051,42.9,1675.0,25.1,37.3
TH00634,,ARTICULATED_HAULER,AH-349D,Hauling,BEGINNER,1.5,CRUSHED_STONE,1.7,670.3,ROLLING,9.8,16.9,SUNNY,25.6,0.0,,1331.0,0.8,0.379,47.5,1471.0,311.6,442.6
TH00635,,DOZER,DZ-950D,Road Preparation,EXPERT,22.8,GRAVEL,1.8,1586.0,MOUNTAINOUS,11.2,24.4,WINDY,27.1,0.0,5398.0,1186.0,1.6,0.01,37.5,1642.0,95.9,97.4
TH00636,T00636,MOTOR_GRADER,MG-986XE,Material Stockpiling,INTERMEDIATE,2.1,ASPHALT_MILLINGS,1.4,2027.8,FLAT,0.4,9.7,CLOUDY,13.0,0.0,5388.0,1185.0,12.4,0.118,77.7,2247.0,862.3,1108.2
TH00637,T00637,WHEEL_LOADER,WL-390D2,Material Loading,BEGINNER,2.3,SAND,1.5,1389.9,ROLLING,8.1,3.4,CLOUDY,,0.0,8971.0,2377.0,14.3,0.211,72.2,1744.0,414.4,462.9
TH00638,,DOZER,DZ-950D,Road Preparation,INTERMEDIATE,3.9,GRAVEL,1.8,2586.5,MOUNTAINOUS,14.7,15.8,WINDY,19.0,0.0,,138.0,1.6,0.073,22.4,1961.0,195.7,242.7
TH00639,,MOTOR_GRADER,MG-986XE,Road Preparation,INTERMEDIATE,2.7,ROCK_FILL,2.2,4396.7,FLAT,5.0,17.7,CLOUDY,35.8,0.0,3735.0,129.0,12.4,0.084,44.9,1769.0,343.8,411.1
TH00640,,BACKHOE_LOADER,BL-220GC,Trenching,BEGINNER,1.0,GRAVEL,1.8,569.3,UNEVEN,0.0,5.4,SUNNY,24.7,0.0,7628.0,2456.0,3.0,0.174,44.5,1279.0,427.4,445.6
TH00641,,COMPACTOR,CP-986D2,Road Preparation,INTERMEDIATE,6.4,ROCK_FILL,2.2,1381.3,ROLLING,10.7,45.3,RAINY,32.1,14.9,946.0,457.0,8.3,0.109,61.1,786.0,100.9,201.8
TH00642,,MOTOR_GRADER,MG-986XE,Earth Excavation,BEGINNER,1.6,CLAY,1.6,1378.1,FLAT,0.2,24.0,RAINY,36.5,3.3,1678.0,2747.0,12.4,0.252,53.1,1581.0,1038.4,1625.5
TH00643,,DOZER,DZ-986D2,Hauling,INTERMEDIATE,3.0,CLAY,1.6,1259.1,FLAT,0.3,11.4,RAINY,23.6,1.5,1746.0,2374.0,13.6,0.147,55.7,1240.0,867.3,1851.5
TH00644,T00644,MOTOR_GRADER,MG-986D2,Earth Excavation,BEGINNER,2.3,TOPSOIL,1.3,988.7,HILLY,12.2,6.1,WINDY,12.3,0.0,8563.0,3380.0,11.1,0.245,98.5,1450.0,642.2,1041.8
TH00645,,MOTOR_GRADER,MG-220D2,Demolition,BEGINNER,2.0,ROCK_FILL,2.2,611.8,UNEVEN,0.0,3.0,SUNNY,17.2,0.0,7856.0,2112.0,1.2,0.14,66.2,1949.0,527.3,492.9
TH00646,,WHEEL_LOADER,WL-390,Grading,EXPERT,12.7,CRUSHED_STONE,1.7,5409.7,UNEVEN,5.1,4.0,CLOUDY,31.5,0.0,3567.0,253.0,9.6,0.01,59.4,1430.0,399.8,484.1
TH00647,T00647,WHEEL_LOADER,WL-972XE,Material Stockpiling,EXPERT,22.8,TOPSOIL,1.3,1040.1,FLAT,0.7,9.3,CLOUDY,24.3,0.0,8015.0,930.0,14.4,0.059,21.9,1478.0,182.7,180.6
TH00648,T00648,EXCAVATOR,EX-226D2,Trenching,EXPERT,14.9,CLAY,1.6,464.6,MOUNTAINOUS,18.7,20.1,SUNNY,27.3,0.0,9549.0,2047.0,1.1,0.072,87.7,1324.0,226.4,295.2
TH00649,,EXCAVATOR,EX-390D2,Road Preparation,EXPERT,17.3,ROCK_FILL,2.2,5053.3,FLAT,1.2,42.7,STORM,19.4,17.7,178.0,1542.0,14.3,0.191,32.9,1406.0,504.4,1741.5
TH00650,,MOTOR_GRADER,MG-986D2,Road Preparation,BEGINNER,2.0,ROCK_FILL,2.2,4726.9,HILLY,11.7,7.6,CLOUDY,35.0,0.0,7991.0,2232.0,11.1,0.206,54.6,1595.0,428.7,620.8
TH00651,,BACKHOE_LOADER,BL-986GC,Trenching,INTERMEDIATE,3.0,CRUSHED_STONE,1.7,300.5,ROLLING,1.7,7.7,SUNNY,,0.0,,1544.0,10.6,0.182,91.6,1627.0,178.7,206.1
TH00652,,DOZER,DZ-349D,Demolition,EXPERT,19.9,SAND,1.5,909.6,ROLLING,7.5,47.4,STORM,23.4,17.3,308.0,3169.0,10.1,0.164,64.6,1211.0,303.1,945.3
TH00653,,DOZER,DZ-160GC,Demolition,INTERMEDIATE,7.1,ROCK_FILL,2.2,1251.0,MOUNTAINOUS,15.9,3.0,SUNNY,18.8,0.0,6534.0,2250.0,14.4,0.171,61.1,1286.0,504.3,775.1
TH00654,T00654,EXCAVATOR,EX-972,Demolition,INTERMEDIATE,5.5,GRAVEL,1.8,976.2,UNEVEN,0.2,46.5,RAINY,27.4,12.0,842.0,2754.0,7.8,0.051,95.3,2172.0,379.9,512.9
TH00655,,WHEEL_LOADER,WL-390D2,Material Stockpiling,INTERMEDIATE,7.7,SAND,1.5,708.5,ROLLING,8.3,3.0,CLOUDY,28.5,0.0,8411.0,3180.0,14.3,0.01,60.7,1853.0,150.8,274.9
TH00656,,BACKHOE_LOADER,BL-220GC,Trenching,INTERMEDIATE,2.6,CRUSHED_STONE,1.7,280.2,UNEVEN,0.6,17.7,FOG,31.6,0.2,260.0,3053.0,3.0,0.209,79.6,1813.0,174.5,269.4
TH00657,T00657,BACKHOE_LOADER,BL-390,Trenching,EXPERT,20.5,ASPHALT_MILLINGS,1.4,383.8,FLAT,2.7,12.0,FOG,31.8,0.5,63.0,629.0,10.5,0.137,38.4,1532.0,191.6,323.8
TH00658,T00658,MOTOR_GRADER,MG-160D,Road Preparation,INTERMEDIATE,7.7,CLAY,1.6,5865.0,UNEVEN,0.0,12.4,WINDY,18.6,0.0,3654.0,647.0,7.7,0.137,49.5,2004.0,415.8,371.8
TH00659,,BACKHOE_LOADER,BL-390D2,Trenching,INTERMEDIATE,7.6,SAND,1.5,130.7,UNEVEN,7.5,3.9,SUNNY,31.4,0.0,,3045.0,4.2,0.134,26.1,1700.0,73.7,84.3
TH00660,,EXCAVATOR,EX-972XE,Trenching,INTERMEDIATE,7.6,GRAVEL,1.8,552.2,FLAT,3.2,7.3,SUNNY,10.0,0.0,7558.0,618.0,3.7,0.104,60.2,1465.0,322.9,227.8
TH00661,,BACKHOE_LOADER,BL-220GC,Trenching,EXPERT,18.2,CRUSHED_STONE,1.7,377.3,UNEVEN,0.0,18.5,FOG,38.4,0.2,151.0,1088.0,3.0,0.229,48.8,1792.0,182.3,280.1
TH00662,,COMPACTOR,CP-972D2,Road Preparation,INTERMEDIATE,5.8,TOPSOIL,1.3,1339.2,MOUNTAINOUS,28.0,57.2,STORM,24.3,24.1,360.0,3025.0,4.2,0.163,74.5,1574.0,98.1,356.7
TH00663,T00663,DOZER,DZ-986GC,Material Loading,INTERMEDIATE,7.6,TOPSOIL,1.3,2458.0,FLAT,0.7,17.8,WINDY,16.2,0.0,5707.0,634.0,12.0,0.068,65.2,1989.0,920.3,989.5
TH00664,T00664,BACKHOE_LOADER,BL-220GC,Trenching,INTERMEDIATE,6.3,CRUSHED_STONE,1.7,410.8,UNEVEN,0.0,6.5,FOG,22.6,0.4,207.0,1510.0,3.0,0.217,47.8,1657.0,243.5,371.4
TH00665,T00665,WHEEL_LOADER,WL-972XE,Material Loading,BEGINNER,0.6,ROCK_FILL,2.2,891.6,FLAT,0.7,13.1,CLOUDY,28.2,0.0,9504.0,2552.0,14.4,0.158,49.1,1944.0,279.5,408.7
TH00666,,DOZER,DZ-950D,Road Preparation,INTERMEDIATE,7.7,GRAVEL,1.8,1556.6,MOUNTAINOUS,7.2,11.7,CLOUDY,16.4,0.0,7890.0,471.0,1.6,0.058,24.5,1753.0,113.9,125.7
TH00667,T00667,DOZER,DZ-972,Material Stockpiling,INTERMEDIATE,7.6,ASPHALT_MILLINGS,1.4,138.5,UNEVEN,0.8,7.2,CLOUDY,19.4,0.0,7523.0,2360.0,2.3,0.165,76.7,1983.0,30.1,40.7
TH00668,T00668,COMPACTOR,CP-986D2,Soil Compaction,BEGINNER,0.6,SAND,1.5,1831.3,ROLLING,6.7,23.2,RAINY,14.4,2.9,1931.0,1227.0,8.3,0.22,50.9,1352.0,90.8,152.5
TH00669,T00669,DOZER,DZ-986D2,Material Stockpiling,EXPERT,17.3,SAND,1.5,1606.5,FLAT,2.7,13.2,CLOUDY,31.8,0.0,9582.0,1738.0,13.6,0.146,37.1,1912.0,293.7,375.2
TH00670,,BACKHOE_LOADER,BL-390,Trenching,EXPERT,19.9,ROCK_FILL,2.2,102.3,FLAT,10.4,19.0,CLOUDY,18.4,0.0,4241.0,2200.0,10.5,0.137,64.6,1414.0,49.7,68.1
TH00671,T00671,WHEEL_LOADER,WL-986,Material Loading,EXPERT,22.8,ASPHALT_MILLINGS,1.4,1152.4,MOUNTAINOUS,18.7,10.8,RAINY,21.3,3.6,446.0,955.0,11.8,0.01,57.9,2023.0,235.1,426.7
TH00672,,EXCAVATOR,EX-972XE,Trenching,BEGINNER,0.6,GRAVEL,1.8,569.0,FLAT,3.6,9.6,SUNNY,30.7,0.0,8721.0,1141.0,3.7,0.243,54.9,1910.0,435.6,544.4
TH00673,T00673,DOZER,DZ-986D2,Material Stockpiling,INTERMEDIATE,5.5,CRUSHED_STONE,1.7,1810.6,FLAT,2.7,8.6,SUNNY,9.7,0.0,7142.0,2510.0,13.6,0.05,61.6,1361.0,394.3,583.1
TH00674,,WHEEL_LOADER,WL-986,Material Stockpiling,INTERMEDIATE,7.7,CLAY,1.6,1940.0,MOUNTAINOUS,14.6,11.9,CLOUDY,23.6,0.0,3812.0,105.0,11.8,0.092,85.7,1619.0,414.8,483.7
TH00675,,MOTOR_GRADER,MG-220D2,Road Preparation,INTERMEDIATE,3.9,ASPHALT_MILLINGS,1.4,1406.9,UNEVEN,0.0,16.3,CLOUDY,27.0,0.0,4483.0,1911.0,1.2,0.124,47.5,1345.0,101.4,104.2
TH00676,,EXCAVATOR,EX-226D2,Material Loading,EXPERT,17.3,CLAY,1.6,2248.8,MOUNTAINOUS,19.5,24.6,CLOUDY,21.5,0.0,5939.0,1786.0,1.1,0.107,58.8,1514.0,472.5,630.7
TH00677,T00677,BACKHOE_LOADER,BL-986D,Trenching,INTERMEDIATE,5.5,GRAVEL,1.8,336.1,FLAT,3.0,9.1,SUNNY,29.1,0.0,9138.0,2316.0,12.0,0.212,82.9,1336.0,198.6,241.0
TH00678,,MOTOR_GRADER,MG-336GC,Trenching,BEGINNER,0.6,CLAY,1.6,476.0,FLAT,8.4,28.2,FOG,14.4,0.2,108.0,896.0,10.0,0.223,61.2,1369.0,794.8,1497.1
TH00679,,ARTICULATED_HAULER,AH-336,Hauling,EXPERT,12.7,ROCK_FILL,2.2,914.7,UNEVEN,3.6,14.1,CLOUDY,23.3,0.0,8532.0,2353.0,8.5,0.01,52.1,1678.0,271.9,347.5
TH00680,T00680,DOZER,DZ-950D,Material Stockpiling,INTERMEDIATE,5.5,CRUSHED_STONE,1.7,1482.8,MOUNTAINOUS,11.8,8.8,SUNNY,24.3,0.0,,2937.0,1.6,0.168,28.0,1303.0,317.2,688.9
TH00681,,COMPACTOR,CP-986D2,Road Preparation,INTERMEDIATE,7.7,ASPHALT_MILLINGS,1.4,3189.9,ROLLING,9.0,28.2,CLOUDY,23.0,0.0,5138.0,1156.0,8.3,0.061,64.8,1586.0,230.9,266.7
TH00682,,DOZER,DZ-349D,Demolition,INTERMEDIATE,4.4,GRAVEL,1.8,166.2,ROLLING,12.2,11.4,SUNNY,25.5,0.0,6701.0,219.0,10.1,0.322,49.8,1582.0,67.5,105.7
TH00683,T00683,DOZER,DZ-972,Soil Compaction,BEGINNER,2.3,GRAVEL,1.8,1277.6,UNEVEN,0.8,12.5,SUNNY,21.4,0.0,4898.0,2462.0,2.3,0.228,60.3,1647.0,126.2,148.0
TH00684,,WHEEL_LOADER,WL-390D2,Material Loading,INTERMEDIATE,3.9,CLAY,1.6,1540.1,ROLLING,15.6,17.3,RAINY,30.7,2.7,443.0,185.0,14.3,0.13,69.4,1625.0,374.3,759.2
TH00685,T00685,WHEEL_LOADER,WL-336,Material Loading,EXPERT,18.2,ROCK_FILL,2.2,2017.5,ROLLING,8.1,14.6,FOG,18.3,0.6,232.0,1839.0,7.7,0.142,37.1,1556.0,413.8,771.8
TH00686,,DOZER,DZ-972,Hauling,EXPERT,23.6,SAND,1.5,977.7,UNEVEN,5.6,25.1,RAINY,22.1,9.5,894.0,498.0,2.3,0.227,66.6,1680.0,558.9,1026.4
TH00687,,BACKHOE_LOADER,BL-986GC,Trenching,INTERMEDIATE,7.0,ASPHALT_MILLINGS,1.4,364.2,MOUNTAINOUS,13.7,7.5,SUNNY,24.3,0.0,6321.0,1371.0,7.3,0.119,35.1,1225.0,209.1,281.4
TH00688,,BACKHOE_LOADER,BL-986D,Road Preparation,INTERMEDIATE,4.4,ASPHALT_MILLINGS,1.4,1142.3,FLAT,0.0,3.0,SUNNY,21.1,0.0,5157.0,2407.0,12.0,0.219,68.9,1479.0,186.4,186.9
TH00689,,EXCAVATOR,EX-140GC,Earth Excavation,INTERMEDIATE,7.0,SAND,1.5,1340.9,UNEVEN,6.0,3.0,SUNNY,21.9,0.0,6588.0,1337.0,5.6,0.317,47.5,1352.0,399.5,443.0
TH00690,T00690,BACKHOE_LOADER,BL-220GC,Trenching,EXPERT,22.8,ROCK_FILL,2.2,418.2,UNEVEN,0.0,8.4,FOG,23.5,0.8,,3321.0,3.0,0.01,53.6,1959.0,216.2,351.0
TH00691,T00691,DOZER,DZ-986D2,Demolition,INTERMEDIATE,6.8,GRAVEL,1.8,925.9,FLAT,2.7,13.2,CLOUDY,29.1,0.0,9605.0,938.0,13.6,0.033,88.3,1966.0,370.7,327.7
TH00692,T00692,WHEEL_LOADER,WL-390D2,Material Stockpiling,BEGINNER,1.6,GRAVEL,1.8,426.9,ROLLING,8.1,16.1,SUNNY,14.9,0.0,7261.0,2565.0,14.3,0.248,61.0,1541.0,114.8,204.9
TH00693,,MOTOR_GRADER,MG-336GC,Grading,BEGINNER,2.3,ASPHALT_MILLINGS,1.4,5165.3,FLAT,4.0,6.9,CLOUDY,19.9,0.0,6645.0,2537.0,10.0,0.09,71.1,1666.0,313.4,308.5
TH00694,,BACKHOE_LOADER,BL-220GC,Trenching,BEGINNER,1.8,CRUSHED_STONE,1.7,462.6,UNEVEN,1.1,20.3,CLOUDY,24.3,0.0,7637.0,2383.0,3.0,0.374,78.5,2102.0,358.6,447.9
TH00695,,BACKHOE_LOADER,BL-986D,Trenching,INTERMEDIATE,4.6,TOPSOIL,1.3,312.7,FLAT,0.0,18.2,SUNNY,14.5,0.0,7863.0,110.0,12.0,0.161,52.2,1583.0,180.2,203.6
TH00696,,MOTOR_GRADER,MG-336GC,Road Preparation,INTERMEDIATE,5.1,TOPSOIL,1.3,3886.0,FLAT,1.5,3.0,CLOUDY,23.5,0.0,6378.0,3267.0,10.0,0.088,59.3,1918.0,271.9,300.7
TH00697,,BACKHOE_LOADER,BL-986GC,Trenching,EXPERT,17.3,CRUSHED_STONE,1.7,194.5,MOUNTAINOUS,8.3,19.8,SUNNY,23.6,0.0,5302.0,1715.0,7.3,0.172,57.3,1277.0,97.6,138.8
TH00698,T00698,COMPACTOR,CP-950,Grading,BEGINNER,0.6,SAND,1.5,4401.5,ROLLING,5.5,15.0,CLOUDY,27.7,0.0,7171.0,103.0,3.4,0.267,65.7,1556.0,492.7,559.9
TH00699,T00699,EXCAVATOR,EX-320GC,Material Loading,EXPERT,23.4,ASPHALT_MILLINGS,1.4,551.7,MOUNTAINOUS,11.8,10.8,SUNNY,28.3,0.0,6897.0,588.0,5.3,0.085,18.1,1673.0,110.7,130.5
TH00700,T00700,WHEEL_LOADER,WL-972XE,Material Stockpiling,EXPERT,23.6,GRAVEL,1.8,1175.8,FLAT,0.7,42.7,RAINY,13.3,13.9,1863.0,544.0,14.4,0.146,75.0,1510.0,208.4,376.3
TH00701,,BACKHOE_LOADER,BL-986GC,Trenching,BEGINNER,0.8,ASPHALT_MILLINGS,1.4,361.4,MOUNTAINOUS,14.1,8.5,SUNNY,21.7,0.0,5314.0,2648.0,7.3,0.281,70.6,1603.0,289.0,392.0
TH00702,T00702,WHEEL_LOADER,WL-140XE,Road Preparation,INTERMEDIATE,7.7,ASPHALT_MILLINGS,1.4,878.0,UNEVEN,0.0,10.8,WINDY,19.0,0.0,5883.0,2265.0,8.1,0.063,61.6,1929.0,99.8,100.7
TH00703,,WHEEL_LOADER,WL-986,Material Loading,BEGINNER,1.5,GRAVEL,1.8,1377.7,MOUNTAINOUS,23.5,21.3,CLOUDY,19.8,0.0,8621.0,3341.0,11.8,0.188,72.7,1488.0,419.7,620.4
TH00704,,DOZER,DZ-986GC,Grading,INTERMEDIATE,5.5,ROCK_FILL,2.2,1050.7,FLAT,3.4,17.9,FOG,37.6,0.8,187.0,2417.0,12.0,0.07,53.5,1946.0,86.9,148.2
TH00705,,ARTICULATED_HAULER,AH-349D,Soil Compaction,INTERMEDIATE,4.4,ROCK_FILL,2.2,4838.4,ROLLING,7.6,6.0,SUNNY,29.3,0.0,6308.0,3365.0,0.8,0.28,27.4,1425.0,387.0,574.2
TH00706,,EXCAVATOR,EX-320GC,Material Loading,BEGINNER,1.4,CRUSHED_STONE,1.7,1873.6,MOUNTAINOUS,14.4,5.7,SUNNY,22.6,0.0,9919.0,985.0,5.3,0.159,68.7,1516.0,586.4,767.4
TH00707,T00707,ARTICULATED_HAULER,AH-226D,Hauling,INTERMEDIATE,7.7,ASPHALT_MILLINGS,1.4,1270.1,ROLLING,8.1,12.1,SUNNY,27.8,0.0,5242.0,184.0,2.4,0.087,50.2,1471.0,426.3,478.9
TH00708,,ARTICULATED_HAULER,AH-349D,Hauling,INTERMEDIATE,2.1,ROCK_FILL,2.2,765.9,ROLLING,13.5,19.8,CLOUDY,26.7,0.0,8372.0,2177.0,0.8,0.216,74.3,1704.0,272.1,515.4
TH00709,,DOZER,DZ-950D,Road Preparation,BEGINNER,2.0,CLAY,1.6,1778.8,MOUNTAINOUS,7.7,19.7,SUNNY,34.3,0.0,6409.0,2203.0,1.6,0.153,63.0,1414.0,164.3,185.4
TH00710,T00710,ARTICULATED_HAULER,AH-336,Hauling,INTERMEDIATE,7.6,TOPSOIL,1.3,1992.9,UNEVEN,0.8,15.8,SUNNY,33.2,0.0,6242.0,1030.0,8.5,0.041,75.2,1636.0,703.3,732.4
TH00711,T00711,BACKHOE_LOADER,BL-986GC,Trenching,EXPERT,12.7,CLAY,1.6,361.7,MOUNTAINOUS,11.8,14.0,CLOUDY,28.8,0.0,9670.0,1412.0,7.3,0.017,24.1,1234.0,180.8,213.6
TH00712,,BACKHOE_LOADER,BL-220GC,Trenching,INTERMEDIATE,3.0,CLAY,1.6,449.8,UNEVEN,0.0,3.3,WINDY,28.5,0.0,3967.0,2741.0,3.0,0.125,53.5,1512.0,269.7,288.8
TH00713,T00713,DOZER,DZ-349D,Demolition,BEGINNER,0.8,GRAVEL,1.8,575.8,ROLLING,6.7,6.5,SUNNY,29.8,0.0,8012.0,1413.0,10.1,0.204,91.2,1957.0,294.9,368.0
TH00714,,MOTOR_GRADER,MG-336GC,Road Preparation,INTERMEDIATE,3.6,CLAY,1.6,4001.5,FLAT,2.2,7.0,SUNNY,,0.0,5411.0,3299.0,10.0,0.113,72.0,1638.0,291.2,284.0
TH00715,,MOTOR_GRADER,MG-160D,Road Preparation,INTERMEDIATE,7.6,SAND,1.5,515.8,UNEVEN,2.0,8.8,FOG,13.0,0.0,245.0,727.0,7.7,0.118,66.7,2116.0,37.2,63.1
TH00716,,EXCAVATOR,EX-226D2,Soil Compaction,EXPERT,19.9,CRUSHED_STONE,1.7,3658.1,MOUNTAINOUS,18.7,35.5,SUNNY,35.4,0.0,5297.0,2213.0,1.1,0.153,79.0,1312.0,204.3,263.9
TH00717,T00717,DOZER,DZ-986GC,Road Preparation,INTERMEDIATE,7.1,CLAY,1.6,357.2,FLAT,0.7,8.2,CLOUDY,21.3,0.0,7673.0,2193.0,12.0,0.205,58.2,1669.0,25.7,29.5
TH00718,T00718,ARTICULATED_HAULER,AH-226D,Hauling,BEGINNER,2.5,SAND,1.5,1285.3,ROLLING,8.1,15.8,CLOUDY,37.8,0.0,9704.0,2901.0,2.4,0.211,37.8,1528.0,565.8,902.5
TH00719,,MOTOR_GRADER,MG-986XE,Road Preparation,EXPERT,18.2,TOPSOIL,1.3,2380.6,FLAT,0.0,72.6,STORM,16.7,21.4,234.0,1143.0,12.4,0.161,43.2,1469.0,144.1,476.5
TH00720,,COMPACTOR,CP-972D2,Road Preparation,INTERMEDIATE,7.1,CLAY,1.6,4600.5,MOUNTAINOUS,24.6,23.3,SUNNY,22.1,0.0,7819.0,777.0,4.2,0.194,55.4,1739.0,326.2,492.1
TH00721,T00721,COMPACTOR,CP-950,Road Preparation,BEGINNER,0.5,CRUSHED_STONE,1.7,3050.7,ROLLING,5.5,11.5,CLOUDY,16.3,0.0,6056.0,732.0,3.4,0.169,89.7,1641.0,288.1,279.1
TH00722,,WHEEL_LOADER,WL-986,Material Stockpiling,INTERMEDIATE,2.6,ROCK_FILL,2.2,1518.3,MOUNTAINOUS,17.1,15.5,SUNNY,30.0,0.0,6938.0,3370.0,11.8,0.216,53.8,1773.0,348.6,699.8
TH00723,,EXCAVATOR,EX-220XE,Earth Excavation,BEGINNER,1.4,CLAY,1.6,337.5,ROLLING,0.9,15.1,WINDY,14.8,0.0,6095.0,1001.0,10.9,0.222,71.6,1459.0,126.9,149.4
TH00724,T00724,EXCAVATOR,EX-972XE,Trenching,INTERMEDIATE,5.1,TOPSOIL,1.3,535.4,FLAT,0.4,16.9,SUNNY,24.3,0.0,6603.0,3081.0,3.7,0.177,68.8,1543.0,313.7,303.2
TH00725,T00725,COMPACTOR,CP-986D2,Road Preparation,EXPERT,17.3,CLAY,1.6,1371.4,ROLLING,6.7,23.4,SUNNY,27.7,0.0,8393.0,2400.0,8.3,0.171,18.8,1225.0,83.7,89.8
TH00726,,MOTOR_GRADER,MG-390D2,Grading,INTERMEDIATE,5.0,ROCK_FILL,2.2,4626.2,FLAT,1.0,8.1,SUNNY,19.8,0.0,6434.0,1687.0,8.3,0.143,59.6,1346.0,216.3,220.1
TH00727,,DOZER,DZ-986D2,Demolition,EXPERT,23.4,SAND,1.5,280.8,FLAT,2.7,24.5,RAINY,12.4,8.0,675.0,491.0,13.6,0.115,63.6,1011.0,96.6,188.8
TH00728,,EXCAVATOR,EX-140GC,Earth Excavation,INTERMEDIATE,5.8,TOPSOIL,1.3,379.8,UNEVEN,1.5,35.6,RAINY,28.6,11.4,1022.0,1069.0,5.6,0.139,63.5,1735.0,113.3,164.5
TH00729,,ARTICULATED_HAULER,AH-349D,Hauling,INTERMEDIATE,5.8,ROCK_FILL,2.2,2028.5,ROLLING,8.4,22.1,SUNNY,38.1,0.0,7459.0,752.0,0.8,0.171,43.7,1963.0,680.7,880.2
TH00730,,DOZER,DZ-349D,Demolition,INTERMEDIATE,5.8,CRUSHED_STONE,1.7,791.8,ROLLING,5.8,10.4,SUNNY,20.7,0.0,8497.0,1306.0,10.1,0.099,92.7,1841.0,311.7,364.8
TH00731,,WHEEL_LOADER,WL-972XE,Material Loading,INTERMEDIATE,7.6,ASPHALT_MILLINGS,1.4,952.3,FLAT,0.0,10.2,RAINY,14.2,1.2,1895.0,2045.0,14.4,0.107,68.7,1765.0,217.4,305.7
TH00732,,BACKHOE_LOADER,BL-220GC,Road Preparation,INTERMEDIATE,5.5,ASPHALT_MILLINGS,1.4,2862.6,UNEVEN,0.0,14.0,WINDY,14.1,0.0,7624.0,2621.0,3.0,0.155,69.9,1245.0,364.0,394.6
TH00733,T00733,ARTICULATED_HAULER,AH-336,Hauling,INTERMEDIATE,5.5,CLAY,1.6,1863.6,UNEVEN,0.8,14.1,SUNNY,15.4,0.0,6522.0,776.0,8.5,0.191,,1534.0,647.6,711.8
TH00734,,EXCAVATOR,EX-320GC,Hauling,INTERMEDIATE,2.6,ROCK_FILL,2.2,1740.1,MOUNTAINOUS,11.1,18.9,WINDY,17.0,0.0,4878.0,700.0,5.3,0.24,46.5,1580.0,1073.1,1503.3
TH00735,T00735,DOZER,DZ-986D2,Material Stockpiling,INTERMEDIATE,6.8,TOPSOIL,1.3,687.4,FLAT,2.7,15.8,FOG,34.0,0.1,147.0,313.0,13.6,0.01,71.3,1628.0,141.6,239.8
TH00736,T00736,EXCAVATOR,EX-972XE,Trenching,EXPERT,23.4,ROCK_FILL,2.2,44.7,FLAT,0.4,19.4,SUNNY,19.1,0.0,7557.0,2358.0,3.7,0.104,51.0,1840.0,21.7,20.0
TH00737,,WHEEL_LOADER,WL-986,Material Stockpiling,INTERMEDIATE,5.5,TOPSOIL,1.3,250.6,MOUNTAINOUS,17.5,10.4,CLOUDY,31.0,0.0,4639.0,1738.0,11.8,0.162,93.2,1035.0,51.3,93.1
TH00738,T00738,EXCAVATOR,EX-972XE,Trenching,INTERMEDIATE,3.9,ASPHALT_MILLINGS,1.4,133.7,FLAT,0.4,13.0,WINDY,29.4,0.0,8149.0,2461.0,3.7,0.081,50.3,1613.0,81.6,67.6
TH00739,,DOZER,DZ-972,Grading,EXPERT,19.9,GRAVEL,1.8,970.7,UNEVEN,5.6,3.0,CLOUDY,,0.0,6322.0,2287.0,2.3,0.093,78.5,1537.0,66.2,70.2
TH00740,T00740,BACKHOE_LOADER,BL-390D2,Trenching,INTERMEDIATE,2.1,CRUSHED_STONE,1.7,227.8,UNEVEN,2.8,8.6,CLOUDY,21.7,0.0,7264.0,1292.0,4.2,0.147,72.8,1788.0,142.3,153.7
TH00741,,EXCAVATOR,EX-336XE,Material Loading,BEGINNER,0.8,GRAVEL,1.8,1350.6,UNEVEN,1.8,16.7,SUNNY,13.1,0.0,8839.0,1794.0,4.7,0.228,20.7,1555.0,418.8,405.3
TH00742,T00742,EXCAVATOR,EX-226XE,Earth Excavation,INTERMEDIATE,2.7,CLAY,1.6,149.4,FLAT,0.4,16.7,RAINY,24.8,2.1,1782.0,1287.0,13.8,0.073,52.6,1690.0,44.9,61.3
TH00743,,BACKHOE_LOADER,BL-986GC,Trenching,INTERMEDIATE,3.6,ROCK_FILL,2.2,237.4,ROLLING,4.6,20.8,WINDY,22.7,0.0,5386.0,316.0,10.6,0.214,70.8,1378.0,137.2,182.0
TH00744,,EXCAVATOR,EX-336XE,Material Loading,INTERMEDIATE,5.5,ASPHALT_MILLINGS,1.4,237.7,UNEVEN,3.4,15.6,CLOUDY,25.1,0.0,8598.0,2932.0,4.7,0.207,30.6,1086.0,56.0,60.9
TH00745,,COMPACTOR,CP-986D2,Hauling,EXPERT,14.9,SAND,1.5,652.2,ROLLING,7.3,3.0,CLOUDY,19.4,0.0,5136.0,136.0,8.3,0.093,63.6,1528.0,330.9,401.9
TH00746,T00746,MOTOR_GRADER,MG-986XE,Demolition,BEGINNER,1.4,ROCK_FILL,2.2,321.3,FLAT,0.4,25.7,RAINY,24.8,11.5,1685.0,308.0,12.4,0.245,95.2,1604.0,289.5,478.5
TH00747,,EXCAVATOR,EX-972XE,Earth Excavation,BEGINNER,1.8,CRUSHED_STONE,1.7,145.3,FLAT,0.0,3.0,WINDY,23.9,0.0,,2227.0,3.7,0.301,56.6,2099.0,53.6,60.7
TH00748,,WHEEL_LOADER,WL-336,Road Preparation,INTERMEDIATE,2.7,ASPHALT_MILLINGS,1.4,2706.8,ROLLING,12.7,18.1,CLOUDY,17.1,0.0,5466.0,129.0,7.7,0.089,30.2,1660.0,405.4,418.7
TH00749,,WHEEL_LOADER,WL-986,Material Stockpiling,INTERMEDIATE,3.9,CLAY,1.6,504.9,MOUNTAINOUS,21.2,21.1,SUNNY,27.1,0.0,6424.0,3161.0,11.8,0.166,66.7,1520.0,109.4,220.3
TH00750,T00750,MOTOR_GRADER,MG-390D2,Road Preparation,EXPERT,19.9,ROCK_FILL,2.2,2258.7,FLAT,3.0,3.0,WINDY,14.8,0.0,4624.0,3017.0,8.3,0.174,62.1,1285.0,145.0,193.2
TH00751,T00751,BACKHOE_LOADER,BL-390,Trenching,BEGINNER,2.3,GRAVEL,1.8,484.1,FLAT,2.7,11.2,CLOUDY,22.9,0.0,5406.0,1578.0,10.5,0.215,79.3,1534.0,372.8,460.1
TH00752,T00752,COMPACTOR,CP-972D2,Road Preparation,INTERMEDIATE,5.5,ASPHALT_MILLINGS,1.4,1495.9,MOUNTAINOUS,26.2,3.0,SUNNY,44.1,0.0,9638.0,508.0,4.2,0.174,79.9,1922.0,106.0,179.9
TH00753,,BACKHOE_LOADER,BL-986GC,Trenching,INTERMEDIATE,7.1,ROCK_FILL,2.2,290.4,ROLLING,5.1,33.9,RAINY,23.1,12.5,1313.0,637.0,10.6,0.159,40.9,1618.0,174.9,302.3
TH00754,,MOTOR_GRADER,MG-160D,Hauling,BEGINNER,1.6,CRUSHED_STONE,1.7,964.2,UNEVEN,3.1,32.3,RAINY,17.6,10.5,717.0,2586.0,7.7,0.385,57.0,1850.0,835.1,2236.3
TH00755,,BACKHOE_LOADER,BL-390D2,Grading,BEGINNER,1.6,ASPHALT_MILLINGS,1.4,458.9,UNEVEN,1.2,3.4,CLOUDY,20.7,0.0,8553.0,1596.0,4.2,0.186,46.9,2154.0,48.0,50.1
TH00756,,MOTOR_GRADER,MG-986XE,Trenching,INTERMEDIATE,5.5,GRAVEL,1.8,211.5,FLAT,0.0,12.7,FOG,39.6,0.9,241.0,2107.0,12.4,0.307,48.2,1311.0,259.1,527.3
TH00757,,BACKHOE_LOADER,BL-986D,Trenching,INTERMEDIATE,2.6,CRUSHED_STONE,1.7,347.8,FLAT,6.5,69.0,STORM,20.8,29.0,379.0,1593.0,12.0,0.155,46.4,1490.0,214.4,746.2
TH00758,,WHEEL_LOADER,WL-986,Material Loading,INTERMEDIATE,6.4,GRAVEL,1.8,2242.6,MOUNTAINOUS,16.7,68.2,STORM,25.4,34.8,85.0,1399.0,11.8,0.194,77.7,1298.0,510.6,2132.6
TH00759,T00759,WHEEL_LOADER,WL-336,Demolition,BEGINNER,0.8,TOPSOIL,1.3,142.1,ROLLING,8.1,13.4,FOG,20.3,0.1,63.0,388.0,7.7,0.181,54.5,1188.0,126.9,211.3
TH00760,T00760,EXCAVATOR,EX-320GC,Earth Excavation,BEGINNER,0.8,SAND,1.5,740.0,MOUNTAINOUS,11.8,16.2,CLOUDY,30.0,0.0,6797.0,1527.0,5.3,0.161,55.4,1616.0,277.4,348.9
TH00761,T00761,WHEEL_LOADER,WL-140XE,Material Loading,INTERMEDIATE,3.0,GRAVEL,1.8,2284.9,UNEVEN,0.0,18.2,SUNNY,21.8,0.0,7809.0,1706.0,8.1,0.125,62.0,1420.0,547.1,503.1
TH00762,,EXCAVATOR,EX-950D2,Demolition,INTERMEDIATE,6.4,ROCK_FILL,2.2,1388.5,HILLY,20.8,9.4,RAINY,20.1,1.3,827.0,3236.0,3.2,0.043,55.8,1910.0,563.1,1125.6
TH00763,,EXCAVATOR,EX-950D2,Trenching,INTERMEDIATE,2.6,CLAY,1.6,106.7,HILLY,8.5,11.4,CLOUDY,24.6,0.0,8389.0,3047.0,3.2,0.125,33.2,1628.0,66.2,73.0
TH00764,T00764,WHEEL_LOADER,WL-972XE,Road Preparation,INTERMEDIATE,5.8,ROCK_FILL,2.2,5489.8,FLAT,0.7,10.2,FOG,27.2,0.3,293.0,2174.0,14.4,0.138,89.3,1481.0,723.5,1214.5
TH00765,T00765,MOTOR_GRADER,MG-220D2,Hauling,BEGINNER,1.8,ASPHALT_MILLINGS,1.4,644.8,UNEVEN,0.8,39.6,RAINY,18.0,13.8,500.0,2132.0,1.2,0.305,74.3,2363.0,473.1,1147.1
TH00766,,BACKHOE_LOADER,BL-986D,Trenching,INTERMEDIATE,5.8,GRAVEL,1.8,290.8,FLAT,4.7,21.4,SUNNY,20.0,0.0,8256.0,2172.0,12.0,0.107,42.8,1422.0,169.6,172.7
TH00767,,BACKHOE_LOADER,BL-390D2,Trenching,EXPERT,23.6,GRAVEL,1.8,502.8,UNEVEN,1.9,18.3,RAINY,26.7,8.8,1733.0,1805.0,4.2,0.139,38.3,1402.0,243.3,371.8
TH00768,,EXCAVATOR,EX-140GC,Soil Compaction,BEGINNER,0.8,SAND,1.5,3755.3,UNEVEN,0.0,8.1,CLOUDY,41.1,0.0,5612.0,883.0,5.6,0.254,18.5,1118.0,340.9,339.7
TH00769,,EXCAVATOR,EX-226D2,Material Loading,BEGINNER,2.3,CLAY,1.6,685.6,MOUNTAINOUS,16.0,30.7,CLOUDY,28.3,0.0,4230.0,1358.0,1.1,0.274,21.5,1770.0,206.5,336.9
TH00770,T00770,MOTOR_GRADER,MG-336GC,Road Preparation,INTERMEDIATE,3.6,CRUSHED_STONE,1.7,4411.2,FLAT,3.0,3.4,SUNNY,22.6,0.0,4577.0,1621.0,10.0,0.248,57.5,1479.0,336.7,410.5
TH00771,,BACKHOE_LOADER,BL-220GC,Trenching,BEGINNER,2.3,TOPSOIL,1.3,131.9,UNEVEN,0.0,24.2,RAINY,23.0,3.8,791.0,1009.0,3.0,0.104,66.9,1926.0,99.0,135.7
TH00772,,COMPACTOR,CP-986D2,Road Preparation,EXPERT,23.6,GRAVEL,1.8,1661.6,ROLLING,9.2,16.6,WINDY,22.4,0.0,3991.0,366.0,8.3,0.176,26.1,1674.0,105.9,134.4
TH00773,,ARTICULATED_HAULER,AH-140D2,Earth Excavation,EXPERT,19.9,TOPSOIL,1.3,1220.3,ROLLING,5.7,8.0,CLOUDY,22.8,0.0,3802.0,2249.0,7.4,0.158,48.0,1232.0,660.1,677.4
TH00774,T00774,MOTOR_GRADER,MG-986D2,Grading,BEGINNER,0.8,GRAVEL,1.8,4678.8,HILLY,12.2,36.1,RAINY,27.2,10.9,639.0,1747.0,11.1,0.216,44.7,1783.0,289.2,605.0
TH00775,,COMPACTOR,CP-972D2,Trenching,INTERMEDIATE,6.4,CLAY,1.6,168.0,MOUNTAINOUS,29.7,17.4,SUNNY,29.1,0.0,8910.0,823.0,4.2,0.146,32.1,1471.0,212.6,338.5
TH00776,T00776,MOTOR_GRADER,MG-220D2,Road Preparation,BEGINNER,1.5,TOPSOIL,1.3,1133.1,UNEVEN,0.8,5.3,CLOUDY,15.3,0.0,8475.0,1518.0,1.2,0.303,69.9,1405.0,102.7,131.9
TH00777,,EXCAVATOR,EX-140GC,Earth Excavation,BEGINNER,1.4,SAND,1.5,841.4,UNEVEN,0.0,17.3,RAINY,24.8,4.2,1572.0,679.0,5.6,0.166,63.2,1861.0,328.6,535.3
TH00778,T00778,DOZER,DZ-950D,Earth Excavation,INTERMEDIATE,7.0,CLAY,1.6,1344.7,MOUNTAINOUS,11.8,12.6,SUNNY,14.3,0.0,6708.0,203.0,1.6,0.23,52.4,1557.0,833.3,1142.5
TH00779,T00779,BACKHOE_LOADER,BL-220GC,Trenching,INTERMEDIATE,2.6,SAND,1.5,427.2,UNEVEN,0.0,3.0,SUNNY,22.6,0.0,9496.0,1781.0,3.0,0.232,24.0,1754.0,263.9,281.4
TH00780,,ARTICULATED_HAULER,AH-349D,Material Stockpiling,EXPERT,14.9,ROCK_FILL,2.2,1527.5,ROLLING,6.8,18.7,WINDY,46.9,0.0,8372.0,1364.0,0.8,0.105,45.3,1588.0,583.6,856.6
TH00781,T00781,WHEEL_LOADER,WL-336,Material Stockpiling,INTERMEDIATE,6.7,ROCK_FILL,2.2,481.2,ROLLING,8.1,15.9,CLOUDY,28.1,0.0,9270.0,3390.0,7.7,0.104,61.6,1650.0,104.6,176.5
TH00782,,WHEEL_LOADER,WL-390D2,Material Loading,INTERMEDIATE,5.5,CRUSHED_STONE,1.7,268.4,ROLLING,13.2,9.7,SUNNY,25.4,0.0,9600.0,2773.0,14.3,0.052,54.5,1502.0,61.8,60.6
TH00783,,ARTICULATED_HAULER,AH-226D,Hauling,INTERMEDIATE,5.0,SAND,1.5,2212.1,ROLLING,13.2,20.8,CLOUDY,,0.0,7716.0,908.0,2.4,0.074,51.6,1696.0,744.0,883.9
TH00784,T00784,WHEEL_LOADER,WL-140XE,Demolition,BEGINNER,1.6,GRAVEL,1.8,457.8,UNEVEN,0.0,15.9,CLOUDY,,0.0,6202.0,142.0,8.1,0.278,57.0,1890.0,504.2,512.8
TH00785,T00785,EXCAVATOR,EX-972XE,Road Preparation,BEGINNER,1.5,CLAY,1.6,4403.8,FLAT,0.4,21.8,RAINY,19.4,8.1,1521.0,2326.0,3.7,0.226,46.8,1203.0,925.5,1355.0
TH00786,T00786,MOTOR_GRADER,MG-390D2,Trenching,INTERMEDIATE,6.7,CRUSHED_STONE,1.7,525.6,FLAT,3.0,15.5,CLOUDY,20.5,0.0,6504.0,244.0,8.3,0.15,34.3,1930.0,512.6,684.0
TH00787,T00787,MOTOR_GRADER,MG-986D2,Grading,INTERMEDIATE,7.6,SAND,1.5,4658.1,HILLY,12.2,6.4,SUNNY,24.3,0.0,5663.0,3056.0,11.1,0.106,56.6,1650.0,215.5,266.0
TH00788,T00788,EXCAVATOR,EX-140GC,Road Preparation,BEGINNER,2.0,CLAY,1.6,1256.3,UNEVEN,0.0,5.7,CLOUDY,27.3,0.0,6928.0,569.0,5.6,0.117,24.7,1594.0,189.9,209.3
TH00789,T00789,COMPACTOR,CP-950,Soil Compaction,INTERMEDIATE,2.6,CRUSHED_STONE,1.7,5756.3,ROLLING,5.5,13.5,WINDY,42.4,0.0,6538.0,3331.0,3.4,0.233,70.9,1556.0,219.6,286.6
TH00790,T00790,EXCAVATOR,EX-226XE,Earth Excavation,INTERMEDIATE,7.1,GRAVEL,1.8,1388.4,FLAT,0.4,13.0,WINDY,26.5,0.0,8149.0,2929.0,13.8,0.243,30.5,1576.0,406.9,556.8
TH00791,T00791,MOTOR_GRADER,MG-220D2,Soil Compaction,INTERMEDIATE,7.1,ASPHALT_MILLINGS,1.4,5077.9,UNEVEN,0.8,18.5,SUNNY,23.6,0.0,8060.0,1104.0,1.2,0.158,79.4,1540.0,286.7,273.6
TH00792,,MOTOR_GRADER,MG-986XE,Road Preparation,INTERMEDIATE,5.0,TOPSOIL,1.3,4517.7,FLAT,3.9,4.8,SUNNY,22.3,0.0,6617.0,355.0,12.4,0.13,26.1,1532.0,314.6,421.9
TH00793,,COMPACTOR,CP-986D2,Road Preparation,EXPERT,22.8,ROCK_FILL,2.2,4150.4,ROLLING,8.7,9.9,CLOUDY,26.7,0.0,8480.0,2025.0,8.3,0.07,62.5,1846.0,258.4,292.3
TH00794,,DOZER,DZ-160GC,Road Preparation,BEGINNER,1.8,TOPSOIL,1.3,3523.8,MOUNTAINOUS,14.7,13.8,SUNNY,25.3,0.0,9816.0,2644.0,14.4,0.359,59.7,1515.0,332.0,581.2
TH00795,T00795,EXCAVATOR,EX-226D2,Trenching,EXPERT,7.3,ASPHALT_MILLINGS,1.4,341.8,MOUNTAINOUS,18.7,8.3,WINDY,30.6,0.0,7387.0,1069.0,1.1,0.054,42.5,2400.0,171.9,204.3
TH00796,,WHEEL_LOADER,WL-390,Material Stockpiling,INTERMEDIATE,7.6,GRAVEL,1.8,991.2,UNEVEN,2.3,68.0,STORM,24.2,27.3,317.0,1951.0,9.6,0.047,38.7,1399.0,208.9,837.8
TH00797,,WHEEL_LOADER,WL-336,Road Preparation,INTERMEDIATE,4.4,ROCK_FILL,2.2,1274.1,ROLLING,12.6,11.8,RAINY,28.5,2.9,785.0,3280.0,7.7,0.245,60.3,1788.0,152.4,319.5
TH00798,T00798,EXCAVATOR,EX-226XE,Earth Excavation,EXPERT,17.3,TOPSOIL,1.3,598.4,FLAT,0.4,54.6,STORM,33.5,29.4,102.0,2415.0,13.8,0.144,41.6,1553.0,150.2,389.0
TH00799,,BACKHOE_LOADER,BL-390,Trenching,INTERMEDIATE,5.5,CLAY,1.6,317.1,FLAT,4.0,14.4,SUNNY,24.0,0.0,9216.0,3227.0,10.5,0.162,60.5,1524.0,185.2,210.8
TH00800,,MOTOR_GRADER,MG-986XE,Demolition,INTERMEDIATE,3.9,ASPHALT_MILLINGS,1.4,965.4,FLAT,0.0,11.5,CLOUDY,25.1,0.0,3707.0,2460.0,12.4,0.133,72.4,2050.0,706.2,784.4
TH00801,T00801,EXCAVATOR,EX-320GC,Material Loading,INTERMEDIATE,6.4,SAND,1.5,740.0,MOUNTAINOUS,11.8,13.3,CLOUDY,38.4,0.0,8861.0,1712.0,5.3,0.148,83.7,1328.0,176.0,199.9
TH00802,,WHEEL_LOADER,WL-390D2,Material Loading,BEGINNER,2.5,ASPHALT_MILLINGS,1.4,1363.2,ROLLING,2.2,7.1,CLOUDY,24.6,0.0,3689.0,1550.0,14.3,0.166,47.8,1600.0,422.3,526.1
TH00803,,MOTOR_GRADER,MG-220D2,Grading,BEGINNER,2.5,ROCK_FILL,2.2,5608.5,UNEVEN,2.8,15.8,WINDY,26.1,0.0,8771.0,2042.0,1.2,0.242,68.9,1311.0,332.9,457.7
TH00804,,EXCAVATOR,EX-320GC,Trenching,INTERMEDIATE,3.0,CLAY,1.6,538.6,MOUNTAINOUS,6.7,20.3,SUNNY,21.2,0.0,9298.0,1909.0,5.3,0.224,87.8,1533.0,329.2,437.9
TH00805,T00805,WHEEL_LOADER,WL-140XE,Material Stockpiling,EXPERT,18.2,TOPSOIL,1.3,1103.3,UNEVEN,0.0,8.1,SUNNY,13.8,0.0,9813.0,2634.0,8.1,0.184,65.2,1385.0,201.1,330.5
TH00806,T00806,EXCAVATOR,EX-336XE,Material Loading,BEGINNER,1.6,TOPSOIL,1.3,1797.7,UNEVEN,2.8,15.2,CLOUDY,17.7,0.0,8601.0,296.0,4.7,0.286,56.5,1531.0,551.8,564.9
TH00807,T00807,MOTOR_GRADER,MG-390D2,Road Preparation,BEGINNER,0.8,CLAY,1.6,4323.6,FLAT,3.0,14.1,WINDY,28.6,0.0,5819.0,1821.0,8.3,0.202,65.8,1446.0,418.5,572.1
TH00808,,EXCAVATOR,EX-972,Trenching,BEGINNER,2.3,SAND,1.5,310.5,UNEVEN,0.0,15.3,SUNNY,26.5,0.0,9409.0,1420.0,7.8,0.331,69.3,1912.0,239.3,283.6
TH00809,T00809,DOZER,DZ-160GC,Material Stockpiling,EXPERT,18.2,CRUSHED_STONE,1.7,2155.2,MOUNTAINOUS,18.7,11.2,WINDY,26.2,0.0,5523.0,253.0,14.4,0.161,53.4,1085.0,393.8,581.0
TH00810,T00810,MOTOR_GRADER,MG-390D2,Road Preparation,BEGINNER,2.3,GRAVEL,1.8,5716.9,FLAT,3.0,13.5,SUNNY,25.1,0.0,8238.0,548.0,8.3,0.176,46.9,1841.0,517.2,597.9
TH00811,,EXCAVATOR,EX-220XE,Earth Excavation,EXPERT,12.7,ROCK_FILL,2.2,856.6,ROLLING,10.1,17.3,SUNNY,22.5,0.0,9080.0,1666.0,10.9,0.09,88.3,1261.0,222.3,254.8
TH00812,T00812,WHEEL_LOADER,WL-972XE,Material Loading,BEGINNER,1.8,GRAVEL,1.8,723.6,FLAT,0.7,13.8,SUNNY,22.4,0.0,9203.0,1372.0,14.4,0.259,87.7,1496.0,218.4,275.7
TH00813,,EXCAVATOR,EX-320GC,Material Loading,INTERMEDIATE,3.9,ASPHALT_MILLINGS,1.4,897.6,MOUNTAINOUS,12.9,8.7,SUNNY,19.9,0.0,7240.0,1296.0,5.3,0.188,72.2,1698.0,212.1,279.5
TH00814,T00814,WHEEL_LOADER,WL-986,Material Stockpiling,INTERMEDIATE,2.1,ROCK_FILL,2.2,532.0,MOUNTAINOUS,18.7,27.5,RAINY,25.9,12.7,1939.0,3475.0,11.8,0.228,41.2,1629.0,119.6,372.9
TH00815,,WHEEL_LOADER,WL-390,Road Preparation,BEGINNER,0.6,SAND,1.5,1088.5,UNEVEN,0.0,9.5,SUNNY,,0.0,9861.0,1371.0,9.6,0.267,28.4,1252.0,168.2,225.5
TH00816,,EXCAVATOR,EX-972,Material Loading,EXPERT,20.5,TOPSOIL,1.3,1154.3,UNEVEN,0.0,15.3,CLOUDY,14.9,0.0,7991.0,1006.0,7.8,0.161,43.6,1486.0,239.1,210.7
TH00817,,MOTOR_GRADER,MG-390D2,Road Preparation,BEGINNER,0.8,CRUSHED_STONE,1.7,826.9,FLAT,5.1,9.8,WINDY,25.8,0.0,6035.0,349.0,8.3,0.261,59.1,1491.0,77.5,91.7
TH00818,T00818,EXCAVATOR,EX-320GC,Trenching,EXPERT,12.7,ASPHALT_MILLINGS,1.4,53.8,MOUNTAINOUS,11.8,28.3,RAINY,31.7,9.6,1198.0,2829.0,5.3,0.071,64.4,1323.0,27.1,45.9
TH00819,T00819,MOTOR_GRADER,MG-986D2,Grading,BEGINNER,1.8,CRUSHED_STONE,1.7,4378.7,HILLY,12.2,11.8,SUNNY,30.2,0.0,4344.0,2823.0,11.1,0.328,67.2,1437.0,267.5,395.2
TH00820,,WHEEL_LOADER,WL-972XE,Material Stockpiling,INTERMEDIATE,3.9,CLAY,1.6,1360.3,FLAT,0.0,20.6,RAINY,14.6,1.5,1701.0,169.0,14.4,0.243,44.9,1695.0,283.0,424.8
TH00821,T00821,DOZER,DZ-349D,Demolition,INTERMEDIATE,7.7,TOPSOIL,1.3,660.1,ROLLING,6.7,17.8,CLOUDY,24.0,0.0,9787.0,1159.0,10.1,0.038,70.2,1409.0,257.1,263.8
TH00822,,ARTICULATED_HAULER,AH-120D2,Hauling,INTERMEDIATE,3.9,ASPHALT_MILLINGS,1.4,2169.0,UNEVEN,5.5,22.1,SUNNY,27.0,0.0,5366.0,3263.0,2.8,0.228,65.9,1647.0,732.2,1571.1
TH00823,T00823,COMPACTOR,CP-972D2,Soil Compaction,INTERMEDIATE,4.6,GRAVEL,1.8,4482.7,MOUNTAINOUS,26.2,9.5,CLOUDY,19.5,0.0,9651.0,2920.0,4.2,0.195,88.0,1909.0,157.9,268.0
TH00824,,MOTOR_GRADER,MG-336GC,Road Preparation,INTERMEDIATE,7.7,CRUSHED_STONE,1.7,4915.2,FLAT,6.9,3.4,SUNNY,29.8,0.0,8600.0,2004.0,10.0,0.031,49.5,1822.0,346.0,334.8
TH00825,,DOZER,DZ-160GC,Material Stockpiling,INTERMEDIATE,6.4,ROCK_FILL,2.2,1137.2,MOUNTAINOUS,15.6,10.1,CLOUDY,17.8,0.0,5211.0,2614.0,14.4,0.034,53.8,1386.0,235.9,434.9
TH00826,,EXCAVATOR,EX-226XE,Material Loading,BEGINNER,0.5,ASPHALT_MILLINGS,1.4,835.4,FLAT,0.0,33.8,RAINY,18.9,14.0,806.0,1254.0,13.8,0.233,64.9,1331.0,262.6,452.3
TH00827,T00827,EXCAVATOR,EX-220XE,Material Loading,INTERMEDIATE,6.4,SAND,1.5,238.9,ROLLING,5.5,4.1,CLOUDY,11.7,0.0,4013.0,887.0,10.9,0.119,29.4,1604.0,57.6,68.2
TH00828,,EXCAVATOR,EX-226D2,Trenching,INTERMEDIATE,7.0,CLAY,1.6,448.5,MOUNTAINOUS,20.6,3.0,SUNNY,25.9,0.0,5989.0,539.0,1.1,0.226,60.3,1318.0,254.6,368.6
TH00829,,EXCAVATOR,EX-220XE,Material Loading,EXPERT,20.5,TOPSOIL,1.3,728.7,ROLLING,7.4,6.4,SUNNY,26.8,0.0,8450.0,1122.0,10.9,0.137,75.6,1334.0,146.4,187.4
TH00830,,EXCAVATOR,EX-226D2,Material Loading,INTERMEDIATE,3.9,CRUSHED_STONE,1.7,2159.1,MOUNTAINOUS,16.1,3.1,SUNNY,22.9,0.0,5357.0,1804.0,1.1,0.093,36.1,1749.0,519.4,573.7
TH00831,T00831,EXCAVATOR,EX-320GC,Soil Compaction,BEGINNER,2.3,TOPSOIL,1.3,4318.5,MOUNTAINOUS,11.8,26.9,RAINY,26.5,13.6,1588.0,3099.0,5.3,0.271,70.7,1628.0,374.2,618.0
TH00832,,BACKHOE_LOADER,BL-390,Soil Compaction,INTERMEDIATE,5.8,ASPHALT_MILLINGS,1.4,5609.6,FLAT,0.0,19.4,WINDY,14.5,0.0,3099.0,1073.0,10.5,0.086,54.1,1618.0,390.3,389.2
TH00833,,WHEEL_LOADER,WL-390D2,Material Loading,BEGINNER,1.6,GRAVEL,1.8,1976.1,ROLLING,8.3,21.3,SUNNY,24.1,0.0,5146.0,118.0,14.3,0.261,54.3,1830.0,632.0,825.2
TH00834,,WHEEL_LOADER,WL-390,Earth Excavation,INTERMEDIATE,7.6,CRUSHED_STONE,1.7,703.5,UNEVEN,1.2,32.6,RAINY,13.2,6.4,1124.0,380.0,9.6,0.018,58.8,1744.0,379.6,591.1
TH00835,T00835,EXCAVATOR,EX-336XE,Material Loading,BEGINNER,1.0,ASPHALT_MILLINGS,1.4,1821.0,UNEVEN,2.8,16.3,SUNNY,26.5,0.0,4647.0,495.0,4.7,0.23,41.5,1347.0,581.3,541.4
TH00836,T00836,ARTICULATED_HAULER,AH-226D,Grading,EXPERT,22.8,ROCK_FILL,2.2,3892.6,ROLLING,8.1,13.8,SUNNY,6.9,0.0,4217.0,2048.0,2.4,0.086,66.4,1444.0,348.0,401.2
TH00837,,EXCAVATOR,EX-950D2,Earth Excavation,EXPERT,23.6,ASPHALT_MILLINGS,1.4,1036.2,HILLY,13.8,5.6,CLOUDY,33.5,0.0,6438.0,2114.0,3.2,0.08,61.7,1567.0,258.8,295.7
TH00838,,ARTICULATED_HAULER,AH-226D,Hauling,EXPERT,14.9,ASPHALT_MILLINGS,1.4,255.7,ROLLING,6.1,17.1,WINDY,24.1,0.0,7633.0,598.0,2.4,0.093,95.2,1446.0,75.6,95.7
TH00839,,DOZER,DZ-986GC,Road Preparation,EXPERT,23.4,SAND,1.5,1841.6,FLAT,1.6,30.1,SUNNY,30.6,0.0,8319.0,2023.0,12.0,0.115,75.4,1187.0,113.5,120.0
TH00840,,BACKHOE_LOADER,BL-986GC,Trenching,INTERMEDIATE,7.6,ROCK_FILL,2.2,517.5,MOUNTAINOUS,15.2,18.4,RAINY,31.7,10.4,1631.0,1519.0,7.3,0.135,80.1,2400.0,291.0,572.9
TH00841,,ARTICULATED_HAULER,AH-349D,Grading,INTERMEDIATE,6.3,GRAVEL,1.8,1261.3,ROLLING,8.9,19.8,SUNNY,27.0,0.0,8979.0,3028.0,0.8,0.272,,1179.0,100.1,111.3
TH00842,,BACKHOE_LOADER,BL-220GC,Trenching,BEGINNER,1.6,ROCK_FILL,2.2,65.6,UNEVEN,2.4,4.8,SUNNY,25.6,0.0,9226.0,1766.0,3.0,0.237,61.6,1821.0,51.2,60.7
TH00843,T00843,BACKHOE_LOADER,BL-390D2,Demolition,INTERMEDIATE,7.6,ASPHALT_MILLINGS,1.4,1061.6,UNEVEN,2.8,6.9,FOG,23.0,0.1,291.0,2556.0,4.2,0.153,77.9,2144.0,669.2,1092.4
TH00844,T00844,WHEEL_LOADER,WL-972XE,Soil Compaction,BEGINNER,0.6,SAND,1.5,5635.0,FLAT,0.7,5.4,SUNNY,25.7,0.0,4164.0,599.0,14.4,0.183,65.6,2025.0,447.8,572.0
TH00845,,MOTOR_GRADER,MG-160D,Hauling,BEGINNER,1.8,CLAY,1.6,1740.9,UNEVEN,0.0,51.3,STORM,23.4,18.0,281.0,689.0,7.7,0.307,63.6,1589.0,1276.9,3625.8
TH00846,,ARTICULATED_HAULER,AH-349D,Demolition,INTERMEDIATE,6.8,CLAY,1.6,629.2,ROLLING,3.2,17.2,WINDY,36.7,0.0,6507.0,2881.0,0.8,0.111,43.2,1582.0,541.2,628.0
TH00847,,WHEEL_LOADER,WL-390D2,Earth Excavation,INTERMEDIATE,5.8,CRUSHED_STONE,1.7,800.7,ROLLING,4.5,22.3,SUNNY,32.9,0.0,8065.0,2566.0,14.3,0.115,73.6,1976.0,456.1,547.2
TH00848,,EXCAVATOR,EX-390D2,Demolition,BEGINNER,1.5,CRUSHED_STONE,1.7,1326.4,FLAT,6.4,30.7,WINDY,31.0,0.0,7564.0,1889.0,14.3,0.297,45.8,1308.0,700.7,966.2
TH00849,,BACKHOE_LOADER,BL-390,Trenching,BEGINNER,0.6,ROCK_FILL,2.2,106.9,FLAT,1.0,3.0,SUNNY,26.3,0.0,8812.0,766.0,10.5,0.245,71.1,1826.0,83.8,103.8
TH00850,,EXCAVATOR,EX-950D2,Earth Excavation,EXPERT,14.9,TOPSOIL,1.3,1139.2,HILLY,9.0,22.3,SUNNY,14.9,0.0,7961.0,1586.0,3.2,0.043,74.1,1550.0,295.5,269.4
TH00851,,DOZER,DZ-950D,Material Stockpiling,EXPERT,11.3,ROCK_FILL,2.2,291.2,MOUNTAINOUS,13.3,12.7,SUNNY,26.3,0.0,5315.0,1981.0,1.6,0.089,,1684.0,50.8,85.7
TH00852,,ARTICULATED_HAULER,AH-140D2,Hauling,INTERMEDIATE,2.6,GRAVEL,1.8,1030.9,ROLLING,8.3,14.8,FOG,20.4,1.0,74.0,1441.0,7.4,0.201,52.3,1430.0,378.7,821.9
TH00853,,COMPACTOR,CP-972D2,Soil Compaction,INTERMEDIATE,7.7,ROCK_FILL,2.2,2686.7,MOUNTAINOUS,26.5,90.2,STORM,9.1,34.4,122.0,1332.0,4.2,0.19,82.7,1537.0,97.6,671.1
TH00854,,EXCAVATOR,EX-950D2,Trenching,INTERMEDIATE,5.5,ASPHALT_MILLINGS,1.4,545.5,HILLY,11.7,11.4,SUNNY,25.6,0.0,5898.0,671.0,3.2,0.194,61.8,1706.0,308.1,343.0
TH00855,,MOTOR_GRADER,MG-160D,Material Loading,EXPERT,20.5,TOPSOIL,1.3,1190.0,UNEVEN,0.0,22.4,SUNNY,24.8,0.0,6969.0,3403.0,7.7,0.12,33.7,1443.0,492.2,553.9
TH00856,,ARTICULATED_HAULER,AH-226D,Hauling,INTERMEDIATE,7.0,CLAY,1.6,1530.1,ROLLING,8.0,21.7,CLOUDY,19.8,0.0,7691.0,2553.0,2.4,0.187,28.7,1364.0,541.9,935.0
TH00857,,WHEEL_LOADER,WL-336,Grading,INTERMEDIATE,3.9,CRUSHED_STONE,1.7,5767.0,ROLLING,6.6,7.0,SUNNY,31.9,0.0,5910.0,1615.0,7.7,0.187,38.4,1608.0,498.4,533.3
TH00858,,MOTOR_GRADER,MG-160D,Grading,BEGINNER,1.4,ROCK_FILL,2.2,4830.2,UNEVEN,4.7,20.9,CLOUDY,44.2,0.0,8936.0,1200.0,7.7,0.176,45.3,1406.0,299.4,368.4
TH00859,,DOZER,DZ-986D2,Material Stockpiling,INTERMEDIATE,7.7,SAND,1.5,1563.1,FLAT,2.4,6.7,SUNNY,35.5,0.0,7648.0,1531.0,13.6,0.105,67.5,1553.0,324.2,391.3
TH00860,,ARTICULATED_HAULER,AH-140D2,Hauling,INTERMEDIATE,6.7,GRAVEL,1.8,1054.3,ROLLING,5.2,21.4,SUNNY,28.1,0.0,8601.0,2784.0,7.4,0.018,69.7,1349.0,348.8,527.8
TH00861,,EXCAVATOR,EX-336XE,Earth Excavation,EXPERT,14.9,ASPHALT_MILLINGS,1.4,476.9,UNEVEN,0.0,89.2,STORM,11.8,33.7,190.0,1490.0,4.7,0.1,68.2,1738.0,115.2,404.8
TH00862,,ARTICULATED_HAULER,AH-336,Material Stockpiling,EXPERT,12.7,CLAY,1.6,100.7,UNEVEN,0.6,25.3,CLOUDY,23.7,0.0,5635.0,2568.0,8.5,0.01,40.7,1204.0,33.9,46.7
TH00863,,DOZER,DZ-349D,Material Stockpiling,INTERMEDIATE,4.6,GRAVEL,1.8,180.9,ROLLING,7.0,5.7,CLOUDY,27.0,0.0,5832.0,3280.0,10.1,0.165,100.0,1690.0,36.7,73.9
TH00864,,MOTOR_GRADER,MG-986XE,Road Preparation,BEGINNER,2.5,CLAY,1.6,5153.6,FLAT,0.0,20.9,FOG,23.7,0.4,259.0,3346.0,12.4,0.174,43.6,1772.0,456.7,724.6
TH00865,,MOTOR_GRADER,MG-986XE,Road Preparation,BEGINNER,0.8,ASPHALT_MILLINGS,1.4,1460.2,FLAT,0.0,6.8,FOG,21.9,0.6,262.0,1011.0,12.4,0.256,33.3,1466.0,135.8,279.8
TH00866,,EXCAVATOR,EX-336XE,Material Stockpiling,BEGINNER,0.5,ROCK_FILL,2.2,1522.5,UNEVEN,3.3,15.7,SUNNY,25.8,0.0,5785.0,945.0,4.7,0.222,54.5,1393.0,767.2,1262.8
TH00867,,DOZER,DZ-986D2,Soil Compaction,EXPERT,12.7,ASPHALT_MILLINGS,1.4,919.1,FLAT,4.2,14.2,SUNNY,15.1,0.0,6428.0,1529.0,13.6,0.01,57.0,1297.0,54.0,48.3
TH00868,,DOZER,DZ-986GC,Road Preparation,BEGINNER,1.8,ASPHALT_MILLINGS,1.4,5761.4,FLAT,0.3,9.1,WINDY,,0.0,5987.0,2645.0,12.0,0.238,35.3,2400.0,543.9,571.6
TH00869,,ARTICULATED_HAULER,AH-120D2,Hauling,INTERMEDIATE,2.6,SAND,1.5,442.6,UNEVEN,0.6,3.0,SUNNY,23.8,0.0,6406.0,352.0,2.8,0.173,61.6,1377.0,161.0,159.0
TH00870,,DOZER,DZ-986D2,Hauling,BEGINNER,1.6,TOPSOIL,1.3,1931.5,FLAT,0.7,24.8,CLOUDY,19.6,0.0,6821.0,3393.0,13.6,0.262,41.5,1639.0,1803.9,4426.7
TH00871,,EXCAVATOR,EX-390D2,Trenching,INTERMEDIATE,7.1,SAND,1.5,174.0,FLAT,9.6,21.2,RAINY,,8.4,523.0,435.0,14.3,0.222,41.8,1865.0,104.8,202.9
TH00872,,ARTICULATED_HAULER,AH-120D2,Hauling,INTERMEDIATE,7.0,CRUSHED_STONE,1.7,830.1,UNEVEN,4.7,14.0,RAINY,20.8,2.0,1152.0,3399.0,2.8,0.16,38.4,1589.0,290.0,593.5
TH00873,,BACKHOE_LOADER,BL-986GC,Earth Excavation,INTERMEDIATE,7.6,CRUSHED_STONE,1.7,908.0,MOUNTAINOUS,14.5,39.6,RAINY,15.0,14.1,604.0,1385.0,7.3,0.058,54.1,1237.0,489.6,907.2
TH00874,,EXCAVATOR,EX-972,Earth Excavation,BEGINNER,1.8,GRAVEL,1.8,322.3,UNEVEN,0.0,10.8,WINDY,21.6,0.0,8819.0,291.0,7.8,0.256,43.0,1648.0,120.9,138.3
TH00875,,DOZER,DZ-950D,Road Preparation,EXPERT,17.3,ASPHALT_MILLINGS,1.4,939.3,MOUNTAINOUS,9.7,57.2,STORM,29.6,23.5,284.0,2394.0,1.6,0.135,77.8,1410.0,57.4,171.1
TH00876,,WHEEL_LOADER,WL-390,Material Loading,INTERMEDIATE,3.0,GRAVEL,1.8,1319.8,UNEVEN,0.0,17.7,SUNNY,31.6,0.0,8796.0,2639.0,9.6,0.165,45.1,1352.0,324.0,395.7
TH00877,,ARTICULATED_HAULER,AH-120D2,Hauling,INTERMEDIATE,7.0,CRUSHED_STONE,1.7,631.8,UNEVEN,1.7,12.6,SUNNY,13.5,0.0,6397.0,1058.0,2.8,0.061,,1416.0,209.5,239.3
TH00878,,EXCAVATOR,EX-950D2,Demolition,INTERMEDIATE,5.8,SAND,1.5,1160.4,HILLY,9.5,9.4,SUNNY,29.1,0.0,9345.0,1270.0,3.2,0.137,86.3,1302.0,446.5,554.4
TH00879,,EXCAVATOR,EX-226XE,Soil Compaction,INTERMEDIATE,2.7,CLAY,1.6,1705.3,FLAT,0.0,3.9,FOG,23.5,0.3,219.0,1955.0,13.8,0.187,56.2,1796.0,143.7,253.3
TH00880,,MOTOR_GRADER,MG-986XE,Road Preparation,INTERMEDIATE,3.0,ROCK_FILL,2.2,5312.5,FLAT,0.2,33.9,RAINY,35.8,10.3,1660.0,1877.0,12.4,0.089,62.4,1576.0,393.4,564.3
TH00881,,EXCAVATOR,EX-972XE,Demolition,INTERMEDIATE,7.7,GRAVEL,1.8,1101.7,FLAT,0.0,7.6,CLOUDY,21.5,0.0,8553.0,2942.0,3.7,0.039,64.0,1695.0,424.8,378.4
TH00882,,EXCAVATOR,EX-140GC,Demolition,EXPERT,11.3,ASPHALT_MILLINGS,1.4,338.7,UNEVEN,3.4,12.4,WINDY,24.1,0.0,6007.0,746.0,5.6,0.111,49.9,2042.0,113.2,116.6
TH00883,,ARTICULATED_HAULER,AH-336,Hauling,INTERMEDIATE,6.8,SAND,1.5,1237.9,UNEVEN,2.0,17.2,WINDY,12.2,0.0,8835.0,283.0,8.5,0.013,57.9,1497.0,438.4,441.2
TH00884,,WHEEL_LOADER,WL-336,Material Loading,EXPERT,15.9,ROCK_FILL,2.2,2059.9,ROLLING,5.9,3.0,SUNNY,31.9,0.0,9881.0,244.0,7.7,0.12,66.0,1313.0,418.3,436.0
TH00885,,BACKHOE_LOADER,BL-986GC,Trenching,INTERMEDIATE,3.6,SAND,1.5,81.2,ROLLING,14.1,14.1,WINDY,29.9,0.0,3249.0,1278.0,10.6,0.191,52.3,1648.0,50.1,79.8
TH00886,,BACKHOE_LOADER,BL-390,Trenching,INTERMEDIATE,6.4,ASPHALT_MILLINGS,1.4,49.7,FLAT,4.3,11.0,SUNNY,30.7,0.0,9892.0,2385.0,10.5,0.165,59.1,1871.0,28.4,32.7
TH00887,,DOZER,DZ-986GC,Road Preparation,EXPERT,20.5,SAND,1.5,3346.1,FLAT,0.0,21.5,SUNNY,28.7,0.0,5194.0,2481.0,12.0,0.078,83.6,1529.0,208.4,198.4
TH00888,,ARTICULATED_HAULER,AH-226D,Hauling,EXPERT,15.9,CLAY,1.6,963.4,ROLLING,8.3,15.8,WINDY,29.1,0.0,3612.0,2783.0,2.4,0.099,84.4,1588.0,275.1,484.3
TH00889,,MOTOR_GRADER,MG-336GC,Grading,INTERMEDIATE,7.7,CLAY,1.6,2539.9,FLAT,4.5,11.0,FOG,31.0,1.0,208.0,3294.0,10.0,0.132,41.8,1737.0,122.5,176.7
TH00890,,COMPACTOR,CP-986D2,Road Preparation,EXPERT,12.7,CLAY,1.6,5238.1,ROLLING,7.1,5.8,SUNNY,30.7,0.0,8367.0,2360.0,8.3,0.033,75.2,1777.0,318.9,352.7
TH00891,,EXCAVATOR,EX-390D2,Earth Excavation,INTERMEDIATE,7.1,ROCK_FILL,2.2,889.8,FLAT,1.8,4.7,FOG,26.7,0.9,195.0,2909.0,14.3,0.113,100.0,1889.0,260.2,452.9
TH00892,,DOZER,DZ-950D,Material Loading,INTERMEDIATE,7.7,GRAVEL,1.8,888.0,MOUNTAINOUS,10.7,29.4,RAINY,21.3,13.3,1421.0,1972.0,1.6,0.01,96.4,1700.0,342.3,487.3
TH00893,,COMPACTOR,CP-950,Soil Compaction,INTERMEDIATE,7.0,GRAVEL,1.8,3070.9,ROLLING,6.9,5.4,WINDY,20.7,0.0,4054.0,1265.0,3.4,0.161,55.3,1426.0,108.0,131.3
TH00894,,WHEEL_LOADER,WL-140XE,Material Stockpiling,EXPERT,11.3,ROCK_FILL,2.2,551.4,UNEVEN,0.0,3.0,SUNNY,30.1,0.0,6936.0,1364.0,8.1,0.138,56.1,1896.0,101.7,136.0
TH00895,,WHEEL_LOADER,WL-390D2,Material Stockpiling,INTERMEDIATE,6.4,SAND,1.5,386.9,ROLLING,7.2,8.4,SUNNY,20.3,0.0,8758.0,2185.0,14.3,0.096,91.0,1289.0,78.1,132.2
TH00896,,ARTICULATED_HAULER,AH-140D2,Material Loading,INTERMEDIATE,7.6,CLAY,1.6,1189.2,ROLLING,8.5,42.3,RAINY,26.7,11.3,1264.0,3351.0,7.4,0.046,49.8,1609.0,491.9,904.3
TH00897,,EXCAVATOR,EX-220XE,Material Loading,BEGINNER,2.3,ROCK_FILL,2.2,1537.7,ROLLING,12.4,3.0,FOG,12.0,0.7,261.0,1306.0,10.9,0.234,36.2,1858.0,452.9,970.9
TH00898,,ARTICULATED_HAULER,AH-140D2,Hauling,INTERMEDIATE,7.6,TOPSOIL,1.3,2022.7,ROLLING,3.4,17.5,WINDY,15.2,0.0,6711.0,1127.0,7.4,0.068,42.9,2289.0,706.2,842.0
TH00899,,MOTOR_GRADER,MG-160D,Trenching,BEGINNER,0.6,GRAVEL,1.8,105.7,UNEVEN,2.0,5.8,FOG,17.5,0.5,240.0,375.0,7.7,0.281,,1498.0,187.7,379.3
TH00900,,BACKHOE_LOADER,BL-986GC,Trenching,BEGINNER,1.4,CLAY,1.6,269.5,ROLLING,4.1,7.8,SUNNY,27.9,0.0,8684.0,3031.0,10.6,0.165,62.1,1396.0,201.8,230.9
TH00901,,DOZER,DZ-950D,Demolition,INTERMEDIATE,3.6,GRAVEL,1.8,1190.1,MOUNTAINOUS,10.2,19.5,SUNNY,30.1,0.0,7679.0,389.0,1.6,0.1,,1447.0,496.3,475.5
TH00902,,MOTOR_GRADER,MG-986XE,Grading,EXPERT,12.7,CLAY,1.6,2102.1,FLAT,0.0,9.9,SUNNY,25.1,0.0,7927.0,477.0,12.4,0.01,57.0,1267.0,82.9,78.4
TH00903,,MOTOR_GRADER,MG-986XE,Road Preparation,BEGINNER,2.3,TOPSOIL,1.3,1915.2,FLAT,4.3,13.2,SUNNY,32.6,0.0,8112.0,1851.0,12.4,0.119,51.6,1380.0,179.6,189.4
TH00904,,EXCAVATOR,EX-220XE,Demolition,INTERMEDIATE,4.6,CRUSHED_STONE,1.7,421.2,ROLLING,9.9,9.8,CLOUDY,30.3,0.0,5802.0,432.0,10.9,0.147,60.6,1508.0,170.1,228.6
TH00905,,EXCAVATOR,EX-226XE,Material Loading,BEGINNER,0.5,CRUSHED_STONE,1.7,2108.3,FLAT,0.6,17.5,SUNNY,30.4,0.0,7250.0,2135.0,13.8,0.314,71.0,1511.0,662.6,725.0
TH00906,,ARTICULATED_HAULER,AH-140D2,Hauling,BEGINNER,0.8,CRUSHED_STONE,1.7,485.3,ROLLING,6.7,44.8,STORM,19.5,9.9,124.0,1019.0,7.4,0.123,81.4,1617.0,224.1,887.4
TH00907,,WHEEL_LOADER,WL-336,Material Stockpiling,INTERMEDIATE,5.5,TOPSOIL,1.3,1380.0,ROLLING,13.6,21.7,RAINY,7.7,11.1,825.0,330.0,7.7,0.141,31.9,1976.0,278.3,483.3
TH00908,,ARTICULATED_HAULER,AH-140D2,Hauling,INTERMEDIATE,2.6,ROCK_FILL,2.2,677.0,ROLLING,7.2,16.6,WINDY,20.1,0.0,4368.0,1347.0,7.4,0.233,81.8,1708.0,252.4,362.4
TH00909,,ARTICULATED_HAULER,AH-336,Soil Compaction,EXPERT,17.3,ASPHALT_MILLINGS,1.4,1698.0,UNEVEN,0.0,10.1,RAINY,23.0,2.6,695.0,1393.0,8.5,0.191,46.1,1417.0,97.0,141.2
TH00910,,MOTOR_GRADER,MG-986XE,Grading,INTERMEDIATE,7.1,ROCK_FILL,2.2,3147.7,FLAT,0.0,7.7,CLOUDY,17.1,0.0,6309.0,2754.0,12.4,0.167,100.0,1612.0,147.2,171.6
TH00911,,BACKHOE_LOADER,BL-986GC,Trenching,BEGINNER,0.8,CRUSHED_STONE,1.7,415.8,MOUNTAINOUS,17.4,7.4,SUNNY,21.2,0.0,6590.0,944.0,7.3,0.158,57.7,1681.0,321.2,429.2
TH00912,,COMPACTOR,CP-950,Road Preparation,INTERMEDIATE,5.0,CRUSHED_STONE,1.7,3613.8,ROLLING,5.0,18.9,CLOUDY,19.0,0.0,7598.0,2641.0,3.4,0.048,41.4,1293.0,267.9,299.4
TH00913,,EXCAVATOR,EX-972,Road Preparation,INTERMEDIATE,7.7,CRUSHED_STONE,1.7,4728.8,UNEVEN,4.3,9.8,CLOUDY,18.4,0.0,3251.0,323.0,7.8,0.01,75.0,1713.0,688.8,634.0
TH00914,,DOZER,DZ-972,Demolition,EXPERT,20.5,GRAVEL,1.8,1244.8,UNEVEN,1.6,35.1,STORM,17.6,14.7,241.0,2771.0,2.3,0.298,60.5,1252.0,442.4,1216.1
TH00915,,WHEEL_LOADER,WL-336,Material Loading,INTERMEDIATE,3.6,ASPHALT_MILLINGS,1.4,332.3,ROLLING,9.0,3.0,SUNNY,28.1,0.0,6596.0,2759.0,7.7,0.19,77.4,1519.0,80.9,92.5
TH00916,,WHEEL_LOADER,WL-336,Material Loading,INTERMEDIATE,7.6,CRUSHED_STONE,1.7,644.9,ROLLING,7.7,77.8,STORM,24.7,32.7,320.0,1892.0,7.7,0.173,69.3,1748.0,154.7,545.9
TH00917,,BACKHOE_LOADER,BL-220GC,Trenching,EXPERT,20.5,GRAVEL,1.8,318.9,UNEVEN,0.0,15.1,SUNNY,17.0,0.0,9206.0,3307.0,3.0,0.039,29.9,1356.0,158.7,136.0
TH00918,,EXCAVATOR,EX-972,Earth Excavation,INTERMEDIATE,5.1,ROCK_FILL,2.2,93.4,UNEVEN,0.0,9.3,WINDY,24.4,0.0,7935.0,2832.0,7.8,0.129,79.4,1917.0,26.2,29.0
TH00919,,ARTICULATED_HAULER,AH-120D2,Hauling,INTERMEDIATE,7.0,CLAY,1.6,1274.6,UNEVEN,4.4,28.9,RAINY,29.7,7.0,799.0,791.0,2.8,0.209,37.5,1543.0,447.6,743.9
TH00920,,WHEEL_LOADER,WL-390D2,Material Stockpiling,INTERMEDIATE,3.9,GRAVEL,1.8,2174.1,ROLLING,10.0,37.2,STORM,28.0,13.9,142.0,2377.0,14.3,0.146,41.6,1466.0,482.4,2085.2
TH00921,,BACKHOE_LOADER,BL-986D,Grading,BEGINNER,2.3,TOPSOIL,1.3,4643.1,FLAT,6.7,14.2,CLOUDY,18.1,0.0,6274.0,3465.0,12.0,0.204,58.4,1801.0,547.7,711.5
TH00922,,EXCAVATOR,EX-226D2,Demolition,EXPERT,11.3,CLAY,1.6,1314.1,MOUNTAINOUS,22.3,10.0,CLOUDY,26.3,0.0,4180.0,1052.0,1.1,0.058,47.4,1803.0,434.7,578.1
TH00923,,MOTOR_GRADER,MG-220D2,Grading,BEGINNER,0.5,ROCK_FILL,2.2,2355.2,UNEVEN,0.0,10.3,WINDY,32.8,0.0,5206.0,483.0,1.2,0.248,43.6,1219.0,154.7,196.0
TH00924,,WHEEL_LOADER,WL-140XE,Material Loading,BEGINNER,2.5,CLAY,1.6,390.9,UNEVEN,2.9,12.3,SUNNY,17.1,0.0,6313.0,587.0,8.1,0.217,49.0,2039.0,120.4,149.0
TH00925,,MOTOR_GRADER,MG-336GC,Grading,INTERMEDIATE,3.6,SAND,1.5,5606.4,FLAT,3.0,14.7,FOG,21.7,0.4,85.0,2245.0,10.0,0.108,,1800.0,262.6,453.9
TH00926,,BACKHOE_LOADER,BL-986GC,Trenching,INTERMEDIATE,3.6,TOPSOIL,1.3,430.3,ROLLING,5.5,24.0,RAINY,11.7,4.6,1787.0,2027.0,10.6,0.178,40.2,1537.0,258.0,375.9
TH00927,,WHEEL_LOADER,WL-140XE,Material Loading,BEGINNER,0.6,CRUSHED_STONE,1.7,642.8,UNEVEN,0.0,34.2,RAINY,34.3,11.4,459.0,1608.0,8.1,0.283,43.4,1446.0,210.0,346.0
TH00928,,MOTOR_GRADER,MG-220D2,Road Preparation,INTERMEDIATE,2.1,SAND,1.5,5693.5,UNEVEN,0.0,8.2,SUNNY,28.5,0.0,9203.0,1233.0,1.2,0.148,53.7,1662.0,425.3,400.0
TH00929,,BACKHOE_LOADER,BL-220GC,Trenching,BEGINNER,1.6,ASPHALT_MILLINGS,1.4,214.0,UNEVEN,0.0,74.1,STORM,23.9,34.9,60.0,731.0,3.0,0.184,52.2,1740.0,160.3,513.0
TH00930,,DOZER,DZ-972,Demolition,BEGINNER,0.5,TOPSOIL,1.3,523.2,UNEVEN,0.0,3.0,SUNNY,29.7,0.0,6158.0,2930.0,2.3,0.296,76.2,1699.0,278.1,326.8
TH00931,,MOTOR_GRADER,MG-160D,Road Preparation,EXPERT,14.9,CLAY,1.6,4202.0,UNEVEN,0.0,46.8,STORM,26.0,16.2,171.0,2905.0,7.7,0.059,32.2,1511.0,259.0,651.5
TH00932,,DOZER,DZ-349D,Road Preparation,INTERMEDIATE,4.6,GRAVEL,1.8,3392.8,ROLLING,0.0,11.2,SUNNY,23.6,0.0,6598.0,2373.0,10.1,0.119,51.4,1684.0,254.6,258.1
TH00933,,EXCAVATOR,EX-972,Grading,INTERMEDIATE,2.7,CLAY,1.6,5800.9,UNEVEN,3.1,37.6,RAINY,32.0,10.4,869.0,91.0,7.8,0.152,31.7,1773.0,527.5,946.6
TH00934,,MOTOR_GRADER,MG-220D2,Grading,INTERMEDIATE,5.5,TOPSOIL,1.3,1437.5,UNEVEN,5.5,22.5,RAINY,14.2,2.5,1112.0,700.0,1.2,0.187,56.9,1421.0,69.0,130.0
TH00935,,ARTICULATED_HAULER,AH-120D2,Hauling,EXPERT,7.3,CLAY,1.6,1949.1,UNEVEN,0.4,18.2,CLOUDY,,0.0,8285.0,1929.0,2.8,0.027,63.9,2123.0,564.4,678.3
TH00936,,MOTOR_GRADER,MG-986XE,Road Preparation,BEGINNER,1.5,SAND,1.5,4211.7,FLAT,5.1,12.8,SUNNY,35.8,0.0,5957.0,756.0,12.4,0.181,52.9,1571.0,401.1,389.7
TH00937,,MOTOR_GRADER,MG-986D2,Road Preparation,INTERMEDIATE,5.5,SAND,1.5,1331.9,HILLY,10.2,14.8,WINDY,13.9,0.0,3296.0,3035.0,11.1,0.175,17.8,1504.0,92.3,120.7
TH00938,,MOTOR_GRADER,MG-160D,Grading,BEGINNER,1.8,TOPSOIL,1.3,5137.2,UNEVEN,0.1,7.6,WINDY,15.5,0.0,3696.0,1255.0,7.7,0.344,44.4,1375.0,307.5,393.3
TH00939,,BACKHOE_LOADER,BL-390,Trenching,BEGINNER,0.5,ASPHALT_MILLINGS,1.4,526.9,FLAT,0.0,17.9,SUNNY,29.2,0.0,5630.0,2723.0,10.5,0.254,73.7,1592.0,418.3,399.1
TH00940,,MOTOR_GRADER,MG-336GC,Soil Compaction,INTERMEDIATE,2.7,ASPHALT_MILLINGS,1.4,3458.8,FLAT,6.1,15.7,RAINY,24.3,1.0,1721.0,1814.0,10.0,0.072,58.3,1790.0,274.9,433.9
TH00941,,MOTOR_GRADER,MG-220D2,Earth Excavation,INTERMEDIATE,7.7,GRAVEL,1.8,547.6,UNEVEN,0.0,10.1,SUNNY,23.5,0.0,7913.0,909.0,1.2,0.01,55.3,1468.0,348.0,315.2
TH00942,,DOZER,DZ-986D2,Material Stockpiling,INTERMEDIATE,5.5,GRAVEL,1.8,1269.9,FLAT,4.6,27.2,CLOUDY,31.2,0.0,3154.0,3381.0,13.6,0.144,73.7,1943.0,267.0,552.5
TH00943,,DOZER,DZ-986GC,Demolition,INTERMEDIATE,3.9,ROCK_FILL,2.2,382.5,FLAT,0.9,11.3,SUNNY,31.3,0.0,5738.0,195.0,12.0,0.122,55.6,1407.0,151.7,199.7
TH00944,,BACKHOE_LOADER,BL-986GC,Trenching,INTERMEDIATE,7.1,CRUSHED_STONE,1.7,166.1,ROLLING,7.2,10.5,CLOUDY,21.2,0.0,6291.0,523.0,10.6,0.268,44.3,2024.0,99.1,129.0
TH00945,,MOTOR_GRADER,MG-986D2,Grading,INTERMEDIATE,2.6,ROCK_FILL,2.2,1787.5,HILLY,11.7,12.3,SUNNY,29.3,0.0,5995.0,496.0,11.1,0.195,70.2,1556.0,91.4,118.0
TH00946,,BACKHOE_LOADER,BL-986GC,Grading,BEGINNER,2.3,TOPSOIL,1.3,1850.3,MOUNTAINOUS,11.6,58.1,STORM,12.2,24.0,105.0,213.0,7.3,0.12,55.3,1621.0,200.5,673.2
TH00947,,WHEEL_LOADER,WL-972XE,Material Stockpiling,INTERMEDIATE,4.6,CRUSHED_STONE,1.7,388.9,FLAT,0.0,13.6,CLOUDY,26.0,0.0,6622.0,1663.0,14.4,0.174,68.9,1951.0,82.4,121.6
TH00948,,EXCAVATOR,EX-390D2,Earth Excavation,EXPERT,7.3,ASPHALT_MILLINGS,1.4,873.0,FLAT,3.2,23.0,CLOUDY,17.5,0.0,5602.0,957.0,14.3,0.01,36.9,1756.0,210.8,221.1
TH00949,,COMPACTOR,CP-986D2,Soil Compaction,EXPERT,14.9,SAND,1.5,5435.3,ROLLING,5.5,3.1,WINDY,25.8,0.0,8654.0,1642.0,8.3,0.046,34.7,1543.0,174.7,180.9
TH00950,,DOZER,DZ-950D,Demolition,EXPERT,14.9,GRAVEL,1.8,324.5,MOUNTAINOUS,10.6,21.9,RAINY,32.1,4.5,1368.0,3323.0,1.6,0.143,75.5,680.0,115.7,223.6
TH00951,,BACKHOE_LOADER,BL-390D2,Trenching,INTERMEDIATE,7.0,CLAY,1.6,578.3,UNEVEN,3.5,16.0,WINDY,24.9,0.0,4438.0,1776.0,4.2,0.217,41.8,1610.0,328.5,420.9
TH00952,,WHEEL_LOADER,WL-336,Material Loading,EXPERT,23.6,ROCK_FILL,2.2,1251.5,ROLLING,5.3,3.0,CLOUDY,15.9,0.0,6832.0,1666.0,7.7,0.149,72.7,1463.0,248.0,319.5
TH00953,,DOZER,DZ-986D2,Material Stockpiling,INTERMEDIATE,3.6,CRUSHED_STONE,1.7,1762.7,FLAT,5.1,9.5,SUNNY,25.2,0.0,5582.0,431.0,13.6,0.148,58.9,1783.0,365.6,445.9
TH00954,,EXCAVATOR,EX-972XE,Road Preparation,INTERMEDIATE,4.4,SAND,1.5,5283.5,FLAT,1.4,13.6,FOG,,0.6,203.0,756.0,3.7,0.154,32.9,1361.0,797.2,1251.7
TH00955,,ARTICULATED_HAULER,AH-140D2,Material Stockpiling,BEGINNER,1.0,TOPSOIL,1.3,288.3,ROLLING,7.8,17.6,CLOUDY,24.3,0.0,7225.0,1686.0,7.4,0.198,68.9,1432.0,138.3,158.4
TH00956,,ARTICULATED_HAULER,AH-120D2,Hauling,INTERMEDIATE,3.6,ROCK_FILL,2.2,2279.7,UNEVEN,6.4,14.0,CLOUDY,20.5,0.0,4106.0,3256.0,2.8,0.098,70.0,1509.0,798.8,1536.6
TH00957,,MOTOR_GRADER,MG-160D,Road Preparation,EXPERT,14.9,TOPSOIL,1.3,5933.3,UNEVEN,0.0,14.9,SUNNY,29.1,0.0,6468.0,3460.0,7.7,0.077,49.5,1684.0,358.1,321.3
TH00958,,MOTOR_GRADER,MG-986XE,Road Preparation,BEGINNER,2.5,TOPSOIL,1.3,2200.4,FLAT,0.2,15.4,CLOUDY,25.0,0.0,4536.0,2672.0,12.4,0.124,56.5,1996.0,197.0,220.6
TH00959,,EXCAVATOR,EX-320GC,Earth Excavation,INTERMEDIATE,3.9,ASPHALT_MILLINGS,1.4,594.6,MOUNTAINOUS,12.8,22.0,RAINY,15.6,5.1,1118.0,353.0,5.3,0.01,100.0,1806.0,181.5,247.6
TH00960,,EXCAVATOR,EX-390D2,Earth Excavation,INTERMEDIATE,3.0,ASPHALT_MILLINGS,1.4,765.1,FLAT,5.7,11.9,SUNNY,27.6,0.0,5211.0,2849.0,14.3,0.111,24.2,1602.0,236.1,275.8
TH00961,,WHEEL_LOADER,WL-336,Material Stockpiling,EXPERT,17.3,TOPSOIL,1.3,339.7,ROLLING,12.7,4.8,CLOUDY,18.2,0.0,6075.0,1077.0,7.7,0.242,83.1,1459.0,59.4,96.1
TH00962,,ARTICULATED_HAULER,AH-336,Hauling,EXPERT,14.9,SAND,1.5,929.8,UNEVEN,1.0,18.9,RAINY,19.2,4.8,1500.0,3184.0,8.5,0.01,84.4,1849.0,268.0,552.8
TH00963,,DOZER,DZ-972,Road Preparation,INTERMEDIATE,4.4,CLAY,1.6,5298.9,UNEVEN,2.2,4.5,SUNNY,29.5,0.0,9416.0,2810.0,2.3,0.237,46.6,1521.0,380.0,437.5
TH00964,,BACKHOE_LOADER,BL-220GC,Trenching,BEGINNER,0.8,ASPHALT_MILLINGS,1.4,203.1,UNEVEN,2.8,15.4,SUNNY,29.6,0.0,5598.0,1137.0,3.0,0.22,61.0,1681.0,162.5,173.4
TH00965,,DOZER,DZ-972,Road Preparation,BEGINNER,0.8,CRUSHED_STONE,1.7,4404.2,UNEVEN,2.8,32.1,RAINY,29.5,7.3,1612.0,3271.0,2.3,0.219,75.3,1638.0,427.6,629.5
TH00966,,EXCAVATOR,EX-336XE,Demolition,BEGINNER,0.6,ASPHALT_MILLINGS,1.4,707.1,UNEVEN,7.1,9.2,WINDY,22.1,0.0,8031.0,1123.0,4.7,0.287,52.8,1911.0,364.0,511.5
TH00967,,EXCAVATOR,EX-226D2,Material Loading,BEGINNER,2.5,GRAVEL,1.8,2024.1,MOUNTAINOUS,22.3,58.1,RAINY,25.4,14.7,1334.0,579.0,1.1,0.151,72.5,1186.0,591.6,1316.5
TH00968,,BACKHOE_LOADER,BL-390D2,Trenching,BEGINNER,0.6,CRUSHED_STONE,1.7,577.4,UNEVEN,3.1,17.3,SUNNY,22.5,0.0,9313.0,3019.0,4.2,0.314,53.0,1509.0,466.7,487.4
TH00969,,DOZER,DZ-972,Material Stockpiling,INTERMEDIATE,7.6,ASPHALT_MILLINGS,1.4,641.1,UNEVEN,1.6,9.3,WINDY,36.5,0.0,5716.0,1300.0,2.3,0.188,79.6,2155.0,134.6,151.9
TH00970,,EXCAVATOR,EX-226XE,Material Loading,BEGINNER,1.0,CRUSHED_STONE,1.7,1813.1,FLAT,1.6,15.0,SUNNY,38.2,0.0,9248.0,3417.0,13.8,0.132,57.0,1218.0,571.5,745.6
TH00971,,MOTOR_GRADER,MG-390D2,Road Preparation,BEGINNER,1.8,SAND,1.5,3285.7,FLAT,4.6,13.5,CLOUDY,12.0,0.0,5242.0,938.0,8.3,0.292,82.6,1378.0,312.2,355.0
TH00972,,MOTOR_GRADER,MG-390D2,Earth Excavation,EXPERT,7.3,TOPSOIL,1.3,1082.2,FLAT,5.4,5.2,WINDY,36.5,0.0,4488.0,98.0,8.3,0.075,60.7,2194.0,538.5,530.8
TH00973,,EXCAVATOR,EX-220XE,Material Loading,INTERMEDIATE,3.0,CRUSHED_STONE,1.7,1593.6,ROLLING,4.8,14.6,WINDY,31.0,0.0,3183.0,2761.0,10.9,0.121,74.4,1667.0,396.5,517.7
TH00974,,WHEEL_LOADER,WL-390,Material Stockpiling,INTERMEDIATE,5.5,ROCK_FILL,2.2,1542.9,UNEVEN,0.9,22.4,WINDY,26.0,0.0,7622.0,2505.0,9.6,0.166,43.0,1428.0,324.6,623.1
TH00975,,EXCAVATOR,EX-220XE,Demolition,BEGINNER,1.0,GRAVEL,1.8,90.5,ROLLING,7.3,25.4,SUNNY,27.7,0.0,6428.0,2639.0,10.9,0.224,59.1,991.0,47.8,65.8
TH00976,,BACKHOE_LOADER,BL-390D2,Trenching,INTERMEDIATE,4.6,CRUSHED_STONE,1.7,536.6,UNEVEN,5.0,37.1,STORM,28.7,9.5,251.0,1837.0,4.2,0.17,74.4,1061.0,310.9,781.9
TH00977,,EXCAVATOR,EX-320GC,Grading,EXPERT,14.9,ASPHALT_MILLINGS,1.4,3449.1,MOUNTAINOUS,10.0,14.6,SUNNY,31.3,0.0,5987.0,558.0,5.3,0.095,46.7,1462.0,213.5,199.8
TH00978,,BACKHOE_LOADER,BL-986GC,Trenching,BEGINNER,0.8,TOPSOIL,1.3,361.2,ROLLING,7.1,3.0,FOG,30.3,0.6,198.0,3392.0,10.6,0.119,36.5,1278.0,287.9,450.3
TH00979,,DOZER,DZ-160GC,Material Loading,INTERMEDIATE,7.7,ASPHALT_MILLINGS,1.4,1253.8,MOUNTAINOUS,20.8,35.2,RAINY,21.0,6.5,1490.0,365.0,14.4,0.01,35.6,1802.0,655.2,1253.9
TH00980,,EXCAVATOR,EX-972,Demolition,EXPERT,12.7,TOPSOIL,1.3,729.1,UNEVEN,2.8,16.3,CLOUDY,20.4,0.0,4941.0,380.0,7.8,0.01,78.7,1476.0,257.4,283.3
TH00981,,DOZER,DZ-349D,Material Stockpiling,EXPERT,22.8,ASPHALT_MILLINGS,1.4,2243.1,ROLLING,5.5,7.6,CLOUDY,14.0,0.0,8923.0,2764.0,10.1,0.068,67.4,1485.0,412.4,575.8
TH00982,,BACKHOE_LOADER,BL-986GC,Trenching,EXPERT,17.3,ASPHALT_MILLINGS,1.4,261.3,ROLLING,9.9,14.0,CLOUDY,28.0,0.0,7214.0,2612.0,10.6,0.17,46.2,1134.0,133.2,166.3
TH00983,,WHEEL_LOADER,WL-336,Material Stockpiling,INTERMEDIATE,3.6,ASPHALT_MILLINGS,1.4,1429.3,ROLLING,5.6,3.0,CLOUDY,34.3,0.0,6984.0,154.0,7.7,0.091,45.1,2199.0,310.3,366.5
TH00984,,EXCAVATOR,EX-950D2,Material Loading,INTERMEDIATE,5.1,CLAY,1.6,1370.1,HILLY,9.0,26.0,RAINY,14.6,9.7,1485.0,3463.0,3.2,0.212,46.4,1659.0,326.7,588.4
TH00985,,BACKHOE_LOADER,BL-986GC,Trenching,EXPERT,20.5,ROCK_FILL,2.2,539.8,MOUNTAINOUS,11.9,14.2,SUNNY,29.4,0.0,8991.0,3256.0,7.3,0.157,57.4,1094.0,281.1,280.4
TH00986,,MOTOR_GRADER,MG-220D2,Grading,INTERMEDIATE,7.6,GRAVEL,1.8,1625.1,UNEVEN,1.1,19.2,WINDY,15.9,0.0,8465.0,2536.0,1.2,0.043,66.8,1803.0,77.7,74.1
TH00987,,EXCAVATOR,EX-972XE,Trenching,EXPERT,20.5,CRUSHED_STONE,1.7,476.9,FLAT,2.6,4.9,SUNNY,23.5,0.0,7197.0,2947.0,3.7,0.151,38.5,1517.0,244.1,209.2
TH00988,,EXCAVATOR,EX-390D2,Demolition,BEGINNER,2.3,SAND,1.5,549.5,FLAT,3.2,7.6,CLOUDY,7.9,0.0,,1411.0,14.3,0.16,81.0,1385.0,288.9,324.1
TH00989,,DOZER,DZ-986D2,Road Preparation,BEGINNER,1.8,SAND,1.5,3364.5,FLAT,4.3,11.8,WINDY,33.0,0.0,4674.0,261.0,13.6,0.327,39.3,1905.0,315.7,375.8
TH00990,,MOTOR_GRADER,MG-986XE,Earth Excavation,EXPERT,23.6,CRUSHED_STONE,1.7,961.4,FLAT,5.0,22.2,CLOUDY,34.9,0.0,3044.0,622.0,12.4,0.119,74.5,1444.0,416.5,416.7
TH00991,,BACKHOE_LOADER,BL-390D2,Trenching,EXPERT,11.3,ASPHALT_MILLINGS,1.4,342.9,UNEVEN,11.9,9.7,SUNNY,14.7,0.0,7123.0,2442.0,4.2,0.096,65.8,1828.0,178.4,184.3
TH00992,,WHEEL_LOADER,WL-140XE,Material Loading,BEGINNER,1.0,SAND,1.5,604.2,UNEVEN,0.1,25.6,CLOUDY,29.4,0.0,6306.0,3042.0,8.1,0.166,77.5,1428.0,187.1,210.5
TH00993,,DOZER,DZ-950D,Road Preparation,BEGINNER,1.8,ASPHALT_MILLINGS,1.4,3111.9,MOUNTAINOUS,8.5,27.2,SUNNY,27.9,0.0,6145.0,83.0,1.6,0.33,67.6,1723.0,289.5,333.8
TH00994,,EXCAVATOR,EX-972,Earth Excavation,BEGINNER,1.5,SAND,1.5,869.3,UNEVEN,0.0,17.7,SUNNY,19.4,0.0,9977.0,1042.0,7.8,0.321,84.9,1688.0,318.3,320.7
TH00995,,DOZER,DZ-972,Soil Compaction,INTERMEDIATE,7.6,SAND,1.5,5996.1,UNEVEN,0.0,23.9,SUNNY,28.8,0.0,8885.0,1040.0,2.3,0.068,41.1,1340.0,380.4,334.6
TH00996,,EXCAVATOR,EX-972,Trenching,BEGINNER,1.0,CRUSHED_STONE,1.7,216.6,UNEVEN,0.0,30.5,RAINY,35.9,7.8,1266.0,2321.0,7.8,0.233,42.1,1458.0,166.4,277.6
TH00997,,MOTOR_GRADER,MG-336GC,Road Preparation,INTERMEDIATE,5.5,SAND,1.5,1396.4,FLAT,2.1,3.0,SUNNY,14.2,0.0,7662.0,3465.0,10.0,0.169,31.6,1869.0,99.3,105.4
TH00998,,EXCAVATOR,EX-972XE,Material Loading,EXPERT,23.6,SAND,1.5,1304.5,FLAT,2.5,24.3,RAINY,23.2,4.3,1285.0,1216.0,3.7,0.088,100.0,1133.0,272.9,365.4
TH00999,,MOTOR_GRADER,MG-220D2,Grading,EXPERT,12.7,TOPSOIL,1.3,2713.8,UNEVEN,0.1,22.7,SUNNY,28.6,0.0,8108.0,1460.0,1.2,0.01,39.5,1779.0,106.6,112.6
TH01000,,WHEEL_LOADER,WL-390D2,Trenching,INTERMEDIATE,7.6,SAND,1.5,453.2,ROLLING,9.3,8.4,SUNNY,14.8,0.0,5931.0,2579.0,14.3,0.265,65.6,2400.0,446.6,574.5
TH01001,,DOZER,DZ-349D,Earth Excavation,INTERMEDIATE,3.0,ASPHALT_MILLINGS,1.4,324.9,ROLLING,7.8,9.2,CLOUDY,22.0,0.0,4083.0,1676.0,10.1,0.063,59.0,1350.0,211.5,239.6
TH01002,,ARTICULATED_HAULER,AH-140D2,Hauling,BEGINNER,2.3,CRUSHED_STONE,1.7,1689.5,ROLLING,3.7,5.9,CLOUDY,36.1,0.0,5494.0,2363.0,7.4,0.28,66.8,1661.0,735.6,1269.1
TH01003,,DOZER,DZ-986GC,Soil Compaction,EXPERT,14.9,CRUSHED_STONE,1.7,4694.6,FLAT,0.0,8.5,SUNNY,25.4,0.0,8344.0,375.0,12.0,0.037,58.8,1614.0,226.2,190.1
TH01004,,ARTICULATED_HAULER,AH-120D2,Hauling,BEGINNER,2.3,ROCK_FILL,2.2,2230.9,UNEVEN,0.2,17.5,RAINY,31.2,8.7,849.0,1912.0,2.8,0.199,69.9,1660.0,960.5,2070.8
TH01005,,WHEEL_LOADER,WL-140XE,Material Stockpiling,INTERMEDIATE,6.7,SAND,1.5,131.2,UNEVEN,1.3,5.1,SUNNY,16.5,0.0,,1385.0,8.1,0.094,79.6,1845.0,28.5,30.6
TH01006,,BACKHOE_LOADER,BL-220GC,Hauling,INTERMEDIATE,6.4,CRUSHED_STONE,1.7,1535.2,UNEVEN,0.0,30.0,FOG,28.7,0.4,255.0,2557.0,3.0,0.162,59.0,1664.0,1021.5,2390.6
TH01007,,MOTOR_GRADER,MG-986D2,Road Preparation,BEGINNER,0.8,ROCK_FILL,2.2,2509.2,HILLY,8.9,36.8,RAINY,27.5,12.1,1605.0,915.0,11.1,0.188,70.1,1480.0,235.2,442.1
TH01008,,ARTICULATED_HAULER,AH-349D,Hauling,BEGINNER,2.5,CRUSHED_STONE,1.7,673.8,ROLLING,9.8,27.3,WINDY,29.0,0.0,5951.0,919.0,0.8,0.207,56.0,2100.0,284.2,441.0
TH01009,,ARTICULATED_HAULER,AH-120D2,Material Loading,BEGINNER,1.6,ASPHALT_MILLINGS,1.4,1911.5,UNEVEN,4.1,71.9,STORM,31.2,28.3,79.0,2915.0,2.8,0.202,32.6,1320.0,1323.6,4052.9
TH01010,,WHEEL_LOADER,WL-986,Material Loading,INTERMEDIATE,5.5,CRUSHED_STONE,1.7,2026.1,MOUNTAINOUS,18.6,8.5,SUNNY,33.5,0.0,7186.0,1350.0,11.8,0.034,38.5,2105.0,494.9,552.8
TH01011,,MOTOR_GRADER,MG-986D2,Road Preparation,EXPERT,12.7,ROCK_FILL,2.2,2726.2,HILLY,8.4,18.9,CLOUDY,33.1,0.0,5550.0,1630.0,11.1,0.049,52.1,1203.0,162.8,201.5
TH01012,,EXCAVATOR,EX-220XE,Earth Excavation,BEGINNER,2.3,CLAY,1.6,1348.2,ROLLING,2.8,38.4,RAINY,29.6,15.0,472.0,1051.0,10.9,0.243,50.8,1819.0,498.4,870.3
TH01013,,BACKHOE_LOADER,BL-986D,Trenching,BEGINNER,1.6,SAND,1.5,447.2,FLAT,1.0,5.6,SUNNY,28.8,0.0,9221.0,1371.0,12.0,0.241,63.7,1761.0,342.0,421.1
TH01014,,MOTOR_GRADER,MG-336GC,Road Preparation,EXPERT,7.3,TOPSOIL,1.3,3022.3,FLAT,3.9,7.4,SUNNY,21.9,0.0,9170.0,2124.0,10.0,0.036,38.4,1856.0,192.8,202.9
TH01015,,WHEEL_LOADER,WL-986,Material Loading,BEGINNER,2.3,ASPHALT_MILLINGS,1.4,1466.6,MOUNTAINOUS,16.8,4.6,SUNNY,25.8,0.0,7061.0,1436.0,11.8,0.182,49.9,1989.0,438.5,615.3
TH01016,,MOTOR_GRADER,MG-336GC,Material Stockpiling,INTERMEDIATE,3.9,TOPSOIL,1.3,1922.9,FLAT,9.8,13.5,CLOUDY,28.4,0.0,4228.0,3015.0,10.0,0.175,47.4,1576.0,872.3,1597.5
TH01017,,EXCAVATOR,EX-972,Material Loading,INTERMEDIATE,3.0,CRUSHED_STONE,1.7,565.1,UNEVEN,0.0,15.8,WINDY,22.0,0.0,3574.0,788.0,7.8,0.173,41.5,1521.0,138.8,158.7
TH01018,,DOZER,DZ-986D2,Road Preparation,INTERMEDIATE,3.6,SAND,1.5,2492.8,FLAT,3.6,14.1,WINDY,27.6,0.0,8980.0,248.0,13.6,0.188,50.3,1635.0,187.3,243.5
TH01019,,DOZER,DZ-972,Hauling,BEGINNER,0.8,ROCK_FILL,2.2,224.7,UNEVEN,4.9,3.0,SUNNY,16.6,0.0,7585.0,3163.0,2.3,0.237,46.4,1420.0,182.5,380.3
TH01020,,DOZER,DZ-986D2,Material Stockpiling,BEGINNER,1.4,ASPHALT_MILLINGS,1.4,2218.5,FLAT,3.5,5.9,CLOUDY,18.3,0.0,4907.0,672.0,13.6,0.151,31.7,1828.0,592.2,804.8
TH01021,,COMPACTOR,CP-986D2,Soil Compaction,INTERMEDIATE,5.0,SAND,1.5,342.8,ROLLING,3.5,12.3,WINDY,19.5,0.0,7745.0,3087.0,8.3,0.011,48.7,1776.0,12.7,13.8
TH01022,,WHEEL_LOADER,WL-972XE,Road Preparation,INTERMEDIATE,5.0,CLAY,1.6,4896.6,FLAT,0.0,7.3,SUNNY,22.3,0.0,5065.0,3462.0,14.4,0.131,23.1,1612.0,719.4,761.8
TH01023,,WHEEL_LOADER,WL-986,Material Stockpiling,BEGINNER,0.6,GRAVEL,1.8,1750.4,MOUNTAINOUS,19.9,19.3,SUNNY,23.5,0.0,5202.0,2273.0,11.8,0.333,62.2,1564.0,511.5,1216.0
TH01024,,EXCAVATOR,EX-226XE,Material Loading,INTERMEDIATE,5.8,CLAY,1.6,181.3,FLAT,5.2,3.0,CLOUDY,14.4,0.0,6548.0,2614.0,13.8,0.18,74.9,1629.0,41.2,50.4
TH01025,,WHEEL_LOADER,WL-140XE,Material Stockpiling,INTERMEDIATE,6.7,CLAY,1.6,2047.2,UNEVEN,0.0,6.1,SUNNY,20.4,0.0,7293.0,3310.0,8.1,0.111,58.8,1576.0,436.8,633.6
TH01026,,ARTICULATED_HAULER,AH-336,Material Stockpiling,INTERMEDIATE,3.9,CLAY,1.6,1400.2,UNEVEN,0.1,16.0,SUNNY,22.7,0.0,7547.0,180.0,8.5,0.211,29.0,1654.0,546.5,653.3
TH01027,,ARTICULATED_HAULER,AH-226D,Hauling,EXPERT,14.9,TOPSOIL,1.3,404.7,ROLLING,7.7,14.5,RAINY,35.5,3.5,710.0,3256.0,2.4,0.111,73.7,1437.0,117.5,312.0
TH01028,,COMPACTOR,CP-972D2,Grading,EXPERT,7.3,GRAVEL,1.8,4537.3,MOUNTAINOUS,23.8,15.1,WINDY,35.4,0.0,3116.0,625.0,4.2,0.19,52.2,1903.0,302.6,522.3
TH01029,,DOZER,DZ-950D,Road Preparation,INTERMEDIATE,2.7,ASPHALT_MILLINGS,1.4,3421.3,MOUNTAINOUS,13.4,6.7,WINDY,2.4,0.0,4688.0,1900.0,1.6,0.093,93.6,1108.0,252.4,335.5
TH01030,,WHEEL_LOADER,WL-390,Demolition,BEGINNER,0.8,ASPHALT_MILLINGS,1.4,731.4,UNEVEN,0.0,7.7,WINDY,28.4,0.0,6197.0,2362.0,9.6,0.219,92.7,1061.0,804.1,1148.8
TH01031,,EXCAVATOR,EX-390D2,Road Preparation,INTERMEDIATE,7.7,SAND,1.5,5269.8,FLAT,0.0,32.7,RAINY,16.9,11.4,389.0,1061.0,14.3,0.057,42.7,1931.0,861.3,1350.1
TH01032,,BACKHOE_LOADER,BL-986GC,Trenching,BEGINNER,1.0,ASPHALT_MILLINGS,1.4,577.6,MOUNTAINOUS,11.3,18.8,SUNNY,28.8,0.0,6592.0,3005.0,7.3,0.237,68.2,1501.0,431.5,485.3
TH01033,,EXCAVATOR,EX-320GC,Material Loading,EXPERT,23.6,ROCK_FILL,2.2,1959.8,MOUNTAINOUS,11.6,12.1,SUNNY,17.5,0.0,9570.0,3138.0,5.3,0.217,40.8,1641.0,398.6,584.2
TH01034,,EXCAVATOR,EX-390D2,Trenching,INTERMEDIATE,4.4,SAND,1.5,214.2,FLAT,3.4,17.2,RAINY,20.3,1.4,491.0,1694.0,14.3,0.244,40.7,1645.0,121.5,229.2
TH01035,,COMPACTOR,CP-972D2,Road Preparation,BEGINNER,1.8,GRAVEL,1.8,4339.7,MOUNTAINOUS,32.0,16.4,SUNNY,33.7,0.0,7103.0,778.0,4.2,0.423,53.0,1756.0,406.2,890.3
TH01036,,WHEEL_LOADER,WL-336,Material Stockpiling,INTERMEDIATE,7.1,GRAVEL,1.8,2386.0,ROLLING,5.9,4.9,SUNNY,38.1,0.0,7638.0,3235.0,7.7,0.163,51.1,1676.0,493.7,1015.2
TH01037,,COMPACTOR,CP-972D2,Road Preparation,EXPERT,12.7,CRUSHED_STONE,1.7,3737.1,MOUNTAINOUS,23.3,3.0,SUNNY,33.0,0.0,8082.0,1631.0,4.2,0.036,27.7,2087.0,234.1,313.3
TH01038,,EXCAVATOR,EX-972,Demolition,INTERMEDIATE,5.5,SAND,1.5,230.4,UNEVEN,6.3,17.9,SUNNY,8.6,0.0,8528.0,1588.0,7.8,0.204,73.1,1238.0,90.8,105.0
TH01039,,DOZER,DZ-950D,Road Preparation,INTERMEDIATE,5.5,ROCK_FILL,2.2,1935.4,MOUNTAINOUS,12.3,10.1,SUNNY,22.4,0.0,8999.0,2493.0,1.6,0.166,40.3,1271.0,140.6,178.6
TH01040,,ARTICULATED_HAULER,AH-226D,Hauling,INTERMEDIATE,7.7,CLAY,1.6,861.3,ROLLING,13.6,24.2,STORM,13.3,8.7,55.0,2764.0,2.4,0.14,78.7,1865.0,296.5,1370.6
TH01041,,WHEEL_LOADER,WL-390D2,Material Stockpiling,BEGINNER,0.8,CLAY,1.6,1715.7,ROLLING,3.3,24.7,CLOUDY,28.3,0.0,6661.0,1448.0,14.3,0.224,50.6,1484.0,486.4,821.8
TH01042,,BACKHOE_LOADER,BL-220GC,Trenching,BEGINNER,0.8,GRAVEL,1.8,307.0,UNEVEN,0.0,7.5,SUNNY,30.0,0.0,6065.0,557.0,3.0,0.186,24.4,1427.0,234.6,280.3
TH01043,,EXCAVATOR,EX-950D2,Earth Excavation,INTERMEDIATE,5.8,ROCK_FILL,2.2,1174.7,HILLY,16.3,19.4,WINDY,29.4,0.0,4844.0,1540.0,3.2,0.107,90.7,2014.0,354.0,478.0
TH01044,,WHEEL_LOADER,WL-390D2,Material Stockpiling,INTERMEDIATE,2.1,ASPHALT_MILLINGS,1.4,1676.8,ROLLING,7.3,19.0,CLOUDY,,0.0,7929.0,993.0,14.3,0.148,40.3,1953.0,378.5,512.3
TH01045,,ARTICULATED_HAULER,AH-140D2,Trenching,INTERMEDIATE,3.9,CLAY,1.6,152.7,ROLLING,1.6,3.0,SUNNY,27.1,0.0,8874.0,3225.0,7.4,0.096,48.5,1448.0,156.5,164.4
TH01046,,COMPACTOR,CP-950,Soil Compaction,INTERMEDIATE,3.9,GRAVEL,1.8,4505.5,ROLLING,6.8,5.4,CLOUDY,24.0,0.0,3372.0,2420.0,3.4,0.141,47.4,1420.0,169.0,198.1
TH01047,,ARTICULATED_HAULER,AH-336,Hauling,INTERMEDIATE,7.1,CLAY,1.6,826.2,UNEVEN,1.6,3.0,SUNNY,22.8,0.0,7523.0,876.0,8.5,0.138,49.3,1475.0,291.7,336.4
TH01048,,EXCAVATOR,EX-336XE,Material Loading,EXPERT,17.3,TOPSOIL,1.3,2333.8,UNEVEN,7.0,27.5,RAINY,25.0,7.5,1440.0,843.0,4.7,0.125,51.7,1893.0,476.0,699.6
TH01049,,EXCAVATOR,EX-950D2,Soil Compaction,INTERMEDIATE,3.0,ROCK_FILL,2.2,1911.3,HILLY,15.1,10.7,SUNNY,23.8,0.0,5319.0,1782.0,3.2,0.05,27.4,1412.0,165.7,193.7
TH01050,,DOZER,DZ-950D,Demolition,EXPERT,7.3,CRUSHED_STONE,1.7,1279.0,MOUNTAINOUS,11.5,29.3,CLOUDY,11.5,0.0,8873.0,2610.0,1.6,0.038,86.4,1989.0,442.2,477.5
TH01051,,BACKHOE_LOADER,BL-390D2,Trenching,EXPERT,23.4,ROCK_FILL,2.2,405.0,UNEVEN,1.4,23.1,RAINY,20.9,4.6,336.0,745.0,4.2,0.01,68.4,1554.0,204.1,259.3
TH01052,,EXCAVATOR,EX-972XE,Material Stockpiling,BEGINNER,2.3,ROCK_FILL,2.2,1534.7,FLAT,0.0,8.2,FOG,19.0,0.5,89.0,2637.0,3.7,0.133,57.7,1907.0,921.2,2232.3
TH01053,,EXCAVATOR,EX-336XE,Material Loading,EXPERT,12.7,ASPHALT_MILLINGS,1.4,2336.3,UNEVEN,3.3,84.0,STORM,23.9,32.3,198.0,3421.0,4.7,0.011,68.8,1385.0,470.3,1486.3
TH01054,,EXCAVATOR,EX-220XE,Soil Compaction,INTERMEDIATE,5.0,CRUSHED_STONE,1.7,1046.0,ROLLING,2.9,13.0,SUNNY,35.1,0.0,9437.0,858.0,10.9,0.057,28.7,1601.0,72.8,71.6
TH01055,,WHEEL_LOADER,WL-986,Material Stockpiling,INTERMEDIATE,2.1,ASPHALT_MILLINGS,1.4,1995.7,MOUNTAINOUS,21.1,23.1,CLOUDY,14.6,0.0,8418.0,2813.0,11.8,0.133,68.2,2011.0,432.9,896.5
TH01056,,MOTOR_GRADER,MG-986XE,Earth Excavation,EXPERT,12.7,GRAVEL,1.8,153.8,FLAT,5.1,82.3,STORM,25.9,30.1,251.0,973.0,12.4,0.017,92.1,1231.0,72.8,239.9
TH01057,,ARTICULATED_HAULER,AH-226D,Hauling,EXPERT,17.3,GRAVEL,1.8,980.4,ROLLING,2.0,4.1,WINDY,33.8,0.0,5802.0,1630.0,2.4,0.222,19.8,1199.0,293.5,385.5
TH01058,,BACKHOE_LOADER,BL-986D,Demolition,BEGINNER,0.5,GRAVEL,1.8,438.0,FLAT,0.0,19.6,SUNNY,,0.0,5367.0,3251.0,12.0,0.271,72.4,1071.0,455.5,522.9
TH01059,,ARTICULATED_HAULER,AH-226D,Hauling,INTERMEDIATE,3.0,CLAY,1.6,1031.6,ROLLING,9.4,26.9,RAINY,29.2,3.4,1603.0,195.0,2.4,0.092,71.5,1725.0,371.2,521.3
TH01060,,MOTOR_GRADER,MG-220D2,Grading,BEGINNER,2.5,GRAVEL,1.8,3744.6,UNEVEN,0.0,7.7,SUNNY,32.0,0.0,7227.0,2947.0,1.2,0.192,75.9,1391.0,229.1,256.4
TH01061,,WHEEL_LOADER,WL-972XE,Material Loading,INTERMEDIATE,4.4,CRUSHED_STONE,1.7,1487.5,FLAT,0.0,14.5,WINDY,26.7,0.0,4205.0,1483.0,14.4,0.167,93.1,2143.0,356.3,391.8
TH01062,,DOZER,DZ-972,Demolition,INTERMEDIATE,5.5,ROCK_FILL,2.2,1091.4,UNEVEN,0.0,18.9,CLOUDY,14.6,0.0,4334.0,3117.0,2.3,0.222,61.4,1499.0,438.0,427.1
TH01063,,COMPACTOR,CP-986D2,Soil Compaction,INTERMEDIATE,5.1,ASPHALT_MILLINGS,1.4,2392.0,ROLLING,7.9,36.0,RAINY,28.7,13.1,1741.0,3162.0,8.3,0.133,82.8,1894.0,86.9,134.4
TH01064,,BACKHOE_LOADER,BL-390D2,Trenching,BEGINNER,2.3,GRAVEL,1.8,251.9,UNEVEN,10.5,33.5,RAINY,27.9,10.2,1569.0,2924.0,4.2,0.139,51.7,1637.0,191.9,286.8
TH01065,,EXCAVATOR,EX-226XE,Material Loading,INTERMEDIATE,7.6,GRAVEL,1.8,676.4,FLAT,1.2,5.5,CLOUDY,22.6,0.0,8481.0,222.0,13.8,0.125,37.3,2400.0,159.6,215.2
TH01066,,DOZER,DZ-349D,Road Preparation,BEGINNER,0.8,SAND,1.5,2254.9,ROLLING,9.7,53.0,STORM,15.2,25.1,55.0,1173.0,10.1,0.346,52.3,1731.0,219.4,735.8
TH01067,,EXCAVATOR,EX-390D2,Trenching,EXPERT,14.9,GRAVEL,1.8,244.1,FLAT,5.7,8.2,RAINY,18.7,2.9,850.0,579.0,14.3,0.103,62.0,1137.0,122.3,199.6
TH01068,,ARTICULATED_HAULER,AH-226D,Soil Compaction,BEGINNER,2.5,SAND,1.5,2004.2,ROLLING,5.7,32.0,RAINY,26.0,4.6,1856.0,916.0,2.4,0.23,70.3,1898.0,147.2,258.6
TH01069,,EXCAVATOR,EX-320GC,Trenching,INTERMEDIATE,6.4,ASPHALT_MILLINGS,1.4,181.7,MOUNTAINOUS,12.3,15.0,SUNNY,22.1,0.0,7683.0,2909.0,5.3,0.177,63.4,2161.0,105.4,126.5
TH01070,,ARTICULATED_HAULER,AH-226D,Hauling,INTERMEDIATE,7.0,CLAY,1.6,2491.4,ROLLING,5.8,3.0,CLOUDY,13.1,0.0,8514.0,1892.0,2.4,0.109,49.2,1330.0,868.4,1161.8
TH01071,,WHEEL_LOADER,WL-390,Material Loading,BEGINNER,1.8,GRAVEL,1.8,1114.8,UNEVEN,0.0,23.6,SUNNY,29.4,0.0,9524.0,2295.0,9.6,0.318,81.4,1540.0,332.6,407.4
TH01072,,ARTICULATED_HAULER,AH-120D2,Hauling,BEGINNER,1.5,ROCK_FILL,2.2,604.8,UNEVEN,0.0,7.2,SUNNY,33.5,0.0,9920.0,2726.0,2.8,0.298,30.5,1361.0,261.2,482.2
TH01073,,BACKHOE_LOADER,BL-986GC,Trenching,INTERMEDIATE,7.1,GRAVEL,1.8,55.4,MOUNTAINOUS,10.1,6.9,CLOUDY,35.3,0.0,6339.0,3365.0,7.3,0.189,73.9,1880.0,31.2,45.9
TH01074,,DOZER,DZ-972,Material Stockpiling,INTERMEDIATE,4.6,CRUSHED_STONE,1.7,901.2,UNEVEN,0.0,13.3,CLOUDY,21.8,0.0,7493.0,166.0,2.3,0.223,70.9,1827.0,196.3,201.4
TH01075,,DOZER,DZ-160GC,Demolition,BEGINNER,0.6,ROCK_FILL,2.2,502.4,MOUNTAINOUS,17.3,12.3,WINDY,25.0,0.0,3160.0,1166.0,14.4,0.306,90.5,1621.0,260.0,469.8
TH01076,,DOZER,DZ-950D,Demolition,EXPERT,17.3,CLAY,1.6,1231.8,MOUNTAINOUS,15.0,13.6,SUNNY,23.5,0.0,5436.0,3426.0,1.6,0.136,54.7,1666.0,426.7,686.5
TH01077,,WHEEL_LOADER,WL-986,Material Loading,INTERMEDIATE,6.7,CRUSHED_STONE,1.7,143.2,MOUNTAINOUS,13.3,23.0,SUNNY,19.2,0.0,6786.0,2328.0,11.8,0.083,62.7,1513.0,33.6,37.9
TH01078,,DOZER,DZ-986GC,Road Preparation,INTERMEDIATE,2.6,ROCK_FILL,2.2,5376.0,FLAT,0.6,3.0,FOG,19.5,0.1,261.0,2793.0,12.0,0.154,86.5,1885.0,423.1,739.7
TH01079,,BACKHOE_LOADER,BL-986GC,Trenching,INTERMEDIATE,3.9,SAND,1.5,538.4,MOUNTAINOUS,14.1,16.9,FOG,25.4,0.7,190.0,3429.0,7.3,0.056,59.0,2164.0,317.9,549.2
TH01080,,MOTOR_GRADER,MG-390D2,Grading,INTERMEDIATE,7.1,CRUSHED_STONE,1.7,3799.2,FLAT,3.8,12.8,CLOUDY,11.3,0.0,5932.0,2007.0,8.3,0.165,64.5,1412.0,175.0,204.0
TH01081,,EXCAVATOR,EX-220XE,Demolition,EXPERT,15.9,CLAY,1.6,1237.4,ROLLING,3.2,4.0,SUNNY,21.0,0.0,6858.0,2255.0,10.9,0.036,71.7,1441.0,432.9,428.3
TH01082,,EXCAVATOR,EX-972,Road Preparation,BEGINNER,2.5,TOPSOIL,1.3,857.3,UNEVEN,4.1,14.0,RAINY,22.5,5.8,1703.0,234.0,7.8,0.174,56.8,1452.0,122.1,159.5
TH01083,,DOZER,DZ-160GC,Demolition,EXPERT,23.4,SAND,1.5,525.4,MOUNTAINOUS,12.7,12.4,FOG,10.4,0.3,95.0,124.0,14.4,0.119,36.5,1308.0,186.5,360.9
TH01084,,EXCAVATOR,EX-320GC,Demolition,BEGINNER,2.3,CRUSHED_STONE,1.7,1162.1,MOUNTAINOUS,9.6,4.0,CLOUDY,33.1,0.0,5078.0,3022.0,5.3,0.297,97.3,1609.0,609.4,796.9
TH01085,,DOZER,DZ-950D,Demolition,EXPERT,7.3,SAND,1.5,582.0,MOUNTAINOUS,17.5,8.4,CLOUDY,24.7,0.0,5516.0,2785.0,1.6,0.095,20.4,2157.0,193.0,214.8
TH01086,,WHEEL_LOADER,WL-390,Material Loading,INTERMEDIATE,5.1,ASPHALT_MILLINGS,1.4,1464.5,UNEVEN,0.5,20.9,CLOUDY,30.7,0.0,6209.0,459.0,9.6,0.125,74.0,2187.0,334.3,345.2
TH01087,,BACKHOE_LOADER,BL-390D2,Trenching,BEGINNER,1.8,ROCK_FILL,2.2,58.5,UNEVEN,3.0,46.6,RAINY,13.6,14.1,927.0,3330.0,4.2,0.145,82.9,2204.0,45.7,83.9
TH01088,,WHEEL_LOADER,WL-336,Material Loading,BEGINNER,0.5,CRUSHED_STONE,1.7,2360.6,ROLLING,7.8,14.8,SUNNY,20.1,0.0,6719.0,1932.0,7.7,0.33,60.2,1846.0,731.9,945.9
TH01089,,EXCAVATOR,EX-226XE,Earth Excavation,INTERMEDIATE,7.0,SAND,1.5,455.8,FLAT,0.0,3.0,SUNNY,28.2,0.0,8134.0,3175.0,13.8,0.185,71.8,1324.0,135.4,164.4
TH01090,,MOTOR_GRADER,MG-220D2,Grading,INTERMEDIATE,2.7,GRAVEL,1.8,4581.5,UNEVEN,2.8,15.5,CLOUDY,21.5,0.0,4962.0,2995.0,1.2,0.13,53.1,1289.0,226.7,251.0
TH01091,,EXCAVATOR,EX-226D2,Grading,INTERMEDIATE,6.7,GRAVEL,1.8,3487.0,MOUNTAINOUS,18.0,19.6,SUNNY,22.3,0.0,7369.0,2019.0,1.1,0.066,63.4,1362.0,295.0,318.5
TH01092,,DOZER,DZ-349D,Soil Compaction,BEGINNER,0.6,CLAY,1.6,3005.5,ROLLING,8.2,7.1,SUNNY,21.3,0.0,9166.0,2603.0,10.1,0.257,44.7,1582.0,335.6,385.1
TH01093,,DOZER,DZ-986D2,Demolition,EXPERT,7.3,CRUSHED_STONE,1.7,1360.3,FLAT,0.0,8.1,SUNNY,38.3,0.0,9972.0,2561.0,13.6,0.01,43.8,2329.0,477.3,452.5
TH01094,,EXCAVATOR,EX-226D2,Hauling,INTERMEDIATE,2.1,ASPHALT_MILLINGS,1.4,986.1,MOUNTAINOUS,17.2,16.4,CLOUDY,34.4,0.0,7746.0,3433.0,1.1,0.164,59.6,1795.0,708.8,1439.5
TH01095,,EXCAVATOR,EX-140GC,Material Loading,BEGINNER,1.8,CLAY,1.6,698.0,UNEVEN,0.0,27.1,SUNNY,16.8,0.0,8220.0,1680.0,5.6,0.25,50.5,1877.0,213.1,217.5
TH01096,,COMPACTOR,CP-972D2,Soil Compaction,BEGINNER,1.0,SAND,1.5,2438.8,MOUNTAINOUS,28.3,3.0,SUNNY,24.7,0.0,9994.0,806.0,4.2,0.286,42.1,1647.0,118.0,193.8
TH01097,,COMPACTOR,CP-972D2,Road Preparation,INTERMEDIATE,4.6,ASPHALT_MILLINGS,1.4,2809.7,MOUNTAINOUS,26.2,3.0,SUNNY,30.3,0.0,9853.0,3292.0,4.2,0.116,84.0,1441.0,196.9,289.0
TH01098,,WHEEL_LOADER,WL-972XE,Material Loading,BEGINNER,0.8,TOPSOIL,1.3,451.0,FLAT,1.0,34.2,RAINY,26.9,10.3,1374.0,3074.0,14.4,0.202,36.3,1878.0,139.5,218.3
TH01099,,MOTOR_GRADER,MG-986D2,Grading,INTERMEDIATE,6.7,SAND,1.5,589.0,HILLY,13.9,10.1,WINDY,25.7,0.0,8366.0,1007.0,11.1,0.01,55.5,1762.0,26.9,37.7
TH01100,,BACKHOE_LOADER,BL-986GC,Trenching,INTERMEDIATE,5.0,ASPHALT_MILLINGS,1.4,254.4,ROLLING,3.9,7.4,CLOUDY,25.3,0.0,7805.0,274.0,10.6,0.087,85.8,1256.0,145.3,149.2
TH01101,,EXCAVATOR,EX-226XE,Material Loading,EXPERT,14.9,TOPSOIL,1.3,1350.6,FLAT,0.1,25.3,RAINY,38.6,7.4,664.0,611.0,13.8,0.026,31.7,1180.0,280.3,385.9
TH01102,,MOTOR_GRADER,MG-220D2,Demolition,INTERMEDIATE,6.8,CRUSHED_STONE,1.7,965.1,UNEVEN,0.0,21.1,CLOUDY,30.2,0.0,5294.0,1174.0,1.2,0.01,57.2,1686.0,744.3,636.3
TH01103,,MOTOR_GRADER,MG-220D2,Road Preparation,BEGINNER,0.5,GRAVEL,1.8,2908.4,UNEVEN,0.7,12.0,CLOUDY,30.0,0.0,7767.0,1968.0,1.2,0.283,26.8,1963.0,288.3,361.4
TH01104,,COMPACTOR,CP-986D2,Demolition,INTERMEDIATE,4.6,ASPHALT_MILLINGS,1.4,897.2,ROLLING,5.8,10.0,SUNNY,17.2,0.0,5053.0,766.0,8.3,0.178,39.9,1806.0,731.4,734.6
TH01105,,ARTICULATED_HAULER,AH-336,Hauling,INTERMEDIATE,6.8,SAND,1.5,1447.5,UNEVEN,2.0,4.9,SUNNY,,0.0,6316.0,1896.0,8.5,0.144,64.9,1777.0,500.9,697.4
TH01106,,DOZER,DZ-160GC,Demolition,INTERMEDIATE,7.1,ROCK_FILL,2.2,1132.0,MOUNTAINOUS,17.4,18.2,SUNNY,25.0,0.0,9734.0,3430.0,14.4,0.136,55.0,1857.0,458.9,663.0
TH01107,,BACKHOE_LOADER,BL-986GC,Trenching,INTERMEDIATE,2.7,GRAVEL,1.8,115.5,ROLLING,13.7,3.0,SUNNY,29.5,0.0,7775.0,560.0,10.6,0.105,53.3,1468.0,69.1,100.8
TH01108,,COMPACTOR,CP-986D2,Demolition,INTERMEDIATE,7.0,CLAY,1.6,828.2,ROLLING,7.6,11.4,FOG,19.3,0.5,111.0,1476.0,8.3,0.163,78.6,1516.0,561.2,1035.5
TH01109,,WHEEL_LOADER,WL-390,Material Loading,EXPERT,15.9,ROCK_FILL,2.2,2365.2,UNEVEN,1.3,27.3,CLOUDY,24.5,0.0,8457.0,1639.0,9.6,0.095,50.6,1518.0,473.2,581.4
TH01110,,COMPACTOR,CP-950,Soil Compaction,BEGINNER,2.5,CRUSHED_STONE,1.7,4303.2,ROLLING,6.9,27.7,WINDY,23.9,0.0,5793.0,3416.0,3.4,0.286,72.5,1534.0,193.5,237.8
TH01111,,DOZER,DZ-986D2,Earth Excavation,INTERMEDIATE,4.4,CRUSHED_STONE,1.7,667.3,FLAT,5.7,84.5,STORM,23.7,34.4,121.0,1349.0,13.6,0.231,58.5,1662.0,334.3,1066.3
TH01112,,ARTICULATED_HAULER,AH-140D2,Hauling,INTERMEDIATE,2.1,ASPHALT_MILLINGS,1.4,1413.9,ROLLING,5.2,12.6,WINDY,23.6,0.0,3545.0,3477.0,7.4,0.216,52.3,1812.0,510.5,1155.7
TH01113,,EXCAVATOR,EX-226XE,Trenching,INTERMEDIATE,6.8,ASPHALT_MILLINGS,1.4,240.8,FLAT,5.9,7.0,WINDY,26.8,0.0,3557.0,2582.0,13.8,0.09,,1836.0,144.6,174.1
TH01114,,WHEEL_LOADER,WL-336,Material Loading,EXPERT,18.2,SAND,1.5,1691.4,ROLLING,8.3,14.1,SUNNY,19.6,0.0,8242.0,638.0,7.7,0.128,70.8,1500.0,339.6,401.4
TH01115,,EXCAVATOR,EX-140GC,Road Preparation,BEGINNER,2.5,ASPHALT_MILLINGS,1.4,5607.7,UNEVEN,0.0,18.6,FOG,20.5,0.7,89.0,2284.0,5.6,0.228,52.8,1794.0,969.0,1329.3
TH01116,,BACKHOE_LOADER,BL-390D2,Trenching,BEGINNER,2.0,CLAY,1.6,485.8,UNEVEN,0.0,3.0,SUNNY,21.4,0.0,9706.0,3162.0,4.2,0.174,92.6,1460.0,372.2,352.9
TH01117,,MOTOR_GRADER,MG-986XE,Grading,INTERMEDIATE,6.3,SAND,1.5,4665.5,FLAT,4.4,17.8,CLOUDY,26.3,0.0,8085.0,584.0,12.4,0.145,40.0,1677.0,221.5,240.5
TH01118,,MOTOR_GRADER,MG-986D2,Grading,EXPERT,19.9,ASPHALT_MILLINGS,1.4,4544.7,HILLY,14.5,26.9,RAINY,19.9,11.1,870.0,2049.0,11.1,0.14,45.8,1219.0,189.2,335.2
TH01119,,MOTOR_GRADER,MG-220D2,Hauling,INTERMEDIATE,7.7,GRAVEL,1.8,1405.7,UNEVEN,2.9,7.9,RAINY,,2.0,1296.0,1057.0,1.2,0.153,49.7,1678.0,1071.2,1970.9
TH01120,,BACKHOE_LOADER,BL-986GC,Trenching,INTERMEDIATE,7.0,CLAY,1.6,191.5,MOUNTAINOUS,9.3,29.1,RAINY,32.5,5.1,1985.0,1772.0,7.3,0.192,29.3,1389.0,113.4,170.5
TH01121,,MOTOR_GRADER,MG-160D,Road Preparation,INTERMEDIATE,6.4,ASPHALT_MILLINGS,1.4,2085.4,UNEVEN,0.0,4.9,CLOUDY,13.5,0.0,3262.0,2781.0,7.7,0.236,44.2,1808.0,148.6,144.9
TH01122,,MOTOR_GRADER,MG-390D2,Grading,INTERMEDIATE,4.4,CRUSHED_STONE,1.7,963.8,FLAT,4.1,10.7,SUNNY,22.0,0.0,5115.0,687.0,8.3,0.21,44.6,1279.0,47.4,58.6
TH01123,,DOZER,DZ-972,Demolition,INTERMEDIATE,2.6,CLAY,1.6,720.4,UNEVEN,0.0,6.0,RAINY,22.3,2.1,403.0,2867.0,2.3,0.281,38.6,1462.0,291.1,512.2
TH01124,,EXCAVATOR,EX-220XE,Trenching,EXPERT,7.3,SAND,1.5,407.3,ROLLING,5.4,9.3,CLOUDY,19.2,0.0,4981.0,3335.0,10.9,0.01,52.7,1696.0,208.8,216.3
TH01125,,EXCAVATOR,EX-226D2,Material Stockpiling,INTERMEDIATE,2.6,ASPHALT_MILLINGS,1.4,2021.2,MOUNTAINOUS,22.9,32.1,RAINY,14.5,6.3,1363.0,1961.0,1.1,0.2,28.9,1651.0,712.4,1908.9
TH01126,,DOZER,DZ-986GC,Road Preparation,INTERMEDIATE,7.7,SAND,1.5,4951.2,FLAT,0.0,23.9,RAINY,10.4,11.8,1924.0,812.0,12.0,0.172,81.8,1768.0,357.7,525.9
TH01127,,MOTOR_GRADER,MG-336GC,Grading,EXPERT,18.2,ROCK_FILL,2.2,4892.8,FLAT,2.1,9.3,SUNNY,29.5,0.0,5556.0,1869.0,10.0,0.141,29.4,1326.0,194.2,232.5
TH01128,,COMPACTOR,CP-986D2,Road Preparation,INTERMEDIATE,6.4,GRAVEL,1.8,3297.9,ROLLING,5.1,28.6,CLOUDY,26.5,0.0,5084.0,126.0,8.3,0.195,49.6,1486.0,231.6,312.6
TH01129,,EXCAVATOR,EX-140GC,Material Loading,EXPERT,19.9,ROCK_FILL,2.2,396.9,UNEVEN,2.6,11.9,SUNNY,9.7,0.0,5725.0,2448.0,5.6,0.175,20.8,1622.0,80.0,93.1
TH01130,,DOZER,DZ-349D,Material Stockpiling,INTERMEDIATE,6.7,CRUSHED_STONE,1.7,2452.0,ROLLING,11.0,23.5,SUNNY,20.0,0.0,5142.0,2072.0,10.1,0.092,53.8,1579.0,513.5,765.4
TH01131,,MOTOR_GRADER,MG-220D2,Grading,BEGINNER,2.3,TOPSOIL,1.3,4356.3,UNEVEN,1.5,4.7,SUNNY,32.4,0.0,6526.0,806.0,1.2,0.388,46.3,1498.0,269.6,299.4
TH01132,,EXCAVATOR,EX-320GC,Demolition,BEGINNER,0.8,SAND,1.5,953.9,MOUNTAINOUS,10.2,34.9,RAINY,24.1,13.4,874.0,3436.0,5.3,0.231,66.1,1506.0,510.6,827.9
TH01133,,EXCAVATOR,EX-972XE,Material Loading,EXPERT,18.2,TOPSOIL,1.3,430.5,FLAT,0.3,20.3,SUNNY,21.0,0.0,6158.0,1809.0,3.7,0.183,41.5,1918.0,86.6,81.7
TH01134,,BACKHOE_LOADER,BL-220GC,Trenching,INTERMEDIATE,7.0,GRAVEL,1.8,139.4,UNEVEN,3.4,5.4,SUNNY,22.0,0.0,6838.0,241.0,3.0,0.15,57.7,992.0,79.8,92.9
TH01135,,EXCAVATOR,EX-140GC,Demolition,BEGINNER,2.5,CLAY,1.6,220.4,UNEVEN,0.8,39.0,RAINY,22.6,11.8,521.0,2444.0,5.6,0.147,56.8,1583.0,111.0,179.6
TH01136,,DOZER,DZ-986GC,Material Stockpiling,INTERMEDIATE,3.6,ROCK_FILL,2.2,1890.7,FLAT,5.4,23.7,CLOUDY,29.1,0.0,5192.0,3161.0,12.0,0.195,26.1,1683.0,393.0,873.0
TH01137,,MOTOR_GRADER,MG-220D2,Soil Compaction,INTERMEDIATE,3.9,CRUSHED_STONE,1.7,4871.7,UNEVEN,2.2,6.4,SUNNY,15.2,0.0,7633.0,941.0,1.2,0.1,59.7,1488.0,304.9,375.0
TH01138,,MOTOR_GRADER,MG-336GC,Material Loading,EXPERT,22.8,ROCK_FILL,2.2,1888.1,FLAT,0.0,14.6,FOG,27.1,0.5,71.0,3161.0,10.0,0.103,26.5,1884.0,693.6,1333.2
TH01139,,EXCAVATOR,EX-336XE,Trenching,BEGINNER,0.6,CLAY,1.6,334.8,UNEVEN,0.0,17.2,SUNNY,16.6,0.0,9838.0,663.0,4.7,0.236,69.6,1772.0,271.4,296.5
TH01140,,MOTOR_GRADER,MG-986D2,Earth Excavation,EXPERT,14.9,ROCK_FILL,2.2,298.3,HILLY,9.2,66.4,STORM,21.1,32.4,57.0,2295.0,11.1,0.037,45.0,986.0,151.5,392.4
TH01141,,EXCAVATOR,EX-320GC,Trenching,BEGINNER,1.4,GRAVEL,1.8,322.1,MOUNTAINOUS,12.4,15.2,CLOUDY,18.6,0.0,5007.0,2791.0,5.3,0.245,69.1,1632.0,246.0,291.6
TH01142,,BACKHOE_LOADER,BL-220GC,Soil Compaction,INTERMEDIATE,5.0,CRUSHED_STONE,1.7,986.2,UNEVEN,0.0,12.7,SUNNY,9.7,0.0,8508.0,3398.0,3.0,0.119,54.4,1441.0,78.8,80.7
TH01143,,DOZER,DZ-972,Demolition,INTERMEDIATE,3.9,ASPHALT_MILLINGS,1.4,958.1,UNEVEN,0.0,5.6,SUNNY,,0.0,8919.0,1874.0,2.3,0.236,89.0,1882.0,398.1,442.8
TH01144,,ARTICULATED_HAULER,AH-349D,Material Stockpiling,INTERMEDIATE,4.4,TOPSOIL,1.3,1946.7,ROLLING,6.8,17.7,SUNNY,34.0,0.0,5367.0,1571.0,0.8,0.192,60.2,1528.0,653.2,1102.9
TH01145,,EXCAVATOR,EX-336XE,Hauling,INTERMEDIATE,5.5,TOPSOIL,1.3,2453.8,UNEVEN,4.0,15.9,CLOUDY,13.1,0.0,4964.0,2404.0,4.7,0.047,31.3,2046.0,1706.6,2313.6
TH01146,,ARTICULATED_HAULER,AH-349D,Hauling,INTERMEDIATE,5.5,SAND,1.5,1083.6,ROLLING,4.5,12.4,SUNNY,43.3,0.0,7710.0,236.0,0.8,0.244,44.0,1649.0,372.2,435.6
TH01147,,COMPACTOR,CP-950,Grading,INTERMEDIATE,3.9,ROCK_FILL,2.2,5655.9,ROLLING,5.3,18.1,CLOUDY,25.0,0.0,6009.0,3353.0,3.4,0.209,76.0,1622.0,549.4,628.8
TH01148,,ARTICULATED_HAULER,AH-336,Hauling,BEGINNER,0.8,TOPSOIL,1.3,2122.3,UNEVEN,2.9,3.0,WINDY,18.7,0.0,3519.0,3011.0,8.5,0.234,43.9,1384.0,962.5,2272.8
TH01149,,BACKHOE_LOADER,BL-986D,Trenching,INTERMEDIATE,5.5,TOPSOIL,1.3,514.9,FLAT,3.9,24.5,SUNNY,31.3,0.0,8647.0,2739.0,12.0,0.069,32.5,2170.0,294.6,286.4
TH01150,,ARTICULATED_HAULER,AH-349D,Hauling,EXPERT,20.5,ROCK_FILL,2.2,505.2,ROLLING,5.9,11.2,CLOUDY,22.2,0.0,8854.0,2074.0,0.8,0.176,89.3,1417.0,148.0,237.3
TH01151,,COMPACTOR,CP-950,Soil Compaction,BEGINNER,1.4,TOPSOIL,1.3,3098.6,ROLLING,5.9,22.2,CLOUDY,33.9,0.0,3627.0,373.0,3.4,0.162,27.2,1725.0,143.4,148.9
TH01152,,EXCAVATOR,EX-950D2,Trenching,BEGINNER,0.6,SAND,1.5,200.7,HILLY,8.7,67.6,STORM,20.7,24.4,214.0,1728.0,3.2,0.318,31.2,1278.0,155.2,600.0
TH01153,,MOTOR_GRADER,MG-986XE,Road Preparation,INTERMEDIATE,7.0,GRAVEL,1.8,1271.1,FLAT,7.7,3.0,WINDY,28.9,0.0,5477.0,411.0,12.4,0.191,51.1,1328.0,94.4,124.9
TH01154,,WHEEL_LOADER,WL-986,Hauling,BEGINNER,0.6,ASPHALT_MILLINGS,1.4,1447.5,MOUNTAINOUS,18.8,32.7,RAINY,26.6,12.7,1728.0,1631.0,11.8,0.295,40.6,1639.0,1389.0,3300.7
TH01155,,EXCAVATOR,EX-972,Earth Excavation,INTERMEDIATE,3.9,CRUSHED_STONE,1.7,211.6,UNEVEN,0.0,10.2,CLOUDY,11.3,0.0,3650.0,138.0,7.8,0.175,59.6,1299.0,64.8,69.2
TH01156,,EXCAVATOR,EX-336XE,Trenching,EXPERT,19.9,CLAY,1.6,359.3,UNEVEN,2.2,32.2,RAINY,19.2,5.8,1800.0,2248.0,4.7,0.137,8.0,1750.0,186.8,221.1
TH01157,,WHEEL_LOADER,WL-390D2,Material Stockpiling,INTERMEDIATE,7.7,CLAY,1.6,1558.5,ROLLING,11.6,17.3,FOG,32.2,0.4,246.0,2323.0,14.3,0.107,49.0,1421.0,330.5,750.3
TH01158,,MOTOR_GRADER,MG-220D2,Road Preparation,BEGINNER,2.5,TOPSOIL,1.3,3050.2,UNEVEN,3.6,17.4,SUNNY,20.2,0.0,8150.0,2749.0,1.2,0.184,38.7,1771.0,285.7,328.3
TH01159,,WHEEL_LOADER,WL-986,Hauling,BEGINNER,0.6,TOPSOIL,1.3,1456.7,MOUNTAINOUS,16.6,19.4,FOG,21.3,0.8,208.0,1092.0,11.8,0.26,51.7,1737.0,1204.1,2284.1
TH01160,,DOZER,DZ-160GC,Material Stockpiling,BEGINNER,1.5,CRUSHED_STONE,1.7,2358.3,MOUNTAINOUS,17.1,3.0,WINDY,29.7,0.0,3784.0,566.0,14.4,0.214,47.4,1342.0,661.0,1187.9
TH01161,,EXCAVATOR,EX-950D2,Earth Excavation,INTERMEDIATE,3.9,CLAY,1.6,367.5,HILLY,10.9,14.2,CLOUDY,28.7,0.0,4628.0,1397.0,3.2,0.066,90.9,1210.0,107.2,128.7
TH01162,,DOZER,DZ-349D,Soil Compaction,BEGINNER,1.5,TOPSOIL,1.3,5252.7,ROLLING,9.1,19.1,SUNNY,27.7,0.0,6721.0,3254.0,10.1,0.237,62.4,1261.0,404.4,491.2
TH01163,,MOTOR_GRADER,MG-220D2,Grading,BEGINNER,1.8,ASPHALT_MILLINGS,1.4,4456.9,UNEVEN,3.2,14.6,SUNNY,36.6,0.0,6266.0,2856.0,1.2,0.387,50.1,1312.0,283.3,314.1
TH01164,,EXCAVATOR,EX-390D2,Earth Excavation,BEGINNER,2.3,ASPHALT_MILLINGS,1.4,796.7,FLAT,1.3,5.5,WINDY,32.1,0.0,6146.0,1034.0,14.3,0.28,47.6,1830.0,305.9,411.2
TH01165,,EXCAVATOR,EX-320GC,Demolition,INTERMEDIATE,2.7,GRAVEL,1.8,1259.3,MOUNTAINOUS,13.3,17.3,SUNNY,25.9,0.0,6324.0,1167.0,5.3,0.083,68.8,1708.0,530.9,648.5
TH01166,,BACKHOE_LOADER,BL-390D2,Trenching,INTERMEDIATE,7.1,SAND,1.5,112.8,UNEVEN,5.9,60.9,STORM,28.8,33.0,287.0,3361.0,4.2,0.124,69.3,1565.0,65.8,209.2
TH01167,,EXCAVATOR,EX-336XE,Material Loading,BEGINNER,1.8,GRAVEL,1.8,1840.0,UNEVEN,3.5,8.1,FOG,4.2,0.5,43.0,3200.0,4.7,0.243,83.9,2135.0,555.2,939.5
TH01168,,EXCAVATOR,EX-950D2,Earth Excavation,EXPERT,19.9,SAND,1.5,854.8,HILLY,9.4,11.0,CLOUDY,28.5,0.0,4586.0,994.0,3.2,0.208,73.0,1820.0,206.2,244.1
TH01169,,MOTOR_GRADER,MG-986D2,Grading,EXPERT,15.9,SAND,1.5,3198.1,HILLY,12.1,22.1,WINDY,32.5,0.0,8163.0,3400.0,11.1,0.123,58.8,1528.0,125.2,188.1
TH01170,,DOZER,DZ-972,Material Stockpiling,BEGINNER,0.6,ASPHALT_MILLINGS,1.4,828.5,UNEVEN,0.0,18.3,CLOUDY,15.9,0.0,3165.0,3318.0,2.3,0.167,86.6,1621.0,239.5,403.4
TH01171,,EXCAVATOR,EX-226XE,Trenching,EXPERT,11.3,ROCK_FILL,2.2,355.3,FLAT,3.8,10.9,WINDY,32.4,0.0,5838.0,465.0,13.8,0.08,49.0,1775.0,181.3,236.8
TH01172,,DOZER,DZ-972,Demolition,INTERMEDIATE,6.8,ROCK_FILL,2.2,369.2,UNEVEN,0.0,17.8,CLOUDY,24.0,0.0,3616.0,2931.0,2.3,0.046,35.9,1334.0,142.0,154.5
TH01173,,BACKHOE_LOADER,BL-390,Trenching,BEGINNER,2.5,CLAY,1.6,386.2,FLAT,0.0,7.7,WINDY,16.0,0.0,8087.0,1817.0,10.5,0.232,37.3,1752.0,283.7,412.3
TH01174,,BACKHOE_LOADER,BL-986D,Trenching,EXPERT,18.2,TOPSOIL,1.3,435.1,FLAT,3.0,14.0,CLOUDY,35.9,0.0,3863.0,1042.0,12.0,0.264,,1806.0,211.2,274.7
TH01175,,COMPACTOR,CP-972D2,Road Preparation,BEGINNER,1.8,CRUSHED_STONE,1.7,1040.5,MOUNTAINOUS,26.1,17.2,WINDY,29.2,0.0,3917.0,1239.0,4.2,0.321,34.8,1573.0,94.1,191.4
TH01176,,COMPACTOR,CP-950,Soil Compaction,BEGINNER,1.8,CRUSHED_STONE,1.7,5689.2,ROLLING,3.4,48.3,STORM,24.2,12.3,95.0,2214.0,3.4,0.254,49.2,2067.0,266.5,868.4
TH01177,,DOZER,DZ-160GC,Demolition,INTERMEDIATE,4.6,CLAY,1.6,229.9,MOUNTAINOUS,25.8,20.4,RAINY,20.5,8.1,1550.0,2542.0,14.4,0.113,42.8,1420.0,89.1,196.0
TH01178,,MOTOR_GRADER,MG-390D2,Grading,BEGINNER,0.5,ROCK_FILL,2.2,3449.4,FLAT,2.7,7.9,WINDY,28.8,0.0,4180.0,2871.0,8.3,0.316,75.8,1405.0,221.1,259.1
TH01179,,EXCAVATOR,EX-320GC,Trenching,INTERMEDIATE,6.7,GRAVEL,1.8,178.4,MOUNTAINOUS,16.0,4.7,CLOUDY,,0.0,5785.0,2214.0,5.3,0.04,64.1,1589.0,101.2,131.3
TH01180,,DOZER,DZ-972,Material Stockpiling,BEGINNER,0.8,SAND,1.5,968.4,UNEVEN,3.4,19.7,WINDY,18.9,0.0,3470.0,3100.0,2.3,0.166,71.9,1287.0,276.9,536.2
TH01181,,MOTOR_GRADER,MG-986XE,Grading,EXPERT,7.3,ROCK_FILL,2.2,1354.3,FLAT,3.6,3.7,CLOUDY,20.1,0.0,4329.0,2309.0,12.4,0.01,45.8,1926.0,55.2,64.2
TH01182,,EXCAVATOR,EX-390D2,Trenching,INTERMEDIATE,7.1,CRUSHED_STONE,1.7,489.6,FLAT,0.0,3.0,CLOUDY,31.1,0.0,5745.0,722.0,14.3,0.226,19.4,1157.0,292.8,327.5
TH01183,,MOTOR_GRADER,MG-336GC,Soil Compaction,INTERMEDIATE,4.6,SAND,1.5,4558.3,FLAT,0.8,29.6,RAINY,20.2,11.7,1055.0,1184.0,10.0,0.258,69.9,1543.0,347.6,614.8
TH01184,,EXCAVATOR,EX-950D2,Trenching,BEGINNER,1.6,GRAVEL,1.8,218.0,HILLY,11.1,6.3,CLOUDY,17.3,0.0,8114.0,1250.0,3.2,0.281,56.7,1602.0,165.3,247.2
TH01185,,ARTICULATED_HAULER,AH-140D2,Hauling,BEGINNER,1.8,ROCK_FILL,2.2,1599.5,ROLLING,11.2,26.2,CLOUDY,32.8,0.0,4488.0,3309.0,7.4,0.308,34.9,1949.0,707.2,1713.6
TH01186,,ARTICULATED_HAULER,AH-226D,Earth Excavation,EXPERT,19.9,CLAY,1.6,1090.3,ROLLING,2.6,13.5,CLOUDY,27.4,0.0,6687.0,2037.0,2.4,0.212,76.3,1294.0,499.2,572.3
TH01187,,BACKHOE_LOADER,BL-220GC,Trenching,BEGINNER,2.3,SAND,1.5,485.0,UNEVEN,0.0,41.5,RAINY,26.2,14.9,1005.0,3194.0,3.0,0.243,55.4,1663.0,362.0,556.3
TH01188,,MOTOR_GRADER,MG-336GC,Material Stockpiling,BEGINNER,1.6,CLAY,1.6,743.9,FLAT,3.1,7.1,RAINY,30.9,1.4,1168.0,2275.0,10.0,0.3,75.4,1919.0,401.6,950.8
TH01189,,WHEEL_LOADER,WL-336,Material Stockpiling,INTERMEDIATE,4.6,SAND,1.5,2196.9,ROLLING,13.3,6.6,CLOUDY,30.7,0.0,7925.0,2199.0,7.7,0.153,38.1,1713.0,446.6,696.2
TH01190,,EXCAVATOR,EX-220XE,Material Loading,BEGINNER,0.5,TOPSOIL,1.3,1500.6,ROLLING,2.7,12.5,CLOUDY,19.6,0.0,7367.0,2617.0,10.9,0.195,42.0,1412.0,475.3,586.9
TH01191,,MOTOR_GRADER,MG-160D,Grading,BEGINNER,0.5,ASPHALT_MILLINGS,1.4,5639.7,UNEVEN,0.0,3.0,SUNNY,31.5,0.0,9882.0,1551.0,7.7,0.288,36.4,1379.0,358.7,314.1
TH01192,,MOTOR_GRADER,MG-336GC,Road Preparation,EXPERT,12.7,ASPHALT_MILLINGS,1.4,4405.7,FLAT,1.3,30.6,SUNNY,21.9,0.0,7749.0,2152.0,10.0,0.06,15.3,1532.0,283.3,262.5
TH01193,,EXCAVATOR,EX-320GC,Demolition,BEGINNER,2.3,CLAY,1.6,448.4,MOUNTAINOUS,4.6,9.5,WINDY,23.6,0.0,5352.0,1650.0,5.3,0.173,72.9,1899.0,227.0,257.0
TH01194,,BACKHOE_LOADER,BL-390,Trenching,INTERMEDIATE,7.0,SAND,1.5,322.2,FLAT,0.0,27.2,SUNNY,15.9,0.0,6580.0,282.0,10.5,0.2,61.3,1591.0,185.8,205.7
TH01195,,ARTICULATED_HAULER,AH-336,Hauling,INTERMEDIATE,5.0,CRUSHED_STONE,1.7,2342.5,UNEVEN,1.2,9.1,CLOUDY,21.1,0.0,7230.0,2042.0,8.5,0.106,53.3,1897.0,832.7,1146.2
TH01196,,EXCAVATOR,EX-336XE,Earth Excavation,INTERMEDIATE,6.3,SAND,1.5,1016.5,UNEVEN,1.2,17.5,SUNNY,22.4,0.0,9920.0,627.0,4.7,0.102,64.8,1434.0,286.3,297.6
TH01197,,MOTOR_GRADER,MG-986D2,Grading,INTERMEDIATE,7.7,ROCK_FILL,2.2,2191.8,HILLY,9.6,19.2,FOG,29.3,0.4,223.0,3024.0,11.1,0.113,66.5,1656.0,100.2,180.9
TH01198,,BACKHOE_LOADER,BL-390,Trenching,EXPERT,23.6,ROCK_FILL,2.2,142.7,FLAT,0.0,21.5,CLOUDY,34.2,0.0,7570.0,1028.0,10.5,0.06,56.5,1914.0,69.3,68.1
TH01199,,WHEEL_LOADER,WL-390,Material Stockpiling,EXPERT,11.3,CLAY,1.6,1878.6,UNEVEN,2.8,11.7,SUNNY,27.4,0.0,6272.0,1306.0,9.6,0.037,41.6,1947.0,337.1,378.1
TH01200,,BACKHOE_LOADER,BL-390D2,Trenching,INTERMEDIATE,7.0,ASPHALT_MILLINGS,1.4,158.8,UNEVEN,3.0,34.4,STORM,8.0,17.5,187.0,960.0,4.2,0.168,50.7,1475.0,90.3,226.2
TH01201,,WHEEL_LOADER,WL-390,Material Loading,EXPERT,23.6,ASPHALT_MILLINGS,1.4,2027.5,UNEVEN,0.0,21.1,SUNNY,22.3,0.0,9692.0,776.0,9.6,0.09,65.2,1607.0,409.5,433.5
TH01202,,WHEEL_LOADER,WL-972XE,Material Loading,BEGINNER,1.0,CRUSHED_STONE,1.7,1358.4,FLAT,2.4,38.4,RAINY,25.9,11.5,1507.0,1962.0,14.4,0.257,69.4,1515.0,420.6,708.8
TH01203,,WHEEL_LOADER,WL-390,Hauling,EXPERT,11.3,SAND,1.5,636.5,UNEVEN,0.0,3.0,SUNNY,16.6,0.0,7574.0,944.0,9.6,0.053,50.6,1836.0,316.8,364.7
TH01204,,MOTOR_GRADER,MG-986XE,Material Stockpiling,INTERMEDIATE,3.6,CLAY,1.6,953.9,FLAT,0.0,23.3,RAINY,18.1,9.1,581.0,1261.0,12.4,0.287,64.3,1419.0,424.6,973.8
TH01205,,DOZER,DZ-160GC,Road Preparation,BEGINNER,0.5,ROCK_FILL,2.2,2320.9,MOUNTAINOUS,19.4,3.0,SUNNY,33.3,0.0,9974.0,1315.0,14.4,0.152,59.0,1506.0,218.9,334.5
TH01206,,ARTICULATED_HAULER,AH-120D2,Hauling,INTERMEDIATE,6.4,GRAVEL,1.8,679.5,UNEVEN,0.0,18.2,CLOUDY,18.7,0.0,6656.0,1598.0,2.8,0.236,39.4,1509.0,240.1,257.8
TH01207,,DOZER,DZ-986D2,Demolition,INTERMEDIATE,7.0,TOPSOIL,1.3,355.8,FLAT,3.9,6.6,CLOUDY,25.1,0.0,3642.0,1835.0,13.6,0.143,14.1,1118.0,136.4,155.2
TH01208,,ARTICULATED_HAULER,AH-120D2,Material Loading,INTERMEDIATE,3.6,GRAVEL,1.8,443.2,UNEVEN,2.4,3.9,WINDY,35.4,0.0,3849.0,2760.0,2.8,0.195,35.7,1759.0,197.7,229.0
TH01209,,WHEEL_LOADER,WL-986,Material Stockpiling,EXPERT,14.9,TOPSOIL,1.3,252.5,MOUNTAINOUS,22.3,7.6,SUNNY,25.2,0.0,9380.0,2554.0,11.8,0.077,23.2,1277.0,45.1,75.7
TH01210,,MOTOR_GRADER,MG-220D2,Demolition,BEGINNER,1.6,GRAVEL,1.8,314.9,UNEVEN,0.9,3.8,SUNNY,14.9,0.0,9174.0,2297.0,1.2,0.201,77.6,1339.0,261.2,280.2
TH01211,,EXCAVATOR,EX-972,Material Loading,INTERMEDIATE,6.7,TOPSOIL,1.3,233.0,UNEVEN,0.2,16.0,CLOUDY,18.6,0.0,4258.0,2756.0,7.8,0.105,60.1,1269.0,56.7,59.6
TH01212,,COMPACTOR,CP-972D2,Road Preparation,INTERMEDIATE,6.4,TOPSOIL,1.3,5997.6,MOUNTAINOUS,24.3,50.2,RAINY,20.7,11.4,771.0,81.0,4.2,0.171,12.1,1386.0,418.7,1005.5
TH01213,,BACKHOE_LOADER,BL-986GC,Earth Excavation,INTERMEDIATE,5.0,TOPSOIL,1.3,175.3,MOUNTAINOUS,14.4,3.0,SUNNY,29.8,0.0,7509.0,2537.0,7.3,0.075,69.1,1925.0,84.2,91.9
TH01214,,BACKHOE_LOADER,BL-986GC,Trenching,INTERMEDIATE,5.0,GRAVEL,1.8,43.2,MOUNTAINOUS,11.5,13.5,CLOUDY,26.3,0.0,6938.0,1996.0,7.3,0.01,82.3,1947.0,25.0,28.7
TH01215,,WHEEL_LOADER,WL-986,Material Loading,INTERMEDIATE,7.1,GRAVEL,1.8,947.5,MOUNTAINOUS,17.9,16.9,WINDY,20.4,0.0,6700.0,1255.0,11.8,0.086,51.8,1480.0,218.8,298.4
TH01216,,ARTICULATED_HAULER,AH-120D2,Hauling,BEGINNER,2.5,CRUSHED_STONE,1.7,981.3,UNEVEN,3.3,3.0,WINDY,20.8,0.0,8262.0,1298.0,2.8,0.157,12.4,1841.0,417.0,496.9
TH01217,,WHEEL_LOADER,WL-140XE,Material Stockpiling,BEGINNER,1.6,CRUSHED_STONE,1.7,1593.9,UNEVEN,1.6,49.5,STORM,31.9,15.4,186.0,692.0,8.1,0.27,8.0,1465.0,422.8,1445.4
TH01218,,WHEEL_LOADER,WL-390,Grading,INTERMEDIATE,4.6,ASPHALT_MILLINGS,1.4,1640.4,UNEVEN,5.2,12.7,WINDY,27.7,0.0,7935.0,1680.0,9.6,0.15,57.9,1505.0,153.0,172.0
TH01219,,WHEEL_LOADER,WL-140XE,Material Stockpiling,INTERMEDIATE,5.8,CRUSHED_STONE,1.7,1539.8,UNEVEN,0.0,9.7,CLOUDY,12.0,0.0,7194.0,581.0,8.1,0.184,43.3,1163.0,316.9,351.4
TH01220,,EXCAVATOR,EX-336XE,Material Loading,INTERMEDIATE,6.8,ASPHALT_MILLINGS,1.4,574.6,UNEVEN,3.4,12.7,RAINY,34.4,6.4,375.0,377.0,4.7,0.134,57.8,2238.0,138.6,186.0
TH01221,,EXCAVATOR,EX-950D2,Material Loading,BEGINNER,0.6,ROCK_FILL,2.2,2182.1,HILLY,14.1,3.5,CLOUDY,12.8,0.0,6325.0,738.0,3.2,0.303,46.3,1373.0,668.7,1156.3
TH01222,,DOZER,DZ-950D,Material Stockpiling,INTERMEDIATE,3.6,ASPHALT_MILLINGS,1.4,1642.4,MOUNTAINOUS,12.1,7.1,CLOUDY,13.0,0.0,,3011.0,1.6,0.138,61.9,1699.0,363.9,675.4
TH01223,,BACKHOE_LOADER,BL-986D,Trenching,BEGINNER,1.5,GRAVEL,1.8,239.7,FLAT,2.0,3.7,WINDY,22.1,0.0,4633.0,583.0,12.0,0.266,58.6,1351.0,180.7,227.1
TH01224,,EXCAVATOR,EX-972,Earth Excavation,INTERMEDIATE,6.7,CLAY,1.6,600.6,UNEVEN,0.0,8.2,CLOUDY,11.8,0.0,3138.0,2987.0,7.8,0.01,50.6,1428.0,177.0,181.8
TH01225,,BACKHOE_LOADER,BL-390D2,Trenching,EXPERT,20.5,ROCK_FILL,2.2,48.9,UNEVEN,5.1,3.0,SUNNY,26.6,0.0,6904.0,3131.0,4.2,0.144,24.2,1829.0,24.9,28.8
TH01226,,EXCAVATOR,EX-950D2,Grading,INTERMEDIATE,3.6,ASPHALT_MILLINGS,1.4,2827.7,HILLY,11.5,6.6,WINDY,29.4,0.0,8547.0,960.0,3.2,0.112,55.4,1483.0,215.9,285.4
TH01227,,EXCAVATOR,EX-336XE,Earth Excavation,INTERMEDIATE,7.7,CRUSHED_STONE,1.7,662.3,UNEVEN,2.6,18.4,CLOUDY,20.8,0.0,,868.0,4.7,0.105,62.1,1767.0,193.8,163.8
TH01228,,WHEEL_LOADER,WL-390D2,Material Loading,EXPERT,15.9,CLAY,1.6,1920.8,ROLLING,6.5,3.0,SUNNY,37.7,0.0,8842.0,2134.0,14.3,0.108,36.7,1214.0,398.7,504.7
TH01229,,MOTOR_GRADER,MG-986XE,Grading,INTERMEDIATE,6.8,ASPHALT_MILLINGS,1.4,1599.9,FLAT,0.0,41.7,STORM,18.4,19.8,68.0,2541.0,12.4,0.045,8.7,2012.0,74.1,194.2
TH01230,,WHEEL_LOADER,WL-390D2,Hauling,BEGINNER,1.8,ASPHALT_MILLINGS,1.4,2287.1,ROLLING,9.7,11.6,SUNNY,26.9,0.0,9873.0,659.0,14.3,0.203,39.9,1523.0,2105.1,2977.9
TH01231,,WHEEL_LOADER,WL-390D2,Material Loading,BEGINNER,1.6,CLAY,1.6,1734.3,ROLLING,6.3,19.5,SUNNY,15.9,0.0,8561.0,1333.0,14.3,0.314,84.4,1720.0,523.0,724.4
TH01232,,BACKHOE_LOADER,BL-220GC,Trenching,INTERMEDIATE,5.8,CRUSHED_STONE,1.7,320.8,UNEVEN,0.0,28.8,RAINY,24.5,6.1,1425.0,1229.0,3.0,0.092,51.4,1848.0,184.2,263.3
TH01233,,WHEEL_LOADER,WL-972XE,Material Stockpiling,INTERMEDIATE,3.9,SAND,1.5,1707.7,FLAT,0.0,20.4,SUNNY,19.1,0.0,5269.0,1433.0,14.4,0.121,75.3,1293.0,368.7,356.3
TH01234,,DOZER,DZ-986D2,Demolition,EXPERT,17.3,ASPHALT_MILLINGS,1.4,98.2,FLAT,0.0,37.8,STORM,18.7,8.6,204.0,408.0,13.6,0.184,97.4,1659.0,34.4,89.9
TH01235,,MOTOR_GRADER,MG-220D2,Grading,INTERMEDIATE,3.9,GRAVEL,1.8,4963.8,UNEVEN,0.1,19.5,CLOUDY,20.2,0.0,7476.0,3382.0,1.2,0.18,76.3,1565.0,235.5,210.2
TH01236,,ARTICULATED_HAULER,AH-336,Demolition,BEGINNER,0.5,SAND,1.5,1190.7,UNEVEN,0.0,10.5,SUNNY,24.6,0.0,5732.0,382.0,8.5,0.188,21.9,1526.0,1026.7,998.5
TH01237,,COMPACTOR,CP-950,Road Preparation,INTERMEDIATE,6.8,ASPHALT_MILLINGS,1.4,576.6,ROLLING,5.7,30.9,RAINY,22.3,9.6,1371.0,1696.0,3.4,0.067,22.8,1166.0,42.9,56.5
TH01238,,BACKHOE_LOADER,BL-390,Hauling,INTERMEDIATE,3.6,TOPSOIL,1.3,1730.6,FLAT,0.6,18.9,SUNNY,26.4,0.0,8850.0,2453.0,10.5,0.12,67.3,1746.0,1144.6,1498.6
TH01239,,WHEEL_LOADER,WL-390D2,Material Loading,EXPERT,23.4,SAND,1.5,2325.3,ROLLING,6.4,6.1,CLOUDY,27.3,0.0,3779.0,861.0,14.3,0.03,43.0,1458.0,483.5,527.5
TH01240,,EXCAVATOR,EX-320GC,Demolition,BEGINNER,0.8,CLAY,1.6,1286.5,MOUNTAINOUS,13.2,14.5,SUNNY,23.5,0.0,6818.0,2171.0,5.3,0.197,99.4,2164.0,691.5,859.0
TH01241,,EXCAVATOR,EX-336XE,Trenching,INTERMEDIATE,3.9,ROCK_FILL,2.2,570.2,UNEVEN,7.5,11.4,CLOUDY,23.4,0.0,6663.0,757.0,4.7,0.025,51.8,1429.0,346.0,335.2
TH01242,,EXCAVATOR,EX-320GC,Trenching,BEGINNER,1.6,ROCK_FILL,2.2,503.1,MOUNTAINOUS,15.8,10.0,SUNNY,19.5,0.0,6334.0,1373.0,5.3,0.26,26.4,1146.0,375.7,614.3
TH01243,,MOTOR_GRADER,MG-160D,Road Preparation,INTERMEDIATE,7.0,CLAY,1.6,2742.8,UNEVEN,1.9,87.3,STORM,21.2,32.2,132.0,786.0,7.7,0.212,73.7,1864.0,195.0,691.2
TH01244,,ARTICULATED_HAULER,AH-226D,Earth Excavation,EXPERT,11.3,TOPSOIL,1.3,300.3,ROLLING,6.3,3.0,WINDY,21.3,0.0,4556.0,1619.0,2.4,0.131,75.5,2003.0,127.0,146.4
TH01245,,COMPACTOR,CP-986D2,Material Loading,BEGINNER,0.5,ROCK_FILL,2.2,1894.8,ROLLING,5.4,14.2,CLOUDY,14.3,0.0,5117.0,531.0,8.3,0.273,49.8,1797.0,1041.8,1325.9
TH01246,,MOTOR_GRADER,MG-986XE,Grading,EXPERT,18.2,CLAY,1.6,1171.9,FLAT,3.2,18.7,CLOUDY,29.8,0.0,5105.0,3450.0,12.4,0.172,46.4,1099.0,48.5,55.7
TH01247,,DOZER,DZ-986D2,Demolition,BEGINNER,2.5,CRUSHED_STONE,1.7,785.6,FLAT,2.9,3.0,SUNNY,26.8,0.0,8643.0,144.0,13.6,0.159,69.1,1842.0,397.7,468.6
TH01248,,DOZER,DZ-950D,Demolition,EXPERT,12.7,ROCK_FILL,2.2,668.8,MOUNTAINOUS,10.2,8.1,CLOUDY,28.8,0.0,8111.0,432.0,1.6,0.01,55.0,1428.0,228.5,208.4
TH01249,,BACKHOE_LOADER,BL-986GC,Trenching,BEGINNER,0.8,CRUSHED_STONE,1.7,154.5,ROLLING,9.3,9.2,SUNNY,31.3,0.0,7756.0,129.0,10.6,0.2,51.1,1694.0,115.6,145.5
TH01250,,MOTOR_GRADER,MG-390D2,Grading,BEGINNER,0.8,GRAVEL,1.8,5414.3,FLAT,0.5,20.6,SUNNY,19.6,0.0,6702.0,385.0,8.3,0.276,50.4,1597.0,350.4,373.4
TH01251,,ARTICULATED_HAULER,AH-120D2,Hauling,BEGINNER,0.6,CLAY,1.6,244.7,UNEVEN,0.3,3.7,WINDY,23.7,0.0,4521.0,1393.0,2.8,0.249,67.0,1873.0,109.7,145.2
TH01252,,EXCAVATOR,EX-390D2,Hauling,BEGINNER,2.0,CRUSHED_STONE,1.7,1683.9,FLAT,0.0,22.9,SUNNY,22.6,0.0,7576.0,1622.0,14.3,0.182,62.0,1982.0,1510.9,2383.3
TH01253,,BACKHOE_LOADER,BL-220GC,Trenching,INTERMEDIATE,6.8,CLAY,1.6,71.2,UNEVEN,1.1,10.9,CLOUDY,22.4,0.0,7169.0,1466.0,3.0,0.046,44.8,1420.0,42.8,39.3
TH01254,,WHEEL_LOADER,WL-140XE,Hauling,INTERMEDIATE,3.6,CLAY,1.6,1155.8,UNEVEN,7.8,10.8,SUNNY,28.8,0.0,6976.0,1260.0,8.1,0.193,73.2,1787.0,765.5,1014.2
TH01255,,DOZER,DZ-349D,Material Stockpiling,EXPERT,22.8,SAND,1.5,290.7,ROLLING,8.5,30.9,RAINY,27.2,7.5,1483.0,2152.0,10.1,0.1,18.0,1686.0,54.4,111.2
TH01256,,WHEEL_LOADER,WL-986,Material Stockpiling,EXPERT,23.4,GRAVEL,1.8,1941.5,MOUNTAINOUS,22.3,3.0,CLOUDY,18.4,0.0,4582.0,2475.0,11.8,0.018,48.2,1864.0,361.2,639.9
TH01257,,EXCAVATOR,EX-226D2,Material Loading,EXPERT,23.6,GRAVEL,1.8,1624.6,MOUNTAINOUS,22.4,4.8,WINDY,24.7,0.0,8244.0,356.0,1.1,0.132,45.7,1634.0,326.6,531.7
TH01258,,WHEEL_LOADER,WL-390,Demolition,INTERMEDIATE,4.4,TOPSOIL,1.3,181.5,UNEVEN,3.5,16.7,RAINY,27.1,3.7,644.0,3264.0,9.6,0.259,42.1,1721.0,144.8,295.9
TH01259,,EXCAVATOR,EX-226XE,Trenching,INTERMEDIATE,7.6,TOPSOIL,1.3,472.9,FLAT,0.0,35.0,SUNNY,38.1,0.0,6880.0,2784.0,13.8,0.093,48.4,1461.0,276.8,289.2
TH01260,,COMPACTOR,CP-972D2,Road Preparation,INTERMEDIATE,3.9,GRAVEL,1.8,746.9,MOUNTAINOUS,26.0,9.1,SUNNY,25.2,0.0,6015.0,1139.0,4.2,0.118,55.8,2279.0,52.7,92.7
TH01261,,EXCAVATOR,EX-390D2,Demolition,INTERMEDIATE,4.4,CLAY,1.6,932.2,FLAT,1.8,19.7,CLOUDY,,0.0,8692.0,3055.0,14.3,0.286,90.0,1341.0,365.8,403.9
TH01262,,WHEEL_LOADER,WL-140XE,Material Loading,INTERMEDIATE,7.6,TOPSOIL,1.3,1052.0,UNEVEN,0.0,18.2,CLOUDY,26.9,0.0,4590.0,2333.0,8.1,0.084,52.5,1272.0,248.3,253.9
TH01263,,BACKHOE_LOADER,BL-390,Trenching,BEGINNER,1.8,GRAVEL,1.8,406.7,FLAT,0.0,8.9,WINDY,28.5,0.0,4315.0,1775.0,10.5,0.358,66.0,1912.0,299.8,376.8
TH01264,,WHEEL_LOADER,WL-986,Material Loading,INTERMEDIATE,6.8,CLAY,1.6,347.2,MOUNTAINOUS,19.7,16.7,RAINY,17.2,1.2,425.0,2010.0,11.8,0.119,43.9,1404.0,83.3,172.8
TH01265,,DOZER,DZ-950D,Road Preparation,INTERMEDIATE,5.5,SAND,1.5,640.2,MOUNTAINOUS,5.2,37.4,RAINY,32.9,12.9,1782.0,2240.0,1.6,0.163,68.4,1414.0,45.0,60.3
TH01266,,EXCAVATOR,EX-336XE,Material Loading,EXPERT,23.4,ASPHALT_MILLINGS,1.4,1977.8,UNEVEN,5.1,24.7,SUNNY,31.3,0.0,8774.0,1426.0,4.7,0.09,95.2,1571.0,391.0,382.6
TH01267,,MOTOR_GRADER,MG-986XE,Grading,EXPERT,23.6,GRAVEL,1.8,3733.2,FLAT,0.0,24.2,SUNNY,32.8,0.0,9151.0,1507.0,12.4,0.173,67.4,1571.0,155.3,174.2
TH01268,,EXCAVATOR,EX-972,Material Loading,INTERMEDIATE,3.9,ROCK_FILL,2.2,978.5,UNEVEN,2.4,5.9,SUNNY,23.2,0.0,9898.0,1692.0,7.8,0.137,66.1,1565.0,227.6,223.0
TH01269,,ARTICULATED_HAULER,AH-336,Hauling,BEGINNER,1.8,GRAVEL,1.8,1985.2,UNEVEN,5.5,25.7,RAINY,28.4,3.9,1585.0,2581.0,8.5,0.372,36.8,2400.0,871.3,1956.1
TH01270,,DOZER,DZ-160GC,Hauling,BEGINNER,1.6,TOPSOIL,1.3,2220.5,MOUNTAINOUS,15.9,11.9,CLOUDY,20.5,0.0,5210.0,2140.0,14.4,0.22,32.3,1489.0,1593.3,2925.9
TH01271,,EXCAVATOR,EX-972XE,Material Loading,INTERMEDIATE,3.6,CLAY,1.6,1102.4,FLAT,5.7,35.5,RAINY,26.3,12.8,1549.0,1475.0,3.7,0.162,53.3,1467.0,276.9,488.7
TH01272,,WHEEL_LOADER,WL-390D2,Material Stockpiling,INTERMEDIATE,7.0,ROCK_FILL,2.2,1425.1,ROLLING,8.0,3.0,WINDY,40.2,0.0,6070.0,1995.0,14.3,0.154,58.2,1354.0,289.5,418.1
TH01273,,EXCAVATOR,EX-320GC,Trenching,INTERMEDIATE,7.1,SAND,1.5,586.7,MOUNTAINOUS,18.2,7.7,CLOUDY,13.6,0.0,7954.0,898.0,5.3,0.116,42.9,1500.0,340.8,441.6
TH01274,,BACKHOE_LOADER,BL-220GC,Trenching,EXPERT,19.9,CRUSHED_STONE,1.7,399.8,UNEVEN,1.5,3.0,SUNNY,32.7,0.0,7744.0,2794.0,3.0,0.1,49.2,1862.0,199.9,198.8
TH01275,,BACKHOE_LOADER,BL-986GC,Trenching,INTERMEDIATE,4.6,SAND,1.5,287.8,MOUNTAINOUS,15.7,3.8,SUNNY,23.6,0.0,7270.0,1419.0,7.3,0.199,83.9,1454.0,165.6,189.2
TH01276,,BACKHOE_LOADER,BL-220GC,Road Preparation,INTERMEDIATE,6.7,ROCK_FILL,2.2,2685.0,UNEVEN,10.1,8.5,WINDY,23.3,0.0,4722.0,1681.0,3.0,0.11,40.9,1476.0,300.6,346.9
TH01277,,WHEEL_LOADER,WL-390D2,Material Stockpiling,INTERMEDIATE,6.8,CLAY,1.6,1979.6,ROLLING,7.0,22.4,WINDY,22.7,0.0,5245.0,2741.0,14.3,0.019,37.4,2081.0,417.3,712.1
TH01278,,BACKHOE_LOADER,BL-986GC,Trenching,BEGINNER,1.0,GRAVEL,1.8,384.7,ROLLING,3.4,11.9,CLOUDY,17.4,0.0,6028.0,1514.0,10.6,0.319,39.9,1015.0,302.6,404.4
TH01279,,DOZER,DZ-986GC,Road Preparation,INTERMEDIATE,2.7,GRAVEL,1.8,5911.3,FLAT,4.3,3.0,CLOUDY,25.7,0.0,,596.0,12.0,0.089,45.3,1330.0,432.0,530.3
TH01280,,EXCAVATOR,EX-220XE,Demolition,BEGINNER,1.8,ASPHALT_MILLINGS,1.4,638.1,ROLLING,2.8,10.6,WINDY,23.0,0.0,3856.0,810.0,10.9,0.233,84.8,1909.0,323.3,368.0
TH01281,,BACKHOE_LOADER,BL-986GC,Soil Compaction,EXPERT,23.4,ASPHALT_MILLINGS,1.4,979.3,MOUNTAINOUS,15.2,15.5,FOG,20.5,0.7,133.0,3005.0,7.3,0.11,36.3,1440.0,64.8,120.2
TH01282,,MOTOR_GRADER,MG-986XE,Grading,BEGINNER,1.4,CLAY,1.6,5221.6,FLAT,8.2,3.0,SUNNY,28.9,0.0,5514.0,1194.0,12.4,0.308,59.5,1650.0,325.4,397.9
TH01283,,DOZER,DZ-349D,Earth Excavation,EXPERT,15.9,ROCK_FILL,2.2,149.0,ROLLING,16.1,13.5,SUNNY,14.6,0.0,5380.0,1971.0,10.1,0.068,83.8,1727.0,76.8,107.6
TH01284,,WHEEL_LOADER,WL-972XE,Material Stockpiling,EXPERT,15.9,SAND,1.5,1150.5,FLAT,6.6,17.5,WINDY,29.9,0.0,4458.0,927.0,14.4,0.046,44.7,1726.0,201.3,253.6
TH01285,,MOTOR_GRADER,MG-336GC,Grading,BEGINNER,1.5,CRUSHED_STONE,1.7,1569.7,FLAT,4.5,11.3,SUNNY,19.1,0.0,6814.0,896.0,10.0,0.158,61.8,1676.0,100.1,113.5
TH01286,,WHEEL_LOADER,WL-140XE,Material Stockpiling,BEGINNER,2.0,SAND,1.5,1815.8,UNEVEN,0.4,16.5,SUNNY,31.6,0.0,8054.0,2789.0,8.1,0.169,69.6,1713.0,485.4,815.0
TH01287,,WHEEL_LOADER,WL-336,Material Loading,INTERMEDIATE,3.0,CLAY,1.6,2164.2,ROLLING,14.0,12.3,WINDY,36.4,0.0,5099.0,2253.0,7.7,0.19,61.5,1754.0,525.0,714.7
TH01288,,MOTOR_GRADER,MG-160D,Grading,EXPERT,23.4,ASPHALT_MILLINGS,1.4,3489.1,UNEVEN,4.6,22.6,WINDY,23.1,0.0,4318.0,979.0,7.7,0.151,57.4,1415.0,142.6,146.3
TH01289,,MOTOR_GRADER,MG-160D,Hauling,INTERMEDIATE,5.0,ASPHALT_MILLINGS,1.4,1886.1,UNEVEN,0.8,21.4,SUNNY,14.2,0.0,8295.0,1467.0,7.7,0.086,14.7,1521.0,1238.9,1237.9
TH01290,,EXCAVATOR,EX-226D2,Demolition,INTERMEDIATE,3.6,CLAY,1.6,674.8,MOUNTAINOUS,22.6,29.7,RAINY,45.3,9.5,1641.0,140.0,1.1,0.1,47.1,1701.0,279.1,522.9
TH01291,,EXCAVATOR,EX-320GC,Earth Excavation,INTERMEDIATE,7.0,CRUSHED_STONE,1.7,802.3,MOUNTAINOUS,11.2,23.0,WINDY,16.1,0.0,3374.0,2039.0,5.3,0.246,61.6,1372.0,233.6,325.5
TH01292,,EXCAVATOR,EX-950D2,Material Loading,BEGINNER,1.8,CLAY,1.6,2229.8,HILLY,12.0,21.3,WINDY,22.2,0.0,4732.0,2919.0,3.2,0.246,60.7,2340.0,662.2,908.6
TH01293,,EXCAVATOR,EX-226D2,Grading,BEGINNER,2.0,CRUSHED_STONE,1.7,1576.1,MOUNTAINOUS,20.0,38.4,RAINY,15.4,14.1,1985.0,1750.0,1.1,0.269,,1392.0,197.8,394.9
TH01294,,WHEEL_LOADER,WL-390,Soil Compaction,BEGINNER,0.8,ROCK_FILL,2.2,801.8,UNEVEN,0.5,66.0,STORM,25.6,25.7,,1714.0,9.6,0.191,47.4,1358.0,61.3,222.2
TH01295,,MOTOR_GRADER,MG-220D2,Road Preparation,INTERMEDIATE,3.9,ASPHALT_MILLINGS,1.4,5398.9,UNEVEN,3.7,17.1,CLOUDY,20.5,0.0,8587.0,920.0,1.2,0.045,49.8,1084.0,382.6,377.7
TH01296,,MOTOR_GRADER,MG-986XE,Road Preparation,INTERMEDIATE,5.1,ASPHALT_MILLINGS,1.4,2859.8,FLAT,0.9,15.9,WINDY,37.3,0.0,3127.0,1052.0,12.4,0.104,53.0,1799.0,201.2,215.8
TH01297,,MOTOR_GRADER,MG-986XE,Material Stockpiling,BEGINNER,0.6,TOPSOIL,1.3,1156.9,FLAT,0.0,67.5,STORM,24.5,30.7,301.0,2398.0,12.4,0.287,72.9,1864.0,548.4,2501.8
TH01298,,ARTICULATED_HAULER,AH-336,Hauling,EXPERT,23.4,ROCK_FILL,2.2,171.6,UNEVEN,1.7,35.7,RAINY,26.5,11.9,516.0,717.0,8.5,0.163,64.1,1519.0,52.3,87.3
TH01299,,DOZER,DZ-950D,Demolition,BEGINNER,1.5,GRAVEL,1.8,335.4,MOUNTAINOUS,15.3,28.8,CLOUDY,8.1,0.0,,1546.0,1.6,0.234,68.6,1240.0,170.0,218.1
TH01300,,WHEEL_LOADER,WL-986,Material Loading,BEGINNER,0.8,CLAY,1.6,2267.2,MOUNTAINOUS,21.8,19.8,CLOUDY,20.8,0.0,4506.0,1808.0,11.8,0.228,23.1,1614.0,708.8,1150.6
TH01301,,WHEEL_LOADER,WL-390D2,Material Loading,INTERMEDIATE,5.5,CLAY,1.6,2446.8,ROLLING,8.5,12.3,SUNNY,10.3,0.0,6058.0,2455.0,14.3,0.037,74.8,1732.0,570.1,757.5
TH01302,,EXCAVATOR,EX-140GC,Soil Compaction,INTERMEDIATE,5.5,CLAY,1.6,2168.1,UNEVEN,0.0,45.1,RAINY,23.5,13.8,739.0,3054.0,5.6,0.081,58.4,1506.0,123.7,201.8
TH01303,,BACKHOE_LOADER,BL-986D,Trenching,BEGINNER,0.6,ASPHALT_MILLINGS,1.4,198.1,FLAT,5.7,15.2,CLOUDY,19.7,0.0,5794.0,726.0,12.0,0.22,47.9,1679.0,156.6,178.0
TH01304,,DOZER,DZ-950D,Road Preparation,EXPERT,20.5,CRUSHED_STONE,1.7,1604.7,MOUNTAINOUS,15.0,13.7,SUNNY,21.3,0.0,6868.0,899.0,1.6,0.108,91.2,953.0,103.3,116.8
TH01305,,EXCAVATOR,EX-140GC,Demolition,INTERMEDIATE,6.8,SAND,1.5,1340.9,UNEVEN,1.3,69.2,STORM,18.3,25.7,256.0,1692.0,5.6,0.054,68.1,1794.0,524.7,1360.4
TH01306,,ARTICULATED_HAULER,AH-120D2,Hauling,INTERMEDIATE,6.7,TOPSOIL,1.3,2161.9,UNEVEN,0.6,21.8,SUNNY,35.0,0.0,7884.0,2731.0,2.8,0.025,84.2,1690.0,718.4,887.3
TH01307,,MOTOR_GRADER,MG-986D2,Road Preparation,INTERMEDIATE,6.8,CLAY,1.6,2911.6,HILLY,14.8,3.3,SUNNY,29.8,0.0,6744.0,2542.0,11.1,0.058,28.8,1561.0,201.9,240.0
TH01308,,WHEEL_LOADER,WL-390D2,Material Stockpiling,INTERMEDIATE,5.5,ASPHALT_MILLINGS,1.4,1639.6,ROLLING,5.4,3.0,WINDY,23.7,0.0,8943.0,1577.0,14.3,0.01,77.9,1809.0,349.7,490.9
TH01309,,WHEEL_LOADER,WL-986,Earth Excavation,INTERMEDIATE,5.0,CLAY,1.6,1378.8,MOUNTAINOUS,17.4,16.0,RAINY,25.1,6.0,1914.0,2848.0,11.8,0.01,53.1,1441.0,693.4,1155.6
TH01310,,ARTICULATED_HAULER,AH-140D2,Hauling,INTERMEDIATE,7.6,GRAVEL,1.8,1806.6,ROLLING,8.7,22.8,CLOUDY,9.2,0.0,8695.0,933.0,7.4,0.036,79.7,1486.0,604.0,710.9
TH01311,,MOTOR_GRADER,MG-160D,Road Preparation,EXPERT,15.9,SAND,1.5,477.3,UNEVEN,0.0,31.3,WINDY,26.9,0.0,3553.0,1499.0,7.7,0.127,53.9,1651.0,29.3,35.5
TH01312,,BACKHOE_LOADER,BL-986GC,Earth Excavation,INTERMEDIATE,3.6,GRAVEL,1.8,1324.7,ROLLING,7.7,13.7,SUNNY,27.1,0.0,6037.0,1261.0,10.6,0.207,73.9,1471.0,750.1,994.2
TH01313,,EXCAVATOR,EX-950D2,Material Stockpiling,INTERMEDIATE,6.4,ROCK_FILL,2.2,2422.8,HILLY,9.2,16.1,SUNNY,26.4,0.0,6696.0,611.0,3.2,0.073,28.6,1487.0,911.0,1093.7
TH01314,,COMPACTOR,CP-950,Road Preparation,INTERMEDIATE,5.5,TOPSOIL,1.3,973.6,ROLLING,5.0,16.3,CLOUDY,11.2,0.0,6885.0,1875.0,3.4,0.184,39.7,1707.0,71.8,83.0
TH01315,,EXCAVATOR,EX-950D2,Material Loading,INTERMEDIATE,6.8,SAND,1.5,674.1,HILLY,9.5,22.7,CLOUDY,16.0,0.0,3247.0,884.0,3.2,0.046,60.1,1616.0,163.2,153.5
TH01316,,COMPACTOR,CP-986D2,Road Preparation,INTERMEDIATE,7.6,CLAY,1.6,5615.3,ROLLING,10.1,17.1,SUNNY,21.8,0.0,7841.0,3291.0,8.3,0.079,25.6,1760.0,407.9,434.7
TH01317,,COMPACTOR,CP-972D2,Soil Compaction,INTERMEDIATE,7.1,ROCK_FILL,2.2,4800.0,MOUNTAINOUS,22.0,16.5,SUNNY,14.5,0.0,5276.0,805.0,4.2,0.164,50.6,1437.0,169.5,210.9
TH01318,,DOZER,DZ-160GC,Demolition,BEGINNER,0.5,TOPSOIL,1.3,494.3,MOUNTAINOUS,13.9,18.0,CLOUDY,34.6,0.0,,3109.0,14.4,0.124,52.6,1200.0,255.3,349.8
TH01319,,EXCAVATOR,EX-972XE,Earth Excavation,EXPERT,15.9,ROCK_FILL,2.2,1356.8,FLAT,1.0,3.0,CLOUDY,22.3,0.0,8466.0,1339.0,3.7,0.193,47.3,1263.0,335.9,373.4
TH01320,,EXCAVATOR,EX-972,Material Loading,BEGINNER,2.5,ASPHALT_MILLINGS,1.4,1561.0,UNEVEN,0.0,47.6,STORM,20.4,19.3,57.0,2760.0,7.8,0.165,66.4,1666.0,458.6,1280.9
TH01321,,DOZER,DZ-986GC,Road Preparation,BEGINNER,0.6,CLAY,1.6,3035.3,FLAT,4.1,9.0,FOG,30.7,0.6,216.0,2466.0,12.0,0.216,66.4,1588.0,299.1,471.1
TH01322,,DOZER,DZ-950D,Demolition,EXPERT,14.9,SAND,1.5,349.7,MOUNTAINOUS,12.3,21.5,SUNNY,28.5,0.0,7007.0,120.0,1.6,0.096,64.8,1619.0,121.9,134.4
TH01323,,COMPACTOR,CP-950,Soil Compaction,BEGINNER,2.3,TOPSOIL,1.3,5230.4,ROLLING,5.6,3.0,CLOUDY,44.9,0.0,3724.0,1510.0,3.4,0.158,26.3,1676.0,246.9,233.8
TH01324,,EXCAVATOR,EX-226D2,Demolition,EXPERT,7.3,CLAY,1.6,914.9,MOUNTAINOUS,22.9,9.3,SUNNY,20.4,0.0,6639.0,708.0,1.1,0.135,62.8,1920.0,320.8,420.3
TH01325,,DOZER,DZ-986GC,Road Preparation,INTERMEDIATE,6.8,ASPHALT_MILLINGS,1.4,427.7,FLAT,0.6,3.0,CLOUDY,,0.0,8735.0,491.0,12.0,0.01,45.0,2144.0,30.4,25.3
TH01326,,WHEEL_LOADER,WL-986,Material Stockpiling,BEGINNER,0.6,CRUSHED_STONE,1.7,1631.6,MOUNTAINOUS,24.3,3.0,SUNNY,33.0,0.0,7482.0,227.0,11.8,0.253,70.0,1856.0,455.7,840.5
TH01327,,WHEEL_LOADER,WL-336,Earth Excavation,INTERMEDIATE,3.9,GRAVEL,1.8,512.8,ROLLING,8.3,6.6,CLOUDY,31.4,0.0,7295.0,2493.0,7.7,0.066,68.6,1766.0,310.6,301.0
TH01328,,EXCAVATOR,EX-950D2,Earth Excavation,BEGINNER,0.6,ASPHALT_MILLINGS,1.4,738.0,HILLY,9.6,3.5,WINDY,12.4,0.0,7309.0,373.0,3.2,0.239,51.5,1685.0,280.9,358.6
TH01329,,DOZER,DZ-972,Road Preparation,EXPERT,18.2,ROCK_FILL,2.2,5533.9,UNEVEN,0.0,22.0,RAINY,27.7,3.7,975.0,2281.0,2.3,0.222,49.3,1694.0,347.3,612.5
TH01330,,EXCAVATOR,EX-390D2,Material Loading,INTERMEDIATE,6.8,CRUSHED_STONE,1.7,1751.0,FLAT,4.0,18.1,SUNNY,14.5,0.0,8503.0,1912.0,14.3,0.01,,1728.0,414.4,425.3
TH01331,,BACKHOE_LOADER,BL-986D,Trenching,BEGINNER,0.5,SAND,1.5,265.8,FLAT,0.3,7.0,CLOUDY,27.2,0.0,7198.0,697.0,12.0,0.342,86.4,2083.0,209.3,201.1
TH01332,,EXCAVATOR,EX-226XE,Earth Excavation,BEGINNER,1.5,GRAVEL,1.8,351.6,FLAT,0.0,8.1,WINDY,25.2,0.0,8844.0,2954.0,13.8,0.226,57.3,1261.0,135.2,161.1
TH01333,,EXCAVATOR,EX-972,Material Loading,INTERMEDIATE,7.0,SAND,1.5,1673.8,UNEVEN,0.0,19.5,SUNNY,21.6,0.0,9485.0,342.0,7.8,0.201,73.4,1614.0,380.2,422.4
TH01334,,COMPACTOR,CP-972D2,Material Loading,INTERMEDIATE,6.8,CRUSHED_STONE,1.7,2351.5,MOUNTAINOUS,25.0,10.3,SUNNY,36.5,0.0,7267.0,2592.0,4.2,0.01,50.4,1524.0,978.0,1109.4
TH01335,,WHEEL_LOADER,WL-986,Material Loading,INTERMEDIATE,2.1,ASPHALT_MILLINGS,1.4,855.4,MOUNTAINOUS,18.5,3.0,CLOUDY,39.8,0.0,3613.0,2171.0,11.8,0.153,84.2,1548.0,207.6,331.2
TH01336,,DOZER,DZ-986GC,Road Preparation,INTERMEDIATE,7.0,SAND,1.5,956.0,FLAT,0.0,10.8,CLOUDY,21.6,0.0,8931.0,1329.0,12.0,0.167,44.2,1370.0,68.1,70.7
TH01337,,EXCAVATOR,EX-320GC,Material Loading,EXPERT,23.4,ROCK_FILL,2.2,363.9,MOUNTAINOUS,9.4,3.0,SUNNY,21.1,0.0,5166.0,537.0,5.3,0.113,55.4,1465.0,71.8,82.1
TH01338,,WHEEL_LOADER,WL-140XE,Trenching,INTERMEDIATE,6.8,ROCK_FILL,2.2,460.3,UNEVEN,0.0,43.8,RAINY,19.5,12.5,1441.0,1466.0,8.1,0.01,55.3,1575.0,493.5,782.3
TH01339,,MOTOR_GRADER,MG-160D,Soil Compaction,BEGINNER,2.5,CLAY,1.6,5338.1,UNEVEN,6.0,52.2,RAINY,25.6,9.3,1127.0,1025.0,7.7,0.21,65.7,1893.0,431.3,807.5
TH01340,,BACKHOE_LOADER,BL-986GC,Trenching,EXPERT,22.8,CRUSHED_STONE,1.7,294.6,MOUNTAINOUS,14.1,12.0,FOG,17.7,0.8,251.0,3158.0,7.3,0.072,41.5,1645.0,147.4,239.5
TH01341,,EXCAVATOR,EX-972,Earth Excavation,INTERMEDIATE,3.0,ASPHALT_MILLINGS,1.4,1317.0,UNEVEN,3.4,3.0,WINDY,16.0,0.0,6177.0,3343.0,7.8,0.144,44.8,1741.0,395.5,504.4
TH01342,,DOZER,DZ-160GC,Soil Compaction,INTERMEDIATE,7.6,ROCK_FILL,2.2,4743.9,MOUNTAINOUS,19.8,12.7,WINDY,21.1,0.0,7764.0,2517.0,14.4,0.039,81.5,2400.0,289.3,400.9
TH01343,,EXCAVATOR,EX-140GC,Demolition,BEGINNER,1.8,TOPSOIL,1.3,1304.6,UNEVEN,0.0,13.5,WINDY,17.2,0.0,4281.0,1041.0,5.6,0.364,77.4,1498.0,698.4,808.6
TH01344,,MOTOR_GRADER,MG-336GC,Grading,BEGINNER,1.8,CRUSHED_STONE,1.7,1172.4,FLAT,4.5,12.2,SUNNY,15.0,0.0,8920.0,2726.0,10.0,0.287,32.3,1627.0,69.4,90.9
TH01345,,EXCAVATOR,EX-390D2,Material Loading,INTERMEDIATE,7.7,CRUSHED_STONE,1.7,2378.4,FLAT,6.0,16.4,SUNNY,30.4,0.0,5340.0,1938.0,14.3,0.055,60.8,1557.0,543.2,712.7
TH01346,,WHEEL_LOADER,WL-390,Material Loading,BEGINNER,2.0,ASPHALT_MILLINGS,1.4,142.0,UNEVEN,3.3,57.2,STORM,4.7,26.2,197.0,2273.0,9.6,0.224,44.3,1825.0,42.6,135.8
TH01347,,MOTOR_GRADER,MG-336GC,Grading,INTERMEDIATE,7.1,ROCK_FILL,2.2,2960.8,FLAT,5.2,3.0,SUNNY,17.3,0.0,9523.0,3297.0,10.0,0.214,35.8,1272.0,136.8,176.4
TH01348,,WHEEL_LOADER,WL-140XE,Material Stockpiling,INTERMEDIATE,2.6,TOPSOIL,1.3,253.0,UNEVEN,0.0,10.1,FOG,32.2,0.5,227.0,1679.0,8.1,0.285,52.2,1553.0,57.9,139.4
TH01349,,BACKHOE_LOADER,BL-390D2,Trenching,EXPERT,20.5,SAND,1.5,140.9,UNEVEN,0.0,14.5,CLOUDY,27.1,0.0,3472.0,1486.0,4.2,0.16,41.2,1312.0,71.3,73.2
TH01350,,WHEEL_LOADER,WL-336,Material Loading,INTERMEDIATE,3.9,GRAVEL,1.8,654.8,ROLLING,10.7,5.7,SUNNY,20.2,0.0,5150.0,1031.0,7.7,0.209,44.4,1855.0,158.6,203.2
TH01351,,DOZER,DZ-160GC,Road Preparation,INTERMEDIATE,4.6,TOPSOIL,1.3,1649.7,MOUNTAINOUS,20.3,45.2,RAINY,22.0,14.1,1663.0,2803.0,14.4,0.245,55.0,1668.0,115.1,268.1
TH01352,,EXCAVATOR,EX-320GC,Hauling,INTERMEDIATE,3.9,CLAY,1.6,1116.6,MOUNTAINOUS,6.8,63.2,STORM,33.1,16.9,289.0,844.0,5.3,0.027,42.9,2148.0,909.9,2883.9
TH01353,,ARTICULATED_HAULER,AH-349D,Hauling,BEGINNER,0.5,GRAVEL,1.8,179.0,ROLLING,6.8,3.3,WINDY,19.1,0.0,4561.0,2142.0,0.8,0.269,33.4,1934.0,84.2,164.0
TH01354,,EXCAVATOR,EX-972XE,Trenching,INTERMEDIATE,2.6,TOPSOIL,1.3,117.9,FLAT,1.1,23.0,SUNNY,36.8,0.0,9271.0,1791.0,3.7,0.166,84.9,1466.0,70.7,71.5
TH01355,,WHEEL_LOADER,WL-140XE,Material Loading,INTERMEDIATE,5.5,SAND,1.5,395.0,UNEVEN,0.0,3.0,WINDY,38.5,0.0,4973.0,3133.0,8.1,0.162,66.6,1235.0,92.5,94.5
TH01356,,COMPACTOR,CP-986D2,Road Preparation,INTERMEDIATE,5.0,SAND,1.5,2182.8,ROLLING,7.1,17.6,FOG,14.7,0.7,257.0,1232.0,8.3,0.099,57.9,1582.0,152.8,225.8
TH01357,,DOZER,DZ-160GC,Material Stockpiling,BEGINNER,1.5,CLAY,1.6,1767.9,MOUNTAINOUS,13.5,14.0,WINDY,25.4,0.0,,3418.0,14.4,0.267,39.8,1406.0,468.5,1456.8
TH01358,,EXCAVATOR,EX-220XE,Trenching,BEGINNER,0.6,TOPSOIL,1.3,87.4,ROLLING,4.5,3.0,CLOUDY,37.0,0.0,6377.0,2308.0,10.9,0.329,67.4,1255.0,69.8,79.8
TH01359,,COMPACTOR,CP-986D2,Material Loading,EXPERT,12.7,CLAY,1.6,2389.7,ROLLING,10.3,10.0,CLOUDY,31.4,0.0,5451.0,1417.0,8.3,0.06,64.1,1541.0,906.3,987.9
TH01360,,COMPACTOR,CP-950,Road Preparation,INTERMEDIATE,6.7,ROCK_FILL,2.2,4007.4,ROLLING,7.1,31.5,RAINY,25.0,13.7,574.0,1956.0,3.4,0.03,51.4,1476.0,279.9,438.4
TH01361,,ARTICULATED_HAULER,AH-349D,Trenching,INTERMEDIATE,6.7,SAND,1.5,496.9,ROLLING,5.3,16.5,SUNNY,20.8,0.0,6421.0,2182.0,0.8,0.079,49.0,1257.0,597.9,604.1
TH01362,,COMPACTOR,CP-972D2,Road Preparation,EXPERT,17.3,CRUSHED_STONE,1.7,3596.4,MOUNTAINOUS,24.5,14.0,WINDY,27.7,0.0,4350.0,1912.0,4.2,0.177,85.2,1371.0,223.7,355.8
TH01363,,EXCAVATOR,EX-336XE,Trenching,BEGINNER,0.6,GRAVEL,1.8,441.0,UNEVEN,2.7,4.4,CLOUDY,23.9,0.0,5680.0,1860.0,4.7,0.265,42.1,1756.0,343.8,435.8
TH01364,,WHEEL_LOADER,WL-986,Material Loading,INTERMEDIATE,6.8,CRUSHED_STONE,1.7,850.4,MOUNTAINOUS,15.1,29.2,CLOUDY,38.0,0.0,6257.0,514.0,11.8,0.01,51.1,1764.0,200.5,225.5
TH01365,,MOTOR_GRADER,MG-220D2,Road Preparation,INTERMEDIATE,7.1,CLAY,1.6,1122.6,UNEVEN,2.0,22.2,WINDY,25.4,0.0,8608.0,3270.0,1.2,0.114,22.8,1596.0,77.9,72.2
TH01366,,ARTICULATED_HAULER,AH-349D,Hauling,BEGINNER,2.3,GRAVEL,1.8,526.8,ROLLING,0.0,12.7,SUNNY,36.0,0.0,5670.0,2284.0,0.8,0.299,43.4,1746.0,230.1,340.9
TH01367,,DOZER,DZ-349D,Road Preparation,INTERMEDIATE,7.7,ROCK_FILL,2.2,2442.0,ROLLING,9.4,12.4,WINDY,30.1,0.0,6376.0,2844.0,10.1,0.022,69.1,1773.0,175.9,227.0
TH01368,,EXCAVATOR,EX-140GC,Demolition,INTERMEDIATE,6.4,CRUSHED_STONE,1.7,1348.6,UNEVEN,4.6,32.0,STORM,18.1,9.2,270.0,293.0,5.6,0.084,76.1,2001.0,533.6,1179.8
TH01369,,WHEEL_LOADER,WL-986,Material Stockpiling,BEGINNER,1.8,GRAVEL,1.8,1265.4,MOUNTAINOUS,13.2,6.6,CLOUDY,33.1,0.0,6524.0,1956.0,11.8,0.194,54.0,2345.0,355.6,657.5
TH01370,,DOZER,DZ-349D,Demolition,INTERMEDIATE,3.9,TOPSOIL,1.3,610.7,ROLLING,3.9,51.6,STORM,14.4,27.8,181.0,2114.0,10.1,0.218,55.5,1295.0,239.9,913.0
TH01371,,COMPACTOR,CP-972D2,Soil Compaction,INTERMEDIATE,3.0,CLAY,1.6,3846.0,MOUNTAINOUS,23.4,34.1,RAINY,23.4,10.7,1862.0,1602.0,4.2,0.101,60.3,1441.0,145.5,237.4
TH01372,,EXCAVATOR,EX-320GC,Trenching,INTERMEDIATE,5.1,ASPHALT_MILLINGS,1.4,150.0,MOUNTAINOUS,10.1,36.4,STORM,24.5,13.1,108.0,680.0,5.3,0.104,68.9,1791.0,86.2,213.9
TH01373,,MOTOR_GRADER,MG-336GC,Road Preparation,BEGINNER,0.6,TOPSOIL,1.3,1847.7,FLAT,5.9,8.6,CLOUDY,17.1,0.0,6960.0,1691.0,10.0,0.372,68.6,1601.0,172.2,217.9
TH01374,,EXCAVATOR,EX-320GC,Material Loading,INTERMEDIATE,2.1,CRUSHED_STONE,1.7,1722.0,MOUNTAINOUS,10.3,26.3,WINDY,18.7,0.0,4907.0,3357.0,5.3,0.117,49.8,2201.0,436.1,545.6
TH01375,,MOTOR_GRADER,MG-220D2,Grading,BEGINNER,0.6,CRUSHED_STONE,1.7,5652.9,UNEVEN,0.0,3.0,SUNNY,20.1,0.0,7919.0,3484.0,1.2,0.306,44.6,1997.0,355.4,369.4
TH01376,,EXCAVATOR,EX-390D2,Material Loading,INTERMEDIATE,3.0,CRUSHED_STONE,1.7,1082.5,FLAT,1.1,11.0,CLOUDY,21.1,0.0,6321.0,2040.0,14.3,0.211,51.9,1514.0,264.0,292.7
TH01377,,ARTICULATED_HAULER,AH-226D,Hauling,EXPERT,19.9,ASPHALT_MILLINGS,1.4,2312.3,ROLLING,13.9,25.3,RAINY,36.6,6.5,1197.0,628.0,2.4,0.176,50.3,1805.0,698.0,1433.4
TH01378,,EXCAVATOR,EX-226D2,Trenching,INTERMEDIATE,3.9,CLAY,1.6,417.7,MOUNTAINOUS,18.1,26.2,SUNNY,35.0,0.0,7098.0,2357.0,1.1,0.138,51.7,1286.0,243.1,320.7
TH01379,,WHEEL_LOADER,WL-336,Road Preparation,EXPERT,23.4,SAND,1.5,3016.8,ROLLING,4.2,10.8,CLOUDY,25.4,0.0,5934.0,431.0,7.7,0.064,84.3,1778.0,303.4,333.9
TH01380,,EXCAVATOR,EX-950D2,Material Loading,INTERMEDIATE,5.1,ASPHALT_MILLINGS,1.4,1974.1,HILLY,13.6,40.8,RAINY,30.5,9.3,383.0,262.0,3.2,0.131,60.5,2144.0,470.0,836.0
TH01381,,ARTICULATED_HAULER,AH-140D2,Hauling,BEGINNER,0.5,GRAVEL,1.8,1004.2,ROLLING,10.0,16.2,CLOUDY,24.3,0.0,5930.0,2145.0,7.4,0.222,88.2,1103.0,460.4,728.4
TH01382,,BACKHOE_LOADER,BL-986GC,Trenching,BEGINNER,1.8,GRAVEL,1.8,403.3,MOUNTAINOUS,16.9,6.6,SUNNY,32.3,0.0,9847.0,977.0,7.3,0.295,62.0,2139.0,296.5,487.9
TH01383,,EXCAVATOR,EX-220XE,Earth Excavation,EXPERT,12.7,SAND,1.5,221.2,ROLLING,7.1,16.5,SUNNY,20.6,0.0,9760.0,2148.0,10.9,0.011,70.1,1203.0,56.2,61.1
TH01384,,ARTICULATED_HAULER,AH-120D2,Earth Excavation,INTERMEDIATE,6.7,ROCK_FILL,2.2,1024.8,UNEVEN,0.0,9.0,SUNNY,34.0,0.0,6536.0,1598.0,2.8,0.111,39.4,1566.0,637.1,702.4
TH01385,,MOTOR_GRADER,MG-160D,Road Preparation,EXPERT,23.4,CLAY,1.6,3048.0,UNEVEN,0.3,9.7,FOG,13.8,0.1,232.0,3069.0,7.7,0.065,85.6,1220.0,190.0,266.3
TH01386,,EXCAVATOR,EX-226XE,Earth Excavation,BEGINNER,0.8,CLAY,1.6,122.2,FLAT,0.6,20.7,CLOUDY,25.8,0.0,3932.0,581.0,13.8,0.245,49.1,1106.0,47.3,66.8
TH01387,,EXCAVATOR,EX-390D2,Demolition,INTERMEDIATE,7.7,ROCK_FILL,2.2,962.0,FLAT,6.4,10.2,SUNNY,17.1,0.0,7919.0,2960.0,14.3,0.061,53.4,1403.0,379.3,392.4
TH01388,,EXCAVATOR,EX-390D2,Trenching,INTERMEDIATE,5.0,CRUSHED_STONE,1.7,524.9,FLAT,4.4,5.7,CLOUDY,28.4,0.0,7106.0,3132.0,14.3,0.011,61.5,1490.0,299.8,339.7
TH01389,,DOZER,DZ-986D2,Demolition,BEGINNER,0.6,ASPHALT_MILLINGS,1.4,1153.7,FLAT,1.0,27.8,FOG,24.0,0.1,131.0,2149.0,13.6,0.265,44.2,1800.0,619.0,1176.8
TH01390,,EXCAVATOR,EX-972XE,Road Preparation,INTERMEDIATE,5.5,SAND,1.5,3842.0,FLAT,1.4,3.0,CLOUDY,19.3,0.0,4748.0,634.0,3.7,0.15,51.6,1389.0,503.5,453.2
TH01391,,WHEEL_LOADER,WL-336,Material Stockpiling,EXPERT,14.9,CLAY,1.6,403.6,ROLLING,7.5,7.6,RAINY,16.2,2.4,1613.0,577.0,7.7,0.044,70.3,1599.0,71.4,105.5
TH01392,,ARTICULATED_HAULER,AH-140D2,Hauling,EXPERT,11.3,SAND,1.5,1967.1,ROLLING,2.3,20.9,CLOUDY,25.2,0.0,7186.0,275.0,7.4,0.054,75.9,1610.0,592.1,568.2
TH01393,,ARTICULATED_HAULER,AH-140D2,Soil Compaction,INTERMEDIATE,7.6,ASPHALT_MILLINGS,1.4,4879.6,ROLLING,6.2,7.4,SUNNY,26.9,0.0,7882.0,2179.0,7.4,0.148,85.2,969.0,298.2,358.4
TH01394,,BACKHOE_LOADER,BL-986D,Trenching,INTERMEDIATE,7.0,GRAVEL,1.8,199.3,FLAT,2.1,16.0,FOG,38.1,0.8,106.0,2664.0,12.0,0.248,57.5,1567.0,119.0,195.9
TH01395,,EXCAVATOR,EX-140GC,Material Loading,INTERMEDIATE,7.1,CRUSHED_STONE,1.7,185.2,UNEVEN,0.5,16.4,CLOUDY,23.5,0.0,8848.0,3089.0,5.6,0.281,59.6,1949.0,42.5,49.8
TH01396,,DOZER,DZ-950D,Material Stockpiling,BEGINNER,1.6,CLAY,1.6,1738.6,MOUNTAINOUS,15.1,3.0,SUNNY,17.1,0.0,8647.0,927.0,1.6,0.209,52.5,1582.0,472.3,676.0
TH01397,,MOTOR_GRADER,MG-336GC,Earth Excavation,INTERMEDIATE,7.0,GRAVEL,1.8,606.9,FLAT,0.0,17.9,CLOUDY,26.4,0.0,7496.0,1050.0,10.0,0.204,76.8,1281.0,329.7,384.6
TH01398,,WHEEL_LOADER,WL-986,Hauling,BEGINNER,1.4,CLAY,1.6,1706.8,MOUNTAINOUS,20.9,16.5,SUNNY,7.4,0.0,5867.0,3212.0,11.8,0.232,67.2,1988.0,1323.9,2657.9
TH01399,,WHEEL_LOADER,WL-986,Material Stockpiling,INTERMEDIATE,2.1,CRUSHED_STONE,1.7,226.7,MOUNTAINOUS,16.2,13.3,WINDY,25.9,0.0,7118.0,2844.0,11.8,0.185,61.7,2060.0,50.5,112.2
TH01400,,WHEEL_LOADER,WL-390D2,Material Stockpiling,BEGINNER,1.4,ASPHALT_MILLINGS,1.4,758.4,ROLLING,2.0,21.9,SUNNY,34.8,0.0,7034.0,2311.0,14.3,0.241,29.6,1205.0,201.1,378.1
TH01401,,DOZER,DZ-349D,Grading,INTERMEDIATE,3.9,ASPHALT_MILLINGS,1.4,5760.7,ROLLING,3.9,39.3,RAINY,24.2,9.3,1741.0,613.0,10.1,0.081,45.9,1676.0,517.8,716.1
TH01402,,EXCAVATOR,EX-950D2,Material Stockpiling,INTERMEDIATE,5.5,ASPHALT_MILLINGS,1.4,663.0,HILLY,14.0,58.2,STORM,8.0,28.4,235.0,885.0,3.2,0.098,48.9,1681.0,241.9,766.2
TH01403,,EXCAVATOR,EX-140GC,Demolition,BEGINNER,1.6,SAND,1.5,276.6,UNEVEN,0.0,18.9,CLOUDY,11.0,0.0,,3045.0,5.6,0.328,59.4,1351.0,140.3,150.1
TH01404,,DOZER,DZ-986GC,Demolition,EXPERT,22.8,CLAY,1.6,1116.0,FLAT,1.7,16.7,SUNNY,18.2,0.0,9875.0,2868.0,12.0,0.065,50.2,1440.0,396.9,394.9
TH01405,,ARTICULATED_HAULER,AH-336,Hauling,EXPERT,22.8,CRUSHED_STONE,1.7,433.0,UNEVEN,1.2,14.7,CLOUDY,18.7,0.0,5896.0,2169.0,8.5,0.015,84.0,1834.0,126.0,156.6
TH01406,,EXCAVATOR,EX-336XE,Material Loading,INTERMEDIATE,7.6,TOPSOIL,1.3,1612.4,UNEVEN,0.0,24.8,CLOUDY,24.2,0.0,8735.0,2445.0,4.7,0.096,,2400.0,370.0,374.9
TH01407,,BACKHOE_LOADER,BL-390,Trenching,EXPERT,23.4,ROCK_FILL,2.2,544.1,FLAT,4.7,11.2,SUNNY,27.0,0.0,9947.0,2992.0,10.5,0.157,68.9,1127.0,263.9,391.4
TH01408,,BACKHOE_LOADER,BL-220GC,Trenching,INTERMEDIATE,5.0,ROCK_FILL,2.2,131.3,UNEVEN,4.5,11.4,SUNNY,31.8,0.0,7419.0,747.0,3.0,0.117,61.3,1757.0,76.0,83.4
TH01409,,BACKHOE_LOADER,BL-390D2,Trenching,BEGINNER,0.5,ASPHALT_MILLINGS,1.4,296.6,UNEVEN,0.0,5.5,SUNNY,27.1,0.0,5147.0,1074.0,4.2,0.221,25.9,1351.0,232.2,191.3
TH01410,,EXCAVATOR,EX-226XE,Hauling,INTERMEDIATE,6.7,GRAVEL,1.8,1007.8,FLAT,0.0,10.1,FOG,19.6,0.6,221.0,108.0,13.8,0.127,93.7,1403.0,760.4,1088.8
TH01411,,WHEEL_LOADER,WL-986,Earth Excavation,EXPERT,14.9,GRAVEL,1.8,343.6,MOUNTAINOUS,17.5,37.9,RAINY,39.9,12.0,1401.0,1548.0,11.8,0.026,85.8,1346.0,153.0,286.4
TH01412,,BACKHOE_LOADER,BL-986D,Earth Excavation,INTERMEDIATE,4.6,SAND,1.5,1141.7,FLAT,0.7,20.2,FOG,33.5,0.4,266.0,1705.0,12.0,0.152,33.8,1654.0,635.0,1240.2
TH01413,,BACKHOE_LOADER,BL-220GC,Trenching,BEGINNER,0.8,CRUSHED_STONE,1.7,322.0,UNEVEN,0.0,9.8,SUNNY,27.4,0.0,9687.0,344.0,3.0,0.125,59.0,1474.0,259.3,251.7
TH01414,,BACKHOE_LOADER,BL-390,Trenching,BEGINNER,1.0,ROCK_FILL,2.2,472.2,FLAT,2.1,3.0,CLOUDY,22.6,0.0,3827.0,488.0,10.5,0.258,76.2,1120.0,356.6,520.2
TH01415,,WHEEL_LOADER,WL-140XE,Material Stockpiling,BEGINNER,1.0,SAND,1.5,1220.0,UNEVEN,0.0,29.9,RAINY,24.4,13.1,473.0,1165.0,8.1,0.239,66.2,1340.0,333.8,609.3
TH01416,,WHEEL_LOADER,WL-986,Material Stockpiling,INTERMEDIATE,7.1,ASPHALT_MILLINGS,1.4,1880.4,MOUNTAINOUS,17.3,21.2,SUNNY,27.9,0.0,9116.0,674.0,11.8,0.157,50.7,1620.0,405.9,474.5
TH01417,,ARTICULATED_HAULER,AH-140D2,Hauling,BEGINNER,2.0,GRAVEL,1.8,1119.0,ROLLING,8.8,16.1,SUNNY,15.7,0.0,5534.0,3327.0,7.4,0.203,30.9,1337.0,486.3,1049.5
TH01418,,BACKHOE_LOADER,BL-986GC,Soil Compaction,BEGINNER,1.8,ROCK_FILL,2.2,2802.0,ROLLING,9.2,12.3,RAINY,22.7,3.4,828.0,2744.0,10.6,0.26,8.0,1851.0,207.9,416.9
TH01419,,BACKHOE_LOADER,BL-390,Material Loading,BEGINNER,0.8,SAND,1.5,1377.4,FLAT,3.9,6.1,SUNNY,32.6,0.0,9774.0,1423.0,10.5,0.212,,1470.0,722.4,919.4
TH01420,,ARTICULATED_HAULER,AH-349D,Hauling,INTERMEDIATE,7.1,SAND,1.5,1847.9,ROLLING,11.1,10.9,SUNNY,30.1,0.0,6298.0,2248.0,0.8,0.033,53.4,1376.0,619.4,786.3
TH01421,,WHEEL_LOADER,WL-140XE,Material Stockpiling,EXPERT,11.3,ROCK_FILL,2.2,191.9,UNEVEN,1.0,9.8,CLOUDY,13.0,0.0,4884.0,1301.0,8.1,0.153,38.1,1693.0,33.6,42.6
TH01422,,EXCAVATOR,EX-226D2,Road Preparation,INTERMEDIATE,7.0,CLAY,1.6,3958.8,MOUNTAINOUS,17.8,9.6,CLOUDY,20.3,0.0,3247.0,2908.0,1.1,0.235,62.0,1470.0,494.8,745.4
TH01423,,EXCAVATOR,EX-220XE,Demolition,INTERMEDIATE,7.1,GRAVEL,1.8,671.1,ROLLING,1.6,16.0,RAINY,20.8,2.5,1248.0,2949.0,10.9,0.077,44.7,1886.0,257.8,368.5
TH01424,,DOZER,DZ-349D,Material Loading,EXPERT,12.7,GRAVEL,1.8,2080.1,ROLLING,2.7,15.2,SUNNY,23.5,0.0,7660.0,2013.0,10.1,0.036,73.3,1765.0,693.9,666.3
TH01425,,EXCAVATOR,EX-226XE,Demolition,INTERMEDIATE,5.5,CLAY,1.6,175.6,FLAT,0.0,3.7,CLOUDY,34.7,0.0,6437.0,1853.0,13.8,0.131,75.2,1629.0,71.9,70.1
TH01426,,EXCAVATOR,EX-140GC,Earth Excavation,INTERMEDIATE,5.5,CRUSHED_STONE,1.7,1023.4,UNEVEN,0.0,12.0,SUNNY,25.8,0.0,7426.0,3363.0,5.6,0.066,54.7,1915.0,305.1,275.5
TH01427,,MOTOR_GRADER,MG-220D2,Trenching,EXPERT,23.4,CLAY,1.6,391.6,UNEVEN,4.9,41.7,STORM,8.7,17.8,368.0,2806.0,1.2,0.098,54.0,1542.0,410.3,1087.6
TH01428,,MOTOR_GRADER,MG-986D2,Grading,INTERMEDIATE,7.7,ASPHALT_MILLINGS,1.4,2997.7,HILLY,12.1,19.5,SUNNY,28.9,0.0,6163.0,1655.0,11.1,0.081,63.5,1858.0,137.7,176.4
TH01429,,DOZER,DZ-349D,Grading,INTERMEDIATE,7.6,CLAY,1.6,3082.0,ROLLING,7.6,4.1,FOG,15.1,0.4,220.0,1359.0,10.1,0.173,75.6,2400.0,248.5,472.5
TH01430,,COMPACTOR,CP-950,Soil Compaction,INTERMEDIATE,3.9,ASPHALT_MILLINGS,1.4,2259.5,ROLLING,4.1,3.0,CLOUDY,22.5,0.0,4426.0,523.0,3.4,0.019,39.4,1710.0,81.4,76.1
TH01431,,COMPACTOR,CP-986D2,Soil Compaction,INTERMEDIATE,5.0,ASPHALT_MILLINGS,1.4,4127.4,ROLLING,8.1,30.0,SUNNY,20.7,0.0,7598.0,1747.0,8.3,0.01,39.7,1664.0,143.9,148.0
TH01432,,EXCAVATOR,EX-950D2,Demolition,INTERMEDIATE,5.5,GRAVEL,1.8,599.5,HILLY,13.7,17.2,CLOUDY,11.9,0.0,4371.0,1642.0,3.2,0.209,80.9,1390.0,229.0,288.8
TH01433,,DOZER,DZ-160GC,Road Preparation,BEGINNER,0.6,CRUSHED_STONE,1.7,1429.5,MOUNTAINOUS,14.5,9.6,SUNNY,19.2,0.0,5770.0,2538.0,14.4,0.212,51.3,1477.0,136.5,182.8
TH01434,,ARTICULATED_HAULER,AH-140D2,Hauling,INTERMEDIATE,2.6,SAND,1.5,1218.7,ROLLING,6.8,6.7,RAINY,5.6,2.1,1470.0,568.0,7.4,0.216,45.6,1912.0,444.1,800.5
TH01435,,COMPACTOR,CP-950,Road Preparation,INTERMEDIATE,2.1,TOPSOIL,1.3,3528.0,ROLLING,8.1,13.3,CLOUDY,38.3,0.0,3285.0,3072.0,3.4,0.074,57.5,1952.0,274.7,252.6
TH01436,,WHEEL_LOADER,WL-972XE,Hauling,INTERMEDIATE,6.3,ASPHALT_MILLINGS,1.4,977.5,FLAT,2.4,5.9,SUNNY,13.0,0.0,6547.0,3464.0,14.4,0.216,77.0,1596.0,625.0,1192.6
TH01437,,BACKHOE_LOADER,BL-390,Trenching,BEGINNER,1.8,CRUSHED_STONE,1.7,41.6,FLAT,7.0,3.0,CLOUDY,31.4,0.0,7113.0,2927.0,10.5,0.191,61.1,2014.0,31.1,38.6
TH01438,,WHEEL_LOADER,WL-972XE,Material Stockpiling,EXPERT,17.3,ASPHALT_MILLINGS,1.4,590.5,FLAT,0.0,6.0,SUNNY,29.0,0.0,8146.0,744.0,14.4,0.158,42.1,1446.0,110.4,134.8
TH01439,,BACKHOE_LOADER,BL-390D2,Trenching,INTERMEDIATE,7.0,GRAVEL,1.8,562.3,UNEVEN,2.8,17.3,CLOUDY,25.9,0.0,7725.0,3086.0,4.2,0.082,69.9,1330.0,327.0,343.0
TH01440,,DOZER,DZ-986D2,Material Loading,EXPERT,11.3,ASPHALT_MILLINGS,1.4,2229.8,FLAT,4.0,10.8,SUNNY,,0.0,8066.0,3349.0,13.6,0.16,86.4,1629.0,744.0,784.1
TH01441,,EXCAVATOR,EX-972,Demolition,INTERMEDIATE,5.5,CLAY,1.6,1246.3,UNEVEN,3.6,18.8,WINDY,15.9,0.0,5508.0,222.0,7.8,0.057,85.5,1332.0,513.2,544.8
TH01442,,ARTICULATED_HAULER,AH-336,Soil Compaction,INTERMEDIATE,6.8,ASPHALT_MILLINGS,1.4,5648.8,UNEVEN,6.5,13.2,CLOUDY,34.4,0.0,4246.0,1343.0,8.5,0.01,69.0,1635.0,444.8,438.9
TH01443,,COMPACTOR,CP-950,Road Preparation,BEGINNER,0.8,TOPSOIL,1.3,5132.6,ROLLING,6.6,7.4,CLOUDY,23.5,0.0,8778.0,753.0,3.4,0.19,68.8,1335.0,483.4,492.3
TH01444,,BACKHOE_LOADER,BL-390D2,Trenching,BEGINNER,0.6,CLAY,1.6,398.4,UNEVEN,0.0,16.2,WINDY,27.0,0.0,8603.0,2212.0,4.2,0.31,18.4,1620.0,306.2,442.6
TH01445,,EXCAVATOR,EX-390D2,Trenching,EXPERT,18.2,SAND,1.5,175.4,FLAT,0.5,5.0,CLOUDY,,0.0,3536.0,2428.0,14.3,0.163,38.0,2068.0,90.2,106.2
TH01446,,ARTICULATED_HAULER,AH-140D2,Hauling,EXPERT,7.3,ROCK_FILL,2.2,1350.9,ROLLING,6.6,20.8,CLOUDY,21.0,0.0,7533.0,2032.0,7.4,0.034,27.8,2048.0,404.7,582.9
TH01447,,BACKHOE_LOADER,BL-220GC,Trenching,INTERMEDIATE,5.5,ROCK_FILL,2.2,194.8,UNEVEN,2.2,12.6,RAINY,13.3,3.1,764.0,820.0,3.0,0.084,47.0,1726.0,114.8,145.9
TH01448,,EXCAVATOR,EX-972,Grading,BEGINNER,1.0,TOPSOIL,1.3,4135.8,UNEVEN,0.0,14.0,SUNNY,30.8,0.0,6095.0,606.0,7.8,0.283,60.0,1478.0,512.5,607.7
TH01449,,MOTOR_GRADER,MG-220D2,Road Preparation,INTERMEDIATE,5.8,CRUSHED_STONE,1.7,5199.7,UNEVEN,2.0,8.9,SUNNY,23.3,0.0,5113.0,2951.0,1.2,0.12,49.1,2268.0,373.5,403.2
TH01450,,WHEEL_LOADER,WL-336,Material Stockpiling,BEGINNER,0.5,ASPHALT_MILLINGS,1.4,1717.0,ROLLING,6.1,75.1,STORM,20.8,31.0,161.0,2018.0,7.7,0.344,20.1,1235.0,483.2,2582.4
TH01451,,ARTICULATED_HAULER,AH-120D2,Hauling,INTERMEDIATE,7.6,ROCK_FILL,2.2,2494.8,UNEVEN,5.6,3.0,CLOUDY,19.1,0.0,7827.0,1158.0,2.8,0.109,33.6,1357.0,855.0,1074.3
TH01452,,WHEEL_LOADER,WL-390,Material Stockpiling,INTERMEDIATE,3.9,CRUSHED_STONE,1.7,1606.6,UNEVEN,0.0,11.4,SUNNY,24.3,0.0,9455.0,1130.0,9.6,0.2,75.6,1749.0,332.7,432.4
TH01453,,BACKHOE_LOADER,BL-986D,Trenching,EXPERT,12.7,ROCK_FILL,2.2,500.5,FLAT,1.1,14.5,CLOUDY,19.9,0.0,,331.0,12.0,0.02,63.5,1551.0,246.8,255.7
TH01454,,COMPACTOR,CP-972D2,Earth Excavation,BEGINNER,0.8,SAND,1.5,364.1,MOUNTAINOUS,24.4,23.9,CLOUDY,26.2,0.0,4907.0,2336.0,4.2,0.18,52.8,1408.0,246.3,377.5
TH01455,,BACKHOE_LOADER,BL-986GC,Material Stockpiling,EXPERT,19.9,ASPHALT_MILLINGS,1.4,971.1,MOUNTAINOUS,11.0,28.0,SUNNY,31.9,0.0,7105.0,1070.0,7.3,0.195,49.2,1394.0,281.7,391.0
TH01456,,MOTOR_GRADER,MG-160D,Grading,EXPERT,11.3,ASPHALT_MILLINGS,1.4,906.7,UNEVEN,0.0,10.8,CLOUDY,17.5,0.0,4489.0,1633.0,7.7,0.074,45.3,2382.0,38.1,36.0
TH01457,,BACKHOE_LOADER,BL-390D2,Trenching,BEGINNER,0.6,CLAY,1.6,454.4,UNEVEN,5.2,3.0,SUNNY,25.9,0.0,7909.0,3032.0,4.2,0.301,68.0,1481.0,357.2,414.5
TH01458,,BACKHOE_LOADER,BL-220GC,Trenching,INTERMEDIATE,5.0,CRUSHED_STONE,1.7,106.1,UNEVEN,0.0,23.0,SUNNY,23.2,0.0,9933.0,2871.0,3.0,0.087,74.6,1583.0,62.0,55.0
TH01459,,EXCAVATOR,EX-226D2,Trenching,INTERMEDIATE,5.5,CRUSHED_STONE,1.7,305.1,MOUNTAINOUS,15.6,26.7,SUNNY,23.4,0.0,7530.0,2301.0,1.1,0.082,52.6,1513.0,172.6,222.6
TH01460,,COMPACTOR,CP-986D2,Road Preparation,EXPERT,19.9,GRAVEL,1.8,1629.2,ROLLING,14.5,21.1,RAINY,21.3,11.8,473.0,1954.0,8.3,0.222,87.0,1696.0,104.9,220.1
TH01461,,MOTOR_GRADER,MG-986D2,Grading,INTERMEDIATE,3.9,GRAVEL,1.8,4291.2,HILLY,12.5,5.5,RAINY,26.2,3.1,1786.0,2834.0,11.1,0.187,67.1,1715.0,208.9,393.7
TH01462,,WHEEL_LOADER,WL-390,Material Stockpiling,BEGINNER,1.4,SAND,1.5,237.3,UNEVEN,0.0,10.2,CLOUDY,19.9,0.0,6530.0,785.0,9.6,0.217,72.7,1379.0,63.8,71.2
TH01463,,COMPACTOR,CP-950,Soil Compaction,INTERMEDIATE,6.7,CLAY,1.6,3278.8,ROLLING,9.0,11.4,WINDY,28.7,0.0,3663.0,1817.0,3.4,0.089,58.4,1863.0,116.7,132.2
TH01464,,WHEEL_LOADER,WL-140XE,Material Stockpiling,INTERMEDIATE,3.9,CLAY,1.6,2271.9,UNEVEN,0.0,21.3,CLOUDY,22.8,0.0,5277.0,694.0,8.1,0.095,45.2,1483.0,502.2,534.1
TH01465,,MOTOR_GRADER,MG-390D2,Grading,EXPERT,23.4,GRAVEL,1.8,5882.8,FLAT,1.9,31.5,SUNNY,17.0,0.0,8152.0,3463.0,8.3,0.091,32.6,1761.0,241.0,257.9
TH01466,,ARTICULATED_HAULER,AH-336,Hauling,EXPERT,11.3,ROCK_FILL,2.2,1880.5,UNEVEN,3.4,18.7,SUNNY,21.9,0.0,7967.0,896.0,8.5,0.101,46.1,1584.0,547.1,692.1
TH01467,,WHEEL_LOADER,WL-390,Material Stockpiling,INTERMEDIATE,7.1,TOPSOIL,1.3,1324.5,UNEVEN,1.6,16.4,CLOUDY,19.7,0.0,7138.0,3025.0,9.6,0.153,57.4,1909.0,269.6,556.2
TH01468,,DOZER,DZ-950D,Road Preparation,BEGINNER,0.5,TOPSOIL,1.3,5794.4,MOUNTAINOUS,10.3,22.6,CLOUDY,38.3,0.0,3679.0,1735.0,1.6,0.317,47.3,1865.0,547.9,727.9
TH01469,,BACKHOE_LOADER,BL-986GC,Trenching,EXPERT,23.6,CRUSHED_STONE,1.7,541.0,MOUNTAINOUS,7.6,15.7,CLOUDY,25.8,0.0,3939.0,1449.0,7.3,0.13,34.7,1494.0,276.5,342.7
TH01470,,WHEEL_LOADER,WL-336,Material Loading,EXPERT,18.2,CLAY,1.6,725.6,ROLLING,3.1,7.3,SUNNY,10.7,0.0,5507.0,1548.0,7.7,0.184,40.8,1527.0,146.7,158.5
TH01471,,EXCAVATOR,EX-226XE,Road Preparation,INTERMEDIATE,2.7,TOPSOIL,1.3,2713.6,FLAT,0.8,13.2,CLOUDY,15.6,0.0,3963.0,1386.0,13.8,0.041,61.2,1498.0,361.6,371.9
TH01472,,EXCAVATOR,EX-950D2,Road Preparation,BEGINNER,1.4,ASPHALT_MILLINGS,1.4,3047.7,HILLY,9.4,24.0,SUNNY,29.3,0.0,5011.0,2840.0,3.2,0.271,92.6,1661.0,559.3,668.0
TH01473,,MOTOR_GRADER,MG-390D2,Road Preparation,INTERMEDIATE,5.8,CRUSHED_STONE,1.7,5033.1,FLAT,2.3,10.5,CLOUDY,33.5,0.0,7071.0,978.0,8.3,0.11,51.8,1699.0,375.6,442.2
TH01474,,BACKHOE_LOADER,BL-986GC,Trenching,INTERMEDIATE,3.9,CLAY,1.6,116.7,ROLLING,8.0,3.0,SUNNY,31.6,0.0,7689.0,1833.0,10.6,0.187,28.9,1855.0,71.2,82.8
TH01475,,EXCAVATOR,EX-972XE,Road Preparation,BEGINNER,1.6,CLAY,1.6,725.4,FLAT,2.8,4.2,SUNNY,18.7,0.0,7939.0,1112.0,3.7,0.242,44.1,1562.0,142.5,157.5
TH01476,,WHEEL_LOADER,WL-390D2,Trenching,INTERMEDIATE,7.1,GRAVEL,1.8,97.9,ROLLING,7.3,7.8,CLOUDY,14.6,0.0,8989.0,1209.0,14.3,0.18,55.0,1662.0,113.0,143.1
TH01477,,WHEEL_LOADER,WL-390D2,Material Stockpiling,INTERMEDIATE,6.8,ASPHALT_MILLINGS,1.4,1826.1,ROLLING,12.8,4.9,SUNNY,30.8,0.0,6925.0,2619.0,14.3,0.104,74.5,1628.0,382.8,631.7
TH01478,,EXCAVATOR,EX-140GC,Soil Compaction,BEGINNER,0.6,ASPHALT_MILLINGS,1.4,1762.2,UNEVEN,0.0,15.0,SUNNY,32.7,0.0,5090.0,3242.0,5.6,0.242,71.4,1575.0,171.0,215.4
TH01479,,EXCAVATOR,EX-226XE,Soil Compaction,INTERMEDIATE,7.1,SAND,1.5,5644.0,FLAT,0.0,5.3,SUNNY,19.6,0.0,8647.0,1566.0,13.8,0.123,85.9,1626.0,374.6,388.6
TH01480,,EXCAVATOR,EX-320GC,Hauling,EXPERT,22.8,CLAY,1.6,2165.2,MOUNTAINOUS,15.4,9.9,CLOUDY,22.1,0.0,7871.0,348.0,5.3,0.071,72.0,1737.0,1157.8,1354.6
TH01481,,ARTICULATED_HAULER,AH-349D,Hauling,EXPERT,18.2,GRAVEL,1.8,1687.1,ROLLING,4.8,16.9,SUNNY,32.7,0.0,7088.0,1882.0,0.8,0.146,38.5,1720.0,498.2,713.5
TH01482,,DOZER,DZ-986GC,Material Stockpiling,BEGINNER,0.8,ROCK_FILL,2.2,343.3,FLAT,4.5,19.7,RAINY,35.2,3.5,493.0,2335.0,12.0,0.319,39.6,1439.0,93.2,274.6
TH01483,,BACKHOE_LOADER,BL-986GC,Trenching,BEGINNER,0.5,GRAVEL,1.8,402.4,ROLLING,12.7,11.1,SUNNY,26.4,0.0,7731.0,447.0,10.6,0.279,48.3,1813.0,307.2,510.0
TH01484,,DOZER,DZ-950D,Demolition,EXPERT,19.9,CLAY,1.6,1063.1,MOUNTAINOUS,12.8,3.0,WINDY,25.6,0.0,5605.0,883.0,1.6,0.063,70.4,1394.0,356.2,397.4
TH01485,,WHEEL_LOADER,WL-972XE,Material Loading,INTERMEDIATE,2.6,SAND,1.5,2465.6,FLAT,1.9,13.6,WINDY,17.2,0.0,4688.0,2387.0,14.4,0.232,60.0,1450.0,610.3,639.0
TH01486,,MOTOR_GRADER,MG-220D2,Hauling,INTERMEDIATE,4.6,SAND,1.5,854.2,UNEVEN,3.6,26.8,RAINY,19.7,8.3,724.0,875.0,1.2,0.227,72.9,1263.0,647.4,1241.3
TH01487,,WHEEL_LOADER,WL-336,Material Stockpiling,INTERMEDIATE,6.3,ASPHALT_MILLINGS,1.4,1824.0,ROLLING,4.0,14.3,RAINY,27.1,4.8,889.0,960.0,7.7,0.163,69.5,1667.0,390.0,663.2
TH01488,,BACKHOE_LOADER,BL-390D2,Trenching,INTERMEDIATE,7.0,GRAVEL,1.8,434.6,UNEVEN,5.2,18.1,CLOUDY,,0.0,8679.0,3082.0,4.2,0.104,20.2,1414.0,244.3,304.5
TH01489,,WHEEL_LOADER,WL-390,Material Loading,BEGINNER,2.5,ROCK_FILL,2.2,2245.7,UNEVEN,2.9,14.3,WINDY,11.8,0.0,4198.0,634.0,9.6,0.269,61.9,1645.0,688.2,883.3
TH01490,,MOTOR_GRADER,MG-160D,Grading,EXPERT,11.3,CRUSHED_STONE,1.7,3811.6,UNEVEN,5.6,13.2,CLOUDY,20.1,0.0,8799.0,553.0,7.7,0.041,52.1,2134.0,153.3,167.8
TH01491,,DOZER,DZ-349D,Grading,BEGINNER,2.0,CLAY,1.6,435.6,ROLLING,6.1,9.2,SUNNY,30.4,0.0,5739.0,507.0,10.1,0.171,49.4,1399.0,59.9,64.0
TH01492,,DOZER,DZ-160GC,Hauling,EXPERT,19.9,CRUSHED_STONE,1.7,535.9,MOUNTAINOUS,17.6,13.7,CLOUDY,31.9,0.0,7636.0,1259.0,14.4,0.218,46.0,1829.0,264.0,459.1
TH01493,,MOTOR_GRADER,MG-220D2,Road Preparation,INTERMEDIATE,7.0,SAND,1.5,3275.9,UNEVEN,5.1,27.2,RAINY,23.1,9.3,571.0,1036.0,1.2,0.21,73.3,1447.0,238.4,412.5
TH01494,,EXCAVATOR,EX-390D2,Earth Excavation,BEGINNER,1.8,TOPSOIL,1.3,89.1,FLAT,4.1,11.5,SUNNY,23.4,0.0,6507.0,1047.0,14.3,0.347,30.6,1665.0,32.2,41.6
TH01495,,EXCAVATOR,EX-336XE,Earth Excavation,BEGINNER,0.5,ASPHALT_MILLINGS,1.4,589.2,UNEVEN,2.1,23.2,STORM,31.7,8.8,104.0,536.0,4.7,0.214,50.3,1397.0,238.0,582.2
TH01496,,BACKHOE_LOADER,BL-986GC,Trenching,BEGINNER,1.5,TOPSOIL,1.3,308.2,MOUNTAINOUS,15.5,9.1,SUNNY,20.1,0.0,8655.0,2011.0,7.3,0.16,60.4,1568.0,234.8,302.9
TH01497,,COMPACTOR,CP-972D2,Road Preparation,BEGINNER,0.6,TOPSOIL,1.3,2401.4,MOUNTAINOUS,26.3,39.5,RAINY,30.7,13.3,1351.0,2239.0,4.2,0.306,33.5,1823.0,234.5,514.8
TH01498,,EXCAVATOR,EX-950D2,Trenching,INTERMEDIATE,3.6,ROCK_FILL,2.2,152.1,HILLY,15.8,3.0,SUNNY,19.1,0.0,5987.0,2374.0,3.2,0.124,88.5,1494.0,89.6,127.0
TH01499,,COMPACTOR,CP-972D2,Road Preparation,BEGINNER,1.6,ASPHALT_MILLINGS,1.4,5422.5,MOUNTAINOUS,22.3,16.4,WINDY,17.7,0.0,3865.0,3386.0,4.2,0.207,55.5,1718.0,498.8,813.6
TH01500,,DOZER,DZ-950D,Demolition,BEGINNER,0.5,ASPHALT_MILLINGS,1.4,446.1,MOUNTAINOUS,10.8,5.3,CLOUDY,27.3,0.0,4795.0,2303.0,1.6,0.196,61.8,1187.0,233.4,289.3
TH01501,,BACKHOE_LOADER,BL-986D,Trenching,EXPERT,12.7,CLAY,1.6,356.9,FLAT,5.2,16.4,SUNNY,32.0,0.0,6220.0,839.0,12.0,0.01,48.1,1244.0,182.5,185.8
TH01502,,MOTOR_GRADER,MG-220D2,Road Preparation,INTERMEDIATE,5.5,CLAY,1.6,2124.3,UNEVEN,0.0,75.0,STORM,6.6,35.0,112.0,3421.0,1.2,0.14,27.3,1783.0,157.4,468.5
TH01503,,BACKHOE_LOADER,BL-986D,Trenching,EXPERT,14.9,CLAY,1.6,144.1,FLAT,7.2,13.5,SUNNY,35.7,0.0,6707.0,1739.0,12.0,0.042,70.1,1274.0,74.2,82.0
TH01504,,COMPACTOR,CP-950,Material Loading,BEGINNER,0.8,GRAVEL,1.8,1055.7,ROLLING,4.3,15.2,SUNNY,25.4,0.0,5340.0,3493.0,3.4,0.152,70.2,1871.0,643.9,795.8
TH01505,,COMPACTOR,CP-986D2,Soil Compaction,INTERMEDIATE,4.4,GRAVEL,1.8,3889.4,ROLLING,6.1,19.6,SUNNY,22.4,0.0,8132.0,139.0,8.3,0.203,65.2,1670.0,140.2,167.1
TH01506,,EXCAVATOR,EX-336XE,Trenching,EXPERT,14.9,GRAVEL,1.8,408.1,UNEVEN,0.9,8.3,SUNNY,19.5,0.0,7352.0,334.0,4.7,0.01,57.7,1244.0,198.8,217.7
TH01507,,EXCAVATOR,EX-320GC,Material Loading,INTERMEDIATE,7.6,ROCK_FILL,2.2,2361.2,MOUNTAINOUS,14.0,13.4,SUNNY,35.0,0.0,9236.0,2215.0,5.3,0.069,48.6,1626.0,549.5,741.9
TH01508,,DOZER,DZ-972,Material Stockpiling,EXPERT,15.9,CRUSHED_STONE,1.7,621.5,UNEVEN,0.8,7.9,SUNNY,11.0,0.0,5281.0,1811.0,2.3,0.077,73.2,1117.0,111.5,139.9
TH01509,,DOZER,DZ-986GC,Demolition,BEGINNER,1.6,ASPHALT_MILLINGS,1.4,206.2,FLAT,0.0,9.0,CLOUDY,28.8,0.0,5796.0,3410.0,12.0,0.247,68.7,1827.0,104.0,125.8
TH01510,,WHEEL_LOADER,WL-390D2,Material Stockpiling,INTERMEDIATE,6.8,CRUSHED_STONE,1.7,518.2,ROLLING,7.9,17.9,SUNNY,31.0,0.0,5619.0,3412.0,14.3,0.065,39.9,1680.0,107.8,211.0
TH01511,,DOZER,DZ-160GC,Earth Excavation,EXPERT,22.8,CRUSHED_STONE,1.7,734.6,MOUNTAINOUS,15.9,26.1,CLOUDY,29.2,0.0,8487.0,89.0,14.4,0.145,82.7,1158.0,402.9,593.4
TH01512,,WHEEL_LOADER,WL-972XE,Material Loading,EXPERT,20.5,GRAVEL,1.8,941.4,FLAT,0.0,19.3,SUNNY,32.4,0.0,9435.0,2077.0,14.4,0.186,56.3,1279.0,193.7,212.7
TH01513,,EXCAVATOR,EX-226D2,Trenching,INTERMEDIATE,7.6,GRAVEL,1.8,277.4,MOUNTAINOUS,13.3,4.4,SUNNY,24.8,0.0,7976.0,2420.0,1.1,0.104,75.4,1589.0,165.0,192.8
TH01514,,EXCAVATOR,EX-390D2,Road Preparation,INTERMEDIATE,7.1,SAND,1.5,3608.6,FLAT,1.2,32.1,RAINY,22.6,10.7,681.0,2304.0,14.3,0.168,74.2,2068.0,447.7,850.1
TH01515,,EXCAVATOR,EX-972,Demolition,INTERMEDIATE,5.5,ASPHALT_MILLINGS,1.4,1028.6,UNEVEN,0.0,11.3,RAINY,19.7,3.2,1497.0,938.0,7.8,0.159,82.1,2183.0,394.0,634.3
TH01516,,DOZER,DZ-349D,Road Preparation,INTERMEDIATE,2.7,ROCK_FILL,2.2,4218.7,ROLLING,7.2,7.1,SUNNY,21.4,0.0,6735.0,2053.0,10.1,0.023,59.8,1557.0,312.1,408.3
TH01517,,MOTOR_GRADER,MG-986XE,Grading,INTERMEDIATE,5.0,ROCK_FILL,2.2,4421.7,FLAT,0.0,10.5,RAINY,20.4,3.8,972.0,1741.0,12.4,0.01,53.0,1512.0,207.5,256.4
TH01518,,WHEEL_LOADER,WL-986,Road Preparation,INTERMEDIATE,7.6,GRAVEL,1.8,2927.8,MOUNTAINOUS,18.2,7.3,RAINY,3.1,1.5,515.0,1690.0,11.8,0.036,43.7,1099.0,379.7,721.1
TH01519,,EXCAVATOR,EX-972,Trenching,BEGINNER,1.8,ROCK_FILL,2.2,100.3,UNEVEN,1.9,3.0,CLOUDY,21.9,0.0,4671.0,494.0,7.8,0.215,54.2,1701.0,75.9,85.1
TH01520,,WHEEL_LOADER,WL-140XE,Material Loading,BEGINNER,0.6,CLAY,1.6,1904.7,UNEVEN,0.0,6.4,WINDY,16.6,0.0,4929.0,927.0,8.1,0.284,88.9,1284.0,598.9,820.0
TH01521,,DOZER,DZ-950D,Road Preparation,EXPERT,17.3,ASPHALT_MILLINGS,1.4,1518.6,MOUNTAINOUS,13.2,17.6,WINDY,22.9,0.0,4729.0,453.0,1.6,0.143,39.7,1288.0,92.4,101.6
TH01522,,EXCAVATOR,EX-390D2,Demolition,BEGINNER,0.6,CRUSHED_STONE,1.7,1342.4,FLAT,0.0,10.4,SUNNY,30.5,0.0,8159.0,1601.0,14.3,0.229,,1522.0,712.6,926.7
TH01523,,WHEEL_LOADER,WL-390D2,Material Loading,INTERMEDIATE,6.8,ROCK_FILL,2.2,1770.3,ROLLING,8.7,38.6,RAINY,23.9,7.8,910.0,2960.0,14.3,0.027,40.5,1627.0,431.3,851.0
TH01524,,EXCAVATOR,EX-950D2,Trenching,INTERMEDIATE,2.1,ROCK_FILL,2.2,552.4,HILLY,11.6,6.9,WINDY,9.4,0.0,5341.0,2821.0,3.2,0.093,57.3,2321.0,334.8,463.8
TH01525,,ARTICULATED_HAULER,AH-349D,Hauling,BEGINNER,0.8,GRAVEL,1.8,1640.8,ROLLING,11.3,10.4,CLOUDY,14.2,0.0,8677.0,204.0,0.8,0.205,58.6,1548.0,725.2,837.9
TH01526,,EXCAVATOR,EX-226XE,Material Loading,INTERMEDIATE,7.7,SAND,1.5,136.9,FLAT,0.0,13.6,SUNNY,13.3,0.0,9283.0,2526.0,13.8,0.093,32.6,1748.0,33.6,35.1
TH01527,,MOTOR_GRADER,MG-986D2,Road Preparation,EXPERT,14.9,TOPSOIL,1.3,626.9,HILLY,11.0,12.1,SUNNY,22.4,0.0,8307.0,672.0,11.1,0.047,29.4,1638.0,39.0,41.8
TH01528,,COMPACTOR,CP-986D2,Soil Compaction,INTERMEDIATE,7.1,TOPSOIL,1.3,4094.7,ROLLING,5.6,16.7,SUNNY,12.4,0.0,5230.0,2298.0,8.3,0.154,31.4,1452.0,142.4,191.6
TH01529,,BACKHOE_LOADER,BL-220GC,Trenching,EXPERT,17.3,GRAVEL,1.8,267.2,UNEVEN,0.0,38.6,RAINY,21.0,9.7,1716.0,1559.0,3.0,0.086,36.3,1597.0,136.6,163.4
TH01530,,EXCAVATOR,EX-226D2,Trenching,INTERMEDIATE,3.0,ASPHALT_MILLINGS,1.4,578.3,MOUNTAINOUS,14.9,34.4,RAINY,25.5,13.9,350.0,149.0,1.1,0.029,19.2,1743.0,363.8,629.9
TH01531,,WHEEL_LOADER,WL-972XE,Material Stockpiling,INTERMEDIATE,2.7,GRAVEL,1.8,754.5,FLAT,1.1,16.6,CLOUDY,26.5,0.0,6287.0,2067.0,14.4,0.09,69.7,1658.0,171.5,277.3
TH01532,,DOZER,DZ-950D,Demolition,EXPERT,12.7,ROCK_FILL,2.2,971.4,MOUNTAINOUS,10.2,48.8,RAINY,23.3,13.9,1785.0,222.0,1.6,0.01,69.8,1322.0,325.0,546.7
TH01533,,ARTICULATED_HAULER,AH-226D,Soil Compaction,BEGINNER,2.3,CLAY,1.6,1058.0,ROLLING,10.2,18.8,FOG,22.2,0.9,94.0,2392.0,2.4,0.199,30.0,1356.0,77.2,130.3
TH01534,,MOTOR_GRADER,MG-220D2,Road Preparation,INTERMEDIATE,6.7,CLAY,1.6,3188.4,UNEVEN,0.0,3.0,SUNNY,17.7,0.0,5358.0,1740.0,1.2,0.149,63.7,1590.0,227.2,221.5
TH01535,,BACKHOE_LOADER,BL-986GC,Grading,INTERMEDIATE,6.8,TOPSOIL,1.3,3858.3,ROLLING,11.4,3.0,SUNNY,12.7,0.0,9416.0,1974.0,10.6,0.098,28.8,1845.0,399.8,458.8
TH01536,,COMPACTOR,CP-986D2,Trenching,INTERMEDIATE,7.6,CLAY,1.6,466.1,ROLLING,2.7,3.1,FOG,19.5,0.1,158.0,537.0,8.3,0.113,42.2,1606.0,495.6,821.8
TH01537,,COMPACTOR,CP-950,Road Preparation,BEGINNER,2.3,SAND,1.5,1940.5,ROLLING,2.4,6.0,SUNNY,22.1,0.0,9102.0,2104.0,3.4,0.149,16.0,1608.0,185.1,186.4
TH01538,,ARTICULATED_HAULER,AH-226D,Hauling,BEGINNER,0.5,TOPSOIL,1.3,818.8,ROLLING,3.2,9.0,CLOUDY,23.8,0.0,8531.0,630.0,2.4,0.2,67.0,1527.0,378.8,334.6
TH01539,,BACKHOE_LOADER,BL-986GC,Trenching,INTERMEDIATE,7.0,GRAVEL,1.8,68.1,ROLLING,6.3,16.1,CLOUDY,27.2,0.0,5536.0,113.0,10.6,0.139,9.0,1218.0,39.2,47.0
TH01540,,COMPACTOR,CP-986D2,Road Preparation,EXPERT,12.7,CRUSHED_STONE,1.7,2982.4,ROLLING,9.4,36.0,STORM,22.3,12.6,375.0,506.0,8.3,0.117,43.0,1478.0,178.2,486.5
TH01541,,BACKHOE_LOADER,BL-390D2,Road Preparation,EXPERT,19.9,ROCK_FILL,2.2,3973.5,UNEVEN,3.5,3.2,SUNNY,34.6,0.0,9927.0,2696.0,4.2,0.181,63.4,1811.0,459.1,520.6
TH01542,,COMPACTOR,CP-972D2,Soil Compaction,INTERMEDIATE,5.1,GRAVEL,1.8,2267.2,MOUNTAINOUS,29.8,3.0,SUNNY,23.5,0.0,7877.0,3212.0,4.2,0.142,62.7,1973.0,79.1,135.7
TH01543,,DOZER,DZ-950D,Material Stockpiling,EXPERT,7.3,SAND,1.5,1093.6,MOUNTAINOUS,9.3,17.4,CLOUDY,25.0,0.0,5838.0,1316.0,1.6,0.068,41.3,2167.0,201.6,227.2
TH01544,,COMPACTOR,CP-950,Road Preparation,BEGINNER,0.6,CRUSHED_STONE,1.7,2431.1,ROLLING,13.2,21.4,RAINY,27.0,6.1,1293.0,2166.0,3.4,0.201,45.2,1407.0,226.5,401.7
TH01545,,ARTICULATED_HAULER,AH-140D2,Hauling,EXPERT,20.5,ROCK_FILL,2.2,1847.6,ROLLING,0.2,15.0,SUNNY,29.7,0.0,5298.0,2074.0,7.4,0.12,66.2,1449.0,529.4,738.8
TH01546,,ARTICULATED_HAULER,AH-140D2,Hauling,INTERMEDIATE,7.6,GRAVEL,1.8,2346.9,ROLLING,15.6,11.4,WINDY,30.5,0.0,6814.0,2717.0,7.4,0.07,51.9,1360.0,782.1,1635.5
TH01547,,DOZER,DZ-160GC,Road Preparation,INTERMEDIATE,5.8,GRAVEL,1.8,2602.4,MOUNTAINOUS,23.9,17.5,SUNNY,16.0,0.0,7176.0,1824.0,14.4,0.187,81.0,1547.0,179.8,343.4
TH01548,,MOTOR_GRADER,MG-986XE,Grading,BEGINNER,1.4,ROCK_FILL,2.2,3934.2,FLAT,0.0,48.0,STORM,23.9,9.4,142.0,3181.0,12.4,0.208,64.5,1038.0,240.0,681.5
TH01549,,ARTICULATED_HAULER,AH-336,Hauling,BEGINNER,0.8,ASPHALT_MILLINGS,1.4,1103.8,UNEVEN,0.6,12.4,SUNNY,12.9,0.0,5970.0,3095.0,8.5,0.17,28.2,1504.0,508.2,993.1
TH01550,,MOTOR_GRADER,MG-986D2,Road Preparation,INTERMEDIATE,6.4,GRAVEL,1.8,806.4,HILLY,11.7,4.5,CLOUDY,32.0,0.0,4340.0,1486.0,11.1,0.069,73.4,1773.0,59.9,66.5
TH01551,,DOZER,DZ-160GC,Demolition,EXPERT,12.7,ROCK_FILL,2.2,499.4,MOUNTAINOUS,24.2,6.4,SUNNY,27.7,0.0,8557.0,856.0,14.4,0.01,38.6,1696.0,165.1,230.5
TH01552,,MOTOR_GRADER,MG-160D,Grading,EXPERT,17.3,ROCK_FILL,2.2,5383.2,UNEVEN,7.0,13.4,SUNNY,22.7,0.0,8802.0,2611.0,7.7,0.258,50.5,1482.0,220.5,277.0
TH01553,,EXCAVATOR,EX-336XE,Material Loading,INTERMEDIATE,5.5,CRUSHED_STONE,1.7,1656.9,UNEVEN,3.0,17.9,RAINY,38.7,3.5,1873.0,2860.0,4.7,0.066,39.2,1444.0,390.1,576.7
TH01554,,BACKHOE_LOADER,BL-220GC,Trenching,INTERMEDIATE,2.1,SAND,1.5,85.1,UNEVEN,0.0,22.4,SUNNY,25.0,0.0,9728.0,3203.0,3.0,0.072,41.7,1661.0,51.7,41.2
TH01555,,EXCAVATOR,EX-226D2,Grading,INTERMEDIATE,5.5,ROCK_FILL,2.2,5485.4,MOUNTAINOUS,17.0,21.2,SUNNY,24.4,0.0,5703.0,317.0,1.1,0.01,71.2,1362.0,439.9,452.8
TH01556,,ARTICULATED_HAULER,AH-120D2,Hauling,BEGINNER,0.5,TOPSOIL,1.3,1814.2,UNEVEN,8.2,3.0,FOG,19.9,0.2,215.0,2161.0,2.8,0.165,39.0,1206.0,855.7,1761.2
TH01557,,ARTICULATED_HAULER,AH-140D2,Hauling,INTERMEDIATE,6.8,GRAVEL,1.8,1783.3,ROLLING,0.0,14.5,CLOUDY,30.3,0.0,4818.0,720.0,7.4,0.036,28.6,1529.0,616.2,550.1
TH01558,,EXCAVATOR,EX-140GC,Hauling,INTERMEDIATE,7.6,ROCK_FILL,2.2,1331.2,UNEVEN,1.8,12.6,WINDY,27.0,0.0,7666.0,2223.0,5.6,0.085,63.7,1727.0,982.7,1584.4
TH01559,,ARTICULATED_HAULER,AH-226D,Hauling,INTERMEDIATE,2.7,GRAVEL,1.8,1023.3,ROLLING,3.7,3.0,CLOUDY,25.5,0.0,6234.0,3462.0,2.4,0.073,47.3,1911.0,373.9,679.3
TH01560,,DOZER,DZ-160GC,Road Preparation,INTERMEDIATE,5.5,CLAY,1.6,4916.8,MOUNTAINOUS,16.3,20.2,SUNNY,20.5,0.0,8499.0,3446.0,14.4,0.177,20.0,1411.0,345.3,576.9
TH01561,,COMPACTOR,CP-972D2,Road Preparation,INTERMEDIATE,2.7,ROCK_FILL,2.2,5788.5,MOUNTAINOUS,32.0,14.4,CLOUDY,24.8,0.0,7930.0,905.0,4.2,0.18,51.6,1687.0,437.8,720.4
TH01562,,MOTOR_GRADER,MG-986D2,Material Stockpiling,BEGINNER,1.0,GRAVEL,1.8,921.3,HILLY,13.1,15.1,CLOUDY,8.4,0.0,8473.0,508.0,11.1,0.272,61.4,1459.0,497.7,783.5
TH01563,,DOZER,DZ-950D,Material Stockpiling,INTERMEDIATE,5.0,SAND,1.5,568.3,MOUNTAINOUS,8.2,23.7,SUNNY,25.5,0.0,6158.0,1653.0,1.6,0.123,41.5,1379.0,118.9,175.4
TH01564,,BACKHOE_LOADER,BL-220GC,Trenching,BEGINNER,2.5,CRUSHED_STONE,1.7,578.7,UNEVEN,0.0,15.8,SUNNY,27.3,0.0,6470.0,306.0,3.0,0.134,69.0,1883.0,422.1,380.0
TH01565,,EXCAVATOR,EX-972,Road Preparation,EXPERT,15.9,GRAVEL,1.8,749.6,UNEVEN,0.0,7.6,CLOUDY,38.7,0.0,5801.0,747.0,7.8,0.105,79.5,1799.0,74.5,74.5
TH01566,,WHEEL_LOADER,WL-986,Material Loading,INTERMEDIATE,3.6,ROCK_FILL,2.2,2178.8,MOUNTAINOUS,16.8,7.3,SUNNY,,0.0,,3183.0,11.8,0.185,62.7,1747.0,511.6,734.3
TH01567,,WHEEL_LOADER,WL-986,Material Stockpiling,BEGINNER,2.0,ROCK_FILL,2.2,760.4,MOUNTAINOUS,18.1,6.2,CLOUDY,26.9,0.0,6477.0,808.0,11.8,0.223,75.3,862.0,203.6,370.9
TH01568,,BACKHOE_LOADER,BL-986D,Trenching,INTERMEDIATE,5.5,ROCK_FILL,2.2,305.9,FLAT,0.0,3.0,WINDY,17.4,0.0,,515.0,12.0,0.132,68.6,1877.0,184.3,195.3
TH01569,,DOZER,DZ-986GC,Demolition,EXPERT,18.2,GRAVEL,1.8,1315.4,FLAT,1.9,19.1,SUNNY,16.5,0.0,9499.0,1871.0,12.0,0.149,75.4,1626.0,468.2,472.9
TH01570,,DOZER,DZ-972,Demolition,INTERMEDIATE,6.4,GRAVEL,1.8,773.7,UNEVEN,5.1,18.4,SUNNY,29.6,0.0,9848.0,1548.0,2.3,0.18,41.3,1453.0,311.3,296.1
TH01571,,EXCAVATOR,EX-390D2,Trenching,EXPERT,14.9,CLAY,1.6,557.4,FLAT,0.0,10.9,SUNNY,28.9,0.0,5637.0,855.0,14.3,0.093,40.1,1505.0,277.2,302.3
TH01572,,MOTOR_GRADER,MG-220D2,Road Preparation,INTERMEDIATE,7.7,ROCK_FILL,2.2,4460.9,UNEVEN,2.5,3.0,CLOUDY,15.0,0.0,4394.0,673.0,1.2,0.01,46.6,1864.0,319.4,338.9
TH01573,,ARTICULATED_HAULER,AH-226D,Hauling,BEGINNER,2.3,ASPHALT_MILLINGS,1.4,1995.0,ROLLING,4.8,21.2,FOG,9.7,1.0,294.0,3450.0,2.4,0.209,66.1,1801.0,893.5,2417.3
TH01574,,EXCAVATOR,EX-226D2,Earth Excavation,BEGINNER,0.6,ROCK_FILL,2.2,1191.0,MOUNTAINOUS,23.0,31.4,RAINY,22.1,6.2,1569.0,3022.0,1.1,0.466,44.1,1023.0,473.4,1147.2
TH01575,,DOZER,DZ-986GC,Hauling,INTERMEDIATE,2.6,ASPHALT_MILLINGS,1.4,1253.3,FLAT,0.0,18.0,SUNNY,39.4,0.0,7386.0,900.0,12.0,0.219,82.0,1482.0,916.8,1309.7
TH01576,,MOTOR_GRADER,MG-160D,Hauling,EXPERT,17.3,SAND,1.5,1606.3,UNEVEN,0.9,7.4,FOG,,0.2,170.0,1947.0,7.7,0.182,78.9,1457.0,747.1,1601.6
TH01577,,MOTOR_GRADER,MG-390D2,Road Preparation,INTERMEDIATE,3.6,CRUSHED_STONE,1.7,2552.8,FLAT,0.0,9.9,CLOUDY,25.5,0.0,8952.0,2340.0,8.3,0.121,42.4,1536.0,184.5,200.7
TH01578,,WHEEL_LOADER,WL-390D2,Material Stockpiling,INTERMEDIATE,6.7,SAND,1.5,796.4,ROLLING,8.5,13.6,CLOUDY,21.3,0.0,8073.0,2827.0,14.3,0.103,29.0,1558.0,163.6,288.1
TH01579,,WHEEL_LOADER,WL-390D2,Material Loading,INTERMEDIATE,7.6,TOPSOIL,1.3,503.3,ROLLING,2.8,18.0,SUNNY,26.5,0.0,9388.0,1813.0,14.3,0.116,22.9,1808.0,123.3,119.2
TH01580,,ARTICULATED_HAULER,AH-226D,Demolition,INTERMEDIATE,7.1,TOPSOIL,1.3,787.1,ROLLING,7.8,10.8,CLOUDY,,0.0,3184.0,2155.0,2.4,0.235,82.7,1776.0,588.8,724.8
TH01581,,BACKHOE_LOADER,BL-390D2,Trenching,INTERMEDIATE,4.4,ASPHALT_MILLINGS,1.4,527.5,UNEVEN,3.2,10.1,SUNNY,25.9,0.0,9527.0,3309.0,4.2,0.179,69.6,1242.0,300.2,330.2
TH01582,,DOZER,DZ-160GC,Material Stockpiling,EXPERT,17.3,CLAY,1.6,2475.5,MOUNTAINOUS,18.3,11.1,SUNNY,23.2,0.0,9583.0,2847.0,14.4,0.192,62.8,1322.0,438.2,971.7
TH01583,,BACKHOE_LOADER,BL-986GC,Trenching,BEGINNER,2.3,ASPHALT_MILLINGS,1.4,547.4,MOUNTAINOUS,10.9,9.9,SUNNY,23.1,0.0,5640.0,1585.0,7.3,0.162,33.4,1563.0,419.4,435.3
TH01584,,EXCAVATOR,EX-950D2,Trenching,EXPERT,11.3,ROCK_FILL,2.2,132.4,HILLY,10.6,36.3,RAINY,33.7,14.1,1729.0,1713.0,3.2,0.092,48.4,1212.0,65.9,108.0
TH01585,,ARTICULATED_HAULER,AH-336,Hauling,INTERMEDIATE,7.7,TOPSOIL,1.3,2279.2,UNEVEN,0.0,19.0,SUNNY,17.5,0.0,6268.0,1798.0,8.5,0.168,34.1,2157.0,757.1,1080.3
TH01586,,DOZER,DZ-950D,Road Preparation,BEGINNER,2.0,ASPHALT_MILLINGS,1.4,4998.8,MOUNTAINOUS,11.0,23.6,CLOUDY,30.5,0.0,3623.0,1628.0,1.6,0.11,25.8,1497.0,448.0,542.3
TH01587,,EXCAVATOR,EX-226XE,Earth Excavation,BEGINNER,0.8,CRUSHED_STONE,1.7,347.3,FLAT,0.0,15.7,SUNNY,21.0,0.0,8020.0,1709.0,13.8,0.16,100.0,1617.0,132.4,137.6
TH01588,,MOTOR_GRADER,MG-160D,Grading,INTERMEDIATE,2.6,ROCK_FILL,2.2,4955.9,UNEVEN,0.0,17.0,WINDY,27.0,0.0,4029.0,2734.0,7.7,0.223,74.3,1718.0,246.9,284.9
TH01589,,BACKHOE_LOADER,BL-986D,Material Stockpiling,INTERMEDIATE,7.1,GRAVEL,1.8,1378.5,FLAT,8.5,53.6,RAINY,17.6,13.8,930.0,188.0,12.0,0.01,43.4,1582.0,478.0,819.0
TH01590,,EXCAVATOR,EX-972XE,Earth Excavation,BEGINNER,0.5,ROCK_FILL,2.2,255.8,FLAT,1.8,16.3,WINDY,19.5,0.0,8195.0,3134.0,3.7,0.279,25.0,1140.0,98.1,122.5
TH01591,,EXCAVATOR,EX-950D2,Material Loading,INTERMEDIATE,5.0,SAND,1.5,2010.8,HILLY,10.4,9.6,SUNNY,31.4,0.0,5704.0,3261.0,3.2,0.178,52.3,1762.0,467.5,551.2
TH01592,,COMPACTOR,CP-950,Trenching,INTERMEDIATE,5.1,ASPHALT_MILLINGS,1.4,379.9,ROLLING,2.0,4.7,CLOUDY,8.1,0.0,8115.0,939.0,3.4,0.194,50.5,1813.0,480.6,587.9
TH01593,,EXCAVATOR,EX-950D2,Road Preparation,BEGINNER,2.0,CRUSHED_STONE,1.7,2945.2,HILLY,10.3,16.0,CLOUDY,26.1,0.0,8015.0,1148.0,3.2,0.132,44.2,1839.0,480.7,549.6
TH01594,,DOZER,DZ-349D,Hauling,INTERMEDIATE,7.7,GRAVEL,1.8,1164.2,ROLLING,9.7,3.0,WINDY,30.2,0.0,8040.0,2645.0,10.1,0.08,67.5,2035.0,720.8,1257.2
TH01595,,WHEEL_LOADER,WL-390D2,Material Loading,BEGINNER,1.5,GRAVEL,1.8,936.2,ROLLING,8.5,13.2,FOG,18.8,0.5,293.0,2289.0,14.3,0.282,53.3,1461.0,287.7,681.8
TH01596,,ARTICULATED_HAULER,AH-140D2,Material Stockpiling,BEGINNER,2.3,TOPSOIL,1.3,1510.2,ROLLING,0.7,4.4,SUNNY,23.1,0.0,5469.0,3400.0,7.4,0.297,70.9,1914.0,780.1,1440.4
TH01597,,COMPACTOR,CP-950,Road Preparation,INTERMEDIATE,7.0,SAND,1.5,2697.7,ROLLING,7.6,3.0,SUNNY,34.5,0.0,5902.0,1310.0,3.4,0.112,85.6,1366.0,186.5,222.2
TH01598,,ARTICULATED_HAULER,AH-140D2,Grading,INTERMEDIATE,3.9,ROCK_FILL,2.2,4838.9,ROLLING,9.5,17.9,CLOUDY,25.7,0.0,7254.0,1933.0,7.4,0.162,64.4,1286.0,420.5,447.7
TH01599,,DOZER,DZ-349D,Material Stockpiling,INTERMEDIATE,5.5,CLAY,1.6,2217.0,ROLLING,10.2,19.5,SUNNY,25.6,0.0,6306.0,1797.0,10.1,0.186,50.6,1416.0,476.0,707.5
TH01600,,MOTOR_GRADER,MG-220D2,Grading,EXPERT,11.3,ROCK_FILL,2.2,1240.1,UNEVEN,0.3,3.0,CLOUDY,18.9,0.0,8021.0,944.0,1.2,0.115,49.4,1565.0,49.9,55.4
TH01601,,DOZER,DZ-986GC,Grading,BEGINNER,0.8,ROCK_FILL,2.2,1390.7,FLAT,0.0,22.7,RAINY,16.4,1.5,1924.0,342.0,12.0,0.189,72.5,1200.0,146.7,226.3
TH01602,,EXCAVATOR,EX-972XE,Material Stockpiling,INTERMEDIATE,7.1,ROCK_FILL,2.2,1956.9,FLAT,0.0,19.9,RAINY,28.8,4.2,1379.0,2289.0,3.7,0.128,46.6,1435.0,747.9,1722.7
TH01603,,MOTOR_GRADER,MG-336GC,Grading,INTERMEDIATE,7.7,CRUSHED_STONE,1.7,810.7,FLAT,1.9,9.7,WINDY,16.1,0.0,6341.0,765.0,10.0,0.055,58.8,1630.0,38.8,40.2
TH01604,,MOTOR_GRADER,MG-160D,Grading,INTERMEDIATE,3.0,CRUSHED_STONE,1.7,3565.3,UNEVEN,2.8,31.6,RAINY,15.3,13.1,1606.0,3486.0,7.7,0.154,70.3,1322.0,175.7,226.3
TH01605,,MOTOR_GRADER,MG-390D2,Road Preparation,INTERMEDIATE,2.1,ROCK_FILL,2.2,3304.3,FLAT,10.9,9.3,WINDY,23.7,0.0,3461.0,1594.0,8.3,0.218,47.1,1937.0,261.3,334.0
TH01606,,WHEEL_LOADER,WL-390D2,Material Stockpiling,INTERMEDIATE,7.6,ASPHALT_MILLINGS,1.4,131.8,ROLLING,8.9,16.0,SUNNY,33.9,0.0,7849.0,98.0,14.3,0.068,44.1,1670.0,27.4,32.1
TH01607,,BACKHOE_LOADER,BL-986GC,Trenching,EXPERT,15.9,TOPSOIL,1.3,510.2,MOUNTAINOUS,10.0,51.1,RAINY,20.8,11.1,1135.0,2042.0,7.3,0.047,64.8,1526.0,263.5,436.9
TH01608,,WHEEL_LOADER,WL-390D2,Material Stockpiling,BEGINNER,2.5,CLAY,1.6,723.5,ROLLING,8.3,24.4,RAINY,38.3,6.5,1749.0,2605.0,14.3,0.23,72.7,1621.0,186.9,505.2
TH01609,,DOZER,DZ-950D,Material Stockpiling,INTERMEDIATE,7.7,ROCK_FILL,2.2,1380.1,MOUNTAINOUS,8.4,10.1,WINDY,23.4,0.0,4246.0,1599.0,1.6,0.015,62.7,1321.0,300.7,374.0
TH01610,,WHEEL_LOADER,WL-986,Material Loading,BEGINNER,1.0,TOPSOIL,1.3,1974.9,MOUNTAINOUS,21.8,3.0,SUNNY,25.4,0.0,5560.0,2263.0,11.8,0.277,,1334.0,602.1,906.4
TH01611,,MOTOR_GRADER,MG-390D2,Demolition,BEGINNER,2.3,GRAVEL,1.8,1332.5,FLAT,0.0,10.3,FOG,22.8,0.9,138.0,1197.0,8.3,0.204,93.4,1475.0,1550.1,2701.9
TH01612,,MOTOR_GRADER,MG-390D2,Grading,INTERMEDIATE,7.0,SAND,1.5,3290.2,FLAT,0.0,20.0,SUNNY,28.1,0.0,9542.0,1563.0,8.3,0.107,73.1,1488.0,157.2,150.6
TH01613,,ARTICULATED_HAULER,AH-226D,Hauling,INTERMEDIATE,6.7,ASPHALT_MILLINGS,1.4,1819.2,ROLLING,11.8,46.2,STORM,12.1,17.2,188.0,558.0,2.4,0.06,68.5,1162.0,607.1,2024.4
TH01614,,ARTICULATED_HAULER,AH-349D,Hauling,INTERMEDIATE,5.5,TOPSOIL,1.3,1299.1,ROLLING,6.7,15.8,SUNNY,18.4,0.0,5500.0,2943.0,0.8,0.151,74.3,1475.0,433.5,758.9
TH01615,,MOTOR_GRADER,MG-986D2,Grading,EXPERT,17.3,GRAVEL,1.8,1501.3,HILLY,10.3,18.9,RAINY,31.6,3.8,762.0,1957.0,11.1,0.096,45.7,1548.0,63.3,103.2
TH01616,,EXCAVATOR,EX-950D2,Demolition,EXPERT,7.3,GRAVEL,1.8,158.8,HILLY,12.4,3.0,SUNNY,33.2,0.0,9815.0,1380.0,3.2,0.053,43.9,2005.0,55.6,65.9
TH01617,,BACKHOE_LOADER,BL-986GC,Trenching,BEGINNER,2.0,SAND,1.5,102.3,ROLLING,6.2,3.0,WINDY,23.8,0.0,6953.0,3423.0,10.6,0.202,51.6,1948.0,77.9,95.8
TH01618,,MOTOR_GRADER,MG-220D2,Material Loading,INTERMEDIATE,7.1,CRUSHED_STONE,1.7,2010.8,UNEVEN,0.0,3.5,SUNNY,31.8,0.0,6129.0,2473.0,1.2,0.178,76.6,1729.0,1001.5,1036.2
TH01619,,BACKHOE_LOADER,BL-986GC,Grading,INTERMEDIATE,2.1,CRUSHED_STONE,1.7,818.0,ROLLING,15.7,27.5,RAINY,18.6,8.7,1954.0,245.0,10.6,0.16,95.7,1534.0,91.7,172.7
TH01620,,DOZER,DZ-349D,Road Preparation,INTERMEDIATE,7.7,ASPHALT_MILLINGS,1.4,500.8,ROLLING,3.1,3.0,SUNNY,17.1,0.0,5787.0,191.0,10.1,0.014,28.4,1870.0,34.8,30.0
TH01621,,ARTICULATED_HAULER,AH-120D2,Hauling,INTERMEDIATE,7.1,GRAVEL,1.8,1205.1,UNEVEN,0.8,3.0,SUNNY,21.3,0.0,6618.0,3433.0,2.8,0.28,66.3,1662.0,416.6,688.4
TH01622,,WHEEL_LOADER,WL-390D2,Material Stockpiling,INTERMEDIATE,5.0,CLAY,1.6,1368.3,ROLLING,6.3,20.2,FOG,21.8,0.8,174.0,3056.0,14.3,0.01,20.8,1526.0,281.9,774.8
TH01623,,EXCAVATOR,EX-972,Trenching,BEGINNER,1.4,ASPHALT_MILLINGS,1.4,353.6,UNEVEN,1.2,21.0,SUNNY,21.4,0.0,6497.0,3413.0,7.8,0.211,82.8,1910.0,268.7,321.1
TH01624,,BACKHOE_LOADER,BL-986GC,Trenching,BEGINNER,2.0,SAND,1.5,575.5,MOUNTAINOUS,16.8,14.2,SUNNY,17.2,0.0,9400.0,2177.0,7.3,0.192,28.9,1340.0,414.6,613.6
TH01625,,WHEEL_LOADER,WL-986,Material Stockpiling,BEGINNER,0.6,GRAVEL,1.8,2043.2,MOUNTAINOUS,17.0,33.7,RAINY,26.6,9.1,851.0,2985.0,11.8,0.168,86.8,1510.0,559.7,1511.9
TH01626,,EXCAVATOR,EX-950D2,Earth Excavation,INTERMEDIATE,5.0,ROCK_FILL,2.2,260.0,HILLY,9.3,4.8,SUNNY,18.4,0.0,5458.0,2053.0,3.2,0.01,37.0,1407.0,73.9,79.6
TH01627,,DOZER,DZ-349D,Demolition,BEGINNER,0.5,ROCK_FILL,2.2,1180.2,ROLLING,7.8,19.7,SUNNY,12.5,0.0,7205.0,2182.0,10.1,0.232,62.8,1372.0,612.3,859.3
TH01628,,EXCAVATOR,EX-220XE,Material Loading,BEGINNER,0.6,TOPSOIL,1.3,1385.4,ROLLING,10.9,11.4,SUNNY,15.3,0.0,6258.0,101.0,10.9,0.296,41.2,1587.0,450.1,587.4
TH01629,,EXCAVATOR,EX-320GC,Material Loading,BEGINNER,1.8,TOPSOIL,1.3,1023.5,MOUNTAINOUS,14.3,3.1,WINDY,28.9,0.0,6063.0,143.0,5.3,0.348,77.7,1330.0,311.4,411.3
TH01630,,ARTICULATED_HAULER,AH-140D2,Hauling,EXPERT,11.3,SAND,1.5,1209.2,ROLLING,3.2,16.3,CLOUDY,18.6,0.0,8975.0,278.0,7.4,0.123,59.1,1695.0,354.9,424.0
TH01631,,COMPACTOR,CP-950,Soil Compaction,BEGINNER,1.4,CRUSHED_STONE,1.7,1796.7,ROLLING,0.0,10.5,SUNNY,24.3,0.0,9938.0,1504.0,3.4,0.212,36.4,1800.0,82.2,90.5
TH01632,,DOZER,DZ-349D,Material Stockpiling,INTERMEDIATE,4.4,SAND,1.5,1949.3,ROLLING,6.9,39.6,STORM,20.6,29.1,132.0,2444.0,10.1,0.221,40.3,1889.0,404.6,1762.0
TH01633,,ARTICULATED_HAULER,AH-120D2,Hauling,INTERMEDIATE,7.7,CRUSHED_STONE,1.7,214.7,UNEVEN,1.5,8.2,CLOUDY,29.4,0.0,5740.0,3262.0,2.8,0.196,37.4,2170.0,74.0,124.0
TH01634,,WHEEL_LOADER,WL-336,Material Loading,INTERMEDIATE,7.6,CLAY,1.6,942.5,ROLLING,10.7,5.0,CLOUDY,26.5,0.0,3558.0,1711.0,7.7,0.136,60.1,1777.0,217.9,274.3
TH01635,,BACKHOE_LOADER,BL-390,Trenching,EXPERT,18.2,CLAY,1.6,86.3,FLAT,5.8,14.5,CLOUDY,26.5,0.0,3534.0,1359.0,10.5,0.165,37.4,1283.0,42.5,46.5
TH01636,,MOTOR_GRADER,MG-986XE,Road Preparation,INTERMEDIATE,4.4,CLAY,1.6,3594.5,FLAT,2.6,14.9,WINDY,25.4,0.0,6371.0,2216.0,12.4,0.301,61.9,1608.0,267.1,403.1
TH01637,,BACKHOE_LOADER,BL-390,Trenching,INTERMEDIATE,2.7,ASPHALT_MILLINGS,1.4,284.6,FLAT,4.3,3.5,SUNNY,28.3,0.0,9539.0,1103.0,10.5,0.114,49.1,1626.0,176.4,192.2
TH01638,,WHEEL_LOADER,WL-390D2,Earth Excavation,INTERMEDIATE,7.1,TOPSOIL,1.3,813.7,ROLLING,8.1,21.6,SUNNY,25.7,0.0,7148.0,1775.0,14.3,0.155,56.0,1459.0,479.6,618.6
TH01639,,BACKHOE_LOADER,BL-986D,Trenching,BEGINNER,2.0,CRUSHED_STONE,1.7,263.8,FLAT,0.9,17.0,SUNNY,16.3,0.0,6533.0,2242.0,12.0,0.172,37.3,1659.0,192.4,221.4
TH01640,,DOZER,DZ-950D,Material Stockpiling,INTERMEDIATE,4.4,TOPSOIL,1.3,2431.9,MOUNTAINOUS,9.7,33.0,RAINY,16.5,11.7,,1115.0,1.6,0.291,48.9,1830.0,511.1,926.6
TH01641,,ARTICULATED_HAULER,AH-226D,Hauling,INTERMEDIATE,7.6,CLAY,1.6,1313.0,ROLLING,4.8,13.7,CLOUDY,23.7,0.0,6266.0,713.0,2.4,0.227,8.9,2292.0,449.2,518.8
TH01642,,EXCAVATOR,EX-390D2,Earth Excavation,EXPERT,11.3,TOPSOIL,1.3,537.1,FLAT,6.5,3.0,FOG,23.1,0.2,69.0,407.0,14.3,0.01,55.0,2400.0,133.1,214.1
TH01643,,COMPACTOR,CP-950,Grading,BEGINNER,1.8,ASPHALT_MILLINGS,1.4,4638.7,ROLLING,7.7,3.6,SUNNY,32.6,0.0,9358.0,785.0,3.4,0.257,54.3,2042.0,523.3,622.6
TH01644,,DOZER,DZ-349D,Material Stockpiling,EXPERT,11.3,CLAY,1.6,2400.6,ROLLING,4.7,21.0,RAINY,30.7,5.2,1026.0,2939.0,10.1,0.118,57.0,2023.0,432.8,852.7
TH01645,,ARTICULATED_HAULER,AH-140D2,Hauling,INTERMEDIATE,3.0,GRAVEL,1.8,364.6,ROLLING,6.0,84.7,STORM,15.0,33.1,165.0,2499.0,7.4,0.158,70.6,1445.0,128.0,590.8
TH01646,,DOZER,DZ-160GC,Hauling,INTERMEDIATE,2.7,TOPSOIL,1.3,357.0,MOUNTAINOUS,21.6,12.8,SUNNY,20.2,0.0,9950.0,3235.0,14.4,0.078,100.0,1893.0,220.9,533.0
TH01647,,WHEEL_LOADER,WL-986,Material Stockpiling,INTERMEDIATE,7.1,TOPSOIL,1.3,905.0,MOUNTAINOUS,18.3,59.7,STORM,15.0,22.1,53.0,3398.0,11.8,0.123,60.8,2040.0,182.7,1076.4
TH01648,,DOZER,DZ-160GC,Soil Compaction,EXPERT,20.5,CLAY,1.6,3675.9,MOUNTAINOUS,18.1,3.0,SUNNY,34.7,0.0,8225.0,1491.0,14.4,0.094,65.6,1156.0,201.1,267.9
TH01649,,EXCAVATOR,EX-336XE,Earth Excavation,INTERMEDIATE,2.6,CRUSHED_STONE,1.7,903.9,UNEVEN,7.6,22.0,RAINY,18.8,2.0,1148.0,410.0,4.7,0.188,73.8,1492.0,271.7,501.7
TH01650,,COMPACTOR,CP-972D2,Road Preparation,INTERMEDIATE,7.0,CRUSHED_STONE,1.7,2435.7,MOUNTAINOUS,28.3,8.9,CLOUDY,35.1,0.0,4470.0,2760.0,4.2,0.198,60.7,1185.0,173.2,289.7
TH01651,,BACKHOE_LOADER,BL-390D2,Grading,BEGINNER,0.8,TOPSOIL,1.3,3693.6,UNEVEN,4.5,3.1,FOG,31.1,0.1,127.0,101.0,4.2,0.243,51.7,1565.0,412.6,629.0
TH01652,,MOTOR_GRADER,MG-390D2,Road Preparation,INTERMEDIATE,6.8,CLAY,1.6,5808.0,FLAT,0.3,3.0,WINDY,34.8,0.0,4969.0,1094.0,8.3,0.01,67.6,1859.0,411.0,415.2
TH01653,,EXCAVATOR,EX-220XE,Hauling,INTERMEDIATE,4.4,TOPSOIL,1.3,691.1,ROLLING,8.4,3.4,SUNNY,29.5,0.0,7391.0,1808.0,10.9,0.26,48.6,1298.0,461.4,634.9
TH01654,,BACKHOE_LOADER,BL-986D,Trenching,INTERMEDIATE,2.7,CRUSHED_STONE,1.7,98.6,FLAT,4.9,20.7,FOG,14.5,0.0,227.0,666.0,12.0,0.064,46.3,1512.0,61.8,111.7
TH01655,,BACKHOE_LOADER,BL-390,Trenching,EXPERT,7.3,ROCK_FILL,2.2,493.0,FLAT,2.4,13.5,SUNNY,30.6,0.0,5622.0,758.0,10.5,0.01,43.1,2400.0,253.7,209.9
TH01656,,BACKHOE_LOADER,BL-986GC,Trenching,INTERMEDIATE,3.9,GRAVEL,1.8,587.9,MOUNTAINOUS,11.5,15.9,RAINY,15.2,3.0,722.0,934.0,7.3,0.141,8.0,1938.0,345.3,522.4
TH01657,,EXCAVATOR,EX-972,Earth Excavation,EXPERT,17.3,TOPSOIL,1.3,313.5,UNEVEN,1.9,8.4,WINDY,21.5,0.0,7616.0,380.0,7.8,0.209,49.9,1448.0,77.9,92.3
TH01658,,WHEEL_LOADER,WL-972XE,Road Preparation,INTERMEDIATE,6.4,SAND,1.5,380.8,FLAT,1.6,14.6,FOG,23.2,0.8,94.0,2811.0,14.4,0.202,67.7,1630.0,55.5,108.1
TH01659,,WHEEL_LOADER,WL-336,Material Loading,INTERMEDIATE,6.7,GRAVEL,1.8,1056.9,ROLLING,7.2,24.4,CLOUDY,28.0,0.0,3979.0,878.0,7.7,0.189,40.2,1213.0,241.5,271.3
TH01660,,WHEEL_LOADER,WL-972XE,Grading,BEGINNER,1.4,CRUSHED_STONE,1.7,4093.4,FLAT,5.9,11.4,CLOUDY,20.4,0.0,3590.0,350.0,14.4,0.115,74.4,1723.0,560.9,720.0
TH01661,,MOTOR_GRADER,MG-986D2,Grading,EXPERT,22.8,GRAVEL,1.8,5395.3,HILLY,7.7,7.0,SUNNY,37.9,0.0,8182.0,237.0,11.1,0.076,63.4,1866.0,214.5,248.0
TH01662,,EXCAVATOR,EX-226XE,Demolition,INTERMEDIATE,7.6,SAND,1.5,856.6,FLAT,0.0,19.4,WINDY,26.9,0.0,7828.0,1640.0,13.8,0.034,76.2,1859.0,333.3,348.1
TH01663,,BACKHOE_LOADER,BL-986D,Trenching,INTERMEDIATE,6.8,CRUSHED_STONE,1.7,397.8,FLAT,12.4,14.5,SUNNY,26.9,0.0,5704.0,2740.0,12.0,0.01,64.2,1823.0,233.7,274.3
TH01664,,EXCAVATOR,EX-226D2,Earth Excavation,BEGINNER,2.5,ASPHALT_MILLINGS,1.4,1280.4,MOUNTAINOUS,19.5,7.4,SUNNY,21.1,0.0,9736.0,146.0,1.1,0.199,52.8,2013.0,474.7,589.4
TH01665,,WHEEL_LOADER,WL-140XE,Material Stockpiling,BEGINNER,0.5,ROCK_FILL,2.2,1982.8,UNEVEN,0.3,8.0,SUNNY,33.9,0.0,6637.0,3148.0,8.1,0.345,39.0,1863.0,562.1,1067.3
TH01666,,BACKHOE_LOADER,BL-390D2,Trenching,INTERMEDIATE,7.1,GRAVEL,1.8,92.1,UNEVEN,0.3,20.5,WINDY,18.2,0.0,3299.0,1903.0,4.2,0.177,35.3,1317.0,53.4,58.1
TH01667,,DOZER,DZ-160GC,Road Preparation,INTERMEDIATE,6.3,CRUSHED_STONE,1.7,5355.4,MOUNTAINOUS,17.8,11.8,SUNNY,20.3,0.0,6875.0,902.0,14.4,0.204,60.9,1663.0,386.8,538.0
TH01668,,DOZER,DZ-160GC,Road Preparation,INTERMEDIATE,7.1,TOPSOIL,1.3,1618.7,MOUNTAINOUS,15.2,22.0,CLOUDY,23.3,0.0,3239.0,2823.0,14.4,0.248,64.0,1813.0,118.9,163.1
TH01669,,ARTICULATED_HAULER,AH-120D2,Hauling,INTERMEDIATE,6.7,CLAY,1.6,995.4,UNEVEN,2.5,16.2,SUNNY,19.1,0.0,9306.0,1277.0,2.8,0.054,46.2,958.0,335.0,379.4
TH01670,,ARTICULATED_HAULER,AH-336,Grading,INTERMEDIATE,6.3,ASPHALT_MILLINGS,1.4,3202.6,UNEVEN,0.0,21.3,SUNNY,25.6,0.0,8627.0,3325.0,8.5,0.186,46.3,1811.0,270.8,312.6
TH01671,,ARTICULATED_HAULER,AH-349D,Hauling,EXPERT,20.5,ASPHALT_MILLINGS,1.4,258.6,ROLLING,8.6,22.5,RAINY,23.9,10.5,788.0,3281.0,0.8,0.118,35.4,1469.0,75.1,207.3
TH01672,,BACKHOE_LOADER,BL-986GC,Trenching,BEGINNER,1.0,TOPSOIL,1.3,129.7,MOUNTAINOUS,12.4,6.9,SUNNY,30.6,0.0,7599.0,2283.0,7.3,0.163,30.5,1282.0,103.4,113.1
TH01673,,EXCAVATOR,EX-950D2,Material Loading,INTERMEDIATE,7.1,TOPSOIL,1.3,1858.9,HILLY,11.5,3.2,CLOUDY,17.6,0.0,4867.0,2368.0,3.2,0.113,57.4,1626.0,434.8,494.2
TH01674,,BACKHOE_LOADER,BL-390,Trenching,INTERMEDIATE,7.0,SAND,1.5,200.8,FLAT,3.8,17.8,RAINY,36.1,3.3,570.0,1390.0,10.5,0.161,50.7,1401.0,116.1,202.1
TH01675,,EXCAVATOR,EX-390D2,Demolition,EXPERT,22.8,ASPHALT_MILLINGS,1.4,1019.6,FLAT,1.3,3.0,CLOUDY,24.8,0.0,7993.0,3408.0,14.3,0.01,75.1,1623.0,340.7,307.9
TH01676,,COMPACTOR,CP-972D2,Demolition,INTERMEDIATE,5.0,SAND,1.5,527.2,MOUNTAINOUS,28.4,4.4,CLOUDY,25.6,0.0,6240.0,2079.0,4.2,0.01,76.0,1520.0,374.1,430.8
TH01677,,BACKHOE_LOADER,BL-390D2,Material Stockpiling,BEGINNER,2.3,CLAY,1.6,1646.9,UNEVEN,0.0,26.4,RAINY,24.1,7.6,839.0,3078.0,4.2,0.168,85.6,2029.0,823.8,2165.1
TH01678,,BACKHOE_LOADER,BL-986D,Trenching,BEGINNER,2.3,ROCK_FILL,2.2,269.3,FLAT,7.6,20.9,RAINY,36.7,3.2,712.0,2116.0,12.0,0.236,37.0,1443.0,195.5,408.5
TH01679,,BACKHOE_LOADER,BL-390,Material Stockpiling,INTERMEDIATE,7.7,ASPHALT_MILLINGS,1.4,1659.2,FLAT,1.0,16.5,RAINY,28.5,1.6,909.0,1120.0,10.5,0.141,43.4,1487.0,598.1,953.8
TH01680,,EXCAVATOR,EX-226XE,Trenching,EXPERT,20.5,GRAVEL,1.8,379.2,FLAT,3.2,3.0,SUNNY,15.9,0.0,9180.0,2364.0,13.8,0.135,39.8,1431.0,184.4,231.7
TH01681,,BACKHOE_LOADER,BL-986GC,Trenching,INTERMEDIATE,6.3,CLAY,1.6,254.4,ROLLING,5.3,14.5,CLOUDY,23.3,0.0,5188.0,1353.0,10.6,0.271,48.1,1359.0,144.0,176.6
TH01682,,COMPACTOR,CP-986D2,Road Preparation,INTERMEDIATE,4.6,ASPHALT_MILLINGS,1.4,4442.2,ROLLING,8.9,17.3,SUNNY,16.5,0.0,5335.0,2025.0,8.3,0.219,29.7,1404.0,316.0,385.9
TH01683,,EXCAVATOR,EX-226XE,Demolition,BEGINNER,1.4,ROCK_FILL,2.2,518.1,FLAT,6.4,13.3,WINDY,34.8,0.0,5088.0,2028.0,13.8,0.346,25.8,1747.0,277.8,360.0
TH01684,,EXCAVATOR,EX-390D2,Grading,BEGINNER,1.4,ASPHALT_MILLINGS,1.4,966.5,FLAT,7.3,14.3,SUNNY,25.1,0.0,7632.0,2356.0,14.3,0.159,47.4,1540.0,110.8,113.8
TH01685,,DOZER,DZ-986D2,Demolition,INTERMEDIATE,6.7,CRUSHED_STONE,1.7,1001.5,FLAT,4.4,14.4,SUNNY,18.9,0.0,5080.0,609.0,13.6,0.091,11.1,1565.0,388.6,394.2
TH01686,,EXCAVATOR,EX-226D2,Material Loading,INTERMEDIATE,5.5,ROCK_FILL,2.2,281.1,MOUNTAINOUS,22.4,21.7,CLOUDY,28.8,0.0,7373.0,2115.0,1.1,0.097,62.5,1866.0,68.8,89.9
TH01687,,COMPACTOR,CP-950,Hauling,BEGINNER,2.3,CRUSHED_STONE,1.7,854.6,ROLLING,5.1,8.9,CLOUDY,26.2,0.0,4062.0,1480.0,3.4,0.114,64.3,1333.0,604.8,835.2
TH01688,,MOTOR_GRADER,MG-336GC,Road Preparation,EXPERT,18.2,CLAY,1.6,645.0,FLAT,0.0,44.3,RAINY,43.4,13.3,1835.0,3232.0,10.0,0.139,64.1,1739.0,40.2,62.7
TH01689,,COMPACTOR,CP-950,Soil Compaction,EXPERT,15.9,GRAVEL,1.8,1144.5,ROLLING,3.0,16.3,SUNNY,27.7,0.0,9748.0,2072.0,3.4,0.068,72.8,1417.0,36.0,39.2
TH01690,,MOTOR_GRADER,MG-220D2,Road Preparation,INTERMEDIATE,6.8,ROCK_FILL,2.2,5696.0,UNEVEN,2.4,23.4,CLOUDY,29.5,0.0,4972.0,2442.0,1.2,0.02,55.0,1635.0,395.8,434.8
TH01691,,EXCAVATOR,EX-320GC,Material Loading,BEGINNER,0.5,SAND,1.5,809.2,MOUNTAINOUS,16.0,11.2,SUNNY,27.3,0.0,9255.0,342.0,5.3,0.144,36.2,1084.0,260.6,315.0
TH01692,,EXCAVATOR,EX-226D2,Material Loading,BEGINNER,0.5,CLAY,1.6,948.8,MOUNTAINOUS,19.3,48.8,RAINY,28.0,14.4,496.0,446.0,1.1,0.301,33.1,1628.0,293.8,821.7
TH01693,,MOTOR_GRADER,MG-160D,Road Preparation,BEGINNER,1.5,SAND,1.5,1187.9,UNEVEN,0.0,23.7,SUNNY,23.4,0.0,8353.0,1007.0,7.7,0.288,74.0,1674.0,115.6,117.4
TH01694,,ARTICULATED_HAULER,AH-349D,Soil Compaction,EXPERT,23.4,ROCK_FILL,2.2,603.1,ROLLING,7.2,10.3,CLOUDY,10.1,0.0,5665.0,3474.0,0.8,0.175,72.1,1863.0,29.2,34.1
TH01695,,BACKHOE_LOADER,BL-986GC,Trenching,INTERMEDIATE,7.6,CLAY,1.6,202.5,ROLLING,8.5,15.9,RAINY,13.0,7.7,1317.0,384.0,10.6,0.106,87.6,1527.0,121.1,192.3
TH01696,,MOTOR_GRADER,MG-160D,Road Preparation,BEGINNER,1.8,GRAVEL,1.8,1082.4,UNEVEN,2.1,17.9,SUNNY,27.4,0.0,6255.0,1639.0,7.7,0.253,45.2,2400.0,100.3,122.3
TH01697,,DOZER,DZ-972,Road Preparation,BEGINNER,1.8,CRUSHED_STONE,1.7,2349.0,UNEVEN,2.3,11.7,SUNNY,19.5,0.0,7581.0,498.0,2.3,0.272,38.6,2400.0,217.1,239.8
TH01698,,MOTOR_GRADER,MG-390D2,Trenching,BEGINNER,1.8,ROCK_FILL,2.2,198.2,FLAT,0.0,34.0,SUNNY,14.0,0.0,8635.0,228.0,8.3,0.238,78.0,1882.0,293.0,339.7
TH01699,,ARTICULATED_HAULER,AH-336,Material Loading,EXPERT,14.9,ASPHALT_MILLINGS,1.4,1372.3,UNEVEN,0.0,17.2,RAINY,27.4,9.8,811.0,477.0,8.5,0.074,16.5,1257.0,504.7,846.3
TH01700,,BACKHOE_LOADER,BL-390D2,Trenching,INTERMEDIATE,5.5,GRAVEL,1.8,340.1,UNEVEN,2.9,63.8,STORM,21.6,22.0,123.0,674.0,4.2,0.193,55.1,1667.0,196.0,690.7
TH01701,,DOZER,DZ-972,Demolition,EXPERT,23.6,CRUSHED_STONE,1.7,613.2,UNEVEN,4.6,24.1,SUNNY,26.4,0.0,9706.0,1010.0,2.3,0.114,48.0,1513.0,212.5,244.1
TH01702,,MOTOR_GRADER,MG-336GC,Demolition,BEGINNER,1.0,CRUSHED_STONE,1.7,267.8,FLAT,0.0,21.2,SUNNY,21.0,0.0,6915.0,2732.0,10.0,0.2,77.9,1496.0,250.8,308.1
TH01703,,BACKHOE_LOADER,BL-220GC,Trenching,INTERMEDIATE,3.9,ASPHALT_MILLINGS,1.4,490.2,UNEVEN,0.0,27.6,RAINY,35.8,4.2,1289.0,2837.0,3.0,0.173,72.3,1350.0,291.5,399.2
TH01704,,COMPACTOR,CP-950,Soil Compaction,INTERMEDIATE,7.1,ROCK_FILL,2.2,4958.4,ROLLING,6.1,26.8,SUNNY,16.5,0.0,9013.0,1894.0,3.4,0.186,37.4,1763.0,178.2,226.8
TH01705,,ARTICULATED_HAULER,AH-226D,Hauling,INTERMEDIATE,5.1,ROCK_FILL,2.2,2183.3,ROLLING,3.4,26.3,RAINY,16.6,12.7,949.0,2782.0,2.4,0.126,51.7,1890.0,754.9,1514.9
TH01706,,ARTICULATED_HAULER,AH-120D2,Hauling,INTERMEDIATE,2.6,CRUSHED_STONE,1.7,367.6,UNEVEN,3.6,21.7,SUNNY,24.8,0.0,9626.0,1168.0,2.8,0.229,51.9,1883.0,135.6,177.5
TH01707,,BACKHOE_LOADER,BL-986GC,Earth Excavation,INTERMEDIATE,6.4,ROCK_FILL,2.2,679.1,MOUNTAINOUS,15.7,16.9,CLOUDY,19.8,0.0,4230.0,2866.0,7.3,0.098,51.5,1611.0,448.2,518.6
TH01708,,COMPACTOR,CP-986D2,Road Preparation,INTERMEDIATE,7.7,ASPHALT_MILLINGS,1.4,940.5,ROLLING,9.8,54.5,STORM,22.2,25.3,277.0,649.0,8.3,0.023,86.1,1722.0,67.4,200.9
TH01709,,EXCAVATOR,EX-226XE,Demolition,INTERMEDIATE,2.1,GRAVEL,1.8,834.1,FLAT,0.2,14.1,CLOUDY,20.7,0.0,4762.0,2949.0,13.8,0.195,95.8,1601.0,359.5,381.0
TH01710,,BACKHOE_LOADER,BL-390,Trenching,INTERMEDIATE,2.6,GRAVEL,1.8,288.5,FLAT,7.5,47.2,RAINY,25.7,12.8,1243.0,2632.0,10.5,0.142,58.1,1595.0,182.0,338.8
TH01711,,WHEEL_LOADER,WL-972XE,Earth Excavation,INTERMEDIATE,3.6,ASPHALT_MILLINGS,1.4,525.9,FLAT,2.6,11.9,RAINY,34.9,2.8,550.0,2190.0,14.4,0.131,97.1,1609.0,275.5,432.5
TH01712,,DOZER,DZ-986D2,Hauling,INTERMEDIATE,6.8,CLAY,1.6,330.2,FLAT,0.0,15.6,SUNNY,29.5,0.0,5048.0,1836.0,13.6,0.013,59.5,1583.0,213.0,237.5
TH01713,,MOTOR_GRADER,MG-986XE,Road Preparation,EXPERT,14.9,GRAVEL,1.8,4460.3,FLAT,1.4,10.1,WINDY,5.5,0.0,4771.0,2087.0,12.4,0.081,73.6,1705.0,275.8,328.5
TH01714,,DOZER,DZ-986D2,Earth Excavation,EXPERT,12.7,ASPHALT_MILLINGS,1.4,172.1,FLAT,1.5,8.4,SUNNY,25.3,0.0,8692.0,2439.0,13.6,0.097,86.4,1554.0,91.8,95.8
TH01715,,DOZER,DZ-986GC,Material Stockpiling,INTERMEDIATE,7.6,CRUSHED_STONE,1.7,430.1,FLAT,1.6,18.4,CLOUDY,20.9,0.0,4810.0,693.0,12.0,0.048,57.5,2367.0,89.5,90.1
TH01716,,DOZER,DZ-972,Material Stockpiling,INTERMEDIATE,7.1,CRUSHED_STONE,1.7,1366.4,UNEVEN,2.3,3.6,CLOUDY,32.8,0.0,6458.0,3024.0,2.3,0.286,79.8,1498.0,277.0,538.4
TH01717,,BACKHOE_LOADER,BL-220GC,Material Loading,INTERMEDIATE,7.1,CRUSHED_STONE,1.7,903.1,UNEVEN,2.8,34.8,RAINY,31.3,11.5,1551.0,3254.0,3.0,0.141,53.3,1614.0,366.0,515.8
TH01718,,DOZER,DZ-972,Demolition,BEGINNER,0.5,CLAY,1.6,607.2,UNEVEN,1.7,88.8,STORM,28.1,33.0,88.0,277.0,2.3,0.216,74.0,1486.0,337.3,1242.0
TH01719,,COMPACTOR,CP-986D2,Trenching,BEGINNER,0.8,ASPHALT_MILLINGS,1.4,408.7,ROLLING,9.3,3.0,CLOUDY,24.0,0.0,5912.0,1800.0,8.3,0.207,57.5,1645.0,684.1,976.8
TH01720,,ARTICULATED_HAULER,AH-349D,Hauling,INTERMEDIATE,3.0,GRAVEL,1.8,406.6,ROLLING,6.0,5.0,SUNNY,23.4,0.0,7998.0,791.0,0.8,0.161,27.0,1666.0,150.8,159.8
TH01721,,EXCAVATOR,EX-226D2,Material Stockpiling,INTERMEDIATE,6.3,TOPSOIL,1.3,2021.7,MOUNTAINOUS,22.7,28.1,RAINY,25.1,11.3,972.0,1417.0,1.1,0.11,71.5,1402.0,756.5,1591.5
TH01722,,EXCAVATOR,EX-390D2,Road Preparation,INTERMEDIATE,4.4,CRUSHED_STONE,1.7,5194.7,FLAT,0.0,7.0,SUNNY,34.1,0.0,6570.0,2116.0,14.3,0.175,68.5,1495.0,668.7,695.4
TH01723,,WHEEL_LOADER,WL-390,Material Stockpiling,EXPERT,17.3,CRUSHED_STONE,1.7,1927.5,UNEVEN,0.0,10.0,CLOUDY,24.2,0.0,8951.0,717.0,9.6,0.114,79.6,1574.0,362.6,447.0
TH01724,,DOZER,DZ-349D,Demolition,INTERMEDIATE,6.7,CRUSHED_STONE,1.7,1008.9,ROLLING,11.2,6.6,CLOUDY,19.7,0.0,8320.0,2534.0,10.1,0.182,53.5,1312.0,389.8,395.8
TH01725,,DOZER,DZ-986GC,Material Stockpiling,INTERMEDIATE,7.1,ASPHALT_MILLINGS,1.4,1029.4,FLAT,8.8,19.2,WINDY,17.7,0.0,5101.0,2146.0,12.0,0.068,,1219.0,214.3,355.3
TH01726,,EXCAVATOR,EX-336XE,Trenching,BEGINNER,2.3,TOPSOIL,1.3,400.7,UNEVEN,7.5,3.0,WINDY,20.9,0.0,5007.0,447.0,4.7,0.212,64.4,1671.0,307.2,352.0
TH01727,,WHEEL_LOADER,WL-390D2,Material Stockpiling,INTERMEDIATE,7.1,ROCK_FILL,2.2,1227.5,ROLLING,11.3,13.4,WINDY,28.7,0.0,6978.0,861.0,14.3,0.247,22.0,1259.0,248.0,410.4
TH01728,,EXCAVATOR,EX-320GC,Material Loading,INTERMEDIATE,6.7,GRAVEL,1.8,1569.4,MOUNTAINOUS,8.7,17.2,WINDY,12.9,0.0,3714.0,1162.0,5.3,0.078,57.5,1273.0,358.8,445.5
TH01729,,DOZER,DZ-972,Road Preparation,INTERMEDIATE,4.4,SAND,1.5,2083.4,UNEVEN,1.8,12.6,FOG,21.3,0.4,218.0,992.0,2.3,0.265,44.1,1749.0,145.3,239.7
TH01730,,MOTOR_GRADER,MG-390D2,Material Loading,BEGINNER,1.8,CRUSHED_STONE,1.7,885.3,FLAT,4.0,3.0,CLOUDY,27.1,0.0,8943.0,2250.0,8.3,0.245,55.4,2400.0,553.5,647.5
TH01731,,DOZER,DZ-986D2,Hauling,INTERMEDIATE,6.7,CLAY,1.6,1562.0,FLAT,5.0,7.3,WINDY,29.4,0.0,7235.0,270.0,13.6,0.139,49.3,1380.0,1057.6,1271.0
TH01732,,COMPACTOR,CP-986D2,Road Preparation,EXPERT,23.6,ASPHALT_MILLINGS,1.4,585.4,ROLLING,6.5,3.0,SUNNY,15.8,0.0,5148.0,2952.0,8.3,0.098,47.0,1194.0,36.5,36.4
TH01733,,WHEEL_LOADER,WL-336,Road Preparation,INTERMEDIATE,6.7,GRAVEL,1.8,5130.8,ROLLING,4.4,3.0,SUNNY,20.7,0.0,8059.0,1256.0,7.7,0.164,47.6,1537.0,591.1,659.2
TH01734,,EXCAVATOR,EX-390D2,Earth Excavation,INTERMEDIATE,4.6,TOPSOIL,1.3,1229.0,FLAT,3.6,6.0,SUNNY,7.9,0.0,7092.0,1319.0,14.3,0.211,53.6,1581.0,352.7,473.8
TH01735,,WHEEL_LOADER,WL-336,Material Loading,EXPERT,7.3,ASPHALT_MILLINGS,1.4,191.1,ROLLING,6.0,10.4,WINDY,23.2,0.0,4350.0,1576.0,7.7,0.061,65.1,1851.0,39.1,40.4
TH01736,,DOZER,DZ-986D2,Material Stockpiling,INTERMEDIATE,7.7,CLAY,1.6,1176.6,FLAT,3.5,37.2,STORM,22.6,12.3,198.0,741.0,13.6,0.136,47.4,2062.0,246.5,796.5
TH01737,,WHEEL_LOADER,WL-336,Material Stockpiling,EXPERT,7.3,TOPSOIL,1.3,268.4,ROLLING,8.9,8.2,WINDY,18.0,0.0,7900.0,384.0,7.7,0.037,51.0,2040.0,50.5,57.1
TH01738,,WHEEL_LOADER,WL-972XE,Material Loading,INTERMEDIATE,7.0,ASPHALT_MILLINGS,1.4,1149.6,FLAT,0.0,23.8,RAINY,11.6,6.0,,2766.0,14.4,0.19,59.7,1368.0,261.9,321.4
TH01739,,EXCAVATOR,EX-972XE,Trenching,BEGINNER,2.5,ASPHALT_MILLINGS,1.4,176.2,FLAT,1.7,3.0,SUNNY,37.8,0.0,7048.0,1426.0,3.7,0.243,86.2,1769.0,130.2,150.3
TH01740,,MOTOR_GRADER,MG-986D2,Road Preparation,INTERMEDIATE,7.7,SAND,1.5,1093.8,HILLY,14.5,11.1,CLOUDY,10.0,0.0,6424.0,1606.0,11.1,0.233,69.6,1658.0,77.0,107.2
TH01741,,WHEEL_LOADER,WL-972XE,Grading,BEGINNER,2.5,CRUSHED_STONE,1.7,2812.0,FLAT,0.1,29.4,STORM,7.3,11.1,392.0,1107.0,14.4,0.234,86.8,1687.0,275.6,720.9
TH01742,,BACKHOE_LOADER,BL-220GC,Road Preparation,EXPERT,23.4,TOPSOIL,1.3,5906.4,UNEVEN,0.0,29.0,SUNNY,34.3,0.0,5222.0,2503.0,3.0,0.01,75.5,1679.0,622.5,537.2
TH01743,,EXCAVATOR,EX-226D2,Demolition,INTERMEDIATE,7.6,CRUSHED_STONE,1.7,417.2,MOUNTAINOUS,21.7,14.4,SUNNY,26.3,0.0,5976.0,3126.0,1.1,0.011,43.8,2358.0,165.4,169.2
TH01744,,WHEEL_LOADER,WL-986,Material Stockpiling,INTERMEDIATE,6.3,ROCK_FILL,2.2,1128.4,MOUNTAINOUS,18.4,34.6,RAINY,20.1,12.8,1633.0,1740.0,11.8,0.189,74.3,1474.0,241.6,690.2
TH01745,,MOTOR_GRADER,MG-160D,Grading,INTERMEDIATE,7.6,ASPHALT_MILLINGS,1.4,4432.9,UNEVEN,0.0,14.6,SUNNY,,0.0,7630.0,3048.0,7.7,0.113,69.8,1793.0,204.0,222.9
TH01746,,BACKHOE_LOADER,BL-390D2,Trenching,BEGINNER,0.6,ROCK_FILL,2.2,377.0,UNEVEN,3.6,16.0,CLOUDY,17.9,0.0,5426.0,1361.0,4.2,0.37,46.2,1236.0,288.9,379.0
TH01747,,MOTOR_GRADER,MG-160D,Grading,INTERMEDIATE,3.0,CRUSHED_STONE,1.7,4300.8,UNEVEN,0.0,38.0,RAINY,41.5,12.9,1265.0,573.0,7.7,0.117,76.3,1327.0,205.6,311.0
TH01748,,EXCAVATOR,EX-226D2,Hauling,BEGINNER,0.5,CLAY,1.6,1035.9,MOUNTAINOUS,13.6,26.1,SUNNY,38.7,0.0,,963.0,1.1,0.208,62.9,1485.0,932.7,1375.4
TH01749,,MOTOR_GRADER,MG-220D2,Road Preparation,INTERMEDIATE,5.5,ASPHALT_MILLINGS,1.4,3136.5,UNEVEN,0.0,14.3,SUNNY,27.8,0.0,7053.0,1125.0,1.2,0.137,66.8,1739.0,226.0,225.7
TH01750,,WHEEL_LOADER,WL-986,Material Stockpiling,INTERMEDIATE,2.7,SAND,1.5,1071.7,MOUNTAINOUS,24.0,5.0,RAINY,22.1,2.9,1062.0,1863.0,11.8,0.097,57.0,1239.0,234.0,559.9
TH01751,,ARTICULATED_HAULER,AH-349D,Hauling,EXPERT,19.9,GRAVEL,1.8,1014.8,ROLLING,9.6,4.5,CLOUDY,19.2,0.0,7124.0,471.0,0.8,0.182,55.1,1260.0,307.8,345.6
TH01752,,WHEEL_LOADER,WL-336,Material Stockpiling,INTERMEDIATE,3.9,CLAY,1.6,1913.8,ROLLING,8.7,35.1,RAINY,29.6,8.3,1073.0,2790.0,7.7,0.066,48.7,1385.0,411.9,1047.3
TH01753,,BACKHOE_LOADER,BL-986GC,Trenching,INTERMEDIATE,4.4,TOPSOIL,1.3,88.6,MOUNTAINOUS,10.9,26.8,RAINY,11.9,9.0,724.0,769.0,7.3,0.326,60.9,1483.0,53.5,102.4
TH01754,,EXCAVATOR,EX-950D2,Trenching,INTERMEDIATE,7.0,CLAY,1.6,42.5,HILLY,10.1,3.0,SUNNY,28.6,0.0,8315.0,1161.0,3.2,0.276,49.8,1352.0,23.8,28.8
TH01755,,WHEEL_LOADER,WL-390,Material Loading,INTERMEDIATE,7.6,GRAVEL,1.8,1432.9,UNEVEN,0.0,27.1,RAINY,22.3,9.7,855.0,643.0,9.6,0.033,85.0,1535.0,337.6,496.7
TH01756,,BACKHOE_LOADER,BL-986D,Trenching,BEGINNER,1.8,ROCK_FILL,2.2,289.7,FLAT,8.3,18.1,SUNNY,19.9,0.0,6893.0,2946.0,12.0,0.302,48.6,1478.0,211.2,295.1
TH01757,,MOTOR_GRADER,MG-220D2,Grading,BEGINNER,2.3,TOPSOIL,1.3,3823.7,UNEVEN,3.3,88.7,STORM,20.1,32.1,190.0,2494.0,1.2,0.135,76.4,1220.0,230.3,904.6
TH01758,,BACKHOE_LOADER,BL-986GC,Trenching,BEGINNER,2.0,ASPHALT_MILLINGS,1.4,548.0,ROLLING,5.9,4.2,SUNNY,18.5,0.0,6924.0,1811.0,10.6,0.107,67.6,1549.0,397.2,467.3
TH01759,,DOZER,DZ-950D,Road Preparation,EXPERT,19.9,CLAY,1.6,1953.3,MOUNTAINOUS,4.6,51.3,STORM,25.9,24.1,241.0,3442.0,1.6,0.139,51.0,1869.0,119.9,306.3
TH01760,,EXCAVATOR,EX-950D2,Trenching,INTERMEDIATE,7.6,TOPSOIL,1.3,473.0,HILLY,5.4,29.3,RAINY,28.8,7.7,1902.0,281.0,3.2,0.088,58.9,2236.0,269.3,349.4
TH01761,,BACKHOE_LOADER,BL-220GC,Hauling,INTERMEDIATE,7.1,ASPHALT_MILLINGS,1.4,2014.2,UNEVEN,0.0,55.0,STORM,14.3,26.4,84.0,2480.0,3.0,0.106,98.7,2065.0,1229.8,4976.4
TH01762,,WHEEL_LOADER,WL-336,Material Stockpiling,EXPERT,12.7,SAND,1.5,1548.7,ROLLING,10.1,14.7,CLOUDY,30.3,0.0,3181.0,1691.0,7.7,0.012,43.9,1198.0,290.5,386.8
TH01763,,DOZER,DZ-986D2,Grading,BEGINNER,1.5,GRAVEL,1.8,2636.2,FLAT,7.4,3.0,CLOUDY,28.4,0.0,4117.0,1380.0,13.6,0.276,37.4,1349.0,327.1,437.4
TH01764,,MOTOR_GRADER,MG-220D2,Grading,BEGINNER,2.3,TOPSOIL,1.3,1324.1,UNEVEN,0.0,13.5,SUNNY,19.0,0.0,5132.0,2262.0,1.2,0.154,47.0,1793.0,77.8,71.6
TH01765,,EXCAVATOR,EX-950D2,Demolition,INTERMEDIATE,3.9,CLAY,1.6,158.9,HILLY,4.3,6.6,CLOUDY,25.1,0.0,7911.0,92.0,3.2,0.068,91.0,1630.0,65.6,58.0
TH01766,,COMPACTOR,CP-986D2,Road Preparation,EXPERT,20.5,CLAY,1.6,2043.4,ROLLING,4.2,9.5,SUNNY,27.0,0.0,6668.0,2765.0,8.3,0.086,72.1,1368.0,130.6,136.2
TH01767,,MOTOR_GRADER,MG-986XE,Material Loading,EXPERT,11.3,ROCK_FILL,2.2,1417.8,FLAT,1.0,43.5,STORM,28.5,8.4,176.0,1850.0,12.4,0.084,19.0,1683.0,607.5,1804.6
TH01768,,MOTOR_GRADER,MG-336GC,Grading,EXPERT,14.9,CRUSHED_STONE,1.7,3063.6,FLAT,0.0,16.4,CLOUDY,19.0,0.0,4380.0,761.0,10.0,0.061,59.0,1049.0,122.3,120.9
TH01769,,EXCAVATOR,EX-950D2,Earth Excavation,INTERMEDIATE,2.7,CRUSHED_STONE,1.7,1219.7,HILLY,6.5,3.0,SUNNY,20.0,0.0,6079.0,3410.0,3.2,0.171,,1494.0,384.6,423.4
TH01770,,ARTICULATED_HAULER,AH-226D,Trenching,BEGINNER,2.3,ASPHALT_MILLINGS,1.4,214.7,ROLLING,9.1,3.0,SUNNY,38.8,0.0,8250.0,1180.0,2.4,0.134,27.0,1890.0,324.7,347.3
TH01771,,EXCAVATOR,EX-972,Material Stockpiling,EXPERT,14.9,CRUSHED_STONE,1.7,395.4,UNEVEN,0.0,3.0,SUNNY,18.6,0.0,,822.0,7.8,0.142,19.5,1438.0,125.9,140.4
TH01772,,DOZER,DZ-986GC,Demolition,BEGINNER,2.0,CRUSHED_STONE,1.7,538.9,FLAT,0.0,10.0,CLOUDY,26.0,0.0,3008.0,1521.0,12.0,0.175,69.3,1770.0,279.7,308.1
TH01773,,WHEEL_LOADER,WL-390D2,Material Loading,INTERMEDIATE,2.7,ASPHALT_MILLINGS,1.4,1002.7,ROLLING,9.7,11.9,FOG,18.6,0.8,290.0,2535.0,14.3,0.065,50.8,1220.0,240.0,443.9
TH01774,,MOTOR_GRADER,MG-986XE,Road Preparation,EXPERT,15.9,CRUSHED_STONE,1.7,5695.2,FLAT,2.4,66.9,STORM,8.9,25.0,168.0,1518.0,12.4,0.074,44.2,1299.0,340.8,1170.5
TH01775,,WHEEL_LOADER,WL-336,Material Loading,BEGINNER,0.6,ASPHALT_MILLINGS,1.4,1182.4,ROLLING,9.5,11.0,CLOUDY,17.8,0.0,3837.0,2188.0,7.7,0.245,47.8,1448.0,370.4,492.5
TH01776,,MOTOR_GRADER,MG-336GC,Road Preparation,EXPERT,11.3,CLAY,1.6,1964.0,FLAT,6.8,3.0,CLOUDY,36.7,0.0,8940.0,2282.0,10.0,0.11,66.9,1381.0,125.5,134.4
TH01777,,MOTOR_GRADER,MG-160D,Road Preparation,INTERMEDIATE,6.8,ROCK_FILL,2.2,4368.7,UNEVEN,0.0,3.0,SUNNY,31.5,0.0,6146.0,1951.0,7.7,0.01,41.3,1677.0,320.7,321.9
TH01778,,MOTOR_GRADER,MG-986D2,Road Preparation,INTERMEDIATE,3.6,CRUSHED_STONE,1.7,4731.5,HILLY,12.3,66.9,STORM,29.2,26.5,195.0,2153.0,11.1,0.258,74.6,1490.0,355.1,1381.5
TH01779,,ARTICULATED_HAULER,AH-336,Material Stockpiling,EXPERT,17.3,CRUSHED_STONE,1.7,2408.1,UNEVEN,2.9,12.0,WINDY,10.5,0.0,3215.0,2254.0,8.5,0.175,49.0,1236.0,976.5,1729.0
TH01780,,EXCAVATOR,EX-226D2,Demolition,BEGINNER,0.6,GRAVEL,1.8,243.7,MOUNTAINOUS,22.0,16.5,SUNNY,20.3,0.0,5365.0,608.0,1.1,0.193,44.3,1529.0,129.5,206.0
TH01781,,ARTICULATED_HAULER,AH-226D,Demolition,BEGINNER,0.6,CLAY,1.6,131.1,ROLLING,5.5,28.9,RAINY,19.3,8.6,839.0,3116.0,2.4,0.216,73.1,1363.0,157.8,259.4
TH01782,,BACKHOE_LOADER,BL-390,Trenching,BEGINNER,2.3,SAND,1.5,434.2,FLAT,4.7,8.3,WINDY,20.4,0.0,6738.0,1852.0,10.5,0.302,73.5,1641.0,317.1,472.8
TH01783,,MOTOR_GRADER,MG-160D,Road Preparation,EXPERT,12.7,CRUSHED_STONE,1.7,2926.3,UNEVEN,4.9,12.2,WINDY,23.3,0.0,6001.0,2568.0,7.7,0.026,35.6,1794.0,180.1,211.9
TH01784,,EXCAVATOR,EX-226D2,Material Loading,INTERMEDIATE,7.0,ASPHALT_MILLINGS,1.4,287.1,MOUNTAINOUS,18.8,17.3,CLOUDY,21.8,0.0,4952.0,2967.0,1.1,0.162,45.3,1495.0,68.6,65.6
TH01785,,BACKHOE_LOADER,BL-986GC,Trenching,INTERMEDIATE,5.5,CLAY,1.6,542.1,ROLLING,5.6,15.3,WINDY,21.0,0.0,7322.0,682.0,10.6,0.288,62.7,1471.0,318.1,415.4
TH01786,,EXCAVATOR,EX-226D2,Trenching,EXPERT,15.9,ASPHALT_MILLINGS,1.4,471.5,MOUNTAINOUS,21.1,9.4,WINDY,22.5,0.0,4015.0,856.0,1.1,0.043,56.8,1778.0,227.2,298.0
TH01787,,EXCAVATOR,EX-950D2,Material Loading,INTERMEDIATE,7.6,TOPSOIL,1.3,357.1,HILLY,11.9,13.5,SUNNY,22.5,0.0,8753.0,2678.0,3.2,0.133,58.1,2400.0,84.5,77.4
TH01788,,WHEEL_LOADER,WL-390,Material Loading,INTERMEDIATE,7.7,CRUSHED_STONE,1.7,1502.3,UNEVEN,0.0,39.0,RAINY,29.2,12.7,362.0,799.0,9.6,0.106,36.7,1714.0,356.8,515.2
TH01789,,WHEEL_LOADER,WL-336,Material Loading,INTERMEDIATE,7.7,TOPSOIL,1.3,1347.6,ROLLING,4.8,20.2,SUNNY,16.3,0.0,9813.0,2229.0,7.7,0.168,63.8,1770.0,327.2,337.8
TH01790,,MOTOR_GRADER,MG-390D2,Road Preparation,EXPERT,22.8,ASPHALT_MILLINGS,1.4,463.9,FLAT,0.6,20.8,WINDY,23.4,0.0,4238.0,1450.0,8.3,0.083,55.2,1796.0,28.7,29.4
TH01791,,EXCAVATOR,EX-336XE,Demolition,BEGINNER,0.5,CLAY,1.6,1279.9,UNEVEN,4.6,18.9,WINDY,22.5,0.0,8256.0,1294.0,4.7,0.247,89.2,1722.0,688.6,678.5
TH01792,,MOTOR_GRADER,MG-220D2,Grading,INTERMEDIATE,4.6,SAND,1.5,5980.0,UNEVEN,1.6,7.5,CLOUDY,22.8,0.0,8104.0,2605.0,1.2,0.155,65.9,1396.0,274.7,272.3
TH01793,,ARTICULATED_HAULER,AH-226D,Demolition,INTERMEDIATE,7.1,SAND,1.5,805.3,ROLLING,6.5,3.0,SUNNY,24.1,0.0,8589.0,655.0,2.4,0.182,80.8,1470.0,563.2,657.2
TH01794,,BACKHOE_LOADER,BL-986D,Trenching,BEGINNER,1.8,SAND,1.5,377.4,FLAT,8.4,6.8,CLOUDY,36.2,0.0,5147.0,887.0,12.0,0.269,35.9,2400.0,291.5,390.3
TH01795,,WHEEL_LOADER,WL-390D2,Soil Compaction,INTERMEDIATE,4.4,CLAY,1.6,3996.2,ROLLING,11.0,8.2,SUNNY,19.1,0.0,7364.0,3473.0,14.3,0.251,62.2,2085.0,244.0,339.3
TH01796,,DOZER,DZ-950D,Road Preparation,INTERMEDIATE,6.8,ROCK_FILL,2.2,5496.3,MOUNTAINOUS,9.8,5.6,CLOUDY,38.0,0.0,5866.0,652.0,1.6,0.034,43.2,1856.0,384.8,456.5
TH01797,,MOTOR_GRADER,MG-220D2,Road Preparation,INTERMEDIATE,6.3,CRUSHED_STONE,1.7,4891.4,UNEVEN,0.0,74.1,STORM,11.0,30.3,283.0,892.0,1.2,0.243,70.4,1661.0,350.0,1306.7
TH01798,,BACKHOE_LOADER,BL-390D2,Trenching,BEGINNER,0.8,ASPHALT_MILLINGS,1.4,141.2,UNEVEN,4.1,16.7,RAINY,32.8,13.8,655.0,598.0,4.2,0.167,82.0,1563.0,106.6,176.7
TH01799,,WHEEL_LOADER,WL-390D2,Material Loading,BEGINNER,1.4,ROCK_FILL,2.2,1810.1,ROLLING,6.1,16.6,CLOUDY,35.8,0.0,8369.0,3422.0,14.3,0.18,23.4,1828.0,558.7,648.5
TH01800,,BACKHOE_LOADER,BL-986GC,Trenching,EXPERT,20.5,GRAVEL,1.8,577.0,MOUNTAINOUS,11.6,10.4,SUNNY,36.2,0.0,6852.0,2974.0,7.3,0.093,45.1,1252.0,283.0,306.0
TH01801,,DOZER,DZ-950D,Road Preparation,BEGINNER,2.5,CRUSHED_STONE,1.7,2285.0,MOUNTAINOUS,7.8,30.9,SUNNY,21.1,0.0,6993.0,2933.0,1.6,0.268,22.2,1469.0,207.0,243.7
TH01802,,MOTOR_GRADER,MG-986XE,Road Preparation,INTERMEDIATE,5.5,CLAY,1.6,3295.3,FLAT,0.0,69.8,STORM,19.7,25.5,,632.0,12.4,0.085,66.8,1734.0,241.0,724.9
TH01803,,WHEEL_LOADER,WL-986,Material Stockpiling,EXPERT,14.9,GRAVEL,1.8,895.6,MOUNTAINOUS,23.0,38.6,RAINY,34.2,4.1,829.0,1802.0,11.8,0.111,62.3,1282.0,166.4,426.2
TH01804,,COMPACTOR,CP-972D2,Road Preparation,BEGINNER,1.4,ASPHALT_MILLINGS,1.4,4776.8,MOUNTAINOUS,27.7,4.2,SUNNY,13.7,0.0,,3316.0,4.2,0.214,53.4,1630.0,438.2,701.1
TH01805,,WHEEL_LOADER,WL-986,Material Loading,EXPERT,7.3,TOPSOIL,1.3,1222.9,MOUNTAINOUS,14.0,20.9,CLOUDY,33.1,0.0,,802.0,11.8,0.013,43.4,2220.0,241.6,263.0
TH01806,,EXCAVATOR,EX-140GC,Material Loading,BEGINNER,2.5,SAND,1.5,927.8,UNEVEN,0.0,26.0,SUNNY,21.9,0.0,9407.0,1013.0,5.6,0.27,43.9,2036.0,277.1,307.2
TH01807,,MOTOR_GRADER,MG-160D,Hauling,EXPERT,23.6,ROCK_FILL,2.2,1058.3,UNEVEN,4.5,24.6,FOG,33.5,0.7,71.0,3198.0,7.7,0.143,31.2,1405.0,692.8,1816.7
TH01808,,COMPACTOR,CP-986D2,Road Preparation,EXPERT,7.3,CRUSHED_STONE,1.7,2313.6,ROLLING,0.0,32.5,CLOUDY,21.6,0.0,4918.0,183.0,8.3,0.02,60.2,1947.0,139.7,152.7
TH01809,,COMPACTOR,CP-950,Soil Compaction,EXPERT,12.7,SAND,1.5,5247.1,ROLLING,12.1,3.1,SUNNY,15.9,0.0,8533.0,3458.0,3.4,0.01,96.2,1906.0,166.1,183.5
TH01810,,MOTOR_GRADER,MG-986D2,Road Preparation,INTERMEDIATE,5.5,GRAVEL,1.8,2984.8,HILLY,9.8,20.0,CLOUDY,19.2,0.0,7332.0,1320.0,11.1,0.203,49.5,1860.0,207.1,293.9
TH01811,,EXCAVATOR,EX-336XE,Demolition,BEGINNER,0.6,GRAVEL,1.8,776.6,UNEVEN,1.9,12.3,CLOUDY,22.2,0.0,6580.0,3457.0,4.7,0.321,40.2,1282.0,427.1,523.5
TH01812,,BACKHOE_LOADER,BL-986GC,Trenching,INTERMEDIATE,3.9,TOPSOIL,1.3,450.0,MOUNTAINOUS,7.5,17.8,SUNNY,23.5,0.0,6322.0,3281.0,7.3,0.146,16.2,1492.0,273.9,262.2
TH01813,,EXCAVATOR,EX-972,Trenching,BEGINNER,1.4,ROCK_FILL,2.2,467.6,UNEVEN,0.1,26.3,CLOUDY,,0.0,4543.0,2025.0,7.8,0.277,30.1,1281.0,363.7,433.5
TH01814,,MOTOR_GRADER,MG-390D2,Road Preparation,BEGINNER,0.8,CLAY,1.6,3078.7,FLAT,1.1,3.7,CLOUDY,23.6,0.0,,1802.0,8.3,0.232,33.7,1644.0,294.9,391.8
TH01815,,DOZER,DZ-349D,Material Stockpiling,BEGINNER,1.8,ROCK_FILL,2.2,709.7,ROLLING,2.9,11.1,SUNNY,28.8,0.0,5006.0,2587.0,10.1,0.257,75.6,2088.0,187.2,361.9
TH01816,,COMPACTOR,CP-972D2,Road Preparation,EXPERT,19.9,CLAY,1.6,1838.4,MOUNTAINOUS,28.4,9.5,WINDY,31.0,0.0,4370.0,3469.0,4.2,0.184,58.0,1528.0,112.8,180.4
TH01817,,MOTOR_GRADER,MG-220D2,Grading,BEGINNER,1.4,CLAY,1.6,1062.4,UNEVEN,3.9,19.2,FOG,24.9,0.9,67.0,1364.0,1.2,0.207,66.4,1199.0,65.6,120.6
TH01818,,EXCAVATOR,EX-320GC,Material Loading,EXPERT,20.5,GRAVEL,1.8,1314.7,MOUNTAINOUS,5.5,10.6,CLOUDY,20.2,0.0,4585.0,2510.0,5.3,0.192,52.1,1255.0,278.3,343.9
TH01819,,DOZER,DZ-160GC,Demolition,INTERMEDIATE,3.9,SAND,1.5,752.0,MOUNTAINOUS,16.7,24.0,SUNNY,23.3,0.0,6669.0,2403.0,14.4,0.199,100.0,1753.0,296.0,485.7
TH01820,,MOTOR_GRADER,MG-160D,Road Preparation,INTERMEDIATE,3.6,GRAVEL,1.8,4984.9,UNEVEN,0.0,8.3,CLOUDY,24.9,0.0,8207.0,111.0,7.7,0.194,57.9,1874.0,357.6,405.9
TH01821,,WHEEL_LOADER,WL-972XE,Material Stockpiling,EXPERT,11.3,ASPHALT_MILLINGS,1.4,558.3,FLAT,0.0,30.7,RAINY,23.1,3.9,1778.0,1267.0,14.4,0.083,88.4,1481.0,98.4,168.2
TH01822,,WHEEL_LOADER,WL-140XE,Material Loading,BEGINNER,2.0,GRAVEL,1.8,1630.7,UNEVEN,4.3,22.2,CLOUDY,19.8,0.0,3976.0,2071.0,8.1,0.189,72.4,1982.0,506.8,611.6
TH01823,,MOTOR_GRADER,MG-986XE,Material Loading,EXPERT,20.5,ASPHALT_MILLINGS,1.4,1508.6,FLAT,0.0,19.0,CLOUDY,35.1,0.0,5504.0,1061.0,12.4,0.198,58.2,1262.0,543.9,686.9
TH01824,,DOZER,DZ-986D2,Road Preparation,INTERMEDIATE,7.0,GRAVEL,1.8,5752.7,FLAT,8.4,5.9,CLOUDY,22.3,0.0,6171.0,152.0,13.6,0.118,81.8,1502.0,397.6,498.0
TH01825,,EXCAVATOR,EX-390D2,Demolition,BEGINNER,1.6,ASPHALT_MILLINGS,1.4,1160.2,FLAT,7.1,14.8,FOG,8.3,0.1,76.0,1733.0,14.3,0.184,65.5,1687.0,604.0,972.2
TH01826,,BACKHOE_LOADER,BL-986GC,Trenching,INTERMEDIATE,6.7,TOPSOIL,1.3,170.0,ROLLING,8.6,18.8,SUNNY,13.9,0.0,6877.0,3432.0,10.6,0.135,42.4,1427.0,102.3,112.8
TH01827,,WHEEL_LOADER,WL-336,Grading,BEGINNER,0.5,CRUSHED_STONE,1.7,5649.6,ROLLING,9.0,72.1,STORM,13.4,29.8,192.0,1835.0,7.7,0.143,60.9,1828.0,606.5,2151.9
TH01828,,EXCAVATOR,EX-220XE,Trenching,INTERMEDIATE,6.3,GRAVEL,1.8,337.2,ROLLING,7.7,18.9,SUNNY,35.0,0.0,7009.0,363.0,10.9,0.28,55.5,949.0,197.1,282.6
TH01829,,MOTOR_GRADER,MG-160D,Road Preparation,BEGINNER,0.6,GRAVEL,1.8,513.3,UNEVEN,0.0,9.1,SUNNY,24.8,0.0,9218.0,1062.0,7.7,0.218,80.9,1541.0,50.3,53.9
TH01830,,COMPACTOR,CP-972D2,Soil Compaction,BEGINNER,1.0,ROCK_FILL,2.2,4723.4,MOUNTAINOUS,28.4,6.3,WINDY,27.4,0.0,5461.0,1605.0,4.2,0.215,36.5,1254.0,233.9,411.9
TH01831,,DOZER,DZ-160GC,Road Preparation,BEGINNER,1.4,CRUSHED_STONE,1.7,2027.0,MOUNTAINOUS,13.8,43.1,RAINY,25.8,8.7,1745.0,1381.0,14.4,0.128,36.2,1378.0,198.6,300.7
TH01832,,WHEEL_LOADER,WL-336,Material Stockpiling,INTERMEDIATE,5.5,ROCK_FILL,2.2,2480.3,ROLLING,6.3,6.9,SUNNY,14.5,0.0,8946.0,1091.0,7.7,0.143,51.0,2400.0,513.6,658.0
TH01833,,ARTICULATED_HAULER,AH-349D,Hauling,EXPERT,12.7,CRUSHED_STONE,1.7,699.5,ROLLING,8.9,22.3,RAINY,19.4,3.2,1831.0,3072.0,0.8,0.01,53.3,1270.0,205.5,474.1
TH01834,,MOTOR_GRADER,MG-220D2,Grading,INTERMEDIATE,5.8,CLAY,1.6,5585.9,UNEVEN,2.1,13.9,CLOUDY,20.0,0.0,7022.0,2585.0,1.2,0.04,84.7,1726.0,269.8,297.6
TH01835,,COMPACTOR,CP-950,Soil Compaction,EXPERT,20.5,SAND,1.5,1383.6,ROLLING,1.2,12.5,SUNNY,26.4,0.0,8705.0,2368.0,3.4,0.139,62.4,1243.0,44.5,33.7
TH01836,,BACKHOE_LOADER,BL-220GC,Trenching,EXPERT,23.4,TOPSOIL,1.3,64.9,UNEVEN,6.2,4.0,SUNNY,24.5,0.0,6007.0,2501.0,3.0,0.109,72.7,1356.0,32.8,33.2
TH01837,,DOZER,DZ-986GC,Material Loading,EXPERT,20.5,ASPHALT_MILLINGS,1.4,1958.6,FLAT,0.8,16.2,WINDY,25.9,0.0,7926.0,1252.0,12.0,0.116,39.6,1047.0,745.7,876.9
TH01838,,BACKHOE_LOADER,BL-986GC,Trenching,EXPERT,14.9,ASPHALT_MILLINGS,1.4,478.8,ROLLING,7.9,8.9,SUNNY,32.6,0.0,7747.0,555.0,10.6,0.1,22.3,1236.0,231.1,277.0
TH01839,,ARTICULATED_HAULER,AH-226D,Hauling,EXPERT,23.6,CLAY,1.6,2466.4,ROLLING,10.3,46.6,RAINY,37.7,12.8,1480.0,1937.0,2.4,0.15,55.0,1124.0,754.1,1713.4
TH01840,,COMPACTOR,CP-986D2,Road Preparation,INTERMEDIATE,4.4,TOPSOIL,1.3,1793.7,ROLLING,10.6,14.2,CLOUDY,15.0,0.0,6118.0,2051.0,8.3,0.237,48.8,1517.0,132.8,172.4
TH01841,,MOTOR_GRADER,MG-336GC,Grading,INTERMEDIATE,7.7,ASPHALT_MILLINGS,1.4,1674.7,FLAT,0.0,3.0,SUNNY,28.7,0.0,8254.0,1873.0,10.0,0.133,52.1,1908.0,81.8,82.2
TH01842,,WHEEL_LOADER,WL-390,Material Stockpiling,INTERMEDIATE,5.5,GRAVEL,1.8,2166.9,UNEVEN,3.9,11.9,SUNNY,16.9,0.0,9836.0,943.0,9.6,0.221,16.9,1295.0,464.1,627.5
TH01843,,EXCAVATOR,EX-336XE,Earth Excavation,EXPERT,22.8,TOPSOIL,1.3,260.1,UNEVEN,9.2,27.6,CLOUDY,22.5,0.0,7486.0,1590.0,4.7,0.124,28.8,2084.0,67.3,72.9
TH01844,,ARTICULATED_HAULER,AH-120D2,Hauling,BEGINNER,1.6,ROCK_FILL,2.2,796.6,UNEVEN,5.0,18.7,SUNNY,27.9,0.0,8070.0,2017.0,2.8,0.28,55.2,1480.0,354.1,541.8
TH01845,,COMPACTOR,CP-986D2,Material Loading,EXPERT,22.8,CRUSHED_STONE,1.7,1684.5,ROLLING,4.5,18.7,SUNNY,13.0,0.0,8192.0,3283.0,8.3,0.094,25.5,1905.0,554.6,545.4
TH01846,,WHEEL_LOADER,WL-140XE,Trenching,INTERMEDIATE,6.4,TOPSOIL,1.3,452.9,UNEVEN,0.0,10.8,WINDY,11.2,0.0,5009.0,1448.0,8.1,0.214,35.5,1574.0,448.3,557.5
TH01847,,DOZER,DZ-349D,Grading,INTERMEDIATE,7.0,CLAY,1.6,5973.4,ROLLING,2.2,16.6,SUNNY,27.5,0.0,6502.0,474.0,10.1,0.148,55.4,1151.0,551.1,562.7
TH01848,,BACKHOE_LOADER,BL-390,Trenching,INTERMEDIATE,3.9,CRUSHED_STONE,1.7,261.6,FLAT,5.3,3.0,SUNNY,18.3,0.0,7820.0,1001.0,10.5,0.01,19.0,1361.0,149.5,162.3
TH01849,,WHEEL_LOADER,WL-390,Trenching,EXPERT,14.9,CRUSHED_STONE,1.7,201.1,UNEVEN,3.7,10.4,CLOUDY,14.3,0.0,7281.0,1919.0,9.6,0.184,51.8,1236.0,205.5,220.8
TH01850,,MOTOR_GRADER,MG-160D,Road Preparation,INTERMEDIATE,7.6,TOPSOIL,1.3,1463.4,UNEVEN,1.5,6.7,CLOUDY,33.5,0.0,7774.0,2294.0,7.7,0.17,42.1,2400.0,102.1,111.3
TH01851,,WHEEL_LOADER,WL-972XE,Material Loading,EXPERT,20.5,GRAVEL,1.8,1551.3,FLAT,0.0,6.7,SUNNY,45.3,0.0,7819.0,1804.0,14.4,0.175,66.5,1517.0,324.5,349.4
TH01852,,ARTICULATED_HAULER,AH-336,Hauling,INTERMEDIATE,7.0,CRUSHED_STONE,1.7,206.0,UNEVEN,4.1,4.0,CLOUDY,29.6,0.0,7628.0,737.0,8.5,0.163,33.1,1576.0,72.2,85.9
TH01853,,WHEEL_LOADER,WL-336,Material Loading,EXPERT,22.8,CLAY,1.6,1351.5,ROLLING,11.2,6.7,SUNNY,26.7,0.0,,2086.0,7.7,0.055,47.5,2054.0,273.3,304.2
TH01854,,ARTICULATED_HAULER,AH-140D2,Hauling,BEGINNER,0.5,SAND,1.5,1981.8,ROLLING,10.1,3.3,SUNNY,27.1,0.0,8927.0,2064.0,7.4,0.287,54.8,1488.0,888.0,1406.0
TH01855,,COMPACTOR,CP-986D2,Road Preparation,BEGINNER,2.3,ROCK_FILL,2.2,3404.6,ROLLING,13.3,38.3,STORM,27.9,15.6,292.0,1209.0,8.3,0.204,11.8,1893.0,312.3,1044.6
TH01856,,MOTOR_GRADER,MG-986D2,Grading,INTERMEDIATE,7.7,CRUSHED_STONE,1.7,3160.0,HILLY,12.6,23.7,WINDY,29.2,0.0,6268.0,886.0,11.1,0.084,48.2,2056.0,150.4,173.3
TH01857,,DOZER,DZ-986D2,Road Preparation,BEGINNER,1.5,ASPHALT_MILLINGS,1.4,5619.0,FLAT,4.6,14.7,CLOUDY,24.8,0.0,4775.0,1970.0,13.6,0.274,35.5,1680.0,547.3,744.9
TH01858,,EXCAVATOR,EX-336XE,Material Loading,EXPERT,12.7,TOPSOIL,1.3,182.6,UNEVEN,3.3,26.6,SUNNY,23.1,0.0,8242.0,3138.0,4.7,0.067,58.0,1456.0,36.8,35.6
TH01859,,COMPACTOR,CP-972D2,Soil Compaction,INTERMEDIATE,5.0,CRUSHED_STONE,1.7,4462.0,MOUNTAINOUS,23.3,36.8,RAINY,27.2,12.5,1630.0,625.0,4.2,0.025,23.4,1506.0,156.0,315.7
TH01860,,EXCAVATOR,EX-226XE,Material Loading,INTERMEDIATE,6.7,TOPSOIL,1.3,515.8,FLAT,0.0,37.8,RAINY,28.9,10.8,1712.0,2658.0,13.8,0.077,49.5,1242.0,122.4,142.7
TH01861,,MOTOR_GRADER,MG-160D,Road Preparation,INTERMEDIATE,2.7,ROCK_FILL,2.2,4571.4,UNEVEN,4.8,6.6,CLOUDY,33.1,0.0,4896.0,1856.0,7.7,0.077,67.6,1676.0,343.0,378.9
TH01862,,ARTICULATED_HAULER,AH-140D2,Hauling,INTERMEDIATE,7.1,ASPHALT_MILLINGS,1.4,461.1,ROLLING,2.6,10.2,WINDY,39.4,0.0,,454.0,7.4,0.157,66.6,1853.0,158.0,222.0
TH01863,,EXCAVATOR,EX-336XE,Material Loading,INTERMEDIATE,3.0,ROCK_FILL,2.2,400.3,UNEVEN,3.5,26.6,SUNNY,24.2,0.0,6055.0,3046.0,4.7,0.166,61.6,1416.0,98.8,101.5
TH01864,,EXCAVATOR,EX-226D2,Demolition,INTERMEDIATE,6.4,ASPHALT_MILLINGS,1.4,504.1,MOUNTAINOUS,16.2,15.3,RAINY,16.6,4.2,1195.0,2986.0,1.1,0.107,63.8,1539.0,208.0,330.9
TH01865,,WHEEL_LOADER,WL-336,Grading,INTERMEDIATE,3.9,TOPSOIL,1.3,831.4,ROLLING,3.0,31.3,STORM,15.1,9.8,315.0,1101.0,7.7,0.08,59.5,1512.0,85.4,185.6
TH01866,,EXCAVATOR,EX-336XE,Earth Excavation,BEGINNER,0.8,CLAY,1.6,1368.4,UNEVEN,3.4,14.9,SUNNY,16.4,0.0,8407.0,1502.0,4.7,0.174,46.5,1391.0,515.4,511.2
TH01867,,EXCAVATOR,EX-140GC,Earth Excavation,INTERMEDIATE,5.5,GRAVEL,1.8,1370.5,UNEVEN,0.0,25.2,SUNNY,25.8,0.0,9008.0,1829.0,5.6,0.293,62.7,1137.0,398.8,518.1
TH01868,,BACKHOE_LOADER,BL-986GC,Trenching,INTERMEDIATE,2.7,CRUSHED_STONE,1.7,352.1,MOUNTAINOUS,11.0,15.7,RAINY,16.1,3.9,1603.0,2981.0,7.3,0.107,37.9,1582.0,221.9,381.4
TH01869,,EXCAVATOR,EX-972,Material Loading,EXPERT,23.6,SAND,1.5,2480.4,UNEVEN,2.6,3.0,CLOUDY,25.2,0.0,3889.0,1809.0,7.8,0.091,70.1,1535.0,518.5,479.7
TH01870,,ARTICULATED_HAULER,AH-140D2,Hauling,INTERMEDIATE,4.6,ASPHALT_MILLINGS,1.4,1024.5,ROLLING,4.2,12.4,SUNNY,20.9,0.0,6311.0,589.0,7.4,0.15,35.4,1345.0,364.6,404.2
TH01871,,EXCAVATOR,EX-320GC,Demolition,INTERMEDIATE,7.6,GRAVEL,1.8,137.8,MOUNTAINOUS,4.3,18.7,WINDY,23.5,0.0,6626.0,2749.0,5.3,0.018,69.0,1757.0,53.1,58.6
TH01872,,EXCAVATOR,EX-320GC,Material Loading,INTERMEDIATE,2.7,ROCK_FILL,2.2,1070.4,MOUNTAINOUS,12.2,21.4,CLOUDY,21.6,0.0,7017.0,2417.0,5.3,0.08,72.7,1259.0,274.0,337.5
TH01873,,ARTICULATED_HAULER,AH-349D,Hauling,INTERMEDIATE,2.6,TOPSOIL,1.3,1519.3,ROLLING,7.4,25.4,CLOUDY,27.4,0.0,8687.0,2896.0,0.8,0.207,70.5,1379.0,539.8,1088.8
TH01874,,BACKHOE_LOADER,BL-986GC,Trenching,INTERMEDIATE,7.0,ROCK_FILL,2.2,176.0,MOUNTAINOUS,12.3,3.0,SUNNY,23.3,0.0,6748.0,3319.0,7.3,0.276,37.6,1395.0,99.1,154.2
TH01875,,WHEEL_LOADER,WL-140XE,Material Stockpiling,INTERMEDIATE,2.6,TOPSOIL,1.3,1059.2,UNEVEN,0.0,12.5,SUNNY,35.2,0.0,7765.0,1637.0,8.1,0.148,47.4,1571.0,234.1,287.1
TH01876,,ARTICULATED_HAULER,AH-226D,Grading,EXPERT,11.3,ROCK_FILL,2.2,5021.8,ROLLING,1.6,29.6,CLOUDY,31.6,0.0,7534.0,2239.0,2.4,0.148,16.8,2103.0,376.1,450.5
TH01877,,ARTICULATED_HAULER,AH-120D2,Hauling,INTERMEDIATE,6.3,CLAY,1.6,1168.2,UNEVEN,1.2,34.2,RAINY,32.8,4.0,1497.0,306.0,2.8,0.144,35.0,1935.0,403.1,610.7
TH01878,,MOTOR_GRADER,MG-986XE,Grading,EXPERT,23.4,CRUSHED_STONE,1.7,1029.5,FLAT,0.0,19.5,CLOUDY,25.6,0.0,3705.0,3108.0,12.4,0.101,44.4,1276.0,43.1,42.7
TH01879,,MOTOR_GRADER,MG-220D2,Grading,INTERMEDIATE,7.0,CLAY,1.6,2462.2,UNEVEN,2.6,20.5,CLOUDY,29.2,0.0,7111.0,796.0,1.2,0.177,38.2,1360.0,113.1,125.8
TH01880,,DOZER,DZ-972,Soil Compaction,EXPERT,14.9,ASPHALT_MILLINGS,1.4,3904.8,UNEVEN,0.0,3.0,SUNNY,16.4,0.0,8242.0,2203.0,2.3,0.115,83.1,1156.0,239.3,236.9
TH01881,,BACKHOE_LOADER,BL-390D2,Trenching,INTERMEDIATE,5.0,GRAVEL,1.8,541.7,UNEVEN,0.3,3.0,WINDY,16.8,0.0,6626.0,412.0,4.2,0.084,84.8,1929.0,302.8,331.9
TH01882,,EXCAVATOR,EX-226D2,Demolition,BEGINNER,0.5,ASPHALT_MILLINGS,1.4,636.1,MOUNTAINOUS,18.1,9.5,SUNNY,18.7,0.0,9226.0,2606.0,1.1,0.263,55.2,1717.0,350.3,560.4
TH01883,,EXCAVATOR,EX-972,Earth Excavation,BEGINNER,2.0,CRUSHED_STONE,1.7,879.4,UNEVEN,0.0,13.3,WINDY,16.1,0.0,4854.0,2806.0,7.8,0.137,29.9,2012.0,327.3,368.1
TH01884,,EXCAVATOR,EX-950D2,Material Loading,BEGINNER,1.5,GRAVEL,1.8,602.5,HILLY,10.1,6.8,SUNNY,25.3,0.0,5663.0,1616.0,3.2,0.258,34.7,1107.0,191.5,204.0
TH01885,,BACKHOE_LOADER,BL-390,Trenching,INTERMEDIATE,5.5,CLAY,1.6,127.6,FLAT,3.1,8.9,SUNNY,42.3,0.0,5470.0,1402.0,10.5,0.069,54.2,1597.0,74.2,73.5
TH01886,,BACKHOE_LOADER,BL-986GC,Trenching,BEGINNER,0.6,SAND,1.5,51.1,MOUNTAINOUS,5.8,6.1,SUNNY,25.3,0.0,9832.0,1887.0,7.3,0.25,42.5,974.0,41.2,46.1
TH01887,,WHEEL_LOADER,WL-986,Material Loading,BEGINNER,1.0,TOPSOIL,1.3,1878.5,MOUNTAINOUS,19.2,4.0,SUNNY,30.1,0.0,7970.0,3116.0,11.8,0.187,39.2,1642.0,574.9,813.5
TH01888,,DOZER,DZ-986D2,Demolition,BEGINNER,1.8,CLAY,1.6,521.2,FLAT,6.9,16.8,SUNNY,26.9,0.0,7300.0,243.0,13.6,0.246,60.0,1931.0,259.7,339.7
TH01889,,BACKHOE_LOADER,BL-986D,Trenching,EXPERT,20.5,ROCK_FILL,2.2,382.3,FLAT,0.0,61.2,STORM,12.0,21.2,239.0,258.0,12.0,0.183,67.4,1261.0,189.2,568.2
TH01890,,COMPACTOR,CP-986D2,Road Preparation,INTERMEDIATE,2.6,CRUSHED_STONE,1.7,1409.8,ROLLING,8.3,40.1,RAINY,29.6,10.5,1103.0,2541.0,8.3,0.236,69.8,1981.0,109.4,236.2
TH01891,,WHEEL_LOADER,WL-986,Hauling,INTERMEDIATE,6.8,TOPSOIL,1.3,1190.2,MOUNTAINOUS,22.0,3.0,FOG,38.6,0.3,132.0,2560.0,11.8,0.076,60.3,1262.0,753.8,2047.9
TH01892,,EXCAVATOR,EX-972,Material Loading,EXPERT,23.6,GRAVEL,1.8,743.1,UNEVEN,1.8,6.1,SUNNY,23.3,0.0,7136.0,1697.0,7.8,0.09,75.0,1678.0,153.3,172.8
TH01893,,BACKHOE_LOADER,BL-986D,Trenching,INTERMEDIATE,2.1,ASPHALT_MILLINGS,1.4,136.6,FLAT,4.6,22.5,RAINY,12.6,4.2,1553.0,2220.0,12.0,0.168,67.3,1728.0,83.0,127.5
TH01894,,ARTICULATED_HAULER,AH-120D2,Hauling,BEGINNER,1.6,CRUSHED_STONE,1.7,329.0,UNEVEN,3.3,8.2,CLOUDY,33.1,0.0,5866.0,1026.0,2.8,0.213,72.8,1915.0,144.1,190.9
TH01895,,WHEEL_LOADER,WL-140XE,Material Loading,EXPERT,12.7,TOPSOIL,1.3,2317.6,UNEVEN,0.0,21.7,SUNNY,26.9,0.0,7185.0,2445.0,8.1,0.01,85.8,1766.0,468.5,376.1
TH01896,,BACKHOE_LOADER,BL-390D2,Trenching,BEGINNER,0.8,ASPHALT_MILLINGS,1.4,169.6,UNEVEN,7.0,9.4,CLOUDY,,0.0,8217.0,337.0,4.2,0.207,90.3,1574.0,127.1,142.2
TH01897,,MOTOR_GRADER,MG-336GC,Grading,BEGINNER,1.4,ROCK_FILL,2.2,2837.2,FLAT,0.0,16.4,SUNNY,36.2,0.0,5498.0,1945.0,10.0,0.305,40.8,1422.0,171.4,243.3
TH01898,,EXCAVATOR,EX-226D2,Earth Excavation,BEGINNER,0.5,TOPSOIL,1.3,179.8,MOUNTAINOUS,14.3,12.9,RAINY,36.1,1.1,809.0,1351.0,1.1,0.354,70.7,1869.0,68.1,136.9
TH01899,,EXCAVATOR,EX-336XE,Earth Excavation,EXPERT,20.5,CLAY,1.6,204.0,UNEVEN,0.0,24.1,RAINY,23.4,4.1,1387.0,229.0,4.7,0.073,,1468.0,52.6,70.7
TH01900,,EXCAVATOR,EX-972XE,Earth Excavation,EXPERT,15.9,ROCK_FILL,2.2,891.4,FLAT,3.3,15.6,SUNNY,23.7,0.0,9119.0,2184.0,3.7,0.102,98.4,1639.0,228.5,241.0
TH01901,,ARTICULATED_HAULER,AH-336,Hauling,EXPERT,15.9,CLAY,1.6,1930.2,UNEVEN,2.8,9.6,SUNNY,18.8,0.0,9203.0,269.0,8.5,0.051,78.5,1688.0,581.5,585.5
TH01902,,MOTOR_GRADER,MG-220D2,Road Preparation,EXPERT,22.8,ROCK_FILL,2.2,4375.8,UNEVEN,1.1,12.7,CLOUDY,22.3,0.0,4503.0,1450.0,1.2,0.148,84.4,1924.0,273.9,297.4
TH01903,,BACKHOE_LOADER,BL-986GC,Soil Compaction,BEGINNER,0.8,ASPHALT_MILLINGS,1.4,1705.2,MOUNTAINOUS,14.4,3.0,CLOUDY,19.4,0.0,8437.0,630.0,7.3,0.224,63.4,1527.0,140.2,207.8
TH01904,,WHEEL_LOADER,WL-390D2,Trenching,INTERMEDIATE,5.5,CLAY,1.6,173.5,ROLLING,0.0,9.6,SUNNY,26.6,0.0,9863.0,2131.0,14.3,0.01,48.9,1665.0,218.0,227.8
TH01905,,EXCAVATOR,EX-950D2,Demolition,BEGINNER,0.8,CRUSHED_STONE,1.7,537.7,HILLY,11.8,14.8,SUNNY,30.1,0.0,8328.0,1966.0,3.2,0.181,59.3,1251.0,275.4,303.6
TH01906,,DOZER,DZ-986D2,Demolition,EXPERT,15.9,ROCK_FILL,2.2,791.5,FLAT,6.5,23.2,WINDY,31.9,0.0,8174.0,460.0,13.6,0.126,90.3,1475.0,270.0,379.8
TH01907,,EXCAVATOR,EX-226XE,Trenching,INTERMEDIATE,5.5,TOPSOIL,1.3,304.7,FLAT,0.0,16.3,SUNNY,16.7,0.0,6432.0,2004.0,13.8,0.098,91.1,1772.0,174.1,193.0
TH01908,,BACKHOE_LOADER,BL-986GC,Trenching,EXPERT,15.9,GRAVEL,1.8,145.2,MOUNTAINOUS,12.6,51.4,STORM,21.1,21.9,222.0,854.0,7.3,0.038,53.6,1544.0,72.4,220.1
TH01909,,ARTICULATED_HAULER,AH-140D2,Hauling,INTERMEDIATE,5.0,ASPHALT_MILLINGS,1.4,1737.1,ROLLING,6.6,36.9,STORM,26.2,10.3,63.0,3427.0,7.4,0.052,54.8,1431.0,601.7,2592.9
TH01910,,BACKHOE_LOADER,BL-986GC,Trenching,BEGINNER,1.5,TOPSOIL,1.3,286.0,MOUNTAINOUS,5.3,3.0,SUNNY,23.6,0.0,9512.0,2575.0,7.3,0.269,54.7,1582.0,219.1,268.5
TH01911,,WHEEL_LOADER,WL-390,Material Loading,INTERMEDIATE,7.7,CLAY,1.6,2186.5,UNEVEN,3.2,3.0,SUNNY,23.1,0.0,8076.0,1152.0,9.6,0.17,47.2,1919.0,526.8,577.4
TH01912,,WHEEL_LOADER,WL-972XE,Material Loading,INTERMEDIATE,7.7,CLAY,1.6,2405.1,FLAT,0.0,16.6,FOG,24.9,0.7,298.0,219.0,14.4,0.073,53.4,1708.0,558.3,771.6
TH01913,,WHEEL_LOADER,WL-390D2,Material Loading,EXPERT,7.3,CLAY,1.6,2140.2,ROLLING,7.0,18.1,RAINY,28.7,6.0,826.0,1585.0,14.3,0.04,52.8,1862.0,420.7,826.9
TH01914,,WHEEL_LOADER,WL-336,Demolition,INTERMEDIATE,4.4,ASPHALT_MILLINGS,1.4,1004.4,ROLLING,11.0,12.4,CLOUDY,21.1,0.0,6175.0,1060.0,7.7,0.248,58.4,1371.0,654.9,922.8
TH01915,,BACKHOE_LOADER,BL-986D,Trenching,BEGINNER,0.6,TOPSOIL,1.3,391.8,FLAT,0.0,3.0,SUNNY,23.8,0.0,6871.0,3010.0,12.0,0.323,67.0,1708.0,296.6,393.5
TH01916,,EXCAVATOR,EX-390D2,Material Loading,EXPERT,15.9,GRAVEL,1.8,953.3,FLAT,1.3,3.0,SUNNY,26.5,0.0,5629.0,1322.0,14.3,0.09,48.7,1939.0,201.1,231.0
TH01917,,ARTICULATED_HAULER,AH-120D2,Road Preparation,BEGINNER,0.8,TOPSOIL,1.3,5744.6,UNEVEN,3.3,6.4,SUNNY,17.9,0.0,8115.0,2553.0,2.8,0.219,51.7,1291.0,1202.7,1389.4
TH01918,,EXCAVATOR,EX-972,Demolition,INTERMEDIATE,5.1,TOPSOIL,1.3,378.1,UNEVEN,0.0,12.4,SUNNY,29.0,0.0,8755.0,2067.0,7.8,0.127,83.9,1881.0,144.7,143.7
TH01919,,COMPACTOR,CP-986D2,Road Preparation,BEGINNER,0.8,CLAY,1.6,4701.9,ROLLING,9.4,14.8,CLOUDY,35.1,0.0,8908.0,1494.0,8.3,0.269,59.9,1437.0,460.7,663.6
TH01920,,BACKHOE_LOADER,BL-220GC,Trenching,BEGINNER,2.5,TOPSOIL,1.3,593.8,UNEVEN,0.1,7.5,CLOUDY,15.4,0.0,7648.0,400.0,3.0,0.248,55.6,1885.0,421.3,434.3
TH01921,,EXCAVATOR,EX-140GC,Material Loading,INTERMEDIATE,7.6,GRAVEL,1.8,770.3,UNEVEN,0.0,3.0,FOG,16.7,0.5,154.0,1944.0,5.6,0.102,26.8,1427.0,178.6,300.8
TH01922,,MOTOR_GRADER,MG-336GC,Grading,INTERMEDIATE,3.0,CRUSHED_STONE,1.7,2381.6,FLAT,6.4,30.5,CLOUDY,30.2,0.0,6879.0,2292.0,10.0,0.035,37.9,1624.0,114.2,122.4
TH01923,,WHEEL_LOADER,WL-336,Material Stockpiling,INTERMEDIATE,7.7,GRAVEL,1.8,1956.4,ROLLING,4.2,3.0,CLOUDY,16.6,0.0,7811.0,3085.0,7.7,0.1,31.2,1466.0,417.0,729.9
TH01924,,ARTICULATED_HAULER,AH-336,Material Loading,BEGINNER,1.0,GRAVEL,1.8,1210.4,UNEVEN,1.8,6.4,CLOUDY,25.4,0.0,6538.0,554.0,8.5,0.294,36.4,1440.0,626.2,784.9
TH01925,,EXCAVATOR,EX-336XE,Grading,BEGINNER,0.5,CRUSHED_STONE,1.7,2122.6,UNEVEN,0.8,5.4,WINDY,27.2,0.0,7849.0,2282.0,4.7,0.187,36.2,1273.0,252.8,322.4
TH01926,,ARTICULATED_HAULER,AH-226D,Hauling,INTERMEDIATE,7.1,TOPSOIL,1.3,1531.6,ROLLING,8.6,19.3,SUNNY,42.3,0.0,6908.0,219.0,2.4,0.199,43.9,1641.0,544.6,549.9
TH01927,,BACKHOE_LOADER,BL-986GC,Trenching,BEGINNER,2.5,ROCK_FILL,2.2,47.5,ROLLING,8.9,34.9,RAINY,24.4,4.0,1731.0,451.0,10.6,0.148,56.3,1807.0,35.3,63.6
TH01928,,WHEEL_LOADER,WL-986,Hauling,BEGINNER,0.6,SAND,1.5,2089.1,MOUNTAINOUS,17.8,14.5,WINDY,29.1,0.0,5889.0,802.0,11.8,0.406,86.0,1455.0,1719.6,3152.3
TH01929,,MOTOR_GRADER,MG-390D2,Grading,BEGINNER,0.8,ASPHALT_MILLINGS,1.4,4446.6,FLAT,4.6,37.5,RAINY,27.4,11.3,1994.0,3294.0,8.3,0.242,58.3,1710.0,287.6,422.7
TH01930,,DOZER,DZ-349D,Earth Excavation,EXPERT,14.9,GRAVEL,1.8,1026.3,ROLLING,1.7,22.6,CLOUDY,15.0,0.0,4000.0,3447.0,10.1,0.01,51.9,1195.0,511.5,510.0
TH01931,,DOZER,DZ-349D,Demolition,EXPERT,14.9,TOPSOIL,1.3,1135.8,ROLLING,9.1,3.0,SUNNY,25.7,0.0,8522.0,2109.0,10.1,0.143,58.3,1193.0,375.8,417.7
TH01932,,MOTOR_GRADER,MG-160D,Grading,EXPERT,19.9,CLAY,1.6,1589.5,UNEVEN,0.0,20.2,SUNNY,21.6,0.0,9238.0,2192.0,7.7,0.185,36.8,1597.0,64.1,59.7
TH01933,,ARTICULATED_HAULER,AH-226D,Trenching,INTERMEDIATE,6.4,CRUSHED_STONE,1.7,449.3,ROLLING,5.6,3.0,WINDY,28.1,0.0,3208.0,2326.0,2.4,0.154,38.3,1548.0,411.3,531.2
TH01934,,WHEEL_LOADER,WL-390,Material Loading,INTERMEDIATE,7.7,TOPSOIL,1.3,1618.5,UNEVEN,0.2,3.0,WINDY,25.3,0.0,5087.0,2052.0,9.6,0.096,48.9,2003.0,373.2,419.9
TH01935,,DOZER,DZ-986GC,Soil Compaction,BEGINNER,0.6,CRUSHED_STONE,1.7,4062.2,FLAT,4.2,3.0,SUNNY,13.5,0.0,5571.0,3393.0,12.0,0.318,48.8,1774.0,391.8,500.0
TH01936,,WHEEL_LOADER,WL-986,Hauling,BEGINNER,0.8,CRUSHED_STONE,1.7,1913.2,MOUNTAINOUS,13.4,3.0,FOG,20.1,0.7,74.0,1208.0,11.8,0.202,63.3,1507.0,1397.3,3562.6
TH01937,,BACKHOE_LOADER,BL-986D,Trenching,BEGINNER,0.5,GRAVEL,1.8,103.8,FLAT,6.2,7.6,SUNNY,26.7,0.0,7089.0,3060.0,12.0,0.269,51.1,1732.0,78.7,121.0
TH01938,,MOTOR_GRADER,MG-986XE,Road Preparation,INTERMEDIATE,5.5,CLAY,1.6,2708.1,FLAT,7.1,17.4,FOG,30.2,0.4,214.0,1271.0,12.4,0.147,28.1,2115.0,190.3,342.6
TH01939,,EXCAVATOR,EX-390D2,Demolition,BEGINNER,1.8,TOPSOIL,1.3,1345.2,FLAT,1.6,5.6,WINDY,31.3,0.0,4364.0,602.0,14.3,0.251,62.9,2042.0,704.5,790.6
TH01940,,DOZER,DZ-986GC,Material Stockpiling,EXPERT,20.5,ASPHALT_MILLINGS,1.4,193.0,FLAT,0.0,17.4,WINDY,22.9,0.0,7566.0,3434.0,12.0,0.2,23.8,1616.0,35.2,63.9
TH01941,,EXCAVATOR,EX-336XE,Material Loading,INTERMEDIATE,7.7,SAND,1.5,664.1,UNEVEN,1.7,3.0,FOG,9.8,0.4,195.0,615.0,4.7,0.01,52.1,1621.0,162.5,201.9
TH01942,,EXCAVATOR,EX-320GC,Trenching,INTERMEDIATE,4.6,ROCK_FILL,2.2,329.1,MOUNTAINOUS,15.6,11.7,CLOUDY,22.9,0.0,4175.0,3380.0,5.3,0.16,48.4,1581.0,188.5,252.7
TH01943,,EXCAVATOR,EX-320GC,Material Loading,INTERMEDIATE,3.0,CLAY,1.6,365.8,MOUNTAINOUS,16.7,3.0,SUNNY,18.6,0.0,6653.0,178.0,5.3,0.029,51.3,1387.0,90.7,101.2
TH01944,,MOTOR_GRADER,MG-220D2,Road Preparation,EXPERT,11.3,GRAVEL,1.8,1948.0,UNEVEN,1.2,18.3,RAINY,18.8,4.2,603.0,945.0,1.2,0.15,59.4,1284.0,119.5,208.3
TH01945,,COMPACTOR,CP-986D2,Soil Compaction,EXPERT,7.3,SAND,1.5,5372.7,ROLLING,3.9,17.0,RAINY,18.3,1.6,1753.0,221.0,8.3,0.01,42.2,2107.0,167.2,226.6
TH01946,,WHEEL_LOADER,WL-390,Grading,INTERMEDIATE,6.3,ASPHALT_MILLINGS,1.4,4085.1,UNEVEN,0.0,3.0,SUNNY,22.7,0.0,9163.0,474.0,9.6,0.223,77.9,1354.0,360.7,419.1
TH01947,,MOTOR_GRADER,MG-160D,Road Preparation,BEGINNER,2.5,CLAY,1.6,2428.3,UNEVEN,2.9,4.0,CLOUDY,20.0,0.0,6225.0,930.0,7.7,0.248,61.0,1672.0,213.7,246.0
TH01948,,EXCAVATOR,EX-336XE,Trenching,INTERMEDIATE,6.7,TOPSOIL,1.3,390.2,UNEVEN,6.1,10.9,SUNNY,16.3,0.0,9418.0,716.0,4.7,0.098,47.5,1645.0,226.4,254.8
TH01949,,WHEEL_LOADER,WL-986,Trenching,EXPERT,23.6,SAND,1.5,310.4,MOUNTAINOUS,18.9,4.9,SUNNY,10.9,0.0,7765.0,2004.0,11.8,0.15,43.0,1517.0,251.1,301.9
TH01950,,EXCAVATOR,EX-220XE,Earth Excavation,BEGINNER,1.0,TOPSOIL,1.3,743.1,ROLLING,2.0,15.7,SUNNY,22.4,0.0,7775.0,2005.0,10.9,0.253,55.1,1323.0,281.4,312.1
TH01951,,MOTOR_GRADER,MG-986D2,Soil Compaction,EXPERT,15.9,ASPHALT_MILLINGS,1.4,4631.5,HILLY,12.6,27.4,SUNNY,15.5,0.0,8703.0,3427.0,11.1,0.15,76.0,1311.0,229.7,215.6
TH01952,,WHEEL_LOADER,WL-972XE,Grading,BEGINNER,0.5,SAND,1.5,5169.3,FLAT,3.0,24.2,SUNNY,14.1,0.0,5747.0,135.0,14.4,0.412,50.5,1672.0,694.5,851.9
TH01953,,MOTOR_GRADER,MG-160D,Demolition,INTERMEDIATE,2.6,ROCK_FILL,2.2,346.0,UNEVEN,0.0,30.8,RAINY,9.8,14.9,1712.0,880.0,7.7,0.167,39.5,1902.0,294.4,492.0
TH01954,,COMPACTOR,CP-972D2,Soil Compaction,INTERMEDIATE,3.6,SAND,1.5,1761.7,MOUNTAINOUS,26.7,16.0,SUNNY,19.0,0.0,9772.0,1089.0,4.2,0.075,,1590.0,66.7,88.2
TH01955,,BACKHOE_LOADER,BL-986GC,Trenching,INTERMEDIATE,4.6,CRUSHED_STONE,1.7,406.4,MOUNTAINOUS,14.6,12.9,SUNNY,23.0,0.0,6149.0,930.0,7.3,0.187,32.9,1113.0,229.6,323.9
TH01956,,WHEEL_LOADER,WL-986,Material Loading,EXPERT,7.3,ROCK_FILL,2.2,1149.8,MOUNTAINOUS,19.1,18.7,WINDY,42.7,0.0,5118.0,1681.0,11.8,0.083,37.3,2162.0,239.8,340.4
TH01957,,DOZER,DZ-972,Demolition,INTERMEDIATE,7.0,CRUSHED_STONE,1.7,1193.9,UNEVEN,1.8,15.3,CLOUDY,25.3,0.0,3905.0,599.0,2.3,0.06,28.1,1733.0,488.1,460.6
TH01958,,BACKHOE_LOADER,BL-986GC,Trenching,EXPERT,17.3,ROCK_FILL,2.2,253.9,MOUNTAINOUS,11.0,47.7,RAINY,21.8,11.6,1734.0,2141.0,7.3,0.196,48.3,1556.0,127.5,263.0
TH01959,,ARTICULATED_HAULER,AH-336,Hauling,INTERMEDIATE,4.6,ASPHALT_MILLINGS,1.4,1088.8,UNEVEN,0.0,8.4,SUNNY,28.9,0.0,7766.0,3096.0,8.5,0.189,49.5,1565.0,378.7,633.9
TH01960,,WHEEL_LOADER,WL-972XE,Material Stockpiling,INTERMEDIATE,2.1,ASPHALT_MILLINGS,1.4,170.7,FLAT,2.9,27.7,SUNNY,15.7,0.0,5377.0,2359.0,14.4,0.137,71.2,1731.0,38.6,58.4
TH01961,,EXCAVATOR,EX-972,Material Loading,INTERMEDIATE,5.5,TOPSOIL,1.3,1825.1,UNEVEN,0.0,16.7,SUNNY,29.9,0.0,5503.0,3251.0,7.8,0.212,26.6,1387.0,414.2,434.6
TH01962,,WHEEL_LOADER,WL-336,Earth Excavation,EXPERT,15.9,ASPHALT_MILLINGS,1.4,136.6,ROLLING,8.2,11.5,WINDY,27.5,0.0,8548.0,3037.0,7.7,0.087,40.6,1747.0,54.7,63.1
TH01963,,MOTOR_GRADER,MG-986XE,Grading,BEGINNER,2.5,SAND,1.5,4072.2,FLAT,0.0,9.7,WINDY,38.2,0.0,3650.0,932.0,12.4,0.199,49.7,1706.0,237.3,363.5
TH01964,,BACKHOE_LOADER,BL-986GC,Trenching,INTERMEDIATE,7.6,CLAY,1.6,334.3,ROLLING,10.6,20.0,RAINY,28.6,3.3,1067.0,2681.0,10.6,0.1,58.2,2400.0,194.8,356.5
TH01965,,ARTICULATED_HAULER,AH-349D,Hauling,INTERMEDIATE,7.6,GRAVEL,1.8,537.0,ROLLING,10.4,32.1,RAINY,20.6,1.1,829.0,2881.0,0.8,0.134,46.1,2400.0,190.8,574.8
TH01966,,EXCAVATOR,EX-140GC,Material Stockpiling,EXPERT,15.9,CRUSHED_STONE,1.7,1341.7,UNEVEN,0.3,12.3,FOG,18.7,0.9,137.0,2786.0,5.6,0.174,58.3,1633.0,442.7,1010.1
TH01967,,DOZER,DZ-986D2,Road Preparation,EXPERT,19.9,SAND,1.5,4172.5,FLAT,0.0,24.6,RAINY,25.1,7.8,338.0,3039.0,13.6,0.175,55.3,2142.0,252.4,474.2
TH01968,,DOZER,DZ-950D,Demolition,INTERMEDIATE,3.0,ROCK_FILL,2.2,1126.3,MOUNTAINOUS,11.8,9.2,FOG,24.2,0.9,56.0,279.0,1.6,0.157,73.6,1466.0,484.0,832.5
TH01969,,EXCAVATOR,EX-972,Material Loading,BEGINNER,2.3,CRUSHED_STONE,1.7,776.5,UNEVEN,0.0,15.3,SUNNY,20.1,0.0,7032.0,2295.0,7.8,0.124,34.4,2022.0,236.2,215.1
TH01970,,BACKHOE_LOADER,BL-986GC,Grading,EXPERT,14.9,CLAY,1.6,2752.7,ROLLING,8.4,16.8,CLOUDY,29.9,0.0,8669.0,172.0,10.6,0.029,97.4,1386.0,213.7,223.9
TH01971,,WHEEL_LOADER,WL-986,Material Loading,EXPERT,23.4,ROCK_FILL,2.2,110.8,MOUNTAINOUS,16.5,11.1,WINDY,19.3,0.0,7917.0,2879.0,11.8,0.026,75.4,1242.0,22.4,27.9
TH01972,,WHEEL_LOADER,WL-972XE,Material Loading,BEGINNER,2.3,CLAY,1.6,2069.7,FLAT,0.1,12.7,CLOUDY,24.8,0.0,8004.0,2565.0,14.4,0.158,84.7,1489.0,617.6,706.9
TH01973,,DOZER,DZ-349D,Road Preparation,BEGINNER,1.8,CLAY,1.6,3256.8,ROLLING,7.2,10.4,CLOUDY,14.6,0.0,6686.0,1649.0,10.1,0.237,33.1,1621.0,304.8,386.3
TH01974,,BACKHOE_LOADER,BL-390,Trenching,INTERMEDIATE,3.9,ROCK_FILL,2.2,346.7,FLAT,1.3,26.6,CLOUDY,18.3,0.0,4121.0,549.0,10.5,0.162,36.8,1886.0,208.2,252.6
TH01975,,DOZER,DZ-160GC,Material Stockpiling,EXPERT,22.8,SAND,1.5,1081.1,MOUNTAINOUS,13.1,8.3,SUNNY,35.4,0.0,9146.0,3373.0,14.4,0.032,93.2,1430.0,195.5,361.4
TH01976,,DOZER,DZ-349D,Road Preparation,BEGINNER,1.8,CLAY,1.6,1649.8,ROLLING,7.4,17.5,WINDY,24.7,0.0,8962.0,2187.0,10.1,0.291,81.0,2345.0,150.2,196.6
TH01977,,DOZER,DZ-160GC,Material Stockpiling,INTERMEDIATE,7.6,ROCK_FILL,2.2,2200.5,MOUNTAINOUS,18.2,3.8,FOG,33.7,0.9,104.0,2966.0,14.4,0.167,53.4,1906.0,473.9,1746.1
TH01978,,ARTICULATED_HAULER,AH-226D,Hauling,INTERMEDIATE,2.1,CRUSHED_STONE,1.7,1199.8,ROLLING,11.2,33.2,RAINY,26.6,9.6,698.0,1403.0,2.4,0.173,70.8,1516.0,452.8,1101.6
TH01979,,EXCAVATOR,EX-226D2,Soil Compaction,INTERMEDIATE,7.7,CLAY,1.6,4752.9,MOUNTAINOUS,17.7,10.0,RAINY,21.6,4.8,1294.0,1530.0,1.1,0.01,48.1,1746.0,281.6,440.4
TH01980,,EXCAVATOR,EX-950D2,Material Loading,EXPERT,22.8,ROCK_FILL,2.2,343.7,HILLY,12.3,4.3,CLOUDY,34.4,0.0,4386.0,2799.0,3.2,0.076,62.9,1602.0,68.6,84.1
TH01981,,WHEEL_LOADER,WL-390D2,Grading,INTERMEDIATE,2.7,ASPHALT_MILLINGS,1.4,5351.8,ROLLING,10.6,43.0,RAINY,21.7,5.4,1934.0,516.0,14.3,0.114,44.2,1657.0,475.6,743.7
TH01982,,EXCAVATOR,EX-336XE,Demolition,INTERMEDIATE,7.1,ROCK_FILL,2.2,1399.9,UNEVEN,0.9,3.0,WINDY,17.7,0.0,7291.0,1536.0,4.7,0.201,59.5,1506.0,575.7,677.6
TH01983,,ARTICULATED_HAULER,AH-336,Hauling,EXPERT,18.2,TOPSOIL,1.3,1976.6,UNEVEN,5.2,7.0,FOG,30.6,0.0,292.0,2385.0,8.5,0.227,39.2,1014.0,576.8,1157.7
TH01984,,BACKHOE_LOADER,BL-390D2,Trenching,INTERMEDIATE,7.6,ROCK_FILL,2.2,210.2,UNEVEN,6.8,3.0,SUNNY,15.3,0.0,5583.0,3096.0,4.2,0.089,57.4,2304.0,117.6,132.0
TH01985,,DOZER,DZ-986GC,Road Preparation,BEGINNER,2.3,CRUSHED_STONE,1.7,4971.8,FLAT,2.7,3.0,SUNNY,23.3,0.0,5125.0,891.0,12.0,0.16,41.8,1359.0,441.4,472.8
TH01986,,MOTOR_GRADER,MG-986D2,Grading,INTERMEDIATE,2.1,GRAVEL,1.8,440.8,HILLY,10.9,8.6,SUNNY,38.2,0.0,7180.0,2636.0,11.1,0.064,58.1,1766.0,22.9,27.5
TH01987,,EXCAVATOR,EX-950D2,Demolition,INTERMEDIATE,6.3,CLAY,1.6,870.6,HILLY,12.2,14.9,SUNNY,26.5,0.0,7573.0,1237.0,3.2,0.231,65.4,1571.0,337.4,416.8
TH01988,,COMPACTOR,CP-972D2,Grading,BEGINNER,1.8,ROCK_FILL,2.2,3326.7,MOUNTAINOUS,26.6,61.0,STORM,23.6,22.7,197.0,483.0,4.2,0.319,55.2,1824.0,403.5,1601.3
TH01989,,MOTOR_GRADER,MG-336GC,Grading,EXPERT,14.9,CRUSHED_STONE,1.7,2734.4,FLAT,7.1,27.2,SUNNY,35.4,0.0,5332.0,2139.0,10.0,0.046,83.4,1827.0,112.2,123.7
TH01990,,EXCAVATOR,EX-320GC,Material Loading,INTERMEDIATE,7.7,TOPSOIL,1.3,1130.5,MOUNTAINOUS,13.4,18.4,CLOUDY,11.6,0.0,4360.0,1307.0,5.3,0.137,,1519.0,260.8,237.8
TH01991,,ARTICULATED_HAULER,AH-349D,Hauling,EXPERT,23.4,ROCK_FILL,2.2,1695.8,ROLLING,12.1,5.4,WINDY,20.4,0.0,8083.0,2141.0,0.8,0.061,71.4,1396.0,491.6,842.3
TH01992,,DOZER,DZ-986GC,Trenching,EXPERT,12.7,CLAY,1.6,441.4,FLAT,0.0,9.4,SUNNY,22.0,0.0,8817.0,806.0,12.0,0.054,64.9,1273.0,500.1,495.5
TH01993,,DOZER,DZ-950D,Demolition,INTERMEDIATE,4.4,TOPSOIL,1.3,869.2,MOUNTAINOUS,11.8,16.9,RAINY,25.1,7.1,400.0,1578.0,1.6,0.201,54.4,1434.0,355.4,679.6
TH01994,,DOZER,DZ-160GC,Demolition,INTERMEDIATE,6.7,TOPSOIL,1.3,1134.3,MOUNTAINOUS,17.9,24.1,SUNNY,27.6,0.0,8428.0,1835.0,14.4,0.118,73.5,1685.0,462.2,622.7
TH01995,,MOTOR_GRADER,MG-986XE,Grading,INTERMEDIATE,7.0,CLAY,1.6,4004.1,FLAT,0.7,18.8,RAINY,25.9,6.2,785.0,548.0,12.4,0.17,53.5,1182.0,183.4,310.7
TH01996,,DOZER,DZ-986GC,Material Stockpiling,EXPERT,14.9,GRAVEL,1.8,2004.7,FLAT,0.0,16.2,SUNNY,12.1,0.0,8073.0,2401.0,12.0,0.044,54.9,1375.0,350.2,486.5
TH01997,,DOZER,DZ-972,Material Loading,EXPERT,22.8,SAND,1.5,1587.5,UNEVEN,0.0,3.0,WINDY,11.9,0.0,,1760.0,2.3,0.119,73.9,1330.0,652.6,799.6
TH01998,,EXCAVATOR,EX-220XE,Earth Excavation,EXPERT,15.9,TOPSOIL,1.3,830.2,ROLLING,0.6,25.3,SUNNY,21.3,0.0,8790.0,2577.0,10.9,0.154,69.6,1333.0,205.3,225.6
TH01999,,DOZER,DZ-950D,Road Preparation,EXPERT,12.7,ASPHALT_MILLINGS,1.4,5950.6,MOUNTAINOUS,11.5,14.1,SUNNY,27.8,0.0,6772.0,2461.0,1.6,0.07,55.7,1612.0,357.5,383.2
TH02000,,DOZER,DZ-160GC,Road Preparation,INTERMEDIATE,5.5,CRUSHED_STONE,1.7,2352.8,MOUNTAINOUS,17.6,21.3,CLOUDY,38.2,0.0,3414.0,1243.0,14.4,0.099,29.0,1650.0,166.6,213.3
TH02001,,MOTOR_GRADER,MG-336GC,Grading,INTERMEDIATE,7.1,SAND,1.5,1150.3,FLAT,3.5,24.8,CLOUDY,11.0,0.0,4267.0,3497.0,10.0,0.23,62.2,1339.0,53.6,54.5
TH02002,,EXCAVATOR,EX-336XE,Earth Excavation,BEGINNER,1.8,CRUSHED_STONE,1.7,1055.6,UNEVEN,0.0,21.1,SUNNY,22.8,0.0,8452.0,2331.0,4.7,0.33,100.0,1530.0,389.9,486.1
TH02003,,EXCAVATOR,EX-390D2,Earth Excavation,BEGINNER,1.5,TOPSOIL,1.3,1189.1,FLAT,5.0,9.4,WINDY,27.6,0.0,6107.0,811.0,14.3,0.219,77.0,1051.0,449.6,578.6
TH02004,,COMPACTOR,CP-972D2,Soil Compaction,BEGINNER,0.5,SAND,1.5,1490.3,MOUNTAINOUS,32.0,3.3,SUNNY,34.3,0.0,8786.0,3065.0,4.2,0.306,64.4,1636.0,74.0,130.8
TH02005,,BACKHOE_LOADER,BL-390D2,Trenching,INTERMEDIATE,2.6,GRAVEL,1.8,240.5,UNEVEN,0.6,19.2,CLOUDY,20.7,0.0,5069.0,2983.0,4.2,0.185,49.3,1455.0,151.8,173.4
TH02006,,DOZER,DZ-160GC,Demolition,INTERMEDIATE,5.5,ASPHALT_MILLINGS,1.4,352.8,MOUNTAINOUS,21.8,7.6,SUNNY,18.5,0.0,9173.0,494.0,14.4,0.174,74.0,1593.0,140.1,222.7
TH02007,,EXCAVATOR,EX-226D2,Trenching,INTERMEDIATE,7.0,GRAVEL,1.8,309.5,MOUNTAINOUS,13.6,14.7,WINDY,39.4,0.0,7847.0,634.0,1.1,0.185,80.5,1557.0,186.1,240.7
TH02008,,MOTOR_GRADER,MG-986XE,Grading,INTERMEDIATE,2.1,ASPHALT_MILLINGS,1.4,5134.8,FLAT,2.3,14.4,WINDY,27.9,0.0,7448.0,2754.0,12.4,0.183,60.9,1710.0,258.7,343.4
TH02009,,EXCAVATOR,EX-320GC,Road Preparation,EXPERT,14.9,ROCK_FILL,2.2,4689.7,MOUNTAINOUS,10.4,28.6,RAINY,26.5,7.1,1057.0,1009.0,5.3,0.131,52.6,1516.0,487.6,820.3
TH02010,,EXCAVATOR,EX-226XE,Demolition,INTERMEDIATE,7.6,GRAVEL,1.8,757.6,FLAT,4.2,16.2,CLOUDY,30.5,0.0,6322.0,1785.0,13.8,0.087,64.3,1725.0,304.9,350.5
TH02011,,MOTOR_GRADER,MG-220D2,Demolition,EXPERT,14.9,ASPHALT_MILLINGS,1.4,999.1,UNEVEN,1.6,34.1,RAINY,24.6,13.9,1551.0,2584.0,1.2,0.105,52.0,1624.0,577.2,735.5
TH02012,,ARTICULATED_HAULER,AH-226D,Soil Compaction,EXPERT,19.9,SAND,1.5,3967.9,ROLLING,9.4,24.1,FOG,26.7,0.7,237.0,760.0,2.4,0.181,48.5,1532.0,241.7,415.9
TH02013,,ARTICULATED_HAULER,AH-140D2,Soil Compaction,INTERMEDIATE,2.1,CRUSHED_STONE,1.7,4833.2,ROLLING,0.0,3.0,SUNNY,19.0,0.0,7540.0,3011.0,7.4,0.112,69.4,1762.0,396.2,401.1
TH02014,,BACKHOE_LOADER,BL-986GC,Material Stockpiling,INTERMEDIATE,7.6,ASPHALT_MILLINGS,1.4,1107.7,ROLLING,10.2,9.5,SUNNY,20.2,0.0,9230.0,3363.0,10.6,0.09,70.7,2400.0,505.1,823.0
TH02015,,DOZER,DZ-950D,Grading,BEGINNER,0.6,ASPHALT_MILLINGS,1.4,2112.4,MOUNTAINOUS,12.9,13.0,CLOUDY,11.6,0.0,5113.0,2935.0,1.6,0.157,75.6,1545.0,254.7,342.1
TH02016,,WHEEL_LOADER,WL-390D2,Material Loading,EXPERT,11.3,GRAVEL,1.8,291.5,ROLLING,8.3,17.0,WINDY,17.6,0.0,8889.0,1268.0,14.3,0.04,28.3,1626.0,61.2,72.9
TH02017,,MOTOR_GRADER,MG-986D2,Road Preparation,EXPERT,15.9,CLAY,1.6,1287.3,HILLY,12.0,15.4,SUNNY,29.8,0.0,8715.0,2565.0,11.1,0.024,75.0,1126.0,78.3,100.9
TH02018,,ARTICULATED_HAULER,AH-336,Hauling,EXPERT,20.5,CLAY,1.6,336.0,UNEVEN,0.0,12.2,SUNNY,21.9,0.0,6309.0,2286.0,8.5,0.102,24.3,1383.0,101.1,139.6
TH02019,,ARTICULATED_HAULER,AH-226D,Hauling,INTERMEDIATE,5.0,GRAVEL,1.8,533.7,ROLLING,5.7,12.8,SUNNY,19.2,0.0,6613.0,3391.0,2.4,0.07,88.5,1671.0,179.1,350.0
TH02020,,MOTOR_GRADER,MG-390D2,Road Preparation,INTERMEDIATE,7.6,TOPSOIL,1.3,1148.4,FLAT,2.3,10.6,SUNNY,14.1,0.0,9993.0,399.0,8.3,0.101,62.1,1651.0,82.3,83.3
TH02021,,BACKHOE_LOADER,BL-220GC,Hauling,INTERMEDIATE,2.1,SAND,1.5,608.0,UNEVEN,0.0,8.6,WINDY,21.4,0.0,7924.0,725.0,3.0,0.091,82.4,1716.0,439.6,510.1
TH02022,,WHEEL_LOADER,WL-390,Material Loading,BEGINNER,1.4,TOPSOIL,1.3,1615.5,UNEVEN,0.0,38.1,STORM,24.4,17.8,210.0,1789.0,9.6,0.192,48.1,1629.0,506.3,1421.6
TH02023,,ARTICULATED_HAULER,AH-349D,Hauling,BEGINNER,1.6,GRAVEL,1.8,445.2,ROLLING,5.6,28.2,RAINY,24.8,5.6,341.0,2067.0,0.8,0.243,71.1,1747.0,195.0,430.2
TH02024,,MOTOR_GRADER,MG-220D2,Grading,EXPERT,20.5,SAND,1.5,3695.2,UNEVEN,2.9,41.0,RAINY,20.4,6.5,1953.0,1989.0,1.2,0.171,83.5,1111.0,154.9,225.0
TH02025,,COMPACTOR,CP-986D2,Soil Compaction,BEGINNER,1.0,CRUSHED_STONE,1.7,2549.4,ROLLING,4.4,10.8,SUNNY,32.3,0.0,6548.0,2920.0,8.3,0.182,66.6,1445.0,120.0,142.0
TH02026,,EXCAVATOR,EX-320GC,Earth Excavation,EXPERT,12.7,CRUSHED_STONE,1.7,307.8,MOUNTAINOUS,13.2,67.9,STORM,15.4,31.5,64.0,1946.0,5.3,0.01,41.8,1505.0,76.3,242.6
TH02027,,DOZER,DZ-972,Material Stockpiling,BEGINNER,1.8,TOPSOIL,1.3,812.6,UNEVEN,0.0,4.1,FOG,18.3,0.8,259.0,172.0,2.3,0.296,65.5,2319.0,217.3,336.3
TH02028,,EXCAVATOR,EX-226D2,Road Preparation,INTERMEDIATE,3.9,TOPSOIL,1.3,855.6,MOUNTAINOUS,16.6,9.8,WINDY,16.8,0.0,7418.0,2904.0,1.1,0.254,68.0,1430.0,119.2,189.7
TH02029,,BACKHOE_LOADER,BL-390D2,Material Loading,INTERMEDIATE,5.0,CRUSHED_STONE,1.7,755.1,UNEVEN,1.0,7.2,CLOUDY,24.3,0.0,6799.0,701.0,4.2,0.073,47.4,1810.0,297.2,340.8
TH02030,,WHEEL_LOADER,WL-986,Material Stockpiling,EXPERT,14.9,CRUSHED_STONE,1.7,2293.9,MOUNTAINOUS,22.5,9.0,SUNNY,27.1,0.0,9178.0,3127.0,11.8,0.019,48.4,1886.0,411.6,858.5
TH02031,,BACKHOE_LOADER,BL-220GC,Trenching,EXPERT,14.9,CLAY,1.6,402.2,UNEVEN,0.0,4.9,SUNNY,14.4,0.0,6451.0,1898.0,3.0,0.031,62.4,1351.0,197.0,205.7
TH02032,,ARTICULATED_HAULER,AH-336,Hauling,INTERMEDIATE,7.6,ASPHALT_MILLINGS,1.4,1041.0,UNEVEN,1.9,12.6,SUNNY,39.6,0.0,8231.0,2645.0,8.5,0.049,26.5,1467.0,344.1,469.7
TH02033,,MOTOR_GRADER,MG-390D2,Road Preparation,INTERMEDIATE,4.6,GRAVEL,1.8,1396.2,FLAT,2.1,3.0,CLOUDY,23.6,0.0,8646.0,2753.0,8.3,0.081,43.8,1457.0,104.6,101.3
TH02034,,BACKHOE_LOADER,BL-986GC,Trenching,BEGINNER,2.3,GRAVEL,1.8,462.9,MOUNTAINOUS,7.3,18.7,CLOUDY,9.7,0.0,6619.0,1097.0,7.3,0.039,49.1,1563.0,348.3,393.5
TH02035,,EXCAVATOR,EX-140GC,Demolition,INTERMEDIATE,7.6,GRAVEL,1.8,93.9,UNEVEN,2.0,3.0,CLOUDY,18.4,0.0,4605.0,881.0,5.6,0.193,87.8,1750.0,38.4,44.7
TH02036,,ARTICULATED_HAULER,AH-120D2,Hauling,EXPERT,17.3,GRAVEL,1.8,100.8,UNEVEN,7.5,78.9,STORM,6.2,32.9,189.0,1336.0,2.8,0.188,49.1,1174.0,29.2,122.7
TH02037,,WHEEL_LOADER,WL-390,Grading,EXPERT,14.9,ASPHALT_MILLINGS,1.4,1622.1,UNEVEN,0.0,8.4,CLOUDY,26.5,0.0,6562.0,1358.0,9.6,0.055,53.2,1307.0,125.2,133.9
TH02038,,COMPACTOR,CP-950,Material Stockpiling,INTERMEDIATE,5.0,ROCK_FILL,2.2,119.8,ROLLING,5.8,13.9,SUNNY,15.9,0.0,7638.0,2522.0,3.4,0.07,53.4,2030.0,46.8,66.7
TH02039,,DOZER,DZ-950D,Material Stockpiling,BEGINNER,0.5,CRUSHED_STONE,1.7,2035.6,MOUNTAINOUS,7.0,4.9,RAINY,20.5,2.1,1052.0,1349.0,1.6,0.276,61.7,1383.0,590.3,1165.6
TH02040,,WHEEL_LOADER,WL-390,Soil Compaction,EXPERT,14.9,ASPHALT_MILLINGS,1.4,3296.7,UNEVEN,0.0,16.9,SUNNY,30.3,0.0,7663.0,3334.0,9.6,0.1,83.4,1459.0,215.5,227.1
TH02041,,BACKHOE_LOADER,BL-986GC,Material Stockpiling,INTERMEDIATE,7.0,CLAY,1.6,463.8,MOUNTAINOUS,12.8,19.7,SUNNY,32.3,0.0,6613.0,785.0,7.3,0.147,88.1,1308.0,165.4,227.2
TH02042,,MOTOR_GRADER,MG-390D2,Road Preparation,EXPERT,15.9,SAND,1.5,1865.1,FLAT,1.6,16.3,SUNNY,18.6,0.0,7904.0,2715.0,8.3,0.064,36.1,1771.0,116.1,126.8
TH02043,,EXCAVATOR,EX-336XE,Earth Excavation,INTERMEDIATE,7.7,ASPHALT_MILLINGS,1.4,95.9,UNEVEN,6.5,6.2,SUNNY,22.7,0.0,5059.0,2058.0,4.7,0.052,,1803.0,27.3,23.2
TH02044,,MOTOR_GRADER,MG-986D2,Trenching,BEGINNER,2.5,TOPSOIL,1.3,355.3,HILLY,9.7,14.2,CLOUDY,25.9,0.0,7030.0,414.0,11.1,0.138,44.3,1605.0,447.2,563.8
TH02045,,MOTOR_GRADER,MG-986XE,Material Loading,INTERMEDIATE,3.9,ASPHALT_MILLINGS,1.4,2490.1,FLAT,2.2,13.3,FOG,30.3,0.2,111.0,444.0,12.4,0.16,64.4,1970.0,1095.1,1812.7
TH02046,,EXCAVATOR,EX-220XE,Grading,INTERMEDIATE,6.8,TOPSOIL,1.3,4775.4,ROLLING,6.4,7.0,CLOUDY,29.6,0.0,4027.0,1006.0,10.9,0.046,81.1,1752.0,378.4,392.6
TH02047,,BACKHOE_LOADER,BL-220GC,Earth Excavation,INTERMEDIATE,5.5,SAND,1.5,1069.4,UNEVEN,2.9,3.0,CLOUDY,23.3,0.0,7999.0,2693.0,3.0,0.17,55.4,1362.0,544.3,604.4
TH02048,,DOZER,DZ-349D,Demolition,BEGINNER,1.8,SAND,1.5,670.0,ROLLING,9.5,21.6,SUNNY,21.9,0.0,6633.0,2858.0,10.1,0.255,70.6,2400.0,358.2,399.8
TH02049,,EXCAVATOR,EX-972,Earth Excavation,INTERMEDIATE,7.0,ASPHALT_MILLINGS,1.4,981.2,UNEVEN,4.5,26.5,CLOUDY,25.6,0.0,5388.0,1549.0,7.8,0.139,39.6,1667.0,291.0,291.4
TH02050,,EXCAVATOR,EX-140GC,Material Loading,EXPERT,20.5,CRUSHED_STONE,1.7,2467.4,UNEVEN,0.0,16.0,CLOUDY,15.1,0.0,5920.0,2780.0,5.6,0.142,90.7,1569.0,500.6,540.1
TH02051,,WHEEL_LOADER,WL-140XE,Material Loading,BEGINNER,1.0,ROCK_FILL,2.2,648.5,UNEVEN,0.0,19.2,SUNNY,34.3,0.0,,3349.0,8.1,0.288,47.9,1253.0,204.8,288.1
TH02052,,MOTOR_GRADER,MG-160D,Grading,INTERMEDIATE,5.5,ROCK_FILL,2.2,5625.1,UNEVEN,0.2,4.1,CLOUDY,20.4,0.0,3833.0,1857.0,7.7,0.056,36.3,2114.0,269.2,272.6
TH02053,,EXCAVATOR,EX-320GC,Material Loading,INTERMEDIATE,5.5,ASPHALT_MILLINGS,1.4,769.4,MOUNTAINOUS,9.9,17.7,RAINY,28.6,6.5,1458.0,395.0,5.3,0.188,26.4,1413.0,179.1,314.6
TH02054,,BACKHOE_LOADER,BL-390,Trenching,BEGINNER,2.5,ASPHALT_MILLINGS,1.4,132.4,FLAT,0.0,3.0,CLOUDY,28.6,0.0,4697.0,2937.0,10.5,0.235,49.4,1763.0,96.0,102.4
TH02055,,COMPACTOR,CP-950,Road Preparation,INTERMEDIATE,2.1,SAND,1.5,812.2,ROLLING,5.0,12.6,CLOUDY,16.8,0.0,4277.0,1707.0,3.4,0.046,73.6,1621.0,63.3,60.8
TH02056,,MOTOR_GRADER,MG-220D2,Grading,INTERMEDIATE,5.5,CRUSHED_STONE,1.7,5958.7,UNEVEN,0.0,14.6,WINDY,20.9,0.0,8126.0,972.0,1.2,0.102,43.3,1668.0,284.7,321.4
TH02057,,BACKHOE_LOADER,BL-390D2,Trenching,BEGINNER,1.8,CLAY,1.6,341.3,UNEVEN,0.0,20.2,SUNNY,29.5,0.0,8010.0,881.0,4.2,0.291,68.0,2103.0,252.9,284.6
TH02058,,ARTICULATED_HAULER,AH-349D,Soil Compaction,EXPERT,18.2,CRUSHED_STONE,1.7,5439.6,ROLLING,12.9,3.5,SUNNY,28.5,0.0,8407.0,1123.0,0.8,0.173,28.3,1670.0,356.1,472.2
TH02059,,DOZER,DZ-986GC,Demolition,INTERMEDIATE,6.8,ASPHALT_MILLINGS,1.4,895.5,FLAT,1.1,5.5,SUNNY,24.1,0.0,9512.0,1517.0,12.0,0.06,78.4,1583.0,357.5,347.6
TH02060,,EXCAVATOR,EX-336XE,Trenching,BEGINNER,0.8,TOPSOIL,1.3,220.4,UNEVEN,3.3,37.8,STORM,22.6,17.2,273.0,2397.0,4.7,0.214,55.9,1875.0,177.9,525.6
TH02061,,DOZER,DZ-972,Earth Excavation,BEGINNER,1.4,ROCK_FILL,2.2,1160.4,UNEVEN,0.0,29.9,SUNNY,25.3,0.0,9997.0,3403.0,2.3,0.099,42.3,1459.0,682.1,739.9
TH02062,,WHEEL_LOADER,WL-140XE,Material Loading,INTERMEDIATE,3.6,CRUSHED_STONE,1.7,630.2,UNEVEN,0.7,9.5,WINDY,12.9,0.0,7140.0,3046.0,8.1,0.194,51.9,1501.0,152.8,188.7
TH02063,,WHEEL_LOADER,WL-336,Earth Excavation,INTERMEDIATE,2.6,SAND,1.5,251.1,ROLLING,10.3,17.6,SUNNY,30.4,0.0,8578.0,1598.0,7.7,0.147,70.6,1473.0,150.5,176.9
TH02064,,BACKHOE_LOADER,BL-986GC,Earth Excavation,EXPERT,12.7,CRUSHED_STONE,1.7,465.9,ROLLING,7.8,21.2,SUNNY,30.0,0.0,8528.0,1650.0,10.6,0.01,82.2,1194.0,213.2,248.7
TH02065,,EXCAVATOR,EX-336XE,Earth Excavation,EXPERT,15.9,CRUSHED_STONE,1.7,719.4,UNEVEN,0.0,25.5,SUNNY,25.0,0.0,7237.0,2242.0,4.7,0.065,44.7,1183.0,174.9,165.7
TH02066,,WHEEL_LOADER,WL-972XE,Material Stockpiling,EXPERT,18.2,SAND,1.5,1599.5,FLAT,4.7,21.2,CLOUDY,14.6,0.0,3803.0,1218.0,14.4,0.173,51.1,1529.0,295.2,403.2
TH02067,,WHEEL_LOADER,WL-390,Material Loading,INTERMEDIATE,5.1,GRAVEL,1.8,1838.1,UNEVEN,0.0,3.0,SUNNY,,0.0,9227.0,3182.0,9.6,0.166,44.5,2031.0,436.9,432.1
TH02068,,DOZER,DZ-986D2,Road Preparation,EXPERT,23.6,SAND,1.5,1652.7,FLAT,5.6,14.8,FOG,30.1,0.6,164.0,792.0,13.6,0.113,24.4,1525.0,99.3,176.1
TH02069,,COMPACTOR,CP-950,Soil Compaction,INTERMEDIATE,5.5,TOPSOIL,1.3,2875.6,ROLLING,8.8,28.3,RAINY,31.1,5.5,1101.0,2990.0,3.4,0.199,35.7,1653.0,104.5,144.0
TH02070,,EXCAVATOR,EX-220XE,Material Loading,EXPERT,22.8,ROCK_FILL,2.2,103.4,ROLLING,1.6,7.1,SUNNY,1.7,0.0,6268.0,1958.0,10.9,0.072,99.8,1765.0,20.5,22.3
TH02071,,BACKHOE_LOADER,BL-986GC,Trenching,EXPERT,17.3,ASPHALT_MILLINGS,1.4,68.9,ROLLING,7.8,9.0,SUNNY,24.6,0.0,5329.0,1635.0,10.6,0.089,57.7,1470.0,34.6,40.1
TH02072,,WHEEL_LOADER,WL-986,Material Stockpiling,INTERMEDIATE,4.4,GRAVEL,1.8,1263.7,MOUNTAINOUS,17.9,14.2,SUNNY,22.1,0.0,9195.0,385.0,11.8,0.217,72.8,1597.0,275.3,395.5
TH02073,,WHEEL_LOADER,WL-986,Grading,INTERMEDIATE,7.7,CRUSHED_STONE,1.7,2590.1,MOUNTAINOUS,24.6,25.3,RAINY,19.6,11.1,738.0,3065.0,11.8,0.01,64.5,1816.0,249.0,495.4
TH02074,,DOZER,DZ-950D,Road Preparation,INTERMEDIATE,6.8,SAND,1.5,952.2,MOUNTAINOUS,0.8,7.1,SUNNY,35.3,0.0,6170.0,3288.0,1.6,0.01,30.2,1498.0,69.3,67.0
TH02075,,BACKHOE_LOADER,BL-986GC,Demolition,INTERMEDIATE,6.7,TOPSOIL,1.3,1146.7,ROLLING,7.1,12.1,WINDY,34.9,0.0,7847.0,1729.0,10.6,0.134,51.1,1418.0,755.9,793.4
TH02076,,BACKHOE_LOADER,BL-986GC,Earth Excavation,EXPERT,19.9,CLAY,1.6,732.7,ROLLING,4.3,15.5,SUNNY,18.7,0.0,7299.0,2366.0,10.6,0.196,69.3,1795.0,281.5,307.3
TH02077,,EXCAVATOR,EX-226XE,Earth Excavation,INTERMEDIATE,7.7,GRAVEL,1.8,249.5,FLAT,1.1,25.7,CLOUDY,29.1,0.0,6245.0,2552.0,13.8,0.064,78.9,1702.0,74.0,83.5
TH02078,,WHEEL_LOADER,WL-140XE,Material Stockpiling,BEGINNER,0.5,SAND,1.5,1809.2,UNEVEN,0.0,26.3,SUNNY,14.5,0.0,5910.0,2976.0,8.1,0.257,29.4,1257.0,525.4,882.2
TH02079,,DOZER,DZ-986GC,Demolition,INTERMEDIATE,7.7,CLAY,1.6,965.1,FLAT,0.0,19.8,CLOUDY,29.2,0.0,5096.0,2277.0,12.0,0.174,50.8,1287.0,372.3,417.7
TH02080,,MOTOR_GRADER,MG-336GC,Earth Excavation,INTERMEDIATE,5.0,TOPSOIL,1.3,572.6,FLAT,1.4,53.1,STORM,14.5,19.4,74.0,824.0,10.0,0.035,100.0,1873.0,257.4,695.7
TH02081,,BACKHOE_LOADER,BL-220GC,Trenching,INTERMEDIATE,2.6,ROCK_FILL,2.2,252.3,UNEVEN,2.3,3.0,SUNNY,,0.0,6681.0,1967.0,3.0,0.259,59.4,1839.0,157.7,163.3
TH02082,,DOZER,DZ-986GC,Road Preparation,INTERMEDIATE,7.7,CRUSHED_STONE,1.7,4826.6,FLAT,0.0,21.2,SUNNY,34.4,0.0,,561.0,12.0,0.191,72.5,2143.0,354.1,407.1
TH02083,,MOTOR_GRADER,MG-160D,Road Preparation,INTERMEDIATE,3.9,ASPHALT_MILLINGS,1.4,4727.2,UNEVEN,0.0,25.5,CLOUDY,21.0,0.0,3645.0,557.0,7.7,0.01,53.3,1566.0,334.0,299.8
TH02084,,WHEEL_LOADER,WL-986,Material Stockpiling,INTERMEDIATE,7.0,CRUSHED_STONE,1.7,1093.7,MOUNTAINOUS,21.9,23.7,CLOUDY,32.1,0.0,6579.0,871.0,11.8,0.278,43.9,1377.0,236.6,332.2
TH02085,,DOZER,DZ-349D,Material Stockpiling,INTERMEDIATE,3.9,ROCK_FILL,2.2,620.7,ROLLING,7.5,3.0,SUNNY,34.0,0.0,7693.0,3109.0,10.1,0.224,50.1,1273.0,133.7,257.9
TH02086,,DOZER,DZ-349D,Earth Excavation,INTERMEDIATE,5.5,ROCK_FILL,2.2,364.9,ROLLING,8.2,34.8,RAINY,24.1,3.5,1387.0,3280.0,10.1,0.071,72.4,1741.0,222.9,366.0
TH02087,,EXCAVATOR,EX-950D2,Material Loading,INTERMEDIATE,7.7,CLAY,1.6,1966.2,HILLY,9.6,10.5,CLOUDY,17.9,0.0,6909.0,1366.0,3.2,0.01,54.2,1655.0,474.1,518.0
TH02088,,DOZER,DZ-950D,Road Preparation,BEGINNER,1.8,CRUSHED_STONE,1.7,1432.3,MOUNTAINOUS,12.3,3.0,SUNNY,25.2,0.0,7946.0,417.0,1.6,0.267,44.3,2400.0,129.5,163.5
TH02089,,DOZER,DZ-160GC,Hauling,INTERMEDIATE,5.0,ROCK_FILL,2.2,904.7,MOUNTAINOUS,18.3,12.0,CLOUDY,12.8,0.0,3302.0,1850.0,14.4,0.01,59.0,1791.0,588.1,1136.9
TH02090,,DOZER,DZ-972,Material Stockpiling,INTERMEDIATE,7.6,CRUSHED_STONE,1.7,837.1,UNEVEN,1.2,13.8,CLOUDY,16.0,0.0,4659.0,253.0,2.3,0.095,40.3,1441.0,180.0,180.1
TH02091,,WHEEL_LOADER,WL-972XE,Material Stockpiling,EXPERT,19.9,SAND,1.5,1102.2,FLAT,0.5,3.0,SUNNY,18.4,0.0,6930.0,3355.0,14.4,0.067,31.5,1632.0,203.1,337.5
TH02092,,DOZER,DZ-349D,Road Preparation,BEGINNER,1.4,ASPHALT_MILLINGS,1.4,1287.0,ROLLING,7.3,3.8,SUNNY,20.2,0.0,9313.0,1216.0,10.1,0.141,72.4,1622.0,122.4,121.7
TH02093,,MOTOR_GRADER,MG-390D2,Road Preparation,INTERMEDIATE,7.1,GRAVEL,1.8,5402.9,FLAT,0.4,19.4,SUNNY,26.4,0.0,5327.0,818.0,8.3,0.183,34.2,1884.0,380.6,414.9
TH02094,,BACKHOE_LOADER,BL-986GC,Trenching,INTERMEDIATE,4.4,GRAVEL,1.8,78.7,ROLLING,10.0,38.0,RAINY,26.8,10.9,1241.0,1606.0,10.6,0.269,52.6,1467.0,45.0,89.5
TH02095,,EXCAVATOR,EX-950D2,Material Loading,INTERMEDIATE,6.3,GRAVEL,1.8,674.6,HILLY,9.9,24.5,SUNNY,37.2,0.0,9584.0,767.0,3.2,0.212,58.1,1462.0,156.6,189.7
TH02096,,BACKHOE_LOADER,BL-986GC,Trenching,EXPERT,23.6,ASPHALT_MILLINGS,1.4,551.1,ROLLING,7.4,18.3,RAINY,23.9,10.8,430.0,3396.0,10.6,0.181,57.2,1626.0,274.2,478.3
TH02097,,EXCAVATOR,EX-972XE,Material Loading,EXPERT,19.9,GRAVEL,1.8,2006.3,FLAT,0.3,18.5,CLOUDY,19.0,0.0,5483.0,172.0,3.7,0.182,29.2,1776.0,403.2,434.9
TH02098,,WHEEL_LOADER,WL-390D2,Hauling,INTERMEDIATE,5.8,CRUSHED_STONE,1.7,2453.6,ROLLING,8.4,9.8,FOG,25.2,0.0,242.0,915.0,14.3,0.153,69.6,1950.0,1717.9,3792.8
TH02099,,BACKHOE_LOADER,BL-986GC,Hauling,INTERMEDIATE,7.7,ROCK_FILL,2.2,2371.7,ROLLING,7.1,12.8,CLOUDY,25.9,0.0,3916.0,689.0,10.6,0.019,51.1,1188.0,1402.5,1693.3
TH02100,,EXCAVATOR,EX-972XE,Demolition,INTERMEDIATE,4.6,CLAY,1.6,206.1,FLAT,0.0,34.0,SUNNY,23.3,0.0,5931.0,950.0,3.7,0.153,59.3,1556.0,82.3,73.3
TH02101,,WHEEL_LOADER,WL-972XE,Material Stockpiling,BEGINNER,0.8,SAND,1.5,1162.5,FLAT,2.0,12.7,FOG,26.4,0.6,89.0,3176.0,14.4,0.157,59.1,1550.0,320.5,869.7
TH02102,,BACKHOE_LOADER,BL-986GC,Trenching,INTERMEDIATE,7.7,ROCK_FILL,2.2,241.1,ROLLING,6.7,17.4,SUNNY,37.8,0.0,8746.0,756.0,10.6,0.142,65.6,1673.0,138.9,174.4
TH02103,,EXCAVATOR,EX-950D2,Trenching,EXPERT,23.4,SAND,1.5,572.3,HILLY,13.9,10.8,SUNNY,20.2,0.0,5122.0,671.0,3.2,0.076,48.8,1380.0,290.8,331.5
TH02104,,COMPACTOR,CP-986D2,Road Preparation,INTERMEDIATE,7.6,ASPHALT_MILLINGS,1.4,759.2,ROLLING,7.0,14.7,SUNNY,23.9,0.0,5806.0,332.0,8.3,0.104,55.0,2117.0,55.7,57.7
TH02105,,EXCAVATOR,EX-140GC,Trenching,BEGINNER,1.0,TOPSOIL,1.3,52.4,UNEVEN,0.6,25.3,RAINY,24.2,2.4,1272.0,254.0,5.6,0.307,19.7,1460.0,40.7,64.9
TH02106,,DOZER,DZ-972,Road Preparation,EXPERT,23.6,SAND,1.5,4445.2,UNEVEN,6.7,18.4,SUNNY,24.0,0.0,7316.0,595.0,2.3,0.108,42.5,1564.0,273.6,307.4
TH02107,,EXCAVATOR,EX-972,Earth Excavation,BEGINNER,1.8,CLAY,1.6,1286.7,UNEVEN,0.0,14.9,CLOUDY,20.6,0.0,8979.0,1877.0,7.8,0.256,45.4,2400.0,497.0,496.3
TH02108,,BACKHOE_LOADER,BL-220GC,Trenching,INTERMEDIATE,7.7,CRUSHED_STONE,1.7,366.5,UNEVEN,0.0,21.2,RAINY,15.0,9.9,1474.0,600.0,3.0,0.052,63.0,1649.0,220.9,313.6
TH02109,,EXCAVATOR,EX-320GC,Trenching,BEGINNER,0.8,GRAVEL,1.8,378.8,MOUNTAINOUS,12.9,18.9,SUNNY,21.1,0.0,6176.0,676.0,5.3,0.226,50.0,1332.0,299.4,346.3
TH02110,,EXCAVATOR,EX-972XE,Trenching,BEGINNER,0.6,ROCK_FILL,2.2,234.1,FLAT,0.5,9.5,CLOUDY,11.2,0.0,8789.0,403.0,3.7,0.237,,1285.0,189.3,185.4
TH02111,,EXCAVATOR,EX-140GC,Trenching,INTERMEDIATE,7.7,ASPHALT_MILLINGS,1.4,500.7,UNEVEN,3.6,29.4,SUNNY,19.9,0.0,5717.0,2372.0,5.6,0.05,52.2,1366.0,288.4,237.9
TH02112,,MOTOR_GRADER,MG-986XE,Road Preparation,INTERMEDIATE,4.4,ASPHALT_MILLINGS,1.4,334.2,FLAT,0.7,21.1,WINDY,22.4,0.0,4455.0,2485.0,12.4,0.226,83.6,1701.0,23.8,28.3
TH02113,,WHEEL_LOADER,WL-986,Material Stockpiling,BEGINNER,0.8,ASPHALT_MILLINGS,1.4,2449.9,MOUNTAINOUS,19.8,33.2,RAINY,28.5,9.3,325.0,2283.0,11.8,0.17,43.9,1466.0,701.9,2258.8
TH02114,,COMPACTOR,CP-950,Soil Compaction,INTERMEDIATE,6.7,GRAVEL,1.8,4846.5,ROLLING,6.4,6.0,SUNNY,12.5,0.0,5187.0,1965.0,3.4,0.086,92.8,1357.0,179.0,202.8
TH02115,,ARTICULATED_HAULER,AH-140D2,Hauling,INTERMEDIATE,3.6,GRAVEL,1.8,1023.3,ROLLING,6.8,9.5,SUNNY,40.8,0.0,7617.0,1849.0,7.4,0.092,43.3,1722.0,366.5,450.6
TH02116,,EXCAVATOR,EX-226XE,Hauling,EXPERT,11.3,ROCK_FILL,2.2,712.2,FLAT,4.1,21.9,SUNNY,26.6,0.0,7344.0,3003.0,13.8,0.055,,2137.0,327.5,561.6
TH02117,,COMPACTOR,CP-986D2,Road Preparation,INTERMEDIATE,5.5,ROCK_FILL,2.2,3290.2,ROLLING,1.7,15.6,CLOUDY,19.9,0.0,4237.0,735.0,8.3,0.164,50.7,1322.0,242.0,231.6
TH02118,,DOZER,DZ-986D2,Road Preparation,INTERMEDIATE,7.0,ROCK_FILL,2.2,1643.5,FLAT,3.7,6.1,SUNNY,14.4,0.0,8895.0,841.0,13.6,0.209,59.2,1358.0,118.1,127.4
TH02119,,BACKHOE_LOADER,BL-220GC,Trenching,INTERMEDIATE,3.6,SAND,1.5,323.4,UNEVEN,0.0,9.6,CLOUDY,23.0,0.0,5913.0,3359.0,3.0,0.259,49.3,1796.0,191.0,250.6
TH02120,,BACKHOE_LOADER,BL-986GC,Trenching,EXPERT,14.9,ASPHALT_MILLINGS,1.4,123.8,MOUNTAINOUS,5.5,5.5,RAINY,25.1,2.2,1923.0,3417.0,7.3,0.119,33.9,1409.0,60.7,78.8
TH02121,,ARTICULATED_HAULER,AH-140D2,Hauling,INTERMEDIATE,4.4,ROCK_FILL,2.2,1393.7,ROLLING,7.3,3.0,SUNNY,,0.0,8283.0,3148.0,7.4,0.212,35.1,1532.0,475.5,1032.7
TH02122,,COMPACTOR,CP-950,Road Preparation,EXPERT,22.8,ROCK_FILL,2.2,2128.3,ROLLING,5.1,75.2,STORM,23.2,31.8,399.0,2542.0,3.4,0.028,68.7,1863.0,134.0,454.9
TH02123,,ARTICULATED_HAULER,AH-336,Hauling,EXPERT,22.8,CRUSHED_STONE,1.7,1427.5,UNEVEN,1.1,9.2,SUNNY,28.3,0.0,8587.0,1250.0,8.5,0.115,100.0,1677.0,411.1,437.1
TH02124,,ARTICULATED_HAULER,AH-140D2,Hauling,INTERMEDIATE,5.0,CRUSHED_STONE,1.7,539.6,ROLLING,7.7,32.4,RAINY,26.6,11.3,591.0,598.0,7.4,0.073,50.7,1709.0,192.5,321.2
TH02125,,DOZER,DZ-972,Road Preparation,EXPERT,17.3,CRUSHED_STONE,1.7,3934.9,UNEVEN,5.1,8.1,SUNNY,11.9,0.0,8234.0,3035.0,2.3,0.15,96.1,1354.0,239.1,231.7
TH02126,,MOTOR_GRADER,MG-336GC,Earth Excavation,BEGINNER,1.4,ASPHALT_MILLINGS,1.4,849.7,FLAT,3.9,12.6,CLOUDY,36.8,0.0,8663.0,1565.0,10.0,0.244,43.8,1055.0,495.7,614.6
TH02127,,EXCAVATOR,EX-972XE,Demolition,INTERMEDIATE,6.7,CRUSHED_STONE,1.7,1245.2,FLAT,0.0,12.1,CLOUDY,34.3,0.0,4896.0,1123.0,3.7,0.073,64.9,1711.0,476.1,492.6
TH02128,,MOTOR_GRADER,MG-986XE,Material Loading,BEGINNER,1.0,CLAY,1.6,1909.4,FLAT,0.0,3.0,SUNNY,19.2,0.0,5641.0,1007.0,12.4,0.187,69.8,1845.0,928.2,1044.9
TH02129,,MOTOR_GRADER,MG-160D,Material Loading,BEGINNER,2.3,CRUSHED_STONE,1.7,136.5,UNEVEN,1.6,3.0,CLOUDY,22.6,0.0,7235.0,3185.0,7.7,0.261,41.1,1768.0,63.1,73.1
TH02130,,MOTOR_GRADER,MG-986XE,Grading,BEGINNER,2.3,CLAY,1.6,3669.9,FLAT,1.5,7.0,CLOUDY,28.5,0.0,8975.0,3286.0,12.4,0.168,29.4,1840.0,229.1,237.9
TH02131,,DOZER,DZ-160GC,Road Preparation,EXPERT,14.9,ASPHALT_MILLINGS,1.4,4062.0,MOUNTAINOUS,24.0,33.6,SUNNY,24.4,0.0,8189.0,1029.0,14.4,0.174,25.3,1370.0,249.2,410.4
TH02132,,EXCAVATOR,EX-972,Earth Excavation,EXPERT,23.4,CLAY,1.6,1035.3,UNEVEN,2.7,46.4,STORM,17.2,15.6,119.0,1711.0,7.8,0.082,100.0,1574.0,267.7,643.1
TH02133,,EXCAVATOR,EX-950D2,Demolition,EXPERT,22.8,ASPHALT_MILLINGS,1.4,683.1,HILLY,12.5,3.0,SUNNY,19.8,0.0,7280.0,3394.0,3.2,0.01,69.5,1852.0,236.5,232.6
TH02134,,ARTICULATED_HAULER,AH-226D,Hauling,INTERMEDIATE,2.7,GRAVEL,1.8,2357.1,ROLLING,5.9,13.8,CLOUDY,36.3,0.0,3372.0,3061.0,2.4,0.065,71.6,1261.0,879.9,1358.6
TH02135,,COMPACTOR,CP-950,Soil Compaction,BEGINNER,0.5,ROCK_FILL,2.2,2324.4,ROLLING,9.2,18.5,CLOUDY,23.4,0.0,5368.0,3193.0,3.4,0.192,78.7,1742.0,112.9,141.0
TH02136,,MOTOR_GRADER,MG-160D,Grading,INTERMEDIATE,2.1,CLAY,1.6,4202.9,UNEVEN,2.2,36.1,RAINY,30.5,8.9,1137.0,2273.0,7.7,0.173,73.0,1572.0,206.8,331.4
TH02137,,ARTICULATED_HAULER,AH-140D2,Hauling,BEGINNER,1.6,CRUSHED_STONE,1.7,1673.1,ROLLING,5.5,13.1,SUNNY,24.8,0.0,9786.0,3115.0,7.4,0.3,31.0,1475.0,766.0,1589.9
TH02138,,BACKHOE_LOADER,BL-986GC,Trenching,INTERMEDIATE,7.1,ASPHALT_MILLINGS,1.4,237.9,MOUNTAINOUS,11.2,3.0,CLOUDY,28.5,0.0,7046.0,2385.0,7.3,0.149,61.1,1811.0,141.0,171.1
TH02139,,EXCAVATOR,EX-320GC,Material Stockpiling,EXPERT,23.6,ROCK_FILL,2.2,559.2,MOUNTAINOUS,13.9,22.2,CLOUDY,32.3,0.0,4068.0,1975.0,5.3,0.1,49.7,1672.0,161.6,266.9
TH02140,,COMPACTOR,CP-986D2,Soil Compaction,BEGINNER,1.8,ROCK_FILL,2.2,2658.3,ROLLING,6.4,20.0,CLOUDY,29.3,0.0,8639.0,326.0,8.3,0.395,90.5,1215.0,121.0,171.1
TH02141,,EXCAVATOR,EX-140GC,Demolition,BEGINNER,0.8,ASPHALT_MILLINGS,1.4,854.2,UNEVEN,0.1,24.1,CLOUDY,10.5,0.0,7509.0,3241.0,5.6,0.192,73.7,1387.0,462.2,522.7
TH02142,,WHEEL_LOADER,WL-986,Material Stockpiling,EXPERT,14.9,SAND,1.5,1662.8,MOUNTAINOUS,20.4,24.2,RAINY,,7.3,821.0,2613.0,11.8,0.126,32.0,1037.0,291.1,856.4
TH02143,,BACKHOE_LOADER,BL-220GC,Trenching,BEGINNER,1.8,GRAVEL,1.8,564.0,UNEVEN,0.0,18.0,SUNNY,20.7,0.0,8788.0,3151.0,3.0,0.249,36.1,1763.0,408.3,475.0
TH02144,,BACKHOE_LOADER,BL-986GC,Trenching,BEGINNER,0.5,ASPHALT_MILLINGS,1.4,71.9,MOUNTAINOUS,12.2,11.6,SUNNY,18.8,0.0,6246.0,584.0,7.3,0.195,53.5,1698.0,54.2,55.1
TH02145,,BACKHOE_LOADER,BL-986GC,Trenching,EXPERT,23.4,GRAVEL,1.8,575.0,MOUNTAINOUS,8.5,41.1,RAINY,27.6,11.8,970.0,2043.0,7.3,0.17,69.6,1524.0,285.6,521.1
TH02146,,BACKHOE_LOADER,BL-390D2,Trenching,EXPERT,14.9,CRUSHED_STONE,1.7,363.8,UNEVEN,0.2,33.4,RAINY,25.7,10.4,1573.0,2995.0,4.2,0.075,44.9,1626.0,181.5,235.7
TH02147,,WHEEL_LOADER,WL-986,Material Stockpiling,BEGINNER,0.8,CLAY,1.6,280.0,MOUNTAINOUS,22.8,8.8,SUNNY,16.3,0.0,8519.0,3109.0,11.8,0.241,27.1,1802.0,79.6,194.8
TH02148,,ARTICULATED_HAULER,AH-140D2,Hauling,INTERMEDIATE,5.5,CRUSHED_STONE,1.7,1138.6,ROLLING,12.1,7.8,CLOUDY,26.8,0.0,7987.0,785.0,7.4,0.147,52.2,1955.0,395.2,557.5
TH02149,,BACKHOE_LOADER,BL-986D,Trenching,BEGINNER,0.6,SAND,1.5,156.4,FLAT,5.8,26.6,SUNNY,26.8,0.0,5670.0,3281.0,12.0,0.206,52.4,1286.0,120.9,153.9
TH02150,,MOTOR_GRADER,MG-986D2,Earth Excavation,BEGINNER,0.6,SAND,1.5,226.7,HILLY,13.9,14.8,CLOUDY,16.6,0.0,7780.0,2604.0,11.1,0.311,65.5,1988.0,162.8,199.9
TH02151,,BACKHOE_LOADER,BL-390,Trenching,INTERMEDIATE,7.0,CLAY,1.6,289.1,FLAT,1.7,15.5,CLOUDY,5.7,0.0,5493.0,229.0,10.5,0.231,30.7,1381.0,168.1,189.9
TH02152,,ARTICULATED_HAULER,AH-336,Trenching,INTERMEDIATE,3.9,TOPSOIL,1.3,160.5,UNEVEN,2.8,11.3,SUNNY,35.2,0.0,6046.0,1663.0,8.5,0.179,41.8,1637.0,181.9,208.5
TH02153,,ARTICULATED_HAULER,AH-140D2,Hauling,BEGINNER,1.6,CRUSHED_STONE,1.7,2441.5,ROLLING,5.6,7.3,SUNNY,23.7,0.0,7631.0,373.0,7.4,0.177,41.9,1743.0,1135.5,1097.3
TH02154,,COMPACTOR,CP-950,Demolition,INTERMEDIATE,4.4,GRAVEL,1.8,271.1,ROLLING,8.9,53.4,RAINY,18.2,13.5,449.0,1689.0,3.4,0.245,58.1,1872.0,209.2,433.7
TH02155,,BACKHOE_LOADER,BL-390D2,Trenching,INTERMEDIATE,5.1,ASPHALT_MILLINGS,1.4,190.8,UNEVEN,2.3,14.9,CLOUDY,21.1,0.0,,2434.0,4.2,0.178,86.0,1965.0,107.4,120.9
TH02156,,EXCAVATOR,EX-226XE,Trenching,BEGINNER,0.6,CRUSHED_STONE,1.7,179.1,FLAT,4.2,11.0,CLOUDY,21.6,0.0,6740.0,1097.0,13.8,0.332,58.2,1577.0,145.0,191.3
TH02157,,WHEEL_LOADER,WL-972XE,Demolition,INTERMEDIATE,3.0,CRUSHED_STONE,1.7,734.1,FLAT,4.2,9.5,SUNNY,21.0,0.0,5889.0,3273.0,14.4,0.064,80.0,1518.0,630.7,623.0
TH02158,,COMPACTOR,CP-950,Road Preparation,EXPERT,14.9,CLAY,1.6,5648.6,ROLLING,0.0,39.8,RAINY,29.6,12.0,1420.0,3026.0,3.4,0.042,75.1,1264.0,356.9,451.6
TH02159,,MOTOR_GRADER,MG-986D2,Grading,INTERMEDIATE,7.6,CLAY,1.6,1526.4,HILLY,16.1,85.1,STORM,20.4,34.5,328.0,2752.0,11.1,0.106,53.5,1674.0,73.8,249.1
TH02160,,WHEEL_LOADER,WL-972XE,Grading,INTERMEDIATE,5.1,SAND,1.5,4504.4,FLAT,0.0,17.7,SUNNY,21.2,0.0,5849.0,2464.0,14.4,0.192,75.0,1445.0,432.5,480.1
TH02161,,BACKHOE_LOADER,BL-390D2,Trenching,EXPERT,23.6,ASPHALT_MILLINGS,1.4,259.2,UNEVEN,3.6,30.8,CLOUDY,26.2,0.0,3478.0,509.0,4.2,0.079,57.0,1634.0,132.6,116.8
TH02162,,MOTOR_GRADER,MG-220D2,Road Preparation,INTERMEDIATE,7.7,SAND,1.5,809.6,UNEVEN,0.0,16.9,RAINY,15.4,5.6,773.0,887.0,1.2,0.01,72.1,1736.0,59.6,75.1
TH02163,,COMPACTOR,CP-972D2,Road Preparation,INTERMEDIATE,5.1,CRUSHED_STONE,1.7,4448.9,MOUNTAINOUS,22.0,20.0,SUNNY,31.8,0.0,6730.0,1908.0,4.2,0.142,69.8,1787.0,323.2,434.1
TH02164,,COMPACTOR,CP-972D2,Material Stockpiling,BEGINNER,1.0,CLAY,1.6,2347.7,MOUNTAINOUS,29.6,14.7,WINDY,39.7,0.0,8868.0,1786.0,4.2,0.271,68.0,1337.0,1046.8,2713.4
TH02165,,BACKHOE_LOADER,BL-390D2,Trenching,INTERMEDIATE,7.0,GRAVEL,1.8,596.3,UNEVEN,0.2,21.6,SUNNY,26.3,0.0,6176.0,3194.0,4.2,0.267,75.6,1432.0,351.5,437.7
TH02166,,DOZER,DZ-349D,Road Preparation,INTERMEDIATE,7.1,GRAVEL,1.8,3261.8,ROLLING,9.2,22.7,SUNNY,15.8,0.0,6559.0,495.0,10.1,0.234,42.6,1771.0,235.6,281.2
TH02167,,COMPACTOR,CP-972D2,Earth Excavation,INTERMEDIATE,4.4,TOPSOIL,1.3,1319.8,MOUNTAINOUS,21.6,13.1,SUNNY,23.4,0.0,8202.0,733.0,4.2,0.196,92.0,1555.0,780.1,1041.1
TH02168,,WHEEL_LOADER,WL-986,Material Loading,INTERMEDIATE,3.0,GRAVEL,1.8,1886.5,MOUNTAINOUS,15.7,14.7,RAINY,22.5,4.7,357.0,1458.0,11.8,0.223,34.7,1458.0,464.6,1096.2
TH02169,,DOZER,DZ-972,Demolition,INTERMEDIATE,2.6,GRAVEL,1.8,717.0,UNEVEN,2.3,10.4,SUNNY,10.2,0.0,9531.0,628.0,2.3,0.214,81.0,1833.0,300.5,340.3
TH02170,,ARTICULATED_HAULER,AH-120D2,Hauling,EXPERT,23.6,GRAVEL,1.8,2012.9,UNEVEN,4.7,5.5,CLOUDY,,0.0,5799.0,1434.0,2.8,0.124,52.8,1467.0,611.5,880.9
TH02171,,DOZER,DZ-160GC,Demolition,INTERMEDIATE,5.0,TOPSOIL,1.3,888.6,MOUNTAINOUS,17.9,15.4,CLOUDY,19.8,0.0,4805.0,1808.0,14.4,0.09,67.8,2079.0,339.6,513.6
TH02172,,WHEEL_LOADER,WL-140XE,Material Stockpiling,EXPERT,12.7,GRAVEL,1.8,2199.5,UNEVEN,0.0,16.8,RAINY,28.6,3.6,1228.0,1411.0,8.1,0.01,84.6,1740.0,395.6,680.9
TH02173,,EXCAVATOR,EX-950D2,Material Loading,INTERMEDIATE,5.5,CRUSHED_STONE,1.7,800.0,HILLY,8.9,13.2,CLOUDY,20.1,0.0,3284.0,973.0,3.2,0.164,69.2,1323.0,186.2,193.2
TH02174,,BACKHOE_LOADER,BL-390D2,Material Stockpiling,INTERMEDIATE,7.0,TOPSOIL,1.3,2214.5,UNEVEN,4.4,3.0,SUNNY,19.4,0.0,6333.0,865.0,4.2,0.262,62.8,1370.0,995.5,1623.6
TH02175,,DOZER,DZ-349D,Grading,BEGINNER,1.5,ASPHALT_MILLINGS,1.4,552.6,ROLLING,0.0,8.3,WINDY,29.4,0.0,4339.0,1850.0,10.1,0.271,58.8,1473.0,61.4,78.7
TH02176,,MOTOR_GRADER,MG-336GC,Road Preparation,BEGINNER,1.5,SAND,1.5,5769.4,FLAT,0.0,15.6,SUNNY,39.9,0.0,9205.0,2577.0,10.0,0.243,63.1,1371.0,532.5,574.4
TH02177,,DOZER,DZ-160GC,Demolition,EXPERT,14.9,TOPSOIL,1.3,1238.3,MOUNTAINOUS,16.5,9.6,SUNNY,24.7,0.0,8776.0,645.0,14.4,0.081,78.6,1342.0,414.8,536.2
TH02178,,DOZER,DZ-349D,Material Stockpiling,EXPERT,17.3,GRAVEL,1.8,1604.0,ROLLING,6.8,16.9,FOG,12.9,0.0,146.0,1275.0,10.1,0.224,58.4,1544.0,287.3,710.3
TH02179,,ARTICULATED_HAULER,AH-336,Hauling,BEGINNER,1.4,CRUSHED_STONE,1.7,362.0,UNEVEN,6.4,25.4,RAINY,26.9,9.8,974.0,2097.0,8.5,0.24,59.0,1431.0,163.5,390.3
TH02180,,MOTOR_GRADER,MG-390D2,Road Preparation,BEGINNER,1.0,ASPHALT_MILLINGS,1.4,1380.0,FLAT,1.4,3.0,WINDY,20.3,0.0,5009.0,419.0,8.3,0.343,59.4,1324.0,136.8,166.6
TH02181,,BACKHOE_LOADER,BL-986GC,Trenching,INTERMEDIATE,5.5,TOPSOIL,1.3,309.3,MOUNTAINOUS,7.0,8.8,WINDY,30.7,0.0,6606.0,584.0,7.3,0.118,43.9,1585.0,174.2,196.0
TH02182,,ARTICULATED_HAULER,AH-349D,Grading,INTERMEDIATE,4.4,TOPSOIL,1.3,5021.5,ROLLING,5.8,13.1,SUNNY,24.9,0.0,8449.0,1783.0,0.8,0.273,41.5,1410.0,433.8,597.5
TH02183,,COMPACTOR,CP-972D2,Earth Excavation,INTERMEDIATE,7.7,CLAY,1.6,223.4,MOUNTAINOUS,25.9,5.4,SUNNY,32.5,0.0,9567.0,3209.0,4.2,0.01,100.0,1751.0,103.6,145.1
TH02184,,EXCAVATOR,EX-140GC,Earth Excavation,EXPERT,15.9,ASPHALT_MILLINGS,1.4,249.3,UNEVEN,1.9,19.4,CLOUDY,29.1,0.0,6382.0,279.0,5.6,0.01,62.9,1782.0,62.9,55.5
TH02185,,DOZER,DZ-986GC,Demolition,INTERMEDIATE,6.4,CRUSHED_STONE,1.7,1144.0,FLAT,2.1,9.1,CLOUDY,24.8,0.0,6981.0,3256.0,12.0,0.104,65.8,1515.0,437.8,498.5
TH02186,,EXCAVATOR,EX-950D2,Trenching,BEGINNER,1.8,CRUSHED_STONE,1.7,206.0,HILLY,13.8,12.5,SUNNY,26.3,0.0,6586.0,1413.0,3.2,0.243,44.6,1769.0,156.5,215.1
TH02187,,BACKHOE_LOADER,BL-986GC,Trenching,INTERMEDIATE,7.6,ASPHALT_MILLINGS,1.4,250.4,ROLLING,10.4,18.7,RAINY,26.8,7.2,787.0,772.0,10.6,0.187,57.1,1842.0,140.5,258.7
TH02188,,EXCAVATOR,EX-336XE,Demolition,BEGINNER,1.8,ROCK_FILL,2.2,854.0,UNEVEN,3.4,13.4,WINDY,15.5,0.0,7556.0,1958.0,4.7,0.245,74.3,2048.0,425.0,626.7
TH02189,,WHEEL_LOADER,WL-390,Material Loading,INTERMEDIATE,7.1,TOPSOIL,1.3,245.3,UNEVEN,2.6,4.6,FOG,17.8,0.9,148.0,142.0,9.6,0.129,41.9,1965.0,57.9,93.9
TH02190,,ARTICULATED_HAULER,AH-336,Hauling,INTERMEDIATE,5.1,CLAY,1.6,1427.8,UNEVEN,0.6,19.3,CLOUDY,18.0,0.0,7822.0,903.0,8.5,0.08,39.8,2244.0,475.9,473.4
TH02191,,COMPACTOR,CP-986D2,Road Preparation,INTERMEDIATE,6.8,ROCK_FILL,2.2,4188.2,ROLLING,5.5,4.8,CLOUDY,18.0,0.0,4033.0,119.0,8.3,0.01,91.0,2167.0,300.4,393.0
TH02192,,EXCAVATOR,EX-972XE,Demolition,INTERMEDIATE,5.5,CLAY,1.6,698.7,FLAT,0.1,8.3,WINDY,11.8,0.0,5533.0,1095.0,3.7,0.2,63.8,1451.0,287.4,297.1
TH02193,,MOTOR_GRADER,MG-986XE,Soil Compaction,EXPERT,19.9,CRUSHED_STONE,1.7,3268.4,FLAT,0.0,14.4,WINDY,27.2,0.0,5266.0,1122.0,12.4,0.066,69.2,1617.0,182.9,220.4
TH02194,,ARTICULATED_HAULER,AH-140D2,Hauling,INTERMEDIATE,6.8,CRUSHED_STONE,1.7,2078.6,ROLLING,6.3,8.1,RAINY,,1.3,1244.0,1934.0,7.4,0.075,68.3,1693.0,738.1,1590.5
TH02195,,EXCAVATOR,EX-972,Trenching,EXPERT,23.4,CRUSHED_STONE,1.7,570.4,UNEVEN,1.7,31.8,RAINY,27.0,8.9,1381.0,2753.0,7.8,0.18,52.0,1509.0,281.3,413.1
TH02196,,BACKHOE_LOADER,BL-390,Trenching,EXPERT,15.9,CLAY,1.6,62.0,FLAT,1.7,26.6,WINDY,25.8,0.0,5318.0,1183.0,10.5,0.143,71.9,1724.0,31.3,37.2
TH02197,,ARTICULATED_HAULER,AH-336,Hauling,INTERMEDIATE,5.0,TOPSOIL,1.3,151.8,UNEVEN,1.9,22.4,CLOUDY,18.7,0.0,5228.0,1355.0,8.5,0.044,47.2,1549.0,53.0,66.9
TH02198,,BACKHOE_LOADER,BL-220GC,Trenching,EXPERT,23.6,CLAY,1.6,270.6,UNEVEN,0.0,8.1,RAINY,16.5,3.0,1742.0,1281.0,3.0,0.128,38.0,1543.0,139.5,161.6
TH02199,,MOTOR_GRADER,MG-220D2,Demolition,INTERMEDIATE,7.6,GRAVEL,1.8,1210.9,UNEVEN,0.8,33.1,RAINY,34.6,11.2,1232.0,469.0,1.2,0.087,72.2,1708.0,846.8,1145.0
TH02200,,MOTOR_GRADER,MG-390D2,Road Preparation,INTERMEDIATE,7.1,CLAY,1.6,3940.3,FLAT,0.2,41.3,RAINY,10.2,10.3,1436.0,644.0,8.3,0.118,25.9,1592.0,277.3,430.0
TH02201,,BACKHOE_LOADER,BL-390D2,Soil Compaction,INTERMEDIATE,7.1,CLAY,1.6,3538.2,UNEVEN,2.1,6.4,FOG,24.9,0.9,246.0,3459.0,4.2,0.105,64.4,1676.0,290.3,456.1
TH02202,,EXCAVATOR,EX-226D2,Demolition,BEGINNER,0.6,TOPSOIL,1.3,681.7,MOUNTAINOUS,19.4,6.1,FOG,29.5,0.3,277.0,693.0,1.1,0.313,52.0,1333.0,355.3,651.3
TH02203,,EXCAVATOR,EX-972XE,Material Loading,INTERMEDIATE,3.6,ASPHALT_MILLINGS,1.4,129.7,FLAT,2.5,16.6,SUNNY,13.2,0.0,7162.0,2683.0,3.7,0.166,68.9,1299.0,32.7,32.4
TH02204,,EXCAVATOR,EX-226D2,Earth Excavation,INTERMEDIATE,6.4,ASPHALT_MILLINGS,1.4,589.5,MOUNTAINOUS,20.7,28.3,RAINY,12.5,5.2,920.0,1894.0,1.1,0.102,65.4,1734.0,170.7,309.7
TH02205,,DOZER,DZ-986D2,Demolition,INTERMEDIATE,7.1,GRAVEL,1.8,686.2,FLAT,2.4,38.9,RAINY,25.1,14.4,302.0,2400.0,13.6,0.126,72.8,1320.0,279.8,498.8
TH02206,,WHEEL_LOADER,WL-336,Material Stockpiling,BEGINNER,2.3,TOPSOIL,1.3,1208.9,ROLLING,10.8,19.3,CLOUDY,15.7,0.0,3940.0,2543.0,7.7,0.205,52.2,1534.0,330.3,517.2
TH02207,,ARTICULATED_HAULER,AH-336,Hauling,INTERMEDIATE,2.1,ASPHALT_MILLINGS,1.4,451.3,UNEVEN,0.9,18.2,SUNNY,32.0,0.0,8504.0,1558.0,8.5,0.122,67.4,1641.0,164.3,187.1
TH02208,,DOZER,DZ-972,Road Preparation,EXPERT,22.8,SAND,1.5,641.9,UNEVEN,5.3,15.5,CLOUDY,33.9,0.0,5052.0,190.0,2.3,0.01,45.3,1479.0,40.9,31.2
TH02209,,WHEEL_LOADER,WL-390,Material Loading,EXPERT,15.9,SAND,1.5,1494.8,UNEVEN,0.0,3.0,SUNNY,24.8,0.0,5611.0,448.0,9.6,0.101,,1706.0,312.2,318.4
TH02210,,ARTICULATED_HAULER,AH-140D2,Hauling,INTERMEDIATE,4.4,ASPHALT_MILLINGS,1.4,1944.9,ROLLING,10.2,5.5,SUNNY,28.6,0.0,8817.0,1369.0,7.4,0.207,60.0,1367.0,666.4,885.1
TH02211,,MOTOR_GRADER,MG-986D2,Soil Compaction,EXPERT,14.9,ASPHALT_MILLINGS,1.4,4992.4,HILLY,10.1,16.0,CLOUDY,26.7,0.0,3543.0,3207.0,11.1,0.041,63.9,1615.0,348.7,415.1
TH02212,,EXCAVATOR,EX-220XE,Earth Excavation,INTERMEDIATE,5.5,CRUSHED_STONE,1.7,105.5,ROLLING,5.7,3.0,CLOUDY,21.6,0.0,7683.0,2622.0,10.9,0.152,90.6,1890.0,30.5,36.7
TH02213,,ARTICULATED_HAULER,AH-120D2,Hauling,EXPERT,17.3,GRAVEL,1.8,1535.2,UNEVEN,4.1,30.0,RAINY,21.2,12.0,1211.0,2214.0,2.8,0.167,63.8,1904.0,465.3,1030.2
TH02214,,WHEEL_LOADER,WL-140XE,Material Stockpiling,INTERMEDIATE,7.6,CRUSHED_STONE,1.7,1540.4,UNEVEN,0.0,11.4,CLOUDY,22.9,0.0,6382.0,2644.0,8.1,0.072,47.4,2234.0,321.9,469.1
TH02215,,BACKHOE_LOADER,BL-390D2,Trenching,EXPERT,17.3,TOPSOIL,1.3,68.4,UNEVEN,3.7,4.2,SUNNY,17.1,0.0,6725.0,883.0,4.2,0.176,77.2,1629.0,35.4,33.6
TH02216,,EXCAVATOR,EX-950D2,Trenching,EXPERT,7.3,CRUSHED_STONE,1.7,582.0,HILLY,12.9,27.3,RAINY,18.4,5.0,464.0,228.0,3.2,0.149,61.2,2026.0,293.0,541.1
TH02217,,DOZER,DZ-950D,Demolition,BEGINNER,2.5,SAND,1.5,832.5,MOUNTAINOUS,8.2,11.5,WINDY,21.5,0.0,3032.0,2013.0,1.6,0.17,57.2,1482.0,411.1,487.1
TH02218,,DOZER,DZ-160GC,Grading,INTERMEDIATE,5.1,TOPSOIL,1.3,5056.4,MOUNTAINOUS,16.1,24.4,SUNNY,21.5,0.0,8191.0,2201.0,14.4,0.101,72.8,2063.0,413.4,580.6
TH02219,,MOTOR_GRADER,MG-986D2,Grading,BEGINNER,1.6,ASPHALT_MILLINGS,1.4,4161.3,HILLY,11.0,53.3,STORM,11.8,19.7,319.0,582.0,11.1,0.229,51.3,1942.0,264.7,839.8
TH02220,,EXCAVATOR,EX-972XE,Trenching,BEGINNER,0.6,GRAVEL,1.8,80.2,FLAT,8.9,11.3,FOG,21.0,0.7,48.0,3032.0,3.7,0.269,43.6,1617.0,60.9,123.4
TH02221,,WHEEL_LOADER,WL-140XE,Material Stockpiling,BEGINNER,1.8,TOPSOIL,1.3,517.8,UNEVEN,0.0,18.8,CLOUDY,18.7,0.0,5266.0,138.0,8.1,0.3,54.8,2062.0,140.8,147.8
TH02222,,MOTOR_GRADER,MG-336GC,Grading,EXPERT,23.6,TOPSOIL,1.3,3366.6,FLAT,0.0,11.8,CLOUDY,26.5,0.0,5834.0,895.0,10.0,0.124,,1379.0,134.5,131.4
TH02223,,DOZER,DZ-950D,Material Stockpiling,EXPERT,23.6,ROCK_FILL,2.2,2333.0,MOUNTAINOUS,12.1,5.9,SUNNY,16.2,0.0,8164.0,1181.0,1.6,0.134,59.6,1746.0,424.1,589.3
TH02224,,EXCAVATOR,EX-140GC,Grading,INTERMEDIATE,7.7,ASPHALT_MILLINGS,1.4,2113.8,UNEVEN,0.0,9.8,CLOUDY,27.4,0.0,4484.0,438.0,5.6,0.061,46.7,2004.0,185.7,186.0
TH02225,,EXCAVATOR,EX-390D2,Material Loading,INTERMEDIATE,3.9,CLAY,1.6,1783.1,FLAT,5.5,13.3,SUNNY,10.2,0.0,5011.0,158.0,14.3,0.106,57.1,1297.0,425.7,444.7
TH02226,,MOTOR_GRADER,MG-986D2,Road Preparation,INTERMEDIATE,5.5,SAND,1.5,1787.6,HILLY,14.3,23.6,RAINY,33.4,6.3,1009.0,137.0,11.1,0.171,64.2,1597.0,131.0,241.9
TH02227,,ARTICULATED_HAULER,AH-226D,Hauling,EXPERT,7.3,ROCK_FILL,2.2,1656.0,ROLLING,7.2,34.7,RAINY,15.3,5.9,736.0,1873.0,2.4,0.099,41.4,2193.0,501.6,1156.5
TH02228,,WHEEL_LOADER,WL-336,Material Loading,INTERMEDIATE,3.0,CLAY,1.6,1702.8,ROLLING,9.0,18.9,CLOUDY,10.4,0.0,5097.0,2265.0,7.7,0.047,30.2,1269.0,415.1,562.2
TH02229,,MOTOR_GRADER,MG-390D2,Trenching,EXPERT,7.3,SAND,1.5,278.4,FLAT,3.3,9.1,SUNNY,20.4,0.0,8215.0,1070.0,8.3,0.01,61.4,2178.0,236.4,210.1
TH02230,,WHEEL_LOADER,WL-140XE,Demolition,EXPERT,14.9,GRAVEL,1.8,261.9,UNEVEN,3.0,3.0,SUNNY,31.2,0.0,7297.0,3479.0,8.1,0.01,91.1,1362.0,154.3,149.3
TH02231,,MOTOR_GRADER,MG-986D2,Soil Compaction,BEGINNER,2.3,ASPHALT_MILLINGS,1.4,5197.0,HILLY,17.9,15.9,SUNNY,20.4,0.0,7718.0,2897.0,11.1,0.238,28.5,1060.0,379.1,640.6
TH02232,,EXCAVATOR,EX-336XE,Trenching,INTERMEDIATE,3.9,SAND,1.5,302.3,UNEVEN,0.0,20.7,SUNNY,30.2,0.0,7294.0,3140.0,4.7,0.194,51.8,1132.0,176.4,165.2
TH02233,,ARTICULATED_HAULER,AH-336,Hauling,INTERMEDIATE,7.1,SAND,1.5,1136.1,UNEVEN,3.1,9.6,RAINY,28.1,3.5,913.0,888.0,8.5,0.103,56.7,987.0,379.8,670.8
TH02234,,DOZER,DZ-986D2,Material Loading,INTERMEDIATE,7.0,ASPHALT_MILLINGS,1.4,1616.3,FLAT,0.0,10.6,WINDY,16.4,0.0,5714.0,3356.0,13.6,0.186,59.0,1272.0,634.5,690.2
TH02235,,MOTOR_GRADER,MG-336GC,Grading,BEGINNER,0.5,ASPHALT_MILLINGS,1.4,1509.0,FLAT,6.4,13.3,CLOUDY,22.2,0.0,5322.0,2189.0,10.0,0.224,86.9,1498.0,97.9,107.3
TH02236,,DOZER,DZ-986GC,Earth Excavation,INTERMEDIATE,4.4,TOPSOIL,1.3,933.1,FLAT,1.1,22.0,CLOUDY,17.6,0.0,6813.0,2111.0,12.0,0.317,31.3,1997.0,447.4,561.1
TH02237,,BACKHOE_LOADER,BL-986GC,Trenching,EXPERT,20.5,GRAVEL,1.8,555.8,ROLLING,10.6,3.0,SUNNY,26.1,0.0,7259.0,2547.0,10.6,0.122,77.0,1198.0,285.4,315.2
TH02238,,COMPACTOR,CP-986D2,Grading,INTERMEDIATE,7.0,TOPSOIL,1.3,3694.2,ROLLING,12.2,17.5,CLOUDY,16.1,0.0,6979.0,3250.0,8.3,0.211,56.1,1470.0,280.9,354.7
TH02239,,WHEEL_LOADER,WL-390D2,Material Stockpiling,INTERMEDIATE,5.8,CLAY,1.6,322.6,ROLLING,12.2,17.2,SUNNY,30.4,0.0,9882.0,2463.0,14.3,0.231,73.3,2040.0,69.0,133.1
TH02240,,COMPACTOR,CP-986D2,Road Preparation,INTERMEDIATE,5.5,GRAVEL,1.8,2110.4,ROLLING,3.8,18.3,CLOUDY,19.1,0.0,4196.0,662.0,8.3,0.147,63.5,1622.0,156.0,147.6
TH02241,,BACKHOE_LOADER,BL-220GC,Trenching,BEGINNER,2.3,ASPHALT_MILLINGS,1.4,306.3,UNEVEN,1.1,21.2,SUNNY,27.4,0.0,6639.0,231.0,3.0,0.129,66.2,1886.0,233.1,234.5
TH02242,,WHEEL_LOADER,WL-390,Material Stockpiling,BEGINNER,2.3,ROCK_FILL,2.2,412.9,UNEVEN,0.0,42.1,STORM,6.3,23.3,225.0,1517.0,9.6,0.297,54.8,1649.0,108.6,356.2
TH02243,,COMPACTOR,CP-972D2,Soil Compaction,INTERMEDIATE,6.4,ROCK_FILL,2.2,4062.4,MOUNTAINOUS,26.5,19.9,CLOUDY,33.5,0.0,4804.0,3179.0,4.2,0.059,50.8,1438.0,144.0,206.4
TH02244,,EXCAVATOR,EX-226XE,Demolition,INTERMEDIATE,6.3,TOPSOIL,1.3,226.0,FLAT,0.5,19.6,SUNNY,22.5,0.0,9370.0,3330.0,13.8,0.173,55.8,1576.0,91.0,86.2
TH02245,,EXCAVATOR,EX-972,Demolition,INTERMEDIATE,3.9,SAND,1.5,1045.8,UNEVEN,1.1,8.5,WINDY,14.7,0.0,5296.0,2181.0,7.8,0.171,63.8,1862.0,416.7,555.5
TH02246,,EXCAVATOR,EX-972,Demolition,BEGINNER,1.5,SAND,1.5,821.7,UNEVEN,0.0,25.0,WINDY,27.8,0.0,3292.0,1616.0,7.8,0.302,100.0,1269.0,444.1,547.8
TH02247,,EXCAVATOR,EX-336XE,Earth Excavation,INTERMEDIATE,6.4,GRAVEL,1.8,978.1,UNEVEN,0.0,7.8,SUNNY,29.2,0.0,9981.0,1683.0,4.7,0.108,55.6,1363.0,279.4,254.8
TH02248,,MOTOR_GRADER,MG-390D2,Grading,INTERMEDIATE,6.8,ROCK_FILL,2.2,4208.1,FLAT,2.9,3.0,SUNNY,20.7,0.0,9306.0,1020.0,8.3,0.01,65.5,2035.0,191.3,190.4
TH02249,,DOZER,DZ-950D,Trenching,EXPERT,15.9,CRUSHED_STONE,1.7,428.6,MOUNTAINOUS,11.6,6.7,CLOUDY,20.7,0.0,8626.0,888.0,1.6,0.133,56.6,1279.0,455.2,545.3
TH02250,,BACKHOE_LOADER,BL-390,Material Stockpiling,INTERMEDIATE,7.0,ASPHALT_MILLINGS,1.4,1179.4,FLAT,2.6,20.2,CLOUDY,30.3,0.0,8434.0,1342.0,10.5,0.221,52.8,1488.0,480.5,565.2
TH02251,,DOZER,DZ-972,Road Preparation,BEGINNER,1.5,CRUSHED_STONE,1.7,3138.4,UNEVEN,0.0,15.7,WINDY,38.3,0.0,6782.0,1092.0,2.3,0.212,63.4,1389.0,301.9,354.4
TH02252,,ARTICULATED_HAULER,AH-349D,Hauling,EXPERT,11.3,TOPSOIL,1.3,2389.9,ROLLING,10.8,8.2,SUNNY,12.3,0.0,8826.0,640.0,0.8,0.01,59.3,1828.0,697.7,763.5
TH02253,,WHEEL_LOADER,WL-390,Material Loading,INTERMEDIATE,2.7,SAND,1.5,202.4,UNEVEN,0.0,22.2,WINDY,22.8,0.0,7506.0,1797.0,9.6,0.096,42.9,1323.0,51.3,51.1
TH02254,,EXCAVATOR,EX-140GC,Material Loading,INTERMEDIATE,3.9,GRAVEL,1.8,1652.6,UNEVEN,3.3,15.8,SUNNY,27.3,0.0,5358.0,3468.0,5.6,0.224,43.3,1967.0,392.5,481.3
TH02255,,DOZER,DZ-986GC,Road Preparation,EXPERT,17.3,SAND,1.5,3082.4,FLAT,4.6,10.8,WINDY,29.6,0.0,7298.0,3238.0,12.0,0.185,64.2,1420.0,193.2,245.5
TH02256,,BACKHOE_LOADER,BL-390,Trenching,EXPERT,12.7,ROCK_FILL,2.2,159.2,FLAT,4.2,14.7,WINDY,31.0,0.0,3982.0,2578.0,10.5,0.077,58.2,1535.0,76.8,82.1
TH02257,,ARTICULATED_HAULER,AH-226D,Hauling,INTERMEDIATE,3.6,ROCK_FILL,2.2,1174.3,ROLLING,5.8,16.3,SUNNY,30.3,0.0,6978.0,2285.0,2.4,0.153,64.2,1607.0,424.5,638.6
TH02258,,EXCAVATOR,EX-226XE,Demolition,EXPERT,23.4,CLAY,1.6,962.1,FLAT,5.4,22.9,SUNNY,22.3,0.0,,1896.0,13.8,0.142,87.6,1252.0,324.6,354.5
TH02259,,ARTICULATED_HAULER,AH-226D,Road Preparation,INTERMEDIATE,5.8,SAND,1.5,5638.1,ROLLING,9.5,5.5,SUNNY,15.1,0.0,8090.0,1696.0,2.4,0.119,57.0,1342.0,900.7,963.0
TH02260,,COMPACTOR,CP-986D2,Road Preparation,EXPERT,14.9,CRUSHED_STONE,1.7,5493.5,ROLLING,4.0,15.7,SUNNY,29.7,0.0,5988.0,3455.0,8.3,0.022,29.8,1304.0,343.4,293.3
TH02261,,BACKHOE_LOADER,BL-986GC,Grading,INTERMEDIATE,5.5,ASPHALT_MILLINGS,1.4,950.5,MOUNTAINOUS,9.2,21.0,FOG,21.4,0.4,269.0,3413.0,7.3,0.262,45.9,1624.0,70.3,134.0
TH02262,,ARTICULATED_HAULER,AH-140D2,Grading,BEGINNER,0.5,SAND,1.5,4820.7,ROLLING,4.5,3.0,WINDY,38.2,0.0,6977.0,260.0,7.4,0.201,66.3,1605.0,562.2,605.9
TH02263,,ARTICULATED_HAULER,AH-226D,Hauling,BEGINNER,2.5,SAND,1.5,1352.1,ROLLING,0.0,3.0,FOG,25.2,0.5,271.0,2483.0,2.4,0.2,36.7,1799.0,596.5,1327.9
TH02264,,MOTOR_GRADER,MG-986D2,Soil Compaction,INTERMEDIATE,7.6,ASPHALT_MILLINGS,1.4,1441.4,HILLY,14.3,4.4,SUNNY,36.4,0.0,6788.0,676.0,11.1,0.012,52.1,2400.0,110.3,122.6
TH02265,,DOZER,DZ-986D2,Demolition,EXPERT,17.3,CRUSHED_STONE,1.7,908.3,FLAT,0.0,34.2,RAINY,12.7,12.0,1027.0,2945.0,13.6,0.124,33.4,1255.0,323.8,458.7
TH02266,,EXCAVATOR,EX-140GC,Hauling,INTERMEDIATE,3.6,TOPSOIL,1.3,2270.1,UNEVEN,0.0,16.2,SUNNY,19.9,0.0,8843.0,524.0,5.6,0.141,65.2,1593.0,1362.5,1287.7
TH02267,,EXCAVATOR,EX-220XE,Trenching,INTERMEDIATE,7.7,CRUSHED_STONE,1.7,461.0,ROLLING,5.5,28.1,FOG,19.5,0.4,169.0,2727.0,10.9,0.091,35.4,1633.0,268.9,487.3
TH02268,,BACKHOE_LOADER,BL-986D,Trenching,INTERMEDIATE,6.4,ROCK_FILL,2.2,402.8,FLAT,3.8,10.3,FOG,,0.9,58.0,446.0,12.0,0.112,21.9,1713.0,228.3,403.8
TH02269,,MOTOR_GRADER,MG-390D2,Material Stockpiling,EXPERT,20.5,ROCK_FILL,2.2,2206.5,FLAT,3.5,11.9,WINDY,22.7,0.0,8656.0,280.0,8.3,0.106,84.0,1190.0,690.0,721.6
TH02270,,EXCAVATOR,EX-950D2,Material Loading,INTERMEDIATE,6.3,SAND,1.5,204.4,HILLY,12.3,20.1,SUNNY,27.1,0.0,9932.0,2998.0,3.2,0.198,24.6,1494.0,46.8,61.5
TH02271,,EXCAVATOR,EX-390D2,Material Loading,EXPERT,7.3,ROCK_FILL,2.2,2459.3,FLAT,0.0,8.5,SUNNY,23.5,0.0,5213.0,916.0,14.3,0.068,64.5,2289.0,517.0,545.5
TH02272,,MOTOR_GRADER,MG-160D,Road Preparation,INTERMEDIATE,2.1,CRUSHED_STONE,1.7,4587.6,UNEVEN,0.0,3.0,SUNNY,23.8,0.0,8392.0,2376.0,7.7,0.107,75.1,1508.0,338.7,321.2
TH02273,,EXCAVATOR,EX-950D2,Road Preparation,BEGINNER,1.5,ASPHALT_MILLINGS,1.4,4535.5,HILLY,13.5,65.5,STORM,21.7,21.1,76.0,1640.0,3.2,0.294,81.0,1104.0,931.1,3365.6
TH02274,,EXCAVATOR,EX-390D2,Road Preparation,INTERMEDIATE,2.1,TOPSOIL,1.3,5869.8,FLAT,1.4,8.3,CLOUDY,20.5,0.0,8421.0,2077.0,14.3,0.153,62.1,1746.0,736.9,994.3
TH02275,,EXCAVATOR,EX-226D2,Earth Excavation,INTERMEDIATE,6.4,SAND,1.5,417.3,MOUNTAINOUS,19.3,3.0,CLOUDY,21.7,0.0,4474.0,1289.0,1.1,0.024,63.5,1571.0,119.9,169.6
TH02276,,DOZER,DZ-972,Road Preparation,INTERMEDIATE,6.8,TOPSOIL,1.3,1930.0,UNEVEN,3.2,11.1,SUNNY,22.2,0.0,5189.0,2002.0,2.3,0.081,56.5,1869.0,136.9,149.4
TH02277,,ARTICULATED_HAULER,AH-349D,Hauling,INTERMEDIATE,3.0,SAND,1.5,2348.7,ROLLING,10.0,14.2,SUNNY,29.0,0.0,8907.0,2669.0,0.8,0.113,34.3,1420.0,866.6,1357.2
TH02278,,ARTICULATED_HAULER,AH-349D,Hauling,INTERMEDIATE,3.6,ASPHALT_MILLINGS,1.4,2261.3,ROLLING,3.9,6.9,SUNNY,36.5,0.0,6414.0,2088.0,0.8,0.121,66.2,1422.0,828.5,1020.6
TH02279,,DOZER,DZ-160GC,Demolition,INTERMEDIATE,3.6,GRAVEL,1.8,1177.3,MOUNTAINOUS,17.9,11.1,SUNNY,25.8,0.0,7217.0,3435.0,14.4,0.184,60.7,1298.0,466.5,734.9
TH02280,,DOZER,DZ-986D2,Material Stockpiling,INTERMEDIATE,6.4,ROCK_FILL,2.2,1086.1,FLAT,6.8,13.7,SUNNY,24.6,0.0,,1066.0,13.6,0.144,31.0,1512.0,223.5,324.7
TH02281,,EXCAVATOR,EX-972,Demolition,INTERMEDIATE,3.9,ROCK_FILL,2.2,861.6,UNEVEN,0.0,8.4,SUNNY,23.9,0.0,8973.0,651.0,7.8,0.122,45.2,1451.0,356.1,368.3
TH02282,,BACKHOE_LOADER,BL-390D2,Demolition,BEGINNER,2.3,ROCK_FILL,2.2,1027.1,UNEVEN,5.7,38.6,RAINY,17.8,4.9,1371.0,2005.0,4.2,0.185,81.0,1802.0,976.7,1487.1
TH02283,,WHEEL_LOADER,WL-336,Material Loading,INTERMEDIATE,3.0,ASPHALT_MILLINGS,1.4,930.6,ROLLING,8.0,21.9,CLOUDY,30.1,0.0,3602.0,255.0,7.7,0.105,57.6,1374.0,238.3,272.1
TH02284,,WHEEL_LOADER,WL-972XE,Material Loading,EXPERT,23.4,ASPHALT_MILLINGS,1.4,1336.8,FLAT,5.8,14.7,CLOUDY,19.1,0.0,5819.0,3240.0,14.4,0.131,63.2,1425.0,282.5,337.7
TH02285,,EXCAVATOR,EX-220XE,Earth Excavation,INTERMEDIATE,2.6,ASPHALT_MILLINGS,1.4,377.2,ROLLING,2.0,4.3,SUNNY,50.5,0.0,9071.0,2156.0,10.9,0.167,60.1,1866.0,116.7,111.1
TH02286,,DOZER,DZ-950D,Road Preparation,BEGINNER,0.6,GRAVEL,1.8,4329.4,MOUNTAINOUS,15.2,4.9,SUNNY,19.0,0.0,5416.0,861.0,1.6,0.211,60.2,1539.0,418.7,560.5
TH02287,,WHEEL_LOADER,WL-390,Material Loading,BEGINNER,2.5,ASPHALT_MILLINGS,1.4,1364.1,UNEVEN,0.0,16.8,WINDY,19.0,0.0,5841.0,3437.0,9.6,0.155,85.7,1447.0,416.3,441.9
TH02288,,MOTOR_GRADER,MG-390D2,Road Preparation,EXPERT,18.2,ASPHALT_MILLINGS,1.4,1961.9,FLAT,8.4,24.6,CLOUDY,15.5,0.0,3478.0,2250.0,8.3,0.154,52.6,1285.0,123.1,138.6
TH02289,,COMPACTOR,CP-972D2,Trenching,BEGINNER,2.5,ASPHALT_MILLINGS,1.4,366.2,MOUNTAINOUS,24.5,40.2,RAINY,25.3,11.4,536.0,175.0,4.2,0.254,53.5,1302.0,506.0,1212.1
TH02290,,WHEEL_LOADER,WL-390D2,Material Stockpiling,INTERMEDIATE,5.8,ROCK_FILL,2.2,1126.5,ROLLING,9.1,14.7,SUNNY,25.7,0.0,6364.0,2895.0,14.3,0.115,34.1,2060.0,245.5,482.0
TH02291,,BACKHOE_LOADER,BL-220GC,Grading,BEGINNER,0.6,CRUSHED_STONE,1.7,1232.1,UNEVEN,0.0,16.2,WINDY,22.7,0.0,5958.0,93.0,3.0,0.147,70.7,1421.0,129.4,133.4
TH02292,,DOZER,DZ-986D2,Material Stockpiling,INTERMEDIATE,2.7,GRAVEL,1.8,236.3,FLAT,2.8,16.7,SUNNY,19.8,0.0,8566.0,2872.0,13.6,0.101,,2142.0,50.7,91.7
TH02293,,BACKHOE_LOADER,BL-390D2,Trenching,BEGINNER,2.0,SAND,1.5,178.8,UNEVEN,7.0,19.0,SUNNY,11.7,0.0,9595.0,1424.0,4.2,0.145,47.4,1887.0,138.7,163.2
TH02294,,EXCAVATOR,EX-226D2,Demolition,BEGINNER,1.4,CLAY,1.6,443.3,MOUNTAINOUS,17.7,5.2,WINDY,42.5,0.0,6800.0,2166.0,1.1,0.259,,1916.0,231.3,371.9
TH02295,,EXCAVATOR,EX-140GC,Earth Excavation,INTERMEDIATE,7.0,TOPSOIL,1.3,232.7,UNEVEN,3.0,14.2,SUNNY,24.2,0.0,5256.0,1028.0,5.6,0.268,53.8,1312.0,68.5,80.8
TH02296,,EXCAVATOR,EX-320GC,Demolition,BEGINNER,2.5,ROCK_FILL,2.2,546.9,MOUNTAINOUS,12.2,11.6,CLOUDY,16.1,0.0,4288.0,1320.0,5.3,0.152,98.1,1443.0,281.8,402.4
TH02297,,ARTICULATED_HAULER,AH-349D,Hauling,INTERMEDIATE,7.1,ASPHALT_MILLINGS,1.4,134.7,ROLLING,11.2,3.0,WINDY,13.0,0.0,3106.0,1134.0,0.8,0.15,83.0,1323.0,45.5,54.0
TH02298,,BACKHOE_LOADER,BL-390D2,Trenching,INTERMEDIATE,6.3,ROCK_FILL,2.2,524.9,UNEVEN,8.3,8.8,SUNNY,21.8,0.0,7248.0,1124.0,4.2,0.25,91.3,1422.0,314.5,424.9
TH02299,,DOZER,DZ-950D,Material Loading,EXPERT,12.7,GRAVEL,1.8,1249.4,MOUNTAINOUS,14.0,10.2,SUNNY,24.4,0.0,7753.0,405.0,1.6,0.018,55.9,1517.0,469.5,556.1
TH02300,,WHEEL_LOADER,WL-390D2,Material Stockpiling,INTERMEDIATE,7.0,CRUSHED_STONE,1.7,1452.9,ROLLING,8.7,24.7,SUNNY,27.0,0.0,9910.0,1266.0,14.3,0.218,41.9,1436.0,313.8,481.3
TH02301,,BACKHOE_LOADER,BL-986GC,Trenching,BEGINNER,1.0,ROCK_FILL,2.2,475.3,MOUNTAINOUS,14.1,26.2,WINDY,28.7,0.0,5922.0,133.0,7.3,0.153,65.5,1266.0,371.1,491.1
TH02302,,EXCAVATOR,EX-972,Earth Excavation,EXPERT,7.3,ROCK_FILL,2.2,1279.3,UNEVEN,0.0,13.9,SUNNY,40.7,0.0,8271.0,2114.0,7.8,0.076,62.4,1878.0,310.0,290.9
TH02303,,ARTICULATED_HAULER,AH-336,Hauling,INTERMEDIATE,3.6,CRUSHED_STONE,1.7,1747.0,UNEVEN,0.3,26.1,RAINY,22.9,10.3,1267.0,318.0,8.5,0.128,49.1,1611.0,610.0,1057.5
TH02304,,EXCAVATOR,EX-972,Material Loading,INTERMEDIATE,7.6,GRAVEL,1.8,928.5,UNEVEN,0.2,19.2,SUNNY,16.0,0.0,8793.0,2218.0,7.8,0.163,64.0,1976.0,219.3,232.6
TH02305,,EXCAVATOR,EX-226XE,Trenching,BEGINNER,0.5,TOPSOIL,1.3,43.8,FLAT,2.5,51.8,STORM,28.6,19.2,283.0,2409.0,13.8,0.196,99.8,1441.0,34.2,92.5
TH02306,,BACKHOE_LOADER,BL-986D,Road Preparation,INTERMEDIATE,7.7,TOPSOIL,1.3,4991.7,FLAT,3.6,34.2,CLOUDY,25.7,0.0,3152.0,1463.0,12.0,0.215,49.4,1994.0,759.0,863.3
TH02307,,BACKHOE_LOADER,BL-986D,Trenching,BEGINNER,1.8,ASPHALT_MILLINGS,1.4,66.7,FLAT,3.4,17.3,CLOUDY,18.6,0.0,7956.0,3197.0,12.0,0.183,56.5,1683.0,48.6,62.5
TH02308,,MOTOR_GRADER,MG-986XE,Grading,EXPERT,19.9,TOPSOIL,1.3,4062.4,FLAT,0.0,16.4,CLOUDY,22.4,0.0,6053.0,161.0,12.4,0.129,86.0,1406.0,160.3,183.9
TH02309,,MOTOR_GRADER,MG-336GC,Grading,INTERMEDIATE,7.0,CRUSHED_STONE,1.7,5905.2,FLAT,4.1,34.8,STORM,17.3,13.4,121.0,223.0,10.0,0.171,42.8,1157.0,269.1,747.1
TH02310,,MOTOR_GRADER,MG-390D2,Road Preparation,BEGINNER,0.6,ROCK_FILL,2.2,3511.3,FLAT,4.0,14.6,RAINY,15.3,4.0,536.0,738.0,8.3,0.34,52.9,1621.0,339.0,816.8
TH02311,,COMPACTOR,CP-950,Soil Compaction,BEGINNER,1.8,ASPHALT_MILLINGS,1.4,947.5,ROLLING,7.5,19.5,RAINY,34.2,11.6,426.0,277.0,3.4,0.335,62.8,1386.0,43.1,101.0
TH02312,,MOTOR_GRADER,MG-390D2,Material Stockpiling,INTERMEDIATE,3.0,CLAY,1.6,2389.6,FLAT,3.8,16.7,SUNNY,27.3,0.0,9850.0,1121.0,8.3,0.051,8.0,1627.0,1159.7,1490.6
TH02313,,EXCAVATOR,EX-320GC,Earth Excavation,EXPERT,18.2,ROCK_FILL,2.2,325.8,MOUNTAINOUS,11.0,15.6,SUNNY,22.4,0.0,9652.0,486.0,5.3,0.202,,1384.0,78.8,114.0
TH02314,,ARTICULATED_HAULER,AH-349D,Hauling,INTERMEDIATE,7.7,ASPHALT_MILLINGS,1.4,1915.5,ROLLING,12.6,18.8,WINDY,21.6,0.0,5201.0,1872.0,0.8,0.01,64.8,1421.0,678.3,940.8
TH02315,,DOZER,DZ-972,Demolition,INTERMEDIATE,6.3,CRUSHED_STONE,1.7,1170.8,UNEVEN,5.9,23.1,FOG,14.3,0.4,141.0,2313.0,2.3,0.192,79.6,972.0,450.2,946.3
TH02316,,WHEEL_LOADER,WL-986,Material Loading,INTERMEDIATE,7.7,ASPHALT_MILLINGS,1.4,454.5,MOUNTAINOUS,15.0,3.0,CLOUDY,21.5,0.0,6279.0,1007.0,11.8,0.124,52.0,1725.0,105.1,125.4
TH02317,,BACKHOE_LOADER,BL-220GC,Grading,BEGINNER,1.8,CRUSHED_STONE,1.7,4634.3,UNEVEN,0.3,17.3,SUNNY,25.7,0.0,7309.0,1510.0,3.0,0.26,70.6,1863.0,599.6,498.7
TH02318,,COMPACTOR,CP-986D2,Earth Excavation,INTERMEDIATE,7.7,GRAVEL,1.8,429.2,ROLLING,7.9,18.9,SUNNY,30.9,0.0,9382.0,1386.0,8.3,0.166,66.5,1464.0,258.4,299.1
TH02319,,DOZER,DZ-950D,Hauling,INTERMEDIATE,2.6,CLAY,1.6,1167.5,MOUNTAINOUS,10.7,37.6,RAINY,23.8,12.0,355.0,2767.0,1.6,0.206,24.8,1801.0,808.9,2106.9
TH02320,,WHEEL_LOADER,WL-390,Material Stockpiling,INTERMEDIATE,5.0,ROCK_FILL,2.2,988.8,UNEVEN,0.0,6.7,SUNNY,19.7,0.0,7620.0,2705.0,9.6,0.01,80.9,1911.0,203.8,290.6
TH02321,,WHEEL_LOADER,WL-986,Trenching,BEGINNER,2.3,ASPHALT_MILLINGS,1.4,97.5,MOUNTAINOUS,20.0,8.8,SUNNY,29.9,0.0,7064.0,2443.0,11.8,0.232,,1406.0,146.5,190.7
TH02322,,EXCAVATOR,EX-320GC,Grading,EXPERT,12.7,CLAY,1.6,2492.8,MOUNTAINOUS,8.4,14.0,SUNNY,24.6,0.0,5980.0,617.0,5.3,0.01,71.8,1977.0,181.3,190.5
TH02323,,DOZER,DZ-160GC,Demolition,INTERMEDIATE,6.8,GRAVEL,1.8,1007.5,MOUNTAINOUS,21.8,14.5,SUNNY,12.9,0.0,6251.0,1133.0,14.4,0.057,73.0,2061.0,396.6,549.7
TH02324,,WHEEL_LOADER,WL-986,Material Stockpiling,EXPERT,11.3,CRUSHED_STONE,1.7,2438.6,MOUNTAINOUS,18.8,19.3,SUNNY,24.0,0.0,9732.0,599.0,11.8,0.036,52.7,1479.0,427.3,524.2
TH02325,,MOTOR_GRADER,MG-336GC,Road Preparation,BEGINNER,1.4,ROCK_FILL,2.2,1244.0,FLAT,0.8,8.0,SUNNY,33.4,0.0,5723.0,778.0,10.0,0.283,51.5,1401.0,113.9,142.7
TH02326,,DOZER,DZ-972,Demolition,INTERMEDIATE,5.1,CLAY,1.6,273.9,UNEVEN,0.0,8.1,SUNNY,15.0,0.0,9032.0,2388.0,2.3,0.111,56.5,1879.0,107.9,98.4
TH02327,,DOZER,DZ-950D,Road Preparation,INTERMEDIATE,6.7,ASPHALT_MILLINGS,1.4,5804.1,MOUNTAINOUS,14.0,8.9,CLOUDY,15.7,0.0,8326.0,2938.0,1.6,0.081,64.3,1445.0,417.6,516.2
TH02328,,BACKHOE_LOADER,BL-390,Material Stockpiling,BEGINNER,2.5,CLAY,1.6,1212.1,FLAT,2.7,10.2,SUNNY,30.5,0.0,5305.0,2890.0,10.5,0.115,35.6,1863.0,655.6,862.6
TH02329,,EXCAVATOR,EX-972,Road Preparation,BEGINNER,0.6,ROCK_FILL,2.2,2759.9,UNEVEN,3.4,19.1,RAINY,21.9,1.3,1797.0,653.0,7.8,0.25,40.7,1699.0,521.1,1014.4
TH02330,,MOTOR_GRADER,MG-160D,Road Preparation,BEGINNER,2.5,ASPHALT_MILLINGS,1.4,3616.5,UNEVEN,0.4,18.1,SUNNY,20.3,0.0,7125.0,1892.0,7.7,0.292,47.5,2019.0,342.4,406.3
TH02331,,EXCAVATOR,EX-972XE,Demolition,EXPERT,23.4,ASPHALT_MILLINGS,1.4,390.1,FLAT,0.0,10.0,SUNNY,24.4,0.0,7139.0,1036.0,3.7,0.142,51.9,1711.0,138.1,154.6
TH02332,,COMPACTOR,CP-986D2,Soil Compaction,BEGINNER,1.4,CRUSHED_STONE,1.7,4503.8,ROLLING,9.8,15.5,CLOUDY,24.5,0.0,,1744.0,8.3,0.259,70.1,1608.0,216.2,290.5
TH02333,,EXCAVATOR,EX-972,Earth Excavation,BEGINNER,0.5,GRAVEL,1.8,504.8,UNEVEN,0.5,3.0,SUNNY,19.1,0.0,9975.0,2695.0,7.8,0.077,65.8,1499.0,193.5,214.6
TH02334,,WHEEL_LOADER,WL-336,Material Stockpiling,INTERMEDIATE,6.8,GRAVEL,1.8,1988.7,ROLLING,12.4,5.7,CLOUDY,26.3,0.0,5478.0,2703.0,7.7,0.027,43.2,1767.0,404.5,624.8
TH02335,,EXCAVATOR,EX-972,Trenching,BEGINNER,1.4,SAND,1.5,484.3,UNEVEN,0.0,16.9,CLOUDY,29.6,0.0,4322.0,1790.0,7.8,0.245,59.0,1524.0,378.3,422.6
TH02336,,ARTICULATED_HAULER,AH-226D,Hauling,INTERMEDIATE,5.5,CLAY,1.6,794.2,ROLLING,10.9,9.4,FOG,22.7,0.6,53.0,1680.0,2.4,0.204,33.5,1488.0,282.8,662.8
TH02337,,ARTICULATED_HAULER,AH-120D2,Hauling,INTERMEDIATE,7.6,CLAY,1.6,198.1,UNEVEN,3.7,10.6,SUNNY,18.8,0.0,5110.0,473.0,2.8,0.01,76.2,1135.0,67.6,81.9
TH02338,,EXCAVATOR,EX-226D2,Material Stockpiling,INTERMEDIATE,2.1,CLAY,1.6,1610.9,MOUNTAINOUS,19.5,19.9,SUNNY,22.9,0.0,6579.0,1977.0,1.1,0.107,34.6,1910.0,733.3,1071.7
TH02339,,ARTICULATED_HAULER,AH-120D2,Demolition,BEGINNER,0.8,CLAY,1.6,279.6,UNEVEN,0.0,11.8,CLOUDY,22.2,0.0,8942.0,2266.0,2.8,0.254,75.6,1341.0,242.1,240.1
TH02340,,ARTICULATED_HAULER,AH-349D,Hauling,BEGINNER,1.8,CRUSHED_STONE,1.7,399.8,ROLLING,6.3,3.0,SUNNY,17.1,0.0,8019.0,235.0,0.8,0.249,22.3,1670.0,184.8,238.7
TH02341,,WHEEL_LOADER,WL-986,Earth Excavation,EXPERT,19.9,SAND,1.5,388.7,MOUNTAINOUS,18.5,31.1,SUNNY,22.9,0.0,6841.0,2659.0,11.8,0.131,61.4,1480.0,201.9,227.5
TH02342,,EXCAVATOR,EX-336XE,Trenching,EXPERT,23.6,TOPSOIL,1.3,150.0,UNEVEN,5.1,49.6,STORM,28.6,20.9,274.0,3004.0,4.7,0.222,45.7,1459.0,75.3,218.6
TH02343,,MOTOR_GRADER,MG-160D,Grading,INTERMEDIATE,2.1,CRUSHED_STONE,1.7,5896.7,UNEVEN,0.0,5.0,SUNNY,27.3,0.0,9775.0,2757.0,7.7,0.162,35.0,2017.0,290.4,305.1
TH02344,,WHEEL_LOADER,WL-986,Demolition,BEGINNER,2.3,TOPSOIL,1.3,239.3,MOUNTAINOUS,17.1,28.6,RAINY,33.8,10.8,1991.0,1849.0,11.8,0.192,35.5,1743.0,234.4,423.5
TH02345,,EXCAVATOR,EX-950D2,Demolition,INTERMEDIATE,6.8,ASPHALT_MILLINGS,1.4,542.3,HILLY,14.2,17.4,WINDY,19.0,0.0,4854.0,2706.0,3.2,0.058,84.2,2075.0,212.9,311.4
TH02346,,BACKHOE_LOADER,BL-220GC,Material Loading,EXPERT,12.7,CRUSHED_STONE,1.7,441.7,UNEVEN,0.0,41.5,STORM,31.7,12.1,309.0,2489.0,3.0,0.059,,1592.0,138.0,299.6
TH02347,,WHEEL_LOADER,WL-390,Material Stockpiling,INTERMEDIATE,3.0,CLAY,1.6,1475.3,UNEVEN,0.6,11.9,CLOUDY,14.9,0.0,3833.0,1602.0,9.6,0.011,27.9,1220.0,312.9,358.1
TH02348,,DOZER,DZ-986D2,Material Stockpiling,INTERMEDIATE,3.6,CRUSHED_STONE,1.7,558.7,FLAT,1.9,25.7,SUNNY,27.9,0.0,6411.0,1361.0,13.6,0.228,28.7,1489.0,122.5,127.5
TH02349,,BACKHOE_LOADER,BL-986GC,Trenching,BEGINNER,2.5,SAND,1.5,76.7,ROLLING,3.6,9.2,SUNNY,22.2,0.0,7241.0,370.0,10.6,0.221,49.6,1611.0,55.6,69.9
TH02350,,EXCAVATOR,EX-972,Demolition,INTERMEDIATE,7.6,TOPSOIL,1.3,793.8,UNEVEN,3.2,20.5,WINDY,,0.0,4694.0,208.0,7.8,0.118,56.3,2325.0,325.3,378.7
TH02351,,WHEEL_LOADER,WL-390,Material Stockpiling,INTERMEDIATE,7.6,CLAY,1.6,1859.9,UNEVEN,1.9,14.4,SUNNY,25.8,0.0,7393.0,716.0,9.6,0.079,47.5,2400.0,392.4,439.2
TH02352,,ARTICULATED_HAULER,AH-336,Hauling,INTERMEDIATE,7.6,ASPHALT_MILLINGS,1.4,2064.6,UNEVEN,2.8,46.3,RAINY,21.5,14.9,1934.0,204.0,8.5,0.17,74.7,2179.0,727.3,1139.6
TH02353,,EXCAVATOR,EX-220XE,Earth Excavation,EXPERT,23.6,CRUSHED_STONE,1.7,1399.0,ROLLING,2.6,25.2,WINDY,26.9,0.0,8120.0,2315.0,10.9,0.13,35.4,1256.0,344.8,349.4
TH02354,,DOZER,DZ-950D,Road Preparation,INTERMEDIATE,6.3,CLAY,1.6,787.0,MOUNTAINOUS,10.8,18.3,SUNNY,18.4,0.0,6621.0,1186.0,1.6,0.177,51.2,1679.0,56.8,72.1
TH02355,,MOTOR_GRADER,MG-986D2,Grading,BEGINNER,1.4,CRUSHED_STONE,1.7,2915.8,HILLY,12.4,3.0,SUNNY,22.7,0.0,9041.0,1243.0,11.1,0.198,67.0,1550.0,182.3,255.5
TH02356,,EXCAVATOR,EX-140GC,Demolition,EXPERT,7.3,SAND,1.5,1307.4,UNEVEN,0.0,12.3,CLOUDY,36.3,0.0,8204.0,3384.0,5.6,0.037,38.7,2141.0,447.9,397.3
TH02357,,MOTOR_GRADER,MG-336GC,Trenching,INTERMEDIATE,2.7,CRUSHED_STONE,1.7,91.9,FLAT,2.6,11.6,CLOUDY,29.8,0.0,,205.0,10.0,0.092,66.5,1554.0,119.4,114.9
TH02358,,EXCAVATOR,EX-220XE,Earth Excavation,BEGINNER,0.8,CLAY,1.6,841.5,ROLLING,3.4,13.4,WINDY,25.8,0.0,6427.0,2023.0,10.9,0.232,36.2,1278.0,318.6,385.2
TH02359,,EXCAVATOR,EX-226D2,Material Loading,EXPERT,11.3,TOPSOIL,1.3,1579.9,MOUNTAINOUS,21.5,19.5,SUNNY,18.8,0.0,7612.0,2287.0,1.1,0.071,12.6,1642.0,313.0,388.5
TH02360,,MOTOR_GRADER,MG-220D2,Road Preparation,BEGINNER,0.6,TOPSOIL,1.3,2381.8,UNEVEN,6.3,3.0,RAINY,20.0,4.5,1831.0,781.0,1.2,0.198,48.5,1796.0,230.6,394.2
TH02361,,COMPACTOR,CP-986D2,Road Preparation,BEGINNER,0.5,CLAY,1.6,5614.9,ROLLING,7.2,3.0,WINDY,37.3,0.0,8672.0,861.0,8.3,0.202,66.9,1469.0,536.9,766.4
TH02362,,MOTOR_GRADER,MG-336GC,Grading,BEGINNER,2.0,ASPHALT_MILLINGS,1.4,5865.7,FLAT,4.4,18.8,SUNNY,28.3,0.0,6473.0,2797.0,10.0,0.191,86.1,1651.0,370.7,387.2
TH02363,,DOZER,DZ-986D2,Material Stockpiling,BEGINNER,1.6,ASPHALT_MILLINGS,1.4,2097.8,FLAT,0.0,28.7,RAINY,38.1,10.5,482.0,3029.0,13.6,0.223,55.8,1693.0,576.8,1528.6
TH02364,,DOZER,DZ-972,Grading,INTERMEDIATE,3.0,ROCK_FILL,2.2,4368.3,UNEVEN,6.2,15.5,SUNNY,29.2,0.0,6175.0,2866.0,2.3,0.131,59.5,1460.0,404.6,444.4
TH02365,,EXCAVATOR,EX-972XE,Demolition,BEGINNER,1.4,ASPHALT_MILLINGS,1.4,581.7,FLAT,1.6,3.0,SUNNY,,0.0,7627.0,3060.0,3.7,0.236,80.9,1619.0,302.0,403.2
TH02366,,ARTICULATED_HAULER,AH-120D2,Hauling,INTERMEDIATE,5.0,ASPHALT_MILLINGS,1.4,1231.1,UNEVEN,7.0,21.5,RAINY,16.4,7.3,1966.0,110.0,2.8,0.01,58.7,1775.0,424.8,546.2
TH02367,,ARTICULATED_HAULER,AH-336,Material Stockpiling,INTERMEDIATE,4.4,CLAY,1.6,1858.9,UNEVEN,0.0,16.0,SUNNY,24.3,0.0,9702.0,2938.0,8.5,0.274,54.7,1523.0,701.7,1389.6
TH02368,,ARTICULATED_HAULER,AH-120D2,Grading,BEGINNER,0.6,CRUSHED_STONE,1.7,5693.1,UNEVEN,3.7,26.5,SUNNY,15.8,0.0,6392.0,3326.0,2.8,0.293,20.7,1598.0,732.7,891.5
TH02369,,ARTICULATED_HAULER,AH-336,Hauling,BEGINNER,0.8,ROCK_FILL,2.2,1753.8,UNEVEN,2.5,3.1,SUNNY,20.1,0.0,7460.0,2914.0,8.5,0.235,46.7,1446.0,832.8,1471.3
TH02370,,WHEEL_LOADER,WL-390,Material Loading,INTERMEDIATE,6.3,ASPHALT_MILLINGS,1.4,1023.0,UNEVEN,0.0,19.1,CLOUDY,25.8,0.0,4853.0,1976.0,9.6,0.131,42.5,1344.0,240.9,281.1
TH02371,,EXCAVATOR,EX-140GC,Earth Excavation,EXPERT,22.8,SAND,1.5,1088.4,UNEVEN,0.4,13.8,CLOUDY,32.6,0.0,6362.0,2972.0,5.6,0.06,100.0,1997.0,276.9,282.6
TH02372,,EXCAVATOR,EX-226D2,Material Loading,BEGINNER,2.0,SAND,1.5,506.6,MOUNTAINOUS,21.2,10.2,CLOUDY,33.6,0.0,5098.0,2465.0,1.1,0.131,44.1,1680.0,153.5,215.4
TH02373,,MOTOR_GRADER,MG-390D2,Grading,INTERMEDIATE,4.4,ASPHALT_MILLINGS,1.4,4755.1,FLAT,6.5,9.9,CLOUDY,31.8,0.0,4769.0,635.0,8.3,0.274,82.1,1274.0,228.3,290.8
TH02374,,DOZER,DZ-972,Demolition,INTERMEDIATE,3.0,ROCK_FILL,2.2,768.8,UNEVEN,3.6,8.3,SUNNY,29.4,0.0,6282.0,2664.0,2.3,0.116,77.5,1076.0,330.9,339.9
TH02375,,BACKHOE_LOADER,BL-986GC,Grading,EXPERT,22.8,GRAVEL,1.8,2349.4,ROLLING,5.7,7.5,WINDY,13.9,0.0,5273.0,2229.0,10.6,0.015,51.3,1667.0,204.2,213.2
TH02376,,EXCAVATOR,EX-972,Earth Excavation,EXPERT,15.9,ASPHALT_MILLINGS,1.4,131.7,UNEVEN,0.0,18.4,SUNNY,36.8,0.0,9900.0,3123.0,7.8,0.117,74.7,1261.0,32.8,34.2
TH02377,,MOTOR_GRADER,MG-160D,Road Preparation,EXPERT,15.9,ROCK_FILL,2.2,4643.9,UNEVEN,0.1,8.9,CLOUDY,36.0,0.0,8194.0,1029.0,7.7,0.143,64.6,1985.0,285.6,295.3
TH02378,,ARTICULATED_HAULER,AH-349D,Hauling,EXPERT,17.3,TOPSOIL,1.3,1946.3,ROLLING,5.5,36.9,STORM,18.6,10.3,171.0,1959.0,0.8,0.184,45.9,1685.0,579.8,1925.0
TH02379,,MOTOR_GRADER,MG-986D2,Grading,BEGINNER,0.8,ASPHALT_MILLINGS,1.4,928.6,HILLY,9.7,12.8,SUNNY,28.0,0.0,8339.0,1042.0,11.1,0.164,48.4,1342.0,59.8,73.7
TH02380,,WHEEL_LOADER,WL-390,Grading,INTERMEDIATE,5.5,ASPHALT_MILLINGS,1.4,3087.5,UNEVEN,0.0,16.4,WINDY,27.3,0.0,7818.0,1328.0,9.6,0.211,52.1,1301.0,220.4,259.2
TH02381,,BACKHOE_LOADER,BL-986GC,Trenching,EXPERT,14.9,SAND,1.5,97.4,ROLLING,10.1,5.6,CLOUDY,5.6,0.0,,2513.0,10.6,0.083,43.8,1113.0,47.2,53.6
TH02382,,BACKHOE_LOADER,BL-986D,Grading,INTERMEDIATE,7.6,ROCK_FILL,2.2,2201.7,FLAT,3.0,14.6,WINDY,33.3,0.0,7786.0,2565.0,12.0,0.131,64.4,1912.0,189.2,264.9
TH02383,,BACKHOE_LOADER,BL-986GC,Trenching,BEGINNER,1.0,CRUSHED_STONE,1.7,390.9,MOUNTAINOUS,10.9,22.7,WINDY,30.6,0.0,7816.0,1311.0,7.3,0.2,43.5,1145.0,291.1,366.5
TH02384,,MOTOR_GRADER,MG-160D,Road Preparation,INTERMEDIATE,5.8,ASPHALT_MILLINGS,1.4,483.0,UNEVEN,6.3,3.0,WINDY,34.5,0.0,4571.0,2100.0,7.7,0.167,58.5,1947.0,33.4,36.9
TH02385,,DOZER,DZ-160GC,Material Stockpiling,INTERMEDIATE,6.3,CRUSHED_STONE,1.7,2228.4,MOUNTAINOUS,15.3,3.0,WINDY,20.7,0.0,4194.0,1318.0,14.4,0.149,41.5,1458.0,452.8,806.3
TH02386,,COMPACTOR,CP-972D2,Soil Compaction,EXPERT,22.8,ROCK_FILL,2.2,1568.7,MOUNTAINOUS,24.6,10.2,SUNNY,19.7,0.0,8676.0,291.0,4.2,0.035,59.4,2234.0,49.5,64.0
TH02387,,ARTICULATED_HAULER,AH-349D,Hauling,EXPERT,14.9,TOPSOIL,1.3,2141.1,ROLLING,9.6,54.9,STORM,35.3,21.3,170.0,2830.0,0.8,0.12,48.7,1646.0,638.4,2656.0
TH02388,,EXCAVATOR,EX-320GC,Demolition,EXPERT,12.7,SAND,1.5,258.4,MOUNTAINOUS,9.4,20.5,SUNNY,10.7,0.0,5242.0,1149.0,5.3,0.01,42.6,1202.0,89.7,75.4
TH02389,,WHEEL_LOADER,WL-140XE,Material Stockpiling,BEGINNER,1.4,TOPSOIL,1.3,633.8,UNEVEN,2.9,13.3,CLOUDY,,0.0,6003.0,680.0,8.1,0.324,66.4,1694.0,177.4,206.9
TH02390,,DOZER,DZ-972,Material Stockpiling,BEGINNER,0.8,SAND,1.5,1103.5,UNEVEN,0.0,11.6,WINDY,13.6,0.0,3518.0,164.0,2.3,0.195,73.3,1664.0,300.0,347.3
TH02391,,ARTICULATED_HAULER,AH-336,Hauling,EXPERT,11.3,CLAY,1.6,1048.9,UNEVEN,4.3,9.2,WINDY,16.0,0.0,4842.0,2640.0,8.5,0.107,38.8,2237.0,319.8,559.9
TH02392,,DOZER,DZ-986GC,Trenching,BEGINNER,1.8,ASPHALT_MILLINGS,1.4,516.8,FLAT,2.4,14.0,CLOUDY,20.3,0.0,4927.0,2003.0,12.0,0.215,70.5,2326.0,616.4,692.6
TH02393,,ARTICULATED_HAULER,AH-349D,Trenching,INTERMEDIATE,7.7,SAND,1.5,266.5,ROLLING,9.9,7.3,WINDY,9.5,0.0,8249.0,1970.0,0.8,0.104,39.6,1226.0,317.4,389.8
TH02394,,ARTICULATED_HAULER,AH-140D2,Hauling,BEGINNER,0.6,GRAVEL,1.8,2473.1,ROLLING,8.2,41.3,RAINY,22.5,13.1,1765.0,1505.0,7.4,0.245,42.8,1888.0,1111.2,2348.9
TH02395,,ARTICULATED_HAULER,AH-226D,Trenching,INTERMEDIATE,6.3,ASPHALT_MILLINGS,1.4,46.8,ROLLING,4.9,51.5,STORM,29.4,15.5,224.0,2673.0,2.4,0.256,24.4,1705.0,56.0,155.7
TH02396,,EXCAVATOR,EX-226D2,Material Loading,EXPERT,23.4,CRUSHED_STONE,1.7,2413.1,MOUNTAINOUS,24.3,3.0,FOG,41.0,0.2,,1377.0,1.1,0.056,39.1,1315.0,479.3,1057.7
TH02397,,COMPACTOR,CP-972D2,Road Preparation,BEGINNER,0.5,TOPSOIL,1.3,3206.8,MOUNTAINOUS,31.0,3.0,WINDY,25.1,0.0,7288.0,3165.0,4.2,0.309,58.0,1725.0,311.6,560.3
TH02398,,EXCAVATOR,EX-226D2,Earth Excavation,INTERMEDIATE,7.0,CLAY,1.6,398.3,MOUNTAINOUS,16.9,20.9,CLOUDY,28.0,0.0,3007.0,2546.0,1.1,0.174,62.6,1486.0,117.1,158.2
TH02399,,ARTICULATED_HAULER,AH-226D,Hauling,INTERMEDIATE,6.4,ASPHALT_MILLINGS,1.4,1625.7,ROLLING,5.4,31.6,WINDY,23.6,0.0,7717.0,1677.0,2.4,0.202,61.2,1689.0,578.9,871.4
TH02400,,WHEEL_LOADER,WL-986,Earth Excavation,EXPERT,7.3,ROCK_FILL,2.2,1099.6,MOUNTAINOUS,24.9,12.0,FOG,28.7,0.1,84.0,2299.0,11.8,0.055,58.7,2280.0,615.0,1487.9
TH02401,,EXCAVATOR,EX-140GC,Trenching,BEGINNER,1.5,ROCK_FILL,2.2,581.4,UNEVEN,1.1,3.0,WINDY,27.3,0.0,3221.0,1697.0,5.6,0.205,53.9,1297.0,444.4,580.1
TH02402,,DOZER,DZ-986D2,Trenching,INTERMEDIATE,3.9,CLAY,1.6,591.6,FLAT,2.8,13.0,CLOUDY,19.9,0.0,3239.0,2248.0,13.6,0.118,57.9,1980.0,557.0,559.6
TH02403,,BACKHOE_LOADER,BL-220GC,Trenching,INTERMEDIATE,7.0,ROCK_FILL,2.2,244.3,UNEVEN,0.0,13.2,SUNNY,27.9,0.0,5732.0,1612.0,3.0,0.107,86.7,1270.0,142.9,148.5
TH02404,,WHEEL_LOADER,WL-390D2,Material Stockpiling,BEGINNER,1.4,GRAVEL,1.8,460.3,ROLLING,5.3,12.4,WINDY,23.1,0.0,5015.0,1204.0,14.3,0.185,51.0,1921.0,129.8,191.9
TH02405,,WHEEL_LOADER,WL-336,Soil Compaction,BEGINNER,0.6,SAND,1.5,4143.2,ROLLING,5.0,10.3,CLOUDY,26.3,0.0,4981.0,3287.0,7.7,0.26,52.2,1525.0,385.6,475.4
TH02406,,EXCAVATOR,EX-140GC,Trenching,BEGINNER,0.8,ROCK_FILL,2.2,366.9,UNEVEN,0.0,3.0,SUNNY,20.1,0.0,7495.0,3086.0,5.6,0.251,53.2,1230.0,276.0,338.8
TH02407,,DOZER,DZ-950D,Demolition,EXPERT,12.7,ASPHALT_MILLINGS,1.4,1284.2,MOUNTAINOUS,10.7,8.8,SUNNY,33.2,0.0,9887.0,2597.0,1.6,0.01,75.4,1442.0,435.9,377.0
TH02408,,DOZER,DZ-986D2,Road Preparation,BEGINNER,1.5,GRAVEL,1.8,1024.7,FLAT,3.9,11.6,WINDY,32.5,0.0,5104.0,2446.0,13.6,0.26,74.5,1099.0,94.2,133.0
TH02409,,EXCAVATOR,EX-320GC,Material Loading,INTERMEDIATE,7.6,ASPHALT_MILLINGS,1.4,1067.7,MOUNTAINOUS,13.5,13.8,RAINY,28.1,6.2,605.0,2757.0,5.3,0.112,36.8,1681.0,256.5,420.7
TH02410,,WHEEL_LOADER,WL-390,Material Loading,INTERMEDIATE,6.3,TOPSOIL,1.3,649.5,UNEVEN,2.7,16.6,SUNNY,25.2,0.0,5325.0,1914.0,9.6,0.189,39.4,1100.0,157.4,140.1
TH02411,,COMPACTOR,CP-986D2,Soil Compaction,EXPERT,11.3,ROCK_FILL,2.2,2610.4,ROLLING,8.6,37.6,STORM,18.6,17.7,55.0,3438.0,8.3,0.075,61.6,1724.0,79.1,226.5
TH02412,,EXCAVATOR,EX-336XE,Material Loading,INTERMEDIATE,7.6,CRUSHED_STONE,1.7,1155.4,UNEVEN,0.6,13.3,CLOUDY,19.3,0.0,3932.0,1951.0,4.7,0.09,74.2,1551.0,274.0,303.6
TH02413,,COMPACTOR,CP-950,Road Preparation,INTERMEDIATE,3.6,CLAY,1.6,4956.4,ROLLING,5.7,15.1,CLOUDY,31.4,0.0,4456.0,2576.0,3.4,0.01,63.6,1360.0,379.9,415.4
TH02414,,DOZER,DZ-986D2,Material Stockpiling,EXPERT,17.3,GRAVEL,1.8,2162.1,FLAT,0.2,9.0,FOG,18.1,0.1,135.0,1059.0,13.6,0.194,84.1,1341.0,392.5,855.8
TH02415,,ARTICULATED_HAULER,AH-349D,Hauling,EXPERT,18.2,CLAY,1.6,1000.6,ROLLING,9.1,32.3,RAINY,24.2,4.9,1719.0,556.0,0.8,0.212,56.1,1629.0,295.3,396.2
TH02416,,DOZER,DZ-950D,Road Preparation,BEGINNER,0.8,CLAY,1.6,3862.1,MOUNTAINOUS,11.4,3.0,CLOUDY,21.4,0.0,8483.0,1712.0,1.6,0.189,85.6,1533.0,370.7,451.0
TH02417,,EXCAVATOR,EX-226D2,Trenching,INTERMEDIATE,7.6,ASPHALT_MILLINGS,1.4,420.7,MOUNTAINOUS,17.6,8.1,SUNNY,31.5,0.0,8392.0,3325.0,1.1,0.111,43.3,1180.0,244.6,294.6
TH02418,,EXCAVATOR,EX-226XE,Trenching,EXPERT,19.9,SAND,1.5,506.0,FLAT,1.5,39.8,STORM,19.4,20.2,354.0,1154.0,13.8,0.107,61.5,1995.0,249.8,667.7
TH02419,,DOZER,DZ-986GC,Demolition,INTERMEDIATE,6.3,ROCK_FILL,2.2,1151.2,FLAT,2.1,26.1,RAINY,18.2,6.4,396.0,2756.0,12.0,0.269,70.0,1459.0,450.4,805.2
TH02420,,BACKHOE_LOADER,BL-220GC,Trenching,INTERMEDIATE,3.9,ROCK_FILL,2.2,572.8,UNEVEN,0.0,3.0,SUNNY,25.5,0.0,8276.0,2362.0,3.0,0.174,58.6,2011.0,337.0,375.5
TH02421,,COMPACTOR,CP-950,Soil Compaction,EXPERT,17.3,TOPSOIL,1.3,996.6,ROLLING,5.3,3.0,WINDY,23.9,0.0,4218.0,912.0,3.4,0.242,81.8,1486.0,31.1,37.8
TH02422,,ARTICULATED_HAULER,AH-336,Hauling,BEGINNER,0.5,SAND,1.5,1936.6,UNEVEN,0.0,3.0,WINDY,22.4,0.0,6530.0,3307.0,8.5,0.284,63.1,1633.0,902.0,2066.7
TH02423,,COMPACTOR,CP-950,Road Preparation,BEGINNER,1.8,TOPSOIL,1.3,5948.7,ROLLING,2.9,10.3,SUNNY,23.4,0.0,6622.0,3261.0,3.4,0.231,67.4,2157.0,555.4,544.7
TH02424,,BACKHOE_LOADER,BL-390D2,Trenching,BEGINNER,0.6,ASPHALT_MILLINGS,1.4,65.7,UNEVEN,4.0,10.1,CLOUDY,26.2,0.0,5526.0,2615.0,4.2,0.243,62.1,1879.0,50.3,51.1
TH02425,,EXCAVATOR,EX-320GC,Earth Excavation,BEGINNER,0.5,SAND,1.5,1180.0,MOUNTAINOUS,15.9,31.2,RAINY,19.1,9.5,633.0,2409.0,5.3,0.213,42.4,1346.0,453.9,1040.4
TH02426,,MOTOR_GRADER,MG-986D2,Road Preparation,BEGINNER,0.6,ASPHALT_MILLINGS,1.4,2075.7,HILLY,12.2,23.8,RAINY,24.4,8.8,447.0,245.0,11.1,0.208,,1420.0,203.4,329.4
TH02427,,COMPACTOR,CP-950,Soil Compaction,BEGINNER,1.5,GRAVEL,1.8,5456.5,ROLLING,0.0,17.0,SUNNY,23.1,0.0,8337.0,3085.0,3.4,0.281,50.8,1172.0,260.2,237.3
TH02428,,BACKHOE_LOADER,BL-390,Trenching,INTERMEDIATE,3.6,ROCK_FILL,2.2,199.3,FLAT,0.6,65.2,STORM,17.1,28.5,121.0,1746.0,10.5,0.101,48.3,1498.0,120.3,368.3
TH02429,,EXCAVATOR,EX-226D2,Material Loading,INTERMEDIATE,7.0,TOPSOIL,1.3,1344.1,MOUNTAINOUS,18.7,42.3,RAINY,,11.9,1411.0,1676.0,1.1,0.233,46.2,1694.0,306.5,668.2
TH02430,,WHEEL_LOADER,WL-390,Material Loading,INTERMEDIATE,5.0,CRUSHED_STONE,1.7,1504.9,UNEVEN,3.4,3.0,CLOUDY,28.4,0.0,3634.0,1107.0,9.6,0.051,47.4,1490.0,367.1,409.6
TH02431,,MOTOR_GRADER,MG-986XE,Demolition,INTERMEDIATE,5.0,TOPSOIL,1.3,721.0,FLAT,0.0,3.0,CLOUDY,37.3,0.0,6883.0,3202.0,12.4,0.106,59.1,1809.0,522.4,529.5
TH02432,,MOTOR_GRADER,MG-160D,Grading,EXPERT,17.3,CRUSHED_STONE,1.7,2919.0,UNEVEN,0.0,17.1,SUNNY,29.9,0.0,6968.0,1437.0,7.7,0.219,50.7,1607.0,116.0,130.0
TH02433,,WHEEL_LOADER,WL-986,Material Loading,BEGINNER,0.8,TOPSOIL,1.3,1647.1,MOUNTAINOUS,24.2,9.4,SUNNY,31.2,0.0,7204.0,2116.0,11.8,0.165,64.9,1346.0,501.2,731.3
TH02434,,ARTICULATED_HAULER,AH-349D,Hauling,EXPERT,7.3,CRUSHED_STONE,1.7,248.0,ROLLING,4.4,40.3,RAINY,8.3,8.0,1326.0,2379.0,0.8,0.01,64.1,2383.0,72.6,114.8
TH02435,,MOTOR_GRADER,MG-160D,Grading,INTERMEDIATE,2.6,ASPHALT_MILLINGS,1.4,1831.5,UNEVEN,0.0,29.0,RAINY,24.2,14.9,1232.0,2535.0,7.7,0.085,42.9,1526.0,92.5,113.2
TH02436,,EXCAVATOR,EX-220XE,Trenching,BEGINNER,2.0,TOPSOIL,1.3,60.6,ROLLING,8.5,3.0,SUNNY,23.6,0.0,5381.0,111.0,10.9,0.103,39.5,1716.0,44.5,46.1
TH02437,,EXCAVATOR,EX-226D2,Demolition,INTERMEDIATE,3.9,ASPHALT_MILLINGS,1.4,1162.4,MOUNTAINOUS,16.9,15.6,SUNNY,31.5,0.0,7163.0,142.0,1.1,0.198,50.4,1743.0,487.2,602.4
TH02438,,EXCAVATOR,EX-140GC,Trenching,INTERMEDIATE,5.5,ROCK_FILL,2.2,502.4,UNEVEN,0.4,11.0,SUNNY,34.3,0.0,7523.0,426.0,5.6,0.16,,1742.0,284.4,298.4
TH02439,,ARTICULATED_HAULER,AH-336,Material Stockpiling,INTERMEDIATE,6.3,SAND,1.5,474.6,UNEVEN,1.9,16.1,CLOUDY,17.1,0.0,7975.0,3433.0,8.5,0.146,73.4,1452.0,208.7,348.3
TH02440,,EXCAVATOR,EX-336XE,Trenching,BEGINNER,0.6,CLAY,1.6,594.0,UNEVEN,1.3,22.6,SUNNY,23.9,0.0,7317.0,1452.0,4.7,0.312,45.0,1542.0,452.2,534.6
TH02441,,MOTOR_GRADER,MG-160D,Road Preparation,INTERMEDIATE,7.0,CRUSHED_STONE,1.7,5243.8,UNEVEN,1.6,14.3,WINDY,13.6,0.0,8296.0,1473.0,7.7,0.219,40.4,1596.0,390.2,405.0
TH02442,,BACKHOE_LOADER,BL-220GC,Material Loading,INTERMEDIATE,4.4,GRAVEL,1.8,1925.4,UNEVEN,0.1,19.8,SUNNY,27.2,0.0,9383.0,1740.0,3.0,0.192,59.9,1222.0,824.3,949.9
TH02443,,EXCAVATOR,EX-320GC,Demolition,INTERMEDIATE,2.7,ROCK_FILL,2.2,230.3,MOUNTAINOUS,11.3,13.8,SUNNY,28.8,0.0,5196.0,200.0,5.3,0.072,84.3,1562.0,99.5,99.7
TH02444,,ARTICULATED_HAULER,AH-140D2,Hauling,INTERMEDIATE,5.8,TOPSOIL,1.3,2423.9,ROLLING,9.7,35.3,RAINY,27.2,10.4,768.0,3108.0,7.4,0.159,91.3,1058.0,845.7,1908.8
TH02445,,EXCAVATOR,EX-226D2,Demolition,BEGINNER,0.6,SAND,1.5,388.8,MOUNTAINOUS,19.2,9.8,SUNNY,24.5,0.0,7920.0,826.0,1.1,0.322,89.8,1764.0,201.2,300.7
TH02446,,MOTOR_GRADER,MG-160D,Road Preparation,INTERMEDIATE,6.4,GRAVEL,1.8,2337.9,UNEVEN,3.6,3.0,WINDY,24.6,0.0,5446.0,3216.0,7.7,0.08,38.4,1631.0,173.6,211.1
TH02447,,EXCAVATOR,EX-320GC,Material Loading,EXPERT,23.4,CRUSHED_STONE,1.7,2200.2,MOUNTAINOUS,14.0,21.6,SUNNY,15.3,0.0,6549.0,353.0,5.3,0.133,15.1,1255.0,456.0,645.2
TH02448,,EXCAVATOR,EX-226D2,Grading,BEGINNER,0.8,SAND,1.5,1938.4,MOUNTAINOUS,17.7,28.7,SUNNY,11.8,0.0,9110.0,1023.0,1.1,0.236,70.2,997.0,244.1,345.0
TH02449,,EXCAVATOR,EX-140GC,Earth Excavation,BEGINNER,0.5,SAND,1.5,759.5,UNEVEN,3.6,9.0,CLOUDY,28.4,0.0,6009.0,3076.0,5.6,0.194,89.4,1670.0,287.8,337.7
TH02450,,MOTOR_GRADER,MG-160D,Hauling,EXPERT,22.8,ASPHALT_MILLINGS,1.4,1715.9,UNEVEN,0.0,19.1,SUNNY,25.4,0.0,6249.0,2052.0,7.7,0.124,58.9,1519.0,1097.6,1391.1
TH02451,,DOZER,DZ-349D,Material Loading,EXPERT,23.6,CRUSHED_STONE,1.7,2206.5,ROLLING,4.5,3.0,CLOUDY,20.5,0.0,3892.0,3267.0,10.1,0.169,70.6,1624.0,704.0,948.6
TH02452,,EXCAVATOR,EX-390D2,Earth Excavation,INTERMEDIATE,7.6,ROCK_FILL,2.2,308.6,FLAT,5.2,4.4,SUNNY,24.9,0.0,5078.0,180.0,14.3,0.172,38.9,2315.0,89.4,112.1
TH02453,,DOZER,DZ-986GC,Material Stockpiling,INTERMEDIATE,7.7,TOPSOIL,1.3,1265.4,FLAT,0.1,17.1,SUNNY,16.4,0.0,7802.0,1851.0,12.0,0.103,73.3,2035.0,258.1,277.6
TH02454,,COMPACTOR,CP-972D2,Material Loading,INTERMEDIATE,2.7,GRAVEL,1.8,1084.3,MOUNTAINOUS,25.7,14.5,CLOUDY,23.6,0.0,3211.0,2528.0,4.2,0.105,45.6,1627.0,464.5,764.6
TH02455,,BACKHOE_LOADER,BL-986GC,Trenching,INTERMEDIATE,7.1,SAND,1.5,570.0,MOUNTAINOUS,15.4,12.0,SUNNY,21.5,0.0,8081.0,916.0,7.3,0.086,71.8,1549.0,340.4,433.2
TH02456,,BACKHOE_LOADER,BL-986D,Trenching,INTERMEDIATE,6.7,CRUSHED_STONE,1.7,565.2,FLAT,1.5,14.5,FOG,10.6,0.8,183.0,1048.0,12.0,0.119,67.2,1598.0,337.6,590.2
TH02457,,EXCAVATOR,EX-972XE,Soil Compaction,BEGINNER,1.8,TOPSOIL,1.3,1125.1,FLAT,0.0,11.9,CLOUDY,17.0,0.0,3470.0,2076.0,3.7,0.293,59.3,2020.0,96.8,125.7
TH02458,,ARTICULATED_HAULER,AH-349D,Soil Compaction,EXPERT,15.9,ROCK_FILL,2.2,2097.5,ROLLING,7.1,11.9,SUNNY,16.7,0.0,6282.0,2914.0,0.8,0.14,35.5,1691.0,103.6,109.0
TH02459,,DOZER,DZ-986GC,Road Preparation,BEGINNER,2.3,GRAVEL,1.8,3085.4,FLAT,0.0,3.0,SUNNY,29.7,0.0,8108.0,1185.0,12.0,0.268,53.6,2005.0,287.0,313.2
TH02460,,WHEEL_LOADER,WL-986,Material Loading,BEGINNER,0.5,CLAY,1.6,2440.0,MOUNTAINOUS,19.6,13.0,CLOUDY,15.1,0.0,6022.0,1453.0,11.8,0.282,66.6,1896.0,763.8,1415.5
TH02461,,MOTOR_GRADER,MG-986D2,Road Preparation,BEGINNER,2.0,GRAVEL,1.8,2906.7,HILLY,12.4,7.9,SUNNY,24.1,0.0,8330.0,2860.0,11.1,0.147,54.2,1631.0,275.7,337.0
TH02462,,MOTOR_GRADER,MG-986D2,Grading,EXPERT,23.4,SAND,1.5,1219.0,HILLY,16.9,14.8,SUNNY,19.5,0.0,7767.0,2643.0,11.1,0.027,84.3,1448.0,50.5,61.0
TH02463,,EXCAVATOR,EX-140GC,Material Loading,EXPERT,12.7,SAND,1.5,2215.9,UNEVEN,0.4,12.1,SUNNY,27.7,0.0,6299.0,1471.0,5.6,0.054,52.2,1574.0,445.2,416.5
TH02464,,EXCAVATOR,EX-950D2,Material Stockpiling,INTERMEDIATE,7.0,CLAY,1.6,1726.5,HILLY,14.5,12.4,WINDY,22.0,0.0,3206.0,1843.0,3.2,0.14,51.6,1556.0,629.6,1012.3
TH02465,,MOTOR_GRADER,MG-336GC,Road Preparation,INTERMEDIATE,3.0,SAND,1.5,1867.4,FLAT,1.4,17.1,WINDY,30.5,0.0,5128.0,3177.0,10.0,0.109,67.8,1631.0,139.1,147.4
TH02466,,MOTOR_GRADER,MG-220D2,Road Preparation,INTERMEDIATE,3.0,TOPSOIL,1.3,4938.7,UNEVEN,2.7,9.2,SUNNY,29.7,0.0,5650.0,1683.0,1.2,0.124,61.4,1675.0,365.4,368.7
TH02467,,MOTOR_GRADER,MG-390D2,Grading,BEGINNER,0.8,SAND,1.5,1111.3,FLAT,1.6,71.4,STORM,3.9,30.4,235.0,993.0,8.3,0.13,54.1,1915.0,68.3,220.1
TH02468,,EXCAVATOR,EX-336XE,Demolition,INTERMEDIATE,3.6,SAND,1.5,426.9,UNEVEN,4.1,11.1,SUNNY,32.5,0.0,7999.0,3319.0,4.7,0.141,47.4,1698.0,179.9,180.6
TH02469,,MOTOR_GRADER,MG-160D,Grading,INTERMEDIATE,6.3,CRUSHED_STONE,1.7,2323.4,UNEVEN,1.4,16.9,WINDY,25.6,0.0,4042.0,2115.0,7.7,0.198,48.2,1596.0,113.1,148.9
TH02470,,WHEEL_LOADER,WL-390,Material Stockpiling,BEGINNER,2.0,CRUSHED_STONE,1.7,1431.2,UNEVEN,5.6,8.8,WINDY,33.0,0.0,6567.0,1506.0,9.6,0.27,47.1,1196.0,391.0,604.1
TH02471,,BACKHOE_LOADER,BL-390D2,Trenching,INTERMEDIATE,7.0,TOPSOIL,1.3,51.5,UNEVEN,5.0,3.0,SUNNY,19.1,0.0,7091.0,3365.0,4.2,0.21,59.8,1388.0,29.1,37.4
TH02472,,MOTOR_GRADER,MG-336GC,Grading,BEGINNER,1.8,ROCK_FILL,2.2,4880.5,FLAT,3.1,25.5,WINDY,17.0,0.0,8986.0,1379.0,10.0,0.373,77.4,1529.0,310.4,493.7
TH02473,,WHEEL_LOADER,WL-390D2,Material Loading,INTERMEDIATE,3.0,ASPHALT_MILLINGS,1.4,2109.3,ROLLING,6.2,6.8,SUNNY,25.1,0.0,8330.0,1921.0,14.3,0.22,57.3,1407.0,535.2,628.9
TH02474,,WHEEL_LOADER,WL-390D2,Material Loading,INTERMEDIATE,7.7,SAND,1.5,2141.3,ROLLING,13.1,43.6,RAINY,29.2,10.9,1474.0,385.0,14.3,0.01,62.3,1531.0,503.5,783.3
TH02475,,MOTOR_GRADER,MG-986D2,Grading,BEGINNER,1.5,GRAVEL,1.8,5268.9,HILLY,13.3,4.4,WINDY,30.2,0.0,8497.0,1677.0,11.1,0.238,57.2,1188.0,331.9,518.5
TH02476,,WHEEL_LOADER,WL-986,Material Loading,BEGINNER,0.6,ROCK_FILL,2.2,1042.5,MOUNTAINOUS,19.9,4.2,WINDY,31.2,0.0,4814.0,3433.0,11.8,0.23,71.1,1401.0,331.3,490.0
TH02477,,BACKHOE_LOADER,BL-986GC,Trenching,BEGINNER,1.4,GRAVEL,1.8,72.4,ROLLING,12.9,18.3,SUNNY,24.6,0.0,8106.0,2113.0,10.6,0.284,39.6,1638.0,54.2,69.2
TH02478,,EXCAVATOR,EX-390D2,Material Loading,INTERMEDIATE,3.9,GRAVEL,1.8,1951.7,FLAT,5.6,10.9,SUNNY,22.9,0.0,5257.0,2474.0,14.3,0.048,26.3,1593.0,484.2,544.7
TH02479,,DOZER,DZ-950D,Material Stockpiling,INTERMEDIATE,3.6,ROCK_FILL,2.2,1990.7,MOUNTAINOUS,12.1,13.1,CLOUDY,20.2,0.0,,216.0,1.6,0.262,26.1,1503.0,444.5,633.1
TH02480,,WHEEL_LOADER,WL-390D2,Material Loading,INTERMEDIATE,5.0,ROCK_FILL,2.2,186.1,ROLLING,5.0,4.6,WINDY,33.1,0.0,8807.0,548.0,14.3,0.137,34.3,1722.0,43.4,53.0
TH02481,,EXCAVATOR,EX-336XE,Material Stockpiling,INTERMEDIATE,6.7,ASPHALT_MILLINGS,1.4,1298.2,UNEVEN,1.1,5.4,SUNNY,29.2,0.0,5704.0,1902.0,4.7,0.076,13.8,1512.0,436.8,585.7
TH02482,,WHEEL_LOADER,WL-972XE,Material Stockpiling,BEGINNER,1.5,ROCK_FILL,2.2,963.5,FLAT,0.0,30.4,SUNNY,13.6,0.0,9582.0,2578.0,14.4,0.231,58.9,1083.0,255.4,566.9
TH02483,,EXCAVATOR,EX-140GC,Demolition,BEGINNER,1.5,SAND,1.5,547.9,UNEVEN,0.0,6.6,CLOUDY,29.6,0.0,5105.0,2560.0,5.6,0.251,42.7,1483.0,292.1,304.7
TH02484,,WHEEL_LOADER,WL-390,Material Stockpiling,EXPERT,17.3,CLAY,1.6,1677.1,UNEVEN,0.0,4.0,WINDY,42.0,0.0,5928.0,232.0,9.6,0.086,63.0,1303.0,310.4,358.8
TH02485,,BACKHOE_LOADER,BL-390D2,Trenching,BEGINNER,0.8,ROCK_FILL,2.2,312.7,UNEVEN,1.5,18.7,RAINY,19.7,2.8,329.0,639.0,4.2,0.147,46.9,1806.0,249.4,400.9
TH02486,,BACKHOE_LOADER,BL-986D,Trenching,BEGINNER,1.4,TOPSOIL,1.3,410.0,FLAT,3.7,40.6,RAINY,9.1,13.2,1304.0,806.0,12.0,0.242,42.8,1937.0,302.9,623.1
TH02487,,ARTICULATED_HAULER,AH-349D,Hauling,EXPERT,23.4,ASPHALT_MILLINGS,1.4,1866.5,ROLLING,5.7,8.9,FOG,19.3,0.3,159.0,2955.0,0.8,0.03,57.3,1535.0,550.9,1214.0
TH02488,,EXCAVATOR,EX-336XE,Trenching,INTERMEDIATE,6.3,SAND,1.5,448.5,UNEVEN,6.2,30.5,RAINY,23.4,14.6,1916.0,2886.0,4.7,0.138,77.1,1229.0,263.1,349.9
TH02489,,EXCAVATOR,EX-972XE,Demolition,INTERMEDIATE,6.4,SAND,1.5,1215.4,FLAT,0.0,10.5,SUNNY,28.3,0.0,9756.0,754.0,3.7,0.155,41.2,1954.0,477.1,478.1
TH02490,,COMPACTOR,CP-950,Soil Compaction,EXPERT,11.3,ASPHALT_MILLINGS,1.4,791.6,ROLLING,6.4,18.0,SUNNY,24.4,0.0,9640.0,1716.0,3.4,0.057,22.1,1598.0,25.0,22.7
TH02491,,BACKHOE_LOADER,BL-986GC,Road Preparation,BEGINNER,1.0,GRAVEL,1.8,2981.9,MOUNTAINOUS,10.6,20.7,SUNNY,29.0,0.0,8066.0,2113.0,7.3,0.192,72.0,1162.0,453.2,670.8
TH02492,,WHEEL_LOADER,WL-140XE,Material Loading,INTERMEDIATE,7.7,CLAY,1.6,1979.1,UNEVEN,0.0,5.8,WINDY,14.5,0.0,6886.0,2751.0,8.1,0.022,61.7,1824.0,469.5,413.3
TH02493,,EXCAVATOR,EX-320GC,Earth Excavation,INTERMEDIATE,6.8,CLAY,1.6,1148.7,MOUNTAINOUS,11.1,21.1,FOG,28.6,0.5,,1193.0,5.3,0.023,85.3,1830.0,328.7,581.7
TH02494,,MOTOR_GRADER,MG-390D2,Grading,INTERMEDIATE,6.3,SAND,1.5,3455.7,FLAT,5.0,18.2,CLOUDY,34.9,0.0,8626.0,860.0,8.3,0.154,53.6,1649.0,157.9,204.7
TH02495,,EXCAVATOR,EX-220XE,Earth Excavation,INTERMEDIATE,4.6,CLAY,1.6,431.1,ROLLING,6.2,26.4,SUNNY,29.7,0.0,6693.0,2765.0,10.9,0.269,83.1,1758.0,130.1,170.8
TH02496,,ARTICULATED_HAULER,AH-140D2,Material Loading,INTERMEDIATE,2.6,GRAVEL,1.8,2392.7,ROLLING,2.6,12.0,SUNNY,19.3,0.0,8300.0,539.0,7.4,0.244,71.3,1389.0,1031.5,1179.3
TH02497,,WHEEL_LOADER,WL-390,Material Loading,INTERMEDIATE,5.1,ROCK_FILL,2.2,2305.9,UNEVEN,0.0,48.3,RAINY,24.4,14.4,636.0,3132.0,9.6,0.245,67.6,1685.0,562.0,1153.0
TH02498,,BACKHOE_LOADER,BL-390D2,Trenching,INTERMEDIATE,7.6,ROCK_FILL,2.2,489.2,UNEVEN,8.1,3.0,CLOUDY,28.7,0.0,8104.0,1783.0,4.2,0.134,,2009.0,283.8,326.8
TH02499,,BACKHOE_LOADER,BL-390,Trenching,INTERMEDIATE,3.0,CRUSHED_STONE,1.7,397.8,FLAT,3.7,7.4,CLOUDY,26.5,0.0,3475.0,2540.0,10.5,0.141,61.2,1578.0,241.9,260.3
TH02500,,MOTOR_GRADER,MG-390D2,Grading,INTERMEDIATE,7.7,GRAVEL,1.8,5418.1,FLAT,0.6,19.5,CLOUDY,26.0,0.0,3618.0,2771.0,8.3,0.095,52.5,1755.0,248.1,292.5
TH02501,,EXCAVATOR,EX-220XE,Trenching,BEGINNER,2.3,CRUSHED_STONE,1.7,314.2,ROLLING,7.1,14.1,SUNNY,19.3,0.0,8382.0,445.0,10.9,0.23,38.7,1637.0,230.9,266.9
TH02502,,EXCAVATOR,EX-390D2,Demolition,INTERMEDIATE,2.1,SAND,1.5,863.1,FLAT,5.6,3.0,WINDY,22.0,0.0,5070.0,2492.0,14.3,0.126,55.1,1529.0,374.3,436.7
TH02503,,BACKHOE_LOADER,BL-390,Trenching,EXPERT,22.8,GRAVEL,1.8,98.6,FLAT,4.5,16.6,CLOUDY,22.0,0.0,6519.0,1420.0,10.5,0.097,81.2,2202.0,48.0,51.6
TH02504,,BACKHOE_LOADER,BL-986GC,Earth Excavation,BEGINNER,1.5,ASPHALT_MILLINGS,1.4,1079.3,ROLLING,8.0,13.4,RAINY,,7.6,828.0,1697.0,10.6,0.269,73.3,1330.0,735.0,1422.8
TH02505,,WHEEL_LOADER,WL-986,Material Loading,BEGINNER,1.8,GRAVEL,1.8,2082.2,MOUNTAINOUS,18.4,8.3,SUNNY,32.2,0.0,7804.0,2754.0,11.8,0.249,69.8,1642.0,655.0,1012.4
TH02506,,DOZER,DZ-349D,Road Preparation,INTERMEDIATE,7.0,SAND,1.5,3639.7,ROLLING,8.0,8.5,WINDY,26.6,0.0,6440.0,3037.0,10.1,0.182,57.3,1375.0,263.8,357.0
TH02507,,EXCAVATOR,EX-972XE,Earth Excavation,INTERMEDIATE,7.1,GRAVEL,1.8,1069.8,FLAT,2.0,10.7,SUNNY,11.8,0.0,6043.0,1771.0,3.7,0.265,63.3,1161.0,311.3,277.8
TH02508,,WHEEL_LOADER,WL-986,Material Stockpiling,INTERMEDIATE,7.7,CLAY,1.6,295.8,MOUNTAINOUS,19.3,37.1,RAINY,25.0,4.3,1093.0,80.0,11.8,0.107,51.6,1822.0,61.1,120.5
TH02509,,MOTOR_GRADER,MG-390D2,Trenching,INTERMEDIATE,7.7,ROCK_FILL,2.2,595.2,FLAT,0.0,3.0,RAINY,24.2,1.9,662.0,2482.0,8.3,0.028,74.5,2011.0,765.5,1261.3
TH02510,,EXCAVATOR,EX-140GC,Material Loading,BEGINNER,0.8,TOPSOIL,1.3,183.2,UNEVEN,0.7,11.0,SUNNY,13.5,0.0,8328.0,1076.0,5.6,0.238,66.9,1756.0,56.0,67.4
TH02511,,ARTICULATED_HAULER,AH-336,Hauling,EXPERT,12.7,CRUSHED_STONE,1.7,624.3,UNEVEN,2.7,12.8,WINDY,35.9,0.0,4421.0,2363.0,8.5,0.066,56.4,1588.0,182.5,304.1
TH02512,,WHEEL_LOADER,WL-390,Material Loading,INTERMEDIATE,6.3,SAND,1.5,356.9,UNEVEN,0.0,12.3,SUNNY,24.1,0.0,5917.0,2101.0,9.6,0.24,43.8,1424.0,86.7,90.5
TH02513,,EXCAVATOR,EX-336XE,Material Loading,INTERMEDIATE,5.8,CLAY,1.6,930.9,UNEVEN,3.4,15.2,CLOUDY,9.7,0.0,3055.0,3079.0,4.7,0.159,53.8,1758.0,218.7,260.6
TH02514,,COMPACTOR,CP-950,Soil Compaction,EXPERT,18.2,CLAY,1.6,4353.0,ROLLING,5.3,41.5,RAINY,26.7,14.9,1959.0,2516.0,3.4,0.143,86.7,1585.0,137.9,193.6
TH02515,,EXCAVATOR,EX-220XE,Trenching,INTERMEDIATE,7.7,ROCK_FILL,2.2,296.2,ROLLING,1.5,36.5,RAINY,22.3,11.6,,1507.0,10.9,0.044,100.0,1561.0,178.3,265.9
TH02516,,EXCAVATOR,EX-226D2,Demolition,BEGINNER,1.4,CRUSHED_STONE,1.7,316.7,MOUNTAINOUS,15.2,17.5,SUNNY,18.9,0.0,8104.0,425.0,1.1,0.242,42.8,1642.0,159.6,206.6
TH02517,,DOZER,DZ-972,Material Stockpiling,INTERMEDIATE,7.6,GRAVEL,1.8,1615.5,UNEVEN,0.0,16.7,SUNNY,37.7,0.0,7149.0,1120.0,2.3,0.155,47.3,2003.0,337.7,382.2
TH02518,,EXCAVATOR,EX-390D2,Demolition,INTERMEDIATE,6.3,TOPSOIL,1.3,888.3,FLAT,1.0,21.1,RAINY,30.7,7.4,1268.0,3389.0,14.3,0.339,69.8,1161.0,355.5,630.7
TH02519,,EXCAVATOR,EX-390D2,Earth Excavation,INTERMEDIATE,5.5,ROCK_FILL,2.2,92.9,FLAT,3.8,24.9,WINDY,36.0,0.0,5330.0,2143.0,14.3,0.01,65.6,2188.0,27.6,30.5
TH02520,,BACKHOE_LOADER,BL-986GC,Trenching,INTERMEDIATE,5.5,CLAY,1.6,517.4,MOUNTAINOUS,7.1,33.7,RAINY,17.1,14.4,1811.0,2559.0,7.3,0.146,51.8,1792.0,303.7,432.0
TH02521,,BACKHOE_LOADER,BL-390,Earth Excavation,INTERMEDIATE,2.1,CRUSHED_STONE,1.7,1334.4,FLAT,4.4,60.7,STORM,31.1,23.2,271.0,360.0,10.5,0.19,49.7,1864.0,695.3,2170.1
TH02522,,COMPACTOR,CP-986D2,Soil Compaction,INTERMEDIATE,7.6,CLAY,1.6,4335.3,ROLLING,4.4,19.6,SUNNY,28.5,0.0,8167.0,3194.0,8.3,0.186,64.2,2314.0,156.8,185.0
TH02523,,MOTOR_GRADER,MG-986XE,Road Preparation,INTERMEDIATE,6.7,TOPSOIL,1.3,5021.0,FLAT,0.0,29.6,RAINY,24.1,11.0,1300.0,2258.0,12.4,0.052,61.6,1400.0,364.2,589.9
TH02524,,EXCAVATOR,EX-972,Earth Excavation,EXPERT,23.4,ASPHALT_MILLINGS,1.4,896.1,UNEVEN,4.4,30.8,RAINY,18.0,6.5,560.0,246.0,7.8,0.083,64.8,1633.0,223.8,341.6
TH02525,,EXCAVATOR,EX-226D2,Earth Excavation,EXPERT,17.3,TOPSOIL,1.3,252.5,MOUNTAINOUS,18.1,35.9,RAINY,30.9,12.9,430.0,3319.0,1.1,0.271,53.9,1261.0,65.2,132.6
TH02526,,MOTOR_GRADER,MG-986D2,Earth Excavation,EXPERT,19.9,TOPSOIL,1.3,887.2,HILLY,5.1,27.5,SUNNY,3.6,0.0,7478.0,2680.0,11.1,0.103,85.1,1463.0,455.4,447.5
TH02527,,EXCAVATOR,EX-220XE,Earth Excavation,BEGINNER,1.0,TOPSOIL,1.3,1108.2,ROLLING,3.6,3.0,SUNNY,25.2,0.0,5326.0,542.0,10.9,0.275,64.9,1272.0,444.1,477.2
TH02528,,ARTICULATED_HAULER,AH-226D,Hauling,INTERMEDIATE,7.0,CLAY,1.6,1876.4,ROLLING,6.7,17.8,CLOUDY,25.5,0.0,4060.0,1651.0,2.4,0.189,47.2,1311.0,650.6,918.4
TH02529,,DOZER,DZ-986D2,Earth Excavation,EXPERT,7.3,GRAVEL,1.8,170.2,FLAT,0.7,17.8,SUNNY,,0.0,8043.0,2473.0,13.6,0.01,71.0,1772.0,74.0,70.1
TH02530,,BACKHOE_LOADER,BL-986GC,Trenching,BEGINNER,2.5,GRAVEL,1.8,203.2,MOUNTAINOUS,14.9,14.8,CLOUDY,29.9,0.0,6012.0,526.0,7.3,0.175,55.2,1828.0,149.0,172.4
TH02531,,BACKHOE_LOADER,BL-986D,Hauling,INTERMEDIATE,4.4,CRUSHED_STONE,1.7,1991.4,FLAT,3.5,13.1,CLOUDY,,0.0,4997.0,1294.0,12.0,0.177,17.0,1676.0,1218.2,1759.1
TH02532,,EXCAVATOR,EX-320GC,Soil Compaction,INTERMEDIATE,7.7,CLAY,1.6,2871.7,MOUNTAINOUS,11.9,46.1,RAINY,20.4,11.3,1081.0,2057.0,5.3,0.052,18.3,1416.0,168.2,296.0
TH02533,,COMPACTOR,CP-950,Soil Compaction,INTERMEDIATE,2.1,CLAY,1.6,2156.4,ROLLING,0.2,16.8,WINDY,15.4,0.0,8670.0,572.0,3.4,0.213,62.6,1918.0,79.6,88.7
TH02534,,BACKHOE_LOADER,BL-220GC,Trenching,INTERMEDIATE,6.4,TOPSOIL,1.3,162.6,UNEVEN,0.0,7.4,SUNNY,36.7,0.0,6179.0,1478.0,3.0,0.192,42.0,1499.0,94.7,103.4
TH02535,,MOTOR_GRADER,MG-986XE,Material Loading,EXPERT,22.8,ASPHALT_MILLINGS,1.4,1044.8,FLAT,0.4,3.0,CLOUDY,10.5,0.0,6055.0,636.0,12.4,0.052,50.1,1573.0,371.8,325.3
TH02536,,ARTICULATED_HAULER,AH-140D2,Grading,INTERMEDIATE,7.7,TOPSOIL,1.3,1265.9,ROLLING,4.3,10.4,FOG,36.1,0.3,61.0,2994.0,7.4,0.052,95.5,1344.0,100.6,159.4
TH02537,,BACKHOE_LOADER,BL-220GC,Trenching,INTERMEDIATE,5.0,TOPSOIL,1.3,406.3,UNEVEN,2.3,17.9,SUNNY,23.2,0.0,9753.0,3038.0,3.0,0.078,48.8,1508.0,239.6,233.9
TH02538,,EXCAVATOR,EX-140GC,Demolition,BEGINNER,2.3,CRUSHED_STONE,1.7,1189.0,UNEVEN,0.0,55.0,STORM,7.5,25.1,310.0,2760.0,5.6,0.291,60.6,1470.0,595.4,1810.4
TH02539,,EXCAVATOR,EX-320GC,Earth Excavation,BEGINNER,1.6,ROCK_FILL,2.2,598.1,MOUNTAINOUS,9.9,11.2,CLOUDY,31.7,0.0,8103.0,216.0,5.3,0.221,73.8,1824.0,235.6,304.0
TH02540,,MOTOR_GRADER,MG-986D2,Trenching,INTERMEDIATE,7.1,SAND,1.5,341.2,HILLY,4.4,26.2,RAINY,22.7,7.1,1285.0,1269.0,11.1,0.254,53.5,1657.0,433.5,711.4
TH02541,,EXCAVATOR,EX-320GC,Material Loading,INTERMEDIATE,5.8,ASPHALT_MILLINGS,1.4,1600.0,MOUNTAINOUS,19.0,8.9,RAINY,29.0,1.4,1791.0,320.0,5.3,0.027,87.7,2062.0,376.1,553.1
TH02542,,ARTICULATED_HAULER,AH-349D,Hauling,BEGINNER,0.5,TOPSOIL,1.3,619.9,ROLLING,9.5,8.0,CLOUDY,17.6,0.0,3769.0,171.0,0.8,0.186,50.8,1536.0,285.8,348.1
TH02543,,BACKHOE_LOADER,BL-220GC,Hauling,INTERMEDIATE,5.5,CRUSHED_STONE,1.7,1950.6,UNEVEN,2.0,8.3,CLOUDY,23.9,0.0,3127.0,2551.0,3.0,0.126,66.2,1903.0,1351.4,2140.0
TH02544,,EXCAVATOR,EX-226XE,Grading,EXPERT,20.5,GRAVEL,1.8,3319.7,FLAT,0.0,21.5,RAINY,21.7,9.3,304.0,480.0,13.8,0.216,61.6,1220.0,220.4,336.7
TH02545,,EXCAVATOR,EX-390D2,Trenching,EXPERT,12.7,TOPSOIL,1.3,395.8,FLAT,2.6,15.9,SUNNY,24.3,0.0,7089.0,2588.0,14.3,0.01,44.5,1474.0,193.0,185.8
TH02546,,COMPACTOR,CP-950,Road Preparation,INTERMEDIATE,7.6,ASPHALT_MILLINGS,1.4,2805.6,ROLLING,8.1,12.6,WINDY,25.5,0.0,4915.0,814.0,3.4,0.084,44.6,1665.0,196.5,222.1
TH02547,,MOTOR_GRADER,MG-390D2,Road Preparation,INTERMEDIATE,4.6,TOPSOIL,1.3,2998.1,FLAT,0.5,18.4,SUNNY,39.0,0.0,8099.0,2155.0,8.3,0.147,42.2,1359.0,220.9,233.6
TH02548,,EXCAVATOR,EX-140GC,Trenching,INTERMEDIATE,2.6,TOPSOIL,1.3,398.8,UNEVEN,0.0,14.3,CLOUDY,20.8,0.0,4944.0,1612.0,5.6,0.198,58.5,1393.0,243.7,221.5
TH02549,,MOTOR_GRADER,MG-160D,Hauling,BEGINNER,0.8,ASPHALT_MILLINGS,1.4,1879.8,UNEVEN,0.0,69.2,STORM,,25.2,312.0,128.0,7.7,0.162,29.6,1438.0,1920.0,5897.3
TH02550,,DOZER,DZ-349D,Road Preparation,INTERMEDIATE,3.9,ROCK_FILL,2.2,4028.5,ROLLING,6.7,36.0,RAINY,22.2,2.4,424.0,2356.0,10.1,0.061,45.4,1202.0,298.9,440.0
TH02551,,WHEEL_LOADER,WL-140XE,Grading,INTERMEDIATE,7.6,CRUSHED_STONE,1.7,742.7,UNEVEN,0.0,26.8,CLOUDY,25.0,0.0,7086.0,2246.0,8.1,0.055,71.0,1383.0,78.6,77.1
TH02552,,BACKHOE_LOADER,BL-390D2,Trenching,INTERMEDIATE,5.0,CRUSHED_STONE,1.7,475.1,UNEVEN,3.0,16.0,CLOUDY,27.0,0.0,8902.0,795.0,4.2,0.1,23.7,1385.0,271.6,294.0
TH02553,,DOZER,DZ-972,Hauling,BEGINNER,1.6,CLAY,1.6,770.9,UNEVEN,0.0,74.7,STORM,35.1,31.2,303.0,2839.0,2.3,0.21,78.2,1553.0,658.7,2963.6
TH02554,,EXCAVATOR,EX-320GC,Demolition,INTERMEDIATE,3.9,TOPSOIL,1.3,986.8,MOUNTAINOUS,12.4,23.9,SUNNY,18.9,0.0,8117.0,1093.0,5.3,0.137,51.7,1247.0,409.4,512.4
TH02555,,EXCAVATOR,EX-390D2,Demolition,INTERMEDIATE,2.7,CRUSHED_STONE,1.7,576.5,FLAT,4.7,18.5,RAINY,13.3,1.1,360.0,560.0,14.3,0.056,74.3,1463.0,245.9,428.5
TH02556,,MOTOR_GRADER,MG-986D2,Road Preparation,BEGINNER,1.8,TOPSOIL,1.3,1797.1,HILLY,8.2,23.0,CLOUDY,27.2,0.0,8500.0,227.0,11.1,0.236,36.0,1666.0,166.9,238.0
TH02557,,MOTOR_GRADER,MG-390D2,Grading,EXPERT,14.9,ROCK_FILL,2.2,5000.4,FLAT,8.0,8.9,SUNNY,25.8,0.0,8394.0,1161.0,8.3,0.139,41.7,1853.0,203.8,274.4
TH02558,,MOTOR_GRADER,MG-986D2,Grading,BEGINNER,0.8,CLAY,1.6,4760.9,HILLY,9.9,32.6,RAINY,15.9,11.7,453.0,2913.0,11.1,0.15,63.3,1630.0,303.3,597.2
TH02559,,COMPACTOR,CP-986D2,Hauling,INTERMEDIATE,5.5,GRAVEL,1.8,1243.4,ROLLING,6.1,19.3,SUNNY,34.2,0.0,7751.0,1940.0,8.3,0.046,47.6,2050.0,709.3,969.1
TH02560,,WHEEL_LOADER,WL-972XE,Demolition,BEGINNER,0.8,GRAVEL,1.8,915.0,FLAT,0.9,26.0,RAINY,29.1,5.0,1485.0,570.0,14.4,0.119,64.9,1576.0,800.7,1189.9
TH02561,,MOTOR_GRADER,MG-336GC,Grading,BEGINNER,1.8,TOPSOIL,1.3,5801.4,FLAT,7.0,14.9,WINDY,17.6,0.0,6380.0,2535.0,10.0,0.227,63.6,2400.0,350.0,405.3
TH02562,,EXCAVATOR,EX-226XE,Trenching,INTERMEDIATE,7.1,CLAY,1.6,445.2,FLAT,1.7,8.7,FOG,36.0,0.8,251.0,2585.0,13.8,0.153,38.8,1578.0,255.0,490.7
TH02563,,BACKHOE_LOADER,BL-986D,Trenching,INTERMEDIATE,6.3,GRAVEL,1.8,357.5,FLAT,5.5,20.3,CLOUDY,24.8,0.0,4360.0,2604.0,12.0,0.277,80.8,1338.0,200.8,287.5
TH02564,,EXCAVATOR,EX-226XE,Demolition,BEGINNER,0.6,GRAVEL,1.8,1002.5,FLAT,0.3,18.1,CLOUDY,19.0,0.0,6326.0,150.0,13.8,0.273,64.6,1739.0,556.5,668.1
TH02565,,ARTICULATED_HAULER,AH-336,Grading,INTERMEDIATE,7.7,GRAVEL,1.8,4055.3,UNEVEN,2.9,8.1,SUNNY,31.2,0.0,5377.0,2659.0,8.5,0.032,12.2,1319.0,387.8,388.7
TH02566,,MOTOR_GRADER,MG-220D2,Soil Compaction,BEGINNER,0.5,TOPSOIL,1.3,363.1,UNEVEN,1.8,13.2,CLOUDY,16.7,0.0,5419.0,2038.0,1.2,0.371,75.8,1887.0,39.7,44.5
TH02567,,BACKHOE_LOADER,BL-390,Trenching,BEGINNER,0.8,ROCK_FILL,2.2,147.7,FLAT,0.0,15.2,CLOUDY,24.0,0.0,8907.0,2990.0,10.5,0.198,40.5,1248.0,116.3,136.3
TH02568,,EXCAVATOR,EX-972,Material Stockpiling,INTERMEDIATE,3.9,CRUSHED_STONE,1.7,680.8,UNEVEN,0.0,16.3,SUNNY,25.8,0.0,6678.0,2199.0,7.8,0.134,76.7,1239.0,307.0,416.0
TH02569,,ARTICULATED_HAULER,AH-140D2,Hauling,EXPERT,17.3,CRUSHED_STONE,1.7,1512.0,ROLLING,3.0,5.7,SUNNY,39.0,0.0,5528.0,3107.0,7.4,0.167,51.5,1466.0,465.3,887.0
TH02570,,BACKHOE_LOADER,BL-390,Hauling,BEGINNER,1.6,ASPHALT_MILLINGS,1.4,1984.9,FLAT,1.1,15.5,CLOUDY,31.0,0.0,5122.0,2775.0,10.5,0.192,49.8,1409.0,1465.7,2601.4
TH02571,,MOTOR_GRADER,MG-986XE,Grading,INTERMEDIATE,7.0,TOPSOIL,1.3,324.1,FLAT,0.0,11.7,CLOUDY,30.8,0.0,5794.0,3196.0,12.4,0.228,50.5,1539.0,15.1,17.1
TH02572,,BACKHOE_LOADER,BL-390D2,Trenching,INTERMEDIATE,5.1,CLAY,1.6,134.1,UNEVEN,5.4,20.5,CLOUDY,40.0,0.0,8965.0,2334.0,4.2,0.148,36.2,2100.0,78.7,68.4
TH02573,,BACKHOE_LOADER,BL-390D2,Trenching,INTERMEDIATE,7.6,TOPSOIL,1.3,347.6,UNEVEN,0.2,38.5,RAINY,20.6,13.8,1989.0,1501.0,4.2,0.208,61.5,2359.0,197.8,261.2
TH02574,,WHEEL_LOADER,WL-390,Material Loading,EXPERT,23.6,CRUSHED_STONE,1.7,1931.6,UNEVEN,2.6,31.3,RAINY,28.8,11.1,1300.0,2560.0,9.6,0.101,64.6,1412.0,403.5,569.3
TH02575,,COMPACTOR,CP-950,Soil Compaction,INTERMEDIATE,5.5,ASPHALT_MILLINGS,1.4,2835.7,ROLLING,4.7,30.9,RAINY,26.5,10.2,1843.0,135.0,3.4,0.111,41.5,1166.0,103.3,131.3
TH02576,,WHEEL_LOADER,WL-986,Material Loading,EXPERT,14.9,SAND,1.5,1789.7,MOUNTAINOUS,15.8,17.5,SUNNY,29.9,0.0,8551.0,2000.0,11.8,0.072,61.4,1150.0,374.9,466.0
TH02577,,DOZER,DZ-160GC,Demolition,INTERMEDIATE,7.6,ROCK_FILL,2.2,1163.0,MOUNTAINOUS,15.0,47.6,STORM,13.0,18.5,269.0,2246.0,14.4,0.081,94.7,991.0,471.8,1515.1
TH02578,,BACKHOE_LOADER,BL-986GC,Trenching,INTERMEDIATE,7.0,ASPHALT_MILLINGS,1.4,338.4,MOUNTAINOUS,8.4,50.3,STORM,,23.6,,597.0,7.3,0.237,65.5,1432.0,203.3,576.4
TH02579,,WHEEL_LOADER,WL-986,Material Stockpiling,INTERMEDIATE,7.6,CLAY,1.6,470.6,MOUNTAINOUS,18.6,8.4,SUNNY,12.5,0.0,9727.0,1170.0,11.8,0.126,62.5,1465.0,97.6,167.4
TH02580,,BACKHOE_LOADER,BL-390D2,Trenching,EXPERT,22.8,ROCK_FILL,2.2,143.9,UNEVEN,0.3,21.6,WINDY,27.1,0.0,4575.0,209.0,4.2,0.065,39.7,1520.0,74.7,72.4
TH02581,,EXCAVATOR,EX-226XE,Trenching,INTERMEDIATE,6.3,TOPSOIL,1.3,521.9,FLAT,0.0,14.8,CLOUDY,36.5,0.0,8294.0,2427.0,13.8,0.337,59.6,1287.0,292.4,412.8
TH02582,,EXCAVATOR,EX-320GC,Material Loading,INTERMEDIATE,3.0,ROCK_FILL,2.2,1109.4,MOUNTAINOUS,14.2,3.0,CLOUDY,17.9,0.0,6656.0,1196.0,5.3,0.108,50.5,1357.0,275.5,364.3
TH02583,,EXCAVATOR,EX-950D2,Earth Excavation,BEGINNER,2.0,SAND,1.5,417.6,HILLY,9.0,19.5,CLOUDY,24.4,0.0,3648.0,1475.0,3.2,0.118,43.2,1833.0,153.0,180.5
TH02584,,DOZER,DZ-349D,Demolition,INTERMEDIATE,7.6,CLAY,1.6,1217.6,ROLLING,9.8,23.5,SUNNY,31.8,0.0,7731.0,2411.0,10.1,0.104,47.3,2400.0,471.0,504.0
TH02585,,WHEEL_LOADER,WL-390D2,Material Stockpiling,INTERMEDIATE,7.6,CLAY,1.6,2225.5,ROLLING,4.8,8.4,CLOUDY,26.5,0.0,8413.0,2621.0,14.3,0.089,49.6,1558.0,471.1,776.8
TH02586,,MOTOR_GRADER,MG-986D2,Grading,INTERMEDIATE,6.7,CLAY,1.6,1906.8,HILLY,9.9,9.1,FOG,32.0,0.0,183.0,165.0,11.1,0.098,39.5,1531.0,91.7,177.1
TH02587,,COMPACTOR,CP-972D2,Soil Compaction,EXPERT,11.3,SAND,1.5,440.0,MOUNTAINOUS,32.0,10.4,SUNNY,11.3,0.0,8309.0,2788.0,4.2,0.169,64.2,1669.0,13.1,24.8
TH02588,,MOTOR_GRADER,MG-390D2,Grading,INTERMEDIATE,6.7,SAND,1.5,928.9,FLAT,1.7,29.8,CLOUDY,29.7,0.0,8951.0,506.0,8.3,0.086,35.0,1956.0,42.9,46.8
TH02589,,ARTICULATED_HAULER,AH-120D2,Hauling,INTERMEDIATE,5.8,ASPHALT_MILLINGS,1.4,1616.4,UNEVEN,0.0,11.3,SUNNY,27.1,0.0,7367.0,1128.0,2.8,0.17,69.6,1525.0,570.9,650.6
TH02590,,DOZER,DZ-349D,Grading,INTERMEDIATE,5.0,TOPSOIL,1.3,3376.1,ROLLING,7.4,3.0,SUNNY,23.6,0.0,5347.0,1974.0,10.1,0.01,57.5,2166.0,281.4,299.5
TH02591,,EXCAVATOR,EX-972XE,Demolition,INTERMEDIATE,7.6,TOPSOIL,1.3,1100.7,FLAT,0.0,26.4,WINDY,28.7,0.0,,297.0,3.7,0.203,86.6,2258.0,432.3,554.0
TH02592,,MOTOR_GRADER,MG-390D2,Grading,INTERMEDIATE,5.8,ASPHALT_MILLINGS,1.4,4468.6,FLAT,11.0,4.6,CLOUDY,25.8,0.0,5152.0,3429.0,8.3,0.049,45.8,1460.0,214.5,218.1
TH02593,,EXCAVATOR,EX-972XE,Hauling,EXPERT,22.8,TOPSOIL,1.3,2288.2,FLAT,0.7,13.8,WINDY,25.8,0.0,5622.0,2455.0,3.7,0.011,47.8,1453.0,1363.0,1652.0
TH02594,,ARTICULATED_HAULER,AH-120D2,Demolition,INTERMEDIATE,5.1,GRAVEL,1.8,1302.1,UNEVEN,0.0,12.1,CLOUDY,26.9,0.0,3427.0,1214.0,2.8,0.126,100.0,1759.0,957.2,1028.7
TH02595,,WHEEL_LOADER,WL-972XE,Soil Compaction,EXPERT,17.3,CRUSHED_STONE,1.7,1290.1,FLAT,2.9,64.7,STORM,14.8,22.9,312.0,859.0,14.4,0.182,96.4,1383.0,64.6,198.0
TH02596,,DOZER,DZ-972,Earth Excavation,EXPERT,14.9,ASPHALT_MILLINGS,1.4,1376.8,UNEVEN,0.1,7.9,WINDY,21.5,0.0,6538.0,2340.0,2.3,0.099,48.9,1775.0,690.1,640.3
TH02597,,EXCAVATOR,EX-226D2,Material Loading,INTERMEDIATE,2.6,CLAY,1.6,273.9,MOUNTAINOUS,16.5,9.5,WINDY,30.6,0.0,8960.0,2416.0,1.1,0.215,40.3,1571.0,66.5,105.2
TH02598,,MOTOR_GRADER,MG-220D2,Road Preparation,EXPERT,14.9,ROCK_FILL,2.2,2670.2,UNEVEN,2.2,12.9,CLOUDY,21.4,0.0,6314.0,90.0,1.2,0.052,27.9,1809.0,165.3,169.2
TH02599,,WHEEL_LOADER,WL-390D2,Material Stockpiling,EXPERT,23.6,ROCK_FILL,2.2,2446.6,ROLLING,7.8,12.1,SUNNY,22.5,0.0,7705.0,288.0,14.3,0.127,85.6,1470.0,460.3,442.9
TH02600,,BACKHOE_LOADER,BL-390,Trenching,BEGINNER,1.6,CRUSHED_STONE,1.7,581.2,FLAT,1.1,6.4,CLOUDY,25.7,0.0,8693.0,640.0,10.5,0.261,52.5,1758.0,436.2,532.6
TH02601,,WHEEL_LOADER,WL-986,Material Loading,INTERMEDIATE,7.7,TOPSOIL,1.3,2121.5,MOUNTAINOUS,23.2,3.0,SUNNY,26.1,0.0,6094.0,1683.0,11.8,0.066,52.8,1978.0,483.1,703.6
TH02602,,EXCAVATOR,EX-320GC,Road Preparation,INTERMEDIATE,7.6,TOPSOIL,1.3,5969.2,MOUNTAINOUS,12.1,12.2,SUNNY,,0.0,6096.0,1734.0,5.3,0.071,26.7,1253.0,743.8,777.8
TH02603,,WHEEL_LOADER,WL-140XE,Soil Compaction,INTERMEDIATE,6.3,GRAVEL,1.8,3756.4,UNEVEN,0.0,15.9,CLOUDY,26.6,0.0,7423.0,3365.0,8.1,0.23,58.8,1651.0,205.2,249.7
TH02604,,COMPACTOR,CP-950,Earth Excavation,BEGINNER,0.5,CLAY,1.6,382.0,ROLLING,8.2,49.3,STORM,23.2,16.9,190.0,2055.0,3.4,0.297,80.7,1738.0,315.3,1052.8
TH02605,,DOZER,DZ-972,Road Preparation,INTERMEDIATE,7.1,ASPHALT_MILLINGS,1.4,5948.7,UNEVEN,1.8,3.0,WINDY,31.3,0.0,8371.0,2740.0,2.3,0.181,52.6,1230.0,430.9,500.6
TH02606,,EXCAVATOR,EX-972,Trenching,EXPERT,18.2,TOPSOIL,1.3,92.3,UNEVEN,2.7,27.7,RAINY,19.3,3.8,571.0,884.0,7.8,0.11,74.0,1660.0,45.6,76.0
TH02607,,MOTOR_GRADER,MG-390D2,Road Preparation,EXPERT,12.7,CLAY,1.6,762.4,FLAT,3.2,12.3,SUNNY,27.4,0.0,6393.0,1293.0,8.3,0.037,31.9,1531.0,46.1,38.6
TH02608,,EXCAVATOR,EX-390D2,Trenching,EXPERT,19.9,SAND,1.5,48.7,FLAT,7.5,7.4,CLOUDY,30.5,0.0,5952.0,2041.0,14.3,0.098,36.4,1642.0,24.8,29.7
TH02609,,MOTOR_GRADER,MG-220D2,Road Preparation,BEGINNER,1.8,GRAVEL,1.8,3582.8,UNEVEN,1.9,9.2,SUNNY,24.8,0.0,8867.0,3094.0,1.2,0.207,47.2,1243.0,336.3,306.2
TH02610,,DOZER,DZ-950D,Material Stockpiling,BEGINNER,0.6,ASPHALT_MILLINGS,1.4,681.9,MOUNTAINOUS,10.5,9.7,CLOUDY,24.2,0.0,5926.0,1019.0,1.6,0.287,40.8,1469.0,187.6,266.6
TH02611,,WHEEL_LOADER,WL-986,Material Stockpiling,EXPERT,22.8,CLAY,1.6,682.9,MOUNTAINOUS,18.6,5.1,CLOUDY,28.4,0.0,3493.0,3397.0,11.8,0.024,53.6,2014.0,120.0,254.0
TH02612,,MOTOR_GRADER,MG-160D,Demolition,INTERMEDIATE,5.5,CRUSHED_STONE,1.7,556.2,UNEVEN,0.7,3.0,SUNNY,26.0,0.0,7836.0,2048.0,7.7,0.08,52.8,1562.0,355.2,370.0
TH02613,,MOTOR_GRADER,MG-336GC,Material Stockpiling,EXPERT,14.9,CRUSHED_STONE,1.7,626.8,FLAT,3.8,18.1,RAINY,14.7,5.0,1229.0,160.0,10.0,0.088,96.5,1205.0,185.4,261.4
TH02614,,EXCAVATOR,EX-336XE,Material Loading,INTERMEDIATE,4.4,ROCK_FILL,2.2,600.5,UNEVEN,2.0,15.8,SUNNY,29.0,0.0,5163.0,1776.0,4.7,0.259,67.5,1346.0,148.0,214.7
TH02615,,WHEEL_LOADER,WL-140XE,Material Loading,BEGINNER,2.5,CRUSHED_STONE,1.7,2086.1,UNEVEN,0.6,11.9,FOG,22.8,0.4,,3461.0,8.1,0.113,81.9,1766.0,610.8,1000.9
TH02616,,EXCAVATOR,EX-972,Trenching,INTERMEDIATE,7.7,CRUSHED_STONE,1.7,419.8,UNEVEN,0.0,5.1,SUNNY,10.9,0.0,6392.0,1229.0,7.8,0.035,55.7,1702.0,245.1,239.3
TH02617,,WHEEL_LOADER,WL-140XE,Material Loading,BEGINNER,1.8,ROCK_FILL,2.2,676.2,UNEVEN,0.0,29.9,SUNNY,31.7,0.0,6892.0,2841.0,8.1,0.206,57.1,1748.0,201.8,263.7
TH02618,,MOTOR_GRADER,MG-160D,Grading,BEGINNER,1.4,ROCK_FILL,2.2,4789.1,UNEVEN,0.0,12.0,CLOUDY,25.1,0.0,5357.0,2347.0,7.7,0.169,57.4,1720.0,301.8,342.2
TH02619,,EXCAVATOR,EX-950D2,Trenching,INTERMEDIATE,2.7,GRAVEL,1.8,193.2,HILLY,13.8,9.3,SUNNY,26.1,0.0,9416.0,2768.0,3.2,0.148,29.4,1698.0,116.3,156.6
TH02620,,ARTICULATED_HAULER,AH-120D2,Hauling,INTERMEDIATE,7.6,CLAY,1.6,934.2,UNEVEN,1.1,15.0,SUNNY,17.5,0.0,8636.0,3316.0,2.8,0.147,38.5,1555.0,318.3,527.5
TH02621,,WHEEL_LOADER,WL-140XE,Material Stockpiling,BEGINNER,1.8,CLAY,1.6,1489.2,UNEVEN,0.0,14.8,SUNNY,25.1,0.0,9837.0,1053.0,8.1,0.256,60.3,1264.0,398.2,536.5
TH02622,,ARTICULATED_HAULER,AH-349D,Hauling,BEGINNER,1.6,ASPHALT_MILLINGS,1.4,807.9,ROLLING,7.0,6.3,CLOUDY,26.7,0.0,8451.0,379.0,0.8,0.199,67.2,2160.0,358.0,427.1
TH02623,,WHEEL_LOADER,WL-390D2,Material Stockpiling,EXPERT,17.3,GRAVEL,1.8,540.3,ROLLING,9.1,21.4,RAINY,34.3,6.7,1973.0,1148.0,14.3,0.231,24.0,1470.0,94.6,200.0
TH02624,,BACKHOE_LOADER,BL-390,Trenching,BEGINNER,1.6,CRUSHED_STONE,1.7,77.1,FLAT,7.1,5.0,SUNNY,18.3,0.0,6510.0,1350.0,10.5,0.264,38.7,1648.0,60.0,69.9
TH02625,,WHEEL_LOADER,WL-986,Soil Compaction,INTERMEDIATE,7.7,SAND,1.5,883.6,MOUNTAINOUS,21.9,46.2,RAINY,20.9,14.0,312.0,2053.0,11.8,0.214,36.2,1704.0,50.3,103.2
TH02626,,MOTOR_GRADER,MG-390D2,Grading,INTERMEDIATE,2.7,GRAVEL,1.8,3159.8,FLAT,4.3,18.0,WINDY,10.2,0.0,7935.0,1535.0,8.3,0.023,56.6,1608.0,159.2,185.8
TH02627,,EXCAVATOR,EX-972XE,Earth Excavation,BEGINNER,1.5,CRUSHED_STONE,1.7,1335.5,FLAT,0.0,14.0,SUNNY,19.3,0.0,5354.0,216.0,3.7,0.217,69.3,1548.0,487.7,583.1
TH02628,,BACKHOE_LOADER,BL-220GC,Material Loading,INTERMEDIATE,5.5,GRAVEL,1.8,2107.1,UNEVEN,0.0,17.4,SUNNY,23.9,0.0,8697.0,1063.0,3.0,0.063,27.4,1340.0,1070.3,1103.4
TH02629,,ARTICULATED_HAULER,AH-226D,Hauling,INTERMEDIATE,2.7,CRUSHED_STONE,1.7,490.7,ROLLING,12.1,16.2,SUNNY,9.8,0.0,5654.0,403.0,2.4,0.046,41.8,1714.0,182.5,224.4
TH02630,,EXCAVATOR,EX-950D2,Trenching,EXPERT,23.6,CRUSHED_STONE,1.7,310.8,HILLY,14.6,30.7,SUNNY,19.4,0.0,9156.0,3242.0,3.2,0.176,77.0,1518.0,151.7,194.3
TH02631,,EXCAVATOR,EX-320GC,Material Loading,BEGINNER,1.8,CRUSHED_STONE,1.7,1549.0,MOUNTAINOUS,11.9,6.0,CLOUDY,24.6,0.0,7470.0,460.0,5.3,0.214,48.8,1760.0,471.6,593.5
TH02632,,DOZER,DZ-950D,Material Stockpiling,INTERMEDIATE,4.6,CRUSHED_STONE,1.7,1152.0,MOUNTAINOUS,12.5,3.0,CLOUDY,,0.0,3276.0,3333.0,1.6,0.183,40.1,1511.0,244.3,446.8
TH02633,,DOZER,DZ-972,Demolition,INTERMEDIATE,2.7,ASPHALT_MILLINGS,1.4,1372.0,UNEVEN,4.2,75.4,STORM,24.3,33.1,139.0,2437.0,2.3,0.023,58.0,1542.0,595.8,1520.2
TH02634,,EXCAVATOR,EX-336XE,Trenching,INTERMEDIATE,7.6,SAND,1.5,259.7,UNEVEN,0.0,3.0,SUNNY,30.3,0.0,6886.0,262.0,4.7,0.126,55.5,2400.0,155.3,141.5
TH02635,,EXCAVATOR,EX-390D2,Demolition,INTERMEDIATE,7.6,ROCK_FILL,2.2,187.8,FLAT,0.4,10.6,CLOUDY,24.3,0.0,5525.0,795.0,14.3,0.11,64.7,1425.0,71.8,75.5
TH02636,,ARTICULATED_HAULER,AH-336,Hauling,BEGINNER,2.3,ASPHALT_MILLINGS,1.4,275.5,UNEVEN,2.2,17.6,WINDY,18.6,0.0,4759.0,2634.0,8.5,0.175,8.0,1902.0,118.5,210.7
TH02637,,MOTOR_GRADER,MG-986XE,Hauling,INTERMEDIATE,6.4,CRUSHED_STONE,1.7,2421.3,FLAT,3.1,11.5,CLOUDY,16.6,0.0,4147.0,363.0,12.4,0.138,53.6,1075.0,1377.4,1567.4
TH02638,,ARTICULATED_HAULER,AH-226D,Hauling,EXPERT,17.3,CRUSHED_STONE,1.7,1980.6,ROLLING,10.2,19.9,SUNNY,25.4,0.0,9771.0,192.0,2.4,0.125,59.4,1680.0,584.0,636.2
TH02639,,WHEEL_LOADER,WL-336,Material Stockpiling,INTERMEDIATE,4.6,GRAVEL,1.8,488.8,ROLLING,15.7,7.3,CLOUDY,13.6,0.0,7841.0,460.0,7.7,0.188,40.2,1800.0,102.9,131.7
TH02640,,COMPACTOR,CP-972D2,Soil Compaction,EXPERT,14.9,CLAY,1.6,4530.6,MOUNTAINOUS,25.9,26.0,RAINY,25.9,4.7,1638.0,1793.0,4.2,0.095,35.6,1280.0,145.4,266.5
TH02641,,WHEEL_LOADER,WL-140XE,Hauling,EXPERT,23.6,CRUSHED_STONE,1.7,726.4,UNEVEN,0.0,16.9,SUNNY,17.3,0.0,7375.0,3111.0,8.1,0.096,31.8,1875.0,457.9,707.7
TH02642,,DOZER,DZ-349D,Demolition,INTERMEDIATE,3.9,ASPHALT_MILLINGS,1.4,542.5,ROLLING,4.2,12.6,RAINY,25.9,4.4,921.0,579.0,10.1,0.184,85.9,1558.0,220.3,354.9
TH02643,,MOTOR_GRADER,MG-160D,Grading,BEGINNER,1.8,ASPHALT_MILLINGS,1.4,2474.2,UNEVEN,3.6,3.0,SUNNY,37.2,0.0,6768.0,172.0,7.7,0.21,87.2,1842.0,147.7,155.5
TH02644,,WHEEL_LOADER,WL-336,Material Loading,BEGINNER,2.0,ROCK_FILL,2.2,1730.4,ROLLING,10.3,39.2,STORM,19.1,14.7,173.0,2040.0,7.7,0.275,42.3,1491.0,528.7,1916.0
TH02645,,BACKHOE_LOADER,BL-390D2,Grading,INTERMEDIATE,6.3,ASPHALT_MILLINGS,1.4,4348.3,UNEVEN,1.5,15.6,WINDY,18.4,0.0,7874.0,135.0,4.2,0.176,74.6,1429.0,427.0,540.9
TH02646,,EXCAVATOR,EX-320GC,Soil Compaction,EXPERT,11.3,ROCK_FILL,2.2,3713.6,MOUNTAINOUS,6.7,17.5,SUNNY,20.8,0.0,6369.0,3352.0,5.3,0.129,35.3,1567.0,216.2,255.7
TH02647,,MOTOR_GRADER,MG-986XE,Grading,BEGINNER,1.4,ASPHALT_MILLINGS,1.4,1428.7,FLAT,2.2,4.9,FOG,31.4,0.5,168.0,2950.0,12.4,0.069,58.4,1938.0,89.0,133.8
TH02648,,DOZER,DZ-986GC,Demolition,BEGINNER,1.5,TOPSOIL,1.3,481.9,FLAT,0.0,3.0,SUNNY,16.2,0.0,6187.0,718.0,12.0,0.281,42.9,1213.0,249.6,327.4
TH02649,,ARTICULATED_HAULER,AH-336,Trenching,EXPERT,14.9,CLAY,1.6,394.6,UNEVEN,4.2,20.5,RAINY,30.6,1.4,651.0,3295.0,8.5,0.058,31.5,1223.0,353.9,584.1
TH02650,,WHEEL_LOADER,WL-972XE,Material Loading,INTERMEDIATE,3.9,CLAY,1.6,1084.2,FLAT,0.0,23.7,RAINY,26.5,7.1,920.0,2403.0,14.4,0.176,88.6,1226.0,267.1,487.6
TH02651,,DOZER,DZ-950D,Demolition,EXPERT,14.9,ASPHALT_MILLINGS,1.4,1079.4,MOUNTAINOUS,17.6,40.9,RAINY,15.9,10.7,634.0,2746.0,1.6,0.147,83.4,1658.0,384.1,669.8
TH02652,,DOZER,DZ-972,Material Stockpiling,INTERMEDIATE,3.9,ROCK_FILL,2.2,213.1,UNEVEN,3.9,3.0,CLOUDY,31.0,0.0,7785.0,638.0,2.3,0.157,37.5,1806.0,45.2,53.2
TH02653,,MOTOR_GRADER,MG-336GC,Grading,INTERMEDIATE,7.7,CRUSHED_STONE,1.7,2767.5,FLAT,3.6,3.0,SUNNY,33.3,0.0,9395.0,2401.0,10.0,0.011,36.3,1826.0,127.1,115.4
TH02654,,EXCAVATOR,EX-950D2,Demolition,BEGINNER,2.3,GRAVEL,1.8,211.5,HILLY,13.1,9.9,SUNNY,12.8,0.0,6838.0,2779.0,3.2,0.101,61.2,1698.0,106.9,112.7
TH02655,,MOTOR_GRADER,MG-160D,Grading,INTERMEDIATE,5.5,GRAVEL,1.8,1274.0,UNEVEN,0.0,3.9,SUNNY,18.3,0.0,9552.0,3235.0,7.7,0.277,25.6,1389.0,61.5,79.9
TH02656,,WHEEL_LOADER,WL-336,Material Loading,EXPERT,23.4,ROCK_FILL,2.2,1058.8,ROLLING,12.0,11.4,SUNNY,19.1,0.0,7634.0,1359.0,7.7,0.01,63.4,1276.0,213.4,206.6
TH02657,,MOTOR_GRADER,MG-336GC,Road Preparation,INTERMEDIATE,7.0,ROCK_FILL,2.2,1516.3,FLAT,1.1,11.5,SUNNY,16.9,0.0,6736.0,2552.0,10.0,0.138,38.7,1393.0,109.2,123.1
TH02658,,DOZER,DZ-972,Material Stockpiling,EXPERT,14.9,TOPSOIL,1.3,1538.2,UNEVEN,1.0,13.2,WINDY,25.9,0.0,3628.0,2040.0,2.3,0.024,73.3,1300.0,284.2,299.6
TH02659,,BACKHOE_LOADER,BL-986GC,Trenching,INTERMEDIATE,6.3,ROCK_FILL,2.2,326.7,MOUNTAINOUS,9.1,3.0,SUNNY,23.5,0.0,8721.0,2011.0,7.3,0.188,23.3,1545.0,194.8,257.6
TH02660,,COMPACTOR,CP-972D2,Soil Compaction,EXPERT,20.5,SAND,1.5,4941.6,MOUNTAINOUS,25.5,26.4,WINDY,27.4,0.0,6694.0,1562.0,4.2,0.093,63.3,1666.0,148.2,221.7
TH02661,,EXCAVATOR,EX-950D2,Material Loading,INTERMEDIATE,6.7,GRAVEL,1.8,1876.4,HILLY,12.0,8.9,RAINY,29.9,4.5,1881.0,2541.0,3.2,0.207,76.6,1217.0,426.1,884.6
TH02662,,EXCAVATOR,EX-226D2,Road Preparation,INTERMEDIATE,5.5,ASPHALT_MILLINGS,1.4,4776.5,MOUNTAINOUS,19.6,27.5,RAINY,24.1,7.7,1563.0,2411.0,1.1,0.031,60.6,1645.0,556.9,840.8
TH02663,,DOZER,DZ-349D,Road Preparation,INTERMEDIATE,3.9,ROCK_FILL,2.2,4545.5,ROLLING,0.0,15.6,RAINY,23.6,2.2,611.0,1296.0,10.1,0.12,36.6,1297.0,337.4,491.5
TH02664,,MOTOR_GRADER,MG-986XE,Road Preparation,INTERMEDIATE,5.0,CLAY,1.6,5680.7,FLAT,1.3,14.0,CLOUDY,35.8,0.0,6318.0,1716.0,12.4,0.072,52.0,1627.0,414.6,373.0
TH02665,,WHEEL_LOADER,WL-986,Material Stockpiling,BEGINNER,1.0,ASPHALT_MILLINGS,1.4,1760.1,MOUNTAINOUS,20.2,14.0,CLOUDY,16.8,0.0,7481.0,2409.0,11.8,0.306,29.4,1339.0,486.0,1109.2
TH02666,,WHEEL_LOADER,WL-390D2,Material Loading,EXPERT,23.6,CRUSHED_STONE,1.7,1394.2,ROLLING,8.8,4.8,SUNNY,20.7,0.0,9224.0,3398.0,14.3,0.107,64.2,1176.0,284.9,371.4
TH02667,,BACKHOE_LOADER,BL-986D,Trenching,INTERMEDIATE,6.4,TOPSOIL,1.3,190.4,FLAT,4.8,6.3,SUNNY,15.3,0.0,5797.0,484.0,12.0,0.199,37.8,1441.0,111.4,128.9
TH02668,,EXCAVATOR,EX-390D2,Trenching,BEGINNER,0.5,CLAY,1.6,284.6,FLAT,6.5,13.7,RAINY,22.3,3.3,1491.0,1053.0,14.3,0.213,59.2,1387.0,224.1,466.2
TH02669,,EXCAVATOR,EX-226XE,Demolition,INTERMEDIATE,5.5,ROCK_FILL,2.2,680.5,FLAT,0.0,13.9,CLOUDY,31.3,0.0,3015.0,2658.0,13.8,0.178,78.1,1237.0,263.3,288.5
TH02670,,MOTOR_GRADER,MG-986D2,Road Preparation,BEGINNER,0.6,SAND,1.5,1480.4,HILLY,9.7,45.4,RAINY,16.6,14.9,1693.0,2725.0,11.1,0.217,41.7,1661.0,141.3,242.0
TH02671,,MOTOR_GRADER,MG-986XE,Grading,INTERMEDIATE,6.3,GRAVEL,1.8,5254.6,FLAT,1.1,30.2,RAINY,26.1,11.5,1929.0,2991.0,12.4,0.229,55.9,1391.0,242.8,363.7
TH02672,,DOZER,DZ-986D2,Material Loading,BEGINNER,0.8,CLAY,1.6,603.7,FLAT,1.7,8.6,CLOUDY,28.7,0.0,5770.0,1202.0,13.6,0.112,42.5,1251.0,339.4,380.6
TH02673,,MOTOR_GRADER,MG-986XE,Road Preparation,BEGINNER,0.8,CLAY,1.6,4417.3,FLAT,0.0,37.1,RAINY,27.2,11.3,400.0,1533.0,12.4,0.219,46.4,1441.0,431.4,789.1
TH02674,,COMPACTOR,CP-986D2,Grading,INTERMEDIATE,7.6,ASPHALT_MILLINGS,1.4,813.3,ROLLING,5.8,12.0,CLOUDY,35.8,0.0,3032.0,2264.0,8.3,0.083,60.6,1474.0,80.5,76.9
TH02675,,ARTICULATED_HAULER,AH-349D,Hauling,BEGINNER,2.3,ROCK_FILL,2.2,1292.8,ROLLING,5.2,9.7,SUNNY,24.9,0.0,6308.0,336.0,0.8,0.116,55.4,1599.0,569.2,681.7
TH02676,,BACKHOE_LOADER,BL-390D2,Trenching,INTERMEDIATE,5.0,GRAVEL,1.8,551.0,UNEVEN,2.4,6.2,CLOUDY,20.3,0.0,5906.0,1912.0,4.2,0.01,52.5,1333.0,312.6,354.8
TH02677,,MOTOR_GRADER,MG-986D2,Grading,INTERMEDIATE,7.0,SAND,1.5,5784.1,HILLY,11.4,3.8,SUNNY,27.4,0.0,7030.0,1992.0,11.1,0.084,43.4,1489.0,268.8,317.5
TH02678,,MOTOR_GRADER,MG-986D2,Road Preparation,INTERMEDIATE,5.5,ASPHALT_MILLINGS,1.4,4921.2,HILLY,7.1,45.2,RAINY,18.5,14.6,1495.0,780.0,11.1,0.173,50.2,1250.0,359.9,570.4
TH02679,,WHEEL_LOADER,WL-390,Demolition,BEGINNER,0.5,TOPSOIL,1.3,970.4,UNEVEN,0.0,3.6,CLOUDY,20.7,0.0,8909.0,2520.0,9.6,0.193,37.8,1108.0,819.7,872.0
TH02680,,BACKHOE_LOADER,BL-986D,Trenching,BEGINNER,0.5,ASPHALT_MILLINGS,1.4,291.2,FLAT,3.3,19.8,CLOUDY,20.6,0.0,6245.0,2932.0,12.0,0.051,67.9,1173.0,221.5,258.6
TH02681,,DOZER,DZ-986D2,Road Preparation,EXPERT,18.2,ROCK_FILL,2.2,4289.1,FLAT,4.6,9.7,CLOUDY,14.0,0.0,3887.0,769.0,13.6,0.19,35.6,1470.0,266.9,398.8
TH02682,,WHEEL_LOADER,WL-140XE,Material Loading,INTERMEDIATE,2.1,SAND,1.5,401.8,UNEVEN,0.6,19.0,SUNNY,29.0,0.0,8332.0,1609.0,8.1,0.096,76.9,1128.0,101.5,112.8
TH02683,,EXCAVATOR,EX-390D2,Road Preparation,BEGINNER,2.5,ASPHALT_MILLINGS,1.4,414.2,FLAT,6.3,20.9,CLOUDY,28.2,0.0,5520.0,1423.0,14.3,0.236,18.5,1450.0,68.0,89.3
TH02684,,EXCAVATOR,EX-320GC,Material Loading,INTERMEDIATE,4.6,CLAY,1.6,2157.1,MOUNTAINOUS,14.7,26.5,CLOUDY,25.5,0.0,4129.0,2184.0,5.3,0.195,71.1,1884.0,529.8,683.4
TH02685,,EXCAVATOR,EX-950D2,Trenching,INTERMEDIATE,6.8,CRUSHED_STONE,1.7,147.1,HILLY,11.6,22.4,SUNNY,23.6,0.0,8297.0,1002.0,3.2,0.01,64.2,1849.0,86.4,104.3
TH02686,,BACKHOE_LOADER,BL-390,Road Preparation,INTERMEDIATE,7.7,CLAY,1.6,5931.3,FLAT,5.3,3.0,SUNNY,27.8,0.0,9768.0,3344.0,10.5,0.01,41.7,1502.0,903.4,964.6
TH02687,,DOZER,DZ-950D,Road Preparation,EXPERT,18.2,ROCK_FILL,2.2,5335.2,MOUNTAINOUS,16.1,3.3,WINDY,22.4,0.0,5319.0,508.0,1.6,0.246,44.8,1531.0,330.9,435.9
TH02688,,BACKHOE_LOADER,BL-220GC,Material Loading,EXPERT,20.5,CLAY,1.6,1639.9,UNEVEN,2.6,8.8,SUNNY,18.6,0.0,7075.0,1609.0,3.0,0.137,74.2,1366.0,736.9,664.1
TH02689,,DOZER,DZ-160GC,Demolition,INTERMEDIATE,7.7,ROCK_FILL,2.2,494.1,MOUNTAINOUS,24.3,8.8,RAINY,29.1,2.4,941.0,2458.0,14.4,0.17,53.5,1957.0,196.5,481.0
TH02690,,EXCAVATOR,EX-972,Soil Compaction,BEGINNER,0.8,GRAVEL,1.8,3366.8,UNEVEN,3.1,23.7,SUNNY,26.0,0.0,9775.0,1174.0,7.8,0.272,52.2,1560.0,339.1,394.9
TH02691,,COMPACTOR,CP-986D2,Road Preparation,INTERMEDIATE,4.4,SAND,1.5,4267.5,ROLLING,10.8,28.5,FOG,18.6,0.1,107.0,3036.0,8.3,0.185,56.1,2008.0,305.2,518.8
TH02692,,EXCAVATOR,EX-220XE,Trenching,EXPERT,20.5,ROCK_FILL,2.2,360.9,ROLLING,2.6,6.0,RAINY,20.8,4.0,1617.0,2159.0,10.9,0.189,53.3,1453.0,179.4,287.9
TH02693,,EXCAVATOR,EX-972,Trenching,INTERMEDIATE,7.1,ROCK_FILL,2.2,406.4,UNEVEN,0.6,26.4,RAINY,17.0,5.2,1138.0,2066.0,7.8,0.138,43.3,1798.0,245.2,397.2
TH02694,,EXCAVATOR,EX-320GC,Trenching,INTERMEDIATE,7.6,ROCK_FILL,2.2,279.4,MOUNTAINOUS,12.9,3.0,CLOUDY,10.7,0.0,4044.0,687.0,5.3,0.118,43.0,1592.0,158.6,218.5
TH02695,,BACKHOE_LOADER,BL-986D,Trenching,BEGINNER,0.8,CLAY,1.6,354.8,FLAT,0.0,25.6,RAINY,30.3,2.1,480.0,1346.0,12.0,0.219,53.4,1522.0,278.4,471.9
TH02696,,EXCAVATOR,EX-950D2,Trenching,INTERMEDIATE,7.6,CLAY,1.6,59.1,HILLY,14.3,6.3,WINDY,24.0,0.0,3635.0,2534.0,3.2,0.132,51.8,1249.0,34.6,42.2
TH02697,,ARTICULATED_HAULER,AH-226D,Hauling,EXPERT,19.9,SAND,1.5,1923.6,ROLLING,8.1,8.3,SUNNY,23.6,0.0,8277.0,144.0,2.4,0.203,34.7,1300.0,568.1,640.9
TH02698,,EXCAVATOR,EX-950D2,Earth Excavation,INTERMEDIATE,7.6,ASPHALT_MILLINGS,1.4,165.6,HILLY,9.8,8.5,SUNNY,17.6,0.0,6417.0,2556.0,3.2,0.071,80.8,2400.0,49.3,48.2
TH02699,,EXCAVATOR,EX-140GC,Demolition,INTERMEDIATE,5.5,GRAVEL,1.8,1190.8,UNEVEN,0.0,3.0,RAINY,37.6,2.8,1673.0,3063.0,5.6,0.196,71.3,1483.0,466.7,752.2
TH02700,,BACKHOE_LOADER,BL-986D,Trenching,INTERMEDIATE,3.9,ROCK_FILL,2.2,256.7,FLAT,3.7,14.6,WINDY,27.8,0.0,6736.0,1034.0,12.0,0.118,44.3,1594.0,152.6,194.8
TH02701,,DOZER,DZ-986GC,Demolition,EXPERT,14.9,TOPSOIL,1.3,476.4,FLAT,0.7,10.5,CLOUDY,29.0,0.0,3331.0,776.0,12.0,0.024,89.6,1201.0,164.9,167.5
TH02702,,ARTICULATED_HAULER,AH-120D2,Material Stockpiling,EXPERT,19.9,ASPHALT_MILLINGS,1.4,1508.6,UNEVEN,0.0,3.0,SUNNY,30.3,0.0,7020.0,1917.0,2.8,0.125,58.7,1724.0,499.3,606.7
TH02703,,WHEEL_LOADER,WL-972XE,Soil Compaction,BEGINNER,0.6,ROCK_FILL,2.2,4438.4,FLAT,0.0,39.6,STORM,26.9,12.5,214.0,1148.0,14.4,0.365,72.3,1868.0,357.9,1326.5
TH02704,,EXCAVATOR,EX-972XE,Earth Excavation,BEGINNER,0.5,CRUSHED_STONE,1.7,381.0,FLAT,5.1,3.9,SUNNY,27.6,0.0,6532.0,399.0,3.7,0.369,57.6,1601.0,149.7,171.1
TH02705,,MOTOR_GRADER,MG-220D2,Soil Compaction,INTERMEDIATE,3.9,ROCK_FILL,2.2,4371.0,UNEVEN,2.4,13.0,RAINY,17.6,3.0,1539.0,782.0,1.2,0.199,50.1,1813.0,309.6,482.8
TH02706,,EXCAVATOR,EX-320GC,Demolition,BEGINNER,2.3,CRUSHED_STONE,1.7,622.0,MOUNTAINOUS,10.8,7.1,WINDY,24.9,0.0,3644.0,2188.0,5.3,0.274,72.3,1738.0,316.1,433.3
TH02707,,DOZER,DZ-986GC,Road Preparation,BEGINNER,1.4,GRAVEL,1.8,1013.6,FLAT,0.0,9.9,SUNNY,29.4,0.0,7741.0,2447.0,12.0,0.172,82.0,1544.0,93.5,115.2
TH02708,,DOZER,DZ-160GC,Road Preparation,INTERMEDIATE,7.7,TOPSOIL,1.3,1610.7,MOUNTAINOUS,18.8,7.6,SUNNY,15.1,0.0,5747.0,2553.0,14.4,0.087,67.9,1637.0,118.3,166.6
TH02709,,BACKHOE_LOADER,BL-986GC,Earth Excavation,BEGINNER,0.5,CRUSHED_STONE,1.7,145.8,ROLLING,5.8,20.3,RAINY,23.8,11.4,640.0,2386.0,10.6,0.292,80.4,1357.0,133.1,271.2
TH02710,,COMPACTOR,CP-972D2,Grading,EXPERT,22.8,CRUSHED_STONE,1.7,5889.7,MOUNTAINOUS,31.7,3.0,SUNNY,21.7,0.0,5582.0,898.0,4.2,0.042,,1716.0,460.5,725.5
TH02711,,DOZER,DZ-986GC,Material Stockpiling,INTERMEDIATE,7.6,SAND,1.5,1495.2,FLAT,0.2,24.9,RAINY,34.3,11.4,1904.0,1430.0,12.0,0.139,88.5,1971.0,306.2,493.3
TH02712,,EXCAVATOR,EX-226D2,Grading,BEGINNER,0.6,ROCK_FILL,2.2,4356.8,MOUNTAINOUS,14.4,14.5,CLOUDY,21.1,0.0,6749.0,494.0,1.1,0.256,48.4,1512.0,424.0,619.8
TH02713,,COMPACTOR,CP-972D2,Soil Compaction,INTERMEDIATE,5.5,ASPHALT_MILLINGS,1.4,2133.7,MOUNTAINOUS,23.4,35.6,RAINY,31.6,13.8,1228.0,1678.0,4.2,0.189,59.3,1593.0,79.7,129.5
TH02714,,WHEEL_LOADER,WL-986,Road Preparation,EXPERT,23.6,CLAY,1.6,4443.3,MOUNTAINOUS,15.5,10.7,SUNNY,26.5,0.0,5573.0,276.0,11.8,0.128,71.0,1371.0,446.8,552.5
TH02715,,BACKHOE_LOADER,BL-390,Trenching,BEGINNER,0.8,GRAVEL,1.8,65.5,FLAT,4.9,10.9,CLOUDY,28.9,0.0,8343.0,1145.0,10.5,0.154,39.3,1288.0,49.9,59.0
TH02716,,WHEEL_LOADER,WL-986,Material Stockpiling,INTERMEDIATE,2.6,GRAVEL,1.8,597.6,MOUNTAINOUS,19.5,8.0,SUNNY,16.7,0.0,9941.0,3183.0,11.8,0.24,49.8,1334.0,133.8,288.9
TH02717,,BACKHOE_LOADER,BL-986GC,Trenching,INTERMEDIATE,7.7,TOPSOIL,1.3,364.1,ROLLING,12.0,14.5,SUNNY,,0.0,,494.0,10.6,0.01,81.0,1602.0,205.0,225.5
TH02718,,WHEEL_LOADER,WL-972XE,Trenching,INTERMEDIATE,6.4,CLAY,1.6,368.2,FLAT,4.3,3.0,SUNNY,11.9,0.0,5147.0,919.0,14.4,0.01,47.2,1418.0,362.5,367.3
TH02719,,EXCAVATOR,EX-226D2,Material Loading,INTERMEDIATE,7.6,SAND,1.5,679.1,MOUNTAINOUS,20.1,12.7,WINDY,32.0,0.0,5631.0,2378.0,1.1,0.087,73.2,1795.0,157.5,226.4
TH02720,,EXCAVATOR,EX-140GC,Trenching,BEGINNER,1.4,CLAY,1.6,415.0,UNEVEN,0.0,19.9,RAINY,15.9,5.0,828.0,3170.0,5.6,0.34,66.8,1594.0,323.8,545.8
TH02721,,MOTOR_GRADER,MG-986XE,Road Preparation,INTERMEDIATE,7.6,ASPHALT_MILLINGS,1.4,4389.1,FLAT,0.0,3.0,SUNNY,23.9,0.0,7435.0,2329.0,12.4,0.127,61.4,1387.0,327.1,350.8
TH02722,,ARTICULATED_HAULER,AH-120D2,Earth Excavation,EXPERT,23.4,SAND,1.5,767.5,UNEVEN,2.7,7.3,CLOUDY,21.8,0.0,6920.0,1350.0,2.8,0.09,33.0,1725.0,330.5,306.2
TH02723,,EXCAVATOR,EX-226XE,Demolition,BEGINNER,0.6,GRAVEL,1.8,1218.8,FLAT,2.7,16.1,SUNNY,29.3,0.0,8741.0,656.0,13.8,0.311,87.0,1678.0,634.9,713.8
TH02724,,BACKHOE_LOADER,BL-390D2,Trenching,BEGINNER,2.0,GRAVEL,1.8,526.9,UNEVEN,0.0,41.9,RAINY,24.6,14.1,1190.0,827.0,4.2,0.218,43.6,1810.0,385.2,631.6
TH02725,,MOTOR_GRADER,MG-390D2,Grading,BEGINNER,1.4,CLAY,1.6,2714.1,FLAT,0.9,24.1,SUNNY,30.6,0.0,9474.0,1180.0,8.3,0.204,45.4,1644.0,170.2,202.8
TH02726,,EXCAVATOR,EX-226XE,Earth Excavation,INTERMEDIATE,6.3,CLAY,1.6,1283.3,FLAT,0.0,7.6,FOG,13.8,0.7,166.0,2116.0,13.8,0.308,63.8,1422.0,386.0,739.5
TH02727,,EXCAVATOR,EX-950D2,Material Loading,EXPERT,7.3,CLAY,1.6,452.0,HILLY,14.8,35.4,RAINY,,14.0,745.0,364.0,3.2,0.01,34.9,2307.0,91.1,154.5
TH02728,,COMPACTOR,CP-950,Road Preparation,INTERMEDIATE,5.5,TOPSOIL,1.3,5460.7,ROLLING,7.4,8.7,SUNNY,22.5,0.0,8657.0,1484.0,3.4,0.035,61.3,1393.0,382.0,391.7
TH02729,,MOTOR_GRADER,MG-220D2,Grading,INTERMEDIATE,3.6,GRAVEL,1.8,664.1,UNEVEN,3.3,25.2,SUNNY,11.8,0.0,5975.0,3027.0,1.2,0.19,47.0,2077.0,33.4,35.3
TH02730,,WHEEL_LOADER,WL-972XE,Soil Compaction,EXPERT,7.3,TOPSOIL,1.3,1781.0,FLAT,1.2,3.0,SUNNY,34.8,0.0,9267.0,1550.0,14.4,0.01,73.5,1902.0,106.4,96.7
TH02731,,WHEEL_LOADER,WL-140XE,Demolition,INTERMEDIATE,6.4,CLAY,1.6,806.7,UNEVEN,0.0,51.1,STORM,21.5,16.9,303.0,1731.0,8.1,0.105,66.0,1467.0,511.8,1344.4
TH02732,,BACKHOE_LOADER,BL-986GC,Trenching,BEGINNER,1.0,CLAY,1.6,396.1,MOUNTAINOUS,11.6,24.2,SUNNY,11.3,0.0,6500.0,1674.0,7.3,0.185,24.6,1355.0,304.8,319.7
TH02733,,WHEEL_LOADER,WL-390D2,Material Loading,INTERMEDIATE,7.7,CLAY,1.6,2113.0,ROLLING,7.1,12.6,FOG,16.9,0.8,162.0,3275.0,14.3,0.171,48.2,1754.0,509.5,955.8
TH02734,,BACKHOE_LOADER,BL-220GC,Material Stockpiling,INTERMEDIATE,7.6,TOPSOIL,1.3,284.9,UNEVEN,0.0,9.6,SUNNY,31.8,0.0,6116.0,777.0,3.0,0.01,63.6,1826.0,115.9,125.7
TH02735,,WHEEL_LOADER,WL-390D2,Material Stockpiling,INTERMEDIATE,7.0,ROCK_FILL,2.2,1217.3,ROLLING,9.6,14.4,SUNNY,21.5,0.0,7611.0,3134.0,14.3,0.177,81.3,1286.0,247.6,607.3
TH02736,,MOTOR_GRADER,MG-220D2,Road Preparation,INTERMEDIATE,2.6,ASPHALT_MILLINGS,1.4,5944.5,UNEVEN,2.5,86.0,STORM,33.6,34.0,370.0,1027.0,1.2,0.26,49.0,1877.0,436.4,1732.2
TH02737,,ARTICULATED_HAULER,AH-336,Hauling,INTERMEDIATE,4.4,TOPSOIL,1.3,707.0,UNEVEN,0.0,21.1,FOG,46.9,0.3,131.0,3310.0,8.5,0.215,71.8,1621.0,243.7,577.4
TH02738,,WHEEL_LOADER,WL-390D2,Material Loading,INTERMEDIATE,3.9,CRUSHED_STONE,1.7,2048.6,ROLLING,10.0,24.7,RAINY,21.3,11.5,787.0,401.0,14.3,0.179,49.6,1649.0,509.3,916.4
TH02739,,WHEEL_LOADER,WL-986,Material Stockpiling,BEGINNER,1.0,TOPSOIL,1.3,1034.0,MOUNTAINOUS,23.4,22.0,FOG,18.6,0.9,127.0,3156.0,11.8,0.281,37.0,1323.0,288.8,1119.8
TH02740,,COMPACTOR,CP-950,Road Preparation,INTERMEDIATE,7.6,SAND,1.5,2092.1,ROLLING,1.3,15.5,CLOUDY,26.5,0.0,4422.0,2376.0,3.4,0.068,52.0,1650.0,148.7,118.5
TH02741,,WHEEL_LOADER,WL-986,Hauling,EXPERT,14.9,ASPHALT_MILLINGS,1.4,2453.3,MOUNTAINOUS,20.1,12.5,CLOUDY,8.4,0.0,4137.0,85.0,11.8,0.079,37.8,1452.0,1392.7,1723.0
TH02742,,EXCAVATOR,EX-390D2,Grading,BEGINNER,1.5,CLAY,1.6,4083.4,FLAT,1.9,20.3,RAINY,39.1,1.8,1926.0,2657.0,14.3,0.283,61.7,1173.0,507.1,861.7
TH02743,,ARTICULATED_HAULER,AH-349D,Hauling,BEGINNER,1.8,CRUSHED_STONE,1.7,1845.5,ROLLING,11.2,8.5,WINDY,19.5,0.0,5441.0,2416.0,0.8,0.141,93.5,2131.0,837.5,1501.7
TH02744,,BACKHOE_LOADER,BL-986GC,Trenching,EXPERT,23.4,TOPSOIL,1.3,334.9,ROLLING,7.2,13.9,CLOUDY,29.2,0.0,8165.0,2316.0,10.6,0.047,57.3,1378.0,167.6,171.0
TH02745,,COMPACTOR,CP-950,Road Preparation,BEGINNER,2.3,CRUSHED_STONE,1.7,3457.8,ROLLING,6.7,15.8,SUNNY,39.2,0.0,5075.0,1071.0,3.4,0.21,67.6,1780.0,309.8,378.8
TH02746,,DOZER,DZ-986GC,Demolition,BEGINNER,0.5,ROCK_FILL,2.2,271.8,FLAT,0.0,31.6,CLOUDY,23.7,0.0,3420.0,3466.0,12.0,0.198,65.6,1282.0,140.1,144.5
TH02747,,ARTICULATED_HAULER,AH-226D,Demolition,EXPERT,12.7,ASPHALT_MILLINGS,1.4,1094.9,ROLLING,13.2,17.3,SUNNY,25.3,0.0,6616.0,838.0,2.4,0.089,63.9,1374.0,742.4,730.0
TH02748,,EXCAVATOR,EX-390D2,Trenching,INTERMEDIATE,7.0,CRUSHED_STONE,1.7,595.9,FLAT,0.2,6.0,SUNNY,23.1,0.0,6327.0,1734.0,14.3,0.205,41.5,1587.0,355.9,379.2
TH02749,,WHEEL_LOADER,WL-986,Material Loading,INTERMEDIATE,6.3,GRAVEL,1.8,1077.1,MOUNTAINOUS,21.0,3.0,CLOUDY,26.6,0.0,8683.0,3029.0,11.8,0.2,35.1,1226.0,247.3,404.3
TH02750,,WHEEL_LOADER,WL-972XE,Material Stockpiling,EXPERT,23.4,ASPHALT_MILLINGS,1.4,466.1,FLAT,4.6,25.2,SUNNY,18.5,0.0,9328.0,2391.0,14.4,0.096,87.4,1415.0,84.9,120.5
TH02751,,BACKHOE_LOADER,BL-986D,Trenching,BEGINNER,0.5,TOPSOIL,1.3,468.5,FLAT,3.6,51.0,STORM,17.7,20.2,258.0,1159.0,12.0,0.26,69.4,1374.0,368.4,1124.0
TH02752,,WHEEL_LOADER,WL-336,Earth Excavation,BEGINNER,2.3,ASPHALT_MILLINGS,1.4,563.6,ROLLING,9.4,10.3,SUNNY,34.0,0.0,8174.0,1626.0,7.7,0.225,92.6,1664.0,428.7,521.7
TH02753,,MOTOR_GRADER,MG-986XE,Grading,EXPERT,23.4,CRUSHED_STONE,1.7,2439.1,FLAT,6.7,13.0,RAINY,7.7,1.9,936.0,1360.0,12.4,0.085,89.7,1620.0,96.4,194.2
TH02754,,EXCAVATOR,EX-220XE,Material Loading,BEGINNER,1.5,CRUSHED_STONE,1.7,1771.8,ROLLING,4.8,9.8,WINDY,22.4,0.0,4831.0,2076.0,10.9,0.335,42.8,1424.0,543.0,929.7
TH02755,,ARTICULATED_HAULER,AH-226D,Hauling,EXPERT,17.3,CRUSHED_STONE,1.7,156.8,ROLLING,3.2,19.9,WINDY,21.5,0.0,7975.0,1459.0,2.4,0.237,72.7,1475.0,46.3,70.6
TH02756,,DOZER,DZ-972,Hauling,INTERMEDIATE,7.6,ASPHALT_MILLINGS,1.4,1157.9,UNEVEN,0.0,30.1,RAINY,26.2,10.3,1974.0,2863.0,2.3,0.195,53.6,2379.0,646.1,1338.3
TH02757,,WHEEL_LOADER,WL-390,Material Stockpiling,BEGINNER,0.6,CLAY,1.6,1520.2,UNEVEN,1.5,39.1,RAINY,22.8,12.4,853.0,506.0,9.6,0.363,79.8,2005.0,417.3,901.7
TH02758,,MOTOR_GRADER,MG-336GC,Soil Compaction,EXPERT,12.7,CRUSHED_STONE,1.7,4700.5,FLAT,2.9,18.5,CLOUDY,12.8,0.0,4438.0,1723.0,10.0,0.078,38.5,1155.0,243.7,266.3
TH02759,,WHEEL_LOADER,WL-986,Trenching,BEGINNER,0.6,CRUSHED_STONE,1.7,221.5,MOUNTAINOUS,23.6,15.6,SUNNY,25.0,0.0,8755.0,2194.0,11.8,0.164,65.2,1487.0,348.4,520.9
TH02760,,DOZER,DZ-349D,Road Preparation,EXPERT,15.9,ROCK_FILL,2.2,4535.8,ROLLING,7.8,13.4,WINDY,26.5,0.0,8548.0,1283.0,10.1,0.141,29.0,1483.0,290.9,376.3
TH02761,,EXCAVATOR,EX-320GC,Material Loading,BEGINNER,2.3,TOPSOIL,1.3,810.0,MOUNTAINOUS,11.9,35.2,RAINY,,14.7,1818.0,2845.0,5.3,0.313,69.5,1787.0,253.0,393.4
TH02762,,MOTOR_GRADER,MG-220D2,Road Preparation,INTERMEDIATE,2.7,TOPSOIL,1.3,3047.8,UNEVEN,0.0,15.2,WINDY,25.6,0.0,7954.0,852.0,1.2,0.166,57.7,1718.0,222.4,256.6
TH02763,,EXCAVATOR,EX-972,Soil Compaction,INTERMEDIATE,6.7,GRAVEL,1.8,3865.7,UNEVEN,0.0,19.9,FOG,21.4,0.0,138.0,179.0,7.8,0.027,54.3,1560.0,254.6,397.9
TH02764,,ARTICULATED_HAULER,AH-349D,Hauling,BEGINNER,0.5,CRUSHED_STONE,1.7,558.7,ROLLING,7.1,17.5,WINDY,30.5,0.0,5136.0,879.0,0.8,0.251,54.7,1698.0,262.5,334.9
TH02765,,EXCAVATOR,EX-950D2,Earth Excavation,INTERMEDIATE,6.7,TOPSOIL,1.3,604.8,HILLY,13.1,17.9,SUNNY,24.2,0.0,,3448.0,3.2,0.146,66.9,1791.0,181.9,193.5
TH02766,,MOTOR_GRADER,MG-390D2,Grading,EXPERT,17.3,TOPSOIL,1.3,5110.3,FLAT,6.2,19.7,SUNNY,29.0,0.0,6306.0,271.0,8.3,0.161,59.9,1174.0,216.3,238.6
TH02767,,BACKHOE_LOADER,BL-986GC,Trenching,INTERMEDIATE,7.6,ROCK_FILL,2.2,273.2,ROLLING,9.4,34.2,CLOUDY,28.4,0.0,4535.0,1741.0,10.6,0.158,64.8,2392.0,163.0,201.0
TH02768,,BACKHOE_LOADER,BL-986D,Trenching,INTERMEDIATE,7.0,CLAY,1.6,69.2,FLAT,0.2,3.7,CLOUDY,18.1,0.0,8559.0,2327.0,12.0,0.169,30.7,1437.0,41.0,48.2
TH02769,,EXCAVATOR,EX-972XE,Earth Excavation,INTERMEDIATE,6.8,SAND,1.5,889.0,FLAT,2.0,37.9,RAINY,28.2,12.0,1723.0,2151.0,3.7,0.01,86.4,1645.0,258.2,352.7
TH02770,,DOZER,DZ-972,Demolition,BEGINNER,1.0,ASPHALT_MILLINGS,1.4,1054.6,UNEVEN,0.0,16.2,RAINY,37.5,4.9,382.0,2627.0,2.3,0.271,63.7,1449.0,547.9,1034.8
TH02771,,COMPACTOR,CP-950,Trenching,EXPERT,7.3,GRAVEL,1.8,388.6,ROLLING,5.8,6.5,CLOUDY,41.1,0.0,8488.0,235.0,3.4,0.107,37.7,2400.0,450.8,442.1
TH02772,,ARTICULATED_HAULER,AH-336,Hauling,EXPERT,18.2,TOPSOIL,1.3,1177.2,UNEVEN,0.5,33.5,RAINY,26.1,10.2,909.0,1489.0,8.5,0.13,50.2,1336.0,361.4,652.4
TH02773,,BACKHOE_LOADER,BL-390,Trenching,INTERMEDIATE,6.4,TOPSOIL,1.3,469.2,FLAT,0.0,14.5,SUNNY,27.7,0.0,5209.0,2488.0,10.5,0.136,69.2,1646.0,275.4,294.4
TH02774,,MOTOR_GRADER,MG-336GC,Road Preparation,INTERMEDIATE,7.1,GRAVEL,1.8,3686.8,FLAT,9.1,3.0,SUNNY,28.9,0.0,7905.0,2332.0,10.0,0.159,63.4,1179.0,255.9,311.0
TH02775,,COMPACTOR,CP-986D2,Road Preparation,BEGINNER,0.6,ROCK_FILL,2.2,5603.1,ROLLING,7.2,14.8,CLOUDY,25.6,0.0,3055.0,2513.0,8.3,0.349,68.8,1404.0,549.2,607.0
TH02776,,MOTOR_GRADER,MG-986XE,Road Preparation,INTERMEDIATE,6.7,CRUSHED_STONE,1.7,3531.1,FLAT,2.9,10.8,CLOUDY,20.7,0.0,6899.0,2666.0,12.4,0.124,69.9,1422.0,260.2,277.2
TH02777,,BACKHOE_LOADER,BL-390D2,Trenching,INTERMEDIATE,5.8,ROCK_FILL,2.2,231.2,UNEVEN,0.0,51.7,RAINY,,13.1,796.0,1853.0,4.2,0.071,,1522.0,130.9,234.2
TH02778,,EXCAVATOR,EX-972XE,Material Stockpiling,BEGINNER,1.0,GRAVEL,1.8,1551.0,FLAT,0.2,3.0,FOG,32.5,0.8,178.0,2187.0,3.7,0.172,,1149.0,823.1,1721.3
TH02779,,BACKHOE_LOADER,BL-986D,Trenching,EXPERT,20.5,CRUSHED_STONE,1.7,582.0,FLAT,1.0,15.9,SUNNY,27.5,0.0,7386.0,1467.0,12.0,0.208,,1435.0,295.3,365.2
TH02780,,COMPACTOR,CP-986D2,Road Preparation,EXPERT,17.3,GRAVEL,1.8,1270.8,ROLLING,5.8,16.1,SUNNY,39.2,0.0,6810.0,259.0,8.3,0.07,61.7,1296.0,78.3,87.1
TH02781,,ARTICULATED_HAULER,AH-349D,Hauling,INTERMEDIATE,6.3,ROCK_FILL,2.2,1530.5,ROLLING,5.9,22.1,SUNNY,,0.0,9202.0,2729.0,0.8,0.259,31.2,1415.0,525.2,1064.6
TH02782,,BACKHOE_LOADER,BL-390D2,Trenching,EXPERT,22.8,ROCK_FILL,2.2,66.0,UNEVEN,4.8,26.8,SUNNY,11.0,0.0,6933.0,2385.0,4.2,0.135,40.8,1629.0,32.8,35.9
TH02783,,MOTOR_GRADER,MG-986XE,Grading,EXPERT,20.5,TOPSOIL,1.3,639.8,FLAT,0.0,17.5,SUNNY,30.6,0.0,5963.0,1740.0,12.4,0.201,69.8,1909.0,26.2,26.7
TH02784,,WHEEL_LOADER,WL-972XE,Material Loading,BEGINNER,2.3,ROCK_FILL,2.2,1660.9,FLAT,1.0,6.0,SUNNY,29.0,0.0,8378.0,497.0,14.4,0.138,67.4,1499.0,506.6,671.1
TH02785,,EXCAVATOR,EX-220XE,Trenching,INTERMEDIATE,7.7,CLAY,1.6,321.7,ROLLING,4.7,40.4,RAINY,26.1,12.2,1577.0,2219.0,10.9,0.01,33.8,2065.0,182.5,320.8
TH02786,,EXCAVATOR,EX-320GC,Earth Excavation,BEGINNER,0.6,ROCK_FILL,2.2,1075.1,MOUNTAINOUS,6.2,13.5,WINDY,34.5,0.0,8853.0,3213.0,5.3,0.198,71.2,1517.0,417.7,524.2
TH02787,,DOZER,DZ-972,Earth Excavation,INTERMEDIATE,5.5,CRUSHED_STONE,1.7,521.9,UNEVEN,0.0,15.2,CLOUDY,31.3,0.0,8854.0,2233.0,2.3,0.238,93.2,1338.0,259.2,270.2
TH02788,,EXCAVATOR,EX-950D2,Material Stockpiling,BEGINNER,1.0,CRUSHED_STONE,1.7,1305.2,HILLY,10.3,18.7,RAINY,16.9,2.6,1971.0,2134.0,3.2,0.304,47.6,1367.0,589.3,1457.7
TH02789,,MOTOR_GRADER,MG-986D2,Road Preparation,BEGINNER,1.4,CLAY,1.6,984.3,HILLY,15.0,19.1,CLOUDY,19.4,0.0,4534.0,1555.0,11.1,0.268,40.4,1616.0,94.0,140.7
TH02790,,EXCAVATOR,EX-972XE,Material Stockpiling,INTERMEDIATE,2.7,SAND,1.5,1182.6,FLAT,0.0,9.1,SUNNY,34.8,0.0,8266.0,1455.0,3.7,0.098,70.0,2007.0,594.1,613.2
TH02791,,DOZER,DZ-349D,Road Preparation,BEGINNER,2.0,ASPHALT_MILLINGS,1.4,1091.7,ROLLING,8.6,3.6,SUNNY,34.4,0.0,9337.0,2092.0,10.1,0.102,56.8,1446.0,103.4,107.2
TH02792,,EXCAVATOR,EX-226XE,Trenching,INTERMEDIATE,6.8,CLAY,1.6,462.8,FLAT,0.5,13.6,CLOUDY,25.2,0.0,7125.0,653.0,13.8,0.01,76.2,1714.0,276.3,293.4
TH02793,,WHEEL_LOADER,WL-140XE,Earth Excavation,INTERMEDIATE,3.6,CLAY,1.6,798.0,UNEVEN,0.0,14.3,SUNNY,32.1,0.0,6220.0,2780.0,8.1,0.239,88.6,1727.0,416.0,424.1
TH02794,,EXCAVATOR,EX-972,Trenching,EXPERT,23.4,CRUSHED_STONE,1.7,200.4,UNEVEN,0.0,15.7,CLOUDY,31.9,0.0,3542.0,3064.0,7.8,0.226,24.5,1644.0,103.4,124.0
TH02795,,BACKHOE_LOADER,BL-390D2,Trenching,INTERMEDIATE,6.3,CLAY,1.6,180.1,UNEVEN,0.5,19.4,RAINY,15.8,8.6,1217.0,2951.0,4.2,0.216,57.5,1516.0,107.5,169.4
TH02796,,WHEEL_LOADER,WL-390,Material Loading,EXPERT,23.4,TOPSOIL,1.3,140.1,UNEVEN,4.2,7.4,WINDY,25.8,0.0,5265.0,844.0,9.6,0.103,63.3,1318.0,27.5,34.2
TH02797,,WHEEL_LOADER,WL-972XE,Hauling,INTERMEDIATE,5.8,ASPHALT_MILLINGS,1.4,939.8,FLAT,0.4,12.5,CLOUDY,20.1,0.0,4442.0,1078.0,14.4,0.112,40.2,1846.0,510.1,523.7
TH02798,,ARTICULATED_HAULER,AH-140D2,Hauling,INTERMEDIATE,6.8,CLAY,1.6,525.1,ROLLING,6.4,8.7,CLOUDY,33.4,0.0,5790.0,753.0,7.4,0.014,38.3,1748.0,177.2,195.1
TH02799,,ARTICULATED_HAULER,AH-226D,Earth Excavation,INTERMEDIATE,5.5,CLAY,1.6,1140.2,ROLLING,1.9,19.2,RAINY,19.4,6.7,1669.0,244.0,2.4,0.105,38.1,1944.0,728.4,862.3
TH02800,,DOZER,DZ-349D,Hauling,INTERMEDIATE,7.1,GRAVEL,1.8,2010.8,ROLLING,8.4,11.2,SUNNY,24.4,0.0,6894.0,3052.0,10.1,0.129,59.7,1255.0,1270.9,1952.7
TH02801,,EXCAVATOR,EX-972,Earth Excavation,INTERMEDIATE,7.1,ROCK_FILL,2.2,959.1,UNEVEN,4.0,13.1,SUNNY,29.6,0.0,8550.0,474.0,7.8,0.143,50.3,1672.0,271.8,325.2
TH02802,,COMPACTOR,CP-950,Material Stockpiling,INTERMEDIATE,2.6,TOPSOIL,1.3,118.2,ROLLING,10.1,11.5,SUNNY,27.3,0.0,6444.0,2567.0,3.4,0.211,69.3,1747.0,52.6,80.6
TH02803,,EXCAVATOR,EX-972,Earth Excavation,BEGINNER,0.5,GRAVEL,1.8,963.8,UNEVEN,0.0,3.0,SUNNY,23.7,0.0,5828.0,1945.0,7.8,0.339,51.1,1822.0,391.5,455.0
TH02804,,EXCAVATOR,EX-972,Earth Excavation,INTERMEDIATE,5.8,CLAY,1.6,113.4,UNEVEN,0.0,12.1,SUNNY,17.7,0.0,8385.0,1805.0,7.8,0.01,26.8,1487.0,32.9,31.1
TH02805,,DOZER,DZ-986GC,Material Stockpiling,INTERMEDIATE,7.1,ROCK_FILL,2.2,586.6,FLAT,0.0,3.0,SUNNY,24.8,0.0,8738.0,791.0,12.0,0.236,17.5,1547.0,124.6,164.5
TH02806,,DOZER,DZ-972,Material Stockpiling,BEGINNER,2.3,TOPSOIL,1.3,1531.6,UNEVEN,0.0,3.0,SUNNY,24.3,0.0,6081.0,2146.0,2.3,0.212,55.0,1514.0,424.9,559.1
TH02807,,ARTICULATED_HAULER,AH-120D2,Hauling,BEGINNER,2.3,SAND,1.5,1608.6,UNEVEN,2.1,7.6,SUNNY,36.0,0.0,9314.0,1137.0,2.8,0.173,59.5,1623.0,719.3,812.3
TH02808,,EXCAVATOR,EX-972XE,Demolition,BEGINNER,1.4,TOPSOIL,1.3,268.6,FLAT,1.1,5.9,SUNNY,23.5,0.0,7271.0,3276.0,3.7,0.296,87.1,1704.0,136.2,144.2
TH02809,,WHEEL_LOADER,WL-390,Material Loading,EXPERT,15.9,TOPSOIL,1.3,176.6,UNEVEN,5.4,16.7,SUNNY,24.5,0.0,6890.0,454.0,9.6,0.01,53.3,1660.0,35.3,36.0
TH02810,,MOTOR_GRADER,MG-336GC,Road Preparation,BEGINNER,0.8,CRUSHED_STONE,1.7,5521.6,FLAT,2.1,8.1,RAINY,30.1,8.6,1405.0,2483.0,10.0,0.239,44.0,1496.0,538.7,871.5
TH02811,,ARTICULATED_HAULER,AH-140D2,Demolition,INTERMEDIATE,7.6,TOPSOIL,1.3,1265.2,ROLLING,0.0,3.0,SUNNY,24.3,0.0,9835.0,1895.0,7.4,0.068,67.3,1489.0,884.8,831.7
TH02812,,EXCAVATOR,EX-972XE,Road Preparation,INTERMEDIATE,5.5,CLAY,1.6,4298.9,FLAT,0.0,11.7,CLOUDY,25.0,0.0,7722.0,669.0,3.7,0.076,51.2,1963.0,519.9,504.1
TH02813,,EXCAVATOR,EX-320GC,Earth Excavation,INTERMEDIATE,7.7,CLAY,1.6,483.2,MOUNTAINOUS,15.6,75.9,STORM,18.4,30.1,121.0,3190.0,5.3,0.058,86.5,1366.0,142.1,491.1
TH02814,,ARTICULATED_HAULER,AH-336,Material Loading,INTERMEDIATE,6.3,CRUSHED_STONE,1.7,2108.8,UNEVEN,2.7,5.5,CLOUDY,11.1,0.0,3188.0,2150.0,8.5,0.244,54.3,1102.0,1001.7,1292.4
TH02815,,ARTICULATED_HAULER,AH-120D2,Hauling,INTERMEDIATE,5.0,SAND,1.5,2217.3,UNEVEN,0.8,15.6,SUNNY,34.5,0.0,6787.0,159.0,2.8,0.032,46.0,1680.0,787.1,766.9
TH02816,,BACKHOE_LOADER,BL-390,Trenching,INTERMEDIATE,6.3,SAND,1.5,146.0,FLAT,1.6,8.9,CLOUDY,21.9,0.0,4360.0,1030.0,10.5,0.219,15.9,1558.0,87.2,89.0
TH02817,,DOZER,DZ-986GC,Material Stockpiling,INTERMEDIATE,3.9,ASPHALT_MILLINGS,1.4,2252.4,FLAT,4.5,6.6,CLOUDY,28.6,0.0,7069.0,1873.0,12.0,0.084,66.6,1762.0,495.6,633.1
TH02818,,WHEEL_LOADER,WL-390D2,Material Stockpiling,INTERMEDIATE,6.7,CLAY,1.6,151.1,ROLLING,9.4,8.2,CLOUDY,23.0,0.0,5425.0,2002.0,14.3,0.109,51.3,1985.0,32.1,44.7
TH02819,,WHEEL_LOADER,WL-336,Material Stockpiling,INTERMEDIATE,7.0,ROCK_FILL,2.2,452.5,ROLLING,12.9,3.7,CLOUDY,13.3,0.0,7192.0,2777.0,7.7,0.248,51.4,1483.0,94.1,233.1
TH02820,,COMPACTOR,CP-986D2,Soil Compaction,INTERMEDIATE,6.7,SAND,1.5,2417.9,ROLLING,10.6,3.0,CLOUDY,39.1,0.0,6514.0,3388.0,8.3,0.083,37.8,1617.0,87.4,108.7
TH02821,,EXCAVATOR,EX-972,Material Loading,INTERMEDIATE,7.6,GRAVEL,1.8,1954.5,UNEVEN,0.5,13.6,SUNNY,20.7,0.0,9074.0,3165.0,7.8,0.073,,2389.0,443.0,489.2
TH02822,,BACKHOE_LOADER,BL-220GC,Grading,EXPERT,11.3,SAND,1.5,4819.7,UNEVEN,0.0,31.6,RAINY,17.5,10.2,1571.0,1046.0,3.0,0.09,20.6,1132.0,373.8,519.2
TH02823,,WHEEL_LOADER,WL-336,Earth Excavation,INTERMEDIATE,4.4,TOPSOIL,1.3,401.8,ROLLING,6.3,3.0,SUNNY,12.4,0.0,5302.0,2673.0,7.7,0.203,66.4,1938.0,197.2,249.9
TH02824,,BACKHOE_LOADER,BL-390D2,Trenching,EXPERT,17.3,ASPHALT_MILLINGS,1.4,276.8,UNEVEN,6.8,28.4,RAINY,31.7,13.4,305.0,738.0,4.2,0.237,53.8,1313.0,135.0,224.9
TH02825,,MOTOR_GRADER,MG-986XE,Soil Compaction,EXPERT,7.3,CRUSHED_STONE,1.7,5785.2,FLAT,0.0,3.6,SUNNY,14.0,0.0,9004.0,1893.0,12.4,0.128,46.5,1783.0,320.3,347.0
TH02826,,BACKHOE_LOADER,BL-390D2,Trenching,INTERMEDIATE,4.6,ASPHALT_MILLINGS,1.4,391.5,UNEVEN,3.3,15.0,SUNNY,32.9,0.0,8897.0,2583.0,4.2,0.116,51.8,1229.0,225.9,240.4
TH02827,,EXCAVATOR,EX-220XE,Earth Excavation,EXPERT,18.2,GRAVEL,1.8,583.9,ROLLING,6.1,20.4,SUNNY,27.2,0.0,6938.0,2230.0,10.9,0.116,69.0,1720.0,142.7,167.3
TH02828,,WHEEL_LOADER,WL-390,Material Loading,INTERMEDIATE,6.3,TOPSOIL,1.3,1599.0,UNEVEN,0.0,18.8,SUNNY,25.7,0.0,6515.0,1904.0,9.6,0.174,95.4,1308.0,380.0,395.1
TH02829,,BACKHOE_LOADER,BL-390D2,Trenching,BEGINNER,2.3,CRUSHED_STONE,1.7,253.3,UNEVEN,2.8,24.4,WINDY,29.2,0.0,7643.0,1384.0,4.2,0.199,49.9,1398.0,192.7,207.1
TH02830,,EXCAVATOR,EX-390D2,Demolition,INTERMEDIATE,5.5,ASPHALT_MILLINGS,1.4,127.5,FLAT,8.8,26.9,SUNNY,27.5,0.0,5664.0,2742.0,14.3,0.209,79.7,1042.0,49.5,69.1
TH02831,,DOZER,DZ-986GC,Road Preparation,INTERMEDIATE,3.9,ROCK_FILL,2.2,3094.9,FLAT,1.0,11.7,SUNNY,17.1,0.0,8823.0,2783.0,12.0,0.123,71.6,1719.0,228.5,258.9
TH02832,,MOTOR_GRADER,MG-390D2,Grading,EXPERT,23.6,CLAY,1.6,1398.6,FLAT,6.1,3.0,CLOUDY,30.8,0.0,6328.0,2418.0,8.3,0.217,73.0,1778.0,58.7,65.8
TH02833,,WHEEL_LOADER,WL-390,Material Loading,INTERMEDIATE,4.6,ASPHALT_MILLINGS,1.4,1216.5,UNEVEN,5.3,16.1,CLOUDY,25.7,0.0,4817.0,577.0,9.6,0.178,63.0,1286.0,283.0,326.3
TH02834,,EXCAVATOR,EX-336XE,Grading,BEGINNER,1.8,TOPSOIL,1.3,4849.5,UNEVEN,6.1,29.2,RAINY,19.2,11.8,963.0,1153.0,4.7,0.338,70.4,1750.0,555.0,886.9
TH02835,,ARTICULATED_HAULER,AH-349D,Demolition,INTERMEDIATE,7.1,ROCK_FILL,2.2,877.3,ROLLING,5.0,12.3,SUNNY,17.1,0.0,5554.0,1282.0,0.8,0.194,60.6,1451.0,681.9,758.9
TH02836,,ARTICULATED_HAULER,AH-140D2,Hauling,EXPERT,15.9,SAND,1.5,1134.8,ROLLING,5.0,3.0,SUNNY,17.1,0.0,7768.0,2229.0,7.4,0.033,67.9,1468.0,334.7,430.5
TH02837,,WHEEL_LOADER,WL-972XE,Material Loading,EXPERT,12.7,TOPSOIL,1.3,1730.4,FLAT,0.2,20.9,SUNNY,36.3,0.0,6430.0,1307.0,14.4,0.062,74.1,1200.0,352.4,380.8
TH02838,,EXCAVATOR,EX-390D2,Demolition,INTERMEDIATE,6.7,ASPHALT_MILLINGS,1.4,985.7,FLAT,5.3,9.2,CLOUDY,21.9,0.0,5688.0,1276.0,14.3,0.166,79.5,1654.0,397.4,460.6
TH02839,,EXCAVATOR,EX-972XE,Material Loading,EXPERT,18.2,TOPSOIL,1.3,1122.3,FLAT,0.0,37.1,STORM,33.3,9.0,363.0,925.0,3.7,0.053,34.5,1746.0,225.6,504.7
TH02840,,EXCAVATOR,EX-336XE,Trenching,BEGINNER,2.3,GRAVEL,1.8,75.6,UNEVEN,1.6,12.1,FOG,27.5,0.8,92.0,1767.0,4.7,0.11,100.0,1924.0,57.1,89.4
TH02841,,MOTOR_GRADER,MG-986D2,Road Preparation,BEGINNER,2.3,ROCK_FILL,2.2,4890.6,HILLY,14.1,8.2,SUNNY,,0.0,9379.0,1919.0,11.1,0.163,50.6,1632.0,450.1,531.9
TH02842,,BACKHOE_LOADER,BL-390,Trenching,EXPERT,23.6,CRUSHED_STONE,1.7,554.1,FLAT,4.0,10.7,CLOUDY,34.3,0.0,8333.0,1129.0,10.5,0.18,61.7,1124.0,287.6,335.6
TH02843,,WHEEL_LOADER,WL-140XE,Material Stockpiling,EXPERT,19.9,SAND,1.5,983.6,UNEVEN,5.4,15.7,SUNNY,29.1,0.0,7069.0,2327.0,8.1,0.081,75.8,1310.0,181.9,216.0
TH02844,,ARTICULATED_HAULER,AH-349D,Hauling,EXPERT,14.9,ASPHALT_MILLINGS,1.4,1290.4,ROLLING,12.1,9.9,CLOUDY,32.9,0.0,8911.0,3148.0,0.8,0.036,55.9,1400.0,388.0,639.2
TH02845,,EXCAVATOR,EX-390D2,Material Loading,INTERMEDIATE,7.6,SAND,1.5,2284.5,FLAT,6.9,8.0,CLOUDY,30.2,0.0,6465.0,3215.0,14.3,0.145,47.3,1346.0,559.5,633.6
TH02846,,MOTOR_GRADER,MG-986D2,Trenching,INTERMEDIATE,6.4,TOPSOIL,1.3,362.8,HILLY,13.9,3.0,CLOUDY,15.7,0.0,5525.0,3171.0,11.1,0.085,68.0,1538.0,344.3,458.0
TH02847,,DOZER,DZ-986GC,Road Preparation,BEGINNER,0.8,ASPHALT_MILLINGS,1.4,1029.8,FLAT,0.0,11.2,SUNNY,23.8,0.0,5750.0,1318.0,12.0,0.189,69.0,1303.0,100.5,104.6
TH02848,,MOTOR_GRADER,MG-986D2,Grading,INTERMEDIATE,3.6,GRAVEL,1.8,4746.9,HILLY,12.8,13.3,CLOUDY,30.6,0.0,6926.0,2602.0,11.1,0.207,54.5,1480.0,227.3,289.1
TH02849,,BACKHOE_LOADER,BL-220GC,Demolition,INTERMEDIATE,7.7,ASPHALT_MILLINGS,1.4,364.5,UNEVEN,1.0,37.0,RAINY,22.1,10.2,336.0,3450.0,3.0,0.21,56.3,1715.0,223.3,373.7
TH02850,,DOZER,DZ-160GC,Material Stockpiling,EXPERT,7.3,SAND,1.5,156.8,MOUNTAINOUS,16.7,17.7,SUNNY,27.2,0.0,7287.0,1571.0,14.4,0.01,69.0,2032.0,27.6,44.8
TH02851,,ARTICULATED_HAULER,AH-336,Hauling,INTERMEDIATE,7.7,TOPSOIL,1.3,521.2,UNEVEN,0.2,3.0,SUNNY,24.6,0.0,9825.0,2246.0,8.5,0.029,67.7,1664.0,184.9,215.2
TH02852,,EXCAVATOR,EX-972,Earth Excavation,INTERMEDIATE,3.6,ROCK_FILL,2.2,1163.2,UNEVEN,0.7,6.9,CLOUDY,26.6,0.0,3618.0,1147.0,7.8,0.149,64.6,1523.0,350.7,388.4
TH02853,,ARTICULATED_HAULER,AH-349D,Hauling,INTERMEDIATE,5.0,SAND,1.5,982.3,ROLLING,11.2,5.6,CLOUDY,25.2,0.0,8767.0,3131.0,0.8,0.065,63.5,1670.0,324.7,607.2
TH02854,,EXCAVATOR,EX-226D2,Earth Excavation,BEGINNER,2.3,GRAVEL,1.8,429.5,MOUNTAINOUS,21.0,3.0,SUNNY,13.9,0.0,6431.0,432.0,1.1,0.171,55.2,1501.0,153.4,245.5
TH02855,,EXCAVATOR,EX-226D2,Trenching,BEGINNER,1.5,TOPSOIL,1.3,331.2,MOUNTAINOUS,14.2,3.8,SUNNY,22.6,0.0,8135.0,1919.0,1.1,0.241,63.5,1316.0,248.1,347.5
TH02856,,DOZER,DZ-986D2,Demolition,BEGINNER,1.8,TOPSOIL,1.3,463.9,FLAT,6.4,75.8,STORM,12.9,33.5,165.0,1916.0,13.6,0.32,71.8,1549.0,237.3,895.6
TH02857,,MOTOR_GRADER,MG-336GC,Road Preparation,INTERMEDIATE,5.5,CRUSHED_STONE,1.7,2448.2,FLAT,0.6,20.7,SUNNY,34.7,0.0,6495.0,817.0,10.0,0.12,47.1,1492.0,181.3,172.8
TH02858,,WHEEL_LOADER,WL-986,Material Stockpiling,EXPERT,12.7,ASPHALT_MILLINGS,1.4,1047.5,MOUNTAINOUS,18.2,22.4,FOG,26.7,0.0,181.0,264.0,11.8,0.01,57.2,1604.0,196.4,404.7
TH02859,,COMPACTOR,CP-972D2,Road Preparation,BEGINNER,0.6,ASPHALT_MILLINGS,1.4,1261.7,MOUNTAINOUS,32.0,35.1,RAINY,8.5,11.8,772.0,416.0,4.2,0.171,61.4,1754.0,124.7,315.7
TH02860,,MOTOR_GRADER,MG-336GC,Road Preparation,EXPERT,18.2,ASPHALT_MILLINGS,1.4,715.7,FLAT,2.5,10.8,WINDY,21.0,0.0,7714.0,429.0,10.0,0.092,31.5,1377.0,43.9,51.6
TH02861,,MOTOR_GRADER,MG-986D2,Grading,INTERMEDIATE,6.7,CLAY,1.6,1121.0,HILLY,3.6,24.8,SUNNY,23.5,0.0,6155.0,3451.0,11.1,0.111,35.2,1466.0,52.5,56.4
TH02862,,MOTOR_GRADER,MG-336GC,Demolition,INTERMEDIATE,4.6,CLAY,1.6,842.2,FLAT,4.1,14.8,RAINY,26.2,6.5,573.0,3190.0,10.0,0.118,82.5,1578.0,601.2,964.0
TH02863,,COMPACTOR,CP-986D2,Road Preparation,INTERMEDIATE,7.0,TOPSOIL,1.3,604.6,ROLLING,8.5,6.0,CLOUDY,23.5,0.0,5836.0,616.0,8.3,0.213,27.4,1274.0,42.1,52.4
TH02864,,WHEEL_LOADER,WL-390D2,Material Loading,EXPERT,12.7,ASPHALT_MILLINGS,1.4,233.9,ROLLING,11.7,9.3,CLOUDY,21.8,0.0,6452.0,2284.0,14.3,0.1,85.3,1243.0,46.8,65.7
TH02865,,COMPACTOR,CP-972D2,Road Preparation,INTERMEDIATE,2.6,CLAY,1.6,5276.1,MOUNTAINOUS,25.2,8.6,WINDY,35.0,0.0,5320.0,1424.0,4.2,0.141,20.5,1301.0,407.2,649.6
TH02866,,ARTICULATED_HAULER,AH-336,Hauling,EXPERT,7.3,SAND,1.5,1610.6,UNEVEN,1.3,44.5,RAINY,13.6,13.0,1267.0,3422.0,8.5,0.01,72.1,1222.0,459.1,1160.4
TH02867,,BACKHOE_LOADER,BL-986D,Trenching,INTERMEDIATE,3.0,TOPSOIL,1.3,467.8,FLAT,6.5,8.1,FOG,20.8,1.0,149.0,311.0,12.0,0.123,39.8,1579.0,289.5,460.1
TH02868,,EXCAVATOR,EX-320GC,Trenching,INTERMEDIATE,4.6,ROCK_FILL,2.2,361.5,MOUNTAINOUS,12.2,17.0,RAINY,29.4,6.2,1861.0,2584.0,5.3,0.148,65.4,1483.0,217.3,307.1
TH02869,,COMPACTOR,CP-950,Road Preparation,EXPERT,23.4,GRAVEL,1.8,3283.6,ROLLING,7.0,12.2,SUNNY,19.2,0.0,6449.0,1963.0,3.4,0.097,65.9,1689.0,210.9,226.0
TH02870,,MOTOR_GRADER,MG-986D2,Grading,INTERMEDIATE,3.9,TOPSOIL,1.3,1056.9,HILLY,13.7,15.6,CLOUDY,25.5,0.0,7783.0,152.0,11.1,0.097,50.5,1762.0,50.8,65.7
TH02871,,EXCAVATOR,EX-972XE,Demolition,BEGINNER,1.5,SAND,1.5,421.8,FLAT,0.0,65.0,STORM,12.8,26.5,110.0,2824.0,3.7,0.262,55.8,1398.0,221.6,704.0
TH02872,,COMPACTOR,CP-986D2,Material Stockpiling,INTERMEDIATE,2.1,SAND,1.5,1797.3,ROLLING,7.9,4.6,CLOUDY,23.2,0.0,3018.0,2621.0,8.3,0.181,43.2,1787.0,805.4,1555.1
TH02873,,DOZER,DZ-160GC,Demolition,BEGINNER,0.8,ASPHALT_MILLINGS,1.4,345.5,MOUNTAINOUS,16.4,16.8,WINDY,15.0,0.0,8883.0,2529.0,14.4,0.226,29.8,1344.0,190.9,252.1
TH02874,,EXCAVATOR,EX-140GC,Demolition,EXPERT,23.4,SAND,1.5,955.6,UNEVEN,6.3,3.0,SUNNY,22.5,0.0,9232.0,3356.0,5.6,0.042,21.7,1464.0,319.5,339.4
TH02875,,COMPACTOR,CP-972D2,Grading,BEGINNER,0.8,TOPSOIL,1.3,5708.7,MOUNTAINOUS,27.2,3.7,SUNNY,27.0,0.0,6279.0,157.0,4.2,0.096,60.1,1244.0,675.6,988.3
TH02876,,EXCAVATOR,EX-950D2,Trenching,INTERMEDIATE,3.9,TOPSOIL,1.3,547.2,HILLY,15.1,3.0,FOG,18.4,0.0,247.0,2047.0,3.2,0.145,59.3,1215.0,319.4,580.3
TH02877,,ARTICULATED_HAULER,AH-140D2,Hauling,BEGINNER,1.5,CRUSHED_STONE,1.7,211.5,ROLLING,7.5,7.2,SUNNY,20.0,0.0,6095.0,1218.0,7.4,0.374,32.2,1459.0,91.5,133.2
TH02878,,COMPACTOR,CP-972D2,Soil Compaction,BEGINNER,1.6,ASPHALT_MILLINGS,1.4,355.5,MOUNTAINOUS,31.1,12.3,CLOUDY,24.6,0.0,6895.0,3342.0,4.2,0.171,63.3,1786.0,17.1,28.8
TH02879,,EXCAVATOR,EX-972XE,Grading,INTERMEDIATE,3.9,CRUSHED_STONE,1.7,1550.4,FLAT,0.0,20.5,CLOUDY,21.7,0.0,3432.0,1244.0,3.7,0.018,70.1,1540.0,159.8,155.6
TH02880,,COMPACTOR,CP-950,Soil Compaction,INTERMEDIATE,5.5,ASPHALT_MILLINGS,1.4,671.7,ROLLING,3.0,3.0,SUNNY,25.7,0.0,8837.0,652.0,3.4,0.1,16.3,1201.0,23.7,17.9
TH02881,,EXCAVATOR,EX-220XE,Demolition,EXPERT,17.3,SAND,1.5,1295.8,ROLLING,5.8,11.4,RAINY,31.5,3.5,961.0,1415.0,10.9,0.121,79.8,1239.0,436.3,724.3
TH02882,,BACKHOE_LOADER,BL-390D2,Road Preparation,BEGINNER,0.5,SAND,1.5,774.6,UNEVEN,2.5,19.1,WINDY,34.3,0.0,6900.0,2366.0,4.2,0.159,71.4,1667.0,122.0,147.9
TH02883,,ARTICULATED_HAULER,AH-226D,Hauling,INTERMEDIATE,3.6,ROCK_FILL,2.2,1628.6,ROLLING,6.4,3.0,SUNNY,20.9,0.0,8538.0,1375.0,2.4,0.134,100.0,1556.0,576.3,701.3
TH02884,,WHEEL_LOADER,WL-972XE,Material Loading,BEGINNER,1.0,ASPHALT_MILLINGS,1.4,523.6,FLAT,0.0,4.4,SUNNY,31.8,0.0,9734.0,971.0,14.4,0.171,49.6,1709.0,166.0,184.5
TH02885,,DOZER,DZ-160GC,Demolition,EXPERT,23.6,CRUSHED_STONE,1.7,730.0,MOUNTAINOUS,22.0,8.8,SUNNY,28.5,0.0,9045.0,3292.0,14.4,0.114,36.7,1360.0,259.8,338.0
TH02886,,BACKHOE_LOADER,BL-986D,Trenching,INTERMEDIATE,7.0,SAND,1.5,343.4,FLAT,0.8,36.6,RAINY,20.4,14.6,1822.0,1724.0,12.0,0.12,68.0,1265.0,192.3,318.2
TH02887,,DOZER,DZ-986D2,Road Preparation,EXPERT,20.5,TOPSOIL,1.3,2289.8,FLAT,4.6,22.7,SUNNY,26.5,0.0,6390.0,778.0,13.6,0.211,54.0,1306.0,137.8,184.4
TH02888,,ARTICULATED_HAULER,AH-349D,Hauling,BEGINNER,1.0,CLAY,1.6,1291.4,ROLLING,7.4,35.7,RAINY,11.5,6.9,1177.0,3478.0,0.8,0.255,61.7,1235.0,604.1,1736.6
TH02889,,BACKHOE_LOADER,BL-986GC,Trenching,BEGINNER,0.6,CLAY,1.6,584.6,ROLLING,11.4,17.8,CLOUDY,28.5,0.0,7564.0,1088.0,10.6,0.263,61.8,1016.0,474.0,687.1
TH02890,,ARTICULATED_HAULER,AH-120D2,Grading,INTERMEDIATE,5.1,ASPHALT_MILLINGS,1.4,2905.4,UNEVEN,0.0,12.6,WINDY,25.4,0.0,8764.0,1496.0,2.8,0.192,82.1,1728.0,241.3,234.0
TH02891,,EXCAVATOR,EX-390D2,Material Loading,INTERMEDIATE,7.6,ASPHALT_MILLINGS,1.4,723.3,FLAT,2.5,3.0,SUNNY,25.9,0.0,8654.0,3419.0,14.3,0.05,46.8,1448.0,167.8,170.6
TH02892,,DOZER,DZ-986GC,Demolition,BEGINNER,1.8,TOPSOIL,1.3,1147.1,FLAT,0.0,5.8,RAINY,32.7,2.2,774.0,1840.0,12.0,0.173,58.3,1930.0,580.3,972.4
TH02893,,BACKHOE_LOADER,BL-390,Trenching,EXPERT,11.3,TOPSOIL,1.3,560.0,FLAT,0.0,5.2,WINDY,17.7,0.0,5258.0,1015.0,10.5,0.106,51.4,2095.0,290.6,294.1
TH02894,,EXCAVATOR,EX-972,Trenching,INTERMEDIATE,2.6,ROCK_FILL,2.2,177.0,UNEVEN,1.1,3.3,SUNNY,25.3,0.0,9293.0,888.0,7.8,0.292,58.8,1105.0,112.7,141.0
TH02895,,EXCAVATOR,EX-320GC,Earth Excavation,EXPERT,11.3,CLAY,1.6,367.1,MOUNTAINOUS,16.9,10.7,CLOUDY,23.8,0.0,7213.0,3464.0,5.3,0.088,64.7,1974.0,95.1,109.4
TH02896,,WHEEL_LOADER,WL-390,Material Loading,BEGINNER,0.6,ROCK_FILL,2.2,1284.2,UNEVEN,0.0,22.8,SUNNY,20.0,0.0,9870.0,203.0,9.6,0.189,37.2,1488.0,416.6,467.3
TH02897,,BACKHOE_LOADER,BL-986GC,Road Preparation,EXPERT,17.3,TOPSOIL,1.3,2103.8,ROLLING,14.5,19.4,SUNNY,18.7,0.0,7540.0,251.0,10.6,0.157,36.4,1406.0,231.0,239.5
TH02898,,BACKHOE_LOADER,BL-986GC,Earth Excavation,INTERMEDIATE,5.8,ASPHALT_MILLINGS,1.4,657.2,ROLLING,9.8,18.2,SUNNY,13.9,0.0,7312.0,3053.0,10.6,0.11,37.2,2044.0,317.5,344.8
TH02899,,DOZER,DZ-950D,Soil Compaction,INTERMEDIATE,6.8,ASPHALT_MILLINGS,1.4,1503.2,MOUNTAINOUS,14.0,7.4,WINDY,21.8,0.0,8408.0,1377.0,1.6,0.034,69.0,1809.0,96.5,110.2
TH02900,,MOTOR_GRADER,MG-390D2,Road Preparation,BEGINNER,0.5,CLAY,1.6,2771.7,FLAT,5.3,38.6,STORM,15.7,9.9,83.0,2060.0,8.3,0.198,55.9,1580.0,260.0,680.1
TH02901,,ARTICULATED_HAULER,AH-226D,Hauling,INTERMEDIATE,6.8,GRAVEL,1.8,2406.6,ROLLING,7.2,4.6,SUNNY,40.9,0.0,6978.0,821.0,2.4,0.014,80.2,2149.0,844.1,864.8
TH02902,,EXCAVATOR,EX-336XE,Trenching,INTERMEDIATE,7.1,CRUSHED_STONE,1.7,185.5,UNEVEN,3.1,28.1,RAINY,28.8,6.4,1393.0,753.0,4.7,0.098,93.1,1420.0,104.1,155.6
TH02903,,EXCAVATOR,EX-972,Material Loading,BEGINNER,2.3,CLAY,1.6,2473.1,UNEVEN,0.0,16.9,SUNNY,17.0,0.0,5979.0,3072.0,7.8,0.213,84.7,1717.0,767.8,803.5
TH02904,,DOZER,DZ-349D,Trenching,EXPERT,17.3,GRAVEL,1.8,66.1,ROLLING,9.5,88.3,STORM,16.2,34.8,69.0,2762.0,10.1,0.256,72.2,1454.0,59.2,238.8
TH02905,,MOTOR_GRADER,MG-986D2,Grading,BEGINNER,1.8,ASPHALT_MILLINGS,1.4,3009.0,HILLY,12.0,41.0,STORM,10.3,9.8,390.0,1098.0,11.1,0.263,26.3,2368.0,178.7,604.2
TH02906,,WHEEL_LOADER,WL-986,Material Loading,EXPERT,14.9,ROCK_FILL,2.2,734.0,MOUNTAINOUS,19.4,31.0,SUNNY,18.5,0.0,9328.0,537.0,11.8,0.063,37.4,1481.0,155.3,205.8
TH02907,,MOTOR_GRADER,MG-390D2,Grading,BEGINNER,0.5,SAND,1.5,2805.1,FLAT,6.8,19.7,SUNNY,20.5,0.0,8393.0,3208.0,8.3,0.255,14.9,1458.0,180.0,226.2
TH02908,,MOTOR_GRADER,MG-986D2,Material Stockpiling,BEGINNER,0.6,ROCK_FILL,2.2,2125.3,HILLY,10.9,34.3,RAINY,14.9,12.3,,2603.0,11.1,0.33,81.3,1592.0,1046.3,2793.4
TH02909,,DOZER,DZ-950D,Road Preparation,INTERMEDIATE,2.1,SAND,1.5,4205.5,MOUNTAINOUS,13.5,3.0,SUNNY,34.9,0.0,8563.0,316.0,1.6,0.166,68.5,1539.0,334.9,435.2
TH02910,,COMPACTOR,CP-972D2,Earth Excavation,INTERMEDIATE,7.0,GRAVEL,1.8,562.3,MOUNTAINOUS,27.7,3.0,CLOUDY,29.7,0.0,4427.0,1879.0,4.2,0.223,76.8,1221.0,273.2,426.1
TH02911,,MOTOR_GRADER,MG-336GC,Material Loading,BEGINNER,2.3,TOPSOIL,1.3,1264.9,FLAT,0.6,26.9,RAINY,22.3,3.1,583.0,1595.0,10.0,0.246,35.3,1868.0,758.2,1400.5
TH02912,,MOTOR_GRADER,MG-336GC,Grading,INTERMEDIATE,3.6,ROCK_FILL,2.2,4783.5,FLAT,0.7,3.0,FOG,25.8,0.3,230.0,1787.0,10.0,0.111,46.4,1344.0,229.5,379.5
TH02913,,EXCAVATOR,EX-320GC,Trenching,INTERMEDIATE,7.1,CRUSHED_STONE,1.7,198.7,MOUNTAINOUS,16.0,10.5,SUNNY,22.6,0.0,9680.0,1070.0,5.3,0.259,100.0,1880.0,117.4,181.2
TH02914,,BACKHOE_LOADER,BL-986GC,Trenching,INTERMEDIATE,6.4,ROCK_FILL,2.2,198.1,ROLLING,2.1,14.8,CLOUDY,16.3,0.0,4134.0,1156.0,10.6,0.116,48.0,1279.0,118.2,136.8
TH02915,,WHEEL_LOADER,WL-336,Material Stockpiling,BEGINNER,2.3,CLAY,1.6,2373.9,ROLLING,12.8,21.0,SUNNY,14.8,0.0,7615.0,2213.0,7.7,0.257,40.0,2204.0,613.0,1177.4
TH02916,,ARTICULATED_HAULER,AH-349D,Hauling,BEGINNER,0.8,ROCK_FILL,2.2,1752.8,ROLLING,8.2,26.1,CLOUDY,44.1,0.0,6703.0,3272.0,0.8,0.123,52.6,1606.0,780.1,1641.3
TH02917,,BACKHOE_LOADER,BL-220GC,Trenching,INTERMEDIATE,2.7,CRUSHED_STONE,1.7,93.7,UNEVEN,0.4,14.6,FOG,23.7,0.8,78.0,1187.0,3.0,0.144,40.4,1720.0,59.4,87.1
TH02918,,WHEEL_LOADER,WL-140XE,Material Stockpiling,BEGINNER,1.0,ASPHALT_MILLINGS,1.4,2340.8,UNEVEN,0.0,21.0,SUNNY,20.3,0.0,8786.0,3063.0,8.1,0.251,65.5,1371.0,674.1,1191.7
TH02919,,EXCAVATOR,EX-972XE,Material Loading,INTERMEDIATE,3.9,GRAVEL,1.8,1830.6,FLAT,0.0,7.2,CLOUDY,18.4,0.0,5840.0,3327.0,3.7,0.204,57.9,1756.0,446.2,418.6
TH02920,,MOTOR_GRADER,MG-390D2,Grading,EXPERT,15.9,GRAVEL,1.8,5581.5,FLAT,2.8,3.0,CLOUDY,21.5,0.0,4149.0,1192.0,8.3,0.077,43.0,1452.0,226.0,244.5
TH02921,,MOTOR_GRADER,MG-160D,Road Preparation,INTERMEDIATE,5.5,TOPSOIL,1.3,365.4,UNEVEN,3.9,28.3,RAINY,31.1,14.1,1370.0,887.0,7.7,0.145,53.9,2062.0,26.0,41.7
TH02922,,BACKHOE_LOADER,BL-986GC,Grading,INTERMEDIATE,7.1,CRUSHED_STONE,1.7,3282.3,MOUNTAINOUS,10.8,10.6,WINDY,25.1,0.0,7922.0,584.0,7.3,0.169,77.6,1631.0,304.7,394.0
TH02923,,EXCAVATOR,EX-972,Trenching,BEGINNER,0.6,ASPHALT_MILLINGS,1.4,299.9,UNEVEN,1.2,23.0,WINDY,23.3,0.0,7935.0,184.0,7.8,0.306,71.0,1672.0,236.2,325.0
TH02924,,WHEEL_LOADER,WL-986,Material Stockpiling,INTERMEDIATE,7.1,SAND,1.5,240.6,MOUNTAINOUS,13.4,6.3,SUNNY,13.8,0.0,8915.0,1186.0,11.8,0.236,36.0,1236.0,50.7,86.5
TH02925,,MOTOR_GRADER,MG-336GC,Demolition,BEGINNER,1.5,GRAVEL,1.8,346.6,FLAT,2.6,27.1,CLOUDY,28.4,0.0,5357.0,603.0,10.0,0.302,66.4,1605.0,280.2,386.9
TH02926,,WHEEL_LOADER,WL-390D2,Material Loading,EXPERT,14.9,TOPSOIL,1.3,1259.4,ROLLING,7.7,14.5,WINDY,10.7,0.0,5851.0,2720.0,14.3,0.031,56.3,1440.0,256.9,317.0
TH02927,,DOZER,DZ-972,Earth Excavation,EXPERT,18.2,TOPSOIL,1.3,1229.3,UNEVEN,2.4,27.3,RAINY,28.5,5.9,612.0,385.0,2.3,0.159,43.6,1792.0,538.7,872.7
TH02928,,DOZER,DZ-972,Earth Excavation,INTERMEDIATE,7.7,SAND,1.5,580.1,UNEVEN,2.5,4.9,CLOUDY,14.4,0.0,4476.0,2051.0,2.3,0.139,74.0,1687.0,344.9,333.5
TH02929,,MOTOR_GRADER,MG-986XE,Grading,BEGINNER,1.4,GRAVEL,1.8,5767.4,FLAT,1.7,13.5,SUNNY,26.1,0.0,7872.0,2354.0,12.4,0.269,92.2,1137.0,368.5,404.7
TH02930,,BACKHOE_LOADER,BL-986GC,Demolition,EXPERT,7.3,SAND,1.5,115.6,ROLLING,8.8,13.9,WINDY,31.7,0.0,5058.0,1817.0,10.6,0.032,84.4,2015.0,66.7,73.0
TH02931,,WHEEL_LOADER,WL-390,Material Loading,BEGINNER,2.5,TOPSOIL,1.3,906.5,UNEVEN,1.1,3.0,SUNNY,18.7,0.0,6730.0,2598.0,9.6,0.333,23.3,1692.0,273.0,343.3
TH02932,,WHEEL_LOADER,WL-336,Hauling,EXPERT,14.9,ROCK_FILL,2.2,973.6,ROLLING,6.1,15.3,WINDY,27.6,0.0,5224.0,635.0,7.7,0.119,50.1,1921.0,634.7,871.6
TH02933,,BACKHOE_LOADER,BL-390D2,Trenching,INTERMEDIATE,5.8,SAND,1.5,92.8,UNEVEN,0.0,27.4,SUNNY,36.6,0.0,8222.0,108.0,4.2,0.083,61.9,1951.0,52.3,49.5
TH02934,,BACKHOE_LOADER,BL-220GC,Soil Compaction,BEGINNER,0.8,CLAY,1.6,5668.2,UNEVEN,1.9,51.0,RAINY,29.5,14.3,460.0,3253.0,3.0,0.261,64.5,1547.0,474.9,959.6
TH02935,,DOZER,DZ-972,Road Preparation,EXPERT,22.8,ROCK_FILL,2.2,1422.7,UNEVEN,0.2,41.8,RAINY,31.2,14.9,1564.0,3326.0,2.3,0.041,68.6,1523.0,85.1,112.3
TH02936,,DOZER,DZ-950D,Demolition,EXPERT,12.7,ASPHALT_MILLINGS,1.4,307.0,MOUNTAINOUS,9.6,12.4,SUNNY,27.5,0.0,6476.0,1983.0,1.6,0.027,68.8,1523.0,104.5,105.5
TH02937,,MOTOR_GRADER,MG-220D2,Demolition,INTERMEDIATE,6.4,ROCK_FILL,2.2,961.2,UNEVEN,1.5,11.4,WINDY,22.6,0.0,4701.0,2566.0,1.2,0.129,48.8,1537.0,777.8,898.6
TH02938,,BACKHOE_LOADER,BL-986GC,Trenching,EXPERT,7.3,ROCK_FILL,2.2,102.8,ROLLING,7.9,15.7,CLOUDY,16.7,0.0,5695.0,165.0,10.6,0.01,48.9,2400.0,50.6,61.7
TH02939,,DOZER,DZ-986D2,Material Stockpiling,INTERMEDIATE,3.9,CRUSHED_STONE,1.7,1667.3,FLAT,5.5,16.6,CLOUDY,18.4,0.0,7587.0,2747.0,13.6,0.1,25.0,1570.0,359.2,649.7
TH02940,,BACKHOE_LOADER,BL-986GC,Trenching,BEGINNER,1.5,ASPHALT_MILLINGS,1.4,92.8,MOUNTAINOUS,10.9,19.2,SUNNY,17.8,0.0,,2643.0,7.3,0.264,62.5,1449.0,71.3,88.7
TH02941,,BACKHOE_LOADER,BL-390D2,Trenching,EXPERT,14.9,CRUSHED_STONE,1.7,524.4,UNEVEN,6.4,3.0,CLOUDY,20.2,0.0,5441.0,1506.0,4.2,0.105,68.2,1375.0,270.9,298.4
TH02942,,EXCAVATOR,EX-226D2,Earth Excavation,EXPERT,23.6,CRUSHED_STONE,1.7,143.6,MOUNTAINOUS,18.2,3.0,CLOUDY,21.1,0.0,5718.0,1532.0,1.1,0.19,64.7,1371.0,35.2,51.2
TH02943,,MOTOR_GRADER,MG-986XE,Material Stockpiling,INTERMEDIATE,5.5,TOPSOIL,1.3,2295.6,FLAT,0.0,24.0,SUNNY,18.7,0.0,9309.0,1819.0,12.4,0.182,51.9,1332.0,943.4,1108.9
TH02944,,DOZER,DZ-160GC,Material Stockpiling,EXPERT,15.9,TOPSOIL,1.3,2461.5,MOUNTAINOUS,20.5,23.1,SUNNY,28.4,0.0,9968.0,463.0,14.4,0.052,46.1,1637.0,449.4,621.4
TH02945,,ARTICULATED_HAULER,AH-140D2,Hauling,EXPERT,19.9,TOPSOIL,1.3,2228.8,ROLLING,0.8,10.4,RAINY,24.2,3.1,479.0,2504.0,7.4,0.164,68.4,1367.0,637.2,1470.2
TH02946,,DOZER,DZ-950D,Material Stockpiling,BEGINNER,0.8,GRAVEL,1.8,2016.4,MOUNTAINOUS,12.0,15.7,RAINY,21.2,4.3,506.0,559.0,1.6,0.312,56.8,1050.0,580.6,1228.7
TH02947,,MOTOR_GRADER,MG-160D,Road Preparation,BEGINNER,2.3,ROCK_FILL,2.2,4232.0,UNEVEN,1.2,22.1,CLOUDY,20.1,0.0,8008.0,234.0,7.7,0.083,52.6,1532.0,383.1,379.0
TH02948,,MOTOR_GRADER,MG-390D2,Grading,BEGINNER,0.5,ASPHALT_MILLINGS,1.4,4460.2,FLAT,0.0,18.0,SUNNY,28.2,0.0,5409.0,1611.0,8.3,0.152,24.4,1669.0,294.1,327.6
TH02949,,WHEEL_LOADER,WL-140XE,Trenching,EXPERT,18.2,GRAVEL,1.8,352.9,UNEVEN,0.0,3.0,SUNNY,30.4,0.0,9740.0,2520.0,8.1,0.226,23.4,1766.0,396.3,476.6
TH02950,,DOZER,DZ-950D,Demolition,INTERMEDIATE,4.6,SAND,1.5,899.3,MOUNTAINOUS,12.0,3.0,SUNNY,28.8,0.0,8588.0,2668.0,1.6,0.128,37.4,1650.0,367.6,382.7
TH02951,,ARTICULATED_HAULER,AH-226D,Material Loading,BEGINNER,0.8,ASPHALT_MILLINGS,1.4,1365.3,ROLLING,4.6,17.9,SUNNY,12.0,0.0,6545.0,181.0,2.4,0.096,55.4,1403.0,740.2,792.1
TH02952,,DOZER,DZ-349D,Material Stockpiling,INTERMEDIATE,7.6,ROCK_FILL,2.2,2416.1,ROLLING,10.2,3.0,CLOUDY,26.1,0.0,3053.0,2061.0,10.1,0.071,29.9,2188.0,513.9,871.9
TH02953,,BACKHOE_LOADER,BL-390D2,Soil Compaction,INTERMEDIATE,5.0,SAND,1.5,3656.8,UNEVEN,2.0,28.1,CLOUDY,32.4,0.0,5733.0,1817.0,4.2,0.058,87.9,1419.0,226.4,208.0
TH02954,,DOZER,DZ-986GC,Demolition,INTERMEDIATE,7.7,CLAY,1.6,392.5,FLAT,0.0,11.6,SUNNY,15.2,0.0,6663.0,697.0,12.0,0.184,81.2,1688.0,154.2,198.4
TH02955,,MOTOR_GRADER,MG-390D2,Grading,EXPERT,23.6,GRAVEL,1.8,5797.1,FLAT,3.5,23.4,CLOUDY,12.7,0.0,3433.0,459.0,8.3,0.204,38.4,1586.0,231.2,268.6
TH02956,,EXCAVATOR,EX-220XE,Demolition,EXPERT,23.4,SAND,1.5,1320.7,ROLLING,5.0,8.4,CLOUDY,33.5,0.0,4585.0,2459.0,10.9,0.062,56.5,1145.0,466.5,502.7
TH02957,,DOZER,DZ-972,Road Preparation,BEGINNER,1.4,SAND,1.5,3012.0,UNEVEN,0.0,37.5,RAINY,37.3,9.8,1396.0,1457.0,2.3,0.239,67.6,1779.0,288.1,384.7
TH02958,,EXCAVATOR,EX-390D2,Soil Compaction,BEGINNER,2.5,CLAY,1.6,2596.7,FLAT,1.9,28.4,SUNNY,28.0,0.0,9363.0,1884.0,14.3,0.144,67.9,1336.0,207.9,211.3
TH02959,,MOTOR_GRADER,MG-390D2,Grading,INTERMEDIATE,5.8,SAND,1.5,438.1,FLAT,1.4,23.0,CLOUDY,21.5,0.0,8144.0,2995.0,8.3,0.181,47.5,1381.0,20.9,24.0
TH02960,,DOZER,DZ-972,Road Preparation,EXPERT,7.3,ASPHALT_MILLINGS,1.4,1442.9,UNEVEN,0.0,23.5,RAINY,30.3,2.6,1906.0,2120.0,2.3,0.01,29.1,2203.0,87.8,125.2
TH02961,,EXCAVATOR,EX-140GC,Material Loading,INTERMEDIATE,4.4,SAND,1.5,804.1,UNEVEN,2.0,18.5,CLOUDY,12.8,0.0,8986.0,1171.0,5.6,0.242,60.2,1678.0,195.8,242.3
TH02962,,EXCAVATOR,EX-972XE,Road Preparation,BEGINNER,0.8,GRAVEL,1.8,5176.8,FLAT,2.6,18.0,CLOUDY,33.9,0.0,8770.0,2476.0,3.7,0.147,36.6,1766.0,819.1,929.0
TH02963,,EXCAVATOR,EX-972,Demolition,INTERMEDIATE,7.7,SAND,1.5,580.1,UNEVEN,3.7,14.1,WINDY,23.8,0.0,6426.0,1906.0,7.8,0.164,60.1,1774.0,234.2,283.3
TH02964,,EXCAVATOR,EX-390D2,Demolition,EXPERT,23.4,ROCK_FILL,2.2,551.6,FLAT,5.9,13.6,SUNNY,23.3,0.0,5362.0,734.0,14.3,0.01,38.3,1453.0,183.6,224.4
TH02965,,WHEEL_LOADER,WL-390D2,Material Loading,INTERMEDIATE,4.6,SAND,1.5,583.1,ROLLING,5.8,15.7,WINDY,34.0,0.0,8554.0,1848.0,14.3,0.174,18.6,1777.0,143.6,210.5
TH02966,,WHEEL_LOADER,WL-390D2,Hauling,EXPERT,23.4,ASPHALT_MILLINGS,1.4,917.8,ROLLING,6.2,12.6,RAINY,30.1,4.9,1164.0,1262.0,14.3,0.073,62.2,1503.0,459.0,849.3
TH02967,,WHEEL_LOADER,WL-986,Material Loading,INTERMEDIATE,3.6,GRAVEL,1.8,2372.1,MOUNTAINOUS,16.4,32.8,STORM,20.6,17.3,235.0,322.0,11.8,0.157,42.9,1009.0,556.5,1842.9
TH02968,,MOTOR_GRADER,MG-390D2,Earth Excavation,EXPERT,14.9,CLAY,1.6,704.7,FLAT,7.3,4.0,WINDY,22.6,0.0,6735.0,2416.0,8.3,0.083,96.7,1768.0,279.2,344.7
TH02969,,DOZER,DZ-986GC,Demolition,EXPERT,23.6,CRUSHED_STONE,1.7,486.2,FLAT,3.9,32.2,STORM,16.1,10.2,277.0,3070.0,12.0,0.029,78.7,1505.0,166.2,411.9
TH02970,,ARTICULATED_HAULER,AH-349D,Soil Compaction,BEGINNER,0.8,GRAVEL,1.8,5796.6,ROLLING,10.0,3.6,SUNNY,22.7,0.0,6882.0,730.0,0.8,0.218,88.9,1530.0,513.9,654.0
TH02971,,ARTICULATED_HAULER,AH-336,Hauling,EXPERT,23.6,CRUSHED_STONE,1.7,2280.9,UNEVEN,0.2,13.3,CLOUDY,23.2,0.0,4334.0,165.0,8.5,0.173,42.6,1347.0,657.1,713.0
TH02972,,WHEEL_LOADER,WL-390,Material Loading,BEGINNER,2.0,SAND,1.5,935.3,UNEVEN,3.8,13.1,WINDY,26.4,0.0,3903.0,197.0,9.6,0.268,56.5,1700.0,286.8,325.7
TH02973,,EXCAVATOR,EX-390D2,Earth Excavation,INTERMEDIATE,5.5,CRUSHED_STONE,1.7,1051.5,FLAT,4.5,10.4,CLOUDY,19.6,0.0,8813.0,1977.0,14.3,0.173,45.3,1716.0,312.4,321.9
TH02974,,EXCAVATOR,EX-972,Material Loading,INTERMEDIATE,6.3,GRAVEL,1.8,279.5,UNEVEN,1.5,3.0,SUNNY,39.7,0.0,6100.0,323.0,7.8,0.177,73.9,1249.0,68.3,83.9
TH02975,,MOTOR_GRADER,MG-336GC,Road Preparation,INTERMEDIATE,5.5,SAND,1.5,4205.6,FLAT,4.5,26.6,RAINY,19.7,9.9,960.0,611.0,10.0,0.138,95.3,1588.0,304.6,514.8
TH02976,,BACKHOE_LOADER,BL-986D,Trenching,BEGINNER,0.8,CRUSHED_STONE,1.7,95.1,FLAT,0.0,69.7,STORM,4.7,20.9,217.0,2023.0,12.0,0.233,53.2,1879.0,75.5,206.6
TH02977,,ARTICULATED_HAULER,AH-120D2,Hauling,INTERMEDIATE,7.7,GRAVEL,1.8,1895.8,UNEVEN,1.7,63.9,STORM,24.2,24.4,119.0,1813.0,2.8,0.01,57.1,1684.0,641.8,2047.2
TH02978,,COMPACTOR,CP-986D2,Road Preparation,INTERMEDIATE,7.7,ASPHALT_MILLINGS,1.4,4184.9,ROLLING,0.4,3.0,CLOUDY,33.8,0.0,5581.0,1238.0,8.3,0.043,74.9,1472.0,292.9,319.2
TH02979,,ARTICULATED_HAULER,AH-336,Material Loading,INTERMEDIATE,7.7,GRAVEL,1.8,786.1,UNEVEN,0.0,3.0,SUNNY,27.7,0.0,7457.0,2171.0,8.5,0.01,41.8,1842.0,317.7,297.8
TH02980,,EXCAVATOR,EX-140GC,Demolition,INTERMEDIATE,3.9,GRAVEL,1.8,378.9,UNEVEN,1.8,19.1,SUNNY,10.1,0.0,7129.0,658.0,5.6,0.055,82.4,1423.0,147.9,161.2
TH02981,,EXCAVATOR,EX-140GC,Demolition,INTERMEDIATE,7.6,CRUSHED_STONE,1.7,398.2,UNEVEN,0.2,26.3,SUNNY,23.0,0.0,6681.0,1785.0,5.6,0.043,49.9,2226.0,152.2,129.4
TH02982,,DOZER,DZ-349D,Material Stockpiling,INTERMEDIATE,2.1,ROCK_FILL,2.2,940.2,ROLLING,4.6,3.0,CLOUDY,16.7,0.0,7633.0,231.0,10.1,0.107,64.1,2005.0,210.0,230.5
TH02983,,DOZER,DZ-986D2,Material Stockpiling,EXPERT,23.6,GRAVEL,1.8,737.9,FLAT,0.0,12.9,SUNNY,23.6,0.0,5778.0,834.0,13.6,0.135,33.8,1251.0,130.4,153.1
TH02984,,ARTICULATED_HAULER,AH-336,Hauling,BEGINNER,0.8,CLAY,1.6,1076.7,UNEVEN,0.0,20.5,SUNNY,23.8,0.0,6594.0,2075.0,8.5,0.252,89.0,1326.0,497.9,699.1
TH02985,,WHEEL_LOADER,WL-140XE,Soil Compaction,INTERMEDIATE,3.6,ASPHALT_MILLINGS,1.4,2326.1,UNEVEN,0.0,19.6,CLOUDY,18.3,0.0,3298.0,2183.0,8.1,0.224,80.9,1257.0,166.9,177.4
TH02986,,ARTICULATED_HAULER,AH-336,Hauling,INTERMEDIATE,7.6,GRAVEL,1.8,1922.7,UNEVEN,6.0,15.9,RAINY,21.2,6.6,1836.0,3302.0,8.5,0.061,95.4,2245.0,656.7,1639.9
TH02987,,ARTICULATED_HAULER,AH-336,Hauling,INTERMEDIATE,7.1,TOPSOIL,1.3,792.8,UNEVEN,0.0,11.7,SUNNY,33.4,0.0,6803.0,1408.0,8.5,0.145,73.5,1469.0,277.9,360.8
TH02988,,MOTOR_GRADER,MG-390D2,Grading,INTERMEDIATE,7.6,CLAY,1.6,4549.0,FLAT,7.0,3.0,SUNNY,27.8,0.0,5352.0,1769.0,8.3,0.019,95.1,1703.0,220.5,210.4
TH02989,,EXCAVATOR,EX-336XE,Grading,BEGINNER,1.8,ASPHALT_MILLINGS,1.4,5696.6,UNEVEN,1.2,9.7,CLOUDY,21.2,0.0,4562.0,2987.0,4.7,0.314,52.0,1913.0,578.7,685.8
TH02990,,EXCAVATOR,EX-972,Earth Excavation,BEGINNER,1.8,GRAVEL,1.8,265.0,UNEVEN,0.0,32.2,RAINY,23.5,12.2,432.0,629.0,7.8,0.362,64.2,1444.0,97.7,189.5
TH02991,,WHEEL_LOADER,WL-986,Hauling,BEGINNER,1.8,SAND,1.5,980.8,MOUNTAINOUS,19.8,28.1,SUNNY,20.9,0.0,7039.0,2224.0,11.8,0.364,41.7,1596.0,818.2,2014.5
TH02992,,BACKHOE_LOADER,BL-220GC,Road Preparation,EXPERT,23.4,CLAY,1.6,3088.7,UNEVEN,0.0,8.6,SUNNY,,0.0,7228.0,3350.0,3.0,0.01,79.6,1517.0,373.9,345.3
TH02993,,MOTOR_GRADER,MG-220D2,Grading,BEGINNER,1.5,SAND,1.5,1597.0,UNEVEN,0.0,14.4,SUNNY,16.6,0.0,9494.0,329.0,1.2,0.315,71.7,1376.0,98.4,113.6
TH02994,,DOZER,DZ-950D,Material Loading,INTERMEDIATE,7.7,ROCK_FILL,2.2,146.2,MOUNTAINOUS,12.9,10.6,SUNNY,19.7,0.0,7975.0,1998.0,1.6,0.01,46.8,2075.0,66.3,77.1
TH02995,,BACKHOE_LOADER,BL-390,Trenching,BEGINNER,1.6,CLAY,1.6,493.3,FLAT,6.9,15.3,SUNNY,31.8,0.0,8388.0,1247.0,10.5,0.238,43.3,1735.0,365.3,429.2
TH02996,,ARTICULATED_HAULER,AH-336,Hauling,EXPERT,14.9,ROCK_FILL,2.2,2232.5,UNEVEN,2.1,23.6,SUNNY,32.0,0.0,8793.0,3052.0,8.5,0.129,53.1,1696.0,675.1,1324.5
TH02997,,DOZER,DZ-349D,Material Stockpiling,BEGINNER,1.8,GRAVEL,1.8,156.0,ROLLING,0.7,19.8,CLOUDY,26.8,0.0,8835.0,2799.0,10.1,0.292,75.7,1957.0,43.8,71.6
TH02998,,ARTICULATED_HAULER,AH-349D,Hauling,BEGINNER,2.0,TOPSOIL,1.3,2480.6,ROLLING,9.0,30.9,RAINY,24.8,11.2,479.0,3433.0,0.8,0.119,97.6,1596.0,1074.7,3191.6
TH02999,,EXCAVATOR,EX-226XE,Demolition,INTERMEDIATE,2.6,CLAY,1.6,463.9,FLAT,0.0,9.4,SUNNY,30.2,0.0,6561.0,2558.0,13.8,0.156,37.0,1640.0,199.8,198.2
TH03000,,EXCAVATOR,EX-140GC,Soil Compaction,BEGINNER,2.3,CRUSHED_STONE,1.7,3165.0,UNEVEN,2.0,6.8,RAINY,17.5,4.0,905.0,824.0,5.6,0.295,72.1,1772.0,322.0,600.4
TH03001,,MOTOR_GRADER,MG-336GC,Grading,INTERMEDIATE,2.7,ASPHALT_MILLINGS,1.4,4989.6,FLAT,4.3,12.5,SUNNY,15.8,0.0,7832.0,843.0,10.0,0.043,42.0,1232.0,254.5,238.8
TH03002,,DOZER,DZ-986D2,Material Stockpiling,INTERMEDIATE,5.5,TOPSOIL,1.3,482.9,FLAT,1.9,3.0,SUNNY,17.1,0.0,5742.0,1610.0,13.6,0.205,57.7,1432.0,103.7,158.5
TH03003,,MOTOR_GRADER,MG-160D,Road Preparation,INTERMEDIATE,6.3,GRAVEL,1.8,4710.6,UNEVEN,0.0,12.1,SUNNY,25.3,0.0,8247.0,3331.0,7.7,0.27,48.8,1477.0,333.1,395.5
TH03004,,BACKHOE_LOADER,BL-986GC,Trenching,EXPERT,7.3,CRUSHED_STONE,1.7,488.1,ROLLING,16.3,36.2,RAINY,16.4,9.6,913.0,2546.0,10.6,0.025,41.8,2400.0,236.6,412.8
TH03005,,BACKHOE_LOADER,BL-220GC,Trenching,INTERMEDIATE,2.1,TOPSOIL,1.3,503.5,UNEVEN,0.0,15.2,CLOUDY,30.6,0.0,6645.0,1359.0,3.0,0.065,69.3,1643.0,324.0,288.3
TH03006,,MOTOR_GRADER,MG-390D2,Grading,INTERMEDIATE,3.6,GRAVEL,1.8,2709.0,FLAT,2.2,9.9,WINDY,24.6,0.0,4348.0,1486.0,8.3,0.141,66.7,1284.0,128.2,160.9
TH03007,,BACKHOE_LOADER,BL-220GC,Trenching,BEGINNER,2.3,ASPHALT_MILLINGS,1.4,528.4,UNEVEN,0.0,3.0,SUNNY,24.7,0.0,6946.0,2666.0,3.0,0.277,41.3,1585.0,387.2,439.1
TH03008,,WHEEL_LOADER,WL-390,Material Loading,BEGINNER,1.4,CLAY,1.6,1831.9,UNEVEN,2.2,7.1,WINDY,28.2,0.0,4337.0,706.0,9.6,0.182,52.1,1501.0,584.2,725.8
TH03009,,EXCAVATOR,EX-220XE,Road Preparation,BEGINNER,1.5,CRUSHED_STONE,1.7,4989.0,ROLLING,3.6,9.6,CLOUDY,16.0,0.0,4303.0,2165.0,10.9,0.328,45.7,1317.0,1008.2,1298.7
TH03010,,MOTOR_GRADER,MG-220D2,Road Preparation,INTERMEDIATE,3.9,TOPSOIL,1.3,1493.2,UNEVEN,0.8,17.8,SUNNY,34.4,0.0,,1161.0,1.2,0.101,54.1,1886.0,112.4,96.9
TH03011,,ARTICULATED_HAULER,AH-349D,Material Loading,INTERMEDIATE,7.1,SAND,1.5,1958.3,ROLLING,5.2,7.4,SUNNY,13.6,0.0,5825.0,2557.0,0.8,0.115,38.8,1638.0,861.4,896.0
TH03012,,EXCAVATOR,EX-390D2,Earth Excavation,EXPERT,14.9,ASPHALT_MILLINGS,1.4,314.3,FLAT,0.0,8.1,WINDY,15.9,0.0,3837.0,3449.0,14.3,0.042,83.4,1645.0,77.7,74.4
TH03013,,DOZER,DZ-950D,Material Stockpiling,INTERMEDIATE,3.0,ROCK_FILL,2.2,1448.4,MOUNTAINOUS,8.6,3.0,CLOUDY,24.1,0.0,8979.0,240.0,1.6,0.123,41.9,1161.0,317.7,370.1
TH03014,,EXCAVATOR,EX-226XE,Trenching,BEGINNER,1.8,SAND,1.5,414.4,FLAT,0.0,3.0,CLOUDY,23.4,0.0,8286.0,2784.0,13.8,0.279,49.5,2159.0,307.0,352.3
TH03015,,BACKHOE_LOADER,BL-220GC,Trenching,INTERMEDIATE,7.6,SAND,1.5,114.9,UNEVEN,0.0,7.6,WINDY,30.9,0.0,7101.0,2370.0,3.0,0.133,82.1,2400.0,64.5,74.7
TH03016,,DOZER,DZ-972,Trenching,INTERMEDIATE,5.8,ASPHALT_MILLINGS,1.4,186.9,UNEVEN,5.2,16.9,RAINY,29.8,2.8,1561.0,831.0,2.3,0.1,38.0,2132.0,237.5,353.2
TH03017,,DOZER,DZ-349D,Demolition,BEGINNER,1.4,CRUSHED_STONE,1.7,271.2,ROLLING,7.2,11.3,WINDY,24.7,0.0,5296.0,1791.0,10.1,0.291,60.5,1475.0,137.5,232.2
TH03018,,MOTOR_GRADER,MG-986D2,Road Preparation,EXPERT,20.5,SAND,1.5,2326.6,HILLY,13.8,43.9,RAINY,25.7,11.0,1346.0,613.0,11.1,0.115,37.9,1847.0,149.2,315.0
TH03019,,MOTOR_GRADER,MG-220D2,Road Preparation,EXPERT,12.7,ROCK_FILL,2.2,3845.7,UNEVEN,0.9,3.0,SUNNY,26.5,0.0,8337.0,2091.0,1.2,0.053,65.1,1366.0,230.3,242.0
TH03020,,WHEEL_LOADER,WL-336,Road Preparation,INTERMEDIATE,5.5,CRUSHED_STONE,1.7,3216.7,ROLLING,5.0,23.4,CLOUDY,24.8,0.0,7541.0,3134.0,7.7,0.208,55.8,1309.0,437.9,491.0
TH03021,,DOZER,DZ-972,Material Stockpiling,INTERMEDIATE,6.8,ASPHALT_MILLINGS,1.4,1147.1,UNEVEN,1.7,14.2,SUNNY,,0.0,9287.0,3232.0,2.3,0.06,23.8,1711.0,231.2,420.9
TH03022,,COMPACTOR,CP-950,Road Preparation,INTERMEDIATE,5.5,CLAY,1.6,510.6,ROLLING,8.4,3.0,SUNNY,14.3,0.0,5141.0,3472.0,3.4,0.174,47.8,1990.0,37.7,43.8
TH03023,,MOTOR_GRADER,MG-336GC,Grading,EXPERT,23.4,TOPSOIL,1.3,4081.0,FLAT,0.0,7.7,CLOUDY,27.6,0.0,6466.0,2335.0,10.0,0.102,67.9,1293.0,160.2,172.0
TH03024,,WHEEL_LOADER,WL-336,Material Loading,BEGINNER,0.8,GRAVEL,1.8,322.0,ROLLING,11.2,16.3,SUNNY,38.2,0.0,7134.0,1606.0,7.7,0.211,53.4,1446.0,105.3,138.0
TH03025,,COMPACTOR,CP-972D2,Soil Compaction,INTERMEDIATE,6.3,CLAY,1.6,2249.6,MOUNTAINOUS,28.0,10.5,SUNNY,18.9,0.0,8746.0,1997.0,4.2,0.242,90.6,1272.0,80.0,148.2
TH03026,,WHEEL_LOADER,WL-390,Material Loading,BEGINNER,2.0,TOPSOIL,1.3,1371.5,UNEVEN,0.2,3.2,SUNNY,15.9,0.0,7341.0,2080.0,9.6,0.291,34.9,1409.0,421.4,437.1
TH03027,,ARTICULATED_HAULER,AH-226D,Hauling,BEGINNER,1.4,ROCK_FILL,2.2,1251.1,ROLLING,8.8,9.3,CLOUDY,14.1,0.0,7167.0,712.0,2.4,0.224,56.6,1146.0,562.7,755.1
TH03028,,DOZER,DZ-986GC,Demolition,EXPERT,14.9,CRUSHED_STONE,1.7,334.1,FLAT,0.6,26.4,RAINY,27.9,8.4,679.0,2978.0,12.0,0.092,60.2,1251.0,115.0,163.3
TH03029,,ARTICULATED_HAULER,AH-349D,Road Preparation,INTERMEDIATE,6.7,CRUSHED_STONE,1.7,4374.4,ROLLING,7.3,17.9,CLOUDY,33.7,0.0,4845.0,942.0,0.8,0.02,90.7,1603.0,510.7,585.0
TH03030,,EXCAVATOR,EX-226XE,Earth Excavation,BEGINNER,1.8,SAND,1.5,1055.6,FLAT,0.0,7.8,CLOUDY,4.4,0.0,4561.0,2890.0,13.8,0.256,83.3,1568.0,382.6,505.3
TH03031,,MOTOR_GRADER,MG-160D,Road Preparation,EXPERT,23.4,ROCK_FILL,2.2,3528.4,UNEVEN,0.0,18.6,SUNNY,,0.0,5351.0,1054.0,7.7,0.111,46.4,1902.0,224.2,219.8
TH03032,,ARTICULATED_HAULER,AH-140D2,Hauling,INTERMEDIATE,7.6,ROCK_FILL,2.2,572.4,ROLLING,5.2,7.4,CLOUDY,15.7,0.0,3033.0,2362.0,7.4,0.19,43.5,2400.0,190.4,330.1
TH03033,,MOTOR_GRADER,MG-986D2,Grading,INTERMEDIATE,5.1,CLAY,1.6,5619.2,HILLY,11.4,6.5,SUNNY,27.8,0.0,6877.0,2911.0,11.1,0.27,43.9,2244.0,270.3,387.8
TH03034,,ARTICULATED_HAULER,AH-140D2,Hauling,BEGINNER,0.8,CLAY,1.6,1775.4,ROLLING,8.2,45.8,RAINY,19.0,13.2,1868.0,3110.0,7.4,0.267,68.4,1535.0,815.5,1951.3
TH03035,,EXCAVATOR,EX-226D2,Material Loading,INTERMEDIATE,4.6,CLAY,1.6,1478.0,MOUNTAINOUS,18.0,4.4,CLOUDY,,0.0,5137.0,515.0,1.1,0.246,30.2,1802.0,349.4,476.2
TH03036,,MOTOR_GRADER,MG-220D2,Road Preparation,INTERMEDIATE,3.9,SAND,1.5,2003.1,UNEVEN,0.7,6.1,CLOUDY,21.5,0.0,4091.0,2320.0,1.2,0.052,82.7,1913.0,152.7,147.0
TH03037,,BACKHOE_LOADER,BL-390D2,Trenching,INTERMEDIATE,5.1,ASPHALT_MILLINGS,1.4,560.4,UNEVEN,0.0,40.3,RAINY,25.4,14.6,1046.0,3092.0,4.2,0.119,100.0,1655.0,337.2,485.5
TH03038,,WHEEL_LOADER,WL-140XE,Material Stockpiling,INTERMEDIATE,7.7,ROCK_FILL,2.2,232.1,UNEVEN,0.0,4.0,CLOUDY,28.7,0.0,4753.0,1323.0,8.1,0.078,65.1,1752.0,49.7,72.1
TH03039,,MOTOR_GRADER,MG-986D2,Material Loading,INTERMEDIATE,7.7,ROCK_FILL,2.2,860.2,HILLY,13.7,15.9,RAINY,19.7,3.7,768.0,3281.0,11.1,0.01,90.5,1604.0,457.5,842.9
TH03040,,WHEEL_LOADER,WL-972XE,Material Loading,EXPERT,12.7,ASPHALT_MILLINGS,1.4,202.7,FLAT,0.1,23.8,RAINY,16.8,5.1,1251.0,1459.0,14.4,0.026,42.3,1575.0,39.9,57.0
TH03041,,WHEEL_LOADER,WL-390D2,Road Preparation,INTERMEDIATE,3.9,CRUSHED_STONE,1.7,1534.6,ROLLING,6.1,16.2,SUNNY,26.0,0.0,6494.0,1007.0,14.3,0.152,48.0,2131.0,190.9,244.3
TH03042,,DOZER,DZ-986D2,Road Preparation,BEGINNER,1.8,ROCK_FILL,2.2,2225.5,FLAT,0.0,19.6,SUNNY,23.0,0.0,6628.0,640.0,13.6,0.232,49.8,1967.0,206.5,263.6
TH03043,,BACKHOE_LOADER,BL-390,Trenching,BEGINNER,1.8,SAND,1.5,304.8,FLAT,3.1,34.6,RAINY,27.2,8.0,1396.0,910.0,10.5,0.295,49.1,1286.0,230.0,415.3
TH03044,,COMPACTOR,CP-972D2,Road Preparation,BEGINNER,1.8,SAND,1.5,4506.5,MOUNTAINOUS,26.1,44.5,RAINY,28.8,13.2,1027.0,1453.0,4.2,0.261,60.6,1851.0,433.6,1026.0
TH03045,,MOTOR_GRADER,MG-160D,Demolition,EXPERT,19.9,ASPHALT_MILLINGS,1.4,259.2,UNEVEN,0.0,20.4,FOG,25.3,1.0,107.0,242.0,7.7,0.088,76.7,1214.0,185.3,294.3
TH03046,,WHEEL_LOADER,WL-390D2,Material Stockpiling,INTERMEDIATE,5.8,TOPSOIL,1.3,1557.3,ROLLING,8.1,23.1,SUNNY,22.9,0.0,7259.0,3322.0,14.3,0.144,43.2,1473.0,335.0,700.9
TH03047,,BACKHOE_LOADER,BL-986GC,Trenching,INTERMEDIATE,6.7,TOPSOIL,1.3,323.8,ROLLING,9.9,19.6,FOG,24.3,0.5,79.0,2367.0,10.6,0.142,55.4,2087.0,182.4,299.8
TH03048,,MOTOR_GRADER,MG-986XE,Grading,EXPERT,12.7,TOPSOIL,1.3,5850.0,FLAT,1.2,3.0,CLOUDY,26.5,0.0,4613.0,2934.0,12.4,0.01,76.9,1552.0,239.0,253.2
TH03049,,MOTOR_GRADER,MG-220D2,Road Preparation,INTERMEDIATE,6.7,ROCK_FILL,2.2,5826.5,UNEVEN,1.1,25.5,SUNNY,25.7,0.0,7923.0,2130.0,1.2,0.153,58.2,1286.0,430.9,482.9
TH03050,,DOZER,DZ-950D,Road Preparation,BEGINNER,1.8,ROCK_FILL,2.2,3487.8,MOUNTAINOUS,11.7,18.8,CLOUDY,24.5,0.0,8818.0,2079.0,1.6,0.285,66.5,1500.0,321.6,458.1
TH03051,,WHEEL_LOADER,WL-986,Material Loading,BEGINNER,0.6,SAND,1.5,2256.4,MOUNTAINOUS,21.6,14.6,WINDY,15.2,0.0,4134.0,1206.0,11.8,0.243,57.6,1240.0,739.3,1275.5
TH03052,,EXCAVATOR,EX-226D2,Demolition,INTERMEDIATE,5.5,ROCK_FILL,2.2,840.2,MOUNTAINOUS,17.4,13.3,CLOUDY,22.5,0.0,8005.0,2568.0,1.1,0.13,63.4,1880.0,346.3,521.6
TH03053,,DOZER,DZ-349D,Road Preparation,BEGINNER,1.8,SAND,1.5,1674.0,ROLLING,11.0,3.2,SUNNY,19.7,0.0,8399.0,1873.0,10.1,0.214,33.1,2277.0,150.3,200.9
TH03054,,MOTOR_GRADER,MG-986D2,Grading,EXPERT,22.8,CRUSHED_STONE,1.7,4669.7,HILLY,11.7,5.0,CLOUDY,26.5,0.0,8289.0,1678.0,11.1,0.01,64.3,1305.0,184.2,166.8
TH03055,,DOZER,DZ-986D2,Demolition,INTERMEDIATE,5.1,SAND,1.5,948.5,FLAT,3.9,23.0,RAINY,35.2,11.5,1163.0,923.0,13.6,0.154,58.9,1680.0,367.7,568.2
TH03056,,ARTICULATED_HAULER,AH-349D,Road Preparation,EXPERT,14.9,CRUSHED_STONE,1.7,2208.3,ROLLING,9.4,23.1,SUNNY,15.8,0.0,5119.0,3154.0,0.8,0.092,48.2,1367.0,296.5,316.8
TH03057,,MOTOR_GRADER,MG-986D2,Grading,BEGINNER,1.0,ASPHALT_MILLINGS,1.4,3146.3,HILLY,9.9,12.4,FOG,21.0,0.8,248.0,2865.0,11.1,0.305,44.3,1139.0,196.0,404.1
TH03058,,BACKHOE_LOADER,BL-986GC,Trenching,EXPERT,14.9,SAND,1.5,230.9,ROLLING,11.4,14.5,SUNNY,22.7,0.0,5705.0,1603.0,10.6,0.105,65.6,1748.0,117.1,132.6
TH03059,,MOTOR_GRADER,MG-986XE,Road Preparation,INTERMEDIATE,4.6,SAND,1.5,1758.4,FLAT,0.0,27.3,RAINY,21.6,10.2,859.0,2648.0,12.4,0.219,35.3,1687.0,125.9,229.1
TH03060,,DOZER,DZ-986D2,Demolition,INTERMEDIATE,3.0,ROCK_FILL,2.2,937.8,FLAT,5.1,38.7,RAINY,23.0,9.5,1636.0,1854.0,13.6,0.097,83.7,1627.0,376.3,650.6
TH03061,,EXCAVATOR,EX-220XE,Material Loading,INTERMEDIATE,7.7,CLAY,1.6,1512.0,ROLLING,8.4,36.0,STORM,25.9,17.6,76.0,1279.0,10.9,0.185,53.2,1766.0,355.8,1013.3
TH03062,,WHEEL_LOADER,WL-390,Material Stockpiling,INTERMEDIATE,5.8,CRUSHED_STONE,1.7,1896.9,UNEVEN,0.0,15.9,CLOUDY,27.4,0.0,3976.0,1182.0,9.6,0.168,49.7,2216.0,395.9,454.6
TH03063,,WHEEL_LOADER,WL-390D2,Material Loading,INTERMEDIATE,7.7,GRAVEL,1.8,563.1,ROLLING,10.0,15.9,WINDY,23.4,0.0,6872.0,1794.0,14.3,0.13,54.9,1725.0,128.9,199.4
TH03064,,MOTOR_GRADER,MG-336GC,Grading,INTERMEDIATE,4.6,SAND,1.5,4733.5,FLAT,0.8,12.6,CLOUDY,25.0,0.0,4504.0,1879.0,10.0,0.258,75.4,1441.0,224.4,315.0
TH03065,,EXCAVATOR,EX-226D2,Material Loading,INTERMEDIATE,7.6,CRUSHED_STONE,1.7,1797.3,MOUNTAINOUS,10.4,12.6,FOG,17.0,0.5,125.0,1757.0,1.1,0.061,78.8,1497.0,439.8,668.8
TH03066,,ARTICULATED_HAULER,AH-349D,Hauling,INTERMEDIATE,3.9,GRAVEL,1.8,2070.6,ROLLING,11.1,5.3,WINDY,24.5,0.0,3615.0,2498.0,0.8,0.143,54.9,1624.0,717.7,1449.0
TH03067,,EXCAVATOR,EX-972,Demolition,INTERMEDIATE,2.6,TOPSOIL,1.3,511.9,UNEVEN,3.1,15.1,WINDY,23.0,0.0,7456.0,528.0,7.8,0.189,80.8,1376.0,218.1,297.0
TH03068,,EXCAVATOR,EX-140GC,Material Stockpiling,INTERMEDIATE,7.7,ASPHALT_MILLINGS,1.4,261.3,UNEVEN,0.0,3.0,RAINY,26.9,3.0,1279.0,2015.0,5.6,0.168,32.0,1539.0,98.3,189.1
TH03069,,BACKHOE_LOADER,BL-390D2,Road Preparation,BEGINNER,1.8,ROCK_FILL,2.2,940.4,UNEVEN,4.5,13.2,RAINY,23.6,1.9,420.0,1691.0,4.2,0.355,58.5,1810.0,172.8,336.5
TH03070,,ARTICULATED_HAULER,AH-120D2,Hauling,INTERMEDIATE,2.7,TOPSOIL,1.3,2248.7,UNEVEN,5.3,8.8,CLOUDY,28.8,0.0,8295.0,2828.0,2.8,0.129,36.8,1741.0,823.4,1463.0
TH03071,,COMPACTOR,CP-986D2,Road Preparation,INTERMEDIATE,6.3,GRAVEL,1.8,818.7,ROLLING,7.5,24.7,RAINY,23.1,9.0,987.0,3108.0,8.3,0.256,46.2,1558.0,60.1,114.3
TH03072,,BACKHOE_LOADER,BL-986GC,Trenching,EXPERT,11.3,CLAY,1.6,70.6,ROLLING,6.3,20.8,STORM,23.9,8.5,341.0,3239.0,10.6,0.065,75.7,1797.0,34.8,85.3
TH03073,,MOTOR_GRADER,MG-986D2,Road Preparation,EXPERT,23.6,SAND,1.5,3137.8,HILLY,5.1,18.7,CLOUDY,29.6,0.0,7781.0,848.0,11.1,0.203,72.1,1705.0,190.5,219.6
TH03074,,WHEEL_LOADER,WL-390D2,Material Stockpiling,INTERMEDIATE,7.7,GRAVEL,1.8,1681.0,ROLLING,10.5,11.0,SUNNY,9.9,0.0,9710.0,2753.0,14.3,0.102,60.4,1180.0,348.0,694.1
TH03075,,MOTOR_GRADER,MG-160D,Grading,BEGINNER,2.3,CRUSHED_STONE,1.7,3434.7,UNEVEN,0.0,16.5,SUNNY,24.8,0.0,5187.0,3298.0,7.7,0.12,62.1,1774.0,208.2,217.4
TH03076,,EXCAVATOR,EX-226XE,Road Preparation,BEGINNER,0.5,TOPSOIL,1.3,4880.2,FLAT,7.5,3.0,CLOUDY,20.0,0.0,3349.0,1857.0,13.8,0.093,90.3,1333.0,776.1,1100.0
TH03077,,BACKHOE_LOADER,BL-220GC,Grading,INTERMEDIATE,7.1,CRUSHED_STONE,1.7,2007.9,UNEVEN,4.7,27.9,RAINY,39.7,12.7,1979.0,2229.0,3.0,0.237,70.6,1245.0,155.4,221.1
TH03078,,DOZER,DZ-986D2,Demolition,INTERMEDIATE,2.7,ASPHALT_MILLINGS,1.4,1241.6,FLAT,0.9,3.0,CLOUDY,30.9,0.0,7452.0,2081.0,13.6,0.089,100.0,1595.0,503.0,502.5
TH03079,,ARTICULATED_HAULER,AH-120D2,Grading,EXPERT,7.3,ASPHALT_MILLINGS,1.4,1923.2,UNEVEN,4.7,34.8,STORM,22.1,12.0,52.0,691.0,2.8,0.08,58.6,1852.0,147.0,332.8
TH03080,,BACKHOE_LOADER,BL-390,Trenching,INTERMEDIATE,4.4,SAND,1.5,56.1,FLAT,1.1,36.2,RAINY,23.1,14.7,646.0,308.0,10.5,0.211,85.8,1754.0,32.0,55.1
TH03081,,ARTICULATED_HAULER,AH-120D2,Hauling,INTERMEDIATE,3.6,CRUSHED_STONE,1.7,2190.3,UNEVEN,6.5,4.3,SUNNY,22.0,0.0,6020.0,2027.0,2.8,0.173,57.2,1584.0,770.5,1188.6
TH03082,,DOZER,DZ-950D,Demolition,BEGINNER,1.0,ROCK_FILL,2.2,861.6,MOUNTAINOUS,10.6,21.6,CLOUDY,22.7,0.0,7796.0,3485.0,1.6,0.317,30.4,1659.0,444.6,712.4
TH03083,,ARTICULATED_HAULER,AH-226D,Hauling,INTERMEDIATE,5.1,ROCK_FILL,2.2,955.6,ROLLING,5.9,7.9,CLOUDY,18.9,0.0,3971.0,551.0,2.4,0.233,51.1,1865.0,327.1,442.3
TH03084,,BACKHOE_LOADER,BL-390D2,Demolition,INTERMEDIATE,7.0,TOPSOIL,1.3,773.1,UNEVEN,6.6,12.1,RAINY,24.4,3.2,766.0,3326.0,4.2,0.169,46.9,1448.0,552.4,949.8
TH03085,,EXCAVATOR,EX-950D2,Earth Excavation,BEGINNER,1.5,TOPSOIL,1.3,540.4,HILLY,17.7,30.5,SUNNY,33.9,0.0,5364.0,2976.0,3.2,0.252,66.1,1542.0,202.8,307.2
TH03086,,EXCAVATOR,EX-226XE,Demolition,INTERMEDIATE,3.0,ROCK_FILL,2.2,876.3,FLAT,0.0,3.0,WINDY,28.2,0.0,5587.0,933.0,13.8,0.124,53.9,1374.0,370.0,443.6
TH03087,,BACKHOE_LOADER,BL-390D2,Trenching,BEGINNER,1.8,CRUSHED_STONE,1.7,413.3,UNEVEN,5.1,22.1,CLOUDY,23.8,0.0,4272.0,363.0,4.2,0.282,48.8,2195.0,321.8,367.7
TH03088,,MOTOR_GRADER,MG-390D2,Grading,INTERMEDIATE,2.7,ASPHALT_MILLINGS,1.4,1328.4,FLAT,0.0,21.6,WINDY,22.0,0.0,4431.0,3096.0,8.3,0.094,48.3,1695.0,67.5,69.0
TH03089,,EXCAVATOR,EX-220XE,Earth Excavation,EXPERT,11.3,GRAVEL,1.8,345.2,ROLLING,3.7,8.5,WINDY,14.0,0.0,4462.0,938.0,10.9,0.056,87.9,1508.0,89.1,92.0
TH03090,,EXCAVATOR,EX-972,Material Loading,INTERMEDIATE,5.1,ROCK_FILL,2.2,2424.3,UNEVEN,6.5,3.0,FOG,27.9,0.1,185.0,1861.0,7.8,0.099,60.6,2019.0,581.3,848.9
TH03091,,EXCAVATOR,EX-226XE,Material Loading,INTERMEDIATE,3.9,CRUSHED_STONE,1.7,1795.6,FLAT,0.0,12.6,SUNNY,24.7,0.0,6033.0,144.0,13.8,0.112,39.8,1433.0,447.3,475.6
TH03092,,WHEEL_LOADER,WL-986,Material Stockpiling,BEGINNER,1.4,CLAY,1.6,499.4,MOUNTAINOUS,23.4,6.4,SUNNY,29.0,0.0,8209.0,2694.0,11.8,0.15,58.2,1898.0,138.5,304.5
TH03093,,COMPACTOR,CP-986D2,Soil Compaction,INTERMEDIATE,3.0,CRUSHED_STONE,1.7,1968.2,ROLLING,5.8,17.8,WINDY,30.5,0.0,7921.0,999.0,8.3,0.262,67.0,1495.0,76.6,108.9
TH03094,,BACKHOE_LOADER,BL-986GC,Trenching,EXPERT,7.3,ROCK_FILL,2.2,220.2,MOUNTAINOUS,6.8,8.0,SUNNY,16.2,0.0,6672.0,1144.0,7.3,0.01,85.3,1979.0,109.3,112.8
TH03095,,MOTOR_GRADER,MG-986XE,Road Preparation,INTERMEDIATE,2.1,ROCK_FILL,2.2,2410.8,FLAT,0.0,13.6,SUNNY,22.8,0.0,6936.0,2745.0,12.4,0.101,48.8,1274.0,187.7,222.3
TH03096,,BACKHOE_LOADER,BL-220GC,Trenching,BEGINNER,1.6,ASPHALT_MILLINGS,1.4,506.8,UNEVEN,3.7,8.8,CLOUDY,18.4,0.0,5802.0,1205.0,3.0,0.204,61.9,1618.0,376.8,420.9
TH03097,,COMPACTOR,CP-950,Road Preparation,INTERMEDIATE,6.8,ASPHALT_MILLINGS,1.4,2127.6,ROLLING,2.5,33.7,CLOUDY,21.5,0.0,3692.0,3171.0,3.4,0.078,49.9,1860.0,151.9,143.5
TH03098,,COMPACTOR,CP-986D2,Grading,BEGINNER,0.5,GRAVEL,1.8,1870.5,ROLLING,5.0,3.0,CLOUDY,15.2,0.0,6259.0,2831.0,8.3,0.099,38.3,1510.0,245.4,258.8
TH03099,,WHEEL_LOADER,WL-336,Trenching,INTERMEDIATE,5.5,ROCK_FILL,2.2,314.6,ROLLING,11.1,10.1,CLOUDY,28.2,0.0,4744.0,3066.0,7.7,0.01,,2107.0,310.2,321.8
TH03100,,EXCAVATOR,EX-226D2,Material Stockpiling,INTERMEDIATE,5.5,GRAVEL,1.8,953.0,MOUNTAINOUS,14.7,17.0,WINDY,30.4,0.0,7903.0,1751.0,1.1,0.154,67.3,1327.0,349.2,572.4
TH03101,,BACKHOE_LOADER,BL-986GC,Trenching,INTERMEDIATE,6.4,TOPSOIL,1.3,40.4,ROLLING,8.5,9.6,CLOUDY,31.4,0.0,5080.0,239.0,10.6,0.076,78.6,1587.0,24.0,25.8
TH03102,,BACKHOE_LOADER,BL-220GC,Trenching,INTERMEDIATE,6.7,TOPSOIL,1.3,214.8,UNEVEN,0.0,25.8,CLOUDY,33.9,0.0,4614.0,533.0,3.0,0.109,38.3,1686.0,129.4,128.1
TH03103,,BACKHOE_LOADER,BL-986GC,Road Preparation,BEGINNER,0.8,ROCK_FILL,2.2,3400.4,ROLLING,10.5,3.0,SUNNY,38.4,0.0,7548.0,426.0,10.6,0.202,72.6,1560.0,543.0,798.4
TH03104,,DOZER,DZ-986D2,Road Preparation,BEGINNER,1.5,ROCK_FILL,2.2,3021.5,FLAT,3.3,10.7,SUNNY,12.3,0.0,6324.0,688.0,13.6,0.225,76.4,1739.0,294.2,375.8
TH03105,,EXCAVATOR,EX-320GC,Hauling,INTERMEDIATE,7.0,TOPSOIL,1.3,120.2,MOUNTAINOUS,10.5,20.3,SUNNY,14.6,0.0,8984.0,570.0,5.3,0.211,41.3,1462.0,74.4,81.8
TH03106,,EXCAVATOR,EX-140GC,Demolition,INTERMEDIATE,7.0,SAND,1.5,163.6,UNEVEN,4.7,5.2,SUNNY,12.6,0.0,6621.0,364.0,5.6,0.165,65.7,912.0,66.5,63.3
TH03107,,MOTOR_GRADER,MG-986XE,Road Preparation,INTERMEDIATE,4.6,CRUSHED_STONE,1.7,3565.7,FLAT,1.9,16.5,WINDY,20.8,0.0,8660.0,103.0,12.4,0.247,53.1,1848.0,265.1,340.8
TH03108,,ARTICULATED_HAULER,AH-336,Grading,INTERMEDIATE,4.4,ROCK_FILL,2.2,3260.1,UNEVEN,0.0,8.5,SUNNY,20.6,0.0,8672.0,125.0,8.5,0.359,100.0,1730.0,275.1,366.8
TH03109,,BACKHOE_LOADER,BL-390,Trenching,INTERMEDIATE,5.0,CLAY,1.6,284.9,FLAT,0.6,37.4,RAINY,13.6,7.4,1457.0,228.0,10.5,0.077,40.7,1419.0,159.8,245.6
TH03110,,MOTOR_GRADER,MG-986XE,Grading,EXPERT,23.4,TOPSOIL,1.3,573.9,FLAT,0.0,13.0,CLOUDY,20.0,0.0,3313.0,586.0,12.4,0.105,41.6,1576.0,24.2,29.1
TH03111,,MOTOR_GRADER,MG-986D2,Road Preparation,INTERMEDIATE,6.4,TOPSOIL,1.3,5689.3,HILLY,5.4,8.9,CLOUDY,26.8,0.0,8940.0,1224.0,11.1,0.052,67.5,1867.0,425.4,440.8
TH03112,,EXCAVATOR,EX-972XE,Material Loading,BEGINNER,0.5,ROCK_FILL,2.2,1866.9,FLAT,3.5,8.0,SUNNY,32.6,0.0,6807.0,255.0,3.7,0.195,55.6,1598.0,605.5,773.6
TH03113,,COMPACTOR,CP-950,Demolition,BEGINNER,0.8,GRAVEL,1.8,419.8,ROLLING,1.8,5.2,CLOUDY,27.8,0.0,3592.0,2036.0,3.4,0.17,75.3,1507.0,401.4,444.3
TH03114,,DOZER,DZ-986GC,Road Preparation,INTERMEDIATE,2.1,ROCK_FILL,2.2,4094.3,FLAT,1.4,24.8,RAINY,25.1,7.0,1570.0,3117.0,12.0,0.145,86.8,1857.0,312.8,480.6
TH03115,,EXCAVATOR,EX-972,Hauling,BEGINNER,2.5,CLAY,1.6,2476.2,UNEVEN,0.1,39.4,RAINY,20.6,14.4,1432.0,3274.0,7.8,0.112,100.0,1525.0,1961.2,4924.8
TH03116,,MOTOR_GRADER,MG-160D,Grading,BEGINNER,0.8,CRUSHED_STONE,1.7,3134.5,UNEVEN,0.0,8.0,CLOUDY,26.8,0.0,8514.0,943.0,7.7,0.249,54.8,1351.0,199.5,238.9
TH03117,,WHEEL_LOADER,WL-390D2,Material Stockpiling,BEGINNER,1.0,ASPHALT_MILLINGS,1.4,500.5,ROLLING,11.2,16.6,RAINY,28.4,1.5,1954.0,928.0,14.3,0.195,48.6,1258.0,144.4,244.5
TH03118,,BACKHOE_LOADER,BL-220GC,Trenching,EXPERT,19.9,CRUSHED_STONE,1.7,206.2,UNEVEN,0.0,10.1,SUNNY,34.9,0.0,7578.0,1900.0,3.0,0.16,50.4,1894.0,101.7,123.4
TH03119,,EXCAVATOR,EX-140GC,Earth Excavation,BEGINNER,1.8,ROCK_FILL,2.2,731.1,UNEVEN,4.6,12.3,SUNNY,22.6,0.0,6126.0,1359.0,5.6,0.251,48.1,2400.0,284.5,304.3
TH03120,,DOZER,DZ-972,Demolition,BEGINNER,2.3,SAND,1.5,1369.5,UNEVEN,0.0,4.9,SUNNY,20.5,0.0,8114.0,862.0,2.3,0.242,57.3,1200.0,721.6,743.0
TH03121,,WHEEL_LOADER,WL-986,Material Stockpiling,INTERMEDIATE,7.7,CLAY,1.6,2471.4,MOUNTAINOUS,21.9,4.3,WINDY,30.1,0.0,8951.0,2570.0,11.8,0.172,60.2,1799.0,526.3,1043.1
TH03122,,ARTICULATED_HAULER,AH-140D2,Hauling,INTERMEDIATE,6.7,CRUSHED_STONE,1.7,1701.6,ROLLING,2.7,24.6,SUNNY,29.6,0.0,5264.0,790.0,7.4,0.108,47.7,1677.0,581.6,692.6
TH03123,,DOZER,DZ-986D2,Material Stockpiling,INTERMEDIATE,7.0,CLAY,1.6,615.5,FLAT,2.9,5.2,CLOUDY,24.9,0.0,3230.0,856.0,13.6,0.31,97.7,1536.0,126.3,210.5
TH03124,,EXCAVATOR,EX-950D2,Demolition,INTERMEDIATE,2.7,CLAY,1.6,184.9,HILLY,8.3,14.5,SUNNY,20.8,0.0,5410.0,1898.0,3.2,0.101,62.3,1756.0,77.3,84.3
TH03125,,EXCAVATOR,EX-226D2,Earth Excavation,BEGINNER,1.8,TOPSOIL,1.3,291.8,MOUNTAINOUS,24.4,10.8,FOG,24.2,0.7,52.0,2695.0,1.1,0.187,69.9,2400.0,108.4,247.9
TH03126,,EXCAVATOR,EX-226D2,Demolition,INTERMEDIATE,6.3,TOPSOIL,1.3,728.1,MOUNTAINOUS,18.8,13.7,WINDY,31.9,0.0,,1664.0,1.1,0.223,50.6,1254.0,300.7,366.2
TH03127,,MOTOR_GRADER,MG-220D2,Grading,INTERMEDIATE,5.5,ASPHALT_MILLINGS,1.4,4013.5,UNEVEN,0.1,8.2,CLOUDY,17.3,0.0,4446.0,732.0,1.2,0.206,45.6,1573.0,188.0,212.7
TH03128,,EXCAVATOR,EX-972,Demolition,EXPERT,7.3,CRUSHED_STONE,1.7,473.4,UNEVEN,0.0,21.0,CLOUDY,27.7,0.0,4969.0,692.0,7.8,0.01,77.6,1697.0,163.7,158.5
TH03129,,BACKHOE_LOADER,BL-986GC,Trenching,INTERMEDIATE,7.0,ASPHALT_MILLINGS,1.4,555.7,MOUNTAINOUS,16.8,11.8,SUNNY,21.6,0.0,5703.0,539.0,7.3,0.149,58.0,1435.0,317.5,361.3
TH03130,,WHEEL_LOADER,WL-986,Earth Excavation,INTERMEDIATE,7.1,TOPSOIL,1.3,1153.6,MOUNTAINOUS,20.8,14.3,SUNNY,13.5,0.0,7627.0,3248.0,11.8,0.17,76.8,1772.0,709.3,961.6
TH03131,,MOTOR_GRADER,MG-336GC,Road Preparation,BEGINNER,2.0,ASPHALT_MILLINGS,1.4,3328.6,FLAT,5.1,25.6,RAINY,17.4,9.7,605.0,2432.0,10.0,0.206,48.3,1507.0,306.1,461.3
TH03132,,BACKHOE_LOADER,BL-986D,Trenching,BEGINNER,2.3,CLAY,1.6,65.4,FLAT,6.4,19.7,RAINY,21.6,8.3,,1236.0,12.0,0.172,49.1,1315.0,50.1,82.8
TH03133,,DOZER,DZ-986GC,Road Preparation,BEGINNER,1.6,SAND,1.5,2788.9,FLAT,1.0,3.0,CLOUDY,4.0,0.0,5128.0,867.0,12.0,0.269,62.6,1781.0,254.6,363.7
TH03134,,MOTOR_GRADER,MG-986XE,Road Preparation,EXPERT,20.5,ROCK_FILL,2.2,3513.8,FLAT,0.7,11.7,CLOUDY,12.1,0.0,7413.0,2859.0,12.4,0.147,68.5,1339.0,218.2,256.3
TH03135,,BACKHOE_LOADER,BL-220GC,Demolition,BEGINNER,1.5,CRUSHED_STONE,1.7,1161.6,UNEVEN,0.0,14.9,CLOUDY,27.4,0.0,7118.0,2177.0,3.0,0.199,100.0,1330.0,1162.2,1428.8
TH03136,,DOZER,DZ-986D2,Demolition,INTERMEDIATE,7.0,ROCK_FILL,2.2,942.2,FLAT,5.5,20.1,SUNNY,16.5,0.0,6728.0,820.0,13.6,0.212,17.1,1495.0,364.9,505.1
TH03137,,ARTICULATED_HAULER,AH-349D,Hauling,INTERMEDIATE,7.0,ROCK_FILL,2.2,2310.9,ROLLING,8.6,14.1,SUNNY,22.4,0.0,8872.0,3283.0,0.8,0.221,40.5,1440.0,770.2,1664.0
TH03138,,EXCAVATOR,EX-226XE,Earth Excavation,INTERMEDIATE,2.6,TOPSOIL,1.3,813.6,FLAT,5.8,18.1,RAINY,13.5,10.2,,2851.0,13.8,0.2,10.8,1490.0,252.8,452.0
TH03139,,BACKHOE_LOADER,BL-986GC,Trenching,INTERMEDIATE,7.7,CLAY,1.6,46.8,ROLLING,5.2,20.4,CLOUDY,21.1,0.0,5376.0,2247.0,10.6,0.16,60.5,1397.0,26.7,29.5
TH03140,,WHEEL_LOADER,WL-390D2,Material Loading,INTERMEDIATE,4.4,GRAVEL,1.8,1813.0,ROLLING,11.1,15.0,CLOUDY,17.6,0.0,8185.0,3429.0,14.3,0.192,59.0,1876.0,430.6,694.3
TH03141,,BACKHOE_LOADER,BL-220GC,Trenching,EXPERT,12.7,SAND,1.5,360.8,UNEVEN,0.0,16.4,SUNNY,25.2,0.0,8645.0,3450.0,3.0,0.051,50.6,1261.0,174.6,171.4
TH03142,,EXCAVATOR,EX-220XE,Trenching,BEGINNER,0.6,ROCK_FILL,2.2,322.9,ROLLING,3.4,17.7,FOG,22.1,1.0,69.0,2548.0,10.9,0.344,53.4,1935.0,262.3,491.9
TH03143,,EXCAVATOR,EX-972,Material Loading,EXPERT,7.3,ASPHALT_MILLINGS,1.4,1936.6,UNEVEN,2.8,15.5,RAINY,24.7,4.1,644.0,2724.0,7.8,0.01,15.3,2133.0,400.2,641.8
TH03144,,EXCAVATOR,EX-140GC,Earth Excavation,BEGINNER,2.3,ASPHALT_MILLINGS,1.4,161.1,UNEVEN,0.4,75.2,STORM,17.6,33.0,363.0,1114.0,5.6,0.182,65.1,1407.0,62.1,199.3
TH03145,,COMPACTOR,CP-972D2,Hauling,BEGINNER,0.5,ROCK_FILL,2.2,194.7,MOUNTAINOUS,24.0,23.3,WINDY,30.6,0.0,6961.0,2851.0,4.2,0.292,33.7,1408.0,177.7,427.5
TH03146,,BACKHOE_LOADER,BL-986D,Trenching,INTERMEDIATE,4.4,ROCK_FILL,2.2,476.6,FLAT,2.5,4.0,SUNNY,27.4,0.0,9779.0,204.0,12.0,0.218,46.0,1860.0,281.8,324.6
TH03147,,DOZER,DZ-950D,Hauling,INTERMEDIATE,5.5,GRAVEL,1.8,1923.8,MOUNTAINOUS,9.2,7.9,SUNNY,35.1,0.0,6942.0,2520.0,1.6,0.108,60.1,2068.0,1521.8,2459.1
TH03148,,BACKHOE_LOADER,BL-986D,Trenching,INTERMEDIATE,4.6,TOPSOIL,1.3,124.3,FLAT,0.0,9.4,WINDY,5.8,0.0,6429.0,106.0,12.0,0.122,78.8,1521.0,74.3,80.8
TH03149,,EXCAVATOR,EX-972XE,Trenching,EXPERT,22.8,ROCK_FILL,2.2,133.4,FLAT,0.0,20.0,SUNNY,19.4,0.0,6391.0,1529.0,3.7,0.083,74.2,1506.0,65.3,71.9
TH03150,,EXCAVATOR,EX-226XE,Material Stockpiling,EXPERT,12.7,ASPHALT_MILLINGS,1.4,268.2,FLAT,5.3,44.1,RAINY,38.0,14.7,805.0,2356.0,13.8,0.06,80.0,1712.0,98.3,211.9
TH03151,,COMPACTOR,CP-972D2,Trenching,BEGINNER,0.5,ASPHALT_MILLINGS,1.4,414.2,MOUNTAINOUS,24.3,34.4,RAINY,20.5,12.1,1974.0,1096.0,4.2,0.219,9.8,1417.0,522.5,1001.2
TH03152,,EXCAVATOR,EX-226D2,Earth Excavation,BEGINNER,2.3,ROCK_FILL,2.2,1132.5,MOUNTAINOUS,19.8,27.6,STORM,16.8,8.2,367.0,272.0,1.1,0.21,40.0,1867.0,422.7,1408.5
TH03153,,MOTOR_GRADER,MG-160D,Road Preparation,INTERMEDIATE,3.9,TOPSOIL,1.3,2978.1,UNEVEN,4.3,25.2,RAINY,18.7,1.8,906.0,2185.0,7.7,0.01,71.1,1597.0,225.7,303.8
TH03154,,BACKHOE_LOADER,BL-220GC,Trenching,INTERMEDIATE,4.4,TOPSOIL,1.3,295.9,UNEVEN,0.1,15.5,CLOUDY,16.2,0.0,8391.0,908.0,3.0,0.192,33.0,1597.0,176.2,191.2
TH03155,,EXCAVATOR,EX-140GC,Road Preparation,INTERMEDIATE,2.7,CLAY,1.6,2471.3,UNEVEN,0.0,28.8,CLOUDY,26.2,0.0,6761.0,321.0,5.6,0.195,62.6,1325.0,357.0,406.8
TH03156,,BACKHOE_LOADER,BL-986D,Trenching,INTERMEDIATE,6.8,ROCK_FILL,2.2,181.3,FLAT,7.6,73.3,STORM,26.4,26.0,245.0,3297.0,12.0,0.034,90.9,1906.0,101.3,374.2
TH03157,,DOZER,DZ-986D2,Earth Excavation,BEGINNER,1.6,SAND,1.5,1129.1,FLAT,0.6,10.7,CLOUDY,22.1,0.0,3836.0,2002.0,13.6,0.293,63.6,1583.0,836.7,1079.0
TH03158,,DOZER,DZ-972,Road Preparation,BEGINNER,1.8,ASPHALT_MILLINGS,1.4,3258.2,UNEVEN,0.0,9.9,SUNNY,19.1,0.0,8134.0,2373.0,2.3,0.197,46.4,1794.0,297.0,326.8
TH03159,,EXCAVATOR,EX-972,Material Loading,BEGINNER,1.6,ASPHALT_MILLINGS,1.4,275.6,UNEVEN,0.0,27.0,RAINY,24.3,3.6,453.0,1538.0,7.8,0.288,25.8,2400.0,85.6,159.1
TH03160,,ARTICULATED_HAULER,AH-120D2,Hauling,EXPERT,19.9,GRAVEL,1.8,613.6,UNEVEN,0.5,47.6,RAINY,12.3,13.3,695.0,2000.0,2.8,0.125,60.9,1480.0,180.7,394.6
TH03161,,WHEEL_LOADER,WL-390,Material Loading,INTERMEDIATE,4.6,CLAY,1.6,133.4,UNEVEN,0.0,18.6,SUNNY,26.0,0.0,,662.0,9.6,0.15,57.7,1766.0,32.3,38.0
TH03162,,DOZER,DZ-349D,Trenching,EXPERT,20.5,CRUSHED_STONE,1.7,142.4,ROLLING,11.5,3.0,SUNNY,14.9,0.0,7534.0,2434.0,10.1,0.172,63.1,1579.0,139.3,169.4
TH03163,,EXCAVATOR,EX-320GC,Material Loading,INTERMEDIATE,7.6,CLAY,1.6,2220.6,MOUNTAINOUS,13.0,11.8,FOG,21.3,0.7,260.0,2784.0,5.3,0.26,26.4,2400.0,514.3,1123.6
TH03164,,DOZER,DZ-950D,Road Preparation,EXPERT,20.5,SAND,1.5,2804.3,MOUNTAINOUS,12.6,10.9,CLOUDY,22.0,0.0,6986.0,1918.0,1.6,0.113,62.1,1359.0,176.8,207.3
TH03165,,EXCAVATOR,EX-336XE,Demolition,BEGINNER,0.6,CLAY,1.6,628.5,UNEVEN,6.9,20.6,RAINY,15.9,6.9,754.0,1703.0,4.7,0.341,36.3,1560.0,330.7,570.6
TH03166,,WHEEL_LOADER,WL-986,Soil Compaction,INTERMEDIATE,6.7,TOPSOIL,1.3,2468.0,MOUNTAINOUS,15.6,7.5,SUNNY,29.4,0.0,9490.0,1734.0,11.8,0.053,60.3,1199.0,147.0,186.4
TH03167,,DOZER,DZ-986D2,Road Preparation,BEGINNER,0.6,TOPSOIL,1.3,334.4,FLAT,3.3,29.1,RAINY,31.8,12.9,899.0,1677.0,13.6,0.194,12.2,1250.0,31.9,67.0
TH03168,,ARTICULATED_HAULER,AH-120D2,Hauling,INTERMEDIATE,6.4,ROCK_FILL,2.2,1354.0,UNEVEN,1.4,42.3,RAINY,36.6,12.3,1338.0,672.0,2.8,0.138,58.8,1606.0,473.2,734.2
TH03169,,MOTOR_GRADER,MG-220D2,Earth Excavation,INTERMEDIATE,2.6,ASPHALT_MILLINGS,1.4,567.4,UNEVEN,0.0,27.7,RAINY,16.2,2.6,916.0,97.0,1.2,0.198,44.8,1632.0,397.3,601.4
TH03170,,MOTOR_GRADER,MG-986XE,Road Preparation,BEGINNER,2.3,ROCK_FILL,2.2,1274.4,FLAT,0.0,3.0,CLOUDY,18.7,0.0,8063.0,211.0,12.4,0.272,71.5,1707.0,115.9,144.6
TH03171,,EXCAVATOR,EX-220XE,Soil Compaction,EXPERT,14.9,TOPSOIL,1.3,1093.3,ROLLING,7.8,17.5,SUNNY,34.3,0.0,6883.0,1170.0,10.9,0.22,43.5,1665.0,71.3,89.6
TH03172,,EXCAVATOR,EX-140GC,Soil Compaction,INTERMEDIATE,7.0,ROCK_FILL,2.2,4708.9,UNEVEN,0.0,12.4,WINDY,22.2,0.0,8201.0,2116.0,5.6,0.192,38.2,1431.0,273.4,291.7
TH03173,,ARTICULATED_HAULER,AH-120D2,Hauling,EXPERT,23.6,ASPHALT_MILLINGS,1.4,2112.4,UNEVEN,3.5,16.3,SUNNY,23.8,0.0,5743.0,1827.0,2.8,0.112,40.1,1533.0,621.2,766.4
TH03174,,DOZER,DZ-986GC,Grading,INTERMEDIATE,7.6,CLAY,1.6,4145.7,FLAT,0.0,76.6,STORM,26.3,24.6,228.0,227.0,12.0,0.139,53.3,1645.0,314.4,1123.1
TH03175,,COMPACTOR,CP-986D2,Material Loading,INTERMEDIATE,7.1,CLAY,1.6,2170.3,ROLLING,10.6,15.2,SUNNY,22.4,0.0,6266.0,3157.0,8.3,0.219,77.9,1624.0,942.2,1361.2
TH03176,,EXCAVATOR,EX-320GC,Demolition,BEGINNER,2.3,SAND,1.5,851.0,MOUNTAINOUS,15.9,18.2,RAINY,21.7,4.4,1650.0,3183.0,5.3,0.287,51.0,1263.0,422.4,918.5
TH03177,,WHEEL_LOADER,WL-140XE,Material Stockpiling,INTERMEDIATE,3.9,CRUSHED_STONE,1.7,1498.4,UNEVEN,1.9,27.3,SUNNY,22.9,0.0,5963.0,1533.0,8.1,0.15,79.1,1609.0,332.6,446.1
TH03178,,EXCAVATOR,EX-950D2,Earth Excavation,BEGINNER,0.6,CRUSHED_STONE,1.7,860.4,HILLY,15.8,15.3,SUNNY,21.2,0.0,9135.0,1590.0,3.2,0.337,73.3,1205.0,328.6,487.0
TH03179,,WHEEL_LOADER,WL-390D2,Material Stockpiling,INTERMEDIATE,7.1,CLAY,1.6,1991.0,ROLLING,8.6,24.4,RAINY,23.9,5.1,908.0,3232.0,14.3,0.195,37.8,1391.0,427.3,1243.4
TH03180,,BACKHOE_LOADER,BL-986D,Material Stockpiling,BEGINNER,2.3,ROCK_FILL,2.2,1513.6,FLAT,3.9,35.3,RAINY,20.9,12.3,1052.0,145.0,12.0,0.324,41.2,1497.0,658.8,1345.8
TH03181,,MOTOR_GRADER,MG-986D2,Road Preparation,INTERMEDIATE,2.1,ASPHALT_MILLINGS,1.4,4131.2,HILLY,17.4,43.3,STORM,21.9,17.8,156.0,697.0,11.1,0.206,59.0,1607.0,312.9,1133.8
TH03182,,WHEEL_LOADER,WL-336,Material Loading,EXPERT,14.9,ROCK_FILL,2.2,2109.9,ROLLING,6.2,9.8,SUNNY,37.7,0.0,8013.0,1047.0,7.7,0.132,47.6,1789.0,445.3,528.8
TH03183,,EXCAVATOR,EX-972XE,Earth Excavation,INTERMEDIATE,2.6,GRAVEL,1.8,1153.2,FLAT,0.1,25.9,RAINY,26.9,6.1,962.0,3053.0,3.7,0.157,80.8,1493.0,366.1,481.2
TH03184,,WHEEL_LOADER,WL-972XE,Material Loading,INTERMEDIATE,7.6,SAND,1.5,1126.0,FLAT,0.0,3.0,WINDY,13.8,0.0,6902.0,654.0,14.4,0.017,20.8,2400.0,266.9,265.4
TH03185,,EXCAVATOR,EX-950D2,Material Loading,EXPERT,14.9,TOPSOIL,1.3,2143.9,HILLY,6.8,3.0,CLOUDY,9.9,0.0,3460.0,2603.0,3.2,0.076,79.4,1440.0,441.8,479.1
TH03186,,BACKHOE_LOADER,BL-986GC,Trenching,BEGINNER,1.8,GRAVEL,1.8,162.7,ROLLING,6.2,15.1,SUNNY,22.0,0.0,9098.0,3426.0,10.6,0.233,31.8,1990.0,123.4,148.9
TH03187,,ARTICULATED_HAULER,AH-336,Hauling,BEGINNER,1.0,ASPHALT_MILLINGS,1.4,1409.1,UNEVEN,2.9,3.0,SUNNY,29.2,0.0,6193.0,1402.0,8.5,0.201,48.9,1330.0,634.8,759.7
TH03188,,ARTICULATED_HAULER,AH-140D2,Hauling,INTERMEDIATE,7.7,SAND,1.5,1299.6,ROLLING,3.9,11.5,RAINY,14.6,2.5,1066.0,792.0,7.4,0.099,37.5,1663.0,432.0,658.9
TH03189,,COMPACTOR,CP-986D2,Soil Compaction,EXPERT,23.4,CLAY,1.6,375.8,ROLLING,5.3,25.8,WINDY,31.0,0.0,6750.0,2638.0,8.3,0.133,45.7,1556.0,12.0,13.2
TH03190,,MOTOR_GRADER,MG-336GC,Road Preparation,EXPERT,18.2,CLAY,1.6,1933.4,FLAT,0.0,17.1,CLOUDY,22.0,0.0,4543.0,2509.0,10.0,0.145,60.4,1859.0,117.8,144.9
TH03191,,BACKHOE_LOADER,BL-986GC,Trenching,EXPERT,19.9,ASPHALT_MILLINGS,1.4,101.9,MOUNTAINOUS,17.8,12.4,SUNNY,20.0,0.0,8009.0,2692.0,7.3,0.117,34.8,1742.0,50.2,69.6
TH03192,,DOZER,DZ-972,Demolition,INTERMEDIATE,7.1,SAND,1.5,98.1,UNEVEN,1.7,17.0,RAINY,23.9,7.6,1171.0,3421.0,2.3,0.125,98.7,1529.0,38.8,55.4
TH03193,,BACKHOE_LOADER,BL-390,Trenching,INTERMEDIATE,7.0,ROCK_FILL,2.2,283.5,FLAT,2.9,24.0,SUNNY,18.3,0.0,6444.0,2073.0,10.5,0.253,80.3,1246.0,169.3,218.1
TH03194,,ARTICULATED_HAULER,AH-226D,Hauling,INTERMEDIATE,5.5,ROCK_FILL,2.2,1274.8,ROLLING,5.3,6.4,SUNNY,16.7,0.0,6634.0,805.0,2.4,0.178,58.0,1207.0,429.7,584.2
TH03195,,WHEEL_LOADER,WL-140XE,Material Stockpiling,BEGINNER,0.8,CRUSHED_STONE,1.7,750.5,UNEVEN,3.4,14.0,CLOUDY,34.2,0.0,3452.0,3395.0,8.1,0.3,54.6,1347.0,212.1,477.8
TH03196,,BACKHOE_LOADER,BL-220GC,Material Stockpiling,INTERMEDIATE,7.0,CLAY,1.6,189.3,UNEVEN,0.0,13.2,FOG,16.8,0.3,253.0,1535.0,3.0,0.212,35.9,1187.0,68.4,135.7
TH03197,,WHEEL_LOADER,WL-972XE,Material Stockpiling,INTERMEDIATE,5.5,SAND,1.5,1406.0,FLAT,0.0,13.4,CLOUDY,25.2,0.0,6532.0,2186.0,14.4,0.148,57.5,1842.0,305.9,485.3
TH03198,,WHEEL_LOADER,WL-390,Material Stockpiling,INTERMEDIATE,3.6,SAND,1.5,2454.1,UNEVEN,1.0,20.8,WINDY,17.3,0.0,,519.0,9.6,0.245,43.0,1575.0,510.9,705.6
TH03199,,EXCAVATOR,EX-320GC,Road Preparation,INTERMEDIATE,6.8,CRUSHED_STONE,1.7,1583.1,MOUNTAINOUS,8.5,15.0,SUNNY,24.7,0.0,7850.0,2639.0,5.3,0.011,53.3,1409.0,228.7,243.3
TH03200,,EXCAVATOR,EX-320GC,Trenching,INTERMEDIATE,7.7,ASPHALT_MILLINGS,1.4,507.1,MOUNTAINOUS,18.2,3.0,SUNNY,21.6,0.0,5238.0,1510.0,5.3,0.044,81.3,1554.0,294.9,388.8
TH03201,,DOZER,DZ-950D,Road Preparation,INTERMEDIATE,7.6,CRUSHED_STONE,1.7,787.4,MOUNTAINOUS,12.9,73.9,STORM,15.5,27.7,70.0,517.0,1.6,0.103,72.9,1873.0,55.8,186.4
TH03202,,DOZER,DZ-950D,Material Stockpiling,BEGINNER,0.6,GRAVEL,1.8,2350.4,MOUNTAINOUS,9.3,7.1,SUNNY,36.1,0.0,8004.0,2149.0,1.6,0.198,85.2,1509.0,673.0,1032.1
TH03203,,COMPACTOR,CP-972D2,Road Preparation,BEGINNER,0.6,GRAVEL,1.8,1145.3,MOUNTAINOUS,20.4,18.1,CLOUDY,14.1,0.0,5466.0,2313.0,4.2,0.278,63.0,1325.0,113.2,145.2
TH03204,,WHEEL_LOADER,WL-390,Material Loading,INTERMEDIATE,5.5,SAND,1.5,1006.0,UNEVEN,7.5,13.4,CLOUDY,27.0,0.0,4996.0,1626.0,9.6,0.08,72.8,1621.0,240.8,257.2
TH03205,,DOZER,DZ-349D,Road Preparation,INTERMEDIATE,6.4,SAND,1.5,1740.7,ROLLING,7.3,16.5,FOG,26.3,0.2,158.0,412.0,10.1,0.129,40.3,1681.0,127.1,221.3
TH03206,,ARTICULATED_HAULER,AH-140D2,Hauling,INTERMEDIATE,6.7,CRUSHED_STONE,1.7,1332.6,ROLLING,4.2,3.3,SUNNY,34.0,0.0,8885.0,513.0,7.4,0.095,55.4,1896.0,466.6,462.7
TH03207,,DOZER,DZ-972,Demolition,INTERMEDIATE,6.7,ROCK_FILL,2.2,1152.9,UNEVEN,0.2,25.2,WINDY,10.2,0.0,5969.0,2654.0,2.3,0.094,43.6,1350.0,446.0,550.9
TH03208,,BACKHOE_LOADER,BL-390,Trenching,BEGINNER,0.8,SAND,1.5,95.1,FLAT,6.3,3.0,SUNNY,21.5,0.0,6687.0,1449.0,10.5,0.316,71.3,1645.0,76.0,86.3
TH03209,,EXCAVATOR,EX-390D2,Earth Excavation,BEGINNER,0.8,TOPSOIL,1.3,377.4,FLAT,3.8,18.3,SUNNY,24.5,0.0,7242.0,2300.0,14.3,0.217,81.7,1677.0,149.6,167.3
TH03210,,EXCAVATOR,EX-140GC,Demolition,INTERMEDIATE,6.8,SAND,1.5,153.7,UNEVEN,0.0,18.3,CLOUDY,26.6,0.0,8526.0,1042.0,5.6,0.119,83.0,1674.0,61.9,60.0
TH03211,,WHEEL_LOADER,WL-390,Hauling,INTERMEDIATE,3.0,SAND,1.5,675.5,UNEVEN,1.4,5.2,SUNNY,25.1,0.0,9575.0,2225.0,9.6,0.057,50.4,1515.0,499.9,650.1
TH03212,,EXCAVATOR,EX-320GC,Demolition,EXPERT,11.3,ASPHALT_MILLINGS,1.4,1172.3,MOUNTAINOUS,8.3,9.6,CLOUDY,17.4,0.0,8975.0,2774.0,5.3,0.118,50.2,1734.0,412.7,401.0
TH03213,,ARTICULATED_HAULER,AH-226D,Hauling,EXPERT,23.6,CRUSHED_STONE,1.7,1345.7,ROLLING,8.8,12.5,SUNNY,24.5,0.0,5296.0,3069.0,2.4,0.115,54.9,1936.0,408.2,700.4
TH03214,,COMPACTOR,CP-950,Soil Compaction,BEGINNER,1.6,GRAVEL,1.8,2756.5,ROLLING,6.0,53.0,RAINY,24.4,10.6,1401.0,3452.0,3.4,0.268,51.3,1974.0,124.6,194.4
TH03215,,EXCAVATOR,EX-390D2,Soil Compaction,EXPERT,14.9,GRAVEL,1.8,2243.3,FLAT,0.0,8.3,SUNNY,25.1,0.0,7829.0,945.0,14.3,0.106,51.2,1222.0,146.2,153.6
TH03216,,ARTICULATED_HAULER,AH-140D2,Hauling,BEGINNER,2.3,CLAY,1.6,1412.6,ROLLING,4.1,22.3,CLOUDY,26.5,0.0,6678.0,859.0,7.4,0.136,67.8,1699.0,611.9,600.8
TH03217,,WHEEL_LOADER,WL-390,Material Stockpiling,INTERMEDIATE,5.5,TOPSOIL,1.3,2380.7,UNEVEN,6.8,11.6,RAINY,20.3,3.1,586.0,453.0,9.6,0.066,69.4,1735.0,509.7,797.5
TH03218,,EXCAVATOR,EX-220XE,Demolition,EXPERT,18.2,ROCK_FILL,2.2,613.1,ROLLING,2.5,7.3,RAINY,40.2,1.2,1044.0,577.0,10.9,0.27,84.6,1415.0,215.1,326.3
TH03219,,EXCAVATOR,EX-226D2,Trenching,BEGINNER,0.8,CLAY,1.6,112.7,MOUNTAINOUS,17.0,11.5,CLOUDY,19.8,0.0,7037.0,2562.0,1.1,0.169,,1519.0,87.9,111.2
TH03220,,EXCAVATOR,EX-226XE,Trenching,INTERMEDIATE,6.7,CLAY,1.6,483.6,FLAT,1.9,17.7,CLOUDY,28.6,0.0,8590.0,805.0,13.8,0.053,13.4,1533.0,283.5,289.4
TH03221,,BACKHOE_LOADER,BL-390D2,Trenching,INTERMEDIATE,7.7,TOPSOIL,1.3,529.4,UNEVEN,5.4,15.8,WINDY,34.7,0.0,5221.0,1704.0,4.2,0.065,47.8,1827.0,306.8,329.7
TH03222,,EXCAVATOR,EX-140GC,Earth Excavation,INTERMEDIATE,3.9,TOPSOIL,1.3,930.6,UNEVEN,0.0,5.9,CLOUDY,31.6,0.0,5444.0,546.0,5.6,0.181,78.8,1909.0,279.1,303.5
TH03223,,WHEEL_LOADER,WL-390,Material Loading,BEGINNER,2.3,GRAVEL,1.8,1209.4,UNEVEN,0.1,10.3,SUNNY,19.3,0.0,7732.0,2072.0,9.6,0.079,,1078.0,363.2,375.8
TH03224,,DOZER,DZ-160GC,Earth Excavation,EXPERT,17.3,CRUSHED_STONE,1.7,1030.4,MOUNTAINOUS,15.8,27.8,RAINY,26.4,9.1,1330.0,2035.0,14.4,0.178,50.9,1379.0,513.3,972.4
TH03225,,MOTOR_GRADER,MG-986XE,Earth Excavation,INTERMEDIATE,6.3,ASPHALT_MILLINGS,1.4,1274.8,FLAT,0.9,11.3,CLOUDY,25.7,0.0,7374.0,1385.0,12.4,0.152,35.4,1281.0,790.7,844.7
TH03226,,DOZER,DZ-950D,Earth Excavation,BEGINNER,0.8,ROCK_FILL,2.2,1205.5,MOUNTAINOUS,12.7,3.0,SUNNY,25.9,0.0,9805.0,1903.0,1.6,0.292,77.8,1727.0,847.0,1119.9
TH03227,,DOZER,DZ-160GC,Demolition,EXPERT,22.8,CRUSHED_STONE,1.7,328.6,MOUNTAINOUS,18.0,17.8,CLOUDY,21.9,0.0,3480.0,691.0,14.4,0.037,86.8,1353.0,111.1,155.0
TH03228,,EXCAVATOR,EX-320GC,Trenching,EXPERT,23.4,ASPHALT_MILLINGS,1.4,475.1,MOUNTAINOUS,9.4,17.6,WINDY,20.7,0.0,7703.0,2310.0,5.3,0.083,71.4,1378.0,247.3,262.8
TH03229,,DOZER,DZ-986GC,Material Stockpiling,EXPERT,7.3,ASPHALT_MILLINGS,1.4,436.9,FLAT,0.0,13.1,SUNNY,21.9,0.0,5507.0,3219.0,12.0,0.01,41.7,2021.0,81.8,125.1
TH03230,,COMPACTOR,CP-950,Road Preparation,BEGINNER,2.0,CLAY,1.6,5499.8,ROLLING,0.0,20.2,SUNNY,14.7,0.0,8308.0,3145.0,3.4,0.14,35.3,1742.0,498.1,485.3
TH03231,,EXCAVATOR,EX-972XE,Demolition,INTERMEDIATE,7.0,GRAVEL,1.8,577.5,FLAT,5.9,10.2,RAINY,14.9,2.6,453.0,514.0,3.7,0.238,60.0,1416.0,227.5,394.2
TH03232,,DOZER,DZ-986D2,Material Stockpiling,INTERMEDIATE,7.6,ASPHALT_MILLINGS,1.4,2428.1,FLAT,3.9,30.8,RAINY,35.6,10.4,1514.0,1087.0,13.6,0.091,97.3,1541.0,514.7,907.1
TH03233,,EXCAVATOR,EX-336XE,Earth Excavation,BEGINNER,1.0,ASPHALT_MILLINGS,1.4,975.8,UNEVEN,2.8,20.7,SUNNY,18.7,0.0,6902.0,2640.0,4.7,0.182,54.3,1206.0,379.7,422.2
TH03234,,MOTOR_GRADER,MG-336GC,Material Stockpiling,INTERMEDIATE,4.4,ROCK_FILL,2.2,656.1,FLAT,2.6,19.8,SUNNY,21.9,0.0,5998.0,1999.0,10.0,0.225,27.6,1773.0,231.9,378.7
TH03235,,EXCAVATOR,EX-226XE,Material Stockpiling,EXPERT,23.4,ASPHALT_MILLINGS,1.4,2112.9,FLAT,0.0,21.7,RAINY,20.0,2.6,1376.0,1589.0,13.8,0.149,51.1,1936.0,802.8,1352.3
TH03236,,WHEEL_LOADER,WL-336,Material Loading,BEGINNER,2.3,ASPHALT_MILLINGS,1.4,2387.7,ROLLING,6.7,13.7,SUNNY,15.3,0.0,6776.0,2192.0,7.7,0.303,35.7,1618.0,746.7,898.0
TH03237,,BACKHOE_LOADER,BL-220GC,Trenching,INTERMEDIATE,7.0,CRUSHED_STONE,1.7,255.2,UNEVEN,1.1,8.5,WINDY,28.6,0.0,6888.0,255.0,3.0,0.103,74.4,1512.0,145.0,116.8
TH03238,,EXCAVATOR,EX-220XE,Demolition,INTERMEDIATE,5.0,CLAY,1.6,117.5,ROLLING,2.3,23.9,RAINY,30.8,7.6,1881.0,2272.0,10.9,0.063,63.3,2059.0,47.7,60.3
TH03239,,EXCAVATOR,EX-140GC,Material Loading,BEGINNER,1.4,TOPSOIL,1.3,470.2,UNEVEN,0.0,25.7,RAINY,32.7,8.4,1535.0,373.0,5.6,0.272,67.0,1636.0,145.0,200.8
TH03240,,WHEEL_LOADER,WL-390,Soil Compaction,BEGINNER,0.5,ASPHALT_MILLINGS,1.4,4280.9,UNEVEN,2.3,64.6,STORM,22.8,25.5,384.0,3029.0,9.6,0.319,61.0,1734.0,472.1,1582.4
TH03241,,ARTICULATED_HAULER,AH-120D2,Hauling,EXPERT,22.8,ASPHALT_MILLINGS,1.4,430.0,UNEVEN,4.0,24.1,SUNNY,20.8,0.0,9150.0,1923.0,2.8,0.097,52.3,1568.0,128.8,160.0
TH03242,,EXCAVATOR,EX-972XE,Hauling,INTERMEDIATE,5.1,ASPHALT_MILLINGS,1.4,802.9,FLAT,0.0,16.2,SUNNY,17.7,0.0,6489.0,1527.0,3.7,0.087,,1996.0,633.1,780.4
TH03243,,MOTOR_GRADER,MG-336GC,Grading,BEGINNER,1.5,ASPHALT_MILLINGS,1.4,4557.4,FLAT,0.0,3.0,SUNNY,17.1,0.0,9475.0,1327.0,10.0,0.278,21.6,1349.0,291.5,338.3
TH03244,,EXCAVATOR,EX-220XE,Demolition,EXPERT,12.7,CLAY,1.6,390.9,ROLLING,7.6,19.1,SUNNY,27.9,0.0,6597.0,2712.0,10.9,0.01,72.2,1301.0,131.6,139.5
TH03245,,EXCAVATOR,EX-972,Material Loading,INTERMEDIATE,2.7,CLAY,1.6,560.8,UNEVEN,6.9,36.0,RAINY,32.5,14.6,526.0,795.0,7.8,0.121,51.3,1872.0,144.7,202.5
TH03246,,BACKHOE_LOADER,BL-986GC,Trenching,EXPERT,17.3,GRAVEL,1.8,45.5,MOUNTAINOUS,9.4,15.5,RAINY,19.9,7.7,1367.0,1214.0,7.3,0.165,60.1,1609.0,23.1,37.2
TH03247,,BACKHOE_LOADER,BL-390D2,Trenching,BEGINNER,2.3,ASPHALT_MILLINGS,1.4,495.7,UNEVEN,7.4,16.2,CLOUDY,37.8,0.0,7455.0,1365.0,4.2,0.043,44.4,1816.0,358.0,399.3
TH03248,,MOTOR_GRADER,MG-986XE,Grading,EXPERT,22.8,TOPSOIL,1.3,4477.6,FLAT,0.8,3.0,SUNNY,21.4,0.0,9950.0,2280.0,12.4,0.153,87.9,1898.0,176.1,205.2
TH03249,,ARTICULATED_HAULER,AH-336,Hauling,BEGINNER,1.5,ROCK_FILL,2.2,610.0,UNEVEN,4.9,5.7,WINDY,24.9,0.0,6647.0,2936.0,8.5,0.29,84.3,1065.0,280.6,722.7
TH03250,,EXCAVATOR,EX-320GC,Material Loading,INTERMEDIATE,7.1,CLAY,1.6,2487.4,MOUNTAINOUS,17.5,13.6,WINDY,19.5,0.0,3811.0,2056.0,5.3,0.099,32.6,1468.0,588.3,776.6
TH03251,,WHEEL_LOADER,WL-986,Material Loading,INTERMEDIATE,4.4,TOPSOIL,1.3,1424.5,MOUNTAINOUS,18.1,15.6,SUNNY,4.4,0.0,8789.0,3295.0,11.8,0.158,60.7,1716.0,337.8,439.9
TH03252,,BACKHOE_LOADER,BL-220GC,Road Preparation,INTERMEDIATE,6.7,CLAY,1.6,4034.1,UNEVEN,0.0,3.0,FOG,12.1,0.1,208.0,2418.0,3.0,0.01,49.2,1678.0,547.8,742.6
TH03253,,COMPACTOR,CP-986D2,Material Loading,BEGINNER,1.4,SAND,1.5,803.6,ROLLING,6.3,16.3,CLOUDY,,0.0,7610.0,3445.0,8.3,0.21,50.4,1233.0,400.8,403.8
TH03254,,BACKHOE_LOADER,BL-986GC,Material Stockpiling,INTERMEDIATE,2.1,ASPHALT_MILLINGS,1.4,497.3,MOUNTAINOUS,13.0,3.0,CLOUDY,27.6,0.0,6605.0,2388.0,7.3,0.178,41.1,1252.0,241.7,388.8
TH03255,,MOTOR_GRADER,MG-336GC,Earth Excavation,BEGINNER,1.4,CLAY,1.6,771.2,FLAT,8.9,3.0,SUNNY,20.1,0.0,8900.0,485.0,10.0,0.173,54.2,1969.0,563.4,701.7
TH03256,,EXCAVATOR,EX-972,Demolition,BEGINNER,0.5,ASPHALT_MILLINGS,1.4,1303.9,UNEVEN,1.9,16.1,SUNNY,22.9,0.0,7031.0,371.0,7.8,0.237,60.3,1264.0,716.3,820.5
TH03257,,EXCAVATOR,EX-972,Trenching,EXPERT,14.9,SAND,1.5,70.0,UNEVEN,4.8,8.9,SUNNY,,0.0,7024.0,3416.0,7.8,0.099,39.8,1240.0,35.5,37.6
TH03258,,MOTOR_GRADER,MG-390D2,Road Preparation,BEGINNER,2.3,GRAVEL,1.8,669.3,FLAT,1.2,56.4,RAINY,20.2,11.8,654.0,1748.0,8.3,0.259,47.1,1555.0,59.2,131.2
TH03259,,EXCAVATOR,EX-972XE,Hauling,INTERMEDIATE,5.0,ROCK_FILL,2.2,1602.7,FLAT,0.0,45.0,STORM,33.9,14.0,384.0,3008.0,3.7,0.107,59.7,1780.0,917.4,3264.3
TH03260,,DOZER,DZ-972,Material Stockpiling,INTERMEDIATE,7.7,CRUSHED_STONE,1.7,2353.9,UNEVEN,3.2,7.1,WINDY,26.7,0.0,4219.0,2747.0,2.3,0.183,23.1,2303.0,504.3,958.0
TH03261,,BACKHOE_LOADER,BL-986GC,Trenching,EXPERT,23.6,ROCK_FILL,2.2,245.0,MOUNTAINOUS,14.2,52.1,STORM,23.3,21.2,103.0,1566.0,7.3,0.124,48.5,1307.0,118.5,457.5
TH03262,,DOZER,DZ-986GC,Soil Compaction,INTERMEDIATE,7.1,SAND,1.5,3427.5,FLAT,0.0,19.8,FOG,25.5,0.7,280.0,3111.0,12.0,0.256,79.6,1683.0,233.5,421.8
TH03263,,DOZER,DZ-160GC,Demolition,INTERMEDIATE,5.1,TOPSOIL,1.3,1003.6,MOUNTAINOUS,22.1,24.1,CLOUDY,13.7,0.0,5222.0,312.0,14.4,0.201,49.2,2063.0,406.1,624.1
TH03264,,EXCAVATOR,EX-336XE,Material Stockpiling,INTERMEDIATE,7.0,CLAY,1.6,1430.8,UNEVEN,5.3,9.9,SUNNY,29.8,0.0,8786.0,1315.0,4.7,0.124,86.0,1544.0,592.3,734.7
TH03265,,BACKHOE_LOADER,BL-986GC,Trenching,INTERMEDIATE,3.0,ROCK_FILL,2.2,439.8,ROLLING,12.7,30.8,RAINY,23.2,8.9,1554.0,2319.0,10.6,0.072,58.7,1503.0,271.0,451.7
TH03266,,ARTICULATED_HAULER,AH-336,Hauling,INTERMEDIATE,4.4,TOPSOIL,1.3,1698.0,UNEVEN,4.2,31.5,RAINY,13.0,11.6,1381.0,721.0,8.5,0.275,65.5,1761.0,574.7,934.1
TH03267,,BACKHOE_LOADER,BL-390D2,Material Loading,INTERMEDIATE,5.0,CRUSHED_STONE,1.7,753.6,UNEVEN,0.0,3.0,SUNNY,,0.0,8258.0,2717.0,4.2,0.056,51.3,1884.0,370.6,365.7
TH03268,,COMPACTOR,CP-986D2,Material Stockpiling,INTERMEDIATE,6.7,TOPSOIL,1.3,1910.0,ROLLING,6.5,21.4,SUNNY,10.1,0.0,,2362.0,8.3,0.01,53.6,1790.0,677.5,1042.1
TH03269,,BACKHOE_LOADER,BL-986D,Trenching,INTERMEDIATE,7.0,CRUSHED_STONE,1.7,479.3,FLAT,1.9,12.2,WINDY,35.2,0.0,5736.0,1372.0,12.0,0.165,91.3,1583.0,275.9,287.6
TH03270,,EXCAVATOR,EX-972XE,Earth Excavation,BEGINNER,0.5,TOPSOIL,1.3,903.7,FLAT,0.0,6.3,CLOUDY,25.3,0.0,3155.0,673.0,3.7,0.219,90.1,1140.0,366.1,383.5
TH03271,,EXCAVATOR,EX-140GC,Grading,INTERMEDIATE,6.8,ROCK_FILL,2.2,3004.8,UNEVEN,0.0,18.1,SUNNY,38.0,0.0,7308.0,3386.0,5.6,0.088,18.0,1356.0,278.8,286.4
TH03272,,BACKHOE_LOADER,BL-986D,Trenching,EXPERT,7.3,CLAY,1.6,291.2,FLAT,3.0,15.3,WINDY,23.6,0.0,4939.0,1858.0,12.0,0.027,66.1,2261.0,142.9,150.1
TH03273,,MOTOR_GRADER,MG-986XE,Soil Compaction,INTERMEDIATE,3.9,ASPHALT_MILLINGS,1.4,3316.3,FLAT,0.0,12.0,SUNNY,17.9,0.0,6547.0,176.0,12.4,0.184,60.1,2154.0,261.3,231.8
TH03274,,COMPACTOR,CP-986D2,Soil Compaction,INTERMEDIATE,4.6,SAND,1.5,5248.2,ROLLING,4.8,12.9,SUNNY,31.9,0.0,7197.0,897.0,8.3,0.129,87.2,1299.0,195.1,197.1
TH03275,,BACKHOE_LOADER,BL-986GC,Trenching,EXPERT,14.9,CRUSHED_STONE,1.7,147.9,MOUNTAINOUS,11.8,9.1,WINDY,27.4,0.0,7663.0,3222.0,7.3,0.049,41.7,1421.0,73.6,87.4
TH03276,,MOTOR_GRADER,MG-160D,Grading,INTERMEDIATE,3.9,SAND,1.5,5325.1,UNEVEN,0.8,13.4,WINDY,28.7,0.0,4097.0,1458.0,7.7,0.19,64.8,1699.0,249.3,313.0
TH03277,,WHEEL_LOADER,WL-140XE,Hauling,BEGINNER,0.5,ROCK_FILL,2.2,2459.0,UNEVEN,3.0,5.3,SUNNY,30.1,0.0,5487.0,3208.0,8.1,0.193,88.2,1652.0,2415.0,4514.8
TH03278,,EXCAVATOR,EX-320GC,Material Loading,INTERMEDIATE,3.9,GRAVEL,1.8,1188.0,MOUNTAINOUS,10.3,3.0,WINDY,25.5,0.0,8109.0,2132.0,5.3,0.268,35.4,1746.0,284.0,395.4
TH03279,,WHEEL_LOADER,WL-140XE,Material Stockpiling,EXPERT,23.4,GRAVEL,1.8,1861.9,UNEVEN,0.0,12.2,SUNNY,22.9,0.0,9291.0,3332.0,8.1,0.149,21.4,1460.0,344.3,665.1
TH03280,,EXCAVATOR,EX-336XE,Trenching,EXPERT,18.2,CRUSHED_STONE,1.7,177.8,UNEVEN,3.4,7.1,CLOUDY,26.4,0.0,7580.0,173.0,4.7,0.196,51.1,1617.0,92.2,90.0
TH03281,,BACKHOE_LOADER,BL-986D,Trenching,INTERMEDIATE,6.4,CLAY,1.6,366.4,FLAT,0.0,3.0,CLOUDY,10.3,0.0,8666.0,2419.0,12.0,0.091,67.4,1576.0,210.7,237.9
TH03282,,EXCAVATOR,EX-320GC,Earth Excavation,BEGINNER,0.5,GRAVEL,1.8,674.7,MOUNTAINOUS,10.9,9.8,WINDY,22.7,0.0,7189.0,3360.0,5.3,0.266,59.4,1480.0,266.4,425.6
TH03283,,BACKHOE_LOADER,BL-986GC,Trenching,BEGINNER,1.6,CRUSHED_STONE,1.7,43.2,ROLLING,4.9,15.1,SUNNY,17.3,0.0,9892.0,709.0,10.6,0.24,61.5,1265.0,31.9,29.1
TH03284,,EXCAVATOR,EX-226D2,Earth Excavation,INTERMEDIATE,5.5,GRAVEL,1.8,1373.8,MOUNTAINOUS,13.3,8.8,SUNNY,30.1,0.0,5717.0,2530.0,1.1,0.142,72.0,1667.0,391.1,508.2
TH03285,,EXCAVATOR,EX-390D2,Trenching,INTERMEDIATE,2.6,TOPSOIL,1.3,186.7,FLAT,0.0,7.0,SUNNY,25.5,0.0,5737.0,3362.0,14.3,0.17,41.6,1759.0,117.8,117.1
TH03286,,DOZER,DZ-972,Demolition,INTERMEDIATE,3.0,ROCK_FILL,2.2,351.5,UNEVEN,5.9,10.6,CLOUDY,32.4,0.0,3399.0,1110.0,2.3,0.098,82.5,1689.0,151.4,173.1
TH03287,,WHEEL_LOADER,WL-390,Earth Excavation,BEGINNER,0.5,TOPSOIL,1.3,1016.7,UNEVEN,0.0,12.9,WINDY,16.8,0.0,6788.0,3407.0,9.6,0.303,100.0,1440.0,835.2,1113.8
TH03288,,MOTOR_GRADER,MG-390D2,Grading,EXPERT,18.2,GRAVEL,1.8,2511.6,FLAT,0.0,27.9,RAINY,30.3,1.8,1776.0,273.0,8.3,0.125,82.1,1775.0,104.2,115.5
TH03289,,BACKHOE_LOADER,BL-390,Trenching,INTERMEDIATE,5.5,ROCK_FILL,2.2,144.1,FLAT,0.0,7.8,WINDY,12.8,0.0,5006.0,3240.0,10.5,0.01,68.0,1925.0,85.9,93.8
TH03290,,WHEEL_LOADER,WL-390D2,Material Stockpiling,INTERMEDIATE,7.7,CLAY,1.6,713.8,ROLLING,10.6,3.0,SUNNY,,0.0,5978.0,2560.0,14.3,0.01,45.3,1730.0,146.4,246.1
TH03291,,MOTOR_GRADER,MG-336GC,Grading,BEGINNER,1.8,GRAVEL,1.8,3388.7,FLAT,5.4,14.2,SUNNY,21.0,0.0,9232.0,637.0,10.0,0.227,42.1,2400.0,215.0,276.5
TH03292,,DOZER,DZ-950D,Road Preparation,EXPERT,15.9,ASPHALT_MILLINGS,1.4,2035.1,MOUNTAINOUS,15.6,36.8,SUNNY,23.8,0.0,5506.0,2100.0,1.6,0.105,44.7,1908.0,123.7,153.8
TH03293,,MOTOR_GRADER,MG-986XE,Grading,EXPERT,23.4,CRUSHED_STONE,1.7,700.2,FLAT,0.0,4.6,SUNNY,22.9,0.0,8055.0,2247.0,12.4,0.095,47.5,1594.0,28.2,25.4
TH03294,,WHEEL_LOADER,WL-986,Material Loading,INTERMEDIATE,7.6,ASPHALT_MILLINGS,1.4,261.9,MOUNTAINOUS,16.6,13.9,CLOUDY,9.5,0.0,7495.0,730.0,11.8,0.045,18.6,1604.0,60.1,70.0
TH03295,,BACKHOE_LOADER,BL-986GC,Trenching,INTERMEDIATE,7.1,CRUSHED_STONE,1.7,365.9,MOUNTAINOUS,15.9,18.1,CLOUDY,24.4,0.0,4547.0,2692.0,7.3,0.161,41.1,1348.0,207.7,310.6
TH03296,,COMPACTOR,CP-950,Soil Compaction,BEGINNER,1.0,SAND,1.5,2299.9,ROLLING,5.5,18.3,CLOUDY,15.2,0.0,4519.0,779.0,3.4,0.241,46.8,1390.0,108.3,109.8
TH03297,,MOTOR_GRADER,MG-336GC,Grading,EXPERT,7.3,ASPHALT_MILLINGS,1.4,2382.1,FLAT,0.3,58.4,STORM,19.2,25.9,112.0,533.0,10.0,0.029,41.4,2361.0,94.7,226.9
TH03298,,WHEEL_LOADER,WL-390,Material Stockpiling,BEGINNER,0.8,GRAVEL,1.8,588.0,UNEVEN,1.8,5.7,SUNNY,21.1,0.0,7045.0,2648.0,9.6,0.278,27.8,1811.0,163.3,291.0
TH03299,,EXCAVATOR,EX-226XE,Trenching,EXPERT,7.3,GRAVEL,1.8,534.4,FLAT,0.0,24.9,CLOUDY,18.5,0.0,8937.0,1674.0,13.8,0.034,66.9,2151.0,266.1,260.0
TH03300,,WHEEL_LOADER,WL-390D2,Material Stockpiling,EXPERT,23.6,CLAY,1.6,496.8,ROLLING,6.9,15.7,FOG,31.1,0.2,133.0,487.0,14.3,0.138,11.3,1974.0,87.1,158.8
TH03301,,BACKHOE_LOADER,BL-986GC,Earth Excavation,BEGINNER,2.5,CRUSHED_STONE,1.7,740.4,ROLLING,5.8,14.5,RAINY,40.8,5.9,864.0,3348.0,10.6,0.085,37.2,1897.0,456.1,809.5
TH03302,,ARTICULATED_HAULER,AH-349D,Hauling,INTERMEDIATE,7.0,CRUSHED_STONE,1.7,2316.9,ROLLING,11.6,12.6,SUNNY,32.2,0.0,9039.0,1306.0,0.8,0.178,39.9,1273.0,777.3,1312.0
TH03303,,MOTOR_GRADER,MG-336GC,Grading,BEGINNER,0.5,CLAY,1.6,3345.7,FLAT,4.1,18.3,WINDY,40.4,0.0,5336.0,2741.0,10.0,0.151,20.2,1347.0,207.6,284.6
TH03304,,EXCAVATOR,EX-140GC,Material Loading,INTERMEDIATE,7.0,ROCK_FILL,2.2,652.4,UNEVEN,0.0,27.9,CLOUDY,13.2,0.0,4175.0,704.0,5.6,0.1,44.1,1489.0,153.5,137.5
TH03305,,MOTOR_GRADER,MG-390D2,Grading,INTERMEDIATE,5.5,GRAVEL,1.8,1300.9,FLAT,1.3,20.4,CLOUDY,19.6,0.0,5283.0,1906.0,8.3,0.17,52.4,1570.0,62.1,57.8
TH03306,,DOZER,DZ-349D,Demolition,EXPERT,17.3,TOPSOIL,1.3,233.9,ROLLING,7.7,29.3,SUNNY,28.2,0.0,,178.0,10.1,0.196,55.9,1258.0,79.8,84.2
TH03307,,BACKHOE_LOADER,BL-986GC,Trenching,INTERMEDIATE,5.8,CLAY,1.6,281.2,ROLLING,9.0,3.0,WINDY,34.4,0.0,4437.0,914.0,10.6,0.122,48.8,1540.0,161.5,205.2
TH03308,,DOZER,DZ-160GC,Road Preparation,INTERMEDIATE,5.1,CLAY,1.6,4497.2,MOUNTAINOUS,25.9,19.0,CLOUDY,,0.0,5727.0,263.0,14.4,0.159,67.9,2184.0,319.7,540.0
TH03309,,BACKHOE_LOADER,BL-220GC,Trenching,BEGINNER,1.0,TOPSOIL,1.3,508.4,UNEVEN,1.9,64.4,STORM,31.4,26.9,156.0,2915.0,3.0,0.25,59.6,1198.0,393.6,1418.5
TH03310,,EXCAVATOR,EX-220XE,Earth Excavation,BEGINNER,2.0,ROCK_FILL,2.2,325.0,ROLLING,7.6,3.0,SUNNY,13.5,0.0,8574.0,314.0,10.9,0.21,52.7,1334.0,124.0,153.5
TH03311,,MOTOR_GRADER,MG-986XE,Grading,INTERMEDIATE,2.1,SAND,1.5,4502.6,FLAT,4.7,26.2,CLOUDY,21.1,0.0,3000.0,1513.0,12.4,0.14,82.6,1734.0,231.1,228.5
TH03312,,WHEEL_LOADER,WL-390,Material Stockpiling,INTERMEDIATE,5.8,CLAY,1.6,789.6,UNEVEN,8.4,45.8,RAINY,30.5,12.3,694.0,1802.0,9.6,0.147,41.3,1549.0,168.6,418.8
TH03313,,MOTOR_GRADER,MG-220D2,Grading,INTERMEDIATE,7.6,GRAVEL,1.8,3033.9,UNEVEN,3.6,47.9,STORM,40.5,22.5,393.0,1777.0,1.2,0.037,,1717.0,140.1,351.9
TH03314,,EXCAVATOR,EX-972XE,Material Stockpiling,INTERMEDIATE,7.7,SAND,1.5,1466.6,FLAT,0.0,16.6,CLOUDY,20.7,0.0,4183.0,2347.0,3.7,0.019,100.0,1611.0,521.0,601.2
TH03315,,BACKHOE_LOADER,BL-390,Trenching,EXPERT,11.3,ROCK_FILL,2.2,129.9,FLAT,6.6,10.7,SUNNY,42.1,0.0,8594.0,660.0,10.5,0.072,16.3,2124.0,67.1,80.2
TH03316,,EXCAVATOR,EX-336XE,Material Loading,INTERMEDIATE,7.0,GRAVEL,1.8,2105.2,UNEVEN,0.0,21.1,FOG,20.6,0.5,243.0,1955.0,4.7,0.152,44.6,1120.0,502.8,831.0
TH03317,,ARTICULATED_HAULER,AH-349D,Road Preparation,EXPERT,11.3,SAND,1.5,2302.7,ROLLING,9.4,12.8,WINDY,29.7,0.0,7424.0,955.0,0.8,0.079,68.8,2036.0,240.5,291.9
TH03318,,COMPACTOR,CP-986D2,Road Preparation,INTERMEDIATE,7.0,CLAY,1.6,2857.1,ROLLING,9.1,27.4,SUNNY,16.6,0.0,7755.0,2485.0,8.3,0.19,55.6,1573.0,205.4,268.6
TH03319,,WHEEL_LOADER,WL-336,Grading,EXPERT,19.9,GRAVEL,1.8,1256.3,ROLLING,11.4,47.1,STORM,15.2,22.8,167.0,2240.0,7.7,0.094,84.8,1679.0,114.5,353.5
TH03320,,BACKHOE_LOADER,BL-986GC,Trenching,INTERMEDIATE,6.3,CRUSHED_STONE,1.7,74.3,MOUNTAINOUS,13.8,5.9,SUNNY,21.4,0.0,8505.0,235.0,7.3,0.212,19.3,1441.0,42.6,62.1
TH03321,,EXCAVATOR,EX-226D2,Material Loading,INTERMEDIATE,3.0,SAND,1.5,2244.9,MOUNTAINOUS,19.1,22.3,RAINY,21.3,2.9,1364.0,3447.0,1.1,0.169,53.8,1433.0,565.7,1175.1
TH03322,,BACKHOE_LOADER,BL-390D2,Trenching,BEGINNER,1.5,SAND,1.5,434.6,UNEVEN,5.4,18.5,CLOUDY,13.2,0.0,5330.0,2653.0,4.2,0.246,57.8,1218.0,326.4,368.3
TH03323,,DOZER,DZ-972,Road Preparation,BEGINNER,0.5,CRUSHED_STONE,1.7,3325.3,UNEVEN,5.2,11.2,CLOUDY,22.8,0.0,4199.0,865.0,2.3,0.127,27.6,1452.0,329.2,401.8
TH03324,,EXCAVATOR,EX-320GC,Trenching,EXPERT,17.3,SAND,1.5,63.5,MOUNTAINOUS,5.9,12.8,FOG,33.1,0.3,127.0,2089.0,5.3,0.149,92.3,1549.0,30.8,53.7
TH03325,,EXCAVATOR,EX-950D2,Demolition,INTERMEDIATE,5.0,GRAVEL,1.8,726.6,HILLY,13.7,3.0,SUNNY,18.9,0.0,7123.0,1892.0,3.2,0.129,72.1,1818.0,283.6,355.3
TH03326,,MOTOR_GRADER,MG-390D2,Road Preparation,EXPERT,12.7,CRUSHED_STONE,1.7,2765.8,FLAT,0.6,35.2,RAINY,30.0,11.1,1371.0,2347.0,8.3,0.017,49.7,1367.0,173.0,229.5
TH03327,,EXCAVATOR,EX-972XE,Material Loading,EXPERT,12.7,ROCK_FILL,2.2,859.5,FLAT,0.0,6.1,CLOUDY,17.3,0.0,7727.0,3090.0,3.7,0.01,75.6,1433.0,170.3,186.0
TH03328,,MOTOR_GRADER,MG-390D2,Grading,INTERMEDIATE,5.8,ASPHALT_MILLINGS,1.4,5428.5,FLAT,6.3,10.1,WINDY,19.3,0.0,,549.0,8.3,0.021,68.1,1958.0,248.8,302.1
TH03329,,DOZER,DZ-986D2,Material Stockpiling,EXPERT,22.8,SAND,1.5,1048.7,FLAT,2.1,12.3,FOG,21.4,0.3,239.0,1821.0,13.6,0.092,89.7,1610.0,197.0,402.6
TH03330,,EXCAVATOR,EX-336XE,Material Loading,EXPERT,12.7,CRUSHED_STONE,1.7,1527.8,UNEVEN,3.3,9.3,SUNNY,17.5,0.0,6317.0,1048.0,4.7,0.095,19.4,1344.0,311.1,305.5
TH03331,,MOTOR_GRADER,MG-986XE,Road Preparation,BEGINNER,1.5,SAND,1.5,4753.4,FLAT,0.0,26.5,RAINY,27.2,4.4,1874.0,2758.0,12.4,0.315,48.2,1554.0,450.9,757.9
TH03332,,EXCAVATOR,EX-972XE,Trenching,BEGINNER,0.5,GRAVEL,1.8,494.0,FLAT,0.0,8.4,CLOUDY,31.8,0.0,5815.0,2442.0,3.7,0.224,100.0,1848.0,402.2,493.1
TH03333,,BACKHOE_LOADER,BL-390,Road Preparation,EXPERT,17.3,CLAY,1.6,2859.2,FLAT,0.0,34.2,STORM,20.0,14.5,208.0,907.0,10.5,0.115,60.2,1240.0,305.4,717.0
TH03334,,MOTOR_GRADER,MG-160D,Material Stockpiling,INTERMEDIATE,7.1,ASPHALT_MILLINGS,1.4,265.7,UNEVEN,4.4,26.5,SUNNY,29.9,0.0,9815.0,2635.0,7.7,0.193,52.4,1367.0,103.3,166.7
TH03335,,DOZER,DZ-950D,Road Preparation,EXPERT,17.3,CRUSHED_STONE,1.7,1323.2,MOUNTAINOUS,13.4,11.1,RAINY,26.6,9.2,,1085.0,1.6,0.222,24.7,1737.0,80.0,141.8
TH03336,,EXCAVATOR,EX-226D2,Demolition,EXPERT,20.5,GRAVEL,1.8,704.0,MOUNTAINOUS,19.8,25.7,SUNNY,27.1,0.0,7771.0,2275.0,1.1,0.199,51.2,1248.0,235.8,309.3
TH03337,,COMPACTOR,CP-986D2,Earth Excavation,INTERMEDIATE,3.6,SAND,1.5,673.4,ROLLING,5.1,19.9,RAINY,31.9,2.5,1181.0,324.0,8.3,0.083,37.0,1381.0,343.7,510.0
TH03338,,WHEEL_LOADER,WL-972XE,Material Loading,BEGINNER,1.6,TOPSOIL,1.3,2274.5,FLAT,1.6,25.1,RAINY,29.7,10.5,1669.0,2394.0,14.4,0.19,11.7,2132.0,708.6,1111.6
TH03339,,MOTOR_GRADER,MG-986XE,Road Preparation,INTERMEDIATE,7.0,ROCK_FILL,2.2,3126.8,FLAT,0.0,16.8,SUNNY,35.5,0.0,8221.0,2053.0,12.4,0.199,51.3,1429.0,219.3,279.8
TH03340,,BACKHOE_LOADER,BL-390D2,Trenching,INTERMEDIATE,3.0,SAND,1.5,195.3,UNEVEN,1.3,16.4,CLOUDY,19.4,0.0,3167.0,2180.0,4.2,0.191,60.2,1595.0,115.8,130.2
TH03341,,EXCAVATOR,EX-140GC,Demolition,BEGINNER,0.8,TOPSOIL,1.3,371.0,UNEVEN,1.1,12.8,WINDY,32.3,0.0,3767.0,2982.0,5.6,0.272,65.5,1442.0,202.6,270.1
TH03342,,MOTOR_GRADER,MG-390D2,Material Loading,BEGINNER,0.5,GRAVEL,1.8,1068.5,FLAT,3.3,39.4,RAINY,18.7,7.4,1342.0,2054.0,8.3,0.234,51.8,1338.0,583.5,851.1
TH03343,,EXCAVATOR,EX-972XE,Earth Excavation,INTERMEDIATE,5.5,ROCK_FILL,2.2,942.0,FLAT,0.0,26.5,CLOUDY,28.0,0.0,4609.0,2472.0,3.7,0.01,92.8,2086.0,276.7,265.8
TH03344,,BACKHOE_LOADER,BL-390,Trenching,INTERMEDIATE,7.7,SAND,1.5,521.2,FLAT,0.6,10.6,WINDY,20.6,0.0,7693.0,1219.0,10.5,0.01,53.2,1441.0,311.2,314.8
TH03345,,BACKHOE_LOADER,BL-220GC,Material Loading,INTERMEDIATE,7.1,CLAY,1.6,143.5,UNEVEN,0.0,23.0,FOG,26.4,0.3,258.0,1794.0,3.0,0.085,41.5,1755.0,76.6,107.0
TH03346,,EXCAVATOR,EX-320GC,Demolition,INTERMEDIATE,3.0,CLAY,1.6,240.7,MOUNTAINOUS,12.4,3.0,SUNNY,27.8,0.0,9147.0,3330.0,5.3,0.101,57.4,1458.0,100.4,102.4
TH03347,,MOTOR_GRADER,MG-160D,Demolition,INTERMEDIATE,6.3,TOPSOIL,1.3,393.5,UNEVEN,0.0,21.8,CLOUDY,26.2,0.0,5001.0,1375.0,7.7,0.165,58.8,1490.0,244.5,311.9
TH03348,,EXCAVATOR,EX-220XE,Soil Compaction,BEGINNER,1.5,GRAVEL,1.8,2755.5,ROLLING,7.2,3.0,WINDY,,0.0,4613.0,2939.0,10.9,0.254,70.4,1963.0,253.6,372.9
TH03349,,WHEEL_LOADER,WL-140XE,Material Loading,EXPERT,19.9,ROCK_FILL,2.2,496.9,UNEVEN,2.2,74.7,STORM,19.2,29.5,111.0,2740.0,8.1,0.2,76.0,1596.0,100.9,374.4
TH03350,,WHEEL_LOADER,WL-972XE,Material Stockpiling,EXPERT,14.9,SAND,1.5,1764.4,FLAT,0.0,14.1,SUNNY,33.6,0.0,5444.0,1912.0,14.4,0.092,18.9,1214.0,315.9,378.8
TH03351,,WHEEL_LOADER,WL-986,Material Loading,EXPERT,14.9,TOPSOIL,1.3,2333.0,MOUNTAINOUS,22.4,25.6,SUNNY,21.7,0.0,5159.0,374.0,11.8,0.144,35.6,1670.0,473.2,814.7
TH03352,,DOZER,DZ-349D,Road Preparation,INTERMEDIATE,6.7,SAND,1.5,3433.3,ROLLING,4.1,13.8,CLOUDY,33.7,0.0,3886.0,3165.0,10.1,0.078,64.6,1851.0,239.8,250.6
TH03353,,DOZER,DZ-950D,Road Preparation,EXPERT,14.9,TOPSOIL,1.3,5633.1,MOUNTAINOUS,12.7,3.0,WINDY,25.3,0.0,4196.0,1352.0,1.6,0.078,60.2,1578.0,352.0,335.4
TH03354,,COMPACTOR,CP-986D2,Soil Compaction,INTERMEDIATE,5.0,ASPHALT_MILLINGS,1.4,1223.6,ROLLING,7.7,15.5,CLOUDY,20.5,0.0,7828.0,2445.0,8.3,0.049,62.2,1615.0,44.3,46.2
TH03355,,MOTOR_GRADER,MG-220D2,Road Preparation,INTERMEDIATE,3.9,SAND,1.5,2417.5,UNEVEN,0.0,19.1,SUNNY,20.2,0.0,7416.0,2821.0,1.2,0.107,69.2,1893.0,173.8,177.2
TH03356,,EXCAVATOR,EX-226D2,Earth Excavation,BEGINNER,0.5,CRUSHED_STONE,1.7,1212.7,MOUNTAINOUS,16.5,7.2,CLOUDY,28.3,0.0,8277.0,2228.0,1.1,0.221,72.9,1662.0,459.6,668.4
TH03357,,EXCAVATOR,EX-336XE,Road Preparation,INTERMEDIATE,6.8,SAND,1.5,4647.0,UNEVEN,1.4,21.0,WINDY,34.2,0.0,7573.0,827.0,4.7,0.062,38.4,1671.0,593.2,549.0
TH03358,,WHEEL_LOADER,WL-336,Material Stockpiling,INTERMEDIATE,6.7,CRUSHED_STONE,1.7,1576.0,ROLLING,6.5,41.6,STORM,19.9,18.2,137.0,1239.0,7.7,0.078,59.5,1593.0,318.2,1058.5
TH03359,,MOTOR_GRADER,MG-160D,Road Preparation,INTERMEDIATE,5.8,CRUSHED_STONE,1.7,5554.4,UNEVEN,2.8,13.9,RAINY,17.8,4.0,620.0,1380.0,7.7,0.016,49.0,1856.0,388.7,595.6
TH03360,,COMPACTOR,CP-986D2,Road Preparation,EXPERT,15.9,CRUSHED_STONE,1.7,2774.7,ROLLING,0.0,9.7,SUNNY,7.3,0.0,6784.0,2403.0,8.3,0.11,20.9,1710.0,170.4,195.5
TH03361,,EXCAVATOR,EX-950D2,Earth Excavation,INTERMEDIATE,7.7,ROCK_FILL,2.2,114.7,HILLY,10.3,23.1,WINDY,25.0,0.0,,1365.0,3.2,0.01,59.1,1787.0,32.3,36.8
TH03362,,DOZER,DZ-349D,Material Stockpiling,INTERMEDIATE,2.1,ASPHALT_MILLINGS,1.4,851.8,ROLLING,11.8,10.4,CLOUDY,32.2,0.0,5234.0,2372.0,10.1,0.144,61.0,1744.0,197.6,329.9
TH03363,,ARTICULATED_HAULER,AH-140D2,Hauling,INTERMEDIATE,7.7,GRAVEL,1.8,950.2,ROLLING,3.9,27.2,STORM,20.3,8.8,367.0,3201.0,7.4,0.058,49.7,1401.0,338.8,1317.5
TH03364,,DOZER,DZ-950D,Soil Compaction,INTERMEDIATE,7.7,ASPHALT_MILLINGS,1.4,1758.8,MOUNTAINOUS,12.4,7.2,SUNNY,28.3,0.0,5941.0,3095.0,1.6,0.01,39.1,1711.0,142.2,149.8
TH03365,,WHEEL_LOADER,WL-390D2,Material Loading,INTERMEDIATE,5.5,CRUSHED_STONE,1.7,1618.0,ROLLING,10.1,4.0,WINDY,23.2,0.0,8409.0,968.0,14.3,0.21,27.4,2291.0,374.7,485.5
TH03366,,EXCAVATOR,EX-320GC,Hauling,BEGINNER,2.0,CLAY,1.6,144.9,MOUNTAINOUS,15.6,11.9,SUNNY,24.1,0.0,8863.0,2211.0,5.3,0.211,69.4,1243.0,121.8,216.2
TH03367,,BACKHOE_LOADER,BL-986GC,Trenching,BEGINNER,2.5,GRAVEL,1.8,334.5,MOUNTAINOUS,13.6,11.4,WINDY,32.1,0.0,6143.0,1723.0,7.3,0.248,71.3,1464.0,252.9,360.7
TH03368,,MOTOR_GRADER,MG-336GC,Grading,EXPERT,19.9,ROCK_FILL,2.2,3756.5,FLAT,3.8,19.3,RAINY,,6.1,1004.0,2284.0,10.0,0.113,51.0,1409.0,159.0,259.6
TH03369,,ARTICULATED_HAULER,AH-140D2,Demolition,BEGINNER,1.4,SAND,1.5,1040.2,ROLLING,2.7,5.5,CLOUDY,32.2,0.0,8830.0,3024.0,7.4,0.272,,1757.0,953.6,1091.9
TH03370,,DOZER,DZ-349D,Demolition,BEGINNER,0.8,GRAVEL,1.8,1084.3,ROLLING,8.3,8.5,FOG,18.5,0.4,87.0,2293.0,10.1,0.117,64.8,1632.0,563.5,915.5
TH03371,,COMPACTOR,CP-972D2,Road Preparation,EXPERT,20.5,ROCK_FILL,2.2,1529.5,MOUNTAINOUS,27.8,21.9,CLOUDY,19.4,0.0,6798.0,346.0,4.2,0.197,42.1,1386.0,91.3,159.2
TH03372,,COMPACTOR,CP-950,Soil Compaction,EXPERT,12.7,CRUSHED_STONE,1.7,2252.1,ROLLING,9.6,3.0,WINDY,27.3,0.0,8664.0,1187.0,3.4,0.051,51.3,1379.0,68.9,81.8
TH03373,,EXCAVATOR,EX-972XE,Material Loading,BEGINNER,1.4,SAND,1.5,783.5,FLAT,0.0,13.8,SUNNY,22.7,0.0,7826.0,484.0,3.7,0.207,64.6,1813.0,246.6,252.4
TH03374,,WHEEL_LOADER,WL-336,Material Stockpiling,BEGINNER,1.5,CRUSHED_STONE,1.7,1095.8,ROLLING,8.6,17.0,RAINY,25.7,3.3,1622.0,1108.0,7.7,0.219,54.3,1463.0,296.7,611.3
TH03375,,ARTICULATED_HAULER,AH-336,Hauling,INTERMEDIATE,3.9,CLAY,1.6,2268.6,UNEVEN,0.0,11.1,CLOUDY,20.9,0.0,7025.0,1133.0,8.5,0.08,47.6,1417.0,818.1,949.0
TH03376,,WHEEL_LOADER,WL-390D2,Material Loading,BEGINNER,1.8,ROCK_FILL,2.2,2004.1,ROLLING,4.4,6.9,SUNNY,32.2,0.0,7589.0,600.0,14.3,0.273,32.2,2400.0,617.8,748.5
TH03377,,COMPACTOR,CP-972D2,Trenching,EXPERT,14.9,SAND,1.5,90.6,MOUNTAINOUS,25.4,19.4,SUNNY,34.8,0.0,6807.0,3086.0,4.2,0.063,34.8,1757.0,90.0,134.7
TH03378,,WHEEL_LOADER,WL-140XE,Material Stockpiling,INTERMEDIATE,3.9,CLAY,1.6,263.6,UNEVEN,3.2,7.9,SUNNY,27.5,0.0,6642.0,1491.0,8.1,0.01,36.9,1578.0,57.9,72.5
TH03379,,BACKHOE_LOADER,BL-986D,Trenching,INTERMEDIATE,4.6,SAND,1.5,345.7,FLAT,2.9,28.8,WINDY,30.9,0.0,4454.0,556.0,12.0,0.25,47.6,1593.0,203.7,280.4
TH03380,,BACKHOE_LOADER,BL-390D2,Trenching,EXPERT,19.9,CRUSHED_STONE,1.7,322.5,UNEVEN,2.2,10.1,SUNNY,18.3,0.0,8403.0,3189.0,4.2,0.171,58.1,1710.0,167.4,178.7
TH03381,,EXCAVATOR,EX-950D2,Material Loading,INTERMEDIATE,3.9,ASPHALT_MILLINGS,1.4,1555.2,HILLY,13.4,17.6,CLOUDY,15.8,0.0,3783.0,1228.0,3.2,0.107,56.7,1922.0,364.2,423.1
TH03382,,BACKHOE_LOADER,BL-986D,Hauling,EXPERT,23.4,SAND,1.5,1688.1,FLAT,1.8,5.3,CLOUDY,41.2,0.0,4513.0,1660.0,12.0,0.091,57.5,1486.0,977.0,1231.5
TH03383,,DOZER,DZ-986GC,Demolition,EXPERT,18.2,ROCK_FILL,2.2,1386.5,FLAT,0.9,12.5,RAINY,19.4,2.1,565.0,539.0,12.0,0.112,89.8,1648.0,477.4,875.3
TH03384,,COMPACTOR,CP-972D2,Road Preparation,EXPERT,11.3,CLAY,1.6,5640.8,MOUNTAINOUS,26.0,23.9,RAINY,16.0,12.2,836.0,712.0,4.2,0.072,55.0,1653.0,357.7,761.7
TH03385,,DOZER,DZ-972,Grading,EXPERT,17.3,GRAVEL,1.8,467.2,UNEVEN,2.5,25.5,RAINY,17.8,7.2,878.0,2060.0,2.3,0.161,69.6,1465.0,31.1,48.2
TH03386,,WHEEL_LOADER,WL-336,Material Loading,BEGINNER,0.5,SAND,1.5,529.8,ROLLING,9.8,17.1,CLOUDY,14.7,0.0,4739.0,2238.0,7.7,0.323,38.3,1498.0,165.3,226.5
TH03387,,WHEEL_LOADER,WL-390D2,Demolition,INTERMEDIATE,4.6,CRUSHED_STONE,1.7,721.8,ROLLING,6.9,3.1,CLOUDY,21.9,0.0,7439.0,2825.0,14.3,0.127,65.8,1740.0,561.6,574.6
TH03388,,BACKHOE_LOADER,BL-220GC,Trenching,BEGINNER,1.0,CRUSHED_STONE,1.7,373.1,UNEVEN,1.0,22.0,RAINY,24.1,4.3,469.0,1103.0,3.0,0.191,31.9,1210.0,297.1,471.7
TH03389,,WHEEL_LOADER,WL-336,Material Loading,EXPERT,12.7,CLAY,1.6,1302.2,ROLLING,9.7,22.5,RAINY,32.5,2.7,620.0,1666.0,7.7,0.095,78.0,1143.0,259.3,446.0
TH03390,,ARTICULATED_HAULER,AH-336,Hauling,INTERMEDIATE,6.8,CLAY,1.6,1528.6,UNEVEN,0.0,12.1,SUNNY,33.4,0.0,7965.0,1560.0,8.5,0.093,40.5,2400.0,519.3,517.3
TH03391,,BACKHOE_LOADER,BL-390,Trenching,EXPERT,7.3,TOPSOIL,1.3,173.8,FLAT,7.2,18.4,WINDY,12.1,0.0,3606.0,356.0,10.5,0.01,64.0,2053.0,85.7,100.5
TH03392,,EXCAVATOR,EX-320GC,Material Loading,EXPERT,22.8,SAND,1.5,1548.5,MOUNTAINOUS,15.2,16.1,WINDY,37.6,0.0,6783.0,3479.0,5.3,0.14,73.7,1403.0,307.1,469.1
TH03393,,DOZER,DZ-950D,Grading,EXPERT,11.3,ASPHALT_MILLINGS,1.4,4877.9,MOUNTAINOUS,14.6,4.2,WINDY,28.8,0.0,5554.0,915.0,1.6,0.138,48.5,1824.0,350.5,375.4
TH03394,,COMPACTOR,CP-972D2,Soil Compaction,BEGINNER,1.8,ROCK_FILL,2.2,3407.9,MOUNTAINOUS,25.3,19.3,SUNNY,19.0,0.0,6441.0,502.0,4.2,0.215,65.6,2078.0,154.2,265.9
TH03395,,WHEEL_LOADER,WL-390,Material Stockpiling,INTERMEDIATE,7.0,SAND,1.5,1389.9,UNEVEN,0.0,30.1,STORM,11.0,8.3,248.0,3340.0,9.6,0.229,45.9,1608.0,301.4,1265.7
TH03396,,BACKHOE_LOADER,BL-986D,Material Loading,INTERMEDIATE,4.4,CLAY,1.6,1097.4,FLAT,1.0,23.9,RAINY,32.0,4.6,1817.0,2241.0,12.0,0.26,70.7,1366.0,540.2,900.1
TH03397,,WHEEL_LOADER,WL-986,Soil Compaction,EXPERT,7.3,ROCK_FILL,2.2,2653.8,MOUNTAINOUS,21.7,11.7,RAINY,23.4,1.2,859.0,819.0,11.8,0.01,56.1,2400.0,131.8,283.7
TH03398,,ARTICULATED_HAULER,AH-336,Demolition,BEGINNER,1.6,SAND,1.5,726.4,UNEVEN,0.0,17.7,SUNNY,17.2,0.0,7048.0,247.0,8.5,0.275,58.2,1525.0,671.6,815.6
TH03399,,EXCAVATOR,EX-950D2,Grading,INTERMEDIATE,3.6,ROCK_FILL,2.2,441.5,HILLY,14.9,3.8,SUNNY,18.4,0.0,6372.0,2211.0,3.2,0.147,32.0,1838.0,42.9,54.5
TH03400,,EXCAVATOR,EX-226D2,Earth Excavation,BEGINNER,1.8,SAND,1.5,452.5,MOUNTAINOUS,18.1,10.3,CLOUDY,18.6,0.0,3210.0,614.0,1.1,0.167,64.2,1660.0,172.0,227.3
TH03401,,MOTOR_GRADER,MG-986XE,Road Preparation,BEGINNER,2.5,SAND,1.5,2275.9,FLAT,0.7,4.6,WINDY,16.3,0.0,8566.0,3081.0,12.4,0.247,17.5,1872.0,205.3,275.8
TH03402,,ARTICULATED_HAULER,AH-140D2,Hauling,EXPERT,17.3,ASPHALT_MILLINGS,1.4,1765.9,ROLLING,2.1,13.0,SUNNY,28.0,0.0,8074.0,1348.0,7.4,0.148,27.3,1672.0,520.1,594.1
TH03403,,BACKHOE_LOADER,BL-986GC,Trenching,EXPERT,7.3,GRAVEL,1.8,473.5,ROLLING,9.2,17.3,CLOUDY,25.0,0.0,7832.0,1958.0,10.6,0.025,,2007.0,237.9,283.1
TH03404,,EXCAVATOR,EX-226XE,Demolition,BEGINNER,1.4,CLAY,1.6,732.3,FLAT,0.0,9.7,CLOUDY,21.3,0.0,4353.0,996.0,13.8,0.135,61.5,2040.0,383.2,435.6
TH03405,,WHEEL_LOADER,WL-336,Material Loading,INTERMEDIATE,2.6,TOPSOIL,1.3,1245.3,ROLLING,9.9,10.8,CLOUDY,28.4,0.0,7642.0,3449.0,7.7,0.215,42.4,1889.0,317.6,373.2
TH03406,,BACKHOE_LOADER,BL-220GC,Road Preparation,INTERMEDIATE,4.4,CLAY,1.6,984.6,UNEVEN,0.0,16.0,SUNNY,26.8,0.0,8016.0,1818.0,3.0,0.233,61.6,1662.0,109.4,115.5
TH03407,,BACKHOE_LOADER,BL-986GC,Trenching,INTERMEDIATE,6.8,ASPHALT_MILLINGS,1.4,568.4,ROLLING,13.4,38.7,STORM,9.4,21.0,158.0,2869.0,10.6,0.02,39.7,2234.0,329.3,820.3
TH03408,,EXCAVATOR,EX-390D2,Material Loading,INTERMEDIATE,5.5,CLAY,1.6,2168.4,FLAT,2.1,21.4,RAINY,26.0,4.6,1606.0,1088.0,14.3,0.112,46.3,1863.0,527.2,814.2
TH03409,,COMPACTOR,CP-972D2,Grading,BEGINNER,2.3,ASPHALT_MILLINGS,1.4,1425.9,MOUNTAINOUS,23.8,17.0,FOG,,1.0,278.0,2615.0,4.2,0.131,37.0,1150.0,163.7,308.6
TH03410,,DOZER,DZ-349D,Material Stockpiling,EXPERT,17.3,CLAY,1.6,1461.4,ROLLING,7.9,18.8,SUNNY,27.0,0.0,5915.0,853.0,10.1,0.192,47.9,1741.0,266.9,394.0
TH03411,,DOZER,DZ-986GC,Demolition,INTERMEDIATE,6.4,CRUSHED_STONE,1.7,942.4,FLAT,3.5,22.4,CLOUDY,19.4,0.0,,2480.0,12.0,0.048,86.4,1357.0,374.3,445.3
TH03412,,EXCAVATOR,EX-390D2,Demolition,EXPERT,18.2,CRUSHED_STONE,1.7,502.2,FLAT,0.0,32.3,RAINY,32.6,8.2,1945.0,3379.0,14.3,0.191,44.6,1670.0,177.9,234.7
TH03413,,BACKHOE_LOADER,BL-986GC,Earth Excavation,BEGINNER,1.6,SAND,1.5,1232.0,ROLLING,9.5,18.6,CLOUDY,12.0,0.0,5252.0,1144.0,10.6,0.216,54.9,1741.0,875.2,1291.6
TH03414,,ARTICULATED_HAULER,AH-226D,Hauling,INTERMEDIATE,6.4,CLAY,1.6,1743.5,ROLLING,11.9,35.8,STORM,17.2,17.0,328.0,3274.0,2.4,0.19,63.2,1503.0,618.0,2175.7
TH03415,,DOZER,DZ-349D,Road Preparation,EXPERT,23.4,GRAVEL,1.8,1724.6,ROLLING,6.6,13.0,SUNNY,17.6,0.0,7403.0,2170.0,10.1,0.084,9.7,1530.0,106.3,129.6
TH03416,,COMPACTOR,CP-972D2,Road Preparation,INTERMEDIATE,2.7,ROCK_FILL,2.2,2981.9,MOUNTAINOUS,23.8,3.0,SUNNY,28.2,0.0,5204.0,2482.0,4.2,0.13,58.9,1831.0,222.0,343.0
TH03417,,MOTOR_GRADER,MG-986XE,Road Preparation,EXPERT,11.3,ROCK_FILL,2.2,1426.3,FLAT,0.0,34.4,RAINY,10.9,10.6,1567.0,1280.0,12.4,0.057,36.0,2008.0,91.3,138.1
TH03418,,WHEEL_LOADER,WL-140XE,Material Stockpiling,BEGINNER,1.0,SAND,1.5,2349.6,UNEVEN,1.9,42.4,RAINY,23.2,10.0,825.0,3350.0,8.1,0.171,30.2,1300.0,655.8,1689.2
TH03419,,DOZER,DZ-986GC,Road Preparation,BEGINNER,1.4,GRAVEL,1.8,4822.4,FLAT,2.0,9.3,SUNNY,36.2,0.0,9202.0,2454.0,12.0,0.265,74.9,1689.0,446.0,629.2
TH03420,,DOZER,DZ-986GC,Demolition,INTERMEDIATE,6.4,SAND,1.5,171.2,FLAT,7.3,74.4,STORM,28.9,33.2,294.0,778.0,12.0,0.193,70.3,1815.0,69.2,238.7
TH03421,,WHEEL_LOADER,WL-336,Soil Compaction,INTERMEDIATE,5.8,CLAY,1.6,4605.9,ROLLING,2.3,3.3,CLOUDY,20.9,0.0,7888.0,2641.0,7.7,0.107,32.2,1730.0,278.4,283.7
TH03422,,MOTOR_GRADER,MG-160D,Material Stockpiling,INTERMEDIATE,7.0,TOPSOIL,1.3,2140.8,UNEVEN,0.0,33.7,RAINY,25.6,7.2,1205.0,1581.0,7.7,0.186,37.5,1411.0,1022.7,1719.9
TH03423,,EXCAVATOR,EX-336XE,Demolition,INTERMEDIATE,3.9,SAND,1.5,1362.7,UNEVEN,6.9,9.7,SUNNY,12.2,0.0,6495.0,815.0,4.7,0.133,52.3,1430.0,556.0,569.5
TH03424,,MOTOR_GRADER,MG-986XE,Grading,INTERMEDIATE,6.8,SAND,1.5,3724.6,FLAT,0.0,23.1,RAINY,27.9,11.5,355.0,3432.0,12.4,0.108,42.1,1874.0,170.1,302.1
TH03425,,EXCAVATOR,EX-972XE,Demolition,INTERMEDIATE,7.0,ROCK_FILL,2.2,781.6,FLAT,0.0,17.5,WINDY,21.5,0.0,8674.0,2732.0,3.7,0.174,59.1,1503.0,299.9,348.7
TH03426,,COMPACTOR,CP-972D2,Road Preparation,INTERMEDIATE,5.5,TOPSOIL,1.3,5574.5,MOUNTAINOUS,27.3,8.5,SUNNY,21.9,0.0,7897.0,3397.0,4.2,0.063,41.6,1823.0,394.4,588.5
TH03427,,BACKHOE_LOADER,BL-986GC,Trenching,BEGINNER,1.8,ASPHALT_MILLINGS,1.4,465.0,ROLLING,8.7,3.0,SUNNY,21.2,0.0,9685.0,1234.0,10.6,0.378,46.9,1795.0,341.1,453.6
TH03428,,BACKHOE_LOADER,BL-390,Trenching,BEGINNER,1.8,CLAY,1.6,214.6,FLAT,7.5,19.9,FOG,22.6,0.6,119.0,799.0,10.5,0.312,,1720.0,162.8,345.4
TH03429,,MOTOR_GRADER,MG-390D2,Grading,INTERMEDIATE,5.8,GRAVEL,1.8,5521.0,FLAT,2.2,3.5,SUNNY,5.8,0.0,6915.0,3364.0,8.3,0.019,50.8,2145.0,270.3,264.4
TH03430,,EXCAVATOR,EX-226D2,Demolition,EXPERT,23.6,ROCK_FILL,2.2,485.3,MOUNTAINOUS,22.2,3.0,FOG,24.8,0.2,220.0,842.0,1.1,0.134,56.7,1558.0,171.4,343.0
TH03431,,DOZER,DZ-986GC,Material Stockpiling,BEGINNER,1.6,ROCK_FILL,2.2,338.4,FLAT,0.0,7.3,CLOUDY,28.1,0.0,4027.0,2386.0,12.0,0.267,45.4,1299.0,92.6,176.9
TH03432,,COMPACTOR,CP-972D2,Road Preparation,BEGINNER,2.3,ROCK_FILL,2.2,5485.3,MOUNTAINOUS,27.7,3.0,SUNNY,10.9,0.0,9024.0,3282.0,4.2,0.094,52.8,1767.0,484.3,794.8
TH03433,,BACKHOE_LOADER,BL-220GC,Trenching,INTERMEDIATE,4.6,GRAVEL,1.8,447.8,UNEVEN,0.0,38.2,RAINY,30.8,10.5,,2199.0,3.0,0.196,62.0,1317.0,270.9,385.5
TH03434,,EXCAVATOR,EX-336XE,Material Loading,BEGINNER,0.5,TOPSOIL,1.3,241.5,UNEVEN,5.3,3.0,FOG,2.4,0.8,65.0,2963.0,4.7,0.23,80.9,1473.0,78.3,149.1
TH03435,,DOZER,DZ-349D,Material Stockpiling,INTERMEDIATE,7.7,GRAVEL,1.8,729.5,ROLLING,6.6,21.7,SUNNY,32.6,0.0,9859.0,2578.0,10.1,0.01,58.1,1530.0,153.5,215.3
TH03436,,COMPACTOR,CP-972D2,Road Preparation,INTERMEDIATE,6.3,GRAVEL,1.8,1561.5,MOUNTAINOUS,26.2,9.5,SUNNY,33.8,0.0,8495.0,702.0,4.2,0.244,52.0,1565.0,108.0,159.1
TH03437,,EXCAVATOR,EX-140GC,Demolition,EXPERT,22.8,SAND,1.5,1284.6,UNEVEN,4.6,7.7,SUNNY,23.4,0.0,5977.0,2824.0,5.6,0.075,76.5,1644.0,425.5,445.4
TH03438,,EXCAVATOR,EX-972XE,Demolition,BEGINNER,2.3,TOPSOIL,1.3,515.9,FLAT,0.0,3.0,CLOUDY,16.5,0.0,8701.0,646.0,3.7,0.228,59.9,1789.0,254.9,284.5
TH03439,,ARTICULATED_HAULER,AH-120D2,Hauling,EXPERT,12.7,GRAVEL,1.8,401.5,UNEVEN,1.4,17.5,CLOUDY,23.4,0.0,,1845.0,2.8,0.01,57.6,1323.0,122.6,129.2
TH03440,,DOZER,DZ-160GC,Road Preparation,BEGINNER,0.8,CRUSHED_STONE,1.7,407.5,MOUNTAINOUS,18.5,18.7,RAINY,27.7,3.8,1672.0,2940.0,14.4,0.236,31.1,1640.0,39.2,86.5
TH03441,,WHEEL_LOADER,WL-390D2,Hauling,EXPERT,11.3,CRUSHED_STONE,1.7,1016.8,ROLLING,3.8,18.6,RAINY,23.8,11.9,1060.0,3286.0,14.3,0.142,54.4,1741.0,627.1,1397.4
TH03442,,BACKHOE_LOADER,BL-986D,Trenching,BEGINNER,1.8,GRAVEL,1.8,110.6,FLAT,2.3,4.1,CLOUDY,24.8,0.0,3039.0,1823.0,12.0,0.276,71.7,2390.0,81.8,102.9
TH03443,,WHEEL_LOADER,WL-390,Material Stockpiling,INTERMEDIATE,3.6,ROCK_FILL,2.2,2242.7,UNEVEN,2.8,4.4,CLOUDY,28.0,0.0,4097.0,1789.0,9.6,0.146,37.6,1769.0,497.9,618.5
TH03444,,EXCAVATOR,EX-320GC,Demolition,INTERMEDIATE,5.1,SAND,1.5,1297.7,MOUNTAINOUS,9.2,42.7,STORM,34.1,12.9,120.0,1301.0,5.3,0.057,83.8,2135.0,511.1,1444.3
TH03445,,BACKHOE_LOADER,BL-986GC,Trenching,EXPERT,12.7,SAND,1.5,124.5,ROLLING,11.6,29.9,SUNNY,21.4,0.0,9415.0,1084.0,10.6,0.049,29.2,1294.0,63.4,76.3
TH03446,,BACKHOE_LOADER,BL-390,Trenching,BEGINNER,2.3,SAND,1.5,256.0,FLAT,6.5,3.0,SUNNY,,0.0,7837.0,465.0,10.5,0.217,42.4,1556.0,192.7,235.0
TH03447,,EXCAVATOR,EX-226D2,Material Loading,INTERMEDIATE,5.5,GRAVEL,1.8,709.1,MOUNTAINOUS,18.3,4.6,SUNNY,38.0,0.0,5562.0,500.0,1.1,0.059,63.4,1648.0,162.4,200.0
TH03448,,ARTICULATED_HAULER,AH-226D,Hauling,EXPERT,22.8,ROCK_FILL,2.2,416.8,ROLLING,9.6,11.0,CLOUDY,23.7,0.0,4362.0,2612.0,2.4,0.115,54.3,1045.0,121.0,208.7
TH03449,,MOTOR_GRADER,MG-160D,Road Preparation,BEGINNER,2.3,ROCK_FILL,2.2,4216.5,UNEVEN,0.0,28.6,CLOUDY,25.4,0.0,5570.0,1702.0,7.7,0.296,62.2,1863.0,385.0,452.3
TH03450,,ARTICULATED_HAULER,AH-336,Trenching,EXPERT,19.9,SAND,1.5,127.2,UNEVEN,3.7,20.9,RAINY,27.3,7.7,1640.0,2885.0,8.5,0.154,34.4,2016.0,124.6,178.1
TH03451,,EXCAVATOR,EX-320GC,Demolition,INTERMEDIATE,6.8,ROCK_FILL,2.2,436.4,MOUNTAINOUS,13.6,6.6,WINDY,18.4,0.0,7240.0,1381.0,5.3,0.106,72.7,1949.0,167.0,228.3
TH03452,,BACKHOE_LOADER,BL-986GC,Trenching,INTERMEDIATE,5.8,CLAY,1.6,76.1,ROLLING,14.4,73.9,STORM,15.0,27.6,317.0,1595.0,10.6,0.052,48.1,1686.0,44.6,146.4
TH03453,,ARTICULATED_HAULER,AH-226D,Hauling,INTERMEDIATE,6.4,CLAY,1.6,1413.5,ROLLING,6.4,18.2,CLOUDY,19.8,0.0,4617.0,2934.0,2.4,0.213,23.8,1495.0,502.8,729.6
TH03454,,ARTICULATED_HAULER,AH-336,Hauling,BEGINNER,1.5,CLAY,1.6,1054.8,UNEVEN,0.0,13.4,CLOUDY,21.2,0.0,8748.0,3058.0,8.5,0.194,83.2,1279.0,466.4,867.6
TH03455,,EXCAVATOR,EX-972XE,Trenching,EXPERT,20.5,CLAY,1.6,46.4,FLAT,5.5,12.8,RAINY,18.5,2.8,1929.0,89.0,3.7,0.185,69.5,1431.0,22.5,33.9
TH03456,,DOZER,DZ-950D,Material Stockpiling,INTERMEDIATE,7.6,SAND,1.5,525.0,MOUNTAINOUS,12.7,24.9,SUNNY,25.9,0.0,5808.0,2352.0,1.6,0.142,58.7,1393.0,112.8,171.9
TH03457,,WHEEL_LOADER,WL-390D2,Material Stockpiling,BEGINNER,1.8,GRAVEL,1.8,2493.3,ROLLING,5.8,18.4,SUNNY,13.6,0.0,7449.0,2626.0,14.3,0.174,45.0,2326.0,661.9,1247.0
TH03458,,ARTICULATED_HAULER,AH-120D2,Hauling,INTERMEDIATE,7.1,SAND,1.5,2431.0,UNEVEN,5.2,15.2,CLOUDY,27.0,0.0,3551.0,990.0,2.8,0.191,73.9,1629.0,860.0,1019.6
TH03459,,BACKHOE_LOADER,BL-986D,Trenching,INTERMEDIATE,6.4,CLAY,1.6,59.3,FLAT,0.8,11.3,SUNNY,30.9,0.0,9355.0,2785.0,12.0,0.159,,1224.0,35.5,36.5
TH03460,,ARTICULATED_HAULER,AH-336,Hauling,INTERMEDIATE,3.0,SAND,1.5,432.7,UNEVEN,3.6,22.8,SUNNY,19.4,0.0,5324.0,98.0,8.5,0.171,64.4,1463.0,160.9,185.9
TH03461,,WHEEL_LOADER,WL-972XE,Material Stockpiling,INTERMEDIATE,3.9,GRAVEL,1.8,2366.1,FLAT,0.9,21.7,RAINY,31.4,4.2,873.0,2160.0,14.4,0.165,57.4,1391.0,518.5,1367.2
TH03462,,ARTICULATED_HAULER,AH-226D,Material Loading,INTERMEDIATE,2.1,SAND,1.5,1112.2,ROLLING,8.6,8.6,CLOUDY,19.2,0.0,6369.0,2258.0,2.4,0.148,45.5,1597.0,635.9,743.8
TH03463,,WHEEL_LOADER,WL-336,Trenching,BEGINNER,2.3,CLAY,1.6,343.3,ROLLING,3.4,3.2,SUNNY,14.1,0.0,7245.0,3325.0,7.7,0.333,79.7,1631.0,478.5,593.7
TH03464,,EXCAVATOR,EX-972XE,Demolition,BEGINNER,2.0,ASPHALT_MILLINGS,1.4,83.9,FLAT,1.4,12.8,SUNNY,25.7,0.0,6461.0,758.0,3.7,0.236,54.4,1502.0,43.9,46.9
TH03465,,COMPACTOR,CP-986D2,Soil Compaction,BEGINNER,2.3,CRUSHED_STONE,1.7,984.7,ROLLING,2.9,11.0,WINDY,25.3,0.0,6331.0,2348.0,8.3,0.149,57.5,1526.0,44.8,48.3
TH03466,,BACKHOE_LOADER,BL-390,Material Loading,EXPERT,23.4,ASPHALT_MILLINGS,1.4,2171.4,FLAT,1.3,4.1,SUNNY,9.0,0.0,8572.0,1463.0,10.5,0.064,80.9,1421.0,852.3,833.4
TH03467,,ARTICULATED_HAULER,AH-336,Hauling,BEGINNER,2.0,TOPSOIL,1.3,2097.6,UNEVEN,1.0,22.1,CLOUDY,29.1,0.0,3533.0,2515.0,8.5,0.246,49.1,1542.0,918.9,1539.2
TH03468,,MOTOR_GRADER,MG-220D2,Road Preparation,BEGINNER,1.6,ASPHALT_MILLINGS,1.4,2029.5,UNEVEN,0.0,79.1,STORM,33.1,24.7,76.0,1421.0,1.2,0.293,61.4,2026.0,197.8,844.1
TH03469,,WHEEL_LOADER,WL-986,Material Loading,EXPERT,19.9,ROCK_FILL,2.2,1177.0,MOUNTAINOUS,19.7,18.9,CLOUDY,22.6,0.0,5718.0,3429.0,11.8,0.15,48.8,1640.0,236.4,368.4
TH03470,,BACKHOE_LOADER,BL-986GC,Trenching,BEGINNER,2.0,CLAY,1.6,88.7,ROLLING,12.2,9.9,SUNNY,22.9,0.0,9314.0,2456.0,10.6,0.162,52.3,1831.0,66.7,82.1
TH03471,,BACKHOE_LOADER,BL-390,Trenching,EXPERT,12.7,CRUSHED_STONE,1.7,77.1,FLAT,2.8,26.1,WINDY,30.7,0.0,7360.0,2370.0,10.5,0.01,35.9,1652.0,39.5,45.5
TH03472,,EXCAVATOR,EX-226D2,Grading,INTERMEDIATE,5.5,TOPSOIL,1.3,3991.1,MOUNTAINOUS,20.2,3.0,SUNNY,31.4,0.0,9720.0,2362.0,1.1,0.134,48.3,2117.0,355.0,392.9
TH03473,,MOTOR_GRADER,MG-986D2,Earth Excavation,INTERMEDIATE,7.6,SAND,1.5,963.3,HILLY,13.2,3.0,SUNNY,30.6,0.0,6036.0,978.0,11.1,0.153,75.3,2293.0,459.5,609.4
TH03474,,EXCAVATOR,EX-336XE,Material Loading,INTERMEDIATE,4.6,CLAY,1.6,156.8,UNEVEN,5.1,11.8,CLOUDY,20.8,0.0,6124.0,814.0,4.7,0.115,,1645.0,36.3,41.7
TH03475,,BACKHOE_LOADER,BL-390,Trenching,INTERMEDIATE,7.7,GRAVEL,1.8,361.8,FLAT,3.6,17.6,SUNNY,27.6,0.0,6381.0,1474.0,10.5,0.01,55.1,1491.0,208.4,234.1
TH03476,,MOTOR_GRADER,MG-220D2,Road Preparation,BEGINNER,2.3,ROCK_FILL,2.2,3894.9,UNEVEN,0.0,10.5,CLOUDY,21.3,0.0,6727.0,218.0,1.2,0.154,31.0,1435.0,363.0,389.4
TH03477,,EXCAVATOR,EX-226D2,Grading,INTERMEDIATE,4.4,GRAVEL,1.8,2215.2,MOUNTAINOUS,15.9,22.9,SUNNY,12.8,0.0,8133.0,1036.0,1.1,0.192,49.3,1730.0,186.4,237.1
TH03478,,EXCAVATOR,EX-950D2,Material Loading,BEGINNER,0.5,CRUSHED_STONE,1.7,2324.8,HILLY,8.1,3.0,WINDY,23.5,0.0,6972.0,2408.0,3.2,0.273,53.6,1556.0,717.2,884.6
TH03479,,WHEEL_LOADER,WL-390,Material Stockpiling,BEGINNER,0.5,CLAY,1.6,1283.1,UNEVEN,1.2,3.0,SUNNY,30.0,0.0,6801.0,1595.0,9.6,0.141,76.7,1134.0,363.4,495.5
TH03480,,BACKHOE_LOADER,BL-986GC,Trenching,BEGINNER,0.6,TOPSOIL,1.3,54.7,MOUNTAINOUS,8.0,9.5,SUNNY,24.8,0.0,,382.0,7.3,0.185,67.9,1540.0,43.8,53.8
TH03481,,EXCAVATOR,EX-226XE,Earth Excavation,INTERMEDIATE,3.9,CRUSHED_STONE,1.7,936.4,FLAT,0.0,25.9,SUNNY,21.8,0.0,8602.0,1228.0,13.8,0.185,71.1,1325.0,272.8,344.8
TH03482,,COMPACTOR,CP-986D2,Soil Compaction,INTERMEDIATE,5.5,ASPHALT_MILLINGS,1.4,3509.6,ROLLING,11.5,15.1,CLOUDY,16.2,0.0,4975.0,3123.0,8.3,0.029,72.9,1492.0,127.5,130.4
TH03483,,MOTOR_GRADER,MG-336GC,Demolition,BEGINNER,2.5,TOPSOIL,1.3,312.1,FLAT,1.5,18.0,CLOUDY,28.5,0.0,4936.0,511.0,10.0,0.219,80.8,1547.0,297.7,340.4
TH03484,,EXCAVATOR,EX-220XE,Hauling,INTERMEDIATE,7.0,GRAVEL,1.8,1868.7,ROLLING,5.5,7.9,SUNNY,31.7,0.0,6257.0,1555.0,10.9,0.156,60.8,1320.0,1195.8,1652.4
TH03485,,BACKHOE_LOADER,BL-390,Trenching,BEGINNER,2.3,ASPHALT_MILLINGS,1.4,337.0,FLAT,1.2,62.8,STORM,10.5,23.1,57.0,3424.0,10.5,0.218,57.7,1684.0,245.6,753.1
TH03486,,COMPACTOR,CP-972D2,Material Stockpiling,EXPERT,23.4,SAND,1.5,744.7,MOUNTAINOUS,27.8,57.0,STORM,24.9,14.0,184.0,2629.0,4.2,0.115,55.0,1756.0,262.0,1566.3
TH03487,,EXCAVATOR,EX-140GC,Trenching,INTERMEDIATE,5.5,SAND,1.5,531.5,UNEVEN,0.0,19.5,CLOUDY,26.8,0.0,3035.0,807.0,5.6,0.01,28.8,1623.0,299.9,283.9
TH03488,,BACKHOE_LOADER,BL-986D,Trenching,BEGINNER,2.0,SAND,1.5,319.4,FLAT,1.0,28.5,RAINY,28.3,3.3,450.0,255.0,12.0,0.19,,1483.0,229.9,381.9
TH03489,,WHEEL_LOADER,WL-336,Material Stockpiling,INTERMEDIATE,7.7,ASPHALT_MILLINGS,1.4,337.6,ROLLING,6.6,12.7,CLOUDY,13.7,0.0,5315.0,935.0,7.7,0.028,31.7,1347.0,70.7,76.4
TH03490,,DOZER,DZ-986D2,Material Stockpiling,BEGINNER,2.3,CRUSHED_STONE,1.7,2257.8,FLAT,4.7,5.3,SUNNY,34.1,0.0,9820.0,1862.0,13.6,0.287,22.2,1583.0,613.0,1119.4
TH03491,,EXCAVATOR,EX-226XE,Trenching,INTERMEDIATE,3.9,CLAY,1.6,535.9,FLAT,3.9,5.5,CLOUDY,23.0,0.0,5918.0,2973.0,13.8,0.128,56.7,1337.0,307.5,326.8
TH03492,,DOZER,DZ-986GC,Demolition,INTERMEDIATE,6.7,SAND,1.5,1302.1,FLAT,1.0,17.7,CLOUDY,19.0,0.0,4876.0,3220.0,12.0,0.068,59.8,1654.0,525.3,435.8
TH03493,,DOZER,DZ-950D,Demolition,BEGINNER,1.0,GRAVEL,1.8,1191.1,MOUNTAINOUS,9.5,9.4,SUNNY,16.2,0.0,8693.0,1024.0,1.6,0.209,65.3,1563.0,630.7,641.2
TH03494,,DOZER,DZ-972,Demolition,INTERMEDIATE,2.7,ROCK_FILL,2.2,358.1,UNEVEN,2.5,4.5,FOG,12.4,0.9,218.0,494.0,2.3,0.098,44.3,1788.0,145.0,219.1
TH03495,,WHEEL_LOADER,WL-390,Material Stockpiling,EXPERT,14.9,CRUSHED_STONE,1.7,1872.8,UNEVEN,0.0,38.2,RAINY,24.7,12.5,473.0,1708.0,9.6,0.088,82.3,1464.0,330.6,646.7
TH03496,,MOTOR_GRADER,MG-220D2,Material Stockpiling,INTERMEDIATE,3.9,SAND,1.5,1672.5,UNEVEN,2.2,7.8,CLOUDY,36.8,0.0,6036.0,2114.0,1.2,0.229,35.2,1629.0,651.4,968.3
TH03497,,MOTOR_GRADER,MG-986D2,Road Preparation,INTERMEDIATE,7.1,TOPSOIL,1.3,3483.7,HILLY,11.3,3.1,SUNNY,32.2,0.0,7300.0,1025.0,11.1,0.186,44.9,1411.0,255.1,345.4
TH03498,,BACKHOE_LOADER,BL-390,Trenching,INTERMEDIATE,7.1,CLAY,1.6,207.1,FLAT,6.6,4.9,WINDY,22.1,0.0,7415.0,3322.0,10.5,0.172,35.8,1723.0,119.3,157.5
TH03499,,EXCAVATOR,EX-972,Material Loading,EXPERT,7.3,CRUSHED_STONE,1.7,2272.2,UNEVEN,2.1,19.7,RAINY,18.8,8.8,471.0,1694.0,7.8,0.059,37.4,2073.0,455.4,723.9
TH03500,,EXCAVATOR,EX-320GC,Trenching,INTERMEDIATE,7.1,TOPSOIL,1.3,66.0,MOUNTAINOUS,12.5,21.6,SUNNY,19.2,0.0,8473.0,186.0,5.3,0.215,46.8,1518.0,38.4,46.6
